รหัสสินค้า,ชื่อสินค้า, ราคา 
15989,3M Carbon Mask หน้ากากอนามัย 3 มิติ กรอง 4ชั้น 1X2ชิ้น, 11.00 
15991,3M Daily Kids Mask หน้ากากอนามัย 3 มิติ กรอง 3ชั้น 1X4ชิ้น, 11.50 
15990,3M Daily Mask หน้ากากอนามัย 3 มิติ กรอง 3ชั้น 1X3ชิ้น, 15.50 
15215,3M DISPOSABLE EARPLUGS 1คู่, 14.25 
16377,3M Fine Slide ไหมขัดฟันมีด้ามจับ30ชิ้น, 20.00 
16447,3M Mask หน้ากากอนามัยทางการแพทย์ 50 ชิ้น / กล่อง, 78.00 
12427,7-DAY PILL REMINDER M ตลับใส่ยา, 83.00 
14676,A.C.V 5X5'S ขายยกกล่อง, 96.00 
16720,A.C.V. CREAM 10x1GM. great, 52.00 
16602,A.C.V. CREAM 3 GM. great, 23.00 
14250,AB PRE&PRO 10 SACHETS, 234.00 
16314,ACC SANDOZ 200 MG acetylcysteine20 ef tab, 148.50 
16348,ACC SANDOZ 600 MG acetylcysteine10 ef tab, 134.00 
16319,ACCUCHECK STRIPT GUIDE 25 ชิ้น, 450.00 
16320,ACCUCHECK STRIPT INSTANT 25 ชิ้น, 440.00 
16322,ACCUCHECK เข็ม fast clix 24 ชิ้น, 87.00 
16321,ACCUCHECK เข็ม soft clix 25 ชิ้น, 85.00 
16037,ACCUCHECK เครื่องวัดน้ำตาลรุ่น GUIDE," 2,210.00 "
16318,ACCUCHECK เครื่องวัดน้ำตาลรุ่น INSTANT," 1,360.00 "
15804,ACCUFAST covid influenza A/B & RSV ATK 4 in1 *ขายขาดไม่รับคื, 50.00 
15638,ACCUFAST influenza A/B & RSV ATK ไข้หวัดใหญ่ 3in1 *ขายขาดไม่, 45.00 
10017,ACCUPRIL 20 MG. 1x98T pfizer," 1,600.00 "
10016,ACCUPRIL 5 MG. 1x98T, 890.00 
14387,ACETIN 200 MG. 50 ซอง 5 GM., 155.00 
10020,ACNE-AID LIQUID 100 ML GENTLE สีฟ้า, 142.00 
10102,ACNE-AID LIQUID 100 ML. สีแดง, 141.50 
14153,ACNE-AID LIQUID 100 ML.แพคคู่ สีแดง, 246.00 
14353,ACNE-AID LIQUID 500 ML. สีแดง, 438.00 
14354,ACNE-AID LIQUID 500 ML. สีฟ้า, 438.00 
14374,ACNE-AID ANTI ACNE SPOT GEL 10 GMสีแดง, 113.00 
14484,ACNE-AID FOAMING FACE WASH 100 ML., 141.00 
14483,ACNE-AID GEL CLEANSER GENTLE 100 ML., 130.00 
14852,ACNE-AID MICELLAR WATER 235 ML, 181.00 
14853,ACNE-AID MOISTURISER LOTION 30 ML., 242.00 
14375,"ACNE-AID SCAR CARE GEL 10 GM, สีน้ำเงิน", 178.00 
12741,ACNETIN-A 0.025% 10 G. (เขียว), 38.50 
12740,ACNETIN-A 0.05% 10 G. (น้ำเงิน), 41.00 
14855,ACTAVIA NASOL SPRAY 10 ML, 71.00 
15130,ACTEWOUND silicon sheet 2.5x100 cm 1 ม้วน แผลผ่าคลอด SOS, 346.00 
10919,ACTEWOUND CLEAR silicon sheet 7x15 cm 1 ชิ้น แผลผ่าคลอด SOS, 280.00 
16475,ACTEWOUND silicon sheet 4x6 cm 2 ชิ้น แผลผ่าตัด SOS, 138.00 
16001,ACTEWOUND silicon sheet 7x15 cm 1 ชิ้น SOS, 280.00 
14173,ACZEE GEL 2.5% 20 GM. (Benzyl peroxide gel ), 50.00 
14174,ACZEE GEL 50 5% 20 GM. (Benzyl peroxide gel ), 55.00 
10054,ADALAT CR 60, 860.00 
14147,ADVANCED DRAGON'S BLOOD 9 GM purica plus, 265.00 
16008,AERIUS ORAL SOLUTION 0.5 MG sugra free, 202.00 
10710,AERIUS 5 MG. 10'S exp6/2027, 254.00 
14116,AEROBIDOL 200 DOSE 100MCG( berodual), 214.00 
15827,AERONIDE 200 MCG BUDESONIDE, 212.00 
14115,AEROTAMOL 200 DOSE 100MCG มี SPACER salbutamol, 97.00 
14953,AEROTIDE EVOHALER 25/125 120 DOSE(ไม่มีcounter dose), 230.00 
15535,AEROTIDE EVOHALER 25/250120 DOSE(มีcounter dose), 459.00 
15915,AIME สำลีแผ่น 40 GM., 33.50 
15916,AIME สำลีแผ่น 90 GM., 64.00 
16640,AIROMET-AOM omeprazole 20mg 14'S, 21.00 
16185,AIRROX 10x10'S (simethicone80mg) pross, 85.00 
16719,AIR-X GO 10 ML X 12 ซอง รสมะนาว sugar free, 130.00 
16632,AIR-X 10X10'S รสมะนาว, 125.00 
10056,AIR-X 50x10'S mint, 12.50 
10060,AIR-X 50X10'S รสมะนาว, 12.50 
10058,AIR-X 50X10'S รสส้ม, 12.50 
10057,AIR-X DROP, 45.00 
16572,AKNEDERM GEL 2.5% 10 GM. (Benzyl peroxide gel ), 42.25 
16573,AKNEDERM GEL 5.0 % 10 GM. (Benzyl peroxide gel ), 55.75 
10341,ALBEMED 10X 6'S ขายยกกล่อง, 130.00 
10335,ALBEN 2'S 1 กล่องมี 50 แผง, 7.50 
16443,ALBEN ANTHELMINTICS SACHET 12 X10 ML., 183.00 
10336,ALBEN SYRUP 10 ML., 16.50 
10071,ALBER-T 10 GM., 41.83 
10072,ALBU ไข่ขาวผง 250 g berlin, 275.00 
10073,ALBU ไข่ขาวผง 500 g berlin, 500.00 
10074,ALBU ไข่ขาวเม็ด 60's berlin, 277.00 
15799,ALBUMIN white egg powder 400 GM vanilla, 635.00 
15798,ALBUMIN white egg powder 400 GM chocolate, 635.00 
10076,ALCOHOL 30 ML. เสือดาว, 4.75 
10088,ALCOHOL 450 ML .เสือดาว PINK, 30.50 
13851,ALCOHOL 450 ML 70% .เสือดาว, 32.25 
10087,ALCOHOL 450 ML IPA ขวดเหลี่ยม.ศิริบัญชา, 65.00 
10093,ALCOHOL 180 ML.ศิริบัญชา, 20.75 
10081,ALCOHOL 450 ML.ศิริบัญชา, 33.50 
10079,ALCOHOL 60 ML. เสือดาว, 7.00 
10094,ALCOHOL 60 ML.ศิริบัญชา, 8.75 
14277,ALCOHOL CLEAN SPRAY sahakarn 50 ML, 29.00 
16072,ALCOHOL COTTON BALL 15X8ก้อน สำลีชุบ 7S, 92.00 
10091,ALCOHOL GEL ล้างมือ 170 gm. ศิริบัญชา, 50.00 
10084,ALCOHOL GEL ล้างมือ 400 gm.. ศิริบัญชา, 90.00 
15537,ALCOHOL PREP PAD 20 แผ่นขนาด 8.3x3.8 cm SOS, 17.50 
14762,ALCOHOL PREP PAD 200 แผ่น SOS, 156.00 
10090,ALCOHOL SPRAY 20 ML.ตลับพกพา, 114.00 
10077,ALCOHOL SPRAY 240 ML., 38.50 
10083,ALCOHOL SPRAY 30 ML., 31.00 
14505,ALCOHOL SPRAY 450 ML.ศิริบัญชา, 65.00 
10337,ALDA 400 MG. 1'S, 120.00 
10100,ALDARA CREAM 5% 25 MG. 12 ซอง, 160.00 
15800,A-LEAZE 5mg 1X10'S (levocetrizine) siam, 65.00 
10651,ALEREST 10X10'S, 66.00 
11949,ALERTEN 100 MG. 3x10's, 555.00 
11950,ALERTEN 50 MG 30'S, 480.00 
14501,ALFLOREX 30'S, 708.00 
15584,ALGOGEN 60 ML. 120 mg.STRAW (paracetamol), 16.50 
10004,ALGYCON CHEWABLE TAB 7X12'S, 140.00 
11518,A-LICES SHAMPOO 30 ML., 55.00 
15015,ALINAMIN- EX PLUS ขวด 120'S, 613.00 
10103,ALINAMIN- EX PLUS ขวด 60'S, 400.00 
10104,ALINAMIN- F แผง 10X10'S, 267.00 
15867,ALLERDRYL CREAM 20 GM. greater, 35.75 
10654,ALLEREST SYRUP 60 ML., 25.50 
11325,ALLERGIA GEL 7 GM, 73.00 
11578,ALLERGIST 5 ML., 27.00 
11882,ALLERNIX 10 MG GED, 33.50 
13838,ALLERNIX SYRUP 60 ML., 40.75 
11872,ALLER-TAB 10x10'S, 166.00 
11874,ALLEX 10'S, 11.00 
11881,ALLEX SYRUP, 17.50 
10708,ALLORA 5 MG 10'S, 47.00 
14691,ALLORA SYRUP 60 ML., 56.00 
10113,ALLORIC 100 MG.50X10'S, 255.00 
10107,ALLORIC T.O. 100 MG.ขายขาดไม่รับคืน, 225.00 
11459,ALOE VERA GEL 120 GM. ZIGMA, 86.00 
11464,ALOHA ALOE VERA 65 GM, 73.00 
14370,ALPHAGAN P 0.1% 5 ML exp 12/2026, 375.00 
10092,ALSOFF COTTON 12X8ก้อน สำลีชุบalc, 61.00 
13826,ALSOFT A SPRAY 100 ML OSOTH INTER, 110.00 
10120,AMARYL 2 MG. 3X10'S," 1,620.00 "
10119,AMARYL 3 MG 3X 10'S รุนใหม่," 2,330.00 "
12292,AMBES 10 MG. 10X10'S GPO ขายขาดไม่รับคืน, 105.00 
12291,AMBES 5 MG. 10X10'S GPO ขายขาดไม่รับคืน, 57.00 
10127,AMBRIXOL 50X10'S, 5.00 
10123,AMBROX 10'S, 23.50 
10124,AMBROX SYR 60 ML ADULT, 28.75 
10125,AMBROX SYR 60 ML CHILDREN, 325.00 
15313,AME พลูคาว 60's maxxlife, 542.00 
12745,AMICOF 60 ML, 21.50 
12746,AMICOF 60 ML. ADULTS, 34.25 
10130,AMITRYPTYLINE 10 MG GPO 50X10'S ขายขาดไม่รับคืน, 4.25 
10131,AMITRYPTYLINE 25 MG GPO 50X10'S ขายขาดไม่รับคืน, 6.50 
10137,AMK 1 GM 10'S, 96.00 
14445,AMK 1 GM 10x10's ขายยกกล่อง, 950.00 
10143,AMK 156 MG. 60 ML., 63.00 
10144,AMK 228 MG. 70 ML., 100.00 
10146,AMK 457 MG. 70 ML., 145.00 
10145,AMK 625 MG. 10'S, 80.00 
15347,AMK es 600 MG. 70 ML., 346.00 
10147,AMK ES-600 100 ML, 540.00 
12289,AMLOPINE 10 MG. 10X10'S, 199.00 
12288,AMLOPINE 5 MG. 10X10'S, 150.00 
10134,AMMELT 48 ML.165-, 96.00 
10135,AMMELT 82 ML., 132.00 
14802,AMMELT HEAT GOLD BACK PAIN, 29.00 
14800,AMMELT HEAT GOLD PERIOD PAIN, 27.75 
14801,AMMELT HEAT GOLD SHOULDER PAIN, 29.00 
10136,AMMELT HEAT PATCH, 200.00 
16089,AMMELTZ YOKOYOKO GOLD 48 ML., 150.00 
16148,AMOGIN EFFE ซอง ส้ม 4.3g x12ซอง, 80.00 
10178,AMOGIN GEL 240 ML. 1ลังมี 48 ขวด จะปรับราคาเดือน 8, 35.75 
10192,AMOGIN GELซอง 30X15 ML, 102.00 
16061,AMOGIN OTC TAB 10'S, 10.50 
10139,AMOKSIKLAV 1 GM.10'S exp.3/27, 112.00 
10138,AMOKSIKLAV 625 MG. 10's, 97.00 
10140,AMOKSIKLAV SYRUP 125 MG., 142.00 
10141,AMOKSIKLAV SYRUP 250 MG. 100 ML., 280.00 
10142,AMOKSIKLAV SYRUP 457 MG. 35 ML., 198.00 
15671,A-MOL SYRUP 120 ML. รสสละ, 30.00 
14124,A-MOL SYRUP 120 ML. รสองุ่น, 30.00 
14123,A-MOL SYRUP 250 ML. รสส้ม, 32.00 
10148,AMOXIL GSK 20'S, 112.00 
10153,AMOXYCILLIN 500 MG. นต-ล เภสัชชุมชน ขายยกล่อง, 660.00 
10161,AMOXYCILLIN 500 MG (ชพ-ข)medic 50X10'S ขายยกกล่ง, 500.00 
10167,AMPI 500 MG. T.O. 500'S, 610.00 
14706,AMPICILLIN 500 MG 25X10'S ASU ขายยกกล่อง, 340.00 
10166,AMPICILLIN 500 MG 50X10'S 7 STAR, 950.00 
15934,AMYN -500 MG. amoxycillin นต-ล pml 10x10's, 125.00 
11921,ANAGAN FORTE 25X10'S, 200.00 
10171,ANAMAI 50x28'S, 20.50 
12716,ANAPRIL 20 MG.10X10'S, 92.00 
12717,ANAPRIL 5 MG.10X10'S, 59.00 
14615,ANAPRIL-S 5 MG.10X10'S, 57.00 
10174,ANDROCUR 5x10's ขายขาดไม่รับคืน," 2,960.00 "
10176,ANNA กล่องละ 50 แผง ปรับราคา," 1,360.00 "
14902,ANNIEGRIP BY TRIPLE-D ข้อเท้า L 1 ชิ้น, 74.00 
14901,ANNIEGRIP BY TRIPLE-D ข้อเท้า M 1 ชิ้น, 74.00 
14900,ANNIEGRIP BY TRIPLE-D ข้อเท้า S 1 ชิ้น, 74.00 
14903,ANNIEGRIP BY TRIPLE-D ข้อเท้า XL 1 ชิ้น, 74.00 
14898,ANNIEGRIP BY TRIPLE-D ข้อมือ L 1 ชิ้น, 74.00 
14897,ANNIEGRIP BY TRIPLE-D ข้อมือ M 1 ชิ้น, 74.00 
14896,ANNIEGRIP BY TRIPLE-D ข้อมือ S 1 ชิ้น, 74.00 
14899,ANNIEGRIP BY TRIPLE-D ข้อมือ XL 1 ชิ้น, 74.00 
14890,ANNIEGRIP BY TRIPLE-D เข่า L 1 ชิ้น, 88.00 
14889,ANNIEGRIP BY TRIPLE-D เข่า M 1 ชิ้น, 88.00 
14888,ANNIEGRIP BY TRIPLE-D เข่า S 1 ชิ้น, 88.00 
14891,ANNIEGRIP BY TRIPLE-D เข่า XL 1 ชิ้น, 88.00 
14894,ANNIEGRIP BY TRIPLE-D น่อง L 1 ชิ้น, 90.00 
14893,ANNIEGRIP BY TRIPLE-D น่อง M 1 ชิ้น, 90.00 
14892,ANNIEGRIP BY TRIPLE-D น่อง S 1 ชิ้น, 90.00 
14895,ANNIEGRIP BY TRIPLE-D น่อง XL 1 ชิ้น, 90.00 
14395,ANNOXEN-S 275 MG 2x10'S แพคเกจใหม่, 76.00 
11987,ANNYLYNN 21'S, 88.00 
11988,ANNYLYNN 28'S, 88.00 
11926,ANPUZZ 520 MG. 1X1X10, 29.00 
10179,ANTACIL 50x10'S, 484.00 
10180,ANTACIL GEL 240 ML 60-, 40.75 
10196,ANTACIL GEL 450ML, 71.75 
16467,ANTACIL PLUS 50x10'S, 822.00 
11305,ANTAZALLERG 10 ML., 35.00 
10202,ANTERGAN 10 GM., 24.50 
14195,ANTERGAN 25 GM., 47.50 
15816,ANTI ACNE GEL 5 GM anb, 77.00 
16289,ANXISET 10x10'S, 326.00 
16390,APIXABAN SANDOZ 2.5 mg 5X10'S," 1,950.00 "
10106,APNOL 10X10 'S (allopurinol) pml, 165.00 
13209,APOLETS 30'S exp 3/2027, 285.00 
15580,APPLE CIDER GUMMYZ 2's*25 pouches, 463.00 
10207,APRACUR KIDS 60 ML., 39.00 
10206,APRACUR NC 25x6's, 179.00 
11643,AQUA MARIS BABY NASOL SPRAY 50 ml., 247.00 
11633,AQUA MARIS CLASSIC NASOL SPRAY 30 ml., 225.00 
15997,AQUA MARIS PROTECTO NASOL SPRAY 20 ml., 255.00 
15996,AQUA MARIS STRONG NASOL SPRAY 30 ml., 245.00 
12201,AQUAFEEL, 305.00 
14775,ARCONA 120 MG 6'S MH ขายยกกล่อง, 54.00 
14196,ARCONA 60 MG 3X10'S MH ขายยกกล่อง, 265.00 
16220,ARCONA 90 MG 10'S MH, 51.00 
15743,ARCOXIA 120 mg กล่องละ 1 แผง 5 เม็ด, 218.00 
15744,ARCOXIA 60 mg กล่องละ 1 แผง 5 เม็ด, 178.00 
15709,ARCOXIA 90 กล่องละ 1 แผง 5 เม็ด, 178.00 
10217,ARISTOCORT 0.02% 15 GM., 41.50 
10216,ARISTOCORT A 0.1% 15 GM., 70.00 
11914,ARM HOLDER BLACK FREE SIZE, 285.00 
14095,ARM SLING ตาข่ายนิ่มสีน้ำเงิน no.L /SOS, 96.00 
14102,ARM SLING ตาข่ายนิ่มสีน้ำเงิน no.M / SOS, 96.00 
12413,ARM SLING ตาข่ายนิ่มสีน้ำเงิน no.S SOS, 96.00 
14149,AROTIKA COOL GEL 35 GM., 29.50 
14365,AROTIKA COOL GEL100 GM., 75.00 
14477,AROTIKA COOL SPRAY 60 ML exp.2/2027 1FREE1, 100.00 
10835,AROTIKA RUB 100 GM., 147.00 
15887,AROTIKA RUB 15 GM., 29.50 
10834,AROTIKA RUB 35 GM., 59.00 
15250,AROTIKA WARM CREAM 35 GM., 59.00 
15966,ARTRODAR (artrodar) 3X10'S, 510.00 
13405,ARTROFORT COMPLEX 30/sachet, 638.00 
14835,AS C 100'S 7 STAR, 19.00 
14475,A-SCALP LOTION 60 ML., 88.00 
14771,"ASCEE 500 MG, หลอด 10x15's", 32.00 
10240,ASEPSO SOAP, 19.50 
15737,ASEPSO SOAP สูตร soothing cool 70 gmสีฟ้า, 19.50 
15735,ASEPSO SOAP สูตร สปอร์ต 80 gm สีน้ำเงิน, 19.50 
15736,ASEPSO SOAP สูตร อ่อนโยน 80 gm สีชมพู, 19.50 
15738,ASEPSO SOAP สูตรไฮจีนิค 80 gm สีเขียว, 19.50 
16179,ASIATAPP SYRUP 60 ML สูตร dimetapp ASIAN-P, 16.00 
10241,ASMASOLON 10X10'S, 195.00 
10243,ASPENT-M 81 MG 60'S, 33.00 
14097,ASTAIR 10 MG. 4X7'S, 125.00 
16278,ASTAIR CHEWABLE 5 MG. 4X7'S, 290.00 
11965,ASTAX (astaxanthin )4 MG. 3X10'S, 280.00 
14310,ASTAX (astaxanthin) 6 MG. 3X10'S, 362.00 
16259,ASTAXANTHIN 6 MG 2X15'S (MSP), 350.00 
15166,Astroglide Liquid water base 2.5 ml, 24.00 
15164,Astroglide Liquid Water base 74 ml, 255.00 
15165,Astroglide Strawberry Liquid 74 ml, 255.00 
16441,ASUMOL 20X10 สีเขียวยาว ASU, 60.00 
16132,"ASUMOL ขาว 100'S ASU paracetamol 500 mg,", 26.50 
16133,"ASUMOL ฟ้า/ขาว 100'S ASU paracetamol 500 mg,", 27.75 
16174,"ATK Singclean covid/RSV/Flu a,b test kit *ขายขาดไม่รับคืน*", 58.00 
14435,ATK SEINOFY covid-19 test kit *ขายขาดไม่รับคืน*, 20.00 
11818,ATORVASTIN SANDOZ 10 MG 3X10'S, 510.00 
11819,ATORVASTIN SANDOZ GmbH 20 MG 3X10'S, 703.00 
11820,ATORVASTIN SANDOZ GmbH 40 MG 3X10'S, 878.00 
16284,ATOZET (EZETIMIBE+ATORVASTATIN) 10 /20 MG 3X10'S," 1,877.00 "
16285,ATOZET (EZETIMIBE+ATORVASTATIN) 10 /40 MG 3X10'S," 1,986.00 "
16283,ATOZET (EZETIMIBE+ATORVASTATIN) 10 /10 MG 3X10'S," 1,768.00 "
14465,ATOZIN 250 MG. 6'S, 49.00 
16639,"A-TUSSIN 20X10'S ( DEXTRO 15 MG, เม็ดสีเหลือง ) รายงาน", 130.00 
10270,AUGMENTIIN SR 1000/62.5 MG., 850.00 
10271,AUGMENTIN 1 GM. 1X10 S รุ่นใหม่, 228.00 
15589,AUGMENTIN ES 50 ML, 492.00 
13101,AVAFAST 180 MG 10'S พรอส, 55.00 
14096,AVAFAST 60 MG 10'S พรอส, 23.00 
13981,AVAMIGRAN 100MG 1X10'S รุ่นใหม่, 47.00 
12827,AVAMYS NASOL 27.5 MCG. 120 DOSE, 420.00 
11984,AVARIN 10'S รุ่นใหม่, 59.00 
13077,AVELOX film coat 5'S, 568.00 
10285,AVODART 0.5 MG.30'S," 1,270.00 "
14486,AXCEL FUSIDIC ACID CREAM 5 GM, 39.00 
14487,AXCEL FUSIDIC ACID-B CREAM 5 GM, 39.00 
15881,AXIAGO 20 MG 2 X7'S, 410.00 
16180,AZITABB 250 MG. 6 TABLET ASIAN-P, 68.00 
16398,AZITH CAP 250 MG. BLISTER 1X 6'S, 71.50 
16399,AZITH DS 200 MG/5 ML 1X15 ML., 86.00 
13796,AZITHRO 250 MG. 6'S, 49.00 
16307,AZMA EXPECTORANT 60 ML. 7S, 22.00 
11290,AZOPT 5 ML., 501.00 
13794,AZYCIN 250 MG. 6 'S GPO* ขายขาดไม่รับคืน, 61.50 
10291,B 6 50 MG. 1X1000'S, 230.00 
10325,B COMPLEX ROTA 1 x 1000'S, 120.00 
10296,B FOLIC 100'S, 37.00 
14292,B LONGAN MOUTH SPRAY 20 ML ., 220.00 
16458,B.T.BAN 5 GM., 35.50 
13920,BABINI BABY SOOTHING LOTION 400 ML., 184.00 
12685,BABINI COOL PATCH 4X2'S, 81.50 
12657,BABINI HEAD TO TOE WASH 480 ML, 119.00 
14220,BABINI HYGINE WIPES 20 SHEET ใหม่, 19.50 
12662,BABINI OINTMENT 50 GM, 125.00 
12597,BABINI SHOOTING CREAM 15 GM ., 112.00 
12669,BABINI WIPES 80 SHEET, 65.00 
13877,BABYCARE 30 GM, 74.00 
15598,BACLOFEN TABLETS 20X10S, 220.00 
10309,BACTAFECT OINTMENT 15 GM., 88.50 
10305,BACTEX OINTMENT 5 GM., 50.00 
12994,BACTIGRAS 10X10 CM 10 แผ่น, 164.00 
14350,BACTOCLAV-1000 MG. 2X7'S, 89.00 
16416,BAIDY FORTE 20'S EFFERVESCENT TAB (bkk), 153.00 
16200,BAIDY JELLY FIBER 250G 1X10 ซอง ชนิดเคี้ยว, 235.00 
12845,BAIN SYRUP 150 ML., 134.00 
14184,BAINI GUMMIES 108 gm. หมดอายุ11/2026, 100.00 
15058,BAINI GUMMIES 40.5 gm.ซอง, 42.00 
14122,BAKAMOL เม็ดกลมเหลือง100's, 69.50 
12014,BALAMINE 3X10'S, 40.00 
13984,BALANCE ACTIV 7 ชิ้น, 265.00 
15907,BALISA (bilastine) 20MG 10'S, 83.00 
16223,BANBACT OINTMENT 5 GM., 38.75 
14007,BAND-AID ALCOHOL HAND 250 ML 83-, 82.00 
10317,BANNER GOLD PLUS 30'Sขวดแก้ว, 222.00 
14554,BANNER GOLD PLUS 60'S ขวดแก้ว, 438.00 
14637,BANNER Hi-B WITH FISH OIL 30 ่S ขวดแก้ว รุ่นใหม่, 222.00 
14555,BANNER Hi-B WITH FISH OIL 60 ่S ขวดแก้ว, 438.00 
10313,BANNER SOY PROTIEN 30'S ขวดแก้ว, 178.00 
14553,BANNER SOY PROTIEN 60'S ขวดแก้ว, 343.00 
16345,BANOCIN OINTMENT 10 GM. 42-, 24.00 
14609,"BANOCIN ORAL 5 GM, triamcinolone", 14.50 
10323,BANOCIN POWDER 10 GM. 42-, 40.00 
12069,BAPID 100 MG. rebamipide mucosta 10's, 47.00 
13861,BARACLUDE 0.50 MG. 3X10'S," 4,800.00 "
15981,B-ASPIRIN 81 MG.10x10 แผง OSI, 35.00 
10247,B-ASPIRIN 81 MG.10x100 แผง OSI ขายยกกล่อง, 3.25 
14803,B-CIPROFLOXACIN 500 MG. 10'S bkk, 30.00 
16426,B-COXIB 120 MG 3X10'S medic, 163.00 
16528,B-COXIB 90 MG 3X10'S medic, 115.00 
10326,BEBIDOL ราคาใหม่ 50-, 33.75 
10327,BECONASE AQUEOUS NASOL SPR exp 6/2026, 210.00 
15156,BEE-COL 100 MG. 60 ML., 50.00 
10825,BEGESIC 30 GM., 26.50 
11027,BELARA 21'S, 284.00 
10329,BELCID FORTE SUSP 240 ML 80-, 33.50 
14474,BELCID FORTE SUSP 30X15 ML, 143.00 
15219,BELCID GERD 10 ML 1x12ซอง, 117.00 
14653,"BELCID GERD 150 ML,", 145.00 
10328,BELCID SUSP 240 ML 80-, 33.50 
14296,BELFESH 10X10'S Mint Ball ขายยกกล่อง สูตรเดียวกับ pudin hara, 136.00 
16225,BELLA PARA 1X10's เม็ดรี, 11.00 
14879,BELLA PARA 50X10 เม็ดรี alu brister, 490.00 
14804,BELLATRIX 20 GM, 93.00 
15171,BELLATRIX CAPSULE 15S, 60.00 
10330,BENADRYL EXPECT 120 ML จำกัดร้านละ 6 ขวด, 96.00 
10338,BENDA 500 มะนาว 12 แผง, 177.00 
10333,BENDA 500 12 แผง, 177.00 
10334,BENDA SYRUP, 18.50 
12455,BENZAC AC GEL 2.5% 15 GM., 108.25 
12457,BENZAC AC GEL 5 % 60 GM., 290.00 
12456,BENZAC AC GEL 5% 15 GM., 117.00 
14240,BENZAC SPOT CLEANSER 130 ML, 350.00 
14755,BEPANTHEN ANTI SCAR GEL 20 GM., 575.00 
14754,BEPANTHEN DAILY CONTROL 200 ML., 406.00 
15661,BEPANTHEN FIRST AID 3.5 GM. เลิกผลิต, 36.75 
11107,BEPANTHEN FIRST AIDS 30 GM., 129.00 
11103,BEPANTHEN OINTMENT 30 GM., 137.00 
11120,BEPANTHEN OINTMENT 50 GM., 196.00 
15446,BEPANTHEN SensiControl daily gentle wash gel 400 ml, 394.00 
11113,BEPANTHEN SENSIDERM 20 GM, 281.00 
14911,BEPANTHEN SENSIDERM50 GM, 526.00 
14817,BEPROGEL SOLUTION 30 ML., 96.50 
10390,BEPROLIC LOTION 30 ML., 155.00 
14383,BERAMOL CAPLETS 100'S, 26.00 
14270,BERAMOL CAPLETS 100X10'S, 360.00 
12460,BERAMOL CAPLETS 10X10'S, 36.00 
16356,BERATE 5 GM., 21.00 
10299,BERCLOMINE SYRUP 60 ML 65-, 22.50 
16141,BERCLOMINE TAB 10X10'S, 112.00 
10300,BERCLOMINE TAB 50X10'S, 510.00 
13530,BERIZ 21'S ยาคุม, 75.00 
14231,BERLONTIN 100 MG. 10X10, 220.00 
12186,BERLONTIN 300 MG. 10X10 ขายยกกล่อง, 299.00 
14460,BEROCCA 12X2'S เม็ดฟู่ ส้ม รุ่นใหม่, 318.00 
10345,BEROCCA 15'S เม็ดฟู่ ส้ม, 174.00 
10346,BEROCCA 15'S เม็ดฟู่ รสผลไม้รวม, 173.50 
14334,BEROCCA 15'S เม็ดฟู่ รสมะม่วง, 174.00 
14459,BEROCCA 15'S x 2 แพคคู่ เม็ดฟู่ ส้ม, 330.00 
16240,BEROCCA ELDERBERRY PLUS 10ML x 7 ซอง, 176.50 
16274,BEROCCA IMMU D+ แบบกล่อง 2X 12 SACHET, 298.00 
16273,BEROCCA IMMU D+ แบบหลอด 15'S, 148.50 
16680,BEROCCA PERFORMANCE FCT 30'S เม็ดกลืน รุ่นใหม่, 137.00 
10348,BERODUAL FORTE 20X4 ML.ขายขาดไม่รับคืน, 660.00 
10347,BERODUAL METERRED.200 DOSE exp 31/8/2027, 306.00 
16417,BESMAL TAB 1X10'S sps, 29.50 
13802,BESTATIN 10 MG. 10X10'S, 105.00 
13800,BESTATIN 20 MG. 10X10'S, 140.00 
13804,BESTATIN 40 MG. 10X10'S, 228.00 
14679,BETA NEO CREAM 15 GM exp15/9/2023, 32.25 
10351,BETACAR-15 NATURAL 60'S, 286.00 
10352,BETADINE 15 ML, 44.50 
10353,BETADINE 30 ML, 67.75 
13835,BETADINE 500 ML., 241.00 
11857,BETADINE GARGLE 30 ML., 147.00 
10369,BETADINE LIQUID BANDAGE 8 ML., 128.00 
10361,BETADINE OINTMENT 50 GM., 120.00 
13836,BETADINE SCRUB 500 ML., 199.00 
10363,BETADINE THROAT SPRAY 12 ML, 147.00 
11858,BETADINE THROAT SPRAY 25 ML, 264.00 
10381,BETA-DIPO CREAM 15 GM., 38.00 
15099,BETA-DIPO CREAM 25 GM., 58.75 
10380,BETA-DIPO CREAM 5 GM., 21.50 
16513,BETAHIS 12 (Betahistine) 10x10's FARMALINE, 135.00 
16512,BETAHIS 6 (Betahistine) FARMALINE, 91.00 
14750,BETALOL 10 MG. 10x10s, 50.00 
14751,BETALOL 40 MG 10x10s, 80.00 
10383,BETAMETHASONE N 15 GM.องค์การ ขายขาดไม่รับคืน, 38.00 
14345,BETAVERT 16 MG. 3X10 'S, 93.50 
10375,BETHASONE 15 GM., 30.00 
10372,BETHASONE 5 GM, 15.50 
10373,BETHASONE-N 5 GM., 17.25 
10374,BETHASONE-N 15 GM, 32.50 
15482,BET-N STAR 5 GM. (7S), 15.25 
10391,BETNESONE N-CREAM 15 G., 23.00 
10385,BETNOVATE CREAM 15 GM, 88.00 
10389,BETNOVATE SCALP APPLICATION, 159.00 
10387,BETNOVATE-N 15 GM, 97.00 
14480,BETOSALIC OINTMENT 15 G., 51.00 
14339,BEWEL 300 MG.2X14'S, 260.00 
15873,BICAHIS (bilastine) 20MG 10'S, 68.00 
15874,BICAHIS (bilastine) 20MG 5X10'S, 360.00 
14221,BILAXTEN 20 MG 10'S, 136.00 
16191,BILAXTEN KIDS 10 MG 10'S ชนิดเม็ดแตกตัวในปาก, 115.00 
14730,BILOBA PLUS60 MG 3X10'S (MSP), 144.00 
13793,BINOZYT 250 MG. 6'S, 115.00 
16175,BIO C 1000 MG. DAILY IMU 120's, 635.00 
16253,BIO C 1000 MG. DAILY IMU แพคคู่ 120's+120's," 1,205.00 "
16347,BIO C 1000 MG. DAILY IMU แพคคู่ 120's+30's, 590.00 
15910,BIO C 1000 MG. DAILY IMU+30'S( คืนก่อนหมดอายุ6เดือน), 225.00 
15980,BIO C 1000 MG. DAILY IMU+60'S( คืนก่อนหมดอายุ6เดือน), 378.00 
10412,BIO C 1000MG 31'S แพคคู่ 1+1, 378.00 
14183,BIO C ACEROLA PLUS 1500 MG.40'S(ขายขาดไม่รับคืน), 180.00 
15911,BIO C DAILY IMU+CHEWABLE 500 MG. 30'S( คืนก่อนหมดอายุ6เดือน), 187.50 
10051,BIO KHAO ไบโอขาว ยาธาตุน้ำขาว 240 ML, 30.50 
14666,BIO MAGNESIUM ADVANCE+D3 50'Sสินค้าใหม่, 305.00 
16337,BIO SMOOTH C 600 MG. 12X 15'S, 65.00 
12383,BIO TRUE 300ML+60ML, 170.00 
15228,BIO ZINC A CHELATE 30 'S, 140.00 
14617,BIO ZINC A CHELATE 90 'S, 345.00 
15035,BIO ZINC PLUS 90'S PAN, 225.00 
15390,BIOCLAM TAB 10X10'S, 124.00 
12099,BIOCLAM TAB 50X10'S, 9.50 
10622,BIOCOXIB 120 MG 5X5'S biopharm, 395.00 
10614,BIOCOXIB 90 MG 5X5'S biopharm, 390.00 
11238,BIOFLOR 250 10CAPSULE /กล่อง, 250.00 
11235,BIOFLOR 250 10ซอง/กล่อง, 250.00 
14070,BIOFRESH 15 ML สูตร kamillosan, 72.00 
14304,BIOFRESH 5 ML สูตร kamillosan, 42.00 
11242,BIOGAIA CHEWABLE TAB 10'S, 350.00 
12799,BIO-OIL 60 ML. 375-, 275.00 
15034,BIO-OIL BODY LOTION 175 ML., 410.00 
12803,BIO-OIL DRY SKIN GEL 50 ML., 147.00 
10395,BIOPHARM CALCIUM GUMMY 8'S 12 ซอง, 184.00 
15563,BIOPHARM FIBER GUMMY SUGAR FREE 8'S 12 ซอง, 184.00 
10392,BIOPHARM FISH OIL GUMMY 8'S 12 ซอง, 184.00 
10393,BIOPHARM MTV GUMMY 8'S 12 ซอง, 184.00 
10394,BIOPHARM VITAMIN C GUMMY 8'S 12 ซอง, 184.00 
11648,BIOTIN 60'S PAN, 250.00 
12065,BIOTON 50'S, 300.00 
13398,BIOTRIL WOW SET 1500 MG.30+10, 410.00 
11063,BIOZOLE 150 MG. 1'S, 22.00 
14970,BISMUSALATE TAB 25X10'S, 24.75 
10396,BISOLAX 10'S 35-, 21.00 
14864,"BISOLVON เม็ด 10x10'S, รุ่นใหม่", 485.00 
10401,BISOLVON สำหรับเด็ก 60 ML. 65- หมดอายุ 4/2027, 48.00 
10398,BISOLVON-X 60 ml, 51.00 
10400,BISOLVON-X ELIXIR 125 ML., 98.00 
14735,BLACK SESAME OIL-1000 3X10'S (MSP), 268.00 
10434,BLACKMORE ASTAXANTHIN 6 MG 30'S, 415.00 
15499,BLACKMORE BILBERRY 2500 60'S, 455.00 
14685,BLACKMORE BIO C GLUTA IMU+ 30'S, 475.00 
10423,BLACKMORE BIO FOLIC ACID 90'S( คืนก่อนหมดอายุ6เดือน), 257.00 
10429,BLACKMORE BIOTIN H+ 60'S, 520.00 
16002,BLACKMORE BUFFER C 200'S, 595.00 
10405,BLACKMORE BUFFER C 31'S, 115.00 
15838,BLACKMORE BUFFER C 75'S, 230.00 
10419,BLACKMORE CALCIUM+D3 60'S( คืนก่อนหมดอายุ6เดือน), 241.00 
10431,BLACKMORE CRANBERRY 15000+C, 385.00 
10417,BLACKMORE EPO 1000 MG.60'S( คืนก่อนหมดอายุ6เดือน), 420.00 
16119,BLACKMORE EXEC'S B 120'S( คืนก่อนหมดอายุ6เดือน), 663.00 
15912,BLACKMORE EXEC'S B 30'S( คืนก่อนหมดอายุ6เดือน), 216.00 
10406,BLACKMORE EXEC'S B 60'S( คืนก่อนหมดอายุ6เดือน), 354.00 
10430,BLACKMORE FISH OIL 1000 MG แพคประหยัด, 721.00 
10418,BLACKMORE FISH OIL 1000 MG.80'S(คืนก่อนหมดอายุ6เดือน), 435.00 
10432,BLACKMORE FISH OIL MINI CAPS 30'S, 180.00 
10408,BLACKMORE GINGKO 30'S( คืนก่อนหมดอายุ6เดือน), 268.00 
13400,BLACKMORE GLUCOSAMINE 1500 MG JOINTFLEX30'S, 775.00 
10422,BLACKMORE GRAPESSED FORTE 12000 30S ( คืนก่อนหมดอายุ6เดือ, 495.00 
16323,BLACKMORE JOIN PLUS 30'S (COLLAGEN UC-II), 506.00 
15705,BLACKMORE KOALA MULTIVITAMIN +MINERAL 30 'S, 238.00 
11781,BLACKMORE LECITIN 1200 MG.100'S, 344.00 
15666,BLACKMORE LUTEIN-VIS 60'S, 540.00 
10420,BLACKMORE MARINE COLLAGEN ABSOLUTE 60'S แพคคู่," 2,310.00 "
10424,BLACKMORE MARINE Q 10 30'S( คืนก่อนหมดอายุ6เดือน), 768.00 
14182,BLACKMORE MTV NUTRI 50+ 30'S( คืนก่อนหมดอายุ6เดือน), 285.00 
15637,BLACKMORE MULTI ACTIVE 50'S ขนาดใหม่, 414.00 
14651,BLACKMORE MULTI ACTIVE 30'S( คืนก่อนหมดอายุ6เดือน), 246.00 
15665,BLACKMORE MULTI B 30'S ( คืนก่อนหมดอายุ6เดือน), 181.00 
10407,BLACKMORE MULTI B 60'S ( คืนก่อนหมดอายุ6เดือน), 310.00 
14092,BLACKMORE OMEGA TRIPLE DAILY 60'S, 750.00 
13788,BLACKMORE PROBIOTIC + DAILY BALANCE 30'S, 890.00 
14825,BLACKMORE VIS'CARE PRO + LUTEIN ( คืนก่อนหมดอายุ6เดือน), 456.00 
16784,BLACKMORES CO Q10 30's, -   
15704,BLACKMORES CO Q10 แพคคู่ 30+30's," 1,013.00 "
16782,BLACKMORES MARINE COLLAGEN POWDER PLUS 10 SACET, 327.00 
12433,BLISTEX LIP (BERRY BALM), 94.50 
12436,BLISTEX LIP (CLASSIC), 94.50 
12434,BLISTEX LIP (MINT BALM), 94.50 
15956,BLISTEX LIP INFUSION, 126.00 
16266,BLISTEX LIP INFUSION HYDRATION, 158.00 
16154,BLIZTIN TAB 20 mg 1x10 tab (bilastine)siam, 76.00 
13824,BLOOD MONITOR NISSEI DS-11 CUFF L," 1,050.00 "
13941,BLOOD MONITOR OMRON HEM-7120," 1,450.00 "
10442,BLOOD MONITOR OMRON HEM-7121 มี mem 30," 1,350.00 "
10452,BLOOD MONITOR OMRON WRIST HEM-6161," 1,266.00 "
10456,BLOPRESS 16 MG.28'S, 995.00 
10458,BLOPRESS 16 PLUS MG.28'S, 995.00 
10455,"BLOPRESS 8 MG,28'S", 680.00 
10457,BLOPRESS 8 PLUS 28'S, 680.00 
15697,BL-T920 DIGIDTAL THERMOMETER (มีเสียง บิ๊บ), 100.00 
10466,BODY GUARD 1 แพคมี 12 ชิ้น 58 mm ใหม่, 135.00 
10460,BODY GUARD 12 ชิ้น 54mm," 1,200.00 "
10462,BODY GUARD 12 ชิ้น 56 mm 190-, 118.00 
10465,BODY GUARD 3 ชิ้น 54 mm (1กล่อง=48เเพค)exp 01/10/22," 1,675.00 "
10461,BODY GUARD 3 ชิ้น 56 mm 60- 1กล่องมี 48 แพค, 39.50 
10467,BODY GUARD 3 ชิ้น 58 mm 1 กล่องมี 48 แพค, 42.25 
10468,BONJELA 15 GM., 172.00 
15805,BOOST GLUCOSE CONTROL 800 GM., 927.00 
14119,BOOST OPTIMUM 400 GM.กลิ่นวานิลลา, 399.00 
14120,BOOST OPTIMUM 800 GM.กลิ่นวานิลลา, 823.00 
13095,BOSNUM 180 MG. 10'S, 50.50 
16007,BOSNUM 60 MG. 10'S, 26.00 
16282,BOTAN HERBAL DRINK CANDY เก็กฮวย ซองละ 8 เม็ด, 14.00 
14006,BOTAN HERBAL DRINK CANDY ซองละ 8 เม็ด, 14.00 
10472,BOTAN ตลับ 2 DOZ 14- ขาว, 310.00 
10471,BOTAN แผ่น 100 ซอง 9-, 11.75 
10182,BOWA GEL .240ML. รุ่นใหม่, 32.75 
16053,BOWA เม็ด 2x10 เม็ด, 28.50 
10473,BRAND'S เล็ก, 15.00 
13916,BREAST MILK STORAGE BAGS 20'S (PUREEN), 39.00 
15733,BREAST PUMP ก้านโยก(ชนิดเก็บ) สีฟ้า, 176.00 
10480,BREAST PUMP ทรงตรง, 25.00 
16211,BRINIDIN EYE DROP 0.2% 5 ML PROSS, 250.00 
16306,"BROMSTAR 1x10'S, 7S", 7.75 
11790,BRONAL SYRUP 60 ML., 84.50 
14606,BRONCHOSOL SYRUP siam, 41.00 
16665,BRONGO SYRUP 40 ML, 60.00 
16545,BRONPECT-D 50X10'S, 530.00 
16535,BROWN MIXT 60 ML GPO ยาแก้ไอน้ำดำองค์การ ขายขาดไม่รับคืน, 21.75 
11613,BRUSOFT 400 MG 10'S 1กล่องมี 6 แผงโอสถอินเตอร์, 255.00 
15913,BRUSTAN 10X10'S มีกล่อง, 160.00 
11608,BRUSTAN 50X10'S แผงเปลือย, 690.00 
15217,BRYGEL NS 240 ML ขวดแก้ว สีฟ้า, 58.00 
15218,BRYGEL S 240 ML ขวดแก้ว สีชมพู, 58.00 
10494,BRYGEL tab 50x10's, 9.25 
10492,BRYGEL 240 ML ( 65-), 57.25 
16799,B-slime 30 มล., 17.00 
15433,BUBBLE-X MINT 25X10'S, 8.50 
13169,BUCANYL FOIL 50X10'S, 4.50 
14114,BUDESONIDE AEROSOL 200MCG 200DOSE, 255.00 
11037,BUFENAC 25 MG. 1000'S, 180.00 
11046,BUFENAC 25 MG. 100X10'S ขายยกกล่อง, 208.00 
11043,BUFENAC FORTE 500'S, 195.00 
11042,BUFENAC FORTE 50X10'S, 215.00 
14397,BUFENAC GEL 30 GM., 20.00 
11597,BUFLEX 400 MG. 50 X10'S, 390.00 
11607,BUFLEX SUSPENTION มีกล่อง, 20.00 
11593,BUFLEX 400 MG 1X500'S, 358.00 
11601,BUFLEX 600 500'S, 460.00 
11609,BUFLEX 600 MG 1 กล่อง 10 'S, 18.00 
11605,BUFLEX 600 MG.25X10'S, 305.00 
10745,BUGA BUGA แผ่นเจลลดไข้ 4 ชิ้น, 90.00 
15631,BURNOFF DRAGON BLOOD 7 GM nanomed, 84.00 
11463,BURNOVA GEL 100 GM, 132.00 
14393,BURNOVA GEL 35 GM, 40.00 
11462,BURNOVA GEL PLUS 25 GM, 37.50 
11469,BURNOVA GEL PLUS 70 GM, 72.50 
15308,BURNOVA GEL PLUS DRAGON'S BLOOD 20 GM, 68.00 
15474,BURNOVA GEL PLUS DRAGON'S BLOOD 50 GM, 143.00 
15419,BURNOVA GEL PLUS PEPTIDE 25 GM, 45.50 
11472,BURNOVA GEL PLUS PLANKTON 25 GM, 47.75 
11471,BURNOVA GEL PLUS SNOW ALGAE 25 GM, 47.75 
14713,BURRNY GEL 30 GM., 34.50 
10505,BUSCOPAN 10X10'S รุ่นใหม่ ขายยกกล่อง, 349.00 
12126,BUSONASE 64 MCG/DOSE, 125.00 
16382,BUSONINE 32 NASAL SPRAY, 61.00 
16381,BUSONINE 64 NASAL SPRAY, 96.00 
15975,BUZETIN 10x10'S, 47.00 
10744,BYE BYE FEVER FOR ADULTS, 68.00 
14591,BYE BYE FEVER FOR BABY 4 piece, 59.75 
10730,BYE BYE FEVER FOR CHILDREN (3ซอง6ชิ้น), 69.00 
15608,BYE BYE FEVER FOR CHILDREN (8ซอง16ชิ้น)exp 8/2027, 144.00 
10736,BYE BYE FEVER SUPER COOL 6 แผ่น, 70.00 
12695,BZKIN ACNE SPOT SERUM 10ml, 130.00 
12694,BZKIN MELAVITE CREAM 15g, 130.00 
11856,C20 180 ML. แดง CHLORHEXIDINE 0.12%, 39.50 
11860,C20 180 ML. ฟ้า BLUE SALLY, 42.50 
16664,C20 ALCOHOL FREE 180 ML. เขียว, 54.00 
14541,C20 PLUS 180 ML. เขียว, 54.00 
11272,CADEXCIN EYE DROP, 20.50 
10576,CADRAMINE-V 120 ML.., 27.25 
10575,CADRAMINE-V 60 ML., 19.00 
13965,CAFERGOT 10'S รุ่นใหม่, 58.00 
10512,CALADIPHEN LOTION 100ML ตราเสือดาว, 27.50 
10578,CALAMINE ศิริบัญชา 60 ML, 16.25 
14700,CALCIFEROL 10X10'S LP ขายยกกล่อง, 336.00 
10522,CALCIUM D REDOXON (CDR) รุ่นใหม่รสส้ม 15'S, 118.00 
15775,CALCIUM D REDOXON (CDR)แพคคู่ 2x 15'S, 207.00 
11977,CALCIUM-D CAP 20'S, 70.00 
10552,CALCIUM-D CAP 60'S, 180.00 
11945,CALCIUM-D CAP 90'S, 268.00 
15242,CAL-OS 30'S, 75.00 
10510,CALSOURCE 20 'S gsk เดิมคือ CAC FORTE, 256.00 
10549,CALTAB +D 30'S, 47.00 
10540,CALTRATE 600 60'S, 243.00 
10627,CALTRATE CHEW CHOCO 20'S, 150.00 
10546,CALTRATE PLUS 30'S, 177.00 
10543,CALTRATE PLUS 60'S, 309.00 
10547,CALTRATE SILVER 30'S, 196.00 
10545,CALTRATE SILVER 60'S, 346.00 
10541,CALVIN PLUS D 500 SET 3X 60'S, 435.00 
10535,CALZA-PLUS 750 60'S, 522.00 
15742,CAMBIC 15 10X10'S, 335.00 
15741,CAMBIC 7.5 10X10'S, 179.00 
11515,CAMELLA 21'S, 72.00 
11516,CAMELLA 28'S, 72.00 
15603,CANASONE 0.5G 1'S, 62.00 
10557,CANASONE C.B. CREAM 15 GM., 44.00 
10561,CANASONE C.B. CREAM 25 GM., 66.00 
10556,CANASONE C.B. CREAM 5 GM., 21.00 
10560,CANASONE CREAM 10 GM., 40.00 
10562,CANAZOL-BE CREAM 5 G., 19.00 
10563,CANAZOL-BE CRRAM 15 G., 39.00 
10214,CANDID หู, 67.00 
14033,CANDID-V3 200MG. 3 'S, 25.00 
11416,CANDINOX 1'S มีเครื่องมือ, 22.75 
11419,CANDINOX 6 'S, 16.00 
11418,CANDIX 15 ML.รุ่นใหม่ 72-, 22.00 
15635,CANESTEN BALANCE VAGINAL GEL 7X5ML., 285.00 
10564,CANESTEN CREAM 10 GM 111-, 83.50 
10565,CANESTEN CREAM 20 GM, 143.00 
16745,CANESTEN O.D. CREAM 1% 15 GM., 153.00 
10566,CANESTEN VAG 100 MG. 1x6'S (193-), 157.00 
10567,CANESTEN VAG 500 MG. 1x1'S ( 208-), 170.00 
10571,CAPIROX 20 MG 10x10'S ( 1กล่องมี 10แผง), 185.00 
15695,CAPPLAICIN GEL 30 GM., 73.50 
10828,CAPSIKA GEL 100 G. 0.0125%, 147.00 
10827,CAPSIKA GEL 60 G. 0.0125%, 88.00 
15270,CAPSIKA GEL-25 0.025% 35 GM., 73.50 
14834,CAPSIKA GEL-25 G. 0.025% 15 GM., 36.75 
11070,CARATEN 12.5 MG 10X10'S, 685.00 
11071,CARATEN 25 MG 10X10'S, 881.00 
11069,CARATEN 6.25 MG 10X10'S, 590.00 
10554,CARBOCAL-D 1000 50X10'S, 15.00 
13363,CA-R-BON CAP 10X10'S, 142.00 
16506,CA-R-BON CAP 20X20'S, 445.00 
14548,CARBOPECT 10'S 10X10'S ขายยกกล่อง, 130.00 
16222,CARBOPECT SYRUP 60 ML., 16.25 
14512,CARBOSTAR SYRUP 60 ML (7 STAR), 23.00 
14620,CARBOTIN SYRUP 60 ML, 14.00 
13950,CARBOTIN 500 MG. 20X10'S, 21.50 
16276,CARDELA SCAR GEL 10 GM mck, 61.50 
13969,CARDENOL 10 MG 100X10'S, 200.00 
13970,CARDENOL 40 MG 100X10'S, 340.00 
14450,CARDIPLOT 10 MG.10X10'S สูตร madiplot, 283.00 
14449,CARDIPLOT 20 MG.10X10'S สูตร madiplot, 385.00 
10246,CARDIPRIN 100 MG 90'S 235-, 238.50 
14148,CARDOXA 2 MG 10X10'S ขายยกกล่อง, 91.00 
10582,CARDOXA 4 MG 10X10'S, 142.00 
10585,CARDULA XL 4 MG. 3X10'S, 688.00 
11879,CARINOSE 10X10'S, 93.00 
12035,CARMINATIVE 180 ML.GPO* ขายขาดไม่รับคืน, 17.00 
12037,CARMINATIVE 450 ML GPO ขายขาดไม่รับคืน, 62.00 
14109,CARYOPIN-F 25x10'S, 395.00 
10589,CATAFLAM 25 MG. 20'S, 95.50 
10591,CATAFLAM 50 MG. 2x10's จะปรับราคา 1/7/2026, 166.00 
10588,CATANAC 50 MG 25X10'S ขายยกกล่อง, 295.00 
15749,Cavilon barrier cream 28 g, 257.00 
15750,Cavilon barrier cream 92 g, 560.00 
15752,Cavilon no rinse skin cleanser, 450.50 
15751,Cavilon no sting barrier film, 659.50 
16472,CAVUMOX 1 GM 5X3'S, 162.00 
10586,CAZOSIN 2 MG. 10X10'S, 135.00 
10584,CAZOSIN 4 MG 10X10'S, 410.00 
10344,CB-400 1'S, 5.50 
14544,CB-400 6'S, 19.50 
10521,CDR FORTOS 10'S, 123.00 
15478,CEE-1000 100'S, 187.50 
13507,CEE-500 SWEETLETS 10X10'S T.MAN, 275.00 
10599,CEFSPAN 10X10'S," 2,350.00 "
14082,CELCOX 200 MG. 1X10'S SAHAKAN, 42.00 
16112,CELEBREX 200 MG 5'S < ขายขาดไม่รับคืน>, 120.00 
16111,CELEBREX 400 MG 5'S < ขายขาดไม่รับคืน>, 188.00 
10612,CELEBREX 400 MG 6X10'S < ขายขาดไม่รับคืน>, 409.00 
16209,CELECOXIB T.O. 200 MG 10'S, 42.00 
11300,CELLUFRESH 0.4 ML UD 30 DOSE, 252.00 
10613,CELXIB 200 MG 10'S unison, 49.50 
13828,CELXIB 400 MG 10'S unison, 89.75 
16427,CEMOL ขาวยาว (กล่องฟ้า) 50x10's, 120.00 
12475,"CEMOL 100'S paracetamol 500 mg,", 28.00 
12477,"CEMOL ฟ้า ขาว 100's paracetamol 500 mg,", 29.00 
15326,CENCOPAN S 50X10'S, 9.50 
10629,CENTRUM 100'S, 677.00 
10626,CENTRUM 30'S รุ่นใหม่, 225.00 
10633,CENTRUM SILVER 50+ DS 90'S รุ่นใหม่, 760.00 
10632,CENTRUM SILVER 50+ DS รุ่นใหม่ 30'S, 280.00 
16789,CENTRUM Stresstabs 600+ Iron 30'S, 217.50 
16790,CENTRUM Stresstabs 600+ Zinc 30'S, 217.50 
14838,CEPHADOL 20X10'S, 380.00 
10603,CEPHALEX 500 MG. 10X10'S bkk, 320.00 
11191,CERA (ORS) 4.2 gm 100 ซอง cmed, 164.00 
11192,CERA 25 gm ผลไม้รวม 50 ซองcmed, 145.00 
15893,CERA 25 gm รสส้ม 50 ซองcmed, 148.00 
11194,CERA PLUS 25 gm +COLLAGEN รสMIXBERRY 10 ซองcmed, 71.00 
11193,CERA PLUS 25 gm +MTV รสทับทิม 10 ซองcmed, 71.00 
15121,CERAVE MOISTURISING CREAM 454 GM. ผิวแห้ง-แห้งมาก, 570.00 
15888,CERAVE MOISTURISING CREAM 454 GM. แพคคู่ ผิวแห้ง-แห้งมาก, 965.00 
15120,CERAVE MOISTURISING LOTION 473 ML. ผิวธรรมดา-แห้ง, 475.00 
15889,CERAVE MOISTURISING LOTION 473 ML. แพคคู่ ผิวธรรมดา-แห้ง, 780.00 
15118,CERAVE BLEMISH CONTROL CLENSER 236 ml. ทำความสะอาดผิวมันสิว, 364.00 
14598,CERAVE cream to foam cleanser 100 ml.(ล้างและเช็ดใน 1 ขั้นต, 211.00 
15517,CERAVE creamy to foam cleanser 236 ml.(ล้างและเช็ดใน 1 ขั้นต, 390.00 
15119,CERAVE FACIAL MOISTURISING LOTION 52 ML., 435.00 
15516,CERAVE foaming cleanser 236 ml. (ขจัดความัน ต้นเหตุสิว), 352.00 
14597,CERAVE foaming cleanser 88 ml. (ขจัดความัน ต้นเหตุสิว), 189.00 
16352,CERAVE foaming cleanser 88 mll. X 6 ( BOX SET)," 1,030.00 "
15515,CERAVE hydrating cleanser 236 ml. ทำความสะอาดผิวแห้งมาก, 312.00 
14594,CERAVE hydrating cleanser 88 ml. ทำความสะอาดผิวแห้งมาก, 141.00 
16351,CERAVE hydrating cleanser 88 ml.X 6 ( BOX SET), 790.00 
14595,CERAVE moisturising cream 50 ml. 1.69 oz เนื้อครีมเข้มข้น, 143.50 
16350,CERAVE moisturising cream 50 ml. X 6 ( BOX SET), 810.00 
14596,CERAVE moisturising lotion 88 ml. 3 oz เนื้อโลชั่นบางเบา, 185.00 
16349,CERAVE moisturising lotion 88 ml. X 6 ( BOX SET)," 1,030.00 "
15229,CERAVE Resurfacing Retinol Serum 30 ml., 519.00 
14599,CERAVE SA SMOOTHING cleanser 8 oz ล้างและผลัดเซลผิว, 369.00 
15883,CERAVE SA SMOOTHING cleanser 88 ml ล้างและผลัดเซลผิว, 185.00 
15231,CERAVE Skin Renewing Vitamin C Serum 30 ML., 649.00 
11256,CERAZETTE 28'S, 186.50 
15300,CERUVIN 3X10'S RANBEXY, 255.00 
11544,CESOLINE 25 MG. 50X10'S (hydralazine) CPL, 13.50 
10649,CETAB SYRUP 60 ML, 20.00 
16389,CETAPHIL GENTLE EXFOLIATING SA CLEANSER 236 ML., 320.00 
12886,CETAPHIL GENTLE SKIN CLEANSER 4 OZ, 162.00 
12888,CETAPHIL GENTLE SKIN CLEANSER 500ML, 409.00 
15520,CETAPHIL HYDRATING FOAMING CREAM CLEANSER 236 ML, 318.50 
12887,CETAPHIL MOISTURIZING CREAM 100 GM., 172.00 
15872,CETAPHIL MOISTURIZING CREAM 453 GM., 653.00 
14576,CETIRIZIN 50X10'S สหแพทย์ ขายยกกล่อง, 115.00 
10643,CETRICIN SYRUP 60 ML., 15.50 
10655,CETRIZIN T.O 50X10'S, 260.00 
10642,CETRIZIN 10x10t T.O, 62.00 
10644,CETTEC 10X10'S, 52.00 
10650,CETTEC SYRUP 100 ML., 20.00 
13506,C-FORCE 100'S 7 STAR, 279.00 
10681,CHA FITNE 20 G. ซิป 10ซอง รุ่นใหม่ 57-, 40.75 
10662,CHA FITNE 40 G. ซิป 98-, 70.00 
10663,CHA FITNE 80 G. ซิป, 127.00 
10664,CHA FITNE เก็กฮวย 20 G. ซิป 57-, 40.75 
10665,"CHA FITNE เก็กฮวย 37.5 G,ซิป 98-", 70.00 
10677,CHA FITNE เก็กฮวย 75 G. ซิป 178-, 127.00 
10666,CHA FITNE ชาเขียว 18.80 G. 57-, 40.75 
10667,CHA FITNE ชาเขียว 35.25 G.98-, 70.00 
10671,CHA FITNE ชาเขียว 70.50 G, 127.00 
15860,CHA FITNE แบลคเคอร์แรนท์ 33.75 G. ซิป 15 ซอง, 70.00 
14030,CHA FITNE สตรอเบอร์รี่ 25.8 G ซิป 12 ซอง, 70.00 
10659,CHA งามระหง ชง 30 ซอง 90-, 59.50 
10660,CHA งามระหง เม็ด 80 T ใหม่ 45-, 37.50 
10668,CHA ชาเม็ดตราใบแก้ว กล่อง รุ่นใหม่ 25-, 278.00 
14078,CHALKCAP- 1000 10X10'S ขายยกกล่อง, 175.00 
16204,CHAMO-LICO propolis plus 20 ml, 61.00 
16272,CHEMTRUE CASSETTE amphetamine strip แบบหยด, 20.00 
16690,CHEMTRUE COVID-19 (sars-cov-2)atk ขายขาดไม่รับคืน, 15.00 
10685,CHLORGEST DROP, 29.00 
10690,CHLOR-PYRAD 15 GM., 14.00 
11829,CHLOVAS-20 3X10'S, 245.00 
11828,CHLOVAS-40 3X10'S, 255.00 
16094,CHLOVAS-ZIS 20 3X10'S, 268.00 
14868,CHLOVAS-ZIS 40 MG 3X10'S ขายยกกล่อง, 255.00 
11931,CHOLEZZ สารสกัดจากคริล ออยล์ 30'S, 535.00 
13416,CIALIS 20 MG. 4'S ขายขาดไม่รับคืน," 1,810.00 "
16255,CIALIS 5 MG. 28'S ขายขาดไม่รับคืน," 3,525.00 "
16520,CICOUGH KIDS SYRUP 100 MG 60 ML. carbocistein AMM, 30.00 
10703,CIFLOXIN 500 MG. 10'S siam, 65.00 
10700,CIFRAN 500 MG. 10X10'S, 330.00 
10696,CINNATAB FOIL 50X10'S, 3.00 
16213,CINTAR TABLETS 10X10'S patar, 36.00 
10704,CIPROXYL 500 MG. 10X10'S, 225.00 
11985,CIRCADIN 2 MG. 15'S, 415.00 
11349,CISTEINE 100 MG 60 ML., 31.75 
11350,CISTEINE 250 MG 60 ML., 35.75 
11352,CISTEINE TAB 375 MG. 12'S, 28.25 
15114,CISTEINE TAB 500 MG. 10'S, 40.00 
14913,CLARICARE NASAL SALINE ADULT SPRAY 100 ML., 169.00 
15528,CLARICARE NASAL SPRAY 0.05% 15 ML, 126.00 
15373,CLARIE OD 500 MG. 7'S prolonged-relrase tablets, 290.00 
10706,CLARITYNE TAB 10'S, 130.00 
11753,CLARON 500 MG. 10'S, 185.00 
14389,CLEANSINGI WIPES health impact 50 SHEET, 41.00 
15963,Clena EX 15 g anti melasma แก้ฝ้า, 131.00 
14331,CLENASCAR 7 GM, 69.00 
11279,CLENS 100 8 ML., 112.00 
10891,CLINDALIN GEL 5 GM. 10หลอด/กล่อง, 35.00 
10892,CLINDA-M 15 ML. 79-, 43.00 
10918,CLINDAMAN GEL 5 G., 21.50 
10896,CLINDAVID- 300 MG. 10X10'S, 277.00 
16372,CLINIBLU SYRUP 60 ML bkk, 33.00 
10945,CLINICOLD 60 ML. bk, 24.00 
10948,CLINICOLD TABET 10X10'S. bk, 152.00 
16268,CLINIPECT 250 MG 60 ML., 44.00 
16369,CLINIVATE CREAM 15 GM., 25.00 
10376,CLINIVATE-N CREAM 15 GM., 29.50 
16363,CLINIVATE-N CREAM 35 GM., 58.50 
16655,CLINIVATE-N CREAM 5 GM., 15.00 
10989,CLINODERM CREAM 15 GM., 39.25 
14671,CLINODERM CREAM 35 GM., 80.00 
16597,CLINODERM CREAM 5 GM., 20.00 
15271,CLINOVIR- 800 MG. 7X5'S bkk, 250.00 
10052,CLINOVIR CREAM 5 GM, 30.50 
10981,CLOBET CREAM 10 GM., 33.50 
10980,CLOBET CREAM 5 GM., 23.00 
10979,CLOBETATE 15 GM., 35.00 
10988,CLOBETATE SCALP 0.05%, 42.00 
10987,"CLODERM 15 gm,", 82.00 
15964,CLODERM ointment 15 gm., 82.00 
14816,CLODERM SCALP APPLICATION 30 ML., 120.00 
15894,CLOPIDOGEL 10x10'S GPO ขายขาดไม่รับคืน, 252.00 
13211,CLOPIDOGREL 2X14'S sandoz, 496.00 
11871,CLOPIROX 15 ML., 75.00 
14972,CLOTRIN-B CREAM 15 G., 24.50 
15925,CLOVER HEBS 60 มล., 15.00 
16553,CLOVIN CREAM 5 GM. acyclovir แอดวานซ์, 15.00 
10151,coamox 500 MG. 10X12'S BLISTER, 245.00 
10158,COAMOX 500 MG. 500'S, 670.00 
10159,COAMOX 125 DRY ชมพู, 23.50 
10157,COAMOX 125 DRY ส้ม 60 ML, 23.50 
10160,COAMOX 250 DRY, 32.25 
10150,COAMOX 50X10'S ขายยกกล่อง, 700.00 
11176,"COBAN เทปพันยืดหยุ่น 1"" MONTANA", 35.00 
11179,COBAN เทปพันยืดหยุ่น 2' สีน้ำตาล MONTANA, 39.00 
11175,COBAN เทปพันยืดหยุ่น 3' สีน้ำตาลMONTANA, 55.00 
10705,COBAY-500 25X10'S, 329.00 
10717,COCLOX DRY SYRUP, 25.00 
14740,COCONUT OIL PLUS MCT OIL 3X10'S (MSP), 222.00 
10722,COD LIVER PATAR 60'S รุ่นใหม่, 45.25 
11077,CO-DIOVAN 160/25 28'S, 838.00 
11075,CO-DIOVAN 80/12.5 MG. 2X14'S, 622.00 
11084,CODIPHEN TABLET 1X10'S, 25.00 
10725,COLCHICINE LILY 100'S, 455.00 
10729,COLD HOT PACK 10x25 cm size M montana, 132.00 
10743,COLD HOT PACK 12X10.5 cm size S MONTANA, 65.00 
14639,COLD HOT PAD 10x25 cm BIG long med, 77.00 
14640,COLD HOT PAD 12X10.5 cm SMALL long med, 40.00 
14732,COLLAGEN 5000 MG 15 G/8 SACHETS mixberry (MSP), 255.00 
10747,COLLOMACK 10 ML., 98.25 
11219,COLOFAC 135 MG. 50'S, 404.00 
16138,Colosure 400 GM นมเสริมภูมิคุ้มกันและกล้ามเนื้อ, 378.75 
16479,Colosure 800 GM นมเสริมภูมิคุ้มกันและกล้ามเนื้อ, 758.00 
16288,COLPERMIN 10X10 ขายยกกล่อง, 755.00 
15155,COMBIC 33 60 ML., 50.00 
15498,COMBIF AR 3x10'S, 405.00 
11237,COMBIF AR 10'S, 168.00 
10751,COMBIZYM (TAB) 10X10'S exp 1/2027 มีล๊อตเดียว, 722.00 
12418,COMFORT 100, 98.50 
15982,COMFY LOZENGE Honey Lime&Mint 1X8'S, 12.00 
10750,CON CON 15 ML., 41.00 
12795,CONCEPT SCAR GEL PLUS 7 GM, 169.00 
10754,CONCOR 2.5 10X10'S, 610.00 
10756,CONCOR 5 10X10, 842.00 
10758,"CONFORMING longmed 2""X5Y ( ขายยกกล่อง )", 53.00 
10759,"CONFORMING longmed 3""x5y ( ขายยกกล่อง )", 75.00 
10762,"CONFORMING longmed 4""x5y ( ขายยกกล่อง )", 96.00 
11883,CONTROLOC 20 MG. 14'S, 614.00 
11884,CONTROLOC 40 MG. 14'S, 806.00 
15463,COOL BABY เจลลดไข้เด็กเล็ก 3x2's(0-24 เดือน;NANOMED), 54.00 
15466,COOL KIDS EXTRA COOL เจลเย็นพิเศษสดชื่น 3x2's(NANOMED), 54.00 
15464,COOL KIDS เจลลดไข้เด็กโต 3X2'S (NANOMED), 54.00 
15467,COOL TEMP SOOTHING ROLLER BALL ลูกกลิ้งนวดขมับ, 78.00 
15465,COOL TEMP เจลลดไข้ผู้ใหญ่ 3x2's(NANOMED), 57.00 
11039,COOLNAC GEL 30 GM. DICLOFENAC CCB, 25.00 
15578,COOLPAD CHILDREN (1ซอง/กล่องx2แผ่น)kress, 23.75 
11606,COPROFEN 400 MG.50X10'S, 440.00 
11603,COPROFEN SYRUP 60 ML., 18.50 
14799,CORDED REUSABLE EARPLUGS 1คู่, 75.00 
12765,COROXIN 150 MG. 10X10'S, 145.00 
12762,COROXIN 300 MG. 10X10'S, 270.00 
11928,COSANAL สารสกัดจากเปลือกอ้อย 30'S, 340.00 
11285,COSOPT EYE DROP 5 ML., 520.00 
15574,COTREN VAGINAL TABLET 1'S, 22.00 
10784,COTTON ( KARISMA ) KING SIZE, 30.00 
10781,COTTON ( KARISMA ) แผ่นกลม 80 แผ่น, 25.50 
10780,COTTON ( KARISMA )BALL40 GM., 12.25 
10783,COTTON ( KARISMA )แผ่น 50 GM., 19.25 
10782,COTTON ( KARISMA )แผ่น single sheet 100 แผ่น, 25.00 
10777,COTTON BUD 100 ก้านรถพยาบาล, 12.00 
10778,COTTON SINGLE SHEET แผ่นเดี่ยว 100 แผ่น รถพยาบาล, 26.50 
10776,COTTON WOOL (17-) 12GM.(1ห่อมี 50 แผ่น), 312.50 
10771,COTTON WOOL (2-)(1ห่อมี 50 แผ่น), 1.32 
10773,COTTON WOOL (85-)200g พยาบาลม้วน, 49.00 
14546,COTTON WOOL ก้อน longmed 40GM, 13.00 
14517,COTTON WOOL ก้อน รถพยาบาล0.35 GMน้ำหนัก 20 กรัม, 7.25 
10774,COTTON WOOL ก้อน รถพยาบาล40GM 32-, 13.75 
10775,COTTON WOOL แผ่น รถพยาบาล50 GM., 20.00 
14438,COTTON WOOL แผ่นกลม รถพยาบาล 80 แผ่น, 25.50 
10772,COTTON WOOL รถพยาบาล(27-) 25GM พยาบาลม้วน, 10.25 
14026,COTTON แผ่น แบบรีดข้าง รถพยาบาล 100 แผ่น 50 กรัม, 26.50 
11001,COUGO 5X4'S, 18.75 
10815,COUNTERPAIN 120 GM 1ลังมี 24 หลอด, 126.00 
10817,COUNTERPAIN 30 GM 1ลังมี 60 หลอด, 42.00 
10816,COUNTERPAIN 60 GM 1ลังมี 30 หลอด, 72.00 
10820,COUNTERPAIN COOL 120 GM 1ลังมี 24 หลอด, 133.50 
10818,COUNTERPAIN COOL 30 GM 1ลังมี 60 หลอด, 49.50 
10819,COUNTERPAIN COOL 60 GM 1ลังมี 30 หลอด, 79.00 
14649,COUNTERPAIN PLASTER COOL 1 กล่องมี 10 ซอง ขายยกกล่อง, 535.00 
14650,COUNTERPAIN PLASTER WARM 1 กล่องมี 10 ซอง ขายยกกล่อง, 535.00 
16609,COUNTERPAIN PLASTER SAKURA (กลิ่น ซากุระ), 59.50 
16608,COUNTERPAIN PLASTER WHITE TEA(กลิ่น ไวท์ที), 59.50 
10821,COUNTERPAIN PLUS 25 GM., 121.00 
10823,COUNTERPAIN PLUS 50 GM., 205.00 
10837,COVERSYL 5 MG. 30'S, 474.00 
10836,COVERSYL ARGININE PLUS 5/1.25 MG. 30'S, 475.00 
13401,COXIUM CAPSULE 500 MG. 10X10'S, 238.50 
13403,COXIUM POWDER 1500 MG. 1X30 SACH, 310.00 
13921,COXIUM TABLET 1500 MG. 1X30 'S, 300.00 
14060,COXMULTIVIT SYRUP 60 ML., 36.00 
10838,COZARR 50 MG 30'S, 900.00 
10687,CPM 4 mg.เม็ดเหลือง 1X100 's asu, 6.25 
10867,CRAVIT 500 MG 5'S, 370.00 
10868,CRAVIT OPHTHALMIC 5 ML. Levofloxacin, 127.00 
15262,CRAXACIN 500 MG 10'S, 95.00 
11198,CREAM 91E, 43.50 
15079,CREON 10000 1X 10'S, 205.00 
11814,CRESTOR 10 MG. 28'S," 1,010.00 "
11813,CRESTOR 20 MG. 28'S," 1,520.00 "
11754,CRIXAN 500 MG. 5X14'S, 270.00 
16611,CROBREL moist ointment plus 20 g, 66.50 
15926,CT-KAPROLIS PLUS MOUTH SPRAY 15 ML, 62.00 
12993,CUTICELL C 10 CM X10CM, 90.00 
10900,CYBELE SCA KIDS 9 GM., 138.00 
10907,CYBELE SCAGEL UV SPF 30 9 GM., 148.00 
10906,CYBELE SCAGEL UV SPF 30 19 GM., 270.00 
10901,CYBELE SCAGEL 19 GM, 250.00 
10905,CYBELE SCAGEL 4 GM., 69.00 
10895,CYBELE SCAGEL 9 GM., 137.00 
14999,CYBELE SCAGEL19G +19 gm.แพคคู่, 350.00 
15129,CYBELE SCAGELPLUS 10 GM., 201.00 
10873,CYCLO-PROGYNOVA 21'S, 166.00 
13948,CYPROHEPTADINE 1000.S ขาวกลม, 100.00 
14582,CYSTALINE 600 แบบแผง 1x5x4'S, 168.00 
11376,CYSTALINE 600 หลอด 10'S, 104.00 
15259,D THROAT SPRAY 0.15% 15 ML. LEMON สำหรับเด็ก, 162.00 
15258,D THROAT SPRAY 0.3% 15 ML. LEMON, 162.00 
15257,D THROAT SPRAY 0.3% 15 ML. MINT, 162.00 
16184,D THROLIS KIDS MOUTH SPRAY 10 ML. stada, 100.00 
10893,DACIN-F 300 10X10'S, 320.00 
10882,DAFLON 1000 MG 3x10'S servier, 583.00 
10877,DAFLON 500 MG 2x15'S servier, 290.00 
11028,DAFNE 35 1X21'S, 90.75 
10878,DAFOMIN 500 MG. 3X10'S, 135.00 
10881,DAFOMIN 500 MG.30X10'S, 990.00 
15676,DAILYTON 20x1x28's(MASA), 62.50 
11675,DAINOX CAP 1000'S, 250.00 
10886,DAIVOBET OINTMENT 15 GM., 555.00 
10883,DAIVONEX calcipotriol 50 mcg/g. 30 gm, 578.00 
10884,DAIVONEX SCALP 30 ML., 630.00 
10889,DALACIN-T SOLU 10 ML, 82.50 
15178,DANDRIL100 ML., 68.00 
10928,DAONIL 100 เม็ด, 300.00 
11188,D-CHAMP 50 ซอง มะนาว, 146.00 
11183,D-CHAMP 50 ซอง ส้ม, 146.00 
11008,D-COAT 500'S, 510.00 
11010,D-COAT 50X10'S **ร้านละ 1 กล่อง**, 510.00 
10939,DEANXIT 10x10'S ขายขาดไม่รับคืน 4/2027, 530.00 
10941,DECOLGEN PRIN จะปรับราคา, 188.00 
16504,DEEDAY BIO C& Multivitaminn Plus Elderberry 120 ml, 189.00 
16502,DEEDAY BIOMAG PLUS VITAMINS 3X10'S, 147.00 
16503,DEEDAY BIOTIN (H) PLUS ZINC 6X10'S, 180.50 
14725,DEEDAY LUTI-BERRY MIXED 30'S SOFTGEL, 211.50 
14042,DEFUNGO 1 เม็ด 0.5 gm ขายขาดไม่รับคืน, 25.25 
14215,DEFUNGO 6 เม็ด 0.1 G., 25.25 
14400,DEFUNGO CREAM 10 gm, 41.00 
12894,DEHECTA 20 POUCHES macrophar, 466.00 
15442,DEHEC-Z 60 ML. (ZINC SYRUP 15MG/5ML ), 75.00 
13365,DELTACARBON 10X10'S, 225.00 
14111,DELTACARBON รุ่นใหม่ 10'S, 24.00 
14349,DELTACHARCOAL รุ่นใหม่ 10'S, 100.00 
14391,DELYTE-ORS รสส้ม 10 ซอง, 40.00 
15068,DENAC GEL 30 GM., 25.00 
16058,DENOX SPRAY 0.05% (สูตร OTRIVIN), 72.00 
16057,DENOX SPRAY 0.1% (สูตร OTRIVIN), 83.00 
15398,DENTISTE HYGENIC BREATH SPRAYสเปรย์ระงับกลิ่นปาก 15 ml, 118.00 
15554,DENTISTE KIDS GUM&TEETH ULTRASOFT คละสี, 58.00 
15557,DENTISTE KIDS GUM&TEETH ULTRASOFT เพนกวิน, 58.00 
15555,DENTISTE KIDS GUM&TEETH ULTRASOFT แมวน้ำ, 58.00 
15556,DENTISTE KIDS GUM&TEETH ULTRASOFT ยีราฟ, 58.00 
15399,DENTISTE TRAVEL SET, 97.50 
15400,DENTISTE แปรงอิตาลี, 37.00 
16353,DENTISTE ไหมขัดฟันมีด้ามจับ20ชิ้น, 31.00 
15397,DENTISTE ไหมขัดฟันมีด้ามจับ40ชิ้น, 48.50 
15381,DENTISTE 100 GM. + แปรงแนวตั้ง, 168.00 
10951,DENTISTE 100 GM. TUBE, 164.00 
10964,DENTISTE 160 GM., 233.00 
10965,DENTISTE 50 GM., 100.25 
14470,DENTISTE andrographis MOUTH SPRAY 3 ML., 56.00 
15558,DENTISTE KID TOOTH PASTE 60 GM. max fruit รสผลไม้รวม, 135.50 
15559,DENTISTE KID TOOTH PASTE 60 GM. max strawberryรสตรอเบอรรี่, 135.00 
14614,DENTISTE MOUTH SPRAY ZINC 10 ML., 77.00 
15553,DENTISTE MOUTH SPRAY ZINC 20 ML.+หัวสเปรย์, 130.00 
16431,DENTISTE premium care toothpaste 100 g NEW, 216.50 
15382,DENTISTE WHITE PREMIUM 100 GM., 193.00 
15383,DENTISTE WHITE ไหมขัดฟัน 50 เมตร + 10 เมตร, 65.00 
10969,DEPAKINE CHRONO 500 MG.30'S, 358.00 
16455,DERAREZ 6x1x21's สูตร YASMIN, 233.00 
16583,DERCOS ENERGY+AMINEXIL SHAMPOO STIMULANT 200 ML., 349.00 
16118,DERCOS SHAMPOO ANTI-DANDRUFF 200ml.(VICHY), 349.00 
10879,DERFALON 3X10'S, 100.00 
10985,DERMAHUE 15 GM., 55.00 
10978,DERMAHUE 25 GM. ใหม่, 88.00 
10984,DERMAHUE 5 GM., 27.50 
16144,DERMAHUE 50 GM. ใหม่, 163.00 
16482,DERMAMAN CREAM 25 GM., 26.00 
15509,DERMAMAN CREAM 5 GM., 14.00 
15732,DERMAMAN OINTMENT 15 GM., 36.50 
15639,DERMAMAN OINTMENT 5 g, 20.00 
14226,DERMATIX ACNE SCAR 5 GM, 226.75 
12801,DERMATIX ULTRA GEL 5 GM, 366.00 
12802,DERMATIX ULTRA GEL 9 GM, 575.00 
12800,DERMATIX ULTRA GEL 15 GM, 737.00 
14493,DERMATIX ULTRA KIDS GEL 5 GM, 366.00 
15157,DERMATIX WOUND CARE 20 GM., 182.00 
15351,DERMATIX WOUND CARE 50 GM., 320.50 
10973,DERMATOP 5 GM., 53.00 
10495,DERMAZIN CREAM 25 GM., 63.50 
11122,DERMEXCEL 10% 30 GM. 2M, 48.75 
16087,DERMISKIN Moisturizer skin 30 GM. สูตร bepanthen, 89.00 
16287,DERMODACYN (WOUND CARE SPRAY) 60 ML, 350.00 
16286,DERMODACYN (WOUND HYDROGEL) 60 ML, 445.00 
14786,DERMOGRAM SCAR PLUS GEL 10 GM เดิมชื่ dermelltaสูตร dermatix, 123.00 
10976,DERMOVATE 100 GM, 599.00 
10975,DERMOVATE 15 GM, 149.00 
10974,DERMOVATE 5 GM, 54.00 
10986,DERMOVATE OINTMENT 100 GM., 710.00 
10982,DERMOVATE OINTMENT 5 GM., 57.00 
10977,DERMOVATE SCALP, 187.00 
12703,DERTEC 15 GM., 44.50 
12702,DERTEC 5 GM., 19.75 
15041,DESLORA SYRUP 0.5 MG 60 ML., 71.00 
15042,DESLORA 5 MG TABLET medic 10'sไม่รับคืน (EXP 2/2027), 40.00 
10712,DESLORATADINE SANDOZ 10'S, 117.00 
15443,DESTA SYRUP 0.5 MG 60 ML., 89.00 
15444,DESTA TAB 10'S, 49.50 
13879,DETTOL 1000 ML, 542.00 
14255,DETTOL 4000 ML," 1,475.00 "
10994,DETTOL 500 ML, 332.00 
14266,DETTOL MULTI SURFACE SPRAY 450 ML สีเขียว, 187.00 
14155,DETTOL MULTI SURFACE SPRAY 450 ML สีฟ้า, 146.00 
14265,DETTOL MULTI SURFACE SPRAY 450 ML สีม่วง, 199.00 
16778,DETTOL WIPE 10 ชิ้น สีเขียว, 35.00 
12364,DEWAX 15 ML., 53.00 
12584,DEXILANT 30 MG. 4X7'S ไม่รับเปลี่ยนคืนทุกกรณี," 1,835.00 "
12585,DEXILANT 60 MG. 4X7'S," 2,140.00 "
11000,DEX-OPH 4 ML 42- * ร้านละ 1 โหล *, 21.00 
14954,DEXPENTEN 35 GM. สูตร bepanthen nova, 60.50 
11117,DEXTIDERM 35 GM., 59.00 
16730,DEZLO 5 MG 10'S desloratadine atlanta, 50.00 
11405,DEZOR CREAM 15 GM., 99.00 
12239,DEZOR SHAMPOO 60 ML., 90.00 
13998,DEZTANEX 5 MG 10'S, 66.00 
16125,DHA 100 MEGA 30'S, 99.00 
16126,DHA 500 MEGA 30'S, 260.00 
11954,DHA-125 TUNA FISH OIL 100'S หมดแล้วเลิกผลิต, 394.00 
14150,DIABEDERM 10% 15 G. bk, 26.00 
11118,DIABEDERM 10% 35 GM. bk, 52.50 
14151,DIABEDERM 20% 15 GM. bk, 32.75 
11119,DIABEDERM 20% 35 GM. bk, 65.25 
16228,DIABEDERM LOTION10% 200ml. bk, 196.00 
15634,DIACERIC 50MG (artrodar) 3X10'S, 320.00 
11020,DIAMICRON MR 60 MG. 30'S, 396.00 
11022,DIANE-35, 159.00 
11676,DIARIN 50 X 10'S, 162.00 
12590,DIAVIT 10'S, 86.50 
11085,DIBENDRYL 25 MG 10X10'S, 167.00 
11585,DICHLORTIDE MSD 1X500'S, 630.00 
11058,DICLOXA RX 500 MG. 25X10'S ขายยกกล่อง, 505.00 
14514,DICLOXHIM125 SYRUP 60 ML. ไม่มีช้อน, 36.25 
15337,DICLOXMED 500 MG. 50X10'S, 750.00 
16518,DIFAZT 50 MG( diclofenac potassium) SOFT GEL 10'S, 45.00 
11036,DIFELENE 1% GEL 30 GM., 32.75 
11035,DIFELENE 25 MG. TAB 10'S, 12.00 
11044,DIFELENE 50 MG. 24X10'S, 19.00 
11048,DIFELENE GEL 100 GM., 87.50 
11047,DIFELENE GEL 15 GM., 20.00 
11045,DIFELENE GEL 60 GM., 60.00 
11054,DIFENGESIC 35 GM., 28.50 
14944,DIFFCOF 200 ML. น้ำเงิน, 106.50 
16067,DIFFCOF HERBAL CHESTY COUGH 100 ML, 138.00 
12727,DIFFERIN GEL 0.1% 15 GM, 362.00 
15319,DIFFERIN GEL 0.1% 30 GM, 576.00 
16304,DIFFLAM FOR CHILDREN THROAT SPRAY 30 ML . INOVA, 218.00 
11847,DIFFLAM FORTE SPRAY 15 ML. INOVA, 219.00 
15329,DIFFLAM LOZENGES TAB2X8 lemon sugar-free INOVA, 155.00 
11852,DIFFLAM LOZENGES TAB2X8 TAB mint INOVA, 159.00 
11842,DIFFLAM SOLUTION 100 ML., 105.50 
11851,DIFFLAM SOLUTION 200 ML., 191.00 
14995,DIFFLAM ลูกอม 12' HONEY LEMON blister INOVA, 40.00 
14996,DIFFLAM ลูกอม 12' ORANGE+VIT C blister INOVA, 40.00 
14994,DIFFLAM ลูกอม 12' SWILD BERRY blister INOVA, 40.00 
11863,DIFFLAM ลูกอม 8' SWILD BERRY 1 กล่อง 24 ซอง INOVA, 20.00 
11861,DIFFLAM ลูกอม 8'S H&L 1 กล่อง 24 ซอง INOVA, 20.00 
11862,DIFFLAM ลูกอม 8'S VIT C 1 กล่อง 24 ซอง INOVA, 20.75 
11864,DIFFLIS HERBAL MOUTH SPRAY INOVA 15 ML, 102.00 
11062,DIFLUCAN 150 MG 1'S, 172.00 
13202,DIGIDTAL THERMOMETER SOS BT-A11CN, 73.00 
16423,DIGITAL THERMOMETER FEATURES ปลายแข็ง, 52.00 
16424,DIGITAL THERMOMETER FEATURES ปลายอ่อน, 62.00 
13194,DIGITAL THERMOMETER OMRON MC-246, 177.00 
11067,DILANTIN CAP 100'S, 393.00 
11542,DILIZEM 30 MG 10X10'S, 157.00 
11543,DILIZEM 60 MG 10X10'S, 275.00 
11072,DIMENHYDRINATE 100x10'S T MAN ขายยกกล่อง, 260.00 
14820,DIMENHYDRINATE A.U. 100X 10'S, 199.00 
11073,DIMENHYDRINATE B.K. 100X 10'S, 220.00 
11034,DINAC-FORTE 50X10'S, 200.00 
14964,DINAC-FORTE01000'S, 323.00 
14247,DIOCTOL (Docusate sodium 100 mg), 198.00 
11911,DIORA 21 'S, 36.00 
11912,DIORA 28 'S, 36.00 
10880,DIOSMIN 3X10;S, 115.00 
14543,DIOSMIN 45X10;S," 1,300.00 "
11076,DIOVAN 160 MG. 2X14'S, 750.00 
11074,DIOVAN 80 MG. 2X14'S, 635.00 
10068,DIOXZYE ORAL DROP 15 ML, 41.00 
16406,DIOXZYE MINT 10X10'S, 132.00 
10070,DIOXZYE MINT 25X10'S, 13.50 
10067,DIOXZYE ORANGE 25X10, 333.00 
15618,DIOXZYE ORANGE 50X10, 665.00 
12027,DIPAZIDE 10x10's (glipizide) siam, 131.00 
11087,DIPROSALIC OINTMENT 15 GM, 232.00 
11086,DIPROSALIC OINTMENT 5 GM, 100.50 
11090,DIPROSONE CREAM 15 GM, 142.00 
11089,DIPROSONE CREAM 5 GM, 62.00 
11088,DIPROTOP OINTMENT 5 GM., 80.00 
10097,DIRAM 25x4'S ขายยกกล่อง, 122.00 
14314,DISOL 10X10'S bromhexine 8 mg siam, 77.00 
14333,DISOL FORTE ELIXEIR 8 MG 60 ML, 49.50 
10942,DITAP DROP 15 ML., 19.00 
11982,DOFLAM 50 MG( diclofenac potassium) 10'S, 73.50 
13994,DOIZ 50 MG 10'S (สูตร ganaton), 87.00 
16309,DOMSTAR SYRUP 30 ML domperidone 7S ไม่มีช้อน, 13.00 
12644,DOPROCT OINTMENT 10 GM., 54.00 
12643,DOPROCT SUPPO 10'S, 54.00 
10255,DORMIRAX 10 MG. 1000'S, 210.00 
10257,DORMIRAX 25 MG. 500'S, 292.00 
10256,DORMIRAX 25 MG.10X10'S, 125.00 
14294,DOSANAC 25 MG. TAB 10'S, 12.50 
14295,DOSANAC 50 MG.10'S, 16.00 
15081,DOSANAC 50 MG.10x10'S ขายยกกล่อง, 160.00 
12356,DOSATE 20 MG 25X10'S, 135.00 
16178,DOXIN 100 MG 25X10'S ASIAN-P, 335.00 
16707,DOXY 100 MG 10X10'S MASA, 130.00 
14413,D-PRAZOL 14'S แพคละ 12 กล่อง, 31.00 
15277,Dr.O ACNES SPRAY 100 ML, 265.00 
11101,DRAMAMINE 10x10'S, 143.00 
11102,DRAPOLINE CREAM, 128.00 
14437,DRESSING SET เซตทำแผล 1กล่องมี 10 ชุด, 14.00 
11930,D-TOXI 30'S, 320.00 
15224,DULCOLAX 10X10'S, 290.00 
13900,DUODART 0.5 mg/0.4 mg 30'S," 1,530.00 "
14227,DUODERM CGF 4in * 4 in 5 ชิ้น, 600.00 
10735,DUODERM EXTRA THIN 4in * 4 in 10 ชิ้น, 800.00 
16747,DUOGAS 1X14'S macrophar, 28.00 
16041,DUPHACARE 200 ML. พลัม, 237.00 
11217,DUPHALAC 100 ML., 119.00 
15077,DUPHALAC 200 ML., 228.00 
16042,DUPHALAC STICK 667MG/ML 20 STICK 15 ML, 368.00 
11602,DURAN 400 MG. กลมชมพู 10'S, 19.00 
13971,DURAN suspension100 mg. 60 ml., 26.50 
15880,DUREX AIRY 10 ชิ้น, 235.00 
11131,DUREX AIRY 2 ชิ้น, 56.00 
16446,DUREX CHOCOLATE 12 ชิ้น, 214.00 
15508,DUREX CHOCOLATE 3 ชิ้น, 59.00 
14037,DUREX COMFORT 10 ชิ้น, 214.00 
11127,DUREX COMFORT 3 ชิ้น, 71.00 
16069,DUREX COOLMINT 3 ชิ้น, 59.00 
11141,DUREX DUAL PLESURE 3 ชิ้น, 77.00 
11145,DUREX EXCITA 3 ชิ้น, 44.75 
16445,DUREX EXPLORE 10 ชิ้น, 99.00 
11152,DUREX EXPLORE 3ชิ้น, 35.25 
11134,DUREX FETHERITE 12 ชิ้น, 215.00 
11146,DUREX FETHERITE 3 ชิ้น, 59.00 
11138,DUREX FETHERLITE ULTIMA, 65.00 
11142,DUREX KINGTEX 12 ชิ้น, 124.00 
11147,DUREX KINGTEX 3 ชิ้น, 35.25 
11130,DUREX LOVE 12x3's, 35.00 
15220,DUREX PERFORMA 10 ชิ้น, 202.00 
11151,DUREX PERFORMA 3 ชิ้น, 65.00 
11128,DUREX PLAY 100 ml. 230-, 173.00 
14810,DUREX PLAY STRAWBERRY 50 ML, 120.00 
11125,DUREX PLAY 50 ML, 95.00 
11129,DUREX PLAY STRAWBERRY 100 ML. 289-, 229.00 
11133,DUREX PLAY WARM 100 ML. 289-, 228.00 
15823,DUREX PLAY แบบซองพกพา 3x5 ml. STRAWBERY, 46.00 
14299,DUREX PROTECT 12x3's, 32.00 
11149,DUREX SENSATION 3 ชิ้น, 59.00 
11139,DUREX STRAWBERRY 12 ชิ้น 258-, 215.00 
11150,DUREX STRAWBERRY 3 ชิ้น, 59.00 
11221,DUSPATIN 135 10X10'S, 297.00 
16242,Dutasteride 0.5 mg TEVA EXP 4/27, 870.00 
16425,DUTASVITAE 0.5 MG.SOFT CAPSULES 30'S, 420.00 
10484,DUTROSS 8 MG. 10'S, 16.50 
10486,DUTROSS DM KIDS 60 ML., 30.00 
10485,DUTROSS SYRUP 60 ML., 21.00 
15837,"DYMISTA NASAL SPRAY , SUSPENSION 120 DOSE", 640.00 
10152,DYMOXIN 500 MG.50x10'S BLISTER ขาว-ชมพู, 760.00 
11156,EAR PUTTY, 75.00 
16171,EARWAX 15 ML., 45.50 
11174,EASIFIX 4CM X 2 M, 70.00 
11181,EASIFIX 6CM X 4M, 82.00 
15901,EBERIL 90 MG 3x10'S UNISON, 330.00 
10623,EBERIL 90 MG 5'S UNISON, 43.00 
10625,EBERIL120 MG 5'S UNISON, 52.00 
13915,EBIXA 20 MG 28'S," 4,900.00 "
13876,EBIXA 10 MG 28'S," 2,400.00 "
11959,ECHINAX 10 X10'S, 940.00 
14386,ECOCORT CREAM 15 GM., 120.00 
14200,EDARBI 40 MG 2x14'S, 800.00 
16564,EDWARD CALAMINE LOTION 55 ML รุ่นใหม่สีชมพู, 31.00 
14743,EDWARD CALAMINE 60 ML, 17.50 
16698,EIDAR (diacerein 50mg ) 3X10'S sps, 293.00 
11170,"ELASTIC 2""X5 Y LONGMED ( ขายยกกล่อง )", 90.00 
11171,"ELASTIC 3""X5 Y LONGMED ( ขายยกกล่อง )", 135.00 
11172,"ELASTIC 4""X5 Y LONGMED ( ขายยกกล่อง )", 173.00 
11177,ELASTIC COHESIVE 2.5 CMx4 M, 52.75 
11182,ELASTIC COHESIVE 4.0 CMX4M, 57.50 
11178,ELASTIC COHESIVE 6.0 CMx2/4M, 62.75 
16052,Elevit 30's วิตามินสำหรับแม่ก่อนและหลังตั้งครรภ์, 297.00 
10885,ELIDEL 1% 15 GM., 770.00 
15633,ELLEZIN 10'S (levocetrizine NEOCA), 46.00 
11199,ELLGY H2O ARR LOTION 250 GM. 325-, 177.00 
11197,ELLGY H2O hand &body CREME 50 GM., 158.00 
11196,ELLGY PLUS 50GM., 138.00 
14697,ELLGY PLUS 50GM. D FACTOR, 137.00 
11202,ELMETHACIN SOLUTION 153-, 123.00 
11206,ELOMET 15 GM, 198.00 
11205,ELOMET 5 GM, 93.00 
11207,ELOMET LOTION 30 ML, 374.00 
11212,ELTROXIN 100 MCG. 100'S, 76.50 
13548,EMLA CREAM 5% 30GM, 655.00 
16801,EMPAKA 10 (empagliflozin) สูตร Jardiance 3x10'S," 1,150.00 "
16802,EMPAKA 25 (empagliflozin) สูตร Jardiance 3x10'S," 1,680.00 "
16557,EMSON 50 MG. 3X10'S tolperisone ขายยกกล่อง, 88.00 
11222,EMULAX 100's, 27.00 
11223,EMULAX แผง 10X10'S, 60.00 
11214,EMULAX 1000'S, 135.00 
10970,ENAF-150 VIAL 3 ML., 13.00 
12718,ENARIL 20 MG 10x10'S, 93.00 
12719,ENARIL 5 MG, 62.00 
14711,ENDOVELLE," 1,420.00 "
11227,ENO ซอง มะนาว 1 กล่องมี 60 ซอง 12- NEW, 655.00 
11226,ENO ซอง ส้ม 1กล่องมี 60ซอง NEW 12-, 655.00 
13944,ENSURE GOLD low sugar wheat 400 GM, 457.00 
13931,ENSURE GOLD low sugar wheat 850 GM, 790.00 
13943,ENSURE GOLD VANILLA 380 GM, 457.00 
13926,ENSURE GOLD CHOCOLATE 850 GM, 790.00 
14559,ENSURE GOLD VANILLA 1200 GM," 1,090.00 "
13925,ENSURE GOLD VANILLA 850 GM, 790.00 
14557,ENSURE GOLD VANILLA 850 GMแพคคู่<850+850+ธัญญพืช400>," 1,954.00 "
14850,ENSURE GOLD VANILLA 850 GMแพคคู่<850+850+วานิลา400>," 1,954.00 "
14558,ENSURE GOLD ธัญญพืช 850 GMแพคคู่<850+850+400>," 1,954.00 "
14839,ENSURE GOLD ธัญพืช 3 ชนิด 380 GM กลิ่นอัลมอนต์, 453.00 
14840,ENSURE GOLD ธัญพืช 3 ชนิด 850 GM กลิ่นอัลมอนต์, 876.00 
16705,ENTRASOL PLATINUM 400 GM., 275.00 
16706,ENTRASOL PLATINUM 800 GM., 533.00 
12458,EPIDUO 15 GM. 0.1%adapalene+2.5%bp, 535.00 
15940,EPL-300 10X10'S essestial forte, 465.00 
14763,ERBATOP 50 GM.(HAND CREAM), 138.00 
16473,ERBATOP ADVANCE INTENSIVE CRACK HEEL 30 GM, 91.00 
16474,ERBATOP ADVANCE INTENSIVE UREA 9% CREAM 50 GM., 171.00 
14764,ERBATOP CREAM 50 GM., 138.00 
16571,ERBATOP LOTION 75 ML., 138.00 
11236,ERFUZIDE 30 ML., 21.50 
11243,ERFUZIDE 60 ML, 29.75 
16055,ERFUZIDE CAP. 10x10's, 218.00 
15408,ESLORAY SYRUP 0.5 MG 60 ML., 91.00 
12286,ESPENAL 50 MG. 10X10'S ขายยกกล่อง, 240.00 
11248,ESPERSON 15 GM, 84.75 
11247,ESPERSON CREAM 5 GM, 41.00 
15095,ESSENTIAL FORTE 9X10'S, 989.00 
11249,ESSIVER 10X10'S สูตร hepacap, 320.00 
16508,ESTROFEM 2mg. 28's(ESTRADIOL 2mg), 188.00 
12582,ESTROMON 0.625 MG. 10X10'S, 450.00 
11244,E-THROCIN 10X10'S, 225.00 
10621,ETORICOXIB 120 MG 10'S sandoz, 168.00 
10620,ETORICOXIB 90 MG 10'S sandoz, 137.00 
14232,ETORICOXIB 90 MG 3X10'S T.O ขายยกกล่อง, 284.00 
16219,ETORICOXIB Alvogen120 MG 3x10'S (TEVA), 245.00 
14133,ETORICOXIB TEVA 90 MG10'S, 110.00 
16246,ETOXIB 120 MG 3X10'S atlanta, 200.00 
14612,ETROBAX 120 MG 7'S, 80.00 
14585,ETROBAX 90 MG 7'S, 48.00 
11970,EUGICA COFF 15X8'S, 19.00 
16580,EUGICA COLD MOUTH SPRAY 30 ML., 160.00 
11979,EUGICA HERBAL MOUTH SPRAY 10 ML, 70.00 
14682,EUGICA IVY SYRUP 100 ML, 146.00 
14681,EUGICA IVY SYRUP 5 ML กล่องละ 20 ซอง, 165.00 
11386,EUROFER-IRON SYR 60 CC, 55.00 
11210,EUTHYROX 100 MCG 100'S, 163.00 
11211,EUTHYROX 50 MCG 100'S, 163.00 
11968,EVENING PRIM 1000MG.100'S mega, 372.00 
11955,EVENING PRIM 1000MG.30'S mega, 125.00 
11254,EVRA 1X3 PC, 443.00 
15692,EXELFOS 3 GM., 328.00 
13850,EXELON PATCH 10," 3,860.00 "
11080,EXFORCE HCT 10/160/12.5 28'S, 830.00 
11081,EXFORCE HCTZ 5/160/12.5 28'S, 750.00 
10617,EXIB 120 MG 3X10'S pross ขายยกกล่อง, 235.00 
14368,EXIB 60 MG 3X10'S pross ขายยกกล่อง, 210.00 
10616,EXIB 90 MG 3X10'S pross ขายยกกล่อง, 225.00 
15871,EXIB 90 MG 5'S pross NEW PRODUCT, 46.00 
11255,EXLUTON 1x28'S, 97.00 
15139,EYEDEX 5ML, 36.00 
15487,EZB 3X10'S สูตร ezetrol pross, 320.00 
15299,EZENTIA 10 MF 2X14'S สูตร ezetrol, 286.00 
11108,EZERRA CREAM 25 GM., 420.00 
11112,EZERRA EXTRA CLEANSER 150 ML., 155.00 
11312,EZETIMIBE 10 MG. 3X10'S สูตร ezetrol SANDOZ, 905.00 
11310,EZETROL 10 MG. 30's," 1,415.00 "
11314,EZON-T SOLUTION 10 ML., 41.00 
14201,FACE SHIELD, 58.00 
10225,FACORT 15 GM., 25.00 
14869,FALATIEN 10'S, 24.50 
14602,FAMILY GUARD SPRAY 280 ML กลิ่น mountain air, 124.00 
10767,FANGO 15 GM, 24.50 
10769,FANGO-BD 15 G., 29.50 
15103,FANIDINE 20 MG. 10X10'S, 108.00 
15102,FANIDINE 40 MG. 10X10'S, 162.00 
14621,Far Infrared Patch 12 ซอง 8x12cm, 285.00 
15830,Far Infrared Patch Scent 12 ซอง 8x12cm กลิ่นอ่อน, 285.00 
15128,Far Infrared Patch เข่า บ่า ไหล่ 12 ซอง 10.5x15.5cm, 315.00 
15371,Far Infrared Patch เข่า บ่า ไหล่ 4 ซอง 10.5x15.5cm, 105.00 
10595,FARMALEX 10X10'S, 300.00 
13256,FASIGYN 500 MG. 4 'S, 60.00 
10826,FASTUM GEL 30 GM., 78.00 
15995,FAVOTAN 5/100 MG. (amlodipine+losartan) 3X10'S, 870.00 
15994,FAVOTAN 5/50 MG. (amlodipine+losartan) 3X10'S, 800.00 
11321,FBC 20ซองX100'S," 1,220.00 "
14234,FBC DAILY 30'S, 105.00 
11320,FBC ขวด100'S, 92.00 
15241,FEENA มอยส์เจอร์ สเปรย์ 150มล, 180.00 
11629,FEENOZE NASOL SPRAY 20 ML., 63.00 
14830,FEGA CREAM 10 GM., 27.00 
15739,FEITAS DICLOFENAC PATCH ห่อละ 2 แผ่น1กล่องมี 15 ห่อ, 64.00 
15740,FEITAS DICLOFENAC PATCH ห่อละ 7 แผ่น1กล่องมี 5ห่อ, 186.00 
12519,FELODIPINE 5 MG 3X10'S sandoz, 236.00 
12522,FELOPINE 5 MG BERLIN 3X10'S, 74.00 
16663,FEMARA 2.5 mg 30's," 4,100.00 "
15582,Femiflora 30's, 909.00 
15581,Femiflora intimate wash 100 ml น้ำยาทำความสะอาดจุดซ่อนเร้น, 136.00 
11913,FEMINE 30 28'S, 44.00 
11942,FEMOSA 3X10'S, 398.00 
13099,FENAFEX 180 MG.10'S, 62.00 
13100,FENAFEX 60 MG.10'S, 26.00 
11324,FENISTIL GEL 20 GM exp 4/2027, 57.00 
15541,FERDEK DROPS 15 ML., 41.00 
14223,FERROTONE 10'S, 45.00 
11319,FERROUS SULPHATE 1000'S, 105.00 
11923,FESPA 500 MG. 10'S, 10.00 
13190,FEVER READER, 43.00 
16105,FEXLORA 10 MG 10'S เม็ดเคี้ยว sps, 46.00 
16104,FEXLORA KIDS 5 MG เม็ดเคี้ยว sps, 42.00 
13098,FEXOTINE 60 MG 10'S, 27.00 
16121,FIBER MATE DAILY 60 GM., 158.00 
14960,FIBER MATE JELLY 150G 1X10 ซอง, 198.00 
14728,FIBER POWDER 15 GM/ 8 SACHET (MSP)apple, 214.00 
11806,FIBRIL 160 MG. 30'S, 167.00 
16375,FICEF 100 MG. cefixime 10's, 130.00 
15486,FINASCAR 5 3X10'S, 210.00 
16092,FINASCIA 1 MG. 30'S, 190.00 
15923,FINASTERIDE 1MG 3X10'S, 255.00 
11660,FINN 4'S, 220.00 
12607,FIRIDE 1 MG. 30'S siam, 276.00 
12604,FIRIDE 5 MG. 30'S, 460.00 
11969,FISH OIL MEGA 100'S, 331.00 
11976,FISH OIL MEGA 30'S, 113.00 
11329,FISHERMAN 1x24 ซอง ANISEED เหลือง, 28.00 
11340,FISHERMAN 1X24 ซอง BLACERRENT, 28.00 
11337,FISHERMAN 1x24 ซอง CITUS, 28.00 
11339,FISHERMAN 1X24 ซอง honey lemon, 28.00 
11342,FISHERMAN 1X24 ซอง MIXED BERRIES, 28.00 
11341,FISHERMAN 1X24 ซอง ขาว, 28.00 
11333,FISHERMAN 1X24 ซอง ขาว-ฟ้า sugra free original, 28.00 
11335,FISHERMAN 1X24 ซอง ขาว-ส้ม spicy mandarin, 28.00 
11330,FISHERMAN 1X24 ซอง เขียว herbal mint, 28.00 
11332,FISHERMAN 1X24 ซอง เขียว-ขาว sugra free mint, 28.00 
11336,FISHERMAN 1X24 ซอง แดง เชอรี่ sugra free cherry, 28.00 
11338,FISHERMAN 1X24 ซอง สเปียร์มินท์ spearmint, 28.00 
16127,FIT C 500 SHOT 30x2GM, 266.00 
16271,FIT CDB CALCIUM 7'S เม็ดฟู่ รสส้ม, 70.00 
16045,"FIT COLLAGEN 10,000 MG 15G. 10ซอง/กล่อง", 460.00 
10544,FIT I-CAL PLUS 30'S cmed, 226.00 
16470,FIT Post BIOTIC 2 GM. 10ซอง/กล่อง, 316.00 
16003,FIT Post BIOTIC 2 GM. 30ซอง/กล่อง, 938.00 
15895,FIT PROBIOTIC SHOT 2 GM. 30ซอง/กล่อง, 560.00 
14845,FIT PROBIOTIC SHOT 20 G 10ซอง, 186.00 
10674,FITNE CAPSULES 20'S, 89.75 
10675,FITNE CAPSULES 40'S, 160.00 
14778,FITT ANDROLIS MOUTH SPRAY 15 ml cmed, 78.00 
14456,FITT HERBAL MOUTH SPRAY 15 ml cmed, 62.00 
14034,FIXOMULL STRETCH 10 CM.X2 M., 77.00 
15564,FLAMIC 20 MG. 10X10'S siam exp 3/2025, 85.00 
15445,FLAMIC 10MG 10x10 siam, 142.00 
14298,FLAMIC GEL 25 GM, 37.50 
15892,FLAMIC GEL 50 GM, 63.00 
10824,FLANIL CREAM 30 GM., 23.00 
11345,FLAVORIN 100 MG. 10X10'S, 195.00 
14738,FLAX SEED OIL PLUS 3X10'S (MSP), 258.00 
11353,FLEMEX SYRUP 120 ML., 79.50 
11347,FLEMEX SYRUP 60 ML, 48.00 
11351,FLEMEX SYRUP KIDS 60 ML, 40.50 
11364,FLEMEX TAB 50X10'S," 1,420.00 "
16429,FLEMEX-AC OD 600 MG 30's, 415.00 
11356,"FLEMEX-AC OD 600 MG, 2x5 blister", 133.00 
10205,FLEMING 1 GM 10'S, 93.50 
14503,FLEMING 1 GM 10x10'S, 775.00 
11359,FLEMOMILE 10 ML., 67.00 
11966,FLEXA 500 MG 3X10'S, 265.00 
10746,FLEXIGEN collagen 15 sachet, 499.00 
16123,FLEXSA PLUS (1500/1200 MG) 15 ซอง, 453.00 
10248,FLIXONASE AQ NASOL SPRAY, 495.00 
16040,FLOCTIL 100 MG. 5ML, 77.00 
16039,FLOCTIL 200 MG. 15ML, 95.00 
13798,FLOCTIL 250 MG. 6 'S, 49.00 
11368,FLORA 30 CAP, 83.00 
14824,FLORACTO 2X7'S, 128.00 
14610,FLOTRAL 10 MG (alfuzosin) 3X10'S sun pharma, 436.00 
12968,FLOWNOTE 15กรัม X 24ซอง, 255.00 
10702,FLOXCIPRO 500 MG.10X10'S*, 130.00 
12269,FLOXIMED 400 MG. แผง 10X10'S, 155.00 
14502,FLOXY EAR DROP 5 ML., 191.00 
16075,FLUCIL 600 MG, 235.00 
11066,FLUCOZOLE 150 MG 1'S (fluconazole) siam, 26.50 
12850,FLUDAN 50 X10 'S, 8.00 
11064,FLUDIZOLE 200 MG. 50'S, 245.00 
14290,FLUIFORT 50 SACHET," 2,020.00 "
11357,FLUIFORT SYRUP 120 ML, 189.00 
13983,FLUIMUCIL A 200 MG รุ่นใหม่ 30ซอง, 188.00 
11374,FLUIMUCIL A 600 MG, 147.00 
11065,FLUNCO 200 MG. 5X10'S, 270.00 
13056,FLUNOBET-N 15 GM., 44.50 
13057,FLUNOBET-N 5 GM., 25.00 
11509,FLUOMIZIN VAGINOL SUPPO 6'S, 140.00 
12303,FLUSH NASOL &SINUS WASH START KIT, 162.00 
11387,F-MIN folic acid 5 mg 100x10's patar, 225.00 
11158,FOAM EAR PLUG, 62.00 
11398,FOBAN CREAM 15 GM., 100.00 
11395,FOBAN CREAM 5 GM., 44.00 
11399,FOBAN OINTMENT 15 GM., 100.00 
11396,FOBAN OINTMENT 5 GM., 44.00 
11400,FOBANCORT CREAM 15 GM, 100.00 
14872,FOD กล่องละ 5 ซองซองละ 3 เม็ด, 336.00 
11385,FOLI-C 500 'S patar, 115.00 
11383,FOLIC ACID GPO 1000's ขายขาดไม่รับคืน, 325.00 
14340,FOLIC ACID 5 mg 100x10's central poly, 425.00 
16400,FOLIVIT TAB 5 MG. 1X 100'S, 76.00 
11220,FORLAX POWDER 10 GM. 20 SACHEST, 240.00 
14551,FORMIN 500 MG 50X10'S pml, 7.00 
13903,FORXIGA FCT 10MG," 1,513.00 "
16418,FOSFOMICINA 3 GM. 1 SACHET, 310.00 
16521,FOTAGEL 3 GM 20 ML. x 6 ซอง(dioctahedral smectite), 135.00 
16160,FOTAGEL 3 GM 20 ML. x20 ซอง(dioctahedral smectite), 430.00 
12270,FOX400 10X10'S, 125.00 
16739,FRESH CLEAR EYE WASH 100 ML 20 ML5ชิ้น. NEOCA, 25.50 
16340,FRESH CLEAR EYE WASH 100 ML(10 mlx10ชิ้น)กล่องเล็ก neoca, 30.00 
16134,FRESH CLEAR EYE WASH 200 ML 20 ML10ชิ้น. NEOCA, 56.00 
10224,FTOROCORT 0.1% 15 GM, 36.00 
11403,FUCICORT CREAM 5 GM, 99.00 
11404,FUCICORT 15 GM., 208.00 
11392,FUCIDIN CREAM 15 GM, 175.00 
11390,FUCIDIN CREAM 5 GM, 88.00 
11402,FUCIDIN H 5 GM., 98.00 
11393,FUCIDIN OINTMENT 15 GM, 175.00 
11391,FUCIDIN OINTMENT 5 GM, 88.00 
11406,FUCITHALMIC EYE OINT, 102.00 
16162,FUDIC CREAM 15 GM TMAN, 74.00 
16161,FUDIC CREAM 5 GM TMAN, 37.00 
16163,FUDIC-B CREAM 15 GM TMAN, 88.50 
16164,FUDIC-B CREAM 5 GM TMAN, 44.25 
11407,FUGACAR 500 MG 1 กล่อง รุ่นใหม่, 27.25 
11733,FUNGAZOL 25x10'S, 19.00 
14245,FUNGAZOL SHAMPOO 150 ML., 119.00 
11741,FUNGI -M CREAM 10 GM., 20.50 
16277,FUNGIDERM 5 GM, 17.00 
11414,FUNGIDERM 500, 29.50 
10765,FUNGIDERM VAG SUPPO 6'S, 34.75 
11411,FUNGIDERM-B 10 GM, 29.50 
11412,FUNGIDERM-B 20 GM., 53.50 
11410,FUNGIDERM-B 5 GM, 18.00 
11737,FUNGINOX SOLUTION 25 ML, 139.50 
16016,"FURANO เม็ดฟู่ 24's กลิ่นกุหลาบ (รีเทนเนอร์,ฟันปลอม; EMN)", 85.00 
16015,"FURANO เม็ดฟู่ 24's กลิ่นชาเขียว (รีเทนเนอร์,ฟันปลอม; EMN)", 85.00 
16014,"FURANO เม็ดฟู่ 24's กลิ่นมิ้นต์ (รีเทนเนอร์,ฟันปลอม; EMN)", 85.00 
15184,FURANO SONIC TOOTHBRUSH แปรงสีฟันไฟฟ้าสีฟ้า, 590.00 
11423,FURETIC 40 MG. 10X10'S, 210.00 
11421,FUROSIC 1x500'S, 160.00 
16646,FUTURO night support พยุงข้อมือ montana ปรับขนาดได้, 446.00 
11435,FUTURO sport พยุงข้อมือ montana ปรับได้ตามขนาด สีดำ, 209.00 
11430,FUTURO ข้อเท้า L montana, 260.00 
15105,FUTURO ข้อเท้า L montana รุ่นเบสิค, 115.00 
15106,FUTURO ข้อเท้า M montana รุ่นเบสิค, 115.00 
11429,FUTURO ข้อเท้า M montana, 260.00 
11433,FUTURO ข้อเท้า S montana, 260.00 
11434,FUTURO ข้อมือ ปรับได้ตามขนาดmontana, 173.00 
11427,FUTURO เข่า L montana, 265.00 
15107,FUTURO เข่า L montana รุ่นเบสิค, 115.00 
11426,FUTURO เข่า M montana, 258.00 
11428,FUTURO เข่า XL montana, 265.00 
15108,FUTURO เข่า M montana รุ่นเบสิค, 115.00 
11432,FUTURO เข่า S montana, 265.00 
15109,FUTURO เข่า XL montana รุ่นเบสิค, 115.00 
11431,FUTURO เข่าเสริมแกนข้าง L montana, 574.00 
11436,FUTURO พยุงข้อเท้า ปรับได้ montana, 398.50 
16776,FUTURO พยุงข้อเท้า เสริมแกนด้านข้าง ปรับกระชับได้ montana, 475.00 
16662,FUTURO พยุงข้อมือรุ่นเบสิค montana ปรับขนาดได้, 118.00 
11439,FUTURO พยุงเข่า SPORT ปรับกระชับอย่างดี montana, 697.00 
11438,FUTURO พยุงนิ้วหัวแม่มือ L-XL montana, 555.00 
11437,FUTURO พยุงนิ้วหัวแม่มือ S-M montana, 549.00 
12073,FYBOGEL รสส้ม 10 ซอง, 196.00 
12184,GABAPENTIN 100 MG.gpo 10X10'S ขายยกกล่อง* ขายขาดไม่รับคืน, 160.00 
12180,GABAPENTIN 300 MG. GPO 10X10 'S ขายยกกล่อง* ขายขาดไม่รับคืน, 275.00 
12183,GABAPENTIN 300 MG.SANDOZ 10X10'S," 1,310.00 "
12182,GABAREX 300 MG. 10X10'S, 310.00 
16208,GALE cyproterone 50 mg (สูตร androcur) (BL), 255.00 
10282,GALVUS MET 50/1000 MG. 6X10'S," 1,315.00 "
16395,GALVUS MET 50/500 MG. 6X10'S," 1,315.00 "
11448,GANATON 10'S รุ่นใหม่, 153.00 
11449,GANO SPEC 10'S X 12 กล่อง, 508.00 
11452,GARAMYCIN CREAM 0.1% 15 GM, 101.50 
11672,GARLIC CAP MEGA 100'S, 105.00 
14194,GARLIC PEARLS 100'S, 110.00 
14733,GARLICAP 10 MG 2X15'S (MSP), 168.00 
15243,GASMED ยาธาตุผสมอบเชย 1x10x 15 ml, 101.00 
11447,GASMOTIN TAB 5 MG .3X10'S MOSAPRIDE, 425.00 
14646,GASTACH 150 ML. MEIJI, 228.00 
16194,GASTROBISMOL TAB 20X10'S, 870.00 
10191,GASTROBISMOL รสส้ม 240 ML. 108-, 98.00 
10181,GASTROBISMOL 240 ML. 142-, 98.00 
12355,GASTROSEC 20 MG. 1X14'S เปลี่ยน packaging, 24.75 
10752,GASZYM 10x10'S ขายยกกล่อง, 254.00 
11455,"GAUZE 2""x2"" 10x10 LONGMED", 27.00 
11458,"GAUZE 2"" X 2"" ambulance", 48.50 
11457,"GAUZE 3"" X 3"" ambulance", 60.00 
11456,"GAUZE 3""x3"" 10x10 LONGMED", 45.00 
11454,"GAUZE 4""X4"" 10x10 LONGMED", 66.00 
14364,"GAUZE4"" X 4"" ambulance", 70.00 
10197,GAVISCON SUSPENTION 10 ML รุ่น 12 ซอง, 270.00 
10184,GAVISCON 150 ML., 252.00 
14209,GAVISCON ADVANCE 24 ซอง, 715.00 
14210,GAVISCON ADVANCE 150 ML., 345.00 
10189,GAVISCON dual action 24 ซอง, 621.00 
10187,GAVISCON dual action 150 ml., 312.00 
10188,GAVISCON duo action tablets 250 mg.. 16'S 245-, 199.00 
11277,GENTEAL DROP 0.3% 10 ML., 136.00 
11475,GENTIAN VIOLET วิทยาศรม 15 ML., 7.00 
11474,GENTIAN VIOLET วิทยาศรม 30 ML, 9.00 
16355,GENTIAN VIOLET สหการ 15 ML., 7.00 
11476,GENTREX 5 GM, 22.50 
15183,GESTAL METER SPRAY 0.05% 10 ML., 53.00 
16210,GESTAL 0.025%DROPS 10 ML., 45.50 
15814,GHP Nasicare Nasal Washer300ml ขวดล้างจมูกอัตโนมัติ, 84.00 
15458,GILOBA 120 MG 3x10 CAP, 324.00 
11478,GILOMAX 30'S, 216.00 
11477,GINKGO 40MG 60 CAP, 185.00 
11482,GINSOMIN 20X8'S," 1,040.00 "
15993,GK24 ตราเกร็กคู 1'S, 45.00 
15938,GKK24 ตราเกร็กคู 4'S, 210.00 
14516,GLIBENHIM 100X10'S glibenclamide, 300.00 
13924,GLIPARIL 2 MG 10 X 10'S, 390.00 
13952,GLUCERNA SR VANILLA 400 GM, 504.00 
14491,GLUCERNA Plus ธัญพืช 850 GM," 1,062.00 "
13951,GLUCERNA SR VANILLA 850 GM โฉมใหม่," 1,060.00 "
11483,GLUCOLIN 400 gm., 136.00 
14604,GLUCOMEAL 400 GM., 865.00 
11484,GLUCOPHAGE 500 T 50x10s, 22.00 
11485,GLUCOPHAGE 850 MG 30x10's, 36.00 
11490,GLUCOPHAGE XR 1000 MG. 3X10'S, 261.00 
11486,GLUCOPHAGE XR 750 MG. 2X15'S, 228.00 
14536,GLUCOSA-1500 STICK 3X10'S CLASSIC สีน้ำตาล, 250.00 
13406,GLUCOSA-1500 STICK 3X10'S มะนาว, 220.00 
15929,GLUCOSA-1500 STICK 3X10'S ส้ม, 220.00 
15000,GLUCOSA-500 100'S, 270.00 
13540,GLUCOSAMINE 1500 MG 30 SACHET MAXLIFE, 300.00 
13402,GLUCOSAMINE SO4 1500 MG. novartis, 840.00 
11491,GLUCOSE 50% 20 ML ปรับราคา, 74.00 
13404,GLUTRIL POWDER 1500 MG. 1X30 SACH, 245.00 
13397,GLUTRIL-CAP 3X10'S, 90.00 
11495,GLYCERINE SUPPO เด็ก แผง 6X 2'S, 60.00 
11496,GLYCERINE SUPPO ผู้ใหญ่ แผง 6X 2'S, 60.00 
11019,GLYCON 80 MG. 10X10'S, 200.00 
11493,GLYMORIN SUPPOS 10'S adult, 48.00 
11492,GLYMORIN SUPPOS 10'S child, 56.00 
16108,G'NITE 10 แคปซูล, 66.00 
16110,G'NITE collagen gummy กลิ่นราสเบอรี่ 1 กล่องมี 6 ซอง, 170.00 
16109,G'NITE gummy กลิ่นองุ่นเคียวโฮ 1 กล่องมี 6 ซอง, 170.00 
16743,G'NITE magnesium gummy กลิ่นมิกซ์เบอร์รี่ 1 กล่องมี 6 ซอง, 170.00 
16124,GOFEN LIQUIZ 60 ML., 93.00 
14040,GOFEN 400 MG 10'S mega, 81.00 
14080,GOGAZ 10'S, 28.00 
13694,GOLDEN THROAT LOZENGE 6X2'S 1 แพคมี 8 กล่อง, 30.00 
12513,GOOSE-SOLON 10'S, 19.00 
15675,GOVANA 1x21'S TAB (MSL), 62.00 
15674,GOVANA ED 1x28'S TAB (MSL), 62.00 
16281,GPO Dicloxacillin 250 mg 10's ขายขาดไม่รับคืน, 970.00 
16493,GPO Dicloxacillin 500 mg 10's ขายขาดไม่รับคืน," 1,520.00 "
16114,GPO เมทธ์ คาสเซท50 ชุด พร้อมอุปกรณ์ ขายขาดไม่รับคืน, 820.00 
14688,GRAMMIXIN CREAM 0.1% 10 GM, 30.25 
14249,GRAPE SEED 20'S MEGA, 81.00 
11936,GRAPE SEED 60'S MEGA, 287.00 
14211,GRAPE SEED EXTRACT HS 2X15'S MEGA, 690.00 
15759,GREATER HEMOLON 3X10;S, 107.00 
14712,GREEN BALM MOSQUITO BALM 13 GM., 24.50 
11506,GRIPE WATER (ใหญ่), 117.00 
14857,GUTTRU DUAL 12 SACHET X10ML, 189.00 
14479,GUTTRU DUAL 24 SACHET X10ML, 376.00 
16183,GVEZA 3mg/0.03 mg สูตร yasmin, 215.00 
11507,GYNECON -T 100 เม็ด 20x5'S, 292.00 
11508,GYNOFLOR 6'S ยาแช่เย็น, 470.00 
13258,GYNOGENA 4'S, 26.00 
11415,GYNOSTEN 500 MG. 1'S, 27.75 
11537,HAEMOVIT 100'S, 71.00 
11540,HAEMOVIT GOLD 31'S 1แพคมี 6 ขวด ราคาใหม่ 285-, 196.00 
16768,HAFIF HERBAL 2 IN 1 50 ML., 93.00 
11517,HAFIF SHAMPOO, 43.50 
12738,HAIRMAZZ 60 ML, 330.00 
11920,HARD COLLAR NO L ปลอกพยุงคอแบบแข็ง, 240.00 
11919,HARD COLLAR NO M ปลอกพยุงคอแบบแข็ง, 240.00 
11918,HARD COLLAR NO S ปลอกพยุงคอแบบแข็ง, 240.00 
12605,HARIFIN - 1 3X10'S, 190.00 
12606,HARIFIN - 5 3X10'S, 275.00 
11535,HARNAL OCAS 0.4 MG. 30'S, 935.00 
13847,HARRIS C 30 'S, 200.00 
13848,HARRIS C 90 'S, 480.00 
15708,HARROGATE SULFER SOAP 50 GM.(english garden), 98.00 
15706,HARROGATE SULFER SOAP 50 GM.(victorian rose), 98.00 
11686,HARTSORB SUBLINGUAL 5 MG., 12.00 
11640,HASHI BABY DROP gentle 4 ML เขียว, 40.00 
11639,HASHI BABY DROP MOIST 4 ML ฟ้า, 44.00 
14287,HASHI PLUS อุปกรณ์ + 15 ซอง สีชมพู, 153.00 
11634,HASHI PLUS อุปกรณ์ + 15 ซอง สีน้ำเงิน, 153.00 
14385,HASHI SALINE SPRAY MOIST FORMULA 30 ML, 93.25 
11635,HASHI SALT GENTLE FORMULA 30 ซอง สีเขียว, 59.00 
13827,HASHI SALT ORIGINAL FORMULA 30 ซอง สีฟ้า, 59.00 
10203,H-CORT CREAM 15 GM., 80.00 
11583,HCTZ 50 mg ส้ม 1000'S, 160.00 
11546,HECIN โหล เหา, 35.00 
11548,HECIN-F, 57.00 
14230,HEIDI 200 MG. 20X10'S ขายยกกล่อง, 155.00 
14315,HEIDI SUSPENSION 100 MG 60 ML siam, 34.00 
11251,HEPACAP 10X10'S, 411.00 
11215,HEPALAC 100 ML., 76.00 
15335,HEPATOLAC 100 ML. สินค้าใหม่, 62.00 
16027,HEPATOLAC 10x15 ML. สินค้าใหม่, 99.00 
11545,HEROMYCIN 10x10 T, 21.50 
16500,HERPENON 800 MG. 10X10'S PLP, 505.00 
14714,HERPI GEL 10 GM., 79.00 
14276,HERZ 24+4 สูตร yaz, 225.50 
10368,HEXENE 100 ML chlorhexidine 4%โอสถอินเตอร์, 42.00 
14549,HEXENON-B 100X10'S bromhexine, 220.00 
11547,HEXIN ฆ่าพยาธิ 1x12'S, 200.00 
11293,HIALID 0.1% 5ML, 144.00 
16328,HIALID 0.3% 5ML santen, 277.00 
16329,HIALID MINI 0.3% 0.4ml X 30 SINGLE DOSE, 435.00 
13491,HICEE 100 MG แบบขวด 200'S, 139.00 
13500,HICEE 100 MG แบบขวด 50'S, 55.50 
13493,HICEE แผง100 MG.40X4'S รุ่นใหม่, 194.00 
11550,HICEE หลอด SWEETLETS 10x15's, 59.00 
14631,HICEE หลอด SWEETLETS ชนิดอม4x15's รุ่นใหม่, 239.00 
11866,HIDIL 300 MG. 10X10'Sขายขาดไม่รับคืน, 193.00 
11867,HIDIL 600 MG. 10X10'Sขายขาดไม่รับคืน, 333.00 
11868,HIDIL 900 MG. 10X10'Sขายขาดไม่รับคืน, 362.00 
12890,HIDRASEC CAPSULE 100 MG., 279.00 
12891,HIDRASEC PAEDIATRIC 10 MG. 16 SACHETS, 437.00 
12892,HIDRASEC PEADIATRIC 30 MG.16 SACHET, 518.00 
10501,HIGAN 10 MG.film coat 50X10'S ขายขาดไม่รับคืน, 13.00 
14630,HI-GLOVE LATEX medical grade ถุงมือยางมีแป้ง L, 111.00 
14629,HI-GLOVE LATEX medical grade ถุงมือยางมีแป้ง M, 111.00 
14628,HI-GLOVE LATEX medical grade ถุงมือยางมีแป้ง S, 111.00 
11555,HIMALAYA BABY POWDER 200 GM.(55-), 39.50 
11553,HIMALAYA HERBALS CLEAR COMPLEXION WHITENING FACE WASH 100ML, 89.00 
11554,HIMALAYA HERBALS LIP BALM 10 GM, 42.00 
11552,HIMALAYA HERBALS PURIFYING NEEM FACE WASH 100ML, 82.00 
11551,HIMALAYA HERBALS UNDER EYE CREAM 15ML, 93.00 
11556,HIRUDOID 10 GM. รุ่นใหม่, 77.00 
11557,HIRUDOID 20 GM รุ่นใหม่, 133.00 
11558,HIRUDOID 40 GM, 206.00 
14905,HIRUDOID ANTI - HAIR LOSS men 80ml, 580.00 
14906,HIRUDOID ANTI - HAIR LOSS women 80ml, 580.00 
11559,HIRUDOID FORTE 10 GM, 123.50 
11560,HIRUDOID FORTE 20 GM, 206.00 
11561,HIRUDOID FORTE 40 GM, 319.00 
11569,HIRUSCAR KIDS 10 GM, 187.00 
11572,HIRUSCAR KIDS 20 GM, 310.00 
11570,HIRUSCAR POSTACNE10 G.-385--, 218.50 
16139,HIRUSCAR SILICONE PRO 10 GM, 350.00 
11575,HIRUSCAR SILICONE PRO 4 GM, 209.00 
11571,HIRUSCAR SPOT GEL 10 GM. ซื้อ1แถม1, 229.00 
16083,HIRUSCAR ULTRA SCAR CARE GEL 20 GM., 391.00 
16043,HIRUSCAR ULTRA SCAR CARE GEL 5 GM., 139.00 
10686,HISTA TAB 100'S, 6.50 
15531,HISTADINE TAB 10'S, 10.00 
11577,HISTA-OPH 5 ML ราคาใหม่ 47-*ร้านละ 1 โหล*, 27.50 
12001,HISTICO 16 MG. 6X10'S, 188.00 
10252,HIZIN SYRUP เปลือย 60 ML., 18.00 
14398,HOE BEPROSONE CREAM 15 GM, 72.00 
16020,HONORE BACK SUPPORT #2XL พยุงหลังแบบมีสายสีดำ(HS10;EMN), 358.00 
16021,HONORE BACK SUPPORT #3XL พยุงหลังแบบมีสายสีดำ(HS10;EMN), 358.00 
16018,HONORE BACK SUPPORT #L พยุงหลังแบบมีสายสีดำ(HS10;EMN), 358.00 
16017,HONORE BACK SUPPORT #M พยุงหลังแบบมีสายสีดำ(HS10;EMN), 358.00 
16019,HONORE BACK SUPPORT #XL พยุงหลังแบบมีสายสีดำ(HS10;EMN), 358.00 
16025,HONORE LS SUPPORT #2XL พยุงหลังแบบไม่มีสายสีครีม(HS20;EMN), 358.00 
16026,HONORE LS SUPPORT #3XL พยุงหลังแบบไม่มีสายสีครีม(HS20;EMN), 358.00 
16023,HONORE LS SUPPORT #L พยุงหลังแบบไม่มีสายสีครีม(HS20;EMN), 358.00 
16022,HONORE LS SUPPORT #M พยุงหลังแบบไม่มีสายสีครีม(HS20;EMN), 358.00 
16024,HONORE LS SUPPORT #XL พยุงหลังแบบไม่มีสายสีครีม(HS20;EMN), 358.00 
13947,HOT-BAG เล็ก 26.3 cm x 16 cm, 64.00 
11579,HOT-BAG ใหญ่ 36.3 cm x 21.7 cm, 72.00 
13255,HUGYN 4'S 1 แพคมี 12 กล่อง, 176.00 
14583,HYATEAR 0.30 ML พรอส 2X10ชิ้น สูตรvislube, 243.00 
11527,HYCARE # M ถุงมือยางมีแป้ง ( ขายขาดไม่รับคืน), 90.00 
14028,HYDRALAZINE T.O. 50 MG. 50X10'S, 11.00 
13858,HYDREX SURGICAL SCRUB WITH PUMP 500 ML, 190.00 
11586,HYDROCHLOROTHIAZIDE 25 MG.GPO 50X10'S ขายขาดไม่รับคืน, 4.00 
11584,HYDROCHLOROTHIAZIDE 50 MG. 50x10'sGPO ขายขาดไม่รับคืน, 5.50 
11580,HYDROGEN ศิริ 30 ML, 5.50 
11582,HYDROGEN ศิริ 450 ML, 17.50 
11581,HYDROGEN ศิริ 60 ML, 6.50 
14956,HYDROLUBE 0.3% 10 ML. NOVA, 53.00 
10254,HYDROXYZINE 10 mg 100X10'S* medic pharma, 2.25 
10098,HYLES 100 MG. 10X10'S, 525.00 
10099,HYLES 25 MG. 10X10'S, 139.00 
16305,HYOSCINE STAR 10 MG 50X10'S 7S, 640.00 
10503,HYOSMAN LUQUID 30 ML. tman, 14.50 
15409,HYPERCOR 2.5 MG. 10X10'S ขายยกกล่อง, 195.00 
10755,HYPERCOR 5 MG. 10X10'S, 207.00 
10839,HYZARR 50 MG. 30'S, 680.00 
15501,IBIAMOX 500mg siam 2x10'S, 95.00 
11595,IBROFEN 400 50X10'S TO, 380.00 
11591,IBROFEN 400 MG T.O. 500'S, 190.00 
11599,IBROFEN 600 25X10'S, 298.00 
11600,IBROFEN 600 MG. 250'S, 150.00 
14159,IBUCAP 400 MG กล่องละ10'SX 10 แผง, 47.00 
15899,IBUKIDS SUSPENTION 60 ML (LBS), 17.50 
14581,IBUMAN 400 MG.ม่วงรี 100X10'S, 762.25 
14579,IBUMAN 600 MG.ชมพูรี 50X10'S ขายยกกล่อง, 670.00 
11592,IBUMAN PLUS 40 X10'S, 680.00 
14580,IBUMAN SYRUP 60 ML 1แพคมี 24 ขวด, 16.50 
11598,IBUTAMOL 10X10'S, 152.00 
11362,I-CETIN 10'S 25X10'S, 590.00 
11367,I-COF 375 MG. TAB 25X10'S, 453.00 
11366,I-COF 60 ML.carbocystein250mg ท๊ซี, 34.00 
11365,I-COF KID 60ML.carbocystein100mg ท๊ซี, 31.00 
16750,ICOLID TAB 10'S, 9.75 
11004,ICOLID 50X10'S, 10.00 
11007,ICOLID CPM 60 ML., 22.50 
11012,ICOLID DX TABLET 50X10'S, 10.00 
11005,ICOLID PLUS 60 ML., 22.50 
12857,ICORIN KID 60 ML. รสสละ, 32.00 
15323,ICOXIB 120 MG 3X10'S L.B.S, 205.00 
15275,ICOXIB 90 MG 3X10'S LBS, 162.00 
10739,ICURE COOL FEVER PAD CHILDREN, 65.00 
10740,ICURE COOL FEVER PAD ADULT, 65.00 
14466,I-HERB COPOLIS MOUTH SPRAY 20 ML, 94.00 
16049,I-HERB SUGRA FREE CANDY 12X8'S, 210.00 
13682,I-HERB OTC 20X18'S, 264.00 
13695,I-HERB OTC 1X12X3X6'S, 276.00 
11264,II CARE 30'S, 207.00 
14281,II CARE DAILY 30'S, 420.00 
15769,I-KIDS CALCIUM POPS ช็อกโกแลต, 114.00 
15770,I-KIDS CALCIUM POPS นมสตรอว์เบอร์รี, 114.00 
14342,I-KIDS POPS COLA รสชาติใหม่, 98.00 
14343,I-KIDS POPS SALA LIME แดงมะนาว รสชาติใหม่, 98.00 
11728,I-KIDS HONEY POPS ELDERBERRY, 98.00 
11729,I-KIDS HONEY POPS LIME, 98.00 
16005,I-KIDS LOWER SUGAR POPS กลิ่นส้ม, 114.00 
16006,I-KIDS LOWER SUGAR POPS กลิ่นองุ่น, 114.00 
11727,I-KIDS MOUTH SPRAY ORANGE, 139.00 
11726,I-KIDS MOUTH SPRAY STRAWBERRY, 139.00 
16717,I-KIDS POP CIRCUS PLAY BOX (2 LIME+2 COCA), 43.75 
11622,ILIADIN 0.025% 10 ML., 77.50 
11623,ILIADIN 0.05% 10 ML., 77.50 
11626,ILIADIN METER SPRAY 0.05% 10 ML., 128.50 
11627,ILIADIN SALINE 30 ML., 295.00 
12247,I'M MILK 24X15'S รสหวาน, 500.00 
11668,IMIGRAN 50 MG. 2TAB, 260.00 
14789,IMMUPLEX 10 GM 15 ซอง, 565.00 
11939,IMMUPLEX 300 GM., 770.00 
11674,IMODIUM 20x6'S, 635.00 
15441,INAL SYRUP 60 ML. levodropropizine สูตรbronal, 68.00 
11680,INDOMAN 100X10'S, 350.00 
11679,INDOMAN ฟ้า/ขาว 1000'S, 260.00 
15195,INFRARED THERMOMETER NON-CONTACT berrcom jxb-178, 700.00 
15522,INGESIC 50X10'S, 279.00 
16699,INNOBIC CALCIUM D3+K2 30'S, 306.00 
16700,INNOBIC LUTEIN BILBERRY 30'S, 306.00 
16752,INNOBIC MAGNESIUM BIS PLUS 60'S, 400.00 
16703,INNOBIC MULTI -B + AMINO 60'S, 299.00 
16702,INNOBIC VITAMIN C 1000 + D3, 299.00 
16701,INNOBIC ZINC 30'S, 299.00 
16551,INNOEZET 3X10'S ezetimibe 10 mg innobic, 150.00 
16644,INNOPREGA 150 MG 10X10'S pregabalin INOBIC, 875.00 
16645,INNOPREGA 75 MG 10X10'S pregabalin INOBIC, 590.00 
15170,INNUO WHITE TOOTHPASTE 50 GM., 130.00 
16772,INSTANT COLD PACK อุปกรณ์ประคบเย็นพร้อมใช้1กล่องมี6 ชิ้น SOS, 161.00 
16501,INTERPHARMA MULTIVITAMIN 20'S เม็ดฟู่ ส้ม, 60.00 
14352,INTORICOXIB 90 MG 7'S, 94.50 
12998,INTRASITE GEL 25 GM, 189.00 
15169,INUO WHITE TOOTHPASTE 150 GM., 328.00 
15746,I-PROFEN 400 50X10'S osi (สีครีม), 286.00 
15745,I-PROFEN 400 50X10'S osi(ชมพู), 280.00 
14976,I-SAWAN HERBAL SPRAY 15 ml, 67.00 
11684,ISOPTIN SR 240 MG. 2X15'S, 716.00 
11685,ISOTRATE 10 MG., 5.00 
14768,ITRAFUNGAL 100MG.10X10'S ขายยกกล่อง itraconazole, 388.00 
13008,ITRA-MED 100MG.10X10'S CMED ขายยกกล่อง, 530.00 
13007,ITRAZOLE 25X4'S, 450.00 
11789,IVORIN 60 ML. 70-, 44.75 
11688,IYAFIN F/P *ร้านละ10กล่อง*, 156.00 
11689,IYAFIN PE ผลไม้รวม 60 ML., 25.50 
13573,IZE JELLY BALM 7 GM, 192.00 
11692,JAICO ROLL ON 50 ML, 250.00 
11690,JAICO SPRAY 75 ML., 277.00 
10281,JANUMET 50/500 8X7'S exp 10/2026," 1,464.00 "
10284,JANUMET 50/1000 8X7'S EXP 10/2027," 1,462.00 "
16227,JANUMET XR 100/1000 28'S EXP 7/2027," 1,625.00 "
10279,JANUVIA 100 MG.28'S ขายยกกล่อง EXP5/2027," 1,462.00 "
10283,JANUVIA 50 MG.28'S ขายยกกล่อง," 1,625.00 "
14067,JAPROLOX 60 MG (loxoprofen)2x10'S, 137.00 
16547,Jardiance 10MG 30's ขายขาดไม่รับคืน," 1,700.00 "
16724,Jardiance 25 MG 30's ขายขาดไม่รับคืน," 2,650.00 "
15579,JELLY COOL CHILDREN (กล่องx6แผ่น)seven stars, 66.75 
11382,JENY FMP 50X28'S, 20.50 
14638,JOINTFLEX-1500 30'S ส้ม, 330.00 
16261,JOLLY BELLE ANTI AGING LONGEVITY SERUM 33 ML. ( MSP), 340.00 
16262,JOLLY BELLE WHITENING&MELASMA SERUM 33ML( MSP), 340.00 
14744,JUNCO CLEARLICE 50 ML, 107.50 
11693,JUNGO-30 100ML., 116.00 
11695,JUNGO-95 60 ML., 150.00 
11031,JUSTIMA 21'S MASA, 199.00 
11712,KA LIPS CARE menthol, 19.00 
11713,KA LIPS CARE mix fruit, 19.00 
11707,KA LIPS CARE orange, 19.00 
11705,KA LIPS CARE pure, 19.00 
11706,KA LIPS CARE strawbery, 19.00 
11704,KA MAGIC LIPS, 40.00 
11714,KA SOFT LIPS 2 GM ตลับ, 132.00 
11710,KA UV LIP SPF 15 ขนาด 5 GM., 22.00 
11708,KA UV SPF 40 25 ML., 90.00 
11715,KA UV SPRAY แพคคู่ 100+50 ml, 220.00 
11711,KA UV WHITE SPF 50 แพสเทล, 123.00 
11709,KA UV WHITENING SOFT CREAM SPF 50+ 40 GM., 165.00 
14634,KACHAA- NITO 30'S, 176.00 
14635,KACHAA- PLUS 30'S, 176.00 
15924,KACHALIS SHOT DRINK10X15ml, 285.00 
15437,KACHALIS 15 ML. NOURIGHING GELเจลสำหรับผู้หญิง, 515.00 
15248,KALIDIN SYRUP 60ml, 24.00 
11716,KAMILLOSAN SPRAY 15 ml, 142.00 
14814,KAMISTAD-GEL N 10 GM หมดอายุ 9/2027, 83.00 
14907,KAMOL 100'S ขาวกลม, 15.00 
11744,KANDEX FOIL 25X10'S, 490.00 
13294,KANOLONE 1 GM. 50 SACHET, 230.00 
13296,KANOLONE 30 ML., 16.00 
13295,KANOLONE 5 GM., 21.00 
14108,KANOLONE GEL PEPPERMINT 1 GM. 50 SACHET, 230.00 
14263,KANOLONE GEL5 GM. peppermint, 21.00 
12406,KARISMA 12 ชิ้น ขายยกกล่อง, 182.00 
14648,KARY UNI 5ML, 70.00 
10223,KELA CREME 15 GM., 33.00 
10221,KELA LOTION 30 ML., 23.50 
10234,KELA LOTION 60 ML., 35.75 
15360,kenkou COLD HOT PAD ลายเด็กผู้ชาย, 86.00 
15361,kenkou COLD HOT PAD ลายเด็กผู้หญิง, 86.00 
15359,kenkou COLD HOT PAD ลายไดโนเสาร์, 86.00 
15364,kenkou COLD HOT PAD ลายเต่าทอง, 86.00 
15362,kenkou COLD HOT PAD ลายปลาวาฬ, 86.00 
15365,kenkou COLD HOT PAD ลายเป็ด, 86.00 
15363,kenkou COLD HOT PAD ลายหมา, 86.00 
16546,KENYA-I 50X10'S, 495.00 
11893,KERDICA 20 mg 10X10'S สูตร madiplot (macrophar), 420.00 
14965,KETAZON CREAM 5 GM., 41.00 
14332,KETAZON 200 MG.10X10'S, 275.00 
16195,KETAZON SHAMPOO 100 ML., 96.00 
14608,KETAZON SHAMPOO 50 ML., 54.00 
11739,KETORAL, 191.00 
11735,KETORAL CREAM 5 GM., 23.00 
15196,KETOSIL 10 GM. < silicon scar gel >, 304.00 
11749,KIT-F SYRUP, 14.50 
11751,KLACID 500 MG. 10'S, 550.00 
11752,KLACID MR 500 MG. 7'S, 377.00 
16623,KLEAN MASK หน้ากากกระดาษ สำหรับเด็ก 50 ชิ้น สีฟ้า LONGMED, 32.00 
12424,KLEAN MASK หน้ากากกระดาษขาว สำหรับเด็ก 50 ชิ้น LONGMED, 32.00 
12404,KLEAN MASK หน้ากากกระดาษสีเขียว3 ชั้น 50 ชิ้นLONGMED, 32.00 
16269,KLEAN MASK หน้ากากกระดาษสีดำ LF99 25 ชิ้นLONGMED, 41.50 
12437,"KLEAN MASK""หน้ากากกระดาษสีขาว 3 ชั้น 50 ชิ้น LONGMED", 32.00 
16625,"KLEAN MASK""หน้ากากกระดาษสีชมพู 3 ชั้น 50 ชิ้น LONGMED", 32.00 
16270,"KLEAN MASK""หน้ากากกระดาษสีดำ 3 ชั้น 50 ชิ้น LONGMED", 32.00 
16624,"KLEAN MASK""หน้ากากกระดาษสีฟ้า 3 ชั้น 50 ชิ้น LONGMED", 32.00 
12411,KLEAN SET เซตทำแผล 1กล่องมี 12 ชุด, 11.00 
14533,KLEANGLOVE ถุงมือยาง NITRO ไม่มีแป้งL สีดำ, 120.00 
14529,KLEANGLOVE ถุงมือยาง NITRO ไม่มีแป้งL สีน้ำเงิน, 120.00 
14532,KLEANGLOVE ถุงมือยาง NITRO ไม่มีแป้งM สีดำ, 120.00 
14528,KLEANGLOVE ถุงมือยาง NITRO ไม่มีแป้งM สีน้ำเงิน, 120.00 
14531,KLEANGLOVE ถุงมือยาง NITRO ไม่มีแป้งS สีดำ, 120.00 
14527,KLEANGLOVE ถุงมือยาง NITRO ไม่มีแป้งS สีน้ำเงิน, 120.00 
14534,KLEANGLOVE ถุงมือยาง NITRO ไม่มีแป้งXL สีดำ, 120.00 
14530,KLEANGLOVE ถุงมือยาง NITRO ไม่มีแป้งXL สีน้ำเงิน, 120.00 
15986,KLEANPAD T6X7 พลาสเตอร์ใสกันน้ำ 3ชิ้น/กล่อง longmed, 17.75 
15988,"KLEANTRANS 1"" 10 YARD ขายยกกล่อง longmed", 198.00 
12572,KLICK AS TEST, 28.00 
14846,KLINDAMYCIN-300 MG. 10X10'S, 275.00 
15246,KLOBECORT MILKY LOTION 10 GM., 47.00 
10990,KLOBECORT MILKY LOTION 30 GM., 57.50 
14772,KMP REFRESHING MOUTH SPRAY 12 ML., 55.00 
16082,KOACT 1000 20X5'S, 775.00 
16081,KOACT 1000 2X5'S, 85.00 
12504,KOBIXAM 20 MG 1000'S, 250.00 
10733,KOOL FEVER FOR ADULT 6 แผ่น, 76.00 
10734,KOOL FEVER FOR BABY 6 แผ่น, 76.00 
10742,KOOL FEVER EXTRA COOL 6 แผ่น, 76.00 
10731,KOOL FEVER FOR CHILDREN 6 แผ่น 160-, 76.00 
10741,KOOL FEVER MINT FOR CHILDREN 6 แผ่น 160, 76.00 
12546,KREMIL 200'S รุ่นใหม่, 325.00 
12547,KREMIL-S 200'S รุ่นใหม่, 382.00 
16626,KRESS MASK หน้ากากกระดาษ 25x3 ชิ้น, 183.25 
16619,KRESSBROXOL 25X10'S (ambroxol 30 mg.), 270.00 
16621,KRESSHYCINE SYRUP 60 ML, 25.00 
14198,KRESSLEX 250 DRY 60 ML, 32.00 
13995,KRESSMOX 125 DRY สตรอเบอรี่ 60 ML, 20.00 
13997,KRESSMOX 125 DRYส้ม 60 ML, 21.50 
13996,KRESSMOX FORTE 250 DRY ส้ม 60 ML ไม่มีช้อน, 27.00 
16620,KRESSPERONE SUSPENSION 60 ml ไม่มีช้อน (domperidone), 20.50 
16769,KRESSVENT SYRUP 60 ML. salbutamol kress, 19.00 
16397,KUPA 20X10'S (bromhexine+gg) M&H, 83.00 
11698,K-Y JELLY (STERILE) 82 GM, 219.00 
11697,K-Y JELLY (STERILE)42 GM, 158.50 
11699,K-Y JELLY 15 GM (NON STERILE), 61.00 
15434,K-Y JELLY 50 GM (NON STERILE), 126.00 
11308,LAC-OPH 10 ML., 26.75 
13697,LADI-PLUS BODY SPRAY 6 ML.เลขที่จดทะเบียน 10-1-61000614, 115.00 
15387,LAEVOLAC 100 ML., 86.00 
11417,LAMASONE 10 GM., 39.00 
11777,LAMISIL CREAM 1% 15 GM., 232.00 
11775,LAMISIL CREAM 1% 7.5 GM, 126.00 
10436,LANCETS TWIST SOFT 100 ชิ้นเข็มเจาะเลือด 28 G, 100.00 
14707,LANZAAR 100 MG 10X10'S ขายยกกล่อง, 289.00 
14428,LANZAAR 50 MG. 10X10'S แพคใหม่ ขายยกกล่อง, 185.00 
16515,LARIK 75 MG 4X14'S, 212.00 
11032,LAURA-35, 55.00 
15291,LAX-HERB 10'S, 38.00 
14742,LAZINE 1X10'S Levocetirizine OSI, 42.00 
16754,LEBREX 200 MG 10x10'S ชูมิตร, 418.50 
11780,LECITHIN MEGA 1200MG 100'S, 245.00 
16430,LECITHIN MEGA 1200MG 30'S, 77.00 
10869,LEFLOXIN 100MG. 10'S, 100.00 
10870,LEFLOXIN 500 MG. 10'S, 165.00 
16402,LEFLOXIN OPHTHALMIC SOL 0.5% 5 ML. Levofloxacin, 69.00 
14405,LEFTOSE 10X10'S, 190.00 
11785,LEGALON 140 4X10'S, 658.00 
11782,LEGALON 70 10 x10'S, 776.00 
14166,LEOPOVIDONE TIGERPLAST 15 ML., 23.50 
10367,LEOPOVIDONE GEL 20 G, 46.00 
10366,LEOPOVIDONE TIGERPLAST 30 ML., 34.50 
15958,LEOPOVIDONE TIGERPLAST450 ML., 138.00 
14376,"LERMEX 800 MG 7X5""S acyclovir sps", 202.00 
10590,LESFLAM 50 MG. 10X10'S, 122.00 
13418,LEV 20 MG. 1X4'Sขายขาดไม่รับคืน," 1,680.00 "
13817,LEVOCET 1X10'S เภสัชชุมชน, 54.00 
16550,LEVOCETIN 10'S levocetrizine BL, 55.00 
14461,LEVOSIDE 10'S levocetrizine VISTRA, 55.00 
13820,LEVTRIZIN 1X10'S, 75.00 
12265,LEXFOR 400 MG. 1X6'S, 15.00 
15468,LICE-HAO 30 ML. ไล่เหา, 99.00 
11802,LIFE STYLE 54 MM., 29.17 
11801,LIFE STYLE SENSITIVE 1โหลแถม 1 โหล, 29.17 
11800,LIFE STYLE ผิวไม่เรียบ STUD, 29.17 
11805,LIFE STYLE INTOUCH, 29.17 
11803,LIFE STYLE LOVE TIME, 29.17 
11804,LIFE STYLE STRAW 2 IN 1, 29.17 
16396,LIKACIN GEL 30 GM (AMIKACIN SULPHATE 5%), 273.00 
11370,LILLY 30 CAP, 63.00 
11808,LIP-CARE 1x2 โหล เภสัช, 160.00 
15998,LIPIDO-COLLOID GAUZE DRESSING 10x10 cm 10 ซอง, 237.00 
11822,LIPITOR 10 MG 3X10'S ขายยกกล่อง," 1,280.00 "
11821,LIPITOR 20 MG 3X10'S," 1,690.00 "
11812,LIPITOR 40 MG. 30 'S," 2,250.00 "
16156,LIPOSTAT 10 MG 3X10'S (atorvastatin) siam, 133.00 
16158,LIPOSTAT 20 MG 3X10'S (atorvastatin) siam, 165.50 
15562,LIPZ 21'S สูตร yasmin, 217.50 
15561,LIPZ ED 28'S สูตร yasmin, 217.50 
15104,LIQUIPLAST 10 GM. koba, 138.00 
13786,LISPRIL 10 MG. 30'S, 111.00 
13787,LISPRIL 20 MG. 30'S, 164.00 
13785,LISPRIL 5 MG. 30'S, 60.00 
11832,LISTERINE 250 ML 83-, 65.00 
11833,LISTERINE 500 ML 111-, 92.00 
11834,LISTERINE 750 ML 138-, 120.00 
11859,LISTERINE COOL MINT 100 ML 25-, 20.00 
11838,LISTERINE COOL MINT 250 ML. แพคคู่ 1+1, 62.00 
11836,LISTERINE COOL MINT 500 ML, 97.00 
11837,LISTERINE COOL MINT 750 ML, 120.00 
11839,LISTERINE COOLMINT 750 ML. แพคคู่ 1+1, 186.00 
11840,LISTERINE TAR TAR 500 ML., 85.00 
11846,LISTERINR ส้ม 250 ML., 47.50 
14008,LIVALO TAB 2 MG 10X10'S," 2,280.00 "
15687,LIVERA 140 MG 3X10'S, 235.00 
16218,LOBENATE INVIGORATE SKIIN GELเหลือง 20 GM.(เดิมชื่อnettle, 67.00 
14787,LOBENATE INVIGORATE SKIIN ฟ้า 20 GM. เดิม fullext, 69.00 
16770,LOCOA 40 MG TRANSDERMAL PATCH 1 กล่องมี15ซองexp4/2027," 2,580.00 "
12574,LONGMED LH OVULATION TEST 5 TEST, 106.00 
13298,LONNAGEL 5 GM ส้ม, 29.00 
13293,LONNAGEL 1 GM 25 ซอง รสส้ม, 179.00 
13302,LONNAGEL 1 GM. 25ซอง PEPERMINT, 179.00 
13304,LONNAGEL 1 GM. 25ซอง เชอรี่, 179.00 
13301,LONNAGEL 5 GM. PEPERMINT, 29.00 
13303,LONNAGEL 5 GM. เชอรี่, 29.00 
14419,LORADINE 10X10'S, 107.00 
14434,LORADINE 10X10'S ขายยกกล่อง, 107.00 
11877,LORAGIS SYR 60 ML., 35.00 
10848,LORANTA 100 MG 3X10'S (losartan potassium) siam, 199.00 
10846,LORANTA 50 MG. 3X10'S (losartan potassium) siam, 147.00 
11880,LOREZE 10'S, 83.00 
16221,LORIDIN MOUTH DISSOLVING TABLETS 10X10'S, 95.00 
16600,LORINOSE 10 MG, 25.00 
14041,LORIUS SYRUP 0.5 MG 60 ML., 79.50 
11873,LORSEDIN 10X10'S, 27.00 
14064,LOSARTAN GPO 100 MG. 20X15'S*** ขายขาดไม่รับคืน, 405.00 
10845,LOSARTAN GPO 50 MG. 20X15'S*** ขายขาดไม่รับคืน, 300.00 
14022,LOTEMAX 5 ML., 233.00 
12465,LOTEMP FORTE ส้ม 250 MG. 60 ML., 28.25 
12476,LOTEMP bubblegum 120 MG.60 ML, 21.00 
12464,LOTEMP สตรอ 120 MG.60 ML, 24.50 
15861,LPSALINE 60 ML. น้ำเกลือล้างแผลเสือดาว, 14.75 
15297,LUBRIC-EYES 32X.0.8 ML., 177.00 
16172,LUBRIC-EYES 8 x 0.8 ML., 47.00 
16361,LUCINAR CREAM 5 GM, 39.50 
13539,LUCY 30 ML.แชมพูฆ่าเหา, 94.00 
11299,LUMIGAN 0.01% 3 ML., 430.00 
14251,LUTEINA 60'S tman, 140.00 
10938,LYMARIN CREAM 15 GM, 47.00 
15190,LYO Conditioner 200 ml., 255.00 
15197,LYO Hair color No.1 สีดำ, 230.00 
15198,LYO Hair color No.2 น้ำตาลเข้ม Dark brown, 230.00 
15199,LYO Hair color No.3 น้ำตาลประกายทอง Golden brown, 230.00 
15200,LYO Hair color No.4 น้ำตาลประกายแดง Red brown, 230.00 
15188,LYO Hair Tonic 100 ml, 505.00 
15187,LYO Hair Tonic 30 ml, 266.00 
15189,LYO Shampoo 200 ml., 255.00 
12178,LYRICA 150 MG. 4X14'S," 3,940.00 "
12173,LYRICA 25 MG 56 เม็ด," 1,200.00 "
12177,LYRICA 75 MG. 14X4'S," 2,940.00 "
15327,M.P.OSOTH meloxicam 15 mg 10X10'S ขายยกกล่อง, 180.00 
15388,M.P.OSOTH meloxicam 15 mg กระปุก 500s, 800.00 
11889,M-16ขายขาดไม่รับคืน patar ขายยกโหล, 200.00 
11891,MADIPLOT 10 MG. 10X10'S, 104.00 
11892,MADIPLOT 20 MG. 10X10'S ขายขาดไม่รับคืน," 1,500.00 "
11894,MADONNA 2S (60-), 150.00 
14636,MADONNA ONE 1'S (60-), 16.00 
13494,MAG C 500 MG. 1X50'S silom, 85.00 
15978,MAG D CARE หน้ากาก KN95 1 ชิ้น, 14.00 
15979,MAG D CARE หน้ากาก KN95 1x25 ชิ้น, 250.00 
14918,MAG TEST (KRATOM) ตรวจกระท่อมแบบหยด 1 test, 92.00 
14917,MAG TEST (THC) ตรวจกัญชาแบบหยด, 44.00 
16434,MAG TEST 2 in 1 ตรวจยาบ้า เคตามีน แบบหยด 1 test, 75.00 
16433,MAG TEST 3 in 1 ตรวจกระท่อม กัญชา ยาบ้า แบบหยด 1 test, 145.00 
15307,MAG TEST methamtamine แบบจุ่ม 50 เทส, 610.00 
13373,MAG TEST methamtamine หยด, 19.50 
15609,MAG TEST methamtamine หยดกล่องใหญ่ 25 เทสมีถ้วย, 410.00 
10555,MAG-CAL 30 SACHETS, 490.00 
11897,MAGESTO-F 100'S, 77.00 
11900,MAGESTO-F แผง 50X10'S, 11.50 
14737,MAGNESIUM COMPLEX 5 FORM 3X10'S (MSP), 250.00 
14724,MAGNESUM GEL 240 ML bmp, 22.00 
12554,MAINNOX 10'S, 22.00 
15005,MALTOFER 3X10'S, 405.00 
10194,MALUGEL-S 240 ML, 42.00 
14951,MAMARINE OMEGA3-DHA 60'S, 275.00 
15922,MAMARINE PROFIBER 60G แบบผง, 150.00 
13953,MAMARINE BIO C PLUS ELDERBERRY &MTV 120 ML, 275.00 
14179,MAMARINE BIO C PLUS ELDERBERRY &MTV 60 ML, 146.00 
13986,MAMARINE BIO C PLUS elderberry 30'S, 172.00 
16542,MAMARINE BIO C PLUS MTV JELLY 150gx10ซอง, 220.00 
15386,MAMARINE DHA 2 GO 10x2g 7-star ส้ม, 180.00 
12841,MAMARINE KIDS BOOSTER+ BIO C120 ML 7-star ส้ม, 249.00 
14180,MAMARINE KIDS BOOSTER+ BIO C60 ML 7-star ส้ม, 130.00 
12843,MAMARINE KIDS FORTE +LYSINE 120 ML 7-star น้ำเงิน, 125.00 
14181,MAMARINE KIDS FORTE +LYSINE 60 ML 7-star น้ำเงิน, 65.00 
12842,MAMARINE KIDS ORIGINAL 120 ML7-star ฟ้า, 67.00 
12847,MAMARINE MILKY TAB 60'S KRESS (COLOSTRUM), 265.00 
12844,MAMARINE MOM OMEGA-3 30'S, 408.00 
14260,MAMARINE PURE COLLA 10 ซอง, 200.00 
14225,MAMARINE PURE COLLA 100 GM, 204.00 
12846,MAMARINE SENIOR OMEGA-3 30'S, 430.00 
15623,MANCLAMINE 156/5ml 70ml orange flaver, 50.00 
15622,MANCLAMINE 228/5ml 70ml strawberry, 78.00 
15621,MANCLAMINE 312/5ml 70ml orange flaver, 84.00 
15620,MANCLAMINE 457/5ml 70ml orange flaver, 119.00 
15619,MANCLAMINE ES ORANGE FLAVOR 642.9MG/5ml 50ml, 149.00 
11678,MANTIL 2 MG.50X10'S, 125.00 
11895,MAPLE FORTE 1'S 1 กล่อง 12 แผง, 19.00 
14586,MAR BABY NOSE 100 ML <เด็ก 1 เดือนขึ้นไป>, 210.00 
11641,MAR PLUS 5% NASOL SPRAY 20 ML, 186.00 
14588,MAR SOFT SPRAY 125 ML <บุคคลทั่วไป>, 212.00 
14589,MAR THROAT SPRAY 50 ML, 200.00 
11908,MARGARET 28'S 1 กล่อง 25 แผง, 62.00 
11628,MARIMAR HYPERTONIQUE 100 ML, 315.00 
11625,MARIMAR ISOTONIC SPRAY 100 ML., 315.00 
11907,MARNON 50 X 28'S, 9.25 
11909,MARVELON 21'S NEW, 99.50 
11910,MARVELON 28'S NEW, 99.50 
16079,MASABALM 30 GM, 17.00 
15424,MASACARBON CAP 10X10'S masalab, 128.00 
10822,MASAKA CREAM 30 GM., 19.50 
16080,MASAREN EMULSION GEL 30 GM., 15.75 
14244,MASK หน้ากากอนามัย SOS 20 ชิ้น/กล่อง สีดำ, 53.00 
14243,"MASK หน้ากากอนามัยเด็ก 20 ชิ้น/กล่อง สีขาว 17.5X9.5 CM,", 50.00 
16394,MASK HEALTH MATE 50'S สีเขียว TLM, 31.00 
14708,MASK KF94 MAXX LIFE KN95 1ห่อมี10 ชิ้น สีขาว, 23.00 
14709,MASK KF94 MAXX LIFE KN95 1ห่อมี10 ชิ้น สีดำ, 23.00 
14274,MASK N-95 NEXT HEALTH TLM ขายยกกล่อง 30 ชิ้น, 85.00 
16409,MASK NEXT HEALTH TRUE LINE MED 50'S เด็ก, 37.00 
16407,MASK NEXT HEALTH TRUE LINE MED 50'S สีขาว, 35.50 
12439,MASK NEXT HEALTH TRUE LINE MED 50'S สีเขียว, 35.50 
16408,MASK NEXT HEALTH TRUE LINE MED 50'S สีดำ, 35.50 
14566,"MASK"" KLEAN MASK""FISH 4 PLY สีขาว เด็ก 1ห่อมี10ชิ้น", 18.00 
14563,"MASK"" KLEAN MASK""FISH 4 PLY สีขาว ผู้ใหญ่ 1ห่อมี10ชิ้น", 18.00 
14565,"MASK"" KLEAN MASK""FISH 4 PLY สีเขียว ผู้ใหญ่ 1ห่อมี10ชิ้น", 18.00 
14564,"MASK"" KLEAN MASK""FISH 4 PLY สีดำ ผู้ใหญ่ 1ห่อมี10ชิ้น", 18.00 
16386,"MASK""หน้ากากกระดาษสีขาว3 ชั้น 50 ชิ้น MAXXLIFE", 38.00 
14300,"MASK""หน้ากากกระดาษสีเขียว3 ชั้น 50 ชิ้น MAXXLIFE", 38.00 
16385,"MASK""หน้ากากกระดาษสีฟ้า3 ชั้น 50 ชิ้น MAXXLIFE", 38.00 
14348,MASKหน้ากากกรองอนุภาค 1 ชิ้น KN95, 32.00 
14129,MASKหน้ากากกรองอนุภาค 3M 1 ชิ้น KF94, 35.00 
14812,MASKหน้ากากกรองอนุภาค 3M 1 ชิ้น KN95, 35.00 
14457,MASKหน้ากากทางการแพทย์ 3Dสีขาว KF94 1กล่อง25 ชิ้นcmed, 80.00 
14914,MASKหน้ากากทางการแพทย์ 3Dสีดำ KF94 1กล่อง25 ชิ้นcmed, 80.00 
15069,MATAPAIN CREAM 25 GM., 23.00 
13513,MAXAVIT 10X6'S, 19.00 
15236,MAXX FLOW PROBIOTICS 7 ซอง, 289.00 
11941,MAXX OMEGA 3 60'S แถม fish oil 30's, 418.00 
16403,MAZT TAB 5 MG .3X10'S MOSAPRIDE, 195.00 
13954,M-BREX macrophar, 100.00 
11204,M-CIN 50 ML ( INDO SPRAY) macrophar, 86.50 
16205,McKRIME REFRESHING MOUTH SPRAY 20 ml สารสกัดธรรมชาติ 100%, 59.00 
16630,McXY KLEAR 10x20ml (น้ำเกลือ+syring 20 ml+จุก ), 52.00 
16629,McXY KLEAR 5x20ml (น้ำเกลือ+syring 20 ml+จุก ), 37.00 
16093,MCXY-COLD 12x1x10'S, 120.00 
13271,M-DIVATE CREAM 30 GM., 57.00 
10497,MEBO 10 GM., 84.50 
10498,MEBO 40 GM., 290.00 
16652,MECYLIC 15 GM, 51.00 
14809,MECZE 3X10'S (mecobalamin tablet), 62.00 
15368,MEDERMA GEL FOR KIDS 20 GM., 387.00 
11568,MEDERMA INTENSE GEL 10 GM., 318.00 
11576,MEDERMA INTENSE GEL 20 GM., 580.00 
12268,MEDIC NOR 400 10X10'S, 134.00 
14500,MEDICCOXIB 200 MG 10'S 10x10's medic ขายยกกล่อง, 389.00 
13176,MEDITUSSIN CAP 10X10'S, 340.00 
15334,MEDMAKER LIP BALM 4.8 GM. ตลับชมพู, 35.00 
13386,MEDMAKER PETROLEUM JELLY 50 GM, 33.50 
13387,MEDMAKER PETROLEUM JELLY BABY 50 GM., 33.50 
12942,MEDMAKER VITAMIN E CREAM 20 G., 52.00 
12943,MEDMAKER VITANIN E CREAM 50 G., 107.00 
11925,MEFAMED 500 MG. 1X500'S, 240.00 
11924,MEFAMED 500 MG. 25X10'S ขายยกกล่อง, 140.00 
11927,MEFANAC 25X10'S, 200.00 
15583,MEGA CURCARE 3*10's, 349.00 
11946,MEGA FIBER 30 ซอง, 530.00 
10600,MEIACT 200 MG. 2X10'S," 1,150.00 "
16773,MEIPAZIN 10 MG. 3x10'S film-coated สูตรJardiance thai meji, 830.00 
12042,MELCAM (meloxicam) 7.5 MG, 56.00 
14069,MELCAM (meloxicam)15 MG ขายยกกล่อง, 570.00 
12040,MELOBIC 7.5 10X10'S, 260.00 
14490,MEL-OD 15 10X10'S ขายยกกล่อง, 189.00 
14178,MEL-OD 7.5 10X10'S ขายยกกล่อง, 150.00 
11029,MELODIA สูตร yasmin, 244.00 
15080,MELOX 15 1X10'S, 65.00 
12041,MELOX 7.5 MG. 10'S siam, 54.00 
11993,MEPTIN 50 MCG TAB. 10X10'S, 427.00 
11994,MEPTIN SYR., 47.50 
11995,MERCILON 21'S 10 กล่องเป็น 1 แพค, 155.00 
11996,MERCILON 28'S 10 กล่องเป็น 1 แพค, 157.00 
12000,MERISLON 6 MG. 10'S แพคละ 3 แผง, 59.00 
12004,MERISLON 12 MG. 3X10'S ขายยกกล่อง, 108.00 
16638,MERSON-16 1X10 'S, 23.00 
16086,MESLON 1000 10X10'S ขายยกกล่อง สูตรdaflon, 610.00 
16167,MESLON 500mg 3X10'S ขายยกกล่อง สูตรdaflon, 102.00 
13883,MESTO-F 10X10'S, 69.00 
15906,MESTO-F 1X500'S, 285.00 
16791,METEOSPASMYL CAP 3X10'S mayoly, 264.00 
13936,METFORMIN 500 MG 50X10.S สหแพทย์, 4.00 
11487,METFORMIN GPO 500 MG 50X10S ขายขาดไม่รับคืน, 6.50 
12013,METHYCOBAL 500 MCG.(แผง) 3x10'S, 158.00 
13178,METOPRIN 1000'S, 400.00 
10379,METOPROLOL 100 STADA 10X10'S, 269.00 
12011,METROLEX 400 MG.FOIL 100'S siam, 135.00 
12010,METRONIDAZOLE 400 MG 50X10.S*, 6.00 
11642,METZODIN 10 ML 0.05% oxymetazoline, 48.50 
11817,MEVALOTIN 40 M G3X10'S," 1,135.00 "
14734,ME-X PLUS 10'S, 177.00 
12263,M-FLOX 10X10'S, 155.00 
16198,MIBEAZ TAB 10 MG. 3X10'S (ezetimibe) siam, 227.00 
12018,MICARDIS PLUS 40/12.5 30'S, 640.00 
12019,MICARDIS PLUS 80/12.5 30'S, 831.00 
12016,MICARDIS 40 MG. 30'S, 655.00 
12017,MICARDIS 80 MG. 30'S, 874.00 
12020,MICROGYNON 30 ED, 54.75 
12026,"MICROPORE 0.5""X10 YD 24ม้วน/กล่อง ขายยกกล่อง", 556.00 
16541,"MICROPORE 0.5""X10 YD 6ม้วน/กล่อง ขายยกกล่อง", 144.00 
12024,"MICROPORE 1""X 10 YD ไม่มีตัวตัด ( ขายยกกล่อง )", 534.00 
10518,MIGANA TAB 40X10'S, 21.00 
10519,MIGRANO 10 'S แพคละ10แผง, 21.00 
16461,MILGAMMA MONO 150 MG.3X10'S, 900.00 
14101,MILKY -D TAB 24X8 GM.รสนม, 100.00 
15207,MILKY -D TAB 24X8 GM.รสนมช็อกโก, 100.00 
15208,MILKY -D TAB 24X8 GM.รสมอลต์, 100.00 
13829,MILLIOPH 10 ML, 28.50 
11309,MILTEAR MD10 ML พรอส, 65.00 
16038,MIMOSA 3X10'S (MOSAPRIDE5MG) gasmotin, 259.00 
12028,MINIDIAB 5 MG.30'S, 107.00 
11513,MINIDOZ 28'S (250-), 137.00 
11998,MINNY TAB 21'S, 87.50 
11999,MINNY TAB 28'S, 87.50 
11514,MINOZ 28'S, 81.00 
10947,MINRA INFANT DROP 15 ML., 29.50 
10949,MINRA SYRUP 60 ML. ส้ม, 24.00 
10950,MINRA SYRUP 60 ML. องุ่น, 23.75 
13004,MINUS 30 GM WHITE ขาว 325--, 182.00 
13003,MINUS SUN SPF 50 PA++ 30 GM IVORY เบส, 262.00 
12341,MIRACID 20 MG. 1X14'S (berlin), 33.00 
14731,MIRACLE CALCIUM L-Threonate plus 3X10'S, 259.00 
14736,Miracle undenatured collagen type ii plus30'S (MSP), 335.00 
14739,MIRACLE ZINCCAP PLUS 3X10'S(MSP), 142.00 
14448,MIRAX-M. 10X10'S, 58.00 
15766,MIRGEAL GEL 15 ml กล่องละ 20 ซอง, 616.00 
12030,MM MOM 240 ML. CHERRY 1 ลังมี 2 โหล, 23.00 
12033,MM MOM 240 ML. สหแพทย์ 1 ลังมี 2 โหล, 23.00 
12044,MOBIC 15 MG. 1X10'S, 162.00 
12038,MOBIC เม็ด 7.5 MG., 102.00 
12052,MOCYDONE-M 50X10'S ขายยกกล่อง, 220.00 
12046,MODURETIC 1x500'S," 1,040.00 "
12051,MOLAX SYRUP siam, 44.00 
12055,MOLAX-M 10X10'S siam, 126.00 
15247,MOLIDOM 10MG 10X10'S (au), 100.00 
12031,MOM 240 ML GPO ขายขาดไม่รับคืน, 35.00 
12034,MOM 240 ML. ส.เจริญ, 27.50 
12032,MOM 450 ML.GPO* ขายขาดไม่รับคืน, 51.50 
11209,MOMATE CREAM 15 GM ATLANTA, 92.00 
11208,MOMATE CREAM 5 GM. ATLANTA, 43.00 
16563,MOMESONE CREAM 15 GM, 93.00 
15274,MOMESONE CREAM 5 GM, 43.00 
12123,MOMETASONE 0.05% 140 DOSE, 525.00 
14039,MOMETASONE GPO CREAM 15 GM ขายขาดไม่รับคืน, 64.00 
15214,MOMMY &ME NATUREHINZZ CREAM 30Gครีมผสมมหาหิงษ์, 63.75 
16206,MONAS 21 'S สูตร yasmin millimed, 224.00 
14961,MONKAST 10 MG.2X14'S ขายยกกล่อง, 210.00 
15780,MONKAST-5 MG.2X14'S ขายยกกล่อง, 125.00 
12047,MONOPRIL 10 MG. 1X30'S, 390.00 
16483,MONTEK 10 MG. 4x7'S teva, 291.00 
15821,MONTULAIR 4 MG. 28 ซอง, 375.00 
12048,MONUROL 3 GM. 1 sachet, 385.00 
12353,MOPRIX 20 MG., 43.00 
12867,MOSQUITO REPELLENT PATCH, 176.00 
12256,MOSSI GUARD CREAM 50 GM, 85.00 
12877,MOSSI GUARD PATCH 30X2 แผ่น, 290.00 
16631,MOTAR 1X10'S hyoscine 10mg, 25.50 
12054,MOTILIUM รุ่นใหม่3X10'S, 99.00 
14717,MOUTH SPRAY ธนภรณ์ เฮิร์บ สูตรกัญชง 10 ML., 160.00 
14716,MOUTH SPRAY ธนภรณ์ เฮิร์บ สูตรมิ้นท์ 10 ML., 130.00 
14704,MOXCILLIN 500 MG. 50X10'S ขายยกกล่อง ASU amoxy, 460.00 
14705,MOXCILLIN 125 MG. 60 ML ASU, 16.50 
10156,MOXCILLIN 500 MG. 50X10'S ฟ้าอ่อน-แก่medic pharma., 500.00 
16084,MOXICAP 500 MG 10x10's, 95.00 
14032,MOXIFLOX GPO 400 MG.1X5'S ขายขาดไม่รับคืน, 267.00 
14986,MOXILIN 500 MG. 50X10'S NIDA ขายยกกล่อง, 500.00 
10154,MOXIPHARM medipharma 500 MG. 50X10'S ขายยกกล่อง, 500.00 
10269,MOX-TAB 875 mg 10x10's, 398.00 
12059,MTV TP. 1x1000'S เม็ดกลม, 165.00 
12066,MTV TP. 1x1000'S เม็ดรี, 165.00 
15211,MUCILIN ส้ม 30X5 GM., 227.00 
12074,MUCILIN SF mixberry 10 SACHET, 80.00 
12075,MUCILIN SF ส้ม 10X5 GM., 80.00 
14611,MUCILLIN SF ส้ม 400 GM., 285.00 
11379,MUCLEAR 10'S, 116.75 
15033,MUCOBROX 500'S, 295.00 
14561,MUCOBROX 50X10'S, 300.00 
16517,MUCOFLEX SYRUP 250 MG 60 ML. carbocistein cmed, 21.25 
14577,MUCOFLO SYRUP 60 ML สูตร bisolvon, 15.00 
12076,MUCOLID 60 ML, 28.75 
16192,MUCOLID junior blueberry 60 ML., 28.75 
12078,MUCOLID junior straw 60 ML., 28.75 
12079,MUCOLID SF 600 MG., 315.00 
12077,MUCOLID TABLET 50x10'S, 725.00 
14420,MUCOMEX 10'S carbocistein 375 MG, 700.00 
14710,MUCOSOLVAN TAB 10 X 10'S ชายยกกล่อง, 576.00 
12068,MUCOSTA 100 MG. 10X10'S, 87.00 
14975,MUCOSTAR 10'S 7S, 9.00 
11380,MUCOTIC 200 MG เขียว 1x50's, 125.00 
11381,MUCOTIC HD 600 MG ส้ม sf 1x50's, 276.00 
11929,MULTILIVES 30's, 595.00 
14603,MULTIZYME 4's, 60.00 
11358,MURHINOL 10X10'S ขายยกกล่อง, 210.00 
16671,MUSLEXAC 10'S (norgesic), 7.00 
12086,MYBACIN 1X1400'S มะนาวรุ่นใหม่ 1 ห่อ 70 ซอง, 500.00 
12088,MYBACIN 1X1400'S ส้ม, 500.00 
16727,MYBACIN OTC 20x8'S, 179.00 
12092,MYBACIN OTC 1x1400's, 8.75 
16004,MYBACIN OTC LEMON 20x8'S, 179.00 
16529,MYBACIN OTC ORANGE 20x8'S, 178.00 
12089,MYBACIN Throat 1x1400'S เหลือง 1 ห่อ 70 ซอง," 1,000.00 "
16651,MYBACIN THROAT MINT 40 x 10'S, 292.00 
16419,MYBACIN ZINC CHERRY FLAVOR 20x10'S, 146.00 
16009,MYBACIN ZINC HONEY LEMON 20x10'S, 146.00 
14977,MYCOZOLE-B CREAM 15 G., 24.50 
14978,MYCOZOLE-B CREAM 15 G., 24.50 
12096,MYDA POWDER 20 gm. T MAN 1 แพคมี 6 ขวด, 28.00 
16522,MYDA SHAMPOO 50 ML, 32.25 
14873,MYDA SOAP 30 gm. T MAN 1 แพคมี 6 ก้อน, 21.50 
14874,MYDA SOAP 80 gm. T MAN 1 แพคมี 6 ก้อน, 36.00 
12094,MYDA-B 15 GM T MAN, 33.25 
12095,MYDA-B 25 GM T MAN, 53.00 
12093,MYDA-B 5 GM T MAN, 15.75 
15325,MYDA-BS 15 GM T MAN, 34.50 
14877,MYDA-BS 5 GM T MAN, 15.75 
12705,MYDERM QUAD CREAM 15 G, 49.00 
12704,MYDERM QUAD CREAM 5 G, 22.00 
16046,MYDOCALM 150 MG. 1X10'S, 45.00 
16085,MYDOCALM 50 MG. 1X10'S, 17.00 
16013,MYFLUORIDE MYBACIN 250 ML.Junior สตรอเบอร์รี, 39.50 
12102,MYHERBAL MYBACIN MOUTH Spray 15ml, 89.00 
11632,MYHERBAL MYBACIN With Mangosteen Spray 4.5 ML, 43.00 
14808,MYKODERM POWDER 75 GM., 125.00 
10064,MYLOM 15 ML., 37.00 
13937,"MYMOL 500 MG แผง 100x10'S paracetamol 500 mg,", 440.00 
16140,"MYMOL 500 MG แผง 10x10'S paracetamol 500 mg,", 45.00 
12461,"MYMOL 500 MG. 100'S paracetamol 500 mg,", 28.00 
15278,"MYMOL บูรพา 100'S ขาวรี paracetamol 500 mg,", 41.00 
12467,"MYMOL บูรพา 100'S ฟ้า-ขาว กลม paracetamol 500 mg,", 29.25 
12278,MYONAL 50 MG. 3X10'S, 200.00 
12101,MYOXAN 50 MG. 50X10'S, 275.00 
15273,MYPARA 10X10'S, 54.00 
16554,MYPARA 10X12'S, 37.00 
11375,MYSOVEN GRANULE 100 MG. 5 GM. 60 ซอง, 103.00 
11377,MYSOVEN GRANULE 200 MG.5 GM. 60 ซอง, 205.00 
11378,MYSOVEN GRANULE 600 MG.7 GM.30'S, 262.00 
12512,MYXYCAM 20 MG. 10'S, 10.25 
15151,N HAKU ANTI ACNE GEL 15 GM, 190.00 
15296,NABESAC 50 X10'S, 270.00 
16073,NABESAC 50X10'S สีเขียว, 258.00 
16074,NABESAC 50X10'S สีส้ม, 258.00 
12109,NAC-LONG, 150.00 
10618,NACOXIB-90 MG 10'S 2 แผงแถม gastrosec 1 กล่องbk etoricoxib, 72.00 
15461,NANO OVULATION TEST 5 TEST, 70.00 
15354,NANO DIGITAL THERMOMETER DT-04, 80.00 
16358,NANO PREG TEST CASSETTE, 18.50 
16359,NANO PREG TEST MIDSTREAM, 35.00 
16357,NANO PREG TEST STRIP, 11.00 
12118,NAPHCON-A 15 ML, 91.00 
11106,NAPPY-HIPPO 25 GM., 32.00 
11105,NAPPY-HIPPO 5 GM., 14.00 
16405,NAPROFAZT CLEARCAP 1x10'S, 98.00 
16202,NAPROSIAN 250 MG. 25X10'S asian, 330.00 
12119,NAPROXEN 250 MG. 10X10'S co-ph, 195.00 
16391,NAPROXEN 250 MG. GPO 50X10'S ขายขาดไม่รับคืน, 610.00 
14021,NAPXON 250 MG. 10X10'S, 260.00 
12742,NASACORT NASOL SPRAY 120 DOSE, 460.00 
14920,NASAL CONNECT อุปกรณ์ต่อขวดล้างจมูก, 84.00 
12412,NASAL KIT (SYRING 20 ML +จุก 1), 26.25 
15953,Nasaleze allergy blocker สเปรย์พ่นจมูกชนิดผง, 285.00 
15954,Nasaleze children's allergy blocker สเปรย์พ่นจมูกชนิดผง, 285.00 
15955,Nasaleze PM shield สเปรย์พ่นจมูกชนิดผง, 285.00 
15952,Nasaleze travel สเปรย์พ่นจมูกชนิดผง, 285.00 
12300,NASALINE -ISO 30 ML., 98.00 
13536,NASIC CLEANSER 30 ซอง, 90.00 
10024,NASIFED 10X10'S, 92.00 
10022,NASIFED 50X10'S FOIL, 400.00 
14616,NASO SPRAY NASAL 0.05%140DOSE, 420.00 
14135,NASOL METER SPRAY 15 ml., 78.50 
10021,NASOLIN P.L .กล่องละ 10'S, 16.75 
10025,NASOLIN SYRUP 60 ML., 24.50 
12125,NASONEX NASAL 0.05% 60 DOSE, 450.00 
12124,NASONEX NASAL 0.05%140DOSE, 770.00 
10023,NASOTAPP 10X10'S, 135.00 
10286,NAT B 40'S, 228.00 
11948,NAT B 100'S, 560.00 
12130,NAT C YUMMY GUMMYZ ราคาพิเศษ exp 01/2027, 83.00 
12134,NAT C 150 'S, 555.00 
12129,NAT C 30 'S, 173.00 
12131,NAT C 60 'S, 240.00 
12133,NAT C ESTER 1000 MG. 30 SACHET, 205.00 
14788,NAT CAL PLUS CAP 30'S, 525.00 
11943,NAT D 1000 IU 60'S, 400.00 
14275,NAT D 5000 IU 30'S SOFT GEL CAP, 615.00 
13509,NAT E 30'S, 332.00 
14224,NAT MAG 30'S, 160.00 
11283,NATEAR BT 10 ML., 81.00 
11302,NATEAR UD 28'S 1 แพคมี 6 กล่อง, 197.00 
11301,NATEAR UD 7'S, 55.00 
12135,NATRILIX SR 1.5MG. 30'S, 274.00 
15820,NAVAMED 1x50x2'S เกร็ทเตอร์ ขายยกกล่อง, 130.00 
11745,NAZOLE 10X10'S, 150.00 
13184,NEBIDO 25% 4 ML.," 6,450.00 "
13904,NEBIlLET 5 MG 2X14'S, 688.00 
12147,"NEEDLE 23X1""", 52.00 
12145,"NEEDLE # 18 X 1""", 53.00 
12149,"NEEDLE # 20 X 1 1/2""", 53.00 
12148,"NEEDLE # 20 X 1""", 53.00 
12144,NEEDLE # 21 X11/2, 52.00 
12139,"NEEDLE # 21X 1""", 52.00 
12146,"NEEDLE # 22 X 1""", 52.00 
12140,"NEEDLE # 23X 1 1/2""", 52.00 
12143,"NEEDLE # 24 X 1 1/2""", 52.00 
12142,"NEEDLE # 25X 1""", 52.00 
12141,"NEEDLE # 25X1 1/2""", 52.00 
12150,NEEDLE # 27X 1'', 55.00 
12137,"NEEDLE #18 X 1 1/2""", 54.00 
12136,"NEEDLE #22X 1 1/2""", 50.00 
12138,"NEEDLE #24 X 1""", 52.00 
12152,NELAPINE 20 MG. SR 3X10'S, 95.00 
16187,NEOBUN BACK PAIN 13X12 cm.ยกกล่อ(1กล่องมี 6 ซอง/1ซองมี2แผ่), 217.00 
16186,NEOBUN JUMBO 11X8 cm.ยกกล่อง (1กล่องมี 6 ซอง /1ซองมี3แผ่น), 103.00 
12250,NEOBUN 20 แผง 10 ชิ้น 4x6.5 cm., 336.00 
12255,NEOBUN GEL COOL 1กล่อง 20 ซอง, 700.00 
12261,NEOBUN GEL COOL MINISIZE 5 ซองx 2ชิ้น, 21.00 
12259,NEOBUN GEL WARM 1กล่อง 20 ซอง, 35.00 
16432,NEOBUN SPRAY 45 cc, 51.00 
13490,NEOCA C 1000 MG 60'S, 250.00 
16252,neoca GARCININ เม็ดฟู่ 10's, 74.00 
14066,NEOCA LUTEIN MEGA 3 30'S, 368.00 
16549,NEOGRAM 5 ML. NOVA (สูตร poly-oph), 27.50 
11189,NEO-LYTE 50 ซอง, 127.00 
11510,NEO-PENOTRAN FORTE VAG SUPPO 7'S, 312.00 
16260,NEOPLAST ALCOHOL PAD 200 แผ่น เทวกรรม, 150.00 
14322,NEOPLAST SOFT PAD SIZE S 6X7cm 5ชิ้น, 22.00 
14324,NEOPLAST TRANSPARENT size S กันน้ำ 6x7 cm 3ชิ้น, 24.00 
12172,NEOPLAST-GOLD 100 ชิ้น, 47.00 
12170,NEOPLAST-S ผ้า 100, 36.50 
12165,"NEOPORE 1""X5 หลา ( ขายยกกล่อง )", 25.83 
12167,"NEOPORE 1/2""X10 Y ใหญ่ 1กล่องมี2โหล ( ขายยกกล่อง )", 380.00 
12168,"NEOTAPE 1""X10 หลา 1 กระปุกมี12 ม้วน", 403.00 
12169,"NEOTAPE 2""X10 หลา 1 กระปุกมี6ม้วน", 390.00 
12154,NEOTICA BALM 100 GM (115-), 94.00 
12158,NEOTICA BALM 15 GM., 19.00 
12155,NEOTICA BALM 30 GM., 36.00 
12153,NEOTICA BALM 60 GM (78-), 66.75 
12156,NEOTICA CAPSULE 20 MG., 17.00 
12159,NEOTICA COOL 30 GM., 36.75 
12160,NEOTICA COOL 60 GM., 63.75 
12157,NEOTICA GEL 25 GM., 29.50 
12187,NERVICA 150 4X14'S, 600.00 
12188,NERVICA 75 MG 4X14'S ขายยกกล่อง, 420.00 
12179,NEUGABA 300 MG 6X10'S, 310.00 
16780,NEURICA 75 MG 10X10'S pregabalin BERLIN, 607.00 
16628,NEUROBION 6X10'S รุ่นใหม่, 269.00 
14692,NEUROCOBAL 500 MCG.(แผง), 59.00 
12015,NEUROMET 500 MCG.5X10'S, 175.00 
12174,NEURONTIN 300 MG กล่องละ 3 แผง, 880.00 
10593,NEUROX -250 MG. 10X10'S, 130.00 
10293,NEUVIPLEX 3X10'S, 45.00 
10292,NEVRAMIN 10X10'S, 255.00 
15173,NEVTRAL CREAM 15 GM, -   
12432,NEW BORN POWDER 150 GM, 35.00 
15393,NEW BORN POWDER BABY 50 GM, 38.50 
12203,NEWPHARVIT 125-, 67.25 
12204,NEWPHARVIT PLUS 100'S, 93.00 
16442,NEWTOWER รสดั้งเดิม 20G 10 ซอง NCR, 39.00 
12438,NEXCARE 3M MASK CARBON 1 ชิ้น, 18.00 
15600,NEXCARE CLEAR WATERPROOFพลาสเตอร์size 25x72mm 50ชิ้น, 104.50 
15974,Nexcare Coldhot Therrapy Pack mask (1x1)exp07/25, 140.00 
15318,NEXCARE HAPPY KIDS พลาสเตอร์เยื่อกระดาษ 20ชิ้น, 23.50 
14592,NEXCARE MAX HOLD FINGER PLASTER6ชิ้น, 23.00 
13092,NEXCARE SOFT CLOTH 2 IN 1 C1 6X8 5 แผ่นMONTANA, 35.00 
13091,NEXCARE SOFT CLOTH 2 IN 1 C2 8X12 4 แผ่นMONTANA, 41.00 
13090,NEXCARE SOFT CLOTH 3M MONTANA, 80.00 
15312,NEXCARE TRANSPARENTพลาสเตอร์size 25x72mm 50ชิ้น, 104.50 
12215,NEXCARE WATER PROOF 10'S, 18.50 
12211,NEXCARE แผ่นกันรองเท้ากัด คละแบบ 10 ชิ้น, 27.50 
14222,NEXCARE แผ่นซับสิว 3M 12 ชิ้น EASY PICK, 42.00 
12347,NEXIUM 20MG. 14'S, 515.00 
12348,NEXIUM 40 MG. 14'S, 750.00 
15052,NEXT HEALTH NO.L(60x90cm)แผ่นรองซับ1แพคมี 10ชิ้น ขายขาด, 70.50 
10441,NEXT HEALTH BLOOD GLUCOSE MONITORเครื่องวัดน้ำตาล, 900.00 
10449,NEXT HEALTH BLOOD GLUCOSE TEST STRIP 50 TEST แถบวัดน้ำตาล, 440.00 
16636,NEXT HEALTH DIGITAL THERMOMETER NH-101, 44.00 
14761,NEXT HEALTH DIGITAL THERMOMETER NH-201 TLM, 60.00 
16507,NEXT HEALTH Premium Mask 1*40'S แพ็คเดี่ยว สีเขียว, 63.00 
15957,NEXTSTELLIS 24+4, 460.00 
13543,NICE DREAM 50 ML 1X4'S, 160.00 
15332,NICHIBAN hydrocolloid plaster 1 กล่องมี 10 ซอง, 226.00 
15331,NICHIBAN polyuretane plaster 1 กล่องมี 10 ซอง, 140.00 
15333,NICHIBAN waterproof line friends plaster 1 กล่องมี 10 ซอง, 315.00 
12222,NICOMILD-2 7X9'S, 239.00 
15316,NICORETTE 2 MG. 105'S < 1 กล่องมี 7 แผง >, 660.00 
14088,NICORETTE 2 MG. 15'S รุ่นกล่องละ1แผง, 105.00 
14495,NICORETTE 4 MG 15'S รุ่นกล่องละ 1 แผง, 156.00 
15317,NICORETTE 4 MG. 105'S < 1 กล่องมี 7 แผง >, 895.00 
14089,NICORETTE PATCH 10 MG., 611.75 
14090,NICORETTE PATCH 15 MG., 611.75 
14091,NICORETTE PATCH 25 MG., 611.75 
14990,NICORETTE QUICK MIST 1 MG/SPRAY 150 DOSE, 620.00 
15256,NIFEDIPINE T20 RETARD STADA 10X10'S, 385.00 
15690,NIKP-LEVOFLOXACIN OPHTHALMIC 0.5% 5ML., 105.00 
15688,NIKP-MANIDIPINE 10 MG.10X10'S สูตร madiplot, 489.00 
15689,NIKP-MANIDIPINE 20 MG.10X10'S สูตร madiplot, 515.00 
11734,NINAZOLE TO. 10X10'S, 165.00 
15402,NITE CAP 10'S (diphenhydramine hcl 50 mg), 33.00 
16290,Nitrofurantoin 100 mg 1000's," 1,550.00 "
16548,Nitrofurantoin 100 mg 50x10's, 22.50 
14570,NIZORAL CREAM 15 GM. ขนาดใหม่, 129.00 
15908,NIZORAL DERMA DAILY SHAMPOO 200 ML, 321.00 
12232,NIZORAL SHAMPOO 100 ML, 196.00 
12233,NIZORAL SHAMPOO 200 ML, 349.00 
12231,NIZORAL SHAMPOO 50 ML, 113.00 
12314,NIZZY SPRAY น้ำเกลือพ่นจมูก 18 ml., 56.75 
11724,NODOGLE 15 ML., 86.00 
11743,NORA SHAMPOO 100 ML., 132.00 
11740,NORA SHAMPOO 50 ML., 77.50 
11738,NORA TAB 10'S, 38.00 
12266,NORBACTIN 400 MG. 10X10'S, 130.00 
16514,NORCA TABLET 10X10S (norethisterone )สูตร primolut n, 219.00 
16060,NORFCIN 400 MG 12X10'S, 192.00 
15459,NORFLOX OSOTH 400 MG. 10X10'S, 145.00 
12726,NORFLOXACIN 400 MG. 50X10'S ccb, 750.00 
12276,NORGESIC รุ่นใหม่ กล่องละ2x10'S 1แพค=20, 57.75 
11963,NORMAGUT 1X10'S, 186.00 
16577,NORMETEC 10/40 MG 3X10'S, 890.00 
15167,NORMETEC 5/20 MG 3X10'S, 600.00 
15004,NORMETEC 5/40 MG 3X10'S, 860.00 
14473,NORTUSSIN 10X10 CAP, 98.00 
12290,NORVASC 10 MG. 10'S รุ่นใหม่กล่องละ 3 แผง," 1,120.00 "
12287,NORVASC 5 MG 3X10'S, 642.00 
16155,NORXACIN 400 MG.1x 8'S siam, 43.00 
14973,NOSE FROSSY 14ml.(พ่นจมูก;BW)., 40.50 
14061,NOSMEN 120 MG 5'S biopharm, 78.00 
12295,NOVOFINE NEEDLE 30 G, 600.00 
12294,NOVOPEN 4," 1,310.00 "
10570,NOX 12X 2 แผ่น ขนาด 15.5X12 CM, 450.00 
10573,NOX COOLING 12X 2 แผ่น ขนาด 15.5X12 CM, 43.00 
10574,NOXA ขาว 1 กล่อง 12*10's, 102.00 
10572,NOXA แดง 1 แพค 12 กล่อง, 130.00 
11990,NOXIDIL 5 GM 100'S, 130.00 
12297,NOXZY 12X4'S, 80.00 
12302,NSS 120 ML LP เสือดาว, 12.00 
16729,NSS SOLUTION 1000 ML. SOS ลังละ10 ขวด, 36.50 
16346,NSS SOLUTION 1000 ml.drumbell GHP 0.9% ร้านละ 2 ลัง, 26.00 
12305,NSS SOLUTION 200 ML. จะปรับราคาเดือน 7 จำกัดร้านละ 4 ลัง, 31.50 
12299,NSS SOLUTION 100 ML.ANB จะปรับราคาเดือน 7 จำกัดร้านละ 4 ลัง, 25.00 
12298,NSS SOLUTION 1000 ML.ANB จะปรับราคาเดือน 7 จำกัดร้านละ 3 ลัง, 45.00 
12301,NSS SOLUTION 500 ML. ANB จะปรับราคาเดือน 7 จำกัดร้านละ3 ลัง, 35.00 
12306,NSS ดรัมเบล์ล 1000 ML.ANB จะปรับราคาเดือน 7 จำกัดร้านละ3 ลัง, 32.00 
12315,NSS ดรัมเบล์ล 500 ML.ANB ลังละ 20 ขวด, 27.00 
16173,NSS น้ำเกลือแบบหลอด 5 ml x 10 หลอด SOS, 31.00 
13188,NUELIN SR 200 MG. แผง 5X20'S, 198.00 
12729,NU-HAIR 2% 60 ML. รุ่นใหม่, 310.00 
12731,NU-HAIR 5% 60 ML., 489.00 
12271,NUOSIC 50X10'S สีเขียว, 360.00 
14590,NUOSIC 50X10'S สีชมพู, 350.00 
12320,NUROFEN SYRUP 60 ML, 116.00 
12322,NUROFEN ZAVANCE 400 MG. 10'S, 138.00 
15951,NUTRI MASTER ZINC 15mg 30'S, 70.00 
14464,NUTRIVITA 3x10 'S mega, 245.00 
12324,NUTROPLEX +OLIGOPLUS 100 ML, 142.00 
12323,NUTROPLEX +OLIGOPLUS 60 ML, 87.50 
10937,NYST ORAL 12 ML., 33.50 
15251,"N-zen firstband 1"" เทปพันยืดหยุ่น (coban) สีเนื้อ", 29.50 
15254,"N-zen firstband 2"" เทปพันยืดหยุ่น (coban) สีแดง", 49.00 
15253,"N-zen firstband 2"" เทปพันยืดหยุ่น (coban) สีน้ำเงิน", 49.00 
15252,"N-zen firstband 2"" เทปพันยืดหยุ่น (coban) สีเนื้อ", 49.00 
15255,"N-zen firstband 3"" เทปพันยืดหยุ่น (coban) สีเนื้อ", 59.00 
14967,N-ZEN GEL (diclofenac50mg) 30 GM., 28.00 
11056,N-ZEN50 (diclofenac50mg) 12x10's, 170.00 
12326,OB REGULAR 8 ชิ้น, 59.75 
12327,OB SUPER, 70.00 
12331,OBIMIN-AZ 20'S, 66.00 
12328,OBIMIN-AZ 60'S, 196.50 
12332,OBIMIN-AZ PLUS 30'S, 78.50 
11030,OC-35, 86.00 
11307,OCUFRESH DP 10 ml., 66.00 
15965,Ocusoft Lid Scrub ( ORIGINAL FOAM) 50 ML, 291.00 
12335,Ocusoft Lid Scrub ( ORIGINAL PAD) 30 PAD, 372.00 
12334,Ocusoft Lid Scrub (Plus Foam) 50 ml, 445.00 
12336,Ocusoft Lid Scrub (PLUS PAD) 30 PAD, 555.00 
12580,OESTROGEL 80 GM. FEZ M, 245.00 
16077,OFEE 50 50 X10'S, 391.50 
10007,OFLOCEE 200 MG. 10X10'S, 215.00 
13074,OFLOXIN 200 MG. 10X10'S, 365.00 
10844,OLMETEC 20MG. 30'S, 610.00 
10842,OLMETEC 40 MG. 30'S, 910.00 
15885,OMACOR ABBOTT 1000 MG 28'S, 994.00 
16516,OMED omeprazole CMED14'S, 24.75 
16238,OMEGA-3 FROM COD LIVER OIL PATAR 120 ML., 47.00 
15212,OMELIN METER SPRAY 0.05% 15 ML., 43.00 
12352,OMEPRAZOLE GPO 10X10'Sขายขาดไม่รับคืน*, 72.00 
12346,OMESEC, 26.00 
14362,ONE GERD 2 ACTION 10 ML 12 ซอง, 116.00 
16236,ONE MORE ผลิตภัณฑ์เสริมอาหาร วันมอร์ 1 แคปซูล, 39.00 
16237,ONE MORE ผลิตภัณฑ์เสริมอาหาร วันมอร์ 6 แคปซูล, 230.00 
10860,ONE TOUCH HAPPY ผิวเรียบ บาง0.055 ขนาด 52มม45-, 19.00 
10863,ONE TOUCH EXCITE 56 MM.65-, 30.00 
10859,ONE TOUCH JOY ผิวเรียบ 49 มม, 19.00 
10862,ONE TOUCH MIX 3 พลัส ผิวไม่เรียบ+ปุ่ม+ชา 52 มม 70-, 28.50 
10861,ONE TOUCH STRAWBERRY 52 มม 60-, 27.00 
16354,ONE TOUCH 003 มม 49บางเฉียบ, 24.00 
10865,ONE TOUCH 003 มม 52บางเฉียบ 65-, 27.00 
16247,ONE TOUCH วันเดอร์ 60 มม.3ชิ้น, 37.50 
16107,ONELORA oral solution 60 ML. (desloratadine 0.5 mg), 78.50 
12361,ONE-SIX-TWELVE MSD 50 แผง/กล่อง, 9.25 
10645,ONE-TREX 10X10'S, 73.00 
14158,ONJEL 28'S สูตร melian, 81.00 
14047,ONSIA 4 MG. 10'S siam (ondansetron) siam, 99.00 
14048,ONSIA 8 MG. 10'S siam (ondansetron) siam, 125.00 
13797,ONZET SUSPENSION 200 mg/5ML ชมพู, 82.00 
13799,ONZET-P SUSPENSION 200MG/5ML เหลือง, 89.00 
15485,OPADOPH EYE DROP 5 ML สูตร pataday, 172.00 
16376,OPHTOCIN EYE DROP (TOBRAMYCIN 0.3% 5 ML.), 81.00 
12374,OP-IZE 110 ML., 28.50 
13928,OPPLIN EYE WASH 100 ML, 26.25 
12370,OPSADEX 5 ML EYE-EAR DROPS, 20.00 
12368,OPSA-HIS 5 ML STERILE EYE DROP, 23.00 
12369,OPSAR 5 ML EYE DROP, 14.00 
12367,OPSAR ล้างตา 100 ml, 25.00 
12371,OPSAR ล้างตา 75 ml *ร้านละ 1 โหล*, 275.00 
11269,OPSIL TEARS 10 ML., 35.00 
11282,OPSIL-A DROP 10 ML., 32.00 
16216,OPSITE FLEXIFIX แผ่นฟิล์มกันน้ำ บรรจุ 1 ม้วน (10 cm x 1 m), 147.00 
13086,OPSITE FLEXIGRID 6 CM.X7 CM. 5'S, 48.00 
13085,OPSITE POST-OP 6.5 CMX 5CM 3'S, 37.00 
10359,OPSITE SPRAY 100 ML., 200.00 
10354,OPSITE SPRAY 40 ML., 196.00 
11265,OPTAMIN 3X10'S, 455.00 
16532,OPTHAZOLINE EYE DROPS, 26.00 
12377,OPTI REPLENISH 300 ML. (ALCON), 208.00 
11261,OPTICLUDE EYE PAD 8.2x5.7 cm 20 แผ่น ผู้ใหญ่ montana, 135.00 
13945,OPTICLUDE EYE PAD เด็ก, 101.00 
16411,OPTI-FREE PURE MOIST 300 ML. (ALCON), 220.50 
16751,OPTI-FREE PURE MOIST 90 ML(ALCON) exp12/2027, 116.50 
12376,OPTI-FREE REWT DROP 10 ML., 106.50 
15586,OPTIVE FUSION MD 10 ML, 300.00 
15585,OPTIVE FUSION UD 30X0.4 ML, 399.00 
16143,OPTIVE Lubricant Eye Drops 15 ML exp 12/26 ราคาพิเศษ ขายขาด, 137.00 
16149,OPTIVE Lubricant Eye Drops UD 30 x 0.4 ml, 266.00 
11294,OPTIVIS ophthalmic ointment 5 GM. 35-, 15.75 
11972,OPTIVIT 30'S, 410.00 
11725,ORAL SPRAY Q10 30 ML., 110.00 
14084,ORANGE CARD หยด, 13.00 
12567,ORANGE MINI MIDSTREAM, 31.00 
16207,ORANO 50X10'S ขาวกลม สูตร norgesic unison, 450.00 
15053,ORAQUICK HIV SELF TEST ชุดตรวจ hiv ด้วยตนเองexp30/4/6/24, 270.00 
14865,ORCHID + TEST แบบจุ่ม(ขายขาดไม่รับคืน), 5.00 
16683,ORCHID + TEST แบบหยด, 10.00 
12385,OREDA ส้ม (เล็ก) 3.3 gm. 100 ซอง, 160.00 
12386,OREDA (ใหญ่) 16.5 G, 226.00 
10086,OREX STERIPAD 1 กล่องมี 200 แผ่น, 175.00 
12272,ORGESIC 50 X10'S, 385.00 
16792,ORIFEN suspension100 mg. 60 ml., -   
12570,ORIGIN CARD 10 กล่อง=1แพค, 13.00 
12571,ORIGIN TEST 10 กล่อง=1แพค, 7.00 
10656,ORMIST SYRUP 60ML, 30.00 
10648,ORMIST TAB 10'S 24 แผง = 1 แพค, 18.00 
14815,ORREPASTE 5 GM., 34.25 
12343,O-SID 14'S, 60.00 
12441,OTRIVIN SPRAY 0.1%, 136.00 
12442,OTRIVIN SPRAY 0.05% CHILDREN, 127.00 
11519,OUTCOME HAIR WASH SHAMPOO 60 ML, 115.00 
10713,OVINUM 50 MG. 10'S, 205.00 
16498,OXE-CURE ACNE CLEAR POTION 15ML, 105.00 
15436,OXE-CURE ACNE DAILY SUNSCREEN 6X6G., 195.00 
10897,OXE-CURE ACNE PREBIO SERUM 6X5 ML., 235.00 
10898,OXECURE BODY ACNE SPRAY 50 ML, 151.00 
10903,OXE-CURE BODY WASH 150 ML., 118.00 
16384,OXECURE DAILY SUNSCREEN SPF 50+ 30 GM., 150.00 
10913,OXE-CURE FACIAL CLEANSER 35 ML., 57.00 
10910,OXE-CURE FACIAL CLEANSER 75 ML., 118.00 
10902,OXE-CURE SCRUB 40 GM. 125-, 83.00 
10911,OXECURE SULFER SOAP 30 GM., 37.00 
10914,OXECURE SULFER SOAP 100 GM., 101.00 
16687,Oxetine 20 50 x10 tab, 6.00 
14068,OXOFERIN 50 ML, 786.00 
15423,OXYMET 0.025% 10 ML., 25.75 
15497,OXYMET 0.05% 15 ML., 26.00 
12541,P.O ALOE AFTER SUN GEL 245 ML, 180.00 
12533,P.O ALOE FACE MASK, 120.00 
16595,P.O ALOE SUN SPRAY 220 ml SPF 50 +, 222.00 
16534,P.O ALOE SUN SPRAY 90 ml SPF 50 +, 150.00 
15858,P.O CARE CLEAR ULTRA MIST SPF 50+ <100 ML>, 220.00 
14884,P.O CARE LIVELY SUNKIDS SPF50+, 300.00 
15859,P.O CARE ULTRA SPORT FUSION SPF 50+ <100 ML>, 225.00 
12538,P.O COCONUT TANNING OIL 165 ML, 190.00 
14883,P.O COCONUT TANNING OIL SPF 15 80 ML., 195.00 
12540,P.O COCONUT TANNING OIL SPF15 80 ML, 210.00 
12539,P.O COCONUT TANNING OIL SPF8 80 ML, 180.00 
12534,P.O D-PANTHENOL AFTER SUN COOL 150 ML., 129.00 
12526,P.O D-PANTHENOL FOAM 80 ML.435-, 290.00 
16593,P.O D-PANTHENOL MOIST UP FRESH AFTER SUN LOTION 95 ML., 82.00 
16594,P.O MARINE SAFE SUNSCREEN SPF 50+ anti jelly fish115 ML., 315.00 
16596,P.O NATURAL COCONUT&ARGAN ESSENTIAL OIL SERUM 100 ML., 165.00 
12529,P.O SUN BLOCK SPF 50 45 ML., 75.00 
12528,P.O SUN BLOCK SPF 50 115 ML., 155.00 
12527,P.O SUN LOTION SPF 30 120 ML. 350-, 135.00 
12531,P.O VIRGIN COCO OIL 100 ML.-, 90.00 
12530,P.O VIRGIN COCO OIL 250 ML.280-, 190.00 
10619,PAINEX -400 (CELECOXIB) 400 MG 3X10'S pross ขายยกกล่อง, 340.00 
12283,PAINPYRIN 10*10'S, 90.00 
14203,PAINPYRIN 10'S, 9.00 
13993,PAINZA COOL GEL 30 GM, 45.50 
14217,PAINZA CREAM 30 GM, 32.50 
14677,PAINZA CREAM 50 GM, 52.00 
12945,PALMER'S CREAM FOR STRETCH MARK 125 ML, 275.00 
12944,PALMER'S LOTION FOR STRETCH MARK 250 ML, 275.00 
12470,PANADOL รุ่นใหม่ 15X10'S, 159.00 
10536,PANADOL 1-6 สตรอเบอรรี่, 47.00 
10539,PANADOL 6-12 รสส้ม, 58.50 
10538,PANADOL ACTIFAST 10'S รุ่นใหม่, 36.50 
16103,PANOFEN 10 X10'S (ibu+para), 132.00 
16076,PARA GPO 500 MG. 50x10'S ขายขาดไม่รับคืน, 250.00 
15660,PARA FAST ACTIV 25X10'S(T.MAN), 385.00 
12469,PARACAP POND 50x10'S, 343.00 
12466,PARACAP100'S, 48.00 
12273,PARADINE 1X500'S, 190.00 
12280,PARADINE 50X10'S แผง ขายยกกล่อง, 235.00 
16641,PARAFEN 10 X10'S (ibu+para) MSL, 125.00 
15311,PARAGEN 50X10 edwards, 204.00 
15659,PARAMAN 100X10'S(T.MAN), 470.00 
12349,PARIET 10 MG. 14'S, 465.00 
12350,PARIET 20 MG.14'S, 597.00 
11303,PATADAY 2.5 ML., 405.00 
11013,PATAR CAP 10X10 CAP, 79.00 
13371,PATAR ENEMA ADULT 10 ลูก, 54.00 
14981,PATARGESIC 50X10'S, 260.00 
12189,PEBARIN 150 MG. SIAM 10X10'S," 3,984.00 "
12285,PEMED 10X10'S cmed, 76.50 
11304,PEMIROX 5 ML., 100.00 
12480,PENCILLIN 500000 U ANB, 17.50 
10583,PENCOR 4 MG 10X10'S ขายยกกล่อง, 292.00 
14085,PEPFAMIN TAB 20 MG BLISTER 10X10'S (famotidine)siam, 169.00 
12481,PERIACTIN 4 MG, 8.75 
12050,PERIDONE 10x50'S, 3.35 
12483,PERSKINDOL CLASSIC GEL 100 GM, 182.00 
12485,PERSKINDOL CLASSIC SPRAY 150 ML., 217.00 
12486,PERSKINDOL COOL GEL 100 GM., 180.00 
12484,PERSKINDOL COOL SPRAY 250 ML, 200.00 
15573,PEURRI ACNE CLEANSER 100ML, 178.00 
15410,PEURRI ANTI ACNE GEL 3 GM, 80.75 
15571,PEURRI ANTI ACNE GEL 8 GM, 168.08 
14880,P-FEN 600 MG.ฟ้ารี 50X10'S ขายยกกล่อง, 585.00 
12490,PHARMATON + โสม 100'S," 1,138.00 "
12489,PHARMATON + โสม 30'S exp 12/2026, 380.00 
14574,Pharmica Liniment Spray 60 ml, 127.00 
13934,PHARMICA MEDICATED PLASTER COOL 10 ซอง, 310.00 
13935,PHARMICA MEDICATED PLASTER WARM 6 ซอง, 310.00 
15406,PHARMICA MEMIC 500 MG mefanamic 10's, -   
14291,PHARMICA PIROXICAM GEL 25 GM, 26.50 
14462,PHENZ 10'S (diphenhydramine hcl 50 mg), 84.00 
11630,PHINDROZ 10 ML., 61.00 
16383,PHIVOLTE CREAM 10 GM, 32.00 
14794,PHYSIOGEL A.I CREAM 50 ML., 530.00 
12885,PHYSIOGEL DMT CLEANSER 150. ML., 190.00 
15489,PHYSIOGEL DMT CLEANSER 50. ML., 68.00 
15490,PHYSIOGEL DMT CLEANSING GEL 30. ML., 73.00 
14793,PHYSIOGEL DMT CREAM 75 ML, 390.00 
15115,PHYSIOGEL RED SOOTHING SPF 50+ 40 ML., 490.00 
14524,PHYTOSTEROL PLUS POLICOSANOL 30'S, -   
15532,PILL.CUTTER, 99.00 
12426,PIMPLE REMOVER 777 (กดสิว), 63.00 
14756,PINRONE 10X10S สูตร primolut n, 255.00 
12510,PIRCAM - 20 ( 44-), 268.00 
14086,PIROBAN OINTMENT 5 GM., 52.75 
12501,PIROXAL 10 MG. 500'S, 170.00 
12505,PIROXAL 20 MG 500'S, 180.00 
12502,PIROXAL GEL 25 GM, 17.00 
16711,PIROXHIM 20 MG. 10x10'S, 95.00 
12506,PIROXICAM FORTE 10x10, 102.00 
15884,PIROXICAM FORTE 1x50x10, 375.00 
12503,PIROXICAM 20 MG. 50X10'S RX, 350.00 
14678,PIROXONE GEL 30 GM., 25.00 
12509,PIROXSIL GEL 25 Gm, 20.00 
16725,PLAIVANA COOL SPRAY 60 ML., 119.00 
16033,PLAIVANA CREAM 100 G., 220.00 
10830,PLAIVANA CREAM 15 G., 41.50 
10829,PLAIVANA CREAM 35 G., 83.00 
16653,PLAIVANA SPRAY 100 ml., 147.00 
16091,PLANIL 2X GEL 30 GM DOUBLE STRENGTH, 72.00 
12212,PLASTER ผ้า NEXCARE 3 M 100 ชิ้น, 36.00 
12515,PLASTER พริก เยอรมัน 2x12 แผ่น, 26.50 
14253,PLATOGRIX 75 MG. 2X14'S ขายขาดไม่รับคืน, 560.00 
13210,PLAVIX 75 MG. 1X14'S," 1,185.00 "
12517,PLAYBOY COMFORT 56, 48.75 
12516,PLAYBOY FETHERITE 52, 39.58 
16748,PLEASE ORAL SOLUBLE FILM (SILDENAFIL) 100 MG ขายขาดไม่รับคืน, 168.00 
12521,PLENDIL 10 MG. 30'S, 520.00 
12520,PLENDIL 5 MG. 30'S, 340.00 
14344,PLETAAL SR 100 MG.3X10'S ขายยกกล่อง," 1,310.00 "
15629,POBALIN 150 MG 8X7'S, 405.00 
16499,POBALIN 75 MG 8X7'S, 283.00 
15607,POCARE MILKY MOIST PHYSICAL SUNSCREEN SPF30+ PA++++FACE&BODY, 245.00 
15606,POCARE MILKY MOIST PHYSICAL SUNSCREEN SPF5O+ PA++++FACE&BODY, 262.00 
10749,PODOPHYLLINE 15 ML., 270.00 
13834,POLAR KLEAN 15 ML . TMAN, 29.25 
13635,POLAR SPRAY 280 ML TMAN, 191.00 
16113,POLAR SPRAY 80 ML TMAN, 95.00 
14720,POLAR SPRAY INNOCENCE 280 ML TMAN, 191.00 
16695,POLAR SPRAY INNOCENCE 80 ML TMAN, 95.00 
14341,POLIDENT PRO RETAINER แช่ฟัน 30'S, 146.50 
16131,POLIDENT FLAVOR FREE 20 GM, 94.00 
10962,POLIDENT FLAVOR FREE 60 GM, 220.00 
16047,Polident max hold & seal 40g flavor free, 215.50 
16048,Polident max hold & seal 40g mild mint, 215.50 
10959,POLIDENT POLIGRIP FRESH MINT 20 GM., 94.00 
10953,POLIDENT POLIGRIP FRESH MINT 60 GM, 220.00 
10963,POLIDENT แช่ฟัน 30's รุ่นใหม่, 121.00 
15630,POLILERGY 1X10'S, 45.00 
11200,POLKA CRACK HEEL 25 GM, 37.00 
14036,POLYGOT 10'S film coat, 16.75 
12550,POLY-OPH 5 ML*จำกัดร้านละ 1โหล*, 24.00 
10133,POLYTANOL 10 MG.50X10'S, 4.00 
12549,POLYTAR 65 ML, 87.50 
12553,PONSTAN 500 MG. 25X10' ( 59-)," 1,069.00 "
14562,PORMUS 50X10'S ขาวกลม, 450.00 
12556,POSTINOR 1x2'S, 39.00 
12508,POX 1X10'SX12, 253.00 
14005,PRADAXA 110 MG. 30'S," 1,750.00 "
15755,PRECARE STRIP, 7.50 
14423,PRECARE CASSETTE, 20.00 
14776,PRECIUS 75 MG 6X10'S, 425.00 
16544,PRED FORTE 5 ML. (prednisolone acetate 1%) allergan, 90.00 
14416,PREGABALIN eurodrug 75 MG 4X14'S, 900.00 
14000,PREGABALIN TEVA 75 MG 4X14'S, 440.00 
16010,PREGABALIN GPO 75 MG.10x10's ขายขาดไม่รับคืน, 545.00 
12185,PREGABALIN SANDOZ 150 MG. 8X7'S," 1,680.00 "
12181,PREGABALIN SANDOZ 75 MG. 8X7'S, 135.00 
12578,PREGNANCY CASSETTE LONGMED ถาด, 12.00 
12579,PREGNANCY MIDSTREAM LONGMED แท่ง, 24.00 
12577,PREGNANCY TEST LONGMED แบบจุ่ม, 7.50 
12557,PREME 21'S, 88.00 
12566,PREME 28'S ใหม่, 87.25 
10899,PREME NOBU ACNE 5 GM., 51.00 
12562,PREME NOBU natural E PLUS 15 gm., 107.00 
12560,PREME NOBU natural uv sport spf 58 30 gm., 295.00 
12558,PREME NOBU natural face foam 50 gm., 98.00 
12565,PREME NOBU PINK natural foam 50 gm, 98.00 
10264,PRENOLOL 100 MG.10X10'S, 98.00 
10260,PRENOLOL 25 MG 50X10'S, 250.00 
10261,PRENOLOL 50 MG. 10X10'S, 53.00 
15450,PREVACID FDT 15 2 x 14'S รุ่นกล่องละ 2 แผง, 915.00 
15451,PREVACID FDT 30 2 x 14'S รุ่นกล่องละ 2 แผง," 1,600.00 "
14216,PRIMOLUT-N 2X15'S (รุ่นใหม่ 1 กล่อง 2 แผง ), 171.00 
14729,PRIMROSE OIL- 1000 mg 3X10'S ( MSP), 152.00 
12609,PRO SKIN 12'S, 141.00 
16581,PROBIOTIC DROPS 8 ML., 603.00 
11617,PROBUFEN 400 MG 1X500'S, 310.00 
11610,PROBUFEN 400 MG. 50X10'S, 280.00 
11611,PROBUFEN 600 MG. 25X10'S, 450.00 
16562,PROBUFEN 600 MG. 50X10'S, 440.00 
15977,PROBUFEN GEL 25 GM., 42.00 
12725,PROCTASE-P 50X10'S ขายเป็นแพคละ 10 แผง, 17.00 
14056,PROCTYL OINTMENT 10 gm, 68.00 
12645,PROCTYL SUPPO 10'S สินค้าขายขาดไม่รับคืน, 63.00 
11981,PRODEFENZ 30 SACHETS, 740.00 
11980,PRODEFENZ 3X10'S, 740.00 
14699,PROFENA 400 MG. 50 X10'S เม็ดกลม, 400.00 
15983,"PROGAUZE 2""x2""8PLY 10x10 LONGMED", 28.00 
15984,"PROGAUZE 3""x3""8PLY 10x10 LONGMED", 48.50 
15985,"PROGAUZE 4""x4""8PLY 10x10 LONGMED", 71.25 
10874,PROGYNOVA 2 MG. 3 แผง ขายยกกล่อง, 498.00 
14727,PROPOLIS MOUTH SPRAY 20 ML BKK (FahAct), 78.50 
16420,PROPOLIZ CANDY POP HONEY 70 GM. /10 ซอง, 136.00 
14442,PROPOLIZ KID MOUTH SPRAY 10 ML, 80.75 
11723,PROPOLIZ MOUTH LOZENGE MIXS อม 15ซอง, 244.00 
14117,PROPOLIZ MOUTH LOZENGE PLUS อม 10X8'S, 140.00 
14947,PROPOLIZ MOUTH LOZENGE VIT C อม 10X8'S, 143.00 
11717,PROPOLIZ MOUTH SPRAY, 86.00 
14256,PROPOLIZ MOUTH SPRAY + กระชายขาว 15 ML, 107.00 
14382,PROPOLIZ MOUTH SPRAY PLUS EXTHERB 15 ML., 109.75 
14311,PROPOLIZ MOUTH WASH 150 ML, 73.00 
15879,PROPOLIZ X LOZENGE อม 15ซองx8's, 360.00 
15174,PROPOLIZ CHEWY MOUTH LOZENGE VIT C 10X8'S, 159.00 
15655,PROPOLIZ X MOUTH SPRAY 15 ML., 112.00 
13073,PROPYL 50 MG. 50X10'S ขายขาด ไม่รับคืน, 6.50 
15150,PROSPAN COUGH SYRUP 100 ML., 165.00 
14773,PROTEMP 325 MG SOFTGEL 10X10'S, 56.00 
14347,PROTEMP SUPPO 500 MG.12'S ขายขาดไม่รับคืน, 167.00 
14176,PROTEMP SUPPO 250 MG 12'S ขายขาดไม่รับคืน, 85.00 
12473,PROTEMP SUPPO CHILDREN 120 MG.12'S, 95.00 
12474,PROTEMP SUPPO INFANT 80 MG 12'S, 85.00 
10887,PROTOPIC OINTMENT 0.1% 10GM," 1,400.00 "
15396,PROTRIVA BLACK SEEDS 500 MG. 30'S, 215.00 
12681,PROVAMED ACNE RETINOL -A GEL 40 GM, 210.00 
12680,PROVAMED ACEROLA C NIGHT BOOSTER 15 ML, 155.00 
12661,PROVAMED ACEROLA C SERUM 15 ML, 147.00 
12659,PROVAMED ACNE RETINOL -A GEL 10 GM, 110.00 
12599,PROVAMED ACNE SPOT GEL 10 GM, 110.00 
12666,PROVAMED ACNI CLEAR cleansing water 200 ml, 210.00 
12677,PROVAMED ACNICLEAR FACIAL TONER, 150.00 
15350,PROVAMED acniclear GOTU KOLA, 140.00 
12671,PROVAMED ACNICLEAR MOISTURE SERUM 30 GM, 210.00 
12683,PROVAMED ACNICLEAR PORE MATT 15 GM., 192.00 
14309,PROVAMED ALCOHOL HAND SANITIZER 1000 ML, 110.00 
12678,PROVAMED ALOE VERA GEL 150 G., 132.00 
12647,PROVAMED ALOE VERA GEL 50 GM, 72.00 
12600,PROVAMED ANTI- MELASMA 15 GM, 224.00 
14046,PROVAMED ANTI- MELASMA advanced serum 15 ml, 303.00 
12650,PROVAMED ANTI- MELASMA MASK OVERNIGHT 50 GM, 270.00 
15125,PROVAMED BIO PEPTIDE ACNE SERUM 30 ML, 297.00 
16068,PROVAMED BIO- RETINOL AGING SERUM 30 ML., 318.00 
15124,PROVAMED BIO-PEPTIDE MOISTURIZER 40 ML, 297.00 
15111,PROVAMED BIO-PEPTIDE MOISTURIZER 40 ML., 300.00 
12594,PROVAMED DERMA GLUCAN CREAM 50ML, 245.00 
12686,PROVAMED DERMA GLUCAN LOTION 100 ML, 225.00 
12679,PROVAMED HYAFLASH SERUM 15 ML., 158.00 
14430,PROVAMED nugow intensivehair serum 30 ML, 667.00 
14431,PROVAMED nugow intensivehair SHAMPOO 200 ML, 178.00 
14392,PROVAMED POST ACNE SCAR GEL 10 GM, 231.00 
14875,PROVAMED PRO -BALANCE UV AQUA SERUM SPF50+, 253.25 
12663,PROVAMED S ULTRA ZONE 10 GM., 131.00 
13918,PROVAMED SCAR SILICONE 10 GM., 232.00 
16203,PROVAMED SCAR SILICONE 25 GM., 238.50 
16477,PROVAMED SOLARIS UV DEFENSE BODY SPF 50+ 100 ML, 223.00 
16478,PROVAMED SOLARIS UV DEFENSE FACE SPF 50+ 50 ML, 181.00 
12656,PROVAMED STRETCH MARK CREAM 200 GM, 212.00 
12684,PROVAMED SUN AQUA SERUM SPF50 40ML., 252.00 
16757,PROVAMED SUN FACE UV FLAWLESS BEIGE 30ML, 272.00 
16758,PROVAMED SUN FACE UV FLAWLESS WHITE 30ML, 272.00 
12596,PROVAMED SUN SPF 50 30 ML เบจ, 182.00 
12595,PROVAMED SUN SPF50 30 ML ขาว, 182.00 
16317,PROVAMED TIMELESS BIO-YOUTH ESSENCE 100ML, 380.00 
15281,PROVAMED ULTRA whentening booster serum 30 ml., 138.00 
12648,PROVAMED VIT E SERUM 50 GM 195-, 136.00 
16437,PROVAMED VITAMIN E 10000 facial serum 30 ml, 250.00 
14847,PROZEUS 15 5 ซอง, 140.00 
15691,PROZEUS 15 POWDER 30ซอง/กล่อง, 795.00 
10069,PUDIN HARA 10X10'S, 143.00 
12689,PULMICORT RESPULES 0.5 MG /2 ML 20 V, 795.00 
16316,PULMICORT RESPULES 1 MG/2 ML 20 V," 1,039.00 "
14285,PULSE OXIMETER เครื่องวัดออกซิเจนในเลือด, 260.00 
14136,PURE GLOVE #S ถุงมือยางมีแป้ง ( ขายขาดไม่รับคืน), 90.00 
14143,PURE GLOVES #L ถุงมือยางมีแป้ง ( ขายขาดไม่รับคืน), 95.00 
15194,PURICA ADVANCE DRAGON'S BLOOD 9 GM, 270.00 
15725,PURICA DRAGON'S BLOOD 3 GM MASS (DL), 79.00 
12804,PURICA DRAGON'S BLOOD 8 GM MASS (DL), 209.00 
16142,PURIDE 100 MG 10 X10 'S, 86.00 
10112,PURIDE 100 MG 50 X10 'S รุ่นใหม่, 9.00 
10110,PURIDE 300 MG. 50X10'S, 16.50 
14694,PYBUFEN 400 MG. 50 X10'S เม็ดรี, 360.00 
14695,PYBUFEN 600 MG. 50 X10'S เม็ดรี, 490.00 
16622,PYGABA 150MG 4X14'S macrophar ขายยกกล่อง, 504.00 
13955,PYGABA 75 MG 4X14'S macrophar ขายยกกล่อง, 485.00 
12701,QUADRIDERM 15 GM เลิกจำหน่าย, 186.00 
12700,QUADRIDERM 5 GM เลิกจำหน่าย, 84.50 
16604,QUILLIAN 400 MG.1X5'S TO, 275.00 
13906,RABEPRAZOLE 20 MG 14'S SANDOZ, 332.00 
16497,RADIAN G 1500 MG 30 Sachets x 3.95 g, 319.00 
11470,RADIARA ALOE VERA GEL 35 G., 60.00 
14980,RADIARA ALOE VERA GEL 50 G., 59.00 
15158,RALEXA 50 MG. 3X10'S <สูตรmyonal>, 72.00 
15411,RAMOL 60 ML. 120 mg., 19.25 
14485,RANCELEX (celecoxib) 200 mg 10's, 52.00 
10615,RANCELEX (celecoxib) 200 mg 3x10's, 155.00 
14909,RANCLAV SUSPENSION 457 MG. 50 ML., 102.00 
13864,RANCLAVE 1 GM รุ่นใหม่ 12 'S, 80.00 
14777,RANVIR 800 MG. 10X5'S ranbexy, 455.00 
10577,RATANG 60 ML., 21.00 
15903,RAVIT-FORT 3x10'S บูรพา, 38.75 
10172,R-DEN 28'S, 26.25 
14510,REBAC SILICONE GEL 5 GM สูตร dermatix, 279.00 
14511,REBAC SILICONE GEL 15 GM สูตร dermatix, 580.00 
12593,RE-B-FORTE 10X10'S medline ขายยกกล่อง, 325.00 
12715,RECORMON PFS 5000 IU/0.3 ML.," 1,642.00 "
14701,REDUCOF 10'S, 55.00 
16404,REFER CRACK HEEL 50 GM, 115.00 
11964,REGENEZ SOFT GEL 3X10'S, 290.00 
11973,REGENEZ แฮร์โทนิค สเปรย์ 30 มล, 179.00 
12730,REJEN HAIR SOLUTION 70 ML., 210.00 
11669,RELPAX TAB 40 MG. 2 TAB 285-, 212.00 
11049,REMETHAN 100 R 3x10's ขายยกกล่อง, 90.00 
14002,RENTEX 10X10'S, 37.00 
15249,RENTEX 25X10'S, 88.00 
12380,RENU FRESH KIT BLUE 60 ML, 50.00 
12375,RENU MULTIPLUS 120 ML, 73.00 
12378,RENU MULTIPLUS 355 ML, 120.00 
12379,RENU REWETTING DROP 8 ML., 99.50 
15261,REPACIN F.C 10X 10'S ขายยกกล่อง AESCIN, 396.00 
12720,REPARIL 10 GM exp 6/2027, 64.50 
12721,REPARIL 20 GM exp 06/2027, 104.50 
12723,REPARIL 20 MG. DRAGEE 10'S ขายยกกล่อง, 52.00 
12722,REPARIL 40 GM, 199.00 
13901,RESOLOR 1 MG 28'S, 920.00 
11216,RESOLOR 2 MG 28'S," 1,540.00 "
12728,RETEN 5% 30 ML, 132.00 
12734,RETEN SPRAY 5% 60 ML, 275.00 
12060,REVITAN GINSENG PLUS CAPSULE 30'S, 169.00 
16696,RHEUMANOX 600 MG 40X10'S ibuprofen scb, 370.00 
16258,RHINO Kinesio tape 5 cm x 5 m สีชมพู, 101.00 
16256,RHINO Kinesio tape 5 cm x 5 m สีเนื้อ, 101.00 
16257,RHINO Kinesio tape 5 cm x 5 m สีฟ้า, 101.00 
15416,RHINOBUN GEL ICE BLUE 20 ซอง, 470.00 
15417,RHINOBUN GEL RED CHILLI 20 ซอง, 470.00 
15654,RHINOBUN PLASTER 20 ซอง (10 แผ่น/ซอง), 255.00 
16421,RHINOCET 10 'S cetririzine jan, 82.00 
12743,RHINOCORT AQUA 64 MCG. 120 DOSE, 322.00 
14958,RHINOPLAST 100 ชิ้น, 34.78 
14797,"RHINOPORE 0.5""X 2.5หลา เล็ก 12 ม้วน ( ขายยกกล่อง )", 82.50 
14798,"RHINOPORE 0.5""X 5หลา กลาง 12 ม้วน ( ขายยกกล่อง )", 135.00 
14796,"RHINOPORE 0.5""X1.5หลา จิ๋ว 24 ม้วน ( ขายยกกล่อง )", 130.00 
14795,"RHINOPORE 1""X5 หลา ใหญ่ ( ขายยกกล่อง )", 292.00 
14782,"RHINOTAPE 1""X10 หลา 1 กระปุกมี12 ม้วน", 396.00 
14783,"RHINOTAPE 2""X10 หลา 1 กระปุกมี6 ม้วน", 445.00 
13949,RINTACIN 50 x10'S TABLET T MAN(erythromycin)," 1,180.00 "
14062,RITA 21'S biopharm, 41.00 
14063,RITA 28'S biopharm, 41.00 
14829,ROBAZ METRONIDAZOLE 0.75% 30 GM., 362.00 
14974,ROCKI GEL 35 GM, 30.00 
11876,ROLETRA 10X10;S, 85.00 
12766,ROMED 150 MG. 10X10'S*, 110.00 
12764,ROMED 300 MG. 10X10'S, 215.00 
16159,RONTIN 300 MG. 10X10 'S ขายยกกล่อง gaba (bl), 320.00 
16244,ROSETTA 10 MG (rosuvastatin) 3X10'S berlin, 265.00 
16245,ROSETTA 20 MG (rosuvastatin) 3X10'S berlin, 295.00 
15470,ROSIL 10 ML. (clindamycin) siam, 40.50 
15016,ROSUVASTATIN 10 MG. TEVA 2X15'S ขายยกกล่อง, 530.00 
11815,ROSUVASTATIN 10 MG.2x14'S ขายยกกล่องsandoz, 722.00 
15017,ROSUVASTATIN 20 MG. TEVA 2X15'S ขายยกกล่อง, 722.00 
15840,ROSUVASTATIN 20 MG.2X14'S ขายยกกล่องSANDOZ, 892.00 
12763,ROTHRICIN 10'S, 27.25 
16676,ROVAS 10 MG (rosuvastatin) 3X10'S เภสัชชุมชน, 250.00 
16677,ROVAS 20 MG (rosuvastatin) 3X10'S เภสัชชุมชน, 295.00 
14029,ROVASTOR 20 MG.2X14'S, 300.00 
12760,ROWATINEX 2X10'S, 92.00 
12767,ROXCIN 150 MG. 10X10'S, 184.00 
12761,ROXOMYCIN, 195.00 
16248,ROYAL-D energy gel รสส้ม 1 กล่อง 10 ซอง, 325.00 
16249,ROYAL-D energy gel รสองุ่น 1 กล่อง 10 ซอง, 325.00 
11195,ROYAL-D รสผลไม้รวม 10 ซอง, 35.00 
11187,ROYAL-D รสผลไม้รวม 50 ซอง, 162.00 
14425,RUBBER BALL CLEANER ดูดน้ำมูกปลายยาง, 26.00 
16308,S TIFEN SYRUP 60 ML 7S, 22.00 
16380,S-26 GOLD LACTOSE FREE 400g.(แรกเกิด-1ปี;NESTLE)ขายขาด, 357.00 
15876,SAFEX 100 ml, 80.00 
13390,SALBUTAMOL 1000'S, 145.00 
16214,SALDA INHALE (salbutamol nebulizer) 20x2.5 ML., 219.00 
14948,SALICIN SHAMPOO 60 ML., 101.00 
13174,SALMOL EXPECTORANT 60ML, 17.00 
13173,SALMOL SYRUP 60 ML., 18.25 
16661,SALONPAS 42X65 MM. 10 กล่อง x20ชิ้น, 580.00 
12251,SALONPAS 42X65 MM. 20 กล่อง x10ชิ้น, 680.00 
12254,SALONPAS CREME 30 GM., 39.00 
16731,SALONPAS GEL 15 GM. สมุนไพรขายทั่วไป, 33.50 
16781,SALONPAS GEL 30 GM. สมุนไพรขายทั่วไป, 52.25 
12257,SALONPAS PAIN RELIEF PATCH 3แผ่น X 10ชอง, 698.00 
14113,SALVO INHALER 200 DOSE 100MCG, 92.00 
11783,SAMARIN 140 MG. 10X10'S ขายขาดไม่รับคืน, 523.00 
11784,SAMARIN 70 MG. 10X10'S, 275.00 
10289,SAMBEE 100 X10'S* MEDIC, 4.35 
14721,SAMBUCOL BLACKELDERBERRY GUMMIES 50'S, 281.00 
14722,SAMBUCOL BLACKELDERBERRY MINI'S 120 ML, 281.00 
11938,SAMETTO 30'S, 490.00 
12359,SAMNIR 10'S (CEFDINIR) SIAM, 145.00 
16197,SAMNIR SUSPENSION 125 MG/5 ML.30 ML (CEFDINIR) SIAM, 145.00 
12783,SARA 120 MG mixberry 60 ML., 28.50 
12784,SARA 250 MG. straw เด็กโต 60 ML., 34.00 
12776,SARA 50X10 เม็ดรี, 495.00 
12773,SARA 60 ML. 120 mg.STRAW, 28.50 
12774,SARA 60 ML. รสทับทิม, 27.00 
12779,SARA 60 ML. รสองุ่น, 31.00 
12778,SARA DROP 15ml., 28.50 
12785,SARA เม็ด 100'S เม็ดรี, 108.00 
15604,SARA เม็ด 50'S เม็ดกลม, 65.50 
14035,SARA เม็ด 50'S เม็ดรี, 65.50 
12781,SARA เม็ด100 'S เม็ดกลม, 108.00 
12780,SARA เม็ดกลม 100X10'S, 990.00 
12775,SARA เม็ดกลม 20X10'S, 198.00 
12787,SARA เม็ดรี 20X10'S, 198.00 
12777,SARA ส้ม250 mg. 60 ML., 35.00 
15632,SASHA 21'S สูตร dian, 62.00 
12791,SATOGESIC GEL 35 GM., 173.00 
11793,SAUGELLA attiva 100 ml. สีเขียว, 105.00 
11792,SAUGELLA dermoliquido 100 ml. สีน้ำเงิน, 85.00 
11791,SAUGELLA poligyn 100 ML. สีชมพู, 119.00 
10920,SCAGEL silicon sheet 5X5 cm 1 ชิ้น แผลขนาดเล็ก SOS, 92.00 
11563,SCAR ESTHETIQUE scar cream 10 GM. 480-, 280.00 
12806,SCHERIPROCT N CREAM 10 G., 85.50 
12807,SCHERIPROCT N SUPPO 10'S, 81.00 
12809,SCOTT'S ORANGE 200 ML. รุ่นใหม่, 86.50 
12813,SEA ORS 50 ซอง, 192.00 
15948,SEA ORS-HR 1x5x5ซอง ส้ม, -   
15949,SEA-LYTE 12 ซอง mixed fruit, 43.00 
14779,SEA-LYTE 12 ซอง ส้ม, 38.00 
15947,SEA-LYTE 5 ซอง มะนาว, 20.00 
15946,SEA-LYTE 5 ซอง ส้ม, 20.00 
11185,SEA-LYTE 50 ซอง มะนาว, 129.00 
11184,SEA-LYTE 50 ซอง ส้ม, 129.00 
11190,SEA-LYTE SPORT 12 ซอง, 34.00 
14780,SEA-ORS 12 ซอง, 52.00 
15597,SEDRA -25 MG. 10X10'S hydroxyzine hcl, 95.00 
11306,SEEVIEW 10 ML., 38.00 
12264,SEFNOR 400 MG MEDLINE 10x10'S, 125.00 
12820,SELFIDE 120ML., 70.00 
12818,SELFIDE 30 ML., 30.00 
12819,SELFIDE 60 ML., 47.00 
16028,SELLON 120 ML., 107.00 
12817,SELLON 40 ML., 53.50 
12816,SELSUN 120 ML., 212.00 
12814,SELSUN 30 ML., 83.00 
12815,SELSUN 60 ML., 128.00 
15266,SENNA 2x20'S, 31.00 
15322,SENNA7.5TABLET 5X20'S ธงทอง, 62.00 
12823,SENOKOT แผง 3 X 20'S, 167.00 
16697,SENOLAX 20'S SPS, 21.00 
12821,SENOLAX 3X20'S SPS, 56.00 
12382,SENSI PLUS 500 ML., -   
10998,SEPTOL 50 ML., -   
10360,SEPTYL 30 ML. กล่องละ 2 โหล, 290.00 
12002,SERC 16 MG. 60 'S, 432.00 
12003,SERC 24 MG. 20'S, 230.00 
16612,SERES MAGNESUIM PLUS 45 capsules, 101.00 
12824,SERETIDE ACCUHALER 50/250, 579.00 
12825,SERETIDE EVOHALER 25/250, 893.00 
12826,SERETIDE EVOHALER 25/125, 575.00 
14482,SERETIDE EVOHALER 25/50, 475.00 
16401,SERGOLINE TAB 30 MG. 2X15'S nicergoline, 245.00 
13808,SERLIFT 50 MG. 3X10'S, 110.00 
15596,SERLIN 50 MG .3X10'S sertraline pml, 95.00 
11154,SERMION 30 MG. 2X15'S nicergoline, 716.00 
13807,SERTRALINE 50 MG.GPO 2X15'S ขายขาดไม่รับคืน, 120.00 
13898,SERTRALINE SANDOZ 50 MG .3X10'S, 288.00 
16722,SETIN 10 mg.10's cetirizine, 72.50 
14607,SETIN SYRUP 60 ML. cetirizine, 58.00 
12836,SEVEN-SEA OCEAN GOLD merck, 136.50 
12840,SEVEN-SEA + LYSINE 100 ML. merck, 146.00 
12835,SEVEN-SEA 120 ML. merck, 81.50 
15672,SIADOCIN 100 MG. 1X10'S (doxycycline)siam, 31.50 
11670,SIAGRAN 50 MG. 1X4'S (sumatriptan) siam, 90.00 
10592,SIALEXIN DRY SYRUP 125 MG.(cephalexin) siam, 55.00 
11489,SIAMFORMET 500 MG. 10X10'S, 105.00 
11488,SIAMFORMET 850 MG. 10X10'S, 196.00 
10691,SIAMIDINE 400 MG 10X10'S, 132.00 
11588,SIAMOX 500 MG.กล่องละแผง 1x10 tab, 25.50 
11589,SIAMOX DRY SYRUP 125 ML. 57-, 52.00 
11590,SIAMOX DRY SYRUP 250 mg. 60ml 63-, 55.00 
12851,SIARIZINE 10X10'S siam, 105.00 
13419,SIDEGRA 100 MG ขายขาดไม่รับคืน, 77.00 
13420,SIDEGRA 50 MG 4'S ขายขาดไม่รับคืน, 58.00 
12856,SIDUOL F/P 3X10'S รุ่นใหม่, 110.00 
15789,SIFLEX 375mg 10x10S' siam, 252.00 
14125,SIFLEX SYRUP 250ML. รสส้ม, 37.00 
14126,SIFLEX SYRUP100 ML. รสcherry, 33.00 
14015,SI-HERB DRESSING 3 แผ่น, 112.00 
12518,SILK 48X3'S, 350.00 
14481,SILVERDERM CREAM 25 G., 31.00 
10499,SILVEX CREAM 25 GM., 41.00 
16137,SIMACORT 0.1 % 10 กรัม, 31.50 
12853,SIMOYIUM 10 X10 'S siam, 116.00 
16098,SINGHA 500mg 100 'S bmp, 28.00 
14758,SINGKAST CHEWABLE TAB 4 MG. 4X7'S ขายยกกล่อง, -   
12860,SINGULAIR 5 MG. 4X7'S, 765.00 
12859,SINGULAIR 10 MG. 4X7'S," 1,230.00 "
12863,SINGULAIR 4 MG.28 SACHET, 765.00 
14238,SINOMARIN MINISPRAY 30 ML, 202.00 
11250,SIVYLAR CAP 140 MG 5X10'S, 225.00 
10602,SIXIME 100 MG. Cefixime 10's, 145.00 
12865,SKETOLENE NATURE 60 ML., 50.00 
12864,SKETOLENE SHIELD SPRAY 70 ML., 47.00 
12868,SKIN GUARD DEET 28% 70 ML, 75.00 
12869,SKIN GUARD DEET 50% 70 ML, 119.00 
12870,SKIN GUARD DEET 95% 70 ML, 159.00 
11450,SKINFECT 5 GM, 13.00 
14262,SKINFECT -B CREAM 15 GM, 30.00 
11453,SKINFECT CREAM 15 GM, 24.50 
12739,SKINOREN CREAM 30 GM. รุ่นใหม่ kappa, 474.00 
12195,SKINTER GUAQRD TANNING OIL SPF 15 200ML, 345.00 
14264,SLINDA 24+4, 321.00 
15469,SMART ME CREAM 20 GM ครีมสำหรับท่านชาย, 240.00 
15355,SMATAB 30'S, 249.00 
12934,SME WHITE LOTION 200 ML., 283.00 
12937,SME ACNE CLEANSING GEL 1 OZ, 66.00 
12936,SME ACNE CLEANSING GEL 4 OZ, 194.00 
12919,SME BABY SCRUB 1.2 OZ, 75.00 
12920,SME BABY SCRUB 2.2 OZ, 127.00 
12909,SME GOLD PERFECT EYE SOLUTION 15 GM., 368.00 
12914,SME LOTION 100 ML., 150.00 
12915,SME LOTION 200 ML., 260.00 
12935,SME SKIN WHITE TONER 150 ML, 194.00 
15943,SME SUN ACNE OIL CONTROL 30G., 470.00 
15941,SME SUN WHITE SPOT CLEAR 30G., 472.00 
15944,SME SUN WRINKLE ANTI SPOT 30G., 475.00 
12941,SME SUNBLOCK PHYSICAL BEIGE 7 G., 110.00 
12940,SME SUNBLOCK PHYSICAL WHITE 7 G., 110.00 
12918,SME WHITE SERUM 0.8 OZ 24g, 430.00 
12902,SME WHITE SERUM 0.4 OZ 12g, 265.00 
14641,SMECTA GO 1X12 ซอง, 295.00 
12893,SMECTA POWDER 1X10 ซอง orange, 140.00 
16034,SMECTA POWDER 1X10 ซอง strawberry, 140.00 
12933,SMOOTH E WHITE LOTION 100 ML., 160.00 
15698,SMOOTH E 100 GM., 496.00 
12896,SMOOTH E 15 GM., 159.00 
16649,SMOOTH E 24K gold hydroboost serum 30 ml., 765.00 
12897,SMOOTH E 40 GM., 270.00 
12895,SMOOTH E 7 GM. ., 86.50 
16115,SMOOTH E ACNE HYDROGEL 5 GM. 1 กล่องมี 6 ซอง, 282.50 
12926,SMOOTH E ACNE HYDROGEL 7 GM., 129.00 
12931,SMOOTH E ACNE HYDROGEL PLUS 10 GM., 177.50 
16766,SMOOTH E AGE DEFENSE WHITENING CC spf50+ 5 GM. 6 ซอง, 282.50 
12938,SMOOTH E ANTI HAIR LOSS SHAMPOO 75 ml, 162.00 
12925,SMOOTH E BABY FACE GEL 1.5 OZ, 80.00 
12924,SMOOTH E BABY FACE GEL 3.3 OZ, 165.00 
16302,SMOOTH E BABY FACE HYDRATION FOAM 40 gm, 78.50 
16303,SMOOTH E BABY FACE WHITE SPOT CLEAR FOAM 40 gm, 78.50 
12905,SMOOTH E CAPSULE 12'S, 210.00 
16761,SMOOTH E CREAM 5 GM. 1 กล่องมี 6 ซอง, 282.50 
12899,SMOOTH E FOAM 1 OZ, 67.00 
12900,SMOOTH E FOAM 2 OZ, 135.00 
12901,SMOOTH E FOAM 4 OZ, 222.00 
15945,SMOOTH E FOAM 8 OZ, 357.00 
16788,SMOOTH E FOAM 8 OZ + hydration foam 40 g แพคคู่, 380.00 
16762,SMOOTH E GLUTA B3 CELLULAR BRIGHT 5 GM. 1 กล่องมี 6 ซอง, 282.50 
12904,SMOOTH E GOLD 12 GM. ( 0.4 OZ), 111.00 
12903,SMOOTH E GOLD 65 GM. -, 501.00 
16440,SMOOTH E GOLD CAPSULE 12 เม็ด, 350.00 
12907,SMOOTH E GOLD FOAM 1.5 OZ, 107.00 
12908,SMOOTH E GOLD FOAM 4.0 OZ, 276.00 
16787,SMOOTH E make up cleansing water แพคคู่ 300 ml + 100 ml, 355.00 
16785,SMOOTH E MICELLAR-IN-PAD 100 ml/50 pad, 400.00 
15422,SMOOTH E NEW SKIN LIQUID PLASTER 4 ml., 70.00 
16764,SMOOTH E PHA-AHA ACNE SPOT&PORE SMOOTH 5 GM. 1 กล่องมี 6 ซอง, 282.50 
12939,SMOOTH E PURIFYING CONDITIONER 100 ML, 126.00 
16777,SMOOTH E RETINOL Plus Deep Wrinkle repar 5gm.1 กล่องมี 6 ซอง, 333.50 
16648,SMOOTH E retinol+ deep wrinkle repair 30 g., 580.00 
12930,SMOOTH E SCA SERUM 10 gm., 250.00 
12929,SMOOTH E SCA SERUM & SPOT CLEAR 7 gm., 222.00 
16393,SMOOTH E SCAR SMOOTH silicone scar sheet 1ชิ้น/ กล่อง, 82.50 
16786,SMOOTH E SERUM-IN-PAD 100 ml/50 pad, 400.00 
12932,SMOOTH E SILICONE GEL 10GM, 315.00 
16116,SMOOTH E SMOOTH SCAR SERUM 5 GM. 1 กล่องมี 6 ซอง, 280.00 
16763,SMOOTH E SUN BRIGHTENING OIL CONTROL 5 GM. 1 กล่องมี 6 ซอง, 282.50 
16767,SMOOTH E SUN ZERO FEEL 50+/ 5 GM.6 ซอง/BOX, 282.50 
12916,SMOOTH E SUNBLOCK PHYSICAL15 GM.สีเบจ 295-, 217.00 
12911,SMOOTH E WHITE BABY FACE 0.4 OZ, 79.00 
12906,SMOOTH E WHITE BABY FACE 1 OZ, 185.00 
12913,SMOOTH E white baby face foam 1.0oz, 71.00 
12912,SMOOTH E white baby face foam 2.0oz, 129.00 
12922,SMOOTH E WHITE SCRUB 1.2 OZ, 86.00 
12923,SMOOTH E WHITE SCRUB 2.2 OZ, 149.00 
16765,SMOOTH E WHITE-BABYFACE SERUM 5 GM. 1 กล่องมี 6 ซอง, 282.50 
15560,SMOOTH E24K GOLD HYDROBOOST SERUM 4 ML., 120.00 
12928,SMOOTH ESUNBLOCK PHYSICAL WHITE 15 GM. sunscreen spf 72, 220.00 
16684,Smooth life ASTAXANTHIN 6 MG 30's, 637.50 
16686,Smooth life B COMPLEX PLUS LUTEIN & ZEAXANTHIN, 293.00 
14613,SMOOTH LIFE BIO CHEWABLE 1000 MG CANDY 14'S, 151.00 
16685,Smooth life SMOOTH LEEP 10's, 236.50 
16336,SMOOTH LIFE SUN DAY 360 1450 MG, 339.00 
13012,SNAKE BRAND COOL MUSCLE RUB CREAM 50 G, 112.00 
12855,SOBELIN 5 MG. 50X10'S, 177.00 
12849,SOBELIN T.O., 265.00 
12990,SODA MINT 100'S, 8.50 
13813,SODIUM FLUORIDE 0.25 MG. 1000'S GPO ขายขาดไม่รับคืน, 100.00 
13814,SODIUM FLUORIDE 0.25 MG. 100'S GPO ขายขาดไม่รับคืน, 40.00 
14791,SOF TEARS 10 ML., 39.50 
12313,SOFCLENS 100 ML, 24.25 
12311,SOFCLENS 1000 ML, 44.00 
12312,SOFCLENS 500 ML, 32.75 
14094,SOFCLENS จุกล้างจมูก 1กล่อง2ชิ้น, 25.00 
14507,SOFFELL LOTION 60 ML ชมพู flora, 47.75 
14506,SOFFELL LOTION 60 ML ส้ม fresh, 47.75 
12883,SOFFELL SPRAY 30 ML ชมพู flora, 31.00 
12882,SOFFELL SPRAY 30 ML ส้ม fresh, 30.50 
12871,SOFFELL SPRAY 80 ML ชมพู flora, 61.50 
12872,SOFFELL SPRAY 80 ML ส้ม fresh, 61.50 
11917,SOFT COLLAR NO L ปลอกพยุงคอแบบอ่อน, 200.00 
11916,SOFT COLLAR NO M ปลอกพยุงคอแบบอ่อน, 200.00 
11915,SOFT COLLAR NO S ปลอกพยุงคอแบบอ่อน, 200.00 
11348,SOLMAX CAPSULE 500 MG 25X10'S, 35.75 
11360,SOLMAX FORTE 60 ML. carbocistein 500 mg, 60.75 
11361,SOLMAX KIDS 60 ML. carbocistein 200 mg, 56.50 
11618,SOLUFEN 400 MG 10'S กล่องละ 10 แผง berlin, 43.50 
14312,SONAP FORTE 10'S กล่องละ 1แผง, 36.00 
12120,SONAP FORTE 10X10'S, 296.00 
10757,SOPALOL 5 10X10'S, 305.00 
10177,SOPHIE 28, 11.00 
12122,SOPROXEN 10X10'S, 170.00 
16102,SOS N1 แผ่นแปะจมูก 8 ชิ้น/กล่อง, 25.75 
13156,SOS S 2X2 ก๊อซปิดแผลพร้อมใช้ 4ชิ้น/กล่อง, 30.50 
14367,SOS S 2X4 ก๊อซปิดแผลพร้อมใช้ 3ชิ้น/กล่อง, 52.00 
16672,SOS S(KSS01) KITTY 4X7 cm ก๊อซปิดแผลพร้อมใช้ 4ชิ้น/กล่อง, 20.50 
16428,SOS T KST01 พลาสเตอร์ใสกันน้ำขนาด 4x7 cm 3 ชิ้น/กล่อง, 20.25 
13118,SOS T1 พลาสเตอร์ใสกันน้ำ 10 ชิ้น/กล่อง, 20.00 
16561,SOS T1(MP02) พลาสเตอร์ใสกันน้ำ ลายมินเนียน 6 ชิ้น/กล่อง, 18.00 
16239,SOS T1-B พลาสเตอร์ใสกันน้ำ ขนาดจัมโบ้ 9 ชิ้น/กล่อง, 19.50 
13130,SOS T2 พลาสเตอร์ใสกันน้ำ 3 ชิ้น/กล่อง, 25.75 
13154,SOS T2X2 พลาสเตอร์ใสกันน้ำ 3ชิ้น/กล่อง 45-, 30.50 
14164,SOS T2X4 พลาสเตอร์ใสกันน้ำ 2ชิ้น/กล่อง, 52.00 
13109,SOS T3 พลาสเตอร์ใสกันน้ำพร้อมแผ่นดูดซับ 2 ชิ้น, 28.50 
14338,SOS ACNE PATCH 12 DOT 3 ซอง, 24.00 
15828,SOS ACNE PATCH ลายดาวและหัวใจ 20 ดวง, 30.50 
15009,"SOS CO-adhesive bandage เทปพันยืดหยุ่น 1""X5 หลา", 25.75 
15131,"SOS CO-adhesive bandage เทปพันยืดหยุ่น 2""X5 หลา", 46.00 
15481,"SOS CO-adhesive bandage เทปพันยืดหยุ่น 2""X5 หลาคละสี 1x12", 478.25 
15010,"SOS CO-adhesive bandage เทปพันยืดหยุ่น 3""X5 หลา", 59.00 
15480,"SOS CO-adhesive bandage เทปพันยืดหยุ่น 3""X5 หลาคละสี 1x6", 284.75 
15525,SOS cooling gel hello kitty 1x4ชิ้น, 57.00 
15524,SOS cooling gel minions (กล่องx4แผ่น), 66.50 
10738,SOS COOLING GEL SHEET 4 ชิ้น children, 67.00 
13201,SOS DIGITAL THERMO BT-A21CN, 80.00 
15714,SOS DIGITAL THERMO BT-A21CN KITTY ชมพู, 116.00 
15713,SOS DIGITAL THERMO BT-A21CN KITTY สีแดง, 116.00 
13135,SOS DOREMON 01 P 1 30 ซองๆละ8ชิ้น, 10.50 
16570,SOS FA2 PLASTER FABRIC CAT 8 ชิ้น 2 SIZE, 17.00 
16569,SOS FA2 PLASTER FABRIC DOG 12 ชิ้น 2 SIZE, 17.00 
14337,SOS GAUZE DRESSING G3 10X10 CM 10 แผ่น, 105.00 
15715,SOS INFRARED THERMOMETER รุ่น KLL F02," 1,000.00 "
16267,SOS MINIONS พลาสเตอร์ปิดแผล AS01 4 ชิ้น/กล่อง, 22.50 
16100,SOS non woven adhesive roll RS1 5 CM X10 M, 120.00 
15960,SOS non woven adhesive roll RS2 10 CM X10 M, 228.00 
16099,SOS non woven adhesive roll RS3 15 CM X10 M, 262.00 
15959,SOS non woven adhesive roll RS8 10 CM X1 M, 28.00 
15132,SOS PLASTER FABRIC COLORFUL เนื้อผ้ามีลาย 12 ชิ้น, 14.50 
16531,SOS PLASTER FF1 สำหรับข้อนิ้ว 7.6x3.8 cm. 4 ชิ้น, 11.50 
13163,SOS PLASTER FF2 สำหรับปลายนิ้ว 5.0x4.5 cm. 4 ชิ้น, 11.50 
13134,SOS PLASTER กันรองเท้ากัด ขนาด M, 37.00 
14014,SOS PLASTER เนื้อ PB 1 กล่องละ 10 ชิ้น, 8.25 
13162,SOS PLASTER ผ้าสีเนื้อ F1 กล่องละละ 8ชิ้น, 9.00 
14013,SOS PLASTER ใส PC 1 กล่องละ 10 ชิ้น, 9.00 
15904,SOS PLUS TINBOX พลาสเตอร์ปิดแผล ลายคิตตี้ 11ชิ้น GB kitty, 48.00 
15593,SOS PLUS IR THERMOMETER FORHEAD GP-100," 1,000.00 "
13168,SOS PLUS S1-B 3X7CM 10'S, 19.00 
15905,SOS PLUS TINBOXพลาสเตอร์ปิดแผล ลายมินเนี่ยน11ชิ้น GB minion, 48.00 
15380,SOS PLUS WRIST SUPPORT, 200.00 
13129,SOS PLUS พลาสเตอร์พร้อมแผ่นดูดซับ S2 6x7 cm4 แผ่น 36-, 25.75 
13119,SOS PLUS พลาสเตอร์พร้อมแผ่นดูดซับ S3 6x10 cm4 แผ่น 45-, 28.50 
13110,SOS PLUS พลาสเตอร์ใสกันน้ำพร้อมแผ่นดูดซับ 10X10, 170.00 
16486,"SOS PR1 เทปแต่งแผลชนิดเยื่อกระดาษ 1/2""x10 y 24 ม้วน", 261.00 
13157,sos s1 b ผ้า กล่องละ 20 ซองๆละ 4 แผ่น, 155.00 
14336,SOS SM MINIONS 4x7cm MINIONS พลาสเตอร์พร้อมใช้ 5 ชิ้น/กล่อง, 21.50 
14335,SOS T MST01 MINIONS พลาสเตอร์ใสกันน้ำ3 ชิ้น/กล่อง, 21.50 
13167,SOS T4 พลาสเตอร์ใสกันน้ำ 10x25CM., 78.00 
13149,SOS โดเรมอน S SERIES DICUT 4 ชิ้น DSS01, 24.00 
13148,SOS โดเรมอน T SERIES DICUT 4 ชิ้น DST01, 34.00 
13155,"SOS เทปแต่งแผล 1""x10 y12 ม้วนTR3", 272.00 
13147,"SOS เทปแต่งแผล 1/2""x10 y 24 ม้วนTR1", 270.00 
13146,"SOS เทปแต่งแผล 1/2""x5 y 24 ม้วนTR2", 156.00 
16050,SOS พลาสเตอร์ปิดแผล ลายคิตตี้ 6 ชิ้น MB kitty, 17.50 
16051,SOS พลาสเตอร์ปิดแผล ลายมินเนียน 6 ชิ้น MB minion, 17.50 
16670,SOS พลาสเตอร์ใสกันน้ำDINO MX1. มี2ขนาด 10x4 แผ่น, 182.00 
13159,SOS พลาสเตอร์ใสกันน้ำDINO T1ขนาด 2.5x5.6 cm. 10x6 แผ่น, 147.00 
14478,SPACOVIN tablet (drotaverine hcl 40 mg. )10X10'S, 110.00 
10502,SPARTA 100X10'S, 13.00 
10506,SPASCOPAN 50X10'S, 910.00 
14146,SPASMEX 30 ขายยกกล่อง antispasmodic agent, 420.00 
13000,SPASURI 50X10'S," 1,240.00 "
14293,SPATYL 10MG. 10'S TNP, 24.50 
15939,SPAXID-VS 20x10'S สูตร kremil-s, 318.00 
10005,SPECTRABAN 50 20 GM., 190.00 
13002,SPECTRABAN 60 100 GM, 540.00 
11612,SPEDIFEN 400 MG. 6'S, 81.00 
10350,SPIRIVA 18 MCG REFILL 30 CAP," 1,365.00 "
10349,SPIRIVA 18 MCG.COMBO 30 CAP," 1,420.00 "
11940,SPIRULINA 500 MG. 100'S, 260.00 
11736,SPORAXYL 15 GM, 40.00 
14011,SPORAXYL 5 GM, 19.75 
16505,SPORIDIN CAPSULES 500 MG. 10X10'S sun, 320.00 
16484,SPORIDIN SUSPENSION 125 MG./5ml, 27.00 
13006,SPORNAR 25X4'S, 500.00 
13010,ST.LUXE S OIL 30 ML. 40-, 18.50 
13011,ST.LUXE S OIL 60 ML., 29.25 
11615,STARBUFEN SUSPENTION 60 ML (7 STAR), 18.00 
16712,STARBUMOL INHALER 200 DOSE 100MCG ไม่มี SPACER salbutamol, 109.00 
15483,STARDA-BE 5 GM seven stars, 17.50 
16713,STARDESSO 200 MCG (BUDESONIDE) ไม่มี spacer, 143.00 
16618,STARGESIC 10'S (norgesic), 11.50 
16310,STARLONE LOTION 60 ML. 7S, 29.00 
14542,STARMOL 500 MG 100'S 7Sparacetamol, 46.00 
15484,STARMOVATE CREAM 5 GM.seven stars, 17.50 
16708,STARMOX-500 50X10'S ชมพู-เทา ขายยกกล่อง, 760.00 
16710,STARMOX-500 50X10'S สีน้ำเงิน ขายยกกล่อง, 760.00 
16709,STARMOX-500 50X10'S เหลือง-ครีม ขายยกกล่อง, 760.00 
15592,STARTRIL -S 1500 MG.10sachets seven stars, 85.00 
15591,STARTRIL -S 1500 MG.30sachets seven stars, 248.00 
14408,STEI 16 MG. 10'S รุ่นใหม่, 27.00 
12006,STEI 24 MG. 10X10'S, 39.50 
14371,STEI 8 MG. 10'S รุ่นใหม่แผงเดี่ยว, 15.25 
11934,STERCIA-5 3X10'S, 390.00 
16660,sterile cotton bud with ethyl alcohol 75%, 34.00 
16659,sterile cotton bud with povidone-iodine, 34.00 
14017,STERILE EYE PAD KID เด็ก 5.0x7.5 cm 10 ซอง (ซองละ 2 ชิ้น), 75.00 
14016,STERILE EYE PAD ผู้ใหญ่ 10 ซอง 5.8x8.3 cm (ซองละ 2 ชิ้น), 82.00 
16691,"STERILE GAUZE PAD 2"" X 2"" SOS กล่องละ 12 ซอง", 49.00 
16692,"STERILE GAUZE PAD 3"" X 3"" SOS กล่องละ 12 ซอง", 70.50 
16693,"STERILE GAUZE PAD 4"" X 4"" SOS กล่องละ 12 ซอง", 94.00 
11935,STERZAR -1 4X7'S, 256.00 
10200,STOMOX SUSPENSION 240 ML., 32.00 
13031,STREPSIL CHESTY COUGH 24 'S, 94.00 
13030,STREPSIL CHESTY COUGH 24 X 8'S, 49.00 
13017,STREPSIL CITRUS SUGAR FREE 16'S, 84.50 
13021,STREPSIL CITRUS SUGRA FREE 6'S 24 X 6'S, 23.25 
13036,STREPSIL DRY COUGH 24X8'S, 49.00 
13016,STREPSIL MAXIPLUS 16'S, 101.00 
13037,STREPSIL MAXIPLUZZ ซอง 24x6's, 53.25 
13025,STREPSIL MAXPRO 16'S, 132.00 
13026,STREPSIL MAXPRO 24X8'S, 72.00 
13039,STREPSIL MAXPRO DIRECT SPRAY 15 ML, 192.00 
13022,STREPSIL throat irritation &cough 24x8'S, 49.00 
16760,STREPSIL กล่อง12'S LEMON, 51.50 
16759,STREPSIL กล่อง12'S Vit.C, 51.50 
13020,STREPSIL กล่อง24'S COOL, 84.50 
13019,STREPSIL กล่อง24'S LEMON, 84.50 
13015,STREPSIL กล่อง24'S ORIGINAL, 84.50 
13018,STREPSIL กล่อง24'S Vit.C, 84.50 
13035,STREPSIL ซอง 24*8's ORIGINAL, 558.00 
13023,STREPSIL ซอง 24*8'S HONEY& LEMON HHR, 23.25 
13034,STREPSIL ซอง COOL 24X8'S, 558.00 
13032,STREPSIL ซอง VIT C 24X8'S, 23.75 
13029,STREPSIL เด็ก STRAW SUGAR FREE 16'S, 58.50 
13040,STRONG-K MAXX ซานฟารเมด, 66.00 
13041,STRON-K ซานฟารเมด, 61.00 
14663,STRONK-K ถาวร 12 ซอง รสส้ม กล่องขาว, 37.50 
13042,STRONK-K ถาวร 25 ซอง รสส้ม กล่องขาว, 75.00 
14664,STRONK-K ถาวร 12 ซอง ผลไม้รวม กล่องส้ม, 37.50 
13043,STRONK-K ถาวร 25 ซอง ผลไม้รวม กล่องส้ม, 75.00 
13048,STUD SPRAY 12 GM. lidocaine 9.6% w/w, 277.00 
13049,STUGERON เม็ด 3X10'S, 87.00 
11041,SUBSYDE CR 100 CAP 5x(2x10's), 520.00 
13252,SUCEE 21'S 20 กล่องเป็น 1 แพค, 83.00 
13253,SUCEE 28'S 20 กล่องเป็น 1 แพค, 83.00 
11110,SUDOCREM 125 GM, 275.00 
16182,SUDOCREM NATURALS NAPPY CREAM 30 gm, 265.00 
10930,SUGRIL 10X10'S, 75.00 
13051,SULIDINE CP 10X10'S แผง, 188.00 
13052,SULIDINE CP SYRUP 60 ML., 19.75 
14807,SUMIGRAN 50 MG . 1X6'S ชุมชนเภสัช, 70.00 
13758,SUN CLARA 30'S MASS, 414.00 
13461,SUNTORY BIO-FIT 30 SACHETS/BOX, 778.00 
15405,SUNTORY MEAL REPLACEMENT 14 ซองรส COCOA," 1,180.00 "
15404,SUNTORY MEAL REPLACEMENT 14 ซองรส COFFEE LATTE," 1,180.00 "
15403,SUNTORY MEAL REPLACEMENT 4 ซองรส COCAO + รส COFFEE, 360.00 
14878,SUPENAC 200 MG.5 GM. 50 ซอง acetylsteine, 176.00 
11807,SUPRALIP NT 145 MG. 30'S, 677.00 
16106,SUTAC 10 MG 10'S sps, 16.00 
16509,SVOZ EYE DROP 5 ML. moxifloxacin, 69.00 
16669,SWISSE APPLE CIDER VINEGAR 1200 MG.60'S, 565.00 
13839,SWISSE ASTAXANTHIN6MG-GLUTA PLUS 30'S, 475.00 
16298,SWISSE BEAUTY GRAPE SEED 60'S, 430.00 
16301,SWISSE CALCIUM+VITAMIN D3 90'S, 310.00 
16264,SWISSE COLLAGEN + GRAPE SEED 1X60'S, 490.00 
13842,SWISSE HSN+ 60'S, 310.00 
16326,SWISSE MAGNESIUM 15 'S, 145.00 
16297,SWISSE MAGNESIUM 60 'S, 374.00 
16642,SWISSE MAGNESIUM GLYCINATE 60 'S, 515.00 
16293,SWISSE MULTIVITAMIN W/B 1X30'S, 245.00 
16295,SWISSE PROBIOTIC&PREBIOTIC GUMMIE45'S, 340.00 
16263,SWISSE SUNNEDAY 1X30'S, 540.00 
16299,SWISSE UB CRANBERRY 30'S, 296.00 
16294,SWISSE VITAMIN C 1000 MG 60'S, 320.00 
16300,SWISSE VITAMIN C EFFERVESCENT 20'S, 260.00 
10251,SYMBICORT TURBUHALER 160 /4.5 120 DOSE," 1,140.00 "
10249,SYMBICORT TURBUHALER 160 /4.5 60 DOSE, 785.00 
10250,SYMBICORT TURBUHALER 320 /9 mcg /dose," 1,480.00 "
15518,SYNFLEX 10X6'S, 578.00 
11024,SYNFONIA 24+4'S สูตร yaz, 274.00 
15825,SYN-O-VIT FORTE 120 ML., 112.00 
14858,SYN-O-VITS 60 ML. < MTV+LYSINE>, 24.00 
14759,SYRING 50 ML. NIPRO สีน้ำเงิน 1กล่องมี 30 ชิ้น (หัวข้าง), 325.00 
13067,SYRING 50 ML. NIPRO สีน้ำเงิน 1กล่องมี 30 ชิ้น( หัวกลาง)erri, 340.00 
15320,SYRINGE 1 ML. 100 อัน NIPRO ไม่มีหัวเข็ม, 1.90 
13062,SYRINGE 10 ML. 100 อัน NIPRO, 2.75 
14760,SYRINGE 20 ML. 50 อัน NIPRO< หัวข้าง>, 205.00 
13063,SYRINGE 3 ML. 100 อัน NIPRO ไม่มีหัวเข็ม, 120.00 
15223,SYRINGE 3 ML.TERUMO 100 อัน ไม่มีหัวเข็ม, 145.00 
13060,SYRINGE 5 ML. 100 อัน NIPRO ไม่มีหัวเข็ม, 140.00 
16616,SYRINGE 5 ML. 100 อัน MEDI TECH ไม่มีหัวเข็ม, 140.00 
13064,SYRINGE 5 ML.TERUMO 100 อัน ไม่มีหัวเข็ม ขายยกกล่อง, 145.00 
13066,SYRINGE 1 ML. 100 อัน NIPRO 29 G มีหัวเข็ม, 255.00 
13059,SYRINGE 1 ML. TERUMO 29 G ส้ม, 350.00 
14212,SYRINGE BALL NO1, 36.00 
12293,SYRINGE BALL NO2, 38.00 
14424,SYRINGE BALL NO3, 43.00 
11287,SYSTANE 10 ML. (ALCON), 151.00 
16157,SYSTANE COMPLETE 5 ML. (ALCON) for dry eye relief, 228.00 
16637,SYSTANE ULTRA 10 MLexp 11/26 fast-acting dry eye relief, 300.00 
15768,SYSTANE ULTRA UD 28's (ALCON), 320.00 
13068,SYSTRAL CREAM 10 GM 52-, 32.50 
13069,SYSTRAL CREAM 25 GM 110-, 69.50 
16379,SYTREX 10'S (cetirizine 10 mg), 11.00 
13187,T*ETRACYCLINE ส้ม-เหลือง, 360.00 
10239,T.A.CREAM 0.02% 15G.โอสถอินเตอร์, 18.50 
10236,T.A.CREAM 0.1% 15G.โอสถอินเตอร์, 18.50 
10235,T.A.CREAM 0.1% 5G.โอสถอินเตอร์, 12.75 
13078,T.C MYCIN 250 MG. 10'S จะปรับราคาเดือน 7, 24.50 
13079,T.C MYCIN 500 MG. 12X 10'S จะปรับราคาเดือน 7, 38.00 
10237,T.MAN LOTION 30 ML., 22.50 
10230,T.V.LONE LOTION 60 ML, 27.00 
10233,T.V.LONE LOTION 30 ML, 17.75 
10229,TA LOTION 30 ML, 20.00 
12398,TAB.CUTTER, 112.00 
14547,TACINOL 0.02% 15 GM, 25.25 
10232,TACINOL 0.02% 5 GM, 20.00 
10231,TACINOL 0.1% 5 GM, 19.00 
15811,TACINOL 1 GM. 20 SACHET, 112.00 
16063,TALAFIL 20 MG. 4'S (TADALAFIL)," 1,150.00 "
16095,TALAFIL-10 4'S, 670.00 
16096,TALAFIL-5 2x15'S," 1,520.00 "
13070,TAMBOCOR 2X30 กล่อง, 985.00 
11896,TANSY ONE 1'S, 40.00 
10843,TANZARIL 50 mg.3X10'S, 65.00 
13071,TAPAZOLE 100'S, 202.00 
10559,TARA-PLUS CREAM 15 GM., 33.65 
10558,TARA-PLUS CREAM 5 GM., 15.50 
10569,TARATEN 15 GM, 25.00 
14703,TARIVID 0.3% EYE OINT 3.5 GM, 175.00 
13076,TARIVID 200 MG. 2 TAB, 38.00 
12507,TARJEN GEL (UD) 1x20 GM., 17.25 
16485,TARLIGE 10 MG.6X10'S mirogabalin (ขายยกกล่อง)," 3,260.00 "
16460,TARLIGE 5 MG.6X10'S mirogabalin (ขายยกกล่อง)," 2,700.00 "
10490,TAUGLICOLO 10X10'S (bromhexine+gg) siam, 126.00 
12973,TAVIPEC 3X10'S, 185.00 
13080,TEAR NATURAL II, 121.00 
13081,TEAR NATURALE FREE 32X.0.9 ML., 325.00 
16292,TEBONIN FORTE 120 MG 15'SX2, 744.00 
15279,TECAVIR 0.50 MG. 3X10'S, -   
11002,TEDDY ORANGE C 1000 5x6 tablets film-coated, 166.50 
11677,TEDIUM 2 MG.10X10'S, 40.00 
11944,TEENIVIT 30'S, 297.00 
14236,TEERLUB. 30'S, 312.00 
13087,"TEGADERM 2 IN 1 MAXI 6X10 CM A4MONTANA,", 50.75 
13093,TEGRETOL 200 MG 10'S กล่องละ 5 แผง, 60.00 
13097,TELFAST 180 MG. 10'S, 223.00 
13094,TELFAST 60 MG. 10'S, 86.00 
13939,TELFAST SYRUP 6 MG/ML 60 ML., 129.00 
14058,TEMPCOX SYRUP 120 MG องุ่น 60ml ขายขาด, 10.00 
13104,TEMPRA KID แดง มีกล่อง, 37.75 
16723,TEMPRA COOLING PATCH 2ชิ้น/ซอง 6+2/กล่อง(4ซอง), 87.00 
16374,TEMPRA COOLING PATCH 2ชิ้น/ซอง 8ซอง/กล่อง, 167.00 
13105,TEMPRA DROP องุ่น 15 ml., 37.75 
16176,TEMPRA FIZZ 3X4'S (PARACETAMOL 500 MG) รสส้ม, 63.00 
13106,TEMPRA FORT 60 ML., 45.50 
15756,TEN CREAM 0.1% 5G., -   
16560,TENAX 10x10'S, 210.00 
16459,TENELIA 20 MG.30'S ขายยกกล่อง," 1,200.00 "
15245,TENOSALIC OINTMENT 5 GM, 21.00 
13108,TENSOPLAST, 65.50 
13127,TENSOPLAST 20 ชิ้น safari, 26.50 
13151,TENSOPLAST DOPHIPHEN 30X10'S, 250.00 
13107,TENSOPLASTIC เนื้อ 100 ชิ้น, 74.50 
13171,TERBROSIN 10X10'S, 115.00 
10482,TERBU EXPECT 60 ML., 23.50 
10481,TERBULIN 60 ML., 15.00 
13175,TERCO-D เขียว กลม 500'S, 370.00 
13177,TERCO-D 50X10'S, 440.00 
13180,TERRAMYCIN EYE OINTMENT, 42.00 
15152,TESTOS CAPSULE 3X10'S, 320.00 
13185,TESTOVIRON DEPOT 250MG 1AMP, 195.00 
11173,THERMA PLAST 1x 3'S ปวดประจำเดือน, 81.00 
12514,THERMA PLAST BOX 5'S, 129.00 
14187,THERMA PLAST Neck Pain Relief 3's, 92.00 
14188,"THERMA PLAST Shoulder Pain Relief 3""s", 111.00 
15870,"THERMA PLAST Shoulder Pain Relief 8""s", 223.00 
13203,THERMOMETER แก้ว long med ปลายแข็ง ขายยกกล่อง, 330.00 
15595,THREE-B FORT TABLETS 10X10'S, 200.00 
10638,THROATSIL 100 MG. 60 ML.สีชมพู, 16.25 
14765,THROATSIL 250 MG. 60 ML.สีฟ้า, 19.00 
13208,THROATSIL H&L 24X8'S, 12.50 
13207,THROATSIL ORANGE 24X8'S, 12.50 
16251,THROATSIL ORANGE กล่องละ 2 แผง แผงละ 12's, 40.00 
16062,THROATSIL PLUS 24X8'S, 15.50 
11213,THYROSIT 100 MG. 50X10'S ขายขาด ไม่รับคืน, 5.00 
13216,TIFFY 25X4'S จะปรับราคาเดือน 7, 192.00 
13212,TIFFY RUB 20 GM., 34.25 
13214,TIFFY RUB 40 GM., 64.00 
13217,TIFFY SYRUP 60 ML. ราคาใหม่ 58-, 31.00 
11425,TIFFY SYRUP 30 ML ราคาใหม่ 32-, 20.00 
13232,TIGER BACK PAIN PATCH (78-), 60.00 
13234,TIGER BALM 10 GM ขาว ( 53-), 520.00 
13235,TIGER BALM 10 GM แดง( 53-), 520.00 
13225,TIGER BALM 19.4 GM ขาว (70-), 60.00 
13220,TIGER BALM 19.4 GM แดง (70-), 60.00 
13224,TIGER BALM 30 GM ขาว ( 92-), 77.00 
13219,TIGER BALM 30 GM แดง (92-), 77.00 
13238,TIGER BALM INHALER ยาดมตราเสือ กล่องละ 60 หลอด, 877.00 
15138,TIGER BALM LOTION 80 ML., 144.00 
13230,TIGER BALM SOFT 25 GM.(96-), 75.00 
13237,TIGER FEVER PATCH กล่องละ 3 ซอง ขายยกกล่อง, 73.00 
13226,TIGER LINIMENT 28 ML.(110-), 86.00 
13239,TIGER MOSQUITO REPELLENT AEROSAL 120 ML., 80.00 
13240,TIGER MOSQUITO REPELLENT PATCH 10 ชิ้น, 92.00 
13221,TIGER MUSCLE RUBCREAM 30 GM (62-), 51.50 
13233,TIGER NECK & SHOULDER BOOST 50 GM, 142.00 
13231,TIGER NECK AND SHOULDER RUB 50 GM, 135.00 
13128,TIGER PLAST ANIMAL KINGDOM 8X10'S, 87.00 
13222,TIGER PLASTER ขาว เล็ก 69-, 43.50 
13223,TIGER PLASTER ขาวใหญ่ 79-, 58.50 
13227,TIGER PLASTER แดงเล็ก 59-, 43.50 
13228,TIGER PLASTER แดงใหญ่79-, 58.50 
14186,TIGERPLAST EXTRA COMFORT SUPPORT WRIST F, 173.50 
14552,TIGERPLAST 100 ชิ้น, 34.00 
11446,TIGERPLAST ANKLE L, 195.00 
11445,TIGERPLAST ANKLE M, 195.00 
11444,TIGERPLAST ANKLE S, 195.00 
13241,TIGERPLAST AQUATECT W1 6X7 cm, 33.50 
13242,TIGERPLAST AQUATECT W2 6X10 cm 2 ชิ้น, 32.50 
13243,TIGERPLAST AQUATECT W3 8X10 cm 2 ชิ้น, 39.00 
13244,TIGERPLAST AQUATECT W4 10X12cm 2 ชิ้น, 42.00 
14418,TIGERPLAST BACK SUPPORT L," 1,016.00 "
14417,TIGERPLAST BACK SUPPORT S-M," 1,016.00 "
15699,TIGERPLAST CARIBAND COHESIVE 2.5cmx2m, 43.00 
13250,TIGERPLAST CARIBAND COHESIVE 4cmx2m, 51.25 
15700,TIGERPLAST CARIBAND COHESIVE 6cmx2m, 58.00 
15701,TIGERPLAST CARIBAND COHESIVE 8cmx2m, 62.25 
13153,TIGERPLAST CARIFIX STRETCH 10 CM X1 M แผ่นปิดแผล, 34.50 
14189,TIGERPLAST CARIFIX STRETCH 10 CM X10 M แผ่นปิดแผลใยสังเคราะห, 279.00 
13152,TIGERPLAST CARIFIX waterproof 10CM X1m แผ่นปิดแผลใสกันน้ำ, 89.00 
16721,TIGERPLAST CARIGAUZE 2 x 2 (4 ply), 73.50 
13166,"TIGERPLAST CARIPORE CLEAR 1"" 10 Y", 31.50 
13165,"TIGERPLAST CARIPORE CLEAR 1/2"" 5 Y", 14.00 
16029,TIGERPLAST CLEAR พลาสติกใส 300 ชิ้น 19x56mm, 161.50 
16250,TIGERPLAST CLEAR พลาสเตอร์พลาสติกใส 25 ชิ้น, 24.50 
15315,TIGERPLAST FLEXIE 1 กล่องมี 8 ชิ้น, 14.75 
15839,TIGERPLAST FLEXIE 1 ซองมี 10 ชิ้น, 10.00 
16726,TIGERPLAST FLEXIE 4 ชิ้น x 10 ซอง, 78.00 
13143,TIGERPLAST JUMBO 38X72 mm 7 ชิ้น, 25.00 
15778,TIGERPLAST JUMBO กันน้ำ 38X72 mm 5 ชิ้น, 36.50 
11442,TIGERPLAST KNEE L, 210.00 
11441,TIGERPLAST KNEE M, 210.00 
11440,TIGERPLAST KNEE S, 210.00 
11443,TIGERPLAST KNEE XL, 210.00 
15890,TIGERPLAST PLASTIC PLASTER KUROMI 8 ชิ้น, 19.00 
15891,TIGERPLAST PLASTIC PLASTER Mymelody kuromi 8 ชิ้น, 19.00 
13246,TIGERPLAST SOFT PAD P1 6X7 cm 5 ชิ้น, 32.50 
13247,TIGERPLAST SOFT PAD P2 6X10 cm 4 ชิ้น, 32.50 
13248,TIGERPLAST SOFT PAD P3 8X10 cm 4 ชิ้น, 39.00 
13249,TIGERPLAST SOFT PAD P4 10X12 cm 3 ชิ้น, 39.00 
16539,TIGERPLAST SPORT TAPE 1/2''X10YDS, 28.00 
14957,TIGERPLAST SPORT TAPE 1''X10YDS มี12ม้วน, 474.00 
15693,"TIGERPLAST SPORT TAPE 1""X10 หลา 1 กระปุกมี12 ม้วน", -   
15694,"TIGERPLAST SPORT TAPE 2""X10 หลา 1 กระปุกมี6 ม้วน", 474.00 
16335,TIGERPLAST TPR WATERPROOF พลาสเตอร์ใสกันน้ำคละ 3 ขนาด, 33.50 
13245,TIGERPLAST transparent waterpoof WS 25X72 mm 10 ชิ้น, 23.50 
15314,TIGERPLAST waterproof fit 16 ชิ้น, 30.00 
16152,TIGERPLAST waterproof plaster kuromi 5 ชิ้น 10 ซอง, 200.00 
16151,TIGERPLAST waterproof plaster Mymelody kuromi 2 ชิ้น 10 ซอง, 170.00 
13150,TIGERPLAST WF FINGER PLASTER10 ชิ้น, 23.50 
13145,TIGERPLAST สีเนื้อกันน้ำ คละขนาด15 ชิ้น, 36.00 
15301,TIGERPLASTdressing strip พลาสเตอร์ผ้าตัดขนาด 6 cm x 0.5 m, 26.50 
13072,TIMAZOL 50X10'S ไม่รับเปลี่ยน-คืน, 9.00 
13299,TIME ORAL ULCER PATCH 18x1.5ซ.ม.x4 ชิ้น, 84.00 
15265,TIME ORAL ULCER PATCH 1x6's, 97.00 
13976,TIMI 15 GM., 38.00 
14409,TIMI 5 GM., 17.00 
15842,TIMO-MAC 0.5% 5 ML., 54.00 
11270,TIMOPTOL 0.5% 5 ML., 275.00 
13254,TINC. IODINE 30 ml., 12.75 
15936,TINY CAP FISH OIL 500 MG. MEGA 30'S, 116.00 
15723,TIPO 10'S (triprolidine 2.5 mg), 15.00 
11276,TOBRADEX OINTMENT 3.5 G, 94.00 
11273,TOBRADEX 5 ML., 133.00 
14504,TOBRAMYCIN 5 ML, 89.00 
13259,TOBREX 0.3%, 118.25 
13907,TOFAGO T.O10'S, 24.00 
10728,TOLCHICINE 100 X10'S, 6.00 
10726,TOLCHICINE10X10'S, 55.00 
10921,TOMEI ANTI ACNE PLUS CR.ใหม่ 5 GM.ทีซี, 142.00 
10894,TOMEI CLINDAI GEL 5 GM.ทีซี, 34.75 
10922,TOMEI FACIAL CLEANSER 45 ML ท๊ซี, 93.00 
10923,TOMEI FACIAL MOISTURIZER 30 GM ท๊ซี, 152.00 
15862,TOMONT 10 MG. 4X7'S TO, 206.00 
15909,TOMONT 5 MG. 4X7'S TO ชนิดเคี้ยว, 340.00 
13261,TONAF 15 GM 84-, 58.50 
13262,TONAF 5 GM. 47-, 28.33 
13265,TONAF B 5 GM, 31.50 
13264,TONAF เขียว 2% 15 GM. 116-, 71.50 
13263,TONAF เขียว 2% 5 GM 51-, 35.50 
12309,TOOKkY เกลือล้างจมูก refill, 58.00 
12308,TOOKKY เซตล้างจมูก, 75.00 
13266,TOPAMINE 60 ML, 15.50 
15142,T-OPH < timolol mLEATE 0.5%> 5 ML, 70.00 
13268,TOPICORT 15 ML phc, 122.50 
13267,TOPICORT 0.25% cream 5 GM, 53.00 
14955,TOPIDERM 15 ML NOVA, 49.00 
13269,TOPOXY 10 ML, 44.00 
16599,TORCOZIA 90 MG 1X10'S, 82.00 
14171,TORCOZIA 90 MG 1X5'S, 44.00 
15572,TORIXIB 120 MG10X10'S (Etoricoxib)siam, 786.00 
15854,TORIXIB 60 MG 3X10'S (Etoricoxib)siam ขายยกกล่อง, 194.00 
15471,TORIXIB 90 MG 10X10'S (Etoricoxib)siam ขายยกกล่อง, 840.00 
11604,TORRAFEN 10'S, 12.00 
14439,TORRAFEN FORTE .กล่องละ 10'S, 24.50 
12279,TORRENT 10'S, 15.00 
16601,TOSIDIC CREAM 5 GM, 41.50 
16231,TOTRAL ตรา กระต่ายบิน 1 กล่องมี 20 ซอง (ซองละ 30 มล), 532.00 
11100,TRAJENTA 5 MG 30'S," 1,510.00 "
16378,TRAJENTA DUO 2.5MG/1000 MG 60'S," 1,506.00 "
13987,TRAJENTA DUO 2.5MG/500 MG 60'S," 1,510.00 "
10222,TRAM LOTION 30 ML., 21.50 
10220,TRAM 0.02 % 15 กรัม, 39.25 
10219,TRAM 0.02 % 5 กรัม, 17.00 
10218,TRAM 0.1 % 15 กรัม, 44.00 
10228,TRAM 0.1 % 5 กรัม, 19.75 
10238,TRAM LOTION 60ML, 35.75 
14770,TRANCELTEAR 30X0.8 ML., 209.00 
13285,TRANSAMIN 250 MG. 1X100'S, 276.00 
13286,TRANSAMIN TAB 500 MG.10X10'S, 615.00 
13283,"TRANSPORE 3 M 1"" 10 YARD ขายยกกล่อง", 519.00 
13282,"TRANSPORE 3 M 1/2"" 10 YARD 24 ม้วน ( ขายยกกล่อง )", 520.00 
13284,"TRANSPORE 3 M 1/2"" 5 YARD ( ขายยกกล่อง )", 202.00 
15476,"TRANSPORE 3 M 1/2""2.5 YARD 12 ม้วน( ขายยกกล่อง )", 88.00 
11288,TRAVATAN BAK FREE 2.5 ML., 602.00 
13280,TRAVOCORT 10 GM, 118.00 
13288,TRAVOGEN 10 GM, 118.00 
15930,TRAZODONE 25X10'S, 20.00 
15067,TRICILON 5 GM., 21.00 
13292,TRINOLONE 1 GM, 155.00 
13297,TRINOLONE 5 GM, 26.25 
13300,TRINOLONE-KIDS 25X1GM.สตอร์เบอรี่, 152.00 
12592,TRIO-B 3X10'S patar, 78.50 
15937,TRIPLE OMEGA 1500 MG MEGA 30'S, 280.00 
14675,TRISTAN 90 MG 3'S 1กล่องมี 20 แผง exp 11/7/25, 260.00 
13309,TRITACE 10.0 MG. 30'S, 830.00 
13307,TRITACE 2.5 MG 10x10'S*ขายขาดไม่รับคืน*," 1,350.00 "
13310,TRITACE 5.0 MG. 30'S *ขายขาดไม่รับคืน*, 475.00 
12665,TRUSLEN COFFE PLUS 10 ซอง, 73.00 
15282,TRUSLEN Kerve 18 GM. 12 ซอง, 102.00 
10132,TRYPNATOL-25 500'S, 175.00 
13321,TUBIGRIP 2PLY ข้อมือ M, 74.00 
13320,TUBIGRIP 2PLY ข้อมือ S, 74.00 
13345,TUBIGRIP 2PLY น่อง M, 106.00 
13347,TUBIGRIP 2PLY น่อง XL, 106.00 
13330,TUBIGRIP ถุงน่อง S, 360.00 
13332,TUBIGRIP ถุงน่อง XL, 360.00 
15462,TUPTIM KAEW HERBAL MUSCLE CREAM 60 GM, 150.00 
13357,TYLENOL 8 HOUR 650 MG. 10'S, 36.25 
13353,TYLENOL 20x10'S, 235.00 
13356,TYLENOL 500 MG. 100'S, 123.00 
14919,TYLENOL 500 MG. 50'S, 65.00 
13355,TYLENOL DROP, 41.75 
16753,TYLENOL FEVER COOL 8.5 X 4 CM. 2แผ่นx3ซอง, 76.00 
13354,TYLENOL SYRUP 60 ML., 61.50 
16714,U&ME 5'S เม็ดฟู่ มิกซ์เบอร์รี่, 73.50 
16715,U&ME 5'S เม็ดฟู่ ส้ม, 73.50 
16716,U&ME 5'S เม็ดฟู่ องุ่น, 73.50 
11114,UDEA CREAM 10% 30 GM., 53.25 
11115,UDEA CREAM 20% 30 GM., 65.00 
14421,UDOCALM 10X10'S ขายยกกล่อง, 70.00 
15928,UDOCALM 50X10'S ขายยกกล่อง, 196.00 
16603,UE COF 120 ML. CD กลิ่นน้ำผึ้งผสมเลม่อน, 30.50 
13979,UE COF 120 ML.(ยาน้ำแก้ไอ มะขามป้อม) ขวดแดง, 29.50 
14673,UE COF 18 GM.X20ซอง.(ยาอม มะขามป้อม กลิ่นซีตรัส ซี), 437.00 
14025,UE COF 18 GM.X20ซอง.(ยาอม มะขามป้อม กลิ่นน้ำผึ้งเลมอน), 437.00 
15088,UE COF 18 GM.X20ซอง.(ยาอม มะขามป้อม กลิ่นสเปียร์มินท์), 437.00 
15087,UE COF 18 GM.X20ซอง.(ยาอม มะขามป้อม กลิ่นส้มยูสุ), 437.00 
14024,UE COF 18 GM.X20ซอง.(ยาอมแก้ไอ มะขามป้อม), 437.00 
16744,UE COF 5.4 GM.X20ซอง.(ยาอม มะขามป้อม กลิ่นน้ำผึ้งเลมอน), 154.00 
15089,UE COF 60 ML.(ยาน้ำแก้ไอ มะขามป้อม) ขวดแดง, 17.50 
15898,UE COF 60 ML.(ยาน้ำแก้ไอเด็ก มะขามป้อม) กลิ่นสตรอเบอรี่, 23.75 
12961,UE COF HERBAL MOUTH SPRAY 15 ML, 88.00 
13980,UE COF OS 120 ML.(ยาน้ำแก้ไอ มะขามป้อม no sugar ) ขวดฟ้า, 30.50 
13992,ULCEFATE 1 GM.100'S (sucrafate)siam, 713.00 
13361,ULCEFATE 20X5ML (sucrafate)siam, 482.00 
16196,ULCEFATE 240 ML.(sucrafate)siam, 495.00 
13362,ULCEFATE 60 ML. (sucrafate)siam, 148.00 
13358,ULGASTRIN 42'S ราคาใหม่ 200-, 112.00 
13364,ULTRACARBON N.F 5x10'S, 357.00 
14132,ULTRACARBON 50'S, 176.00 
10168,ULTRAPRO 900 GM chocolate," 1,480.00 "
10169,ULTRAPRO 900 GM vanilla," 1,480.00 "
16511,"ULTRASONIC MESH NEBULIZER ""prosper"" เครื่องพ่นละอองยา", 720.00 
16199,UMAFEN 200 MG. 50 X10'S, 240.00 
15932,UMAFEN 400 MG. 50 X10'S, 326.25 
15920,Umbili ชิ่วชิ่ว สติ๊กเกอร์ไล่ยุงกลิ่นเจอเรเนียม10 แผ่น, 53.00 
15919,Umbili ชิ่วชิ่ว สติ๊กเกอร์ไล่ยุงกลิ่นลาเวนเดอร์ 10 แผ่น, 53.00 
15921,Umbili ชิ่วชิ่ว สติ๊กเกอร์ไล่ยุงกลิ่นส้มซีตรัส 10 แผ่น, 53.00 
16241,Umbili อัมบิลี่ แป้งน้ำสบายตัว, 79.00 
15707,UMEGOT 1X10'S สูตร cafergot, 16.50 
15276,UMEGOT 25X10'S สูตร cafergot, 400.00 
10983,UNIDERM 15 GM., 41.00 
11033,UNIREN SPRAY 60 ML., 138.00 
13369,UNISON U-ENEMA 100 ML., 22.50 
13368,UNISON ADULT 20 ml.(1กล่องมี10ลูก), 76.00 
13367,UNISON OINTMENT 15 GM., 14.50 
13370,UNISON เด็ก 10 ลูก, 70.75 
14605,UNOMINT 10'S, 46.00 
11983,UNOMINT 10'S MEGA, 45.00 
12756,URIEF 4 MG 3X10'S, 465.00 
14369,URINAL screw cap 1000 ml for man, 67.00 
16579,UROFLOW 3X10'S MEGA, 510.00 
11346,U-SPA 100 MG 10X10'S, 220.00 
15056,U-SPA 200 MG 10X10'S, 323.00 
15372,USU-PITY ถุงยางอนามัย สตรอเบอร์รี่ 56 มี 4 ชิ้น, 82.00 
16243,UTMOS 30 MG.10 X10'S berlin, 392.00 
13745,V GIFF เม็ด 3X10'S 295-, 184.00 
13744,V GIFF ยาน้ำสตรี 300 ML., 134.00 
13743,V GIFF ยาน้ำสตรี 500 ML., 199.00 
16090,VAGICIN VAGINA TABLET 5'S, 29.50 
14103,VALDA ลูกอม 20'S LEMON 1 กล่อง12 ซอง INOVA ขายยกกล่อง, 282.00 
14104,VALDA ลูกอม 20'S menthol 1 กล่อง12 ซอง INOVA ขายยกกล่อง, 282.00 
14106,VALDA ลูกอม50'S lemon 1 กล่อง10 ตลับ INOVA, 432.00 
14105,VALDA ลูกอม50'S menthol 1 กล่อง10 ตลับ INOVA, 432.00 
14494,VALERBET-N CREAM 15 GM, 37.00 
11650,VALIAN-X 1แพคมี 12 กล่อง, 93.50 
16746,VALOVIR 500 MG.1X10'S สูตร valtrex, 432.00 
14741,VALOVIR 500 MG.5X10'S สูตร valtrex, 415.00 
14031,VALSARTAN GPO 160 MG. 3X10'S ขายขาดไม่รับคืน, 168.00 
13381,VALTREX 500 MG.1X10'S, 845.00 
16552,VAMAZOLE 500 MG 1'S (cotrimazole ), 18.00 
11420,VAMAZOLE 500 MG. 1'S มีเครื่องมือ COTRIMAZOLE, 18.00 
11651,VAMP 10'S," 1,000.00 "
13382,VAPEX 5 ML., 28.50 
13384,VAPEX (ยาดม), 15.00 
13383,VAPEX 14 ML., 66.00 
14723,VAROVIR 5X10S ขายขาดไม่รับคืน, -   
13388,VASTAREL MR 35 MG. 2X30'S, 552.00 
10065,V-CAP Simethicone150 mg.10X10'S, 118.00 
16365,VECALOL 12.5 MG 10X10'S exp16/8/26, 620.00 
16366,VECALOL 25 MG 10X10'S exp4/6/26, 775.00 
16364,VECALOL 6.25 MG 10X10'S exp19/7/26, 542.00 
16519,VECIN 3X10'S ขายยกกล่อง AESCIN macrophar, 84.00 
12366,VEET 25 GM. สีชมพู สำหรับผิวธรรมดา เชียบัตเตอร์, 114.50 
12365,VEET 25 GM. สีฟ้า ผิวบอบบาง, 114.50 
10872,VEFLOX 500 MG 10'S, 106.00 
14633,VELDENT DENTURE ADHESIVE CREAM 60 GM, 197.00 
12672,VELDENT EXTRA WHITE TEETH MAX PURPLE 80G, 89.00 
14455,VELDENT MOUTH SPRAY + finger root 18 ML., 150.00 
13978,VELDENT MOUTH SPRAY 18 ML., 79.00 
14093,VELDENT thai herb TOOTHPASTE 100 gm, 83.00 
12675,VELDENT ULTIMATE AMAZING BRIGHT 100 GM, 78.00 
12673,VELDENT ULTIMATE EXTREME AWAKE 100 GM., 78.00 
15523,VENSIX 25X4'S, 118.00 
13392,VENTOLIN EVOHALER, 185.00 
16654,VENUZ ONE 1'S 1 กล่อง 10 แผง( ยาเม็ดคุมกำเนิดฉุกเฉิน)NEOCA, 12.50 
10748,VERRUMAL 13 ML., 207.00 
14071,VESCIDINE 400 MG500'S สีเขียว, 640.00 
14019,VESCONAC 25 MG1000'S กลมเหลือง, 135.00 
13958,VESCONAC 50 MG1000'S รีเหลือง, 240.00 
12759,VESICARE 5 MG. 10X10'S," 1,300.00 "
14979,VESOPH 5 ML 42-, 18.00 
13957,VESTAN500 MG 25X10'S, 200.00 
13415,VGR 100 MG. 4'S ขายขาดไม่รับคืน," 1,390.00 "
13395,VIAFLEX 1500 MG 30, 285.00 
13399,VIARTRIL-S 500 MG. 90'S mylan, 938.00 
13396,VIARTRIL-S ผง 30 ซอง mylan," 1,085.00 "
11512,VIBEE 10x10's, 230.00 
15430,VIBOOSTA 20'S เม็ดฟู่ ACEROLA CHERRY, 79.00 
16065,VIBOOSTA 20'S เม็ดฟู่ C-force 1000, 79.00 
15429,VIBOOSTA 20'S เม็ดฟู่ COLLA CAL D, 79.00 
16120,VIBOOSTA 20'S เม็ดฟู่ ENZY, 79.00 
15684,VIBOOSTA 20'S เม็ดฟู่ LUTEIN PLUS, 79.00 
16066,VIBOOSTA 20'S เม็ดฟู่ Magnesium plus, 79.00 
15428,VIBOOSTA 20'S เม็ดฟู่ multivit, 79.00 
16694,VIBOOSTA 20'S เม็ดฟู่ POSTIC FIBER, 79.00 
14882,VICK BABY BALSUM 50 GM., 212.00 
13409,VICK VAPORUB 10 GM 1กล่องมี 60 ตลับ, 510.00 
13412,VICK VAPORUB 25 GM., 96.00 
13410,VICK VAPORUB 5 GM. 24- 1กล่องมี 60 ตลับ," 1,380.00 "
13411,VICK VAPORUB 50 GM., 184.00 
16413,VICKS VAPODROP รสน้ำผึ้งมะนาว /ซองละ 8's 24ซอง exp 11/26, 30.00 
16414,VICKS VAPODROP รสน้ำผึ้งมะนาว 1กล่องมี 2x12 เม็ด, 70.25 
16412,VICKS VAPODROP รสส้ม /ซองละ 8 เม็ด 24ซองexp12/2026, 28.50 
16415,VICKS VAPODROP รสส้ม 1กล่องมี 2x12 เม็ด, 70.25 
14550,VIDETAPP SYRUP 60 ML สูตร dimetapp, 18.50 
13413,VIDISIC GEL 10 GM., 129.00 
16439,VIDOXCIN 100 MG 25X10'S ขายยกกล่อง, 195.00 
13103,VIFAS 180 MG 10'S siam, 98.00 
13102,VIFAS 60 MG 10'S siam, 49.00 
11289,VIGAMOX 5 ML. moxifloxacin, 186.00 
10031,VILERM 200 MG. 1x25'S siam, 155.00 
10045,VILERM 400 MG. 14X5'S siam, 630.00 
10042,VILERM 800 MG. 7X5'S siam, 450.00 
10047,VILERM CREAM 10x1 GM. siam, 130.00 
10035,VILERM CREAM 5 GM. siam, 62.00 
13541,VIRGIN COCONUT OIL 200 ML, 172.00 
10049,VIROGON 400 MG. 7X10'S, 355.00 
10048,VIROGON 800 MG 7.X5'S, 355.00 
10038,VIROGON TAB 200 MG. 1x25'S silom, 102.00 
14471,VIRUNO60mg 3X5'S ฟ้าทะลายโจร exp10/26 1free1 (ของแถมตัดบาร์), 140.00 
13860,VISANNE 2 MG 28'S," 2,370.00 "
11292,VISLUBE 0.45 ML. X20 t, 353.00 
16738,VISLUBE MULTI 10 ML., 397.00 
15349,VISTRA advanced elastin peptide plus collagen 5000 mg, 340.00 
14982,VISTRA BON-ACTIVE BIO CALCIUM 30'S, 350.00 
14821,VISTRA COLLAGEN TYPE II 1000 MG 10 ซอง, 419.00 
15126,VISTRA DAILY COMPLETE PROBIOTICS 30'S, 510.00 
15280,VISTRA L-CARNITINE PLUS SAFFRON 30'S, 362.00 
14308,VISTRA RELACZA PLUS 30'S, 258.00 
13475,VISTRA UC-II 40 MG30'S, 527.00 
13438,VISTRA ACEROLA CHERRY 1000 MG.100'S, 512.00 
13421,VISTRA ACEROLA CHERRY 1000 MG.45'S, 242.00 
14573,VISTRA ACEROLA CHERRY 2000 PLUS .30'S, 312.00 
13454,VISTRA acerola cherry 45's+grape seed 20's)DOUBLE GIFT SET, 242.00 
15652,VISTRA ADVANECED TELOPRO VITA PLUS 30'S, 607.00 
13452,VISTRA ASTAXANTHIN 4 MG. 30'S, 352.00 
13457,VISTRA ASTAXANTHIN 6 MG. 30'S, 465.00 
13449,VISTRA ASTRAXANTIN 6 MG. 30'S แพคคู่, 910.00 
13434,VISTRA B COMPLEX 30'S + MINERAL, 135.00 
13443,VISTRA B COMPLEX + GINSENG 30'S, 205.00 
13474,VISTRA BACOPA EXTRACT 300 MG 30'S, 172.00 
13455,VISTRA BETA GLUCAN 30'S, 455.00 
13450,VISTRA BILBERRY EXTRACT 30'S, 295.00 
13482,VISTRA BIO C 1000 MG 100'S, 520.00 
15457,VISTRA BIO C 1000 MG 100'S+30'S/แพค, 520.00 
13481,VISTRA BIO VITAMIN C 1000 MG 30'S, 199.00 
13917,VISTRA CALPLEX calcium 600 MG+menaquinoe-7 30'S, 154.00 
15777,VISTRA CERAMOSIDES GLUTA ACTIV 30'S, 485.00 
13460,VISTRA CLA 1200 MG. 60'S, 790.00 
13448,VISTRA CO ENZYME Q10 SOFT GEL 30'S, 140.50 
13423,VISTRA COLLAGEN PEPTIDE1300 mg. 30'S, 298.00 
13459,VISTRA COLLAGEN PEPTIDE1300 mg. 50'S, 526.00 
13439,VISTRA CRANBERRY 600 30'S, 241.00 
13463,VISTRA DAILY PLANT PROTEIN 10 ซอง, 337.00 
13433,VISTRA DT DAILY FIBER7000 10 ซอง, 111.00 
13435,VISTRA EPO OIL 1000 MG. 75'S 430-, 230.00 
13470,VISTRA GINKGO 120 30'S, 176.00 
13469,VISTRA GLUTA COMPLEX 1000 30'S, 476.00 
13422,VISTRA GLUTA COMPLEX 800 plus 30'S, 390.00 
15776,VISTRA gluta800mg30's+collagen1300mg14'sDUO MATCH, 392.00 
13437,VISTRA GOTU KOLA EXTRACT+ZINC 30'S, 171.00 
13426,VISTRA GRAPE SEED 30'S, 196.00 
13478,VISTRA IMU-PRO C 2X30S + กระเป๋า vistra, 573.00 
14993,VISTRA Imu-PRO Elderberry Plus Bio-Multivitamin 120 ml, 209.00 
14822,VISTRA IMU-PRO VIT C 120 MG 100'S, 93.00 
16000,VISTRA IMU-PRO VITAMIN C LOZENGES 500 MG, 53.50 
13486,VISTRA KIWI EXTRACT 30'S, 303.00 
13432,VISTRA l -CARNITINE + 3L 30'S, 235.00 
13477,VISTRA L-ARGININE PLUS 60'S, 550.00 
13453,VISTRA L-CYSTEINE +BIOTIN 30'S, 257.00 
13429,VISTRA MAGNESIUM plus B 30 'S ใหม่, 151.00 
13451,VISTRA MOVFLEX 1500 MG 30 ซอง, 305.00 
15999,VISTRA MULTIVITAMIN ULTRA PLUS AMINO ACID 30's, 214.00 
14197,VISTRA PURE COLLAGEN DIPEPTIDE 30 ซอง, 699.00 
13464,VISTRA REGOW 30'S, 270.00 
13431,VISTRA RICE BRAN OIL1000 MG. 40'S ใหม่, 280.00 
14881,VISTRA SAKURA EXTRACT marine collagen plusc 30'S, 618.00 
13485,VISTRA SALMON FISH OIL 45'S, 127.00 
13428,VISTRA SALMON FISH OIL 75'S, 200.50 
16650,VISTRA SESAMIN DHA & EPA 30 CAPS, 524.00 
16168,VISTRA SESAMIN NIGHT TIME 30 CAPS, 524.00 
16436,VISTRA SESAMIN VITAL 30 CAPS, 524.00 
13480,VISTRA SOY LECITHIN 1200MG+E 90'S, 185.00 
13456,VISTRA WHEY PROTEIN, 292.00 
13430,VISTRA ZINC 15 MG. 45'S, 155.00 
14199,VIT B FORTE 5X10'S, 167.00 
13489,VIT C 50 MG. PATAR 1000'S ส้ม, 115.00 
13508,VIT C 50 MG. UD 1000'S ส้ม, 120.00 
13505,VIT C 100 MG PATAR 50X20'S สตอร์เบอรี่, 220.00 
15448,VIT C 25 MG KRESS 1000'S กลิ่นสตอร์เบอรี่, 100.00 
15447,VIT C 25 MG KRESS 1000'S กลิ่นส้ม, 88.00 
15577,VIT C 25 MG KRESS 1000'S กลิ่นสับปะรด, 100.00 
15449,VIT C 25 MG KRESS 1000'S กลิ่นองุ่น, 100.00 
15134,VIT C 25 MG KRESS 1x50ซอง กลิ่นสตอร์เบอรี่, 220.00 
15136,VIT C 25 MG KRESS 1x50ซอง กลิ่นส้ม, 225.00 
15135,VIT C 25 MG KRESS 1x50ซอง กลิ่นองุ่น, 225.00 
13498,VIT C 50 MG. B.K 1000'S ส้ม, 100.00 
13495,VIT C 50 MG. PATAR 1000'S สัปประรด, 115.00 
16668,VIT C FRX ส้ม 50X30'S, 202.00 
16667,VIT C FRX องุ่น 50X30'S, 202.00 
13499,VIT C FRX ผลไม้รวม 60X30'S, 236.00 
16666,VIT C FRX สตรอเบอร์รี่ 50X30'S, 202.00 
16469,VIT C- MILE 12x15's ใหม่ สีส้ม (ขึ้นทะเบียนเป็นอาหารเสริม), 47.50 
10287,VITA 1+6+12 NL 1000'S, 515.00 
10527,VITA C CALCIUM 40G. แบล็คเคอเร้นท์GUMMY1 กล่องมี 12 ซอง, 305.00 
10525,VITA C CALCIUM 40G.โคล่าGUMMY1 กล่องมี 12 ซอง, 305.00 
10524,VITA C CALCIUM 40G.สตรอGUMMY1กล่องมี 12 ซอง, 305.00 
10520,VITA C CALCIUM 40G.ส้มGUMMY 1 กล่องมี 12 ซอง, 305.00 
10528,VITA C CALCIUM 40G.องุ่นมัสแคท 1กล่องมี12ซอง, 305.00 
15877,VITABION 10X10'S, 256.00 
16523,VITA-C CANDY POP 70 GM. /10 ซอง, 124.00 
16524,VITA-C LITE Vitamin c nosugar 400 GM. /10x100 เม็ด, 392.00 
13501,VITA-C MULTI FRUIT t-man, 180.00 
13504,VITA-C 25 MG. T.MAN 1000'S ส้ม, 100.00 
10530,VITA-C 50x30's(มะนาว ;VIT C 25mg;TV), 198.00 
10532,VITA-C 50x30's(ส้ม ;VIT C 25mg;TV), 207.00 
10529,VITA-C 50x30's(สัปปะรด;VIT C 25mg;TV), 207.00 
10531,VITA-C 50x30's(องุ่น;VIT C 25mg;TV), 206.00 
16556,Vita-C CANDY POP GREEN APPLE 70 GM. /10 ซอง, 126.00 
16576,VITA-C JELLY STRIP150G 1X10 ซอง กลิ่นส้ม t-man, 75.50 
13492,VITACEMIN 100 MG. sweetless 1000'S, 255.00 
15961,VITAL LIFE BACK SUPPORT BELT NO.XXXL, 400.00 
11263,VITALUX PLUS 30'S, 319.00 
13487,VITAMIN A 25000 IU 100'S, 73.50 
13502,VITAMIN C 50 MG 50X20'S PATAR ส้ม, 165.00 
13503,VITAMIN C 50 MG 50X20'S PATAR สัปประรด, 165.00 
16392,VITAMIN C 500mg. 100’s(GPO) ขายขาดไม่รับคืน, 130.00 
13510,VITAMIN E 200 MEGA 60'S, 204.00 
13511,VITAMIN E 400 MEGA 30'S, 204.00 
11121,VITARA AD CREAM PLUS 30 GM. สูตร ezerra, 292.00 
15570,VITARA AHA 10% Serum plus 10 ML., 86.50 
11468,VITARA ALOE +Panthenol 120 GM., 101.00 
11460,VITARA ALOE VELA GEL 70 GM., 40.00 
11473,VITARA ALOE VERA GEL 120 GM., 93.00 
11014,VITARA ANTI ACNE GEL 10 GM berich, 107.00 
15628,VITARA BETA-C CRRAM 15 G., 36.50 
16704,VITARA CICA &E CREAM GAL 25g., 100.00 
14745,VITARA COLD&ALLERGY NASOL SPRAY 20 ML, 130.00 
15712,VITARA FACIAL cleansing foam mousse 100 ml, 149.00 
16643,VITARA FACIAL Sunscreen spf 50+pa+ nano white 20g., 165.50 
15927,VITARA HEMP SEED OIL 120 GM., 132.50 
14468,VITARA PROPOLIZ PLUS MOUTH SPRAY 12 ML, 75.00 
14966,VITARA ZINC C PLUS MOUTH SPRAY 12 ML, 154.00 
16728,VIT-D DROPS (vitamin d 800 iu) BL HUA, 49.00 
13512,VITOP 10x10'S (แพ็คละ 6.-), 370.00 
16035,VIVACOR 10 MG. 28'S (rosuvastatin), 640.00 
16036,VIVACOR 20 MG. 28'S (rosuvastatin), 930.00 
15967,VIVAX CREAM 5G, 18.00 
16536,VIVIDRIN EYE DROP 10 ML. (anti allergic), 130.00 
13514,VIVIT 10X10'S patar, 190.00 
10866,VOFLOX 500 MG 5'S พรอส, 50.00 
14246,VOLCLONAC SPRAY 60 ML. diclofenac, 104.00 
13878,VOLTA GEL 15 GM., 13.00 
13516,VOLTAREN 25 MG. 3X10'S ขายยกกล่อง, 146.00 
13520,VOLTAREN EMULGEL 10 GM, 68.00 
13521,VOLTAREN EMULGEL 25 GM., 147.00 
13525,VOLTAREN EMULGEL 30 GM DOUBLE STRENGTH, 220.00 
13522,VOLTAREN EMULGEL 50 GM., 265.00 
13523,VOLTAREN EMULGEL100 GM, 414.00 
13519,VOLTAREN SR 100 MG. 3x10'S ขายยกกล่อง, 640.00 
13518,VOLTAREN SR 75 MG. 3x10'S ขายยกกล่อง, 402.00 
11052,VOLTA-T.M. 50MG 100X10'S, 270.00 
11055,VOLTA-T.M.25MG 100X10'S, 190.00 
13517,VOLTFAST 50 MG. 9 SACHET ขายยกกล่อง จะปรับราคา 1/7/2026, 77.00 
15808,VOMITIL-M 10MG 1X10'S, 5.00 
12057,VOMITIL-M 50X10'S, 190.00 
11344,VOXATE 200 10X10'S สินค้าขาดตลาด, 245.00 
13959,VSETHROMYCIN 150 MG. 10X10'S, 135.00 
16338,WEEWA ORS POWDER 50 ซองX4.493 GM., 82.00 
11978,WHEY S VANILLA (MEGA), 675.00 
12878,WILD LIVES BLOCK DEET 28 50 ML., 55.00 
12879,WILD LIVES BLOCK DEET 55 50 ML., 103.00 
12880,WILD LIVES BLOCK DEET 95 50 ML, 138.00 
16527,WISH C 25 MG PATAR 50X20'S กลิ่น ลิ้นจี่, 151.00 
16526,WISH C 25 MG PATAR 50X20'S กลิ่นองุ่น, 151.00 
14390,WONDER COVID-19 2in1 atk ขายขาดไม่รับคืน, 15.00 
16370,WONDER HCG WEEKLY PREG TEST ปัสสาวะผ่านรุ่นบอกสัปดาห์, 75.00 
16783,WONDER HPV 16 & 18 TEST ชุดทดสอบเชื้อไวรัส HPV, 62.50 
16371,WONDER INFLU A/B + COVID-19 atk 3 IN 1 ขายขาดไม่รับคืน, 33.00 
16387,WONDER INFLU A/B + COVID-19+RSV atk 4 IN 1 ขายขาดไม่รับคืน, 43.50 
16525,WONDER OVULATION TEST ทดสอบการตกไข่ 1 กล่องมี 5 ตลับ, 84.00 
16647,X PERT ACNE GEL 10 GM mck, 67.00 
11278,XALATAN 0.005 % 2.5 ML., 580.00 
12551,XANALIN 5 ML., 26.00 
14076,XANDASE 100 MG 50 X10 'S รุ่นใหม่, 10.00 
14077,XANDASE 300 MG 50 X10 'S รุ่นใหม่, 27.00 
11825,XARATOR 10 MG 3X10'S ขายยกกล่อง, 510.00 
11826,"XARATOR 20 MG,.3X10'S ขายยกกล่อง", 640.00 
11811,"XARATOR 40 MG,.3X10'S ขายยกกล่อง", 797.00 
13544,XATRAL XL 10 MG. 3X10'S, 890.00 
16313,XELEVIA 100 MG.28'S ขายยกกล่อง, 985.00 
13545,XENICAL 1X21'S, 709.00 
15488,XIGDUO XR 10/1000 MG 4x7'S," 1,505.00 "
16510,XIGDUO XR 5/1000 MG 8x7'S," 1,685.00 "
13547,XYLOCAIN 10% SPRAY 50 ML. ขายขาดไม่รับคืน, 514.00 
13546,XYLOCAIN JELLY 30 GM.2%, 146.00 
13819,XYZAL 5 MG. 10'S, 129.00 
10646,XYZINE 10 MG. tnp 50X10'S, 460.00 
14715,YANHEE HIMORIN 10 'S, 79.00 
11023,YASMIN, 332.00 
11026,YAZ, 367.00 
16675,YUWELL เข็มเจาะเลือด soft twist 50 ชิ้นขนาด 28G, 60.00 
14643,YUWELL BLOOD MONITOR L CUFF 22-45 รุ่น YE660E, 650.00 
16673,YUWELL เครื่องวัดน้ำตาลรุ่น 660 จอ LCD+บันทึก500+aaa, 610.00 
16674,YUWELL แผ่นตรวจน้ำตาลในเลือด รุ่น Y350/25 TEST ใช้กับรุ่น660, 190.00 
16658,Z FRESH 0.4 ML 10 TUBE, -   
11275,ZADITEN EYE DROP 0.25/0.4 20 ชิ้น, 284.00 
12235,ZALAIN CREAM 20 GM., 145.00 
12238,ZALAIN CREAM 5 GM., 54.00 
12236,ZALAIN VAGINAL SUPPO 300 MG 1'S, 154.00 
13774,ZANIDIP 10 MG., 562.00 
13775,ZANIDIP 20 MG. 28'S, 834.00 
16565,ZARIUS 1x10'S (desloratadine 5mg), 46.25 
16373,ZARIUS SYRUP 60 ml. (DESLORATADINE;APM), 59.50 
13776,Z-BEC, 319.50 
15177,Z-DEEN 10'S (loratadine)siam, 49.00 
13779,ZEMA CREAM 10 GM., 30.25 
13780,ZEMA CREAM 15 G., 43.75 
13778,ZEMA CREAM 5 GM., 20.00 
13777,ZEMA LOTION 15 ml. 40-, 18.00 
13989,ZEMA LOTION 30 ml., 29.50 
16574,ZEMA PRO CREAM 15 GM (terbinafin), 58.00 
16575,ZEMA PRO CREAM 5 GM (terbinafin), 28.00 
13681,ZENDA 25X2'S, 320.00 
10647,ZENSIL TAB 10'S, 14.00 
14469,ZENSIL TAB 10x10'S แผงเปลือย, 100.00 
13781,ZENTEL 400MG. แผง 1'S, 37.00 
14969,ZENZERA TAB 200 MG 2'S X50, 7.50 
10604,ZEPLEX 500 MG. 10X10'S ครีม-น้ำเงิน, 240.00 
16059,ZEROTAN TAB 40 MG. 2 TAB (สูตร relpax) 1แพคมี12 แผง, 121.50 
16540,ZETTROL 10X10'S Ezetimide 10 mg berlin, 783.00 
16779,ZETTROL 3X10'S Ezetimide 10 mg berlin, 235.00 
10037,ZEVIN 200 MG. 1X25'S biopharm, 88.00 
15491,ZEVIN 800 MG 7.X5'S, 365.00 
10039,ZEVIN CREAM 1 GM. biopharm, 96.00 
10044,ZEVIN CREAM 10 GM., 96.00 
10040,ZEVIN CREAM 3 GM., 36.00 
10046,ZEVIN TAB. 400 MG. 7X10'S, 412.00 
14297,ZIGA CAP 20 MG. 1X14'S, 36.50 
11201,ZIGA GAS 240 ML., 68.00 
10198,ZIGA GEL 240 ML., 52.25 
13803,ZIMMEX 20 MG 3X10'S, 43.00 
13801,ZIMMEX 10 MG.3X10'S, 30.00 
13810,ZIMMEX 40 MG.3X10'S, 82.00 
14358,ZIMVA 10 MG.10X10'S GPO ขายขาดไม่รับคืน, 58.00 
14359,ZIMVA 20 MG.10X10'S GPO ขายขาดไม่รับคืน, 100.00 
13789,ZINC 90'S PAN, 155.00 
11932,ZINCOMIN CAP 60'S, 210.00 
14128,ZIRIN cetrizine SOFTGEL 10'S, 83.00 
13792,ZITHROMAX powder oral suspention 200 MG./ 5 ml, 199.00 
13795,ZITHROMAX TABLET 6'S รุ่นใหม่, 410.00 
14229,Z-NIS 5 MG. 10'S, 70.00 
10624,ZOBREX 200 MG. 1X10'S macrophar, 50.00 
13809,ZOLOFT 50 MG. 3X10'S," 1,245.00 "
16212,ZOMOXIN 5 ML.EYE DROP PROSS, 130.00 
16718,ZONIA 24+4 สูตร YAZ, 245.00 
16032,ZURTHOL 250 ML, 82.75 
16031,ZURTHOL 5 ลิตร, 791.00 
16030,ZURTHOL 750 ML, 224.50 
14177,ZYCEL 200 MG 10'S ราคาพิเศษ exp2/2027, 35.00 
15159,ZYLIN 75 MG 3x10'S pregabalin pml, 155.00 
11975,ZYLLER 10X10'S, 870.00 
10365,ZYLON 10 ML., 46.50 
14118,ZYNOLOG 5 GM (triamcinolone) ORAL PASTE, 23.50 
13821,ZYREX SYRUP 60 CC 10/23, 18.00 
13816,ZYRTEC SYRUP 75 ML., 96.00 
13815,ZYRTEC 10 MG, 99.00 
16312,ZYSTINE-24 MG. 10X10'S, 415.00 
11771,ก.ย. 15 ขวด, 28.67 
11773,ก.ย.15 MILKY LOTION 8G. ชมพู (1กล่องมี24ซอง), 82.00 
11774,ก.ย.15 กล่อง (1กล่องมี24ซอง), 90.00 
14214,กระชายสกัด อ้วยอัน แคปซูล 60's, 148.00 
13706,กฤษณากลั่น ตรากิเลน 15 ml, 58.25 
13930,กอเอี๊ยะปิดฝี ตราแมวกงจักร์ (ขายยกกล่อง), 200.00 
11163,กิมจ้อคละรส EL (LX6), 100.00 
12962,เกร็กคู 6'S (ขายขาดไม่รับคืน), 330.00 
12957,แก้ไอมะขามป้อม I-HERB 60 ML., 22.00 
16224,แก้ไอมะขามป้อม I-HERB OTC 100 ML., 28.00 
12949,แก้ไอมะขามป้อม อภัยภูเบศน์ 120 ML., 27.00 
15193,แก้ไอมะขามป้อม อภัยภูเบศน์ 60 ML., 17.00 
10806,แก้ไอแสงสว่างตราค้างคาว, 84.00 
14447,ขมิ้นชัน ขาวละออ แคปซูล 100's, 67.00 
12454,ขมิ้นชัน พลัส อ้วยอัน 60 's, 98.00 
12451,ขมิ้นชัน อ้วยอัน แคปซูล 100's, 59.00 
14415,ขมิ้นผงแสงชัย 12 gm. 1 กล่องมี 100 ซอง, 3.25 
13526,ขี้ผึ้งเบอร์29 A (ยกโหล)ขายขาดไม่รับคืน, 114.00 
13640,ขี้ผึ้งเสลดพังพอน 50 กรัม หมอสงค์, 39.17 
12444,เขากุยอ้วยอัน ขวดขาว, 35.00 
13967,เครื่องกดเจลแอลกอฮอร์ แบบเท้าเหยียบ รุ่นสแตนเลส alcohol," 1,750.00 "
13966,เครื่องกดเจลแอลกอฮอร์ แบบเท้าเหยียบ รุ่นเหล็ก alcohol," 1,300.00 "
14927,เครื่องนวดไฟฟ้าHV-F021 OMRON, -   
13872,เครื่องปั๊มนมไฟฟ้า(แบบปั๊มคู่ ; PUREEN )," 2,800.00 "
15060,เครื่องผลิตออกซิเจน รุ่น 7F-8W," 24,000.00 "
15942,เครื่องผลิตออกซิเจน รุ่น 9F-5BW (19471)," 16,200.00 "
13046,เครื่องวัดปริมาณออกซิเจน(oxyในเลือด รุ่นPC-60B1 สีส้ม SEKURE," 1,600.00 "
11696,จับเลี้ยงชงตราปลาเบ็ด โฉมใหม่ 5ซอง, 46.00 
11649,จิ่วเจิ้งปู่เซินเจียวหนัง เอสวัน 6 เม็ด รุ่นใหม่, 170.00 
16689,จี้กงแดน (ลูกอมส้มมือ รสบ๊วย) 1x8x40g, 36.00 
12409,จุกล้างจมูก K&K กล่องละ 2 ชิ้น, 25.00 
14165,จุกล้างจมูก K&K แบบ silicone กล่องละ1ชิ้น, 24.50 
15286,"ฉุน ฉุน anti&after B balm บาล์มกันแมลง, รักษาเเมลงกัด", 51.50 
15420,ฉุน ฉุน ยาดม (คละสี), 26.00 
12210,ชั้นวางขนาดเล็ก NEXCARE Angry bird, 860.00 
16453,ช้างไทยยาดม 2 ml. กลิ่นส้ม, 16.50 
16454,ช้างไทยยาน้ำมันสมุนไพรขันทองพยาบาท 45 ML., 143.00 
16449,ช้างไทยยาน้ำมันสีเขียวผสมเหง้าไพล 10 ml. หัวลูกกลิ้ง, 34.00 
16450,ช้างไทยยาน้ำมันสีเขียวผสมเหง้าไพล 22 ml. plai oil chang thai, 62.00 
16451,ช้างไทยยาหม่องผสมเถาเอ็นอ่อน 3x15GM., 59.00 
16452,ช้างไทยยาหม่องผสมเถาเอ็นอ่อน 50 GM., 53.00 
15287,ชิ่ว ชิ่ว ผลิตภัณฑ์ไล่ยุง insect & mosquito repellent spray, 69.00 
16097,ชิ่วชิ่ว ผลิตภัณฑ์ไล่ยุง insect & mosquito repellent lotion, 93.00 
12395,ชุดปฐมพยาบาล ตราเสือดาว, 140.00 
16533,เซรั่มหัวหอมแดง Chun chun ฉุนฉุน กู๊ดไนท์ เซรั่ม, 93.00 
15284,เซรั่มหัวหอมแดง Chun chun ฉุนฉุน เจนเทิล ออยล์ เซรั่ม, 93.00 
15283,เซรั่มหัวหอมแดง Chun chun ฉุนฉุน ออร์แกนิก ออยล์ เซรั่ม, 93.00 
16327,เซียงเพียวอิ๊วครีมนวด 100 GM, 94.00 
13648,เซียงเพียวอิ๊วครีมนวด 32 GM, 32.50 
13649,เซียงเพียวอิ๊วครีมนวด 62 GM, 56.00 
12769,แซมบัค 18 กรัม กล่องละ 24 ตลับ, 34.50 
12771,แซมบัค 36 กรัม, 62.00 
12770,แซมบัค 8 กรัม 4 โหล/กล่อง, 23.00 
10924,ด่างทับทิม แสงสว่างตราค้างคาว, 8.25 
15802,ต้นโพธิ์ ยาหม่องสีเขียว 50 g 3 ขวด, 195.00 
15801,ต้นโพธิ์ ยาหม่องสีดำ 50 g 3 ขวด, 195.00 
16088,ต้นโพธิ์ ยาหม่องสีส้ม 50 g 3 ขวด, 195.00 
15803,ต้นโพธิ์ ยาหม่องเหลือง 50 g 3 ขวด, 195.00 
14050,ถัง Oxygen ทางการแพทย์ 6 Q ไม่มีรถเข็น," 4,000.00 "
13047,ถาดหลุมทำแผล 3 หลุม 6x10นิ้ว, 195.00 
14600,ถุงยาง INSTYLE 49 mm3'S, 11.25 
14601,ถุงยาง INSTYLE GOLD 52 mm3'S, 11.00 
14496,ถุงหอมการบูร 100%40 gm., 45.00 
15753,แถม KUL-DA 10 GM, -   
13773,ทัมใจ 100 ซอง, 157.00 
12446,ทิพะอี้ 4'S, 12.00 
10477,ธาตุเหล็กและวิตามินบีผสมซุปไก่สกัด, 325.00 
16279,นมปรุงแต่งเม็ดรสช็อคโกแลต 24 ซอง milk milk, 275.00 
12245,นมปรุงแต่งเม็ดรสเมลอน 24 ซอง milk milk, 275.00 
16280,นมปรุงแต่งเม็ดรสวานิลลา 24 ซอง milk milk, 275.00 
12244,นมปรุงแต่งเม็ดรสหวาน 15X24's milk milk, 275.00 
16567,นมอัดเม็ดไวท์ฟาร์ม PROBIOTIC รุ่นใหม่ 14 เม็ด 10ซอง, 184.00 
16566,นมอัดเม็ดไวท์ฟาร์ม รสกล้วยหอม รุ่นใหม่ 14 เม็ด 10ซอง, 86.00 
12242,นมอัดเม็ดไวท์ฟาร์ม รสช็อกโกเล๊ต รุ่นใหม่ 14's 10 ซอง, 86.00 
15321,นมอัดเม็ดไวท์ฟาร์ม รสสตรอเบอร์รี่ รุ่นใหม่ 14's 10 ซอง, 86.00 
12240,นมอัดเม็ดไวท์ฟาร์ม รสหวาน รุ่นใหม่ 14 เม็ด 10ซอง, 86.00 
12991,น้ำเกลือล้างแผล 9% 240 ml.วศ, 18.00 
13663,น้ำม้นดอกไม้ขาว 10cc เบอร์ 2, 65.00 
13566,น้ำมัน โบสิสโต นกแก้ว 28 ml., 82.00 
13567,น้ำมัน โบสิสโต นกแก้ว 56 ml., 142.00 
13565,น้ำมัน โบสิสโต นกแก้ว 8.5 ml., 36.75 
13634,น้ำมันกวางลุ้ง เบอร์ 1ขนาดครอบครัว 57 ML(183-), 141.00 
13624,น้ำมันกวางลุ้ง เบอร์ 2 28 ML. 119-ขนาดใหญ่, 93.00 
13625,น้ำมันกวางลุ้ง เบอร์ 3 15 ML. 79- ขนาดกลาง, 63.00 
13627,น้ำมันกวางลุ้ง เบอร์ 5 3 ML. 24- ขนาดกระเป๋า, 19.00 
13654,น้ำมันเขียว สูตรเสลดพังพอนวังพรม 20 มล., 54.00 
14003,น้ำมันเขียวตราแม่มะลิ (ขวดเล็ก)5ml ยกโหล, 198.00 
14004,น้ำมันเขียวตราแม่มะลิ (ขวดใหญ่) 24ml, 60.00 
13662,น้ำมันเขียวเสลดพังพอน แม่กุหลาบ 20 ml ห้าม้า, 77.00 
13667,น้ำมันเขียวเสลดพังพอน แม่กุหลาบ(จิ๋ว) 3มล. ห้าม้า ขายยกโหล, 210.00 
13664,น้ำมันดอกไม้ขาว 20cc เบอร์ 1, 107.00 
13623,น้ำมันดอกไม้ขาว 5cc เบอร์ 3, 42.00 
13631,น้ำมันนกอินทรีย์ No.1/12 ml, 59.00 
13628,น้ำมันนกอินทรีย์ เบอร์ 2/6 ml, 36.00 
13629,น้ำมันนกอินทรีย์ เบอร์ 3 (3 ml), 24.50 
12113,น้ำมันมวยขวด กลาง 60 ml ราคาใหม่ 78-, 61.00 
12112,น้ำมันมวยขวด เล็ก 30 ml. 52-, 38.25 
12114,น้ำมันมวยขวด ใหญ่ 120 ml.119-, 93.00 
12117,น้ำมันมวยขวดจิ๋ว, 17.92 
12111,น้ำมันมวยครีม 100 GM.119-, 74.00 
12110,น้ำมันมวยครีม 30 gm., 32.50 
12116,น้ำมันมวยปอนด์ 450 ml. 325-, 255.00 
12115,น้ำมันมวยสเปรย์ 40 ml., 51.50 
12338,น้ำมันมะกอกหอม โอลิโอ้ 60 มล, 10.50 
13668,น้ำมันยา ตรามาร์วิน 70 gm, 41.00 
13669,น้ำมันยา ตรามาร์วิน สเปรย์ 20 gm, 37.75 
14167,น้ำมันยูคาลิปตัส 28 มล. ตราจิงโจ้ (105-), 69.00 
13575,น้ำมันยูคาลิปตัส สเปรย์ 300 มล. ตราจิงโจ้, 190.00 
15886,น้ำมันหอมแดง baby aroma oil วิทยาศรม 15 ml, 123.00 
13665,น้ำมันเหลืองไพลสด แม่กุหลาบ 20มล. ห้าม้า, 77.00 
13666,น้ำมันเหลืองสูตรไพล แม่กุหลาบ(จิ๋ว) 3 มล. ห้าม้า ขายยกโหล, 210.00 
11186,นีโอไลท์ 25 ซอง กล่องเล็ก, 60.00 
11167,บ๊วยรวมรส EL (LX6), 100.00 
11164,บ่อฮวยคละรส-มะละกอ EL (LX6), 100.00 
11765,ใบมะขามแขกแคปซูล 3x10 แคปซูล KMP, 31.00 
13680,แป้งโยคี 100 กรัม ในรัศมีวงกลม บุญส่ง, 14.75 
13679,แป้งโยคี 60 กรัม ในรัศมีวงกลม บุญส่ง, 10.75 
12552,ผงพิเศษตราร่มชูชีพ 36 ซอง, 348.00 
12396,ผ้าปิดจมูก MAG-D อย่างดี, 45.00 
13823,ผ้าปิดจมูกมีลายเวียตนาม 10 ชิ้น/แพค, 80.00 
16591,ผ้าอ้อมผู้ใหญ่ SA-HI รูปแบบเทป 1000 ml.SIZE L 10 p, 149.00 
16590,ผ้าอ้อมผู้ใหญ่ SA-HI รูปแบบเทป 1000 ml.SIZE M 10 p, 149.00 
16592,ผ้าอ้อมผู้ใหญ่ SA-HI รูปแบบเทป 1000 ml.SIZE XL 10 p, 149.00 
16585,ผ้าอ้อมผู้ใหญ่กางเกงSA-HI รุ่นคลาสสิกซึมซับ700ml.SIZE L 10 p, 160.00 
16584,ผ้าอ้อมผู้ใหญ่กางเกงSA-HI รุ่นคลาสสิกซึมซับ700ml.SIZE M 10 p, 160.00 
16586,ผ้าอ้อมผู้ใหญ่กางเกงSA-HI รุ่นคลาสสิกซึมซับ700ml.SIZE XL10 p, 160.00 
16588,ผ้าอ้อมผู้ใหญ่กางเกงSA-HIรุ่นพรีเมียมซึมซับ900ml.SIZE L 10 p, 216.00 
16587,ผ้าอ้อมผู้ใหญ่กางเกงSA-HIรุ่นพรีเมียมซึมซับ900ml.SIZE M10 p, 216.00 
16589,ผ้าอ้อมผู้ใหญ่กางเกงSA-HIรุ่นพรีเมียมซึมซับ900ml.SIZE XL10 p, 216.00 
12555,พรเป่าคอ (1 กล่องมี 5 โหล) ขายยกโหล, 11.00 
13144,พลาสเตอร์ปิดแผล N1 25 ซอง X 8 แผ่น, 155.00 
13139,พลาสเตอร์พร้อมแผ่นดูดซับ คุณหมอ N2 8X8 cm4 ชื้น, 21.00 
13140,พลาสเตอร์พร้อมแผ่นดูดซับ คุณหมอ N3 6x10cm4 ชื้น, 26.00 
13136,พลาสเตอร์ใสกันน้ำ คุณหมอ K1 30X6 ชิ้น, 345.00 
13138,พลาสเตอร์ใสกันน้ำ คุณหมอ K3 6x10cm2 ชิ้น, 25.75 
13142,พลาสเตอร์ใสกันน้ำ คุณหมอ K4 9x15cm2 ชิ้น, 43.25 
15094,พิมเสนน้ำ โป๊ยเซียน สำลี 32- 8 ML. กระป๋องละ 4 โหล, 645.00 
12498,พิมเสนน้ำ โป๊ยเซียน สำลี 32- 8 ML..ขายยกโหล, 215.00 
16633,พิมเสนน้ำ มีเฮิร์บ หมอมี 1x12x7g, 198.00 
14191,พิมเสนน้ำลูกกลิ้ง เฌอเอม 5 ML. 40- <ขายยกโหล>, 286.00 
14192,พิมเสนน้ำลูกกลิ้ง เฌอเอม 8 ML. 52- <ขายยกโหล>, 366.00 
12499,พิมเสนน้ำลูกกลิ้ง โป๊ยเซียน 5 ML. 42- ขายยกโหล, 25.00 
12500,พิมเสนโป๊ยเซียน ขวดแบน 3ML.ขายยกโหล, 14.67 
14317,ไพรเฮิร์บ ฟ้าทะลายโจรสกัด ชนิดแคปซูล 10 แคป, 38.00 
14272,ฟ้าทะลายโจร 20 mgยันฮี 60 เม็ด ไม่รับเปลี่ยนหรือคืน, 85.00 
14239,ฟ้าทะลายโจร 500 greater 60s, 75.00 
12450,ฟ้าทะลายโจร อ้วยอัน แคปซูล 100's, 57.00 
15806,ฟ้าทะลายโจร อ้วยอัน แคปซูล 10's, 12.50 
16146,ฟ้าทะลายโจรแคปซูล 60 แคปซูล GPO, -   
13584,ฟ้าทะลายโจรเม็ดตราใบห่อ, 14.50 
14213,ฟ้าทะลายโจรสกัด อ้วยอัน แคปซูล 100's, 90.00 
14446,ฟ้าทะลายโจรสกัด ขาวละออ 20 mg แคปซูล 30's, 73.00 
14346,ฟ้าทะลายโจรสกัด อ้วยอัน แคปซูล 20 mg 45's, 132.00 
13853,ฟ้าทะลายโจรสกัด อ้วยอัน แคปซูล 60's, 90.00 
16145,ฟ้าทะลายโจรสกัดแคปซูล 45 แคปซูล GPO ขายขาดไม่รับคืน, -   
14454,ฟ้าทะลายโจรสกัดแคปซูล ANDROXSIL 20 mg.45 แคปซูล KMP, 147.00 
14254,ฟ้าทะลายโจรสกัดแคปซูล ANDROXSIL 60 MG. 3x5 แคปซูล KMP, 147.00 
13868,ฟิลเตอรใส่หน้ากากผ้า (1ซองมี 10 ชิ้น) ขายขาด, 15.00 
13874,ฟิลเตอรใส่หน้ากากผ้า (1แพคมี100ชิ้น)ขายขาด, 150.00 
16233,มวย แผ่นเจลประคบเย็นขนาด 13x5 cm 2'sx 6ซอง, 183.00 
16688,มวยสปองซ์ 40 ml., 52.50 
15143,มวยสเปรย์ pain relief freeze spray 200 ml, 136.50 
16150,มวยสเปรย์ pain relief freeze spray 50 ml, 53.00 
11904,มหาหิงษ์ 30 ML., 12.00 
11903,มหาหิงษ์ 120 ML., 32.00 
11902,มหาหิงษ์ 60 ML., 19.00 
11906,มหาหิงษ์เจล BABY NATURAL GEL 45 GM วศ, 158.00 
11905,มหาหิงษ์ลูกกลิ้ง 60 ML., 28.00 
12452,มะขามแขกอ้วยอัน แคปซูล 100's, 59.00 
11166,มะม่วง ขนาดขวดจัมโบ้ EL (LX6), 100.00 
13696,มาร์แลด-โลชั่น MARLAD LOTION เลขจดแจ้ง73-1-6500026811, 31.00 
16582,เม็ดอมมะขามป้อม อาปาเช่ กลิ่นเชอร์รี่ 25X12'S, 392.00 
13691,เม็ดอมลอร์ซู 5*4 เม็ด, 22.50 
14426,"ไม้เท้าด้ามจับไม้ 30""+9", 400.00 
10787,ไม้พันสำลี SOFTIP ขนาด L 100 ก้าน 10ห่อ=1กล่อง, 14.00 
10786,ไม้พันสำลี SOFTIP ขนาด M 100 ก้าน 10ห่อ=1กล่อง, 13.00 
10785,ไม้พันสำลี SOFTIP ขนาด S 100 ก้าน 10ห่อ=1กล่อง, 12.00 
14569,ยันฮี ESSENCE 30 ml ผิวแลดูเปล่งประกาย ฉ่ำน้ำ, 102.00 
10852,ยันฮี EYE GEL 5 GM, 61.00 
10853,ยันฮี MELA CREAM แก้ฝ้า 20 GM, 88.00 
10851,ยันฮี ครีมแต้มสิว 10 กรัม, 70.00 
14567,ยันฮี เซรั่ม VIT C 20 กรัม ฟื้นฟูสภาพผิวหมองคล้ำ, 88.00 
14568,ยันฮี เซรั่ม VIT E 20 กรัม เพิ่มชุ่มชื้น ลดรอยดำ, 88.00 
10850,ยันฮี ไวท์เทนนิ่งครีม 20 กรัม, 88.00 
13585,ยากวาดตราใบโพธิ์ (14-) ขายยกโหล, 110.50 
11758,ยากวาวเครือขาว 3x10 แคปซูล KMP, 108.00 
13600,ยากษัยเส้นตราเด็กในพานทอง กล่อง ใหม่, 23.00 
13599,ยากษัยเส้นตราเด็กในพานทอง ซอง ใหม่ 10- ขายยกโหล, 6.50 
13549,ยากุมารตรากาไก่ 33-, 24.50 
13550,ยากุมารปิ่นเพชร, 20.00 
15657,ยากุมารแสงชัย ผสมน้ำผึ้ง(ญ) 360cc., 42.50 
15658,ยากุมารแสงชัย ผสมน้ำผึ้ง(ล) 180cc., 23.25 
10805,ยาแก้ไอ ลอร์ซู 100ML., 35.50 
10808,ยาแก้ไอ ไอยราไลท์ สีขาว60 ML., 22.00 
10798,ยาแก้ไอซ่อมป่อยใหม่ กลาง 120 cc, 19.00 
16422,ยาแก้ไอซ่อมป่อยใหม่ เล็ก 60 cc, 11.50 
10799,ยาแก้ไอซ่อมป่อยใหม่ ใหญ่ 240 cc 48-, 37.50 
16627,ยาแก้ไอตราเสือดาว มะขามป้อม 60 ml LMB, 10.00 
11764,ยาแก้ไอตราแอนดร็อกซิลผสมมะขามป้อม KMP 60ML., 24.50 
10800,ยาแก้ไอน้ำดำตรางู 120 ml., 25.00 
14313,ยาแก้ไอน้ำดำตราเสือดาว รสน้ำผึ้งผสมมะนาว เล็ก 60 ml. LMB, 29.50 
16226,ยาแก้ไอน้ำดำตราเสือดาว รสน้ำผึ้งผสมมะนาว120ml.ราคาพิเศษ LMB, 31.50 
10794,ยาแก้ไอน้ำดำตราเสือดาว เล็ก 60 ml. LMB, 16.50 
10795,ยาแก้ไอน้ำดำตราเสือดาว ใหญ่ 120 ml LMB 30-, 21.50 
10788,ยาแก้ไอปี่แปกอ no.3 เล็ก 75 ml., 59.50 
15914,ยาแก้ไอปี่แปกอ 10cc (1x6ซอง), 61.00 
10790,ยาแก้ไอปี่แปกอ no.1 ใหญ่ 300 ML., 141.50 
10789,ยาแก้ไอปี่แปกอ no.2 กลาง 150 ML., 89.00 
10807,ยาแก้ไอมะขามป้อม ไอยรา สีเขียว 60 ML., 19.00 
10812,ยาแก้ไอมะแว้ง ไอยรา จูเนียร์2+ 60 ML., 20.50 
16774,ยาแก้ไอมะแว้ง ไอยรา สีแดง 120 ML., 32.25 
10804,ยาแก้ไอมะแว้ง ไอยรา สีแดง 60 ML., 19.00 
14432,ยาแก้ไอโยคี ศิริ 120 ml. 37-, 16.25 
10797,ยาแก้ไอโยคี ศิริ 60 ml., 11.25 
10803,ยาแก้ไออาปาเช่ 60 มล., 16.50 
10813,ยาแก้ไออาปาเช่ 60 มล.สูตรมะขามป้อม, 16.50 
13609,ยาขมต้มน้ำเต้าทอง, 94.00 
13608,ยาขมตราใบห่อ (25 ซอง), 4.25 
13603,ยาขมตราใบห่อ กล่อง, 278.00 
13605,ยาขมน้ำเต้าทอง ชง, 47.00 
13607,ยาขมน้ำเต้าทอง เม็ด (25 ซอง), 235.00 
13606,ยาขมน้ำเต้าทอง หวานชง (5 ซอง), 47.00 
15168,ยาขมเม็ดตราตะขาบ (1x36 ซอง)ขายยกโหล, 486.00 
11761,ยาขมิ้นชันแคปซูล 450 มก.1x100 แคปซูล KMP, 59.00 
16311,ยาขี้ผึ้งสีชมพู-40 ตราเจ็ดดาว 7S, 260.00 
15293,ยาขี้ผึ้งเหลืองโอสถหมิ่นเพียว 120 gm, 38.50 
15292,ยาขี้ผึ้งเหลืองโอสถหมิ่นเพียว 60 gm, 21.00 
15878,ยาเขียวชนิดเม็ดตราใบห่อ 50 แผงx 16 's, 300.00 
13602,ยาเขียวตราใบโพธิ์ ขายยกโหล, 110.50 
13601,ยาเขียวผงสามฤดู ตราปลาคู่ 6 กรัม 18- ขายยกโหล, 720.00 
13604,ยาเขียวเม็ดสามฤดู ตราปลาคู่ 16เม็ดๆละ0.3 กรัม 18- ขายยกโหล, 720.00 
14645,ยาเขียวเม็ดสามฤดู ตราปลาคู่ สูตรเข้มข้น 10x10's, 315.00 
16410,ยาแคปซูลขมิ้นชัน อภัยภูเบศร 400 มก 1x10's, 12.00 
12978,ยาแคปซูลขมิ้นชัน อภัยภูเบศร 400 มก 60's, 53.00 
11762,ยาแคปซูลเพชรสังฆาต KMP 1x60 แคปซูล, 66.00 
14414,ยาแคปซูลเพชรสังฆาต อภัยภูเบศร 400 มก 70'S, 93.00 
12979,ยาแคปซูลฟ้าทะลายโจร อภัยภูเบศร 400 มก 60'S, 53.00 
14726,ยาแคปซูลฟ้าทะลายโจรสกัด แอนโดรมูน 15 เม็ด (60mg/cap), 147.00 
14372,ยาช้ำใน ตรามือรับเหรียญทอง 30 งs, 54.00 
13673,ยาดม BLACK INHALER PEPPERMINT FIELD, 20.50 
16324,ยาดม BLACK INHALER ROLLER ยาดมลูกกลิ้ง ขายยกแพ็ค, 223.50 
14575,ยาดม PASTEL, 17.50 
13562,ยาดม PEPPERMINT FIELD, 18.00 
16578,ยาดม PEPPERMINT FIELD ไม่มีแผง (1x6x2ซีซี), 106.50 
14012,ยาดม SPEX BPO INHALER, 16.50 
16555,ยาดม ตรา แทนใจ BOOSTER กลิ่นยูคาลิปตัส 5g.(สำลี)คละสี, 29.00 
16232,ยาดม ตรา แทนใจ กลิ่นยูคาลิปตัส 5g.คละสี ทรงกระถาง, 25.00 
14836,ยาดม ตราหงส์ไทย พิมเสนน้ำไทย สีฟ้า 2 หัว < ขายยกโหล >ขายขาด, 282.00 
14837,ยาดม ตราหงส์ไทย สมุนไพรสูตร 1( สีเขียว 2 หัว) < ขายยกโหล >ขา, 282.00 
13561,ยาดมเซียงเพียวอิ๊ว 2 cc, 18.00 
15817,ยาดมตราถ้วยทอง, 13.75 
14806,ยาดมตราถ้วยทองกลิ่นลาเวนเดอร์, 13.75 
14805,ยาดมตราถ้วยทองกลิ่นเลมอน, 13.75 
13576,ยาดมตราไผ่คู่ เขียว บุญส่ง, 355.00 
13229,ยาดมตราเสือ ลูกกลิ้ง, 32.00 
13560,ยาดมท่านเจ้าคุณ กล่องละ 1 โหล ขายยกกล่อง, 180.00 
16741,ยาดมน้ำ เซียงเพียว กลิ่นยูคาลิปตัส 1x6x3ml ลูกกลิ้ง *ยกแพค*, 212.00 
11505,ยาดมน้ำ มีเฮิร์บ หมอมี 1x6x4ml หัวลูกกลิ้ง, 173.00 
16190,ยาดมน้ำมีเฮิร์บ หมอมี 10 ML, 67.00 
16330,ยาดมโป๊ยเซียน 1 ลังมี 960 หลอด( รุ่นใหม่), 14.50 
15206,ยาดมผสมสมุนไพร ตรามังกรทอง ขวดน้ำเงิน ขายขาด 4G., 21.75 
15565,ยาดมผสมสมุนไพร ตราหงส์ไทยสูตร 2 ขายขาด 40GM ลายการ์ตูน< ขายย, 30.00 
15900,ยาดมผสมสมุนไพร ตราหงส์ไทยสูตร1ขายขาด 10 cc (สำลี)ขายขาดยกโหล, 33.00 
15494,ยาดมผสมสมุนไพร ตราหงส์ไทยสูตร1ขายขาด 8 cc 1 oz(สำลี)ขายขาด, 30.00 
11504,ยาดมผสมสมุนไพร ตราหงส์ไทยสูตร2 ขายขาด 10GM ขายยกโหลขายขาด, 30.00 
13577,ยาดมไผ่คู่ ทูเวย์ เขียว-ขาว บุญส่ง, 13.00 
13556,ยาดมพีเป็กซ์, 5.75 
13554,ยาดมส้มโอมือ จรุงจิต ขายยกโหล, 524.00 
13564,ยาดมส้มโอมือ ตำหนักไทย, 31.25 
16480,"ยาดมสมุนไพร BLACK HERBAL INHALER 6 GM,", 36.00 
15730,ยาดมสมุนไพร คุณเปรมา 8g, 28.00 
15642,ยาดมสมุนไพร ตราวังว่าน 8g, 30.00 
14193,ยาดมสมุนไพรตรา เฌอเอม ขนาด 1gm, 15.00 
13580,ยาดองตราหมอเส็งชนิดน้ำ 150 มล. ขายขาดไม่รับคืน, 18.25 
13579,ยาดองเหล้าเสือ 11 ตัว แผ่น 20 GM. 25-ขายยกโหล, 198.00 
13583,ยาดองเหล้าแสงสว่างตราค้างคาว, 6.67 
13551,ยาแดง วิทยาศรม 30 ML., 9.42 
13739,ยาตรีนิสิงเห หมอมี เล็ก 1 ลัง 10 ขวด 300 ml, 77.00 
13740,ยาตรีนิสิงเห หมอมี ใหญ่ -1ลังมี 10 ขวด, 135.00 
16012,ยาตำราหลวง 7 รายการ GPO, 67.00 
13760,ยาถ่าย 123, 465.00 
15330,ยาธาตุ 4 ตรากิเลน 24x180cc .สูตรสมุนไพรไม่มีแอลกอฮอล์, 36.00 
15057,ยาธาตุ 4 ตรากิเลน 24x300cc .สูตรสมุนไพรไม่มีแอลกอฮอล์, 48.50 
15992,ยาธาตุ 4 ตรากิเลน 24X60cc .สูตรสมุนไพรไม่มีแอลกอฮอล์, 15.00 
13767,ยาธาตุน้ำขาว ไทยนคร 200 ML, 47.00 
13769,ยาธาตุน้ำขาว ไทยนคร แบบซอง 24x15 ML, 147.00 
15779,ยาธาตุน้ำขาวกระต่ายบิน 450 ml. ขนาดใหม่, 104.50 
13761,ยาธาตุน้ำขาวกระต่ายบิน เล็ก ราคาใหม่ 27-, 21.75 
13762,ยาธาตุน้ำขาวกระต่ายบิน ใหญ่ ราคาใหม่ 72-, 58.25 
13764,ยาธาตุน้ำแดง วศ เล็ก 42- 300 ml., 28.50 
13765,ยาธาตุน้ำแดง วศ ใหญ่ 55- 500 ml., 37.50 
13676,ยานัตถ์หมอชิต 1 กล่องมี 36 ขวด, 575.00 
13674,ยานัตถ์หมอมี 12 GM. บรรจุ 30 ขวด, 18.00 
13729,ยาน้ำ FLORA 450 ml 229-, 162.00 
13746,ยาน้ำ FLORA 750 ml ขวดใหญ่, 216.00 
12447,ยาน้ำแก้หวัดเด็กมิสเตอร์เฮิร์บ อ้วยอัน 60 ML, 35.00 
16188,ยาน้ำแก้ไอ สมุนไพรหมอมี 60 cc, 25.00 
12708,ยาน้ำแก้ไอเด็กมิสเตอร์เฮิร์บ อ้วยอัน 60 ML, 20.00 
12707,ยาน้ำแก้ไอผสมมะขามป้อม อ้วยอัน 60 ML, 25.00 
12453,ยาน้ำแก้ไอมะแว้ง อ้วยอัน 60 ML, 24.50 
14752,ยาน้ำแก้ไอมะแว้ง+เอี๊ยะปอห่อ 120cc.(3T), 85.75 
14753,ยาน้ำแก้ไอมะแว้ง+เอี๊ยะปอห่อ 60cc.(3T), 51.00 
14968,ยาน้ำแก้ไอลีไฮ 2 100 ml., 56.00 
11747,ยาน้ำเขากุย ใหญ่ ห้างขายยาเอาร์อาร์ ราคาใหม่ 45-, 38.50 
13582,ยาน้ำดองเหล้าเสือ 11 ตัว สูตร 2 ผสมโสมเกาหลี, 34.50 
15643,ยาน้ำมัน ตราวังว่าน 22cc, 95.00 
16462,ยาน้ำมัน ตราวังว่าน 30cc, 81.00 
15644,ยาน้ำมัน ตราวังว่าน 3cc, 21.00 
15645,ยาน้ำมัน ตราวังว่าน ลูกกลิ้ง 8cc, 40.00 
15646,ยาน้ำมัน ตราวังว่าน สเปรย์ 60cc, 140.00 
14043,ยาน้ำมันเลียงผา บรรเทาปวดเมื่อย 20 ml แม่กุหลาบ, 77.00 
16607,ยาน้ำมันสมุนไพร ตรากุ้งคู่, 99.00 
13715,ยาน้ำว่านชักมดลูก ตราหมอเส็ง 450 ml., 410.00 
13714,ยาน้ำว่านชักมดลูก ตราหมอเส็ง 750 ml., 710.00 
13756,ยาน้ำว่านชักมดลูก โบว์แดง 750 ml 399-, 227.25 
13732,ยาน้ำว่านชักมดลูกจอมใจเล็ก 300 ML. 209-, 153.00 
13731,ยาน้ำว่านชักมดลูกจอมใจใหญ่ 429-, 305.00 
13737,ยาน้ำว่านชักมดลูกหมอเส็งสีฟ้า 100 ML. ขายยกแพคไม่รับเปลี่ยน, 31.00 
13707,ยาน้ำสตรีเบนโล เล็ก 180 ML. ราคาใหม่ 34-, 29.00 
13700,ยาน้ำสตรีเบนโล ใหญ่ 280 ML.ราคาใหม่ 42-, 35.50 
13701,ยาน้ำสตรีเพ็ญภาค เล็ก 180 ML 35-, 28.00 
13702,ยาน้ำสตรีเพ็ญภาค ใหญ่ 300 ML 48-, 38.75 
13725,ยาน้ำสตรีหมอเส็ง 750 ML. 185-, 127.00 
13753,ยาน้ำสมุนไพรผสมว่านชักมดลูกกาโน่ 500 ML., 159.00 
13742,ยาน้ำสมุนไพรผสมว่านชักมดลูกหมอเส็ง 777 ขายขาดไม่รับคืน, 400.00 
11768,ยาบรรเทาริดสีดวงทวาร KMP 4x10'S, 107.00 
13578,ยาบำรุงร่างกาย เสือ 11 ตัว, 17.00 
15729,ยาบำรุงร่างกายตราพญานาค 100cc., 16.50 
13738,ยาบำรุงร่างกายตราพญานาค 150cc., 19.75 
16679,ยาบำรุงร่างกายเวชพงศ์โอสถ แพคละ 6 ขวด, 26.00 
12954,ยาบำรุงร่างกายหมอเส็ง กลิ่นผลไม้รวม, 40.00 
16189,ยาปัถวี หมอมี สูตร 2 บรรเทาปวดเมื่อย 25 ml, 67.00 
16605,ยาเป่าคอซานจินซีกวาซวน (ยาเป่าคอแตงโม), 95.00 
13677,ยาแป้งโยคี 60 กรัม SRB, 13.50 
13678,ยาผงโยคี 60 กรัม, 16.00 
13733,ยาเม็ดว่านชักมดลูกจอมใจ 30 CAPSULE 195-, 155.00 
11549,ยารักษาหิดเหาเบนซิลเบนโซเอตตราเสือดาว 30 ml., 144.00 
13698,ยาริดสีดวงตราปลามังกร, 60.00 
13699,ยาริดสีดวงทวาร สามก๊ก 150 'S 85-, 47.00 
13757,ยาว่านชักมดลูก โบว์แดง 30 แคปซูล สูตร1, 102.00 
13710,ยาสตรีจอมทอง ใหญ่ 300 ml, 41.00 
13709,ยาสตรีนิสิงเห จอมทอง เล็ก 54- 300 ml, 44.25 
13708,ยาสตรีนิสิงเห จอมทอง ใหญ่ 105-, 82.00 
13720,ยาสตรีบัวแก้ว แคปซูล, 61.50 
13718,ยาสตรีบัวแก้วน้ำ, 29.00 
13734,ยาสตรีเพ็ญภาค แคปซูล 95-, 65.50 
13735,ยาสตรีเพ็ญภาค สูตร 2 180 ML. 39-, 30.25 
13962,ยาสตรีเล่งคุณ สำหรับหลังคลอดบุตร สูตร2 500 ml สีฟ้า, 133.00 
13963,ยาสตรีเล่งคุณ สูตร2 ผสมกวาวเครือขาว 250 ml สีทอง, 43.50 
14044,ยาสตรีเล่งคุณ สูตรผสมโสม500 ml ชมพู, 64.50 
11501,ยาสีฟันตลับ กรีนเฮิร์บ 25 กรัม 1X12, 27.00 
13272,ยาสีฟันวิเศษนิยม 1X10, 105.00 
15148,ยาสีฟันสมุนไพรดอกบัวคู่ สูตรดั้งเดิม 100 กรัม, 34.00 
15149,ยาสีฟันสมุนไพรดอกบัวคู่ สูตรดั้งเดิม 150 กรัม, 45.00 
13830,ยาสีฟันสมุนไพรเดนต้าเมท DENTA MATE 100 GM, 122.00 
13832,ยาสีฟันสมุนไพรเดนต้าเมท DENTA MATE 18 GM, 30.00 
13831,ยาสีฟันสมุนไพรเดนต้าเมท DENTA MATE 40 GM, 56.00 
13273,ยาสีฟันสมุนไพรเทพไทย รสดั้งเดิม 30 กรัม, 46.00 
13274,ยาสีฟันสมุนไพรเทพไทย รสดั้งเดิม 70 กรัม, 80.50 
13275,ยาสีฟันสมุนไพรเทพไทย รสมิกซ์ฟรุ๊ต 30 กรัม, 46.00 
13276,ยาสีฟันสมุนไพรเทพไทย รสมิกซ์ฟรุ๊ต 70 กรัม, 80.50 
13277,ยาสีฟันสมุนไพรเทพไทย รสสเปียร์มิ้นท์ 30 กรัม, 46.00 
13278,ยาสีฟันสมุนไพรเทพไทย รสสเปียร์มิ้นท์ 70 กรัม, 80.50 
15414,ยาสีฟันสมุนไพรสูตรเซนซิทีฟ รสดั้งเดิม 70g.(เทพไทย), 89.50 
15415,ยาสีฟันสมุนไพรสูตรเซนซิทีฟ รสสเปียร์มิ้นท์ 70g.(เทพไทย), 89.50 
13632,ยาหม่อง 5 เจดีย์ขาวตลับใหญ่ ขายยกโหล, 153.00 
16367,ยาหม่อง PEPPERMINT FIELD GEL 8 GM, 35.50 
16368,ยาหม่อง PEPPERMINT FIELD GEL GREEN TEA 8 GM, 35.50 
15647,ยาหม่อง ตราวังว่าน 100g, 170.00 
15648,ยาหม่อง ตราวังว่าน 30g, 73.00 
15649,ยาหม่อง ตราวังว่าน 50g, 105.00 
15650,ยาหม่อง ตราวังว่าน 8g, 25.00 
15812,ยาหม่องกลิ่นตะไตร้ แม่กุหลาบ 5 g ห้าม้า, 162.00 
13633,ยาหม่องเซียงเพียวอิ๊ว 12 gm. สีขาว, 22.75 
13636,ยาหม่องเซียงเพียวอิ๊ว 12 gm. สีแดง, 22.50 
13643,ยาหม่องเซียงเพียวอิ๊ว 40 GM. - สีขาว, 59.75 
16229,ยาหม่องเซียงเพียวอิ๊ว 40 GM. - สีแดง, 59.75 
16613,ยาหม่องตราถ้วยทอง 2493 ชนิดแท่ง 5 gm., 25.00 
13616,ยาหม่องตราถ้วยทอง กลาง 4gm..ขายยกโหล, 130.00 
13618,ยาหม่องตราถ้วยทอง ขวด 12gm., 22.50 
13626,ยาหม่องตราถ้วยทอง ขวด 50 gm ., 73.33 
13615,ยาหม่องตราถ้วยทอง เล็ก 2gm.ขายยกโหล, 65.00 
13617,ยาหม่องตราถ้วยทอง ใหญ่ 8gm..ขายยกโหล, 216.00 
10009,ยาหม่องตราโพธิ์หยก 15 กรัม (3 ขวด), 70.00 
13647,ยาหม่องตราโพธิ์หยก 20 กรัม 1X6, 160.00 
13642,ยาหม่องตราโพธิ์หยก 50 GM. 1 แพคมี 3 ขวดแถม 15 gm 1 ขวด, 180.00 
13611,ยาหม่องตราลิง 2 gm เล็ก 8-.ขายยกโหล, 5.42 
13612,ยาหม่องตราลิง 4 gm กลาง 16- .ขายยกโหล, 10.83 
13613,ยาหม่องตราลิง 8 gm ใหญ่ 26- .ขายยกโหล, 18.00 
13614,ยาหม่องตราลิง ขวด 33- 12gm, 22.50 
13630,ยาหม่องตราลิง ขวดพิเศษ 18 GM 45-, 390.00 
14696,ยาหม่องตราหงษ์ฟ้า 25 gm, 70.50 
13639,ยาหม่องถ้วยทองขวดใหญ่พิเศษ 22gm., 39.17 
13645,ยาหม่องน้ำ ถ้วยทองขวด 3 ml., 17.00 
13644,ยาหม่องน้ำ ถ้วยทองขวด 7 ml., 30.50 
14832,ยาหม่องน้ำ ถ้วยทองขวดลูกกลิ้ง 7 ml., 33.50 
14833,ยาหม่องน้ำ ถ้วยทองขวดสเปรย์ 25 ml., 81.00 
13620,ยาหม่องน้ำเซียงเพียวอิ๊ว สูตร1 แดงกลาง 7 ml., 38.00 
13619,ยาหม่องน้ำเซียงเพียวอิ๊ว สูตร1 แดงเล็ก 3 ml., 20.00 
13621,ยาหม่องน้ำเซียงเพียวอิ๊ว สูตร1 แดงใหญ่ 25 ml, 103.00 
13638,ยาหม่องน้ำเซียงเพียวอิ๊ว สูตร2 ขาว กลาง 7 ml., 38.00 
13637,ยาหม่องน้ำเซียงเพียวอิ๊ว สูตร2 ขาว เล็ก 3 ml., 20.00 
16657,ยาหม่องน้ำเซียงเพียวอิ๊วลูกกลิ้ง สูตร 1 ไม่มีแผง(6x5cc), 186.00 
16740,ยาหม่องน้ำเซียงเพียวอิ๊วลูกกลิ้ง สูตร 1 3 MLมีแผง(6 ขวด1แพค), 25.00 
13646,ยาหม่องน้ำเซียงเพียวอิ๊วลูกกลิ้ง สูตร 1 5 MLมีแผง(6 ขวด1แพค), 33.50 
16325,ยาหม่องน้ำเซียงเพียวอิ๊วลูกกลิ้ง สูตร 2 /5 ML1 แพค6 ขวด, 33.50 
13574,ยาหม่องผสมพญายอ ตราโป๊ยเซียน 22 gm 6 ขวด=1แพค, 168.00 
11499,ยาหม่องโพธิ์ทอง 15 กรัม 1X6, 17.25 
11500,ยาหม่องโพธิ์ทอง 50 กรัม 1X6, 48.00 
13660,ยาหม่องไพล วังพรม 100 gm สีเหลือง, 101.00 
13653,ยาหม่องไพล วังพรม 20 กรัม สีเหลือง, 31.50 
13651,ยาหม่องไพล วังพรม 50 gm สีเหลือง, 55.00 
13671,ยาหม่องไพลพังพอน วังพรม 5 gm, 12.50 
14950,ยาหม่องไพลสดกรีนเฮิร์บ 50 กรัม 1X6, 48.00 
10013,ยาหม่องสมุนไพร THONG TIGER 50 กรัม (4 ขวด) ปรับราคา, 350.00 
14698,ยาหม่องสมุนไพรกลิ่นดอกโมก ตรา 8 ทิศ วังพรม 50 gm, 33.00 
15295,ยาหม่องสมุนไพรผสมเสลดพังพอน 120 gm, 44.00 
15294,ยาหม่องสมุนไพรผสมเสลดพังพอน 60 gm, 24.00 
14946,ยาหม่องสูตร 1 (ร้อนเย็น) ตราหงส์ไทยหัวปั๊ม 20 ซีซี., 85.00 
15653,ยาหม่องเสลดพังพอน แม่กุหลาบ 5 g ห้าม้า, 160.00 
13659,ยาหม่องเสลดพังพอน วังพรม 100 gm สีเขียว, 100.00 
13652,ยาหม่องเสลดพังพอน วังพรม 20 กรัม สีเขียว, 31.50 
13670,ยาหม่องเสลดพังพอน วังพรม 5 gm สีเขียว, 12.50 
13650,ยาหม่องเสลดพังพอน วังพรม 50 gm สีเขียว, 55.00 
11497,ยาหม่องเสลดพังพอนกรีนเฮิร์บ 10 กรัม 1X12, 11.75 
11502,ยาหม่องเสลดพังพอนกรีนเฮิร์บ 20 กรัม 1X12, 22.00 
11498,ยาหม่องเสลดพังพอนกรีนเฮิร์บ 50 กรัม 1X6, 48.00 
15813,ยาหม่องเอ็นยืด แม่กุหลาบ 5 g ห้าม้า, 162.00 
15651,ยาหม่องแอลพี ตราวังว่าน 50g สีน้ำตาล, 105.00 
14377,"ยาหม่องโอสถตรา 5 ม้า ขนาด 200 gm,", 73.00 
13594,ยาหอม 5 เจดีย์ No.1 38- ขายยกโหล, 295.00 
13595,ยาหอม 5 เจดีย์ No.2 ขายยกโหล 20-, 126.00 
13596,ยาหอม 5 เจดีย์ ซอง, 1.90 
13598,ยาหอมแก้ลม ตราหมอเส็ง 100 มล., 28.00 
13588,ยาหอมเด็กในพานทอง กลาง บุญส่ง, 16.67 
13587,ยาหอมเด็กในพานทอง ขวดพิเศษ บุญส่ง, 26.50 
13590,ยาหอมตราฤาษีทรงม้า No.1 //15 gm. 30-, 17.00 
13591,ยาหอมตราฤาษีทรงม้า No.2 //10 gm., 15.00 
13592,ยาหอมตราฤาษีทรงม้า ซอง, 38.00 
13593,ยาหอมตราฤาษีทรงม้า พิเศษ - ใหม่, 23.00 
13597,ยาหอมเทพจิตร ตราห้าม้า/แพ็ค(24) ขายยกแพค, 379.00 
16678,ยาหอมเม็ดเวชพงศ์โอสถ 12 ซอง( 50 เม็ด), 168.00 
11757,ยาเห็ดหลินจือสกัด 1x100 แคปซูล KMP, 273.00 
13689,ยาอมกำกิกเผี่ยง 20'S, 37.50 
13687,ยาอมแก้ไอตราตะขาบ 5 ตัว 60 ซอง, 153.00 
13693,ยาอมแก้ไอตราตะขาบ 5 ตัว ตลับ 70 เม็ด, 306.00 
14686,ยาอมแก้ไอตรีผลา ตราไอยรา กล่องละ 10 ซอง, 148.00 
15001,ยาอมแก้ไอผสมมะขามป้อม ตราอภัยภูเบศร 40's1ห่อมี10ซองขายยกห, 81.60 
16606,ยาอมซานจินซีกวาซวน (ยาอมแตงโม), 54.00 
14674,ยาอมเซนฮามี่ 12x20'S, 34.25 
16078,ยาอมผสมกิกเก้ ตราไทรทอง 20'S, 19.60 
11763,ยาอมผสมมะแว้ง KMP (รสบ้วย)20x20's, 108.00 
13690,ยาอมมะแว้งแก้ไอ ธงทอง บ๊วย 20X20'S, 130.00 
13684,ยาอมมะแว้งแก้ไอ ธงทอง มะนาว 20X20'S, 130.00 
13686,ยาอมมะแว้งแก้ไอ องค์การ 20X20'S, 140.00 
13688,ยาอมมะแว้งแก้ไอ องค์การ รสบ๊วย 20X20'S, 155.00 
13683,ยาอมมะแว้งแก้ไอ ไอยรา รสบ๊วย 20X15'S, 335.00 
12449,ยาอมมังกรทอง อ้วยอัน บ้วย 1 แพค18 หลอด, 129.00 
12448,ยาอมมังกรทอง อ้วยอัน มะนาว 1 แพค18 หลอด, 129.00 
12445,ยาอมมังกรทอง อ้วยอัน ส้ม 1 แพค18 หลอด, 129.00 
13685,ยาอมสมุนไพร 18 หลอด/ถาด, 140.00 
16481,ยาอมสมุนไพรเซียงเพียว กล่องละ 24x30's, 340.00 
13558,ยูคาลิปตัส วศ 30 ML., 50.83 
13557,ยูคาลิปตัส วศ 15 ML., 33.92 
12425,รถเข็น ล้อซี่/เบรคมือ/ลายสก้อต(KL-002)," 2,400.00 "
14051,รถเข็นถัง Oxygen ทางการแพทย์ 6 Q," 2,900.00 "
14535,รถเข็นผู้ป่วยล้อซี่ อลูมิเนียมเอ็กซ์เตอร์ X1S น้ำหนักเบา," 8,000.00 "
12709,ระดมพล 2 โหล/ลัง ขายขาดไม่รับคืน, 45.00 
11888,ลูกเจี๊ยบ อย่างดี -ขายยกโหล, 405.00 
11169,ลูกท้ออบแห้ง EL (LX6), 100.00 
14154,ลูกประคบ สมุนไพรไทย ตรา พนาพัฒน์ (135 กรัม), 48.00 
11168,ลูกพรุน EL (LX6), 100.00 
10809,ลูกอมตราลูกกตัญญู 20 กรัมรสดั้งเดิม( แปกอ) 24 ซอง, 25.00 
10810,ลูกอมตราลูกกตัญญู 20 กรัมรสบ๊วยยูมิ (แปกอ), 20.00 
10811,ลูกอมตราลูกกตัญญู 20 กรัมรสส้ม-มะนาว (แปกอ), 20.00 
16635,ลูกอมตราเสือดาว รสน้ำผึ้งมะนาว 1x12ซอง, 175.00 
11165,เลมอนคละรส EL (LX6), 100.00 
12246,ไวท์ฟาร์ม CHOC BALL 1กล่องมี12ซอง, 130.00 
16333,ศรีจันทร์ Luminescence Fabulous UV Shield 15 ml, 75.00 
16334,ศรีจันทร์ Luminescence Fabulous UV Shield 40 ml, 155.00 
16331,ศรีจันทร์ SUNLUTION SUNSCREEN สูตร ACNE 40 ml, 155.00 
16332,ศรีจันทร์ SUNLUTION SUNSCREEN สูตร ACNE 15 ml, 75.00 
16598,สติ๊กเกอร์หัวหอม HAPPY NOZ 6 PCS เหลือง (ขายขาด), 61.00 
14321,สติ๊กเกอร์หัวหอม HAPPY NOZ 6 PCS เขียว(ขายขาด), 61.00 
12983,สติ๊กเกอร์หัวหอม HAPPY NOZ 6 PCS ฟ้า (ขายขาด), 61.00 
14320,สติ๊กเกอร์หัวหอม HAPPY NOZ 6 PCSส้ม(ขายขาด), 61.00 
16265,สติ๊กเกอร์หัวหอม HAPPY NOZ 6 PCS KUROMI (ขายขาดไม่รับคืน), 61.00 
12980,สติ๊กเกอร์หัวหอม HAPPY NOZ 6 PCS ม่วง (ขายขาดไม่รับคืน), 61.00 
15847,สติ๊กเกอร์หัวหอม HAPPY NOZ 6 PCS หมูเด้ง (ขายขาดไม่รับคืน), 63.00 
15933,สติ๊กเกอร์หัวหอม HAPPY NOZ KIDS 6 PCS KITTY (ขายขาด), 61.00 
15917,สติ๊กเกอร์หัวหอม Umbili good day 10 ชิ้น, 57.00 
15918,สติ๊กเกอร์หัวหอม Umbili good night 10 ชิ้น, 57.00 
13572,สเปรย์ CITUS โบสิสโต 75 ml. natural room, 92.00 
15285,สเปรย์ ฉุน ฉุน Chun chun aromatherapy room spray, 95.00 
13570,สเปรย์ น้ำมัน โบสิสโต 11 ml., 45.50 
13569,สเปรย์ โบสิสโต นกแก้ว 300 ml., 210.00 
14305,สเปรย์ โบสิสโต นกแก้ว 300 ml. แพคคู่ แถม 75 ml 1 ขวด, 420.00 
13568,สเปรย์ โบสิสโต นกแก้ว150 ml. 175-, 131.00 
14373,สเปรย์แก้ไอตราตะขาบ, 83.50 
16681,สเปรย์ยาน้ำมันนวดผสมไพล วังพรม สูตรเย็น 30 ml, 70.50 
16682,สเปรย์ยาน้ำมันนวดผสมไพล วังพรม สูตรร้อน 30 ml, 58.50 
12790,สไปรูเมท ( สาหร่ายสไปรูลิน่า ) ASB, 190.00 
13661,สมถวิล (อั้งกี้) น้ำมันเหลือง (ตราต้นโพธิ์) 24 ml., 86.00 
13672,สมถวิล ลูกกลิ้ง 8 ml น้ำมันเหลือง (ตราต้นโพธิ์), 63.00 
12987,สมุนไพรรากสามสิบ วี-กี๊ฟ V-GIFF 60 แคปซูล, 295.00 
13741,สมุนไพรสกัดเลดิน่า แคปซูล 20 เม็ด, 81.00 
13968,สามก๊ก ดราฟท์ 500 มก. 30แคปซูล, 160.00 
13897,สายเกี่ยวหน้ากากอนามัย, 18.00 
14259,สารสกัดกระชาย KMP 30 CAP, 166.00 
11769,สารสกัดถั่งเช่าและเห็ดหลินจือ 12x2cap KMP, 785.00 
14261,สารสกัดฟ้าทะลายโจร VITALKLARES 10X10'S, 425.00 
13538,สาหร่ายเกลียวทอง เวลเกท 100 เม็ด maxxlife GD1, 295.00 
13537,สาหร่ายเกลียวทอง + VIT C เวลเกท 100 เม็ด maxxlife, 295.00 
12789,สาหร่ายเกลียวทอง AP 100'S 500 MG., 275.00 
10779,สำลีก้านขนาดใหญ่ 6 นิ้ว KARISMA, 39.00 
13867,หน้ากากผ้ามัชลินคละแบบ 3ชั้นใส่ฟิลเตอรได้ ขายขาด, 21.75 
12429,หมวกคลุมผมพับเป็นตัวหนอน ขาว 100ชิ้น/ห่อ, 105.00 
12428,หมวกคลุมผมพับเป็นตัวหนอน เขียว 100ชิ้น/ห่อ อย่างหนา canton, 160.00 
14526,หมวกคลุมผมพับเป็นตัวหนอน สีฟ้า 100ชิ้น/ห่อ อย่างบาง longmed, 65.00 
11664,เห็ดหลินจือแดง 30's +ฟรี 1 ดอก(หั่นแล้ว), 690.00 
15117,อุทัยทิพย์ 15 ML. โฉมใหม่, 34.00 
14545,แอมโมเนียหอม 30 ml., 153.00 
15412,โอเค เฮอเบิล ยาสีฟันสมุนไพรเข้มข้น รสดับเบิลมิ้นท์ 70g., 78.50 
15413,โอเค เฮอเบิล ยาสีฟันสมุนไพรเข้มข้น รสแตงโม 70g., 78.50 
14396,ีDUOOCLAM TAB 10X10'S, -   
14185,ืNEOCA C 1000 MG 60'S, 250.00 
