รหัสสินค้า,ชื่อสินค้า,ราคา
-,GKK24 (1x4's) ตราเกร็กคู **แพ็คเกจใหม่,205.00
-,OLMETEC 20 (3x10's) **แพ็คเกจใหม่,589.00
-,DIFAZT CREAM 30g,28.00
-,ยาดม VAPEX 2ml (60หลอด/กล่อง),19.50
-,VAPEX HR 5ml (6ขวด/แพ็ค) **แพ็คเกจใหม่,29.00
-,ZAMBUK 8g (12ตลับ/กล่อง) เล็ก **แพ็คเกจใหม่,23.00
-,GOOD MAGNE CARE (60's),225.00
-,GOOD MULTI C+ZINC (30's),140.00
-,GOOD CALLA PLUS (30's),185.00
-,GOOD BALANCE (3x10's),185.00
-,GOOD MULTI B PLUS GABA (3x10's),185.00
-,GOOD ZEEP (3x10's),185.00
-,GOOD LUTINA PLUS (3x10's),185.00
-,NUHAIR 5 30ml,280.00
-,NUHAIR 5 60ml,490.00
-,ANTACIL PLUS (50x10's),813.00
-,ยาคุม DERAREZ (21's),229.00
-,VENUZ ONE ยาคุมฉุกเฉินเม็ดเดี่ยว (1x10x1's),12.50
-,DENTISTE แปรงลิ้น,58.00
-,KLEARLY PROBIOTIC 75g (กล่อง25ซอง),240.00
-,EAZI EASING 10g,45.00
-,แพ็คคู่ BLACKMORES BIOTIN H+ (2x60's),940.00
-,DIFFLAM 1.5MG CHILDREN SPRAY 30ml เด็ก,217.00
-,EDARBYCLOR 40/12.5mg (2x14's),785.00
-,แปรงสีฟัน TOTALCARE TOOTHBRUSH,48.00
-,DENTALPRO ไหมขัดฟันพร้อมด้ามจับ (50ชิ้น/แพ็ค),47.00
-,DENTALPRO FLOSS 30m ไหมขัดฟัน,58.00
-,SWISSE MAGNESIUM GLYCINATE (60's),515.00
-,SWISSE L-THEANINE G'NIGHT (50's),735.00
-,"SWISSE VIT-C 1,000 EFFERVESCENT (20's)",253.00
-,SWISSE COLLAGEN GOLD (60's),520.00
-,RHINOCET TABLET (1x10's),82.00
-,NEUROBION (6x10's),265.00
-,MONKAST-5 (2x14's),126.00
-,METFOR 850 (10x10's),79.00
-,METFOR 500 (10x10's),48.00
-,MCXY KLEAR (10x20ml) น้ำเกลือล้างจมูก,52.00
-,MCXY KLEAR (5x20ml) น้ำเกลือ ล้างจมูก,38.00
-,AMSEL MAGNESIUM BISGLYCINATE PLUS (30's),200.00
-,HANDY HERB JELLY KIDS DHA 30g (12ซอง/กล่อง),230.00
-,HANDY HERB JELLY KIDS FIBER 30g (12ซอง/กล่อง),230.00
-,HANDY HERB JELLY KIDS VIT-C 30g (12ซอง/กล่อง),230.00
-,HANDY HERB JELLY KIDS CALCIUM 30g (12ซอง/กล่อง),230.00
-,HANDY HERB G'NITE EXTRA GUMMY 24g (6ซอง/กล่อง),248.00
-,HANDY HERB FIBER GUMMY มะขาม 22g (6ซอง/กล่อง),170.00
-,HANDY HERB FIBER GUMMY APPLE CIDER 22g (6ซอง/กล่อง),170.00
-,HANDY HERB G'NITE COLLAGEN GUMMY 24g (6ซอง/กล่อง),170.00
-,LA ROCHE-POSAY HYALU B5 SERUM 30 ml,1080.00
-,CETAPHIL CLEANSER 236ml,282.00
-,สเปรย์แก้ไอตราตะขาบ 5 ตัว 20ml *ขายขาด,84.00
-,สามก๊ก ริดสีดวงทวารหนัก,54.00
-,FLEMING 1000mg (10x10's),755.00
-,MYOPAS (100x10's) ขาวหมอน แผงทึบ,435.00
-,ยาคุม NEXTSTELLIS (28's) OLIC,450.00
-,EUCERIN HYALURON MOIST MIST SPRAY 50ml,170.00
-,EUCERIN HYALURON (3X) FILLER EYE CARE 15ml,1270.00
-,EUCERIN HYALURON (3X) FILLER MOIST SERUM 30ml,1040.00
-,EUCERIN HYALURON (3X) FILLER NIGHT CREAM 20ml,850.00
-,EUCERIN HYALURON (3X) FILLER NIGHT CREAM 50ml,1530.00
-,EUCERIN HYALURON (3X) FILLER DAY CREAM 50ml,1454.00
-,EUCERIN DERMOPURE CLINICAL SOS SERUM 40ml,760.00
-,EUCERIN DERMOPURE CLINICAL MAT FLUID 40ml,765.00
-,EUCERIN DERMOPURE CLINICAL PEELING 10 40ml,845.00
-,EUCERIN DERMOPURE CLINICAL CORRECTING GEL to FOAM 400ml,990.00
-,MSP MIRACLE ZINCCAP PLUS (3x10's),135.00
-,MSP MIRACLE BIOTIN PLUS (4x15's),297.00
-,MSP FISH OIL 1000 (3x10's),140.00
-,MSP VITAMIN C 1000 TRIPLE C PLUS (2x15's),148.00
-,MSP MIRACLE COCONUT OIL (3x10's),165.00
-,MSP MIRACLE LUTEIN PLUS (2x15's),215.00
-,MSP BILOBA PLUS (3x10's),136.00
-,MSP GARLIC OIL PLUS (4x15's),162.00
-,MSP MIRACLE CALCIUM L-THREONATE PLUS (3x10's),247.00
-,MSP FLAX SEED OIL PLUS (3x10's),247.00
-,MSP BLACK SESAME OIL 1000 (3x10's),255.00
-,MSP MAGNESIUM 5 FORMS (3x10's),247.00
-,MSP M -X PLUS (1x10's),170.00
-,MSP ASTAXANTHIN 6mg (2x15's),330.00
-,MSP PRIMROSE OIL 1000 (3x10's),144.00
-,น้ำมันเหลือง สมถวิล (อั้งกี้) 24ml ต้นโพธิ์ *ขายขาด,86.00
-,BALISA (1x10),72.00
-,MONUROL 3g,375.00
-,FOTAGEL SUSPENSION (20x20ml),425.00
-,NIZORAL SHAMPOO 100ml,193.00
-,STUD 100 SPRAY 12g,266.00
-,ACC SANDOZ 600mg (1x10's) ผู้ใหญ่ *ห้างแจ้งของขาด,132.00
-,ACC SANDOZ 200mg (1x20's) เด็ก,147.00
-,VIT-D DROP ชนิดหยด 15ml,49.00
-,SERC 24mg (1x20's),226.00
-,NIZORAL SHAMPOO 200ml,344.00
-,UNISIA 8/5 (3x10's),730.00
-,NORGESIC (2x10's),57.00
-,NIZORAL SHAMPOO 50ml,113.00
-,CEMOL ชนิดแผง (50x10's) เม็ดขาวยาว,110.00
-,BAKAMOL SYRUP 60ml,30.00
-,ยาคุม DIANE-35 (21's),161.00
-,TALAFIL-20 (1x4's),1090.00
-,*โปร May2* จิ่วเจิ้งปู่เซินเจียวหนัง เอสวัน (1x6's),169.00
-,TIGERPLAST WATERPROOF คละขนาด (8ชิ้น),34.00
-,PROPOLIZ CANDY POP น้ำผึ้งมะนาว (10ชิ้น/กล่อง),135.00
-,DENTISTE MOUTH SPRAY ZINC 10ml,77.00
-,SME TELOLIFE (60's),800.00
-,BIO SMOOTH C 600mg (15's) เม็ดอม,65.00
-,SMOOTH BIO C CHEWABLE 1000mg (14เม็ด/กล่อง),146.00
-,BEROCCA IMMU D+ (15's) รสส้ม,147.00
-,SUPRALIP NT 145mg (3x10's),599.00
-,BLACKMORE JOIN PLUS UC II (30's) เม็ดเคี้ยว รสส้ม,478.00
-,PROVAMED VITAMIN E FACIAL CREAM 50ml,124.00
-,HIRUSCAR ULTRA SCAR CARE GEL 20g ขาว-เหลือง,388.00
-,OPHTOCIN EYEDROP 5ml,80.00
-,ALQUABUMIN โปรตีนไข่ขาวผง 400g,480.00
-,ATORVASTATIN GmbH 10mg (3x10's) SANDOZ,500.00
-,TIMAZOL (10x10's) *ห้างขายขาด,95.00
-,BETNOVATE SCALP 30ml,159.00
-,EUCERIN HYALURON RADIANCE-LIFT FILLER BOOSTING ESSENCE 100ml,1495.00
-,FIT POSTBIOTIC SHOT (10ซองx2g),289.00
-,CETAPHIL SA LOTION 236ml,339.00
-,CETAPHIL SA CLEANSER 473ml,430.00
-,CETAPHIL SA CLEANSER 236ml,310.00
-,TOTRAL กระต่ายบิน (20ซองx30ml),524.00
-,CETAPHIL MOISTURIZING LOTION 118ml,198.00
-,PREGABALIN 75mg (8x7's) SANDOZ,1025.00
-,FICEF (1x10's),130.00
-,CETAPHIL CLEANSER 500ml (แถม MOIST LOTION 59ml) **XX,438.00
-,CERAVE BLEMISH CONTROL CLEANSER 473ml,529.00
-,VICHY LIFTACTIV COLLAGEN 16 EYE CARE 15ml,1465.00
-,VICHY LIFTACTIV COLLAGEN 16 SERUM 30ml,1465.00
-,VICHY LIFTACTIV COLLAGEN 16 NIGHT 50ml,1350.00
-,VICHY LIFTACTIV COLLAGEN 16 DAY 50ml,1350.00
-,ATORVASTATIN GmbH 20mg (3x10's) SANDOZ,690.00
-,MYKODERM 75g,118.00
-,STELLA BODY SPRAY PLUS 60ml (ชื่อเดิม REGIN SPRAY),58.00
-,MADIPLOT 10mg (10x10's),1025.00
-,AEROTIDE EVOHALER 25/125 120doses (สูตร Seretide),227.00
-,MAXXLIFE VITA U PLUS (3x10's),755.00
-,LORINOSE 10mg (1x10's),26.00
-,GALE CYPROTERONE 50mg (1x10's),246.00
-,AUGMENTIN 457mg/5ml 35ml *ห้างแจ้งของขาด,242.00
-,AUGMENTIN 228mg/5ml 70ml *XX,310.00
-,CALTAB 1250mg (10x10's),91.00
-,CYSTALINE 600mg (1x10's),106.00
-,SAND-M SM CAPSULE (12x10's),435.00
-,ยาคุม GVEZA (21's),194.00
-,I COF SYRUP 60ml รสเชอร์รี่,34.00
-,HASHI BABY DROP GENTLE FORMULA 4ml น้ำเกลือหยดจมูก เด็กเล็ก,40.00
-,จับเลี้ยงชนิดชง ตราปลาเบ็ด (5ซอง/กล่อง),40.00
-,NESTLE BOOST OPTIMUM 800g กลิ่นธัญพืช,767.00
-,AMOXYCILLIN 500 (50x10's) SSP ชมพู-ขาว,450.00
-,METRIZOLE-400 (50x10's) SIAM42,283.00
-,HIRUSCAR ULTRA SCAR CARE GEL 5g ขาว-เหลือง,138.00
-,SOS NSS 0.9% (10หลอดx5ml),32.00
-,BETADINE GARGLE 30ml,146.00
-,NIKP-MANIDIPINE 20mg,510.00
-,NIKP-MANIDIPINE 10mg,480.00
-,TEMPRA FIZZ (3x4's) เม็ดฟู่ รสส้ม,76.00
-,METFORMIN 500mg (50x10's) GPO *ขายขาด,305.00
-,ยาคุม MONAS (21's),198.00
-,"ATK WONDER 2in1 COVID-19 เขียว (Nasal,Saliva) *ขายขาด",15.00
-,ATK WONDER 3in1 FLU A/B+ COVID-19 (ส้ม) *ขายขาด,32.00
-,EUCERIN OMEGA BATH&SHOWER OIL 400ml,645.00
-,SMECTA GO (12x10ml),315.00
-,BETADINE THROAT SPRAY 12ml,146.00
-,MELI TAR SHAMPOO 120ml,106.00
-,SMECTA (10ซอง) สตอเบอร์รี่,152.00
-,SOF TEAR 10ml,39.00
-,** TYLENOL 500mg (100's),120.00
-,PROVAMED ANTI ACNE FACIAL TONER 200ml,143.00
-,EUCERIN SPOTLESS BRIGHTENING NIGHT 50ml,1450.00
-,EUCERIN SPOTLESS BRIGHTENING DAY SPF30 50ml,1450.00
-,EUCERIN UREA REPAIR 5% SHOWER GEL 400ml,595.00
-,MEGA GOFEN LIQUIZ 60ml รสส้ม,93.00
-,DUTROSS DM TABLETS(1x10's),25.00
-,DERMAHEU CREAM 50g (จัมโบ้),160.00
-,BETADINE OINTMENT 50g,119.00
-,CLENASCAR C SILICONE GEL 15g,272.00
-,MYDOCALM 150 (1x10's),43.00
-,BETADINE 30ml,67.00
-,B-FORTE TABLET (3x10's),100.00
-,I-KIDS FOS HONEY GRAPE (10ชิ้น/กล่อง),112.00
-,I-KIDS FOS HONEY ORANGE (10ชิ้น/กล่อง),112.00
-,HEPATOLAC (10x15ml),96.00
-,PROPOLIZ EXTHERB LOZENGE (15แผงx8's),349.00
-,CONAMIC 500 (25x10's),130.00
-,CYRIAMINE FORT (10x10's) *ห้างแจ้งของขาด,143.00
-,TALAFIL-5 (2x15's),1480.00
-,I-HERB SUGAR FREE HERBAL CANDY (12x8's),203.00
-,DENOX 0.05% SPRAY 10ml เด็ก,69.00
-,DENOX 0.1% SPRAY 10ml ผู้ใหญ่,79.00
-,ZEROTAN (1x2's),120.00
-,EUCERIN UREA REPAIR MOIST LOTION 400ml,765.00
-,EUCERIN HYALURON-FILLER EPICELLINE SERUM 30ml,1915.00
-,EUCERIN SPOTLESS BRIGHTENING CLEANSING GEL 200ml,620.00
-,แพ็คคู่ EUCERIN PRO ACNE 3X GEL TO FOAM CLEANSER 150ml,845.00
-,EUCERIN AQUAPHOR BALM 80ml,339.00
-,LOBENATE INVIGORATE SKIN GEL 20g เหลือง (ชื่อเดิม NETTLE GEL),65.00
-,DERMISKIN MOISTURIZER SKIN 30g (ชื่อเดิม DEXPANZEL),82.00
-,LOBENATE INVIGORATE SKIN 20g ฟ้า (ชื่อเดิม FULLEXT),65.00
-,DEXTROPECT (10x10's),170.00
-,BROCOF-X (10x10's),160.00
-,REMETHAN 100R (3x10's),90.00
-,EUCERIN BRIGHTENING BOOSTING ESSENCE 100ml,1040.00
-,ACCUFAST ชุดตรวจ COVID/FLU/RSV *ขายขาด,55.00
-,BETADINE (12x15ml),44.50
-,CLENASCAR C SILICONE GEL 7g,135.50
-,NICORETTE COOL MINT 4mg (15เม็ด),164.00
-,ELEVIT (5x6's),305.00
-,BLACKMORES BIO C 1000mg DAILY IMU+ (120's),624.00
-,ยาคุม DAFNE 35 (21's),90.00
-,ATORVASTATIN GmbH 40mg (3x10's) SANDOZ,870.00
-,JULA'S HERB CALENDULA ANTI-ACNE SPOT GEL (6ซองx8ml),215.00
-,EUCERIN OMEGA SOOTHING CREAM 50ml,729.00
-,FEITAS DICLOFENAC PATCH (15ซองx2แผ่น) แผ่นแปะแก้ปวด,935.00
-,MAXXLIFE PEPTIDE FISH COLLAGEN (30x3g),910.00
-,TYLENOL DROP 15ml รสองุ่น,41.50
-,*โปร May2* AERIUS ORAL SOLUTION 60ml SUGAR FREE,199.00
-,SODIUM CHLORIDE INJECTION (50x5ml),265.00
-,OMEPPI INJECTION 40mg/vial,35.00
-,FIT BEROC มิกซ์เบอร์รี่ (7's) เม็ดฟู่,79.00
-,FIT BEROC ส้ม (7's) เม็ดฟู่,77.00
-,FIT CDB (7's) เม็ดฟู่,70.00
-,BLACKMORES BIO C 1000mg DAILY IMU+ (60's),390.00
-,BLACKMORES BIO C 1000mg DAILY IMU+ (30's),228.00
-,BLACKMORES BIO C 500mg DAILY IMU+ CHEWABLE (30's),189.00
-,BLACKMORES BIO C 500mg DAILY IMU+ CHEWABLE (60's),338.00
-,OREDA R.O. เกลือแร่ท้องเสีย (50ซองx5.5g),96.00
-,TYLENOL SYRUP 60ml,61.00
-,COXIUM 1500 เม็ดแป้ง (30's) น้ำตาล,294.00
-,SENKA PERFECT WHIP FRESH 100g,140.00
-,PROPOLIZ X LOZENGE (15แผงx8's),349.00
-,SYMBICORT RAPIHALER 160/4.5mcg (120doses),920.00
-,XIGDUO XR 5/1000mg (8x7's),1700.00
-,แพ็คคู่ CERAVE MOISTURISING LOTION 473ml (2x16oz),832.00
-,MYOPAS (100x10's) เขียวจุด *ห้างแจ้งของขาด,435.00
-,AMMELTZ YOKO YOKO GOLD 48ml สูตรเข้มข้น,147.00
-,DIFAZT SOFT GEL (1x10's) *ห้างแจ้งของขาด เข้าพ.ค.,46.00
-,SUDOCREM 125g,268.00
-,DIASGEST (10x10's) *ห้างแจ้งของขาด,204.00
-,EUCERIN BRIGHTENING BOOSTER SERUM 30ml,1720.00
-,ยาหม่อง ถ้วยทอง ตลับ (12x2g),65.00
-,LEFTOSE 30mg (10x10's),190.00
-,RHINOTAPE 2นิ้วx10หลา (6ม้วน/กระบอก),392.00
-,RHINOTAPE 1นิ้วx10หลา (12ม้วน/กระบอก),392.00
-,TA-TAR SHAMPOO 150ml GPO *ขายขาด,305.00
-,ENSURE GOLD ADVANCEPRO ธัญพืช 1110g (3x370g) *ขายขาด,1180.00
-,ENSURE GOLD ADVANCEPRO วนิลา 1110g (3x370g) *ขายขาด,1180.00
-,NESTLE BOOST GLUCOSE CONTROL 800g,925.00
-,** TYLENOL 500mg (20x10's),233.00
-,NEOBUN 13x12cm (6ซองx2แผ่น),216.00
-,NEOBUN 11x8cm (6ซองx3แผ่น),106.00
-,AMSEL VITAMIN C 500mg (30's),132.00
-,AMSEL GINGKO (45's),185.00
-,ZETTROL (10x10's),770.00
-,MAXXLIFE HAP-PE (3x10's),755.00
-,ENARIL 5 (10x10's),59.00
-,MAMARINE PRO FIBER 60g,149.00
-,TIME ORAL ULCER PATCH (18ซองx4ชิ้น),64.00
-,CLENA EX 15g,128.00
-,CARDELOC (50x10's) *ห้างแจ้งของขาด เข้ามิย.69,365.00
-,MIRGEAL GEL (20x15ml),610.00
-,PHYSIOGEL AI SUNSCREEN SPF50 UV+++40ml,485.00
-,GLUCERNA PLUS ธัญพืช 800g *ขายขาด,1030.00
-,ENSURE GOLD ADVANCEPRO 800g กาแฟ**ขายขาด,875.00
-,ENSURE GOLD ADVANCEPRO 800g ช็อคโกแลต **ขายขาด,875.00
-,ROSUVASTATIN 10mg (2x14's) SANDOZ,710.00
-,CITRA LOTION 320ml ซากุระ *ขายขาด,120.00
-,CITRA LOTION 320ml ชมพู *ขายขาด,120.00
-,CITRA LOTION 110ml ซากุระ *ขายขาด,45.00
-,CITRA PEARL LOTION 110ml ชมพู *ขายขาด,45.00
-,CITRA LOTION 110ml เขียว *ขายขาด,45.00
-,VASELINE UV EXTRA BRIGHTENING LOTION 100ml *ขายขาด,60.00
-,SWISSE VITAMIN C 1000mg (60's),349.00
-,SWISSE LUTEIN PRO+ (60's),448.00
-,SWISSE CALCIUM+D3 (90's),389.00
-,ROSUVASTATIN 20mg (2x14's) SANDOZ,880.00
-,ENARIL 20 (10x10's),90.00
-,MOTILIUM (3x10's) แผง,102.00
-,EZETIMIBE 10mg (3x10's) SANDOZ,895.00
-,AMSEL FIBOCAL (กล่อง10ซอง),235.00
-,AMSEL FIBER PLUS L-CYSTEINE (กล่อง10ซอง),179.00
-,AMSEL PEPTIDE & TRIPEPTIDE COLLAGEN (กล่อง30ซอง),455.00
-,AMSEL COLLAGEN PLUS 10000mg (กล่อง10ซอง),389.00
-,SPAXID-VS (20x10's),335.00
-,DENTALPRO แปรงสีฟันกันเหงือกร่น,51.00
-,DENTALPRO แปรงสำหรับคนจัดฟัน,51.00
-,DENTALPRO แปรงซอกฟัน 0.8mm (แพ็ค10ชิ้น),109.00
-,HIGH ELASTIC BANDAGE 7.5cm x 5.4m (12x3นิ้ว) SOS,155.00
-,SWISSE UB LECITHIN 1200mg (150's),469.00
-,SWISSE ESSENTIAL MULTIVITAMIN (60's) *XX,467.00
-,SWISSE GRAPE SEED (60's),419.00
-,SWISSE ASTAXANTHIN + GLUTA (30's),759.00
-,SWISSE C ACEROLA+ 2000mg (60's) เม็ดเคี้ยว,327.00
-,CLARI CLEAR NASAL SPRAY 15ml,125.00
-,SWISSE DAILY ACTIVE PROBIOTIC (30's),872.00
-,SWISSE DAILY BALANCE PROBIOTIC (30's),830.00
-,SWISSE MAGNESIUM 150mg (60's),370.00
-,SWISSE CRANBERRY (30's),290.00
-,SWISSE BIOTIN FORTE WITH VIT C+ZINC (60's),373.00
-,SWISSE HSN+ (60's),309.00
-,SWISSE MULTIVITAMIN WITH FOLIC ACID (30's),308.00
-,SWISSE MULTIVITAMIN WITH B VITAMINS (30's),310.00
-,SWISSE COLLAGEN+GRAPESEED (60's),509.00
-,I-KIDS CALCIUM POPS ช็อกโกแลต (10ชิ้น/กล่อง),112.00
-,I-KIDS CALCIUM POPS นมสตรอว์เบอร์รี (10ชิ้น/กล่อง),112.00
-,EXELFOS 3g,357.00
-,VECIN 20mg (3x10's) *ห้างแจ้งของขาด เข้าพ.ค.,86.00
-,IMODIUM (20x6's),625.00
-,DERMODACYN POST PROCEDURE HYDROGEL 15g,340.00
-,ยาดมสมุนไพร หงส์ไทย 5g (สีเหลือง),30.00
-,RALEXA 50mg (3x10's),70.00
-,PROVAMED ANTI ACNE SPOT GEL 10g,108.00
-,DESLORATADINE 5mg (1x10's) SANDOZ,116.00
-,I-KIDS SPRAY 15ml สเปรย์พ่นปากเด็ก รสสตรอเบอร์รี่,139.00
-,ยาหม่อง ถ้วยทอง ตลับกลาง 4กรัม (12ตลับ/แพ็ค),11.00
-,ชุดตรวจ GICA 4in1 FLU A/B+COVID+RSV ม่วง **ขายขาด,55.00
-,PURICAS INTENSIVE DARK SPOT & ACNE SCAR GEL 20g,625.00
-,BLACKMORES BIO E 500IU (60's),586.00
-,A-LEAZE 5mg (1x10's),64.00
-,ANDROXSIL (10x10's) ฟ้าทะลายโจร,325.00
-,ชุดตรวจ GICA 3in1 FLU A/B+COVID ส้ม **ขายขาด,45.00
-,CLOBET CREAM 15g,50.00
-,ยาคุม LIPZ (28's),219.00
-,ยาคุม LIPZ (21's),219.00
-,FLORACTO (2x7's),126.00
-,M-FLOX 400 (10x10's),155.00
-,ARCOXIA 120mg (1x5's),227.00
-,ARCOXIA 90mg (1x5's),186.00
-,SILVEX CREAM 25g,41.00
-,FUCIDIN CREAM 15g แดง,174.00
-,CERAVE MICELLAR WATER 295ml,404.00
-,CERAVE DAILY MOIST LOTION 236ml AS,354.00
-,CERAVE CREAMY CLEANSER 473ml,545.00
-,CERAVE RES RETINOL SERUM 30ml,505.00
-,LA ROCHE-POSAY MELA B3 SPF30 40ml,955.00
-,LA ROCHE-POSAY MELA B3 SERUM 30ml,1365.00
-,EZB 10mg (3x10's),325.00
-,SOS T1 SERIES พลาสเตอร์ใสกันน้ำ MINION (2.5x5.6cmx6ชิ้น),20.00
-,SOS CO-ADHESIVE BANDAGE (2นิ้วx5หลา) คละสี 12ม้วน/แพ็ค,43.00
-,PHYSIOGEL DMT UV SUNSCREEN 50ml *ห้างแจ้งของขาด,445.00
-,ARCOXIA 60mg (1x5's),188.00
-,FANGO-BD 15g,30.00
-,PROPOLIZ KID MOUTH SPRAY 10ml เด็ก,79.00
-,MYDA SOAP 80g,35.00
-,PROBIOCID (10's),149.00
-,M-KAL บำรุงกระดูกและข้อ (30's),120.00
-,PREGABALIN 25mg (8x7's) SANDOZ,529.00
-,SEVEN SEAS วิตามินรวม 120ml,84.00
-,ALGYCON (7x12's),954.00
-,PARA FAST ACTIV (25x10's),370.00
-,ยาคุม MICROGYNON 30ED (28's) *ห้างแจ้งของขาด,54.00
-,SEVEN SEAS OCEAN GOLD 100ml,134.00
-,(แพ็ค3) ENSURE GOLD ADVANCEPRO วนิลา 800gx2 + 380gx1 **ขายขาด,2095.00
-,(แพ็ค3)ENSURE GOLD ADVANCEPRO ธัญพืช 800gx2 + 380gx1 **ขายขาด,2095.00
-,PREVACID-FDT 30mg (2x14's),1580.00
-,PREVACID-FDT 15mg (2x14's),900.00
-,STARTRIL-S 1500 (30ซอง) กลิ่นส้ม,229.00
-,STARTRIL-S 1500 (10ซอง) กลิ่นส้ม,70.00
-,ONSIA 8mg (1x10's),123.00
-,ANESSA PERFECT UV SUNSCREEN SKINCARE GOLD SPRAY SPF50+ 60ml,425.00
-,VENSIX (25x4's),125.00
-,TYLENOL 650mg 8hour (1x10's),36.00
-,PLENDIL 5mg (30's),360.00
-,RHINOBUN PLASTER (20x10's),250.00
-,AMSEL ASTAXANTHIN 6mg (30's),345.00
-,MUAY PAIN RELIEF FREEZE SPRAY 50ml,55.00
-,MUAY PAIN RELIEF FREEZE SPRAY 200ml,135.00
-,OPADOPH 5ml,168.00
-,NITE CAP (10x10's),310.00
-,ยาดมพิมเสนน้ำ หงส์ไทย 8cc (สีขาว),30.00
-,D THROAT SPRAY 0.3% ผู้ใหญ่ 15ml รสมิ้นต์,160.00
-,D THROAT SPRAY 0.15% เด็ก 15ml มะนาว,160.00
-,RABEPRAZOLE 20mg (2x7's) SANDOZ,328.00
-,LA ROCHE EFFACLAR DUO(+) 7.5ml,143.00
-,SERMION 10mg (2x25's),420.00
-,SERMION 30mg (2x15's),715.00
-,CLINDA-M (12x15ml),42.00
-,ANESSA BRIGHTENING UV GEL SPF50+ 90ml สีขาว *XX,645.00
-,*โปร May2* MAMARINE DHA 2 GO (2gx10ซอง),100.00
-,REBAC MEDICAL-GRADE SILICONE GEL 5g,274.00
-,SME LIQUID PLASTER 4ml,67.00
-,น้ำมันเขียวแสงหยก 20ml,70.00
-,MEGA UROFLOW (3x10's),525.00
-,OREDA R.O. เกลือแร่ท้องเสีย (10ซองx5.5g),21.00
-,ENSURE GOLD ADVANCEPRO 800g ธัญพืช *ขายขาด,890.00
-,ENSURE GOLD ADVANCEPRO ธัญพืช 380g **ขายขาด,475.00
-,ENSURE GOLD ADVANCEPRO 800g วนิลา *ขายขาด,890.00
-,DEMOSANA ZINC+C+D3 (20's) รสส้ม/มะนาว,108.00
-,CLOPIDOGREL 75mg (10x10's) GPO *ขายขาด,239.00
-,LOREAL REVITALIFT HYALURONIC ACID CLEANSER 100ml **ขายขาด,140.00
-,LOREAL GLYCOLIC-BRIGHT FOAM 100ml **ขายขาด,140.00
-,LOREAL AURA PERFECT FOAM 100ml **ขายขาด,135.00
-,LOREAL REVITALIFT CLEANSING FOAM 100ml **ขายขาด,130.00
-,LOREAL UV DEFENDER 50ml สีชมพู **ขายขาด,350.00
-,LOREAL UV DEFENDER 50ml สีเขียว **ขายขาด,350.00
-,LOREAL UV DEFENDER 15ml สีเขียว **ขายขาด,110.00
-,LOREAL UV DEFENDER 15ml สีส้ม **ขายขาด,110.00
-,LOREAL UV DEFENDER 15ml สีชมพู **ขายขาด,110.00
-,LOREAL REVITALIFT NIGHT 50ml **ขายขาด,435.00
-,LOREAL REVITALIFT DAY CREAM 50ml **ขายขาด,435.00
-,LOREAL REVITALIFT NIGHT CREAM 20ml **ขายขาด,155.00
-,LOREAL REVITALIFT DAY CREAM 20ml **ขายขาด,150.00
-,LOREAL REVITALIFT HYALURON SERUM 30ml **ขายขาด,515.00
-,LOREAL REVITALIFT HYALURONIC CREAM 50ml **ขายขาด,388.00
-,LOREAL REVITALIFT HYALURONIC CREAM 15ml **ขายขาด,160.00
-,LOREAL REVITALIFT HYALURON EYE SERUM 20ml **ขายขาด,515.00
-,LOREAL GLYCOLIC-BRIGHT GLOWING SERUM 30ml **ขายขาด,520.00
-,LOREAL GLYCOLIC-BRIGHT GLOWING CREAM 50ml NIGHT **ขายขาด,378.00
-,LOREAL GLYCOLIC-BRIGHT GLOWING CREAM 50ml DAY **ขายขาด,378.00
-,LOREAL GLYCOLIC-BRIGHT GLOWING CREAM 15ml NIGHT **ขายขาด,150.00
-,LOREAL GLYCOLIC-BRIGHT GLOWING CREAM 15ml DAY **ขายขาด,150.00
-,LOREAL UV DEFENDER INVISIBLE FLUID (6ซองx5.5ml) **ขายขาด,165.00
-,LOREAL REVITALIFT HYALURON SERUM (6ซองx6ml) **ขายขาด,210.00
-,LOREAL GLYCOLIC-BRIGHT GLOWING SERUM (6ซองx6ml) **ขายขาด,205.00
-,LOREAL GLYCOLIC-BRIGHT GLOWING CREAM (6ซองx6ml) **ขายขาด,165.00
-,MAYBELLINE FIT ME COMPACT เบอร์ 128 แป้งคุมมัน **ขายขาด,125.00
-,MAYBELLINE FIT ME COMPACT เบอร์ 118 แป้งคุมมัน **ขายขาด,125.00
-,MAYBELLINE FIT ME COMPACT เบอร์ 109 แป้งคุมมัน **ขายขาด,125.00
-,GARNIER MEN TURBOBRIGHT SERUM SPF30 7ml (กล่อง6ซอง) **ขายขาด,75.00
-,GARNIER MEN TURBOLIGHT OIL CONTROL SERUM 7ml (กล่อง6ซอง) **ขายขาด,75.00
-,GARNIER MEN ACNO FIGHT SERUM CREAM 7ml (กล่อง6ซอง) **ขายขาด,97.00
-,GARNIER COLOR 3.0 สีน้ำตาลเข้ม (กล่อง6ซอง) **ขายขาด,255.00
-,GARNIER COLOR 5.32 สีน้ำตาลคาราเมล (กล่อง6ซอง) **ขายขาด,255.00
-,GARNIER MEN 3in1 CHARCOAL FOAM 100ml **ขายขาด,95.00
-,GARNIER MEN OIL CONTROL ICY SCRUB FOAM 100ml **ขายขาด,85.00
-,GARNIER MEN OIL CONTROL COOLING FOAM 100ml **ขายขาด,85.00
-,GARNIER MEN TURBO BRIGHT SUPER DUO FOAM 100ml **ขายขาด,90.00
-,GARNIER MEN ACNO FIGHT WASABI FOAM 100ml **ขายขาด,90.00
-,GARNIER MEN ACNO FIGHT FOAM 100ml **ขายขาด,90.00
-,แพ็คคู่ GARNIER SAKURA GLOW BODY LOTION 400ml **ขายขาด,215.00
-,แพ็คคู่ GARNIER BRIGHT COMPLETE EXTRA BODY LOTION 400ml **ขายขาด,215.00
-,แพ็คคู่ GARNIER BRIGHT COMPLETE BODY LOTION 400ml **ขายขาด,215.00
-,ATORVASTATIN 10mg (3x10's) SANDOZ,500.00
-,GARNIER SAKURA GLOW MASK 28g ชมพู (กล่อง10ชิ้น) **ขายขาด,430.00
-,GARNIER BRIGHT COMPLETE VIT C MASK 28g เหลือง (กล่อง10ชิ้น) **ขายขาด,410.00
-,GARNIER MICELLAR WATER ALL-IN-1 400ml ขวดชมพู **ขายขาด,210.00
-,GARNIER MICELLAR WATER VITAMIN C 400ml ขวดเหลือง **ขายขาด,220.00
-,GARNIER MICELLAR WATER IN OIL 400ml ฝาขาว **ขายขาด,220.00
-,GARNIER MICELLAR WATER SALICYLIC BHA 400ml ขวดฟ้า **ขายขาด,220.00
-,GARNIER MICELLAR WATER ALL-IN-1 125ml ขวดชมพู **ขายขาด,80.00
-,GARNIER MICELLAR WATER VITAMIN C 125ml ขวดเหลือง **ขายขาด,94.00
-,GARNIER MICELLAR WATER IN OIL 125ml ฝาขาว **ขายขาด,90.00
-,GARNIER MICELLAR WATER SALICYLIC BHA 125ml ขวดฟ้า **ขายขาด,94.00
-,GARNIER MICELLAR WATER ALL-IN-1 50ml ขวดชมพู **ขายขาด,49.00
-,GARNIER BRIGHT COMPLETE VIT-C AMPOULE SERUM 1.5ml (กล่อง6ชิ้น) **ขายขาด,180.00
-,GARNIER BRIGHT COMPLETE ANTI-ACNE FOAM 100ml **ขายขาด,110.00
-,GARNIER SAKURA GLOW FOAM 100ml **ขายขาด,99.00
-,GARNIER BRIGHT COMPLETE VIT C FACE WASH 100ml **ขายขาด,99.00
-,GARNIER BRIGHT COMPLETE ANTI-ACNE SERUM CREAM 7.5ml (กล่อง6ซอง) **ขายขาด,135.00
-,GARNIER SAKURA SUPER UV 7ml (กล่อง6ซอง) **ขายขาด,135.00
-,GARNIER BRIGHT COMPLETE SUPER UV 7ml (กล่อง6ซอง) **ขายขาด,134.00
-,GARNIER SUPER UV-INVISIBLE SERUM SUNSCREEN 7.5ml (กล่อง6ซอง) **ขายขาด,181.00
-,GARNIER BRIGHT COMPLETE ANTI-ACNE BOOSTER SERUM 7.5ml (กล่อง6ซอง) **ขายขาด,195.00
-,GARNIER SAKURA WHITE HYALURON BOOSTER SERUM 7.5ml (กล่อง6ซอง) **ขายขาด,185.00
-,GARNIER BRIGHT COMPLETE BOOSTER SERUM 7.5ml (กล่อง6ซอง) **ขายขาด,180.00
-,GARNIER SAKURA GLOW HYALURON 50ml กลางคืน **ขายขาด,202.00
-,GARNIER SAKURA GLOW HYALURON 50ml กลางวัน **ขายขาด,202.00
-,GARNIER BRIGHT COMPLETE VIT C 50ml กลางคืน **ขายขาด,210.00
-,GARNIER BRIGHT COMPLETE VIT C 50ml กลางวัน **ขายขาด,210.00
-,GARNIER SAKURA GLOW CREAM ซองฝาหมุน 7ml (กล่อง6ซอง) **ขายขาด,95.00
-,GARNIER BRIGHT COMPLETE VIT C YUZU ซองฝาหมุน 7ml (กล่อง6ซอง) **ขายขาด,96.00
-,CERUVIN 75mg (3x10's),250.00
-,CRESTOR 20mg (2x14's),1590.00
-,VESOPH EAR-EYE DROP 5ml,18.00
-,ANESSA PERFECT UV SUNSCREEN SKINCARE GOLD MILK 20ml,295.00
-,ANESSA PERFECT UV SUNSCREEN MIND MILK 60ml,805.00
-,TIGERPLAST WATERPROOF FIT (1x16's),29.50
-,CURAM 1000mg (2x6's),142.00
-,FUCIDIN CREAM 5g แดง,88.00
-,DESTA SYRUP 0.5mg/ml 60ml,90.00
-,CYZINE 10mg (10x10's) *ห้างแจ้งของขาด,20.00
-,XARATOR 40mg (3x10's),800.00
-,TARADA SPRAY 12ml,156.00
-,TARADA LOTION 1.75ml,31.00
-,JANUMET XR 100/1000mg (28's),1610.00
-,JANUMET XR 50/1000mg (56's),1610.00
-,JANUVIA 100mg (28's),1450.00
-,JANUVIA 50mg (28's),1450.00
-,JANUMET 50/1000mg (8x7's),1450.00
-,JANUMET 50/500mg (8x7's),1450.00
-,HISTADINE 10mg (1x10's),11.00
-,SIANGPURE RELIEF CREAM 32g เซียงเพียวรีลิฟ,32.50
-,PROPOLIZ LOZENGE VIT C เม็ดอม+วิตซี (10ซองx8's),142.00
-,AMOXYCILLIN 500 (50x10's) SSP เขียว-ฟ้า,450.00
-,PEURRI ALL ACNE CLEANSER 250ml,335.00
-,PURICAS PLUS ADVANCED DRAGON'S BLOOD C&E SCAR GEL 20g,498.00
-,PURICAS ANTI ACNE GEL 10g,185.00
-,SENNA TAB มะขามแขก (40's),32.00
-,METROGYL GEL 10g *ขายขาด,73.00
-,BLACKMORES BIO FOLIC (90's),265.00
-,BLACKMORES FISH OIL 1000mg (2x80's) แพ็คคู่,710.00
-,BLACKMORES BIO ZINC A CHELATE (30's),167.00
-,EUCERIN BRIGHTENING BODY LOTION 250ml,455.00
-,FATICIN 2% 5g,51.00
-,ENSURE GOLD ADVANCEPRO รสวนิลา 380g **ขายขาด,475.00
-,VITAMIN B COMPLEX เหลืองกลมเคลือบ (1000's) T.P.,230.00
-,ยาคุม EXLUTON (28's),96.00
-,SINGULAIR 10mg (4x7's),1195.00
-,SINGULAIR 5mg (4x7's) CHEWABLE,745.00
-,SINGULAIR 4mg (4x7's) CHEWABLE,745.00
-,BICAHIS 20 (1x10's),72.00
-,LYO HAIR TONIC 30ml,240.00
-,LYO CONDITIONER ANTI-HAIR LOSS 200ml,255.00
-,LYO SHAMPOO ANTI-HAIR LOSS 200ml,255.00
-,SENKA PERFECT WHIP WHITE CLAY 120g,160.00
-,SENKA PERFECT WHIP COLLAGEN IN 120g,160.00
-,PULMICORT 0.5mg/2ml (20x2ml),785.00
-,PULMICORT 1mg/2ml (20x2ml),1030.00
-,XIGDUO XR 10/1000mg (4x7's),1515.00
-,VISTRA PURE COLLAGEN DIPEPTIDE 5g (30ซอง),689.00
-,MEGA NAT C YUMMY GUMMY (25ซองx2's),83.00
-,MEGA EUGICA IVY SYRUP 100ml,144.00
-,PX ARCTIC FLUID SUNSCREEN SPF50+ PA++++ 25g,189.00
-,SARA (50's) เม็ดกลม,65.00
-,SARA (50's) เม็ดรี,65.00
-,SENKA PERFECT WHIP WHITE 100g,140.00
-,SENKA PERFECT WHIP 120g,160.00
-,SENKA PERFECT WHIP ACNE CARE 100g,160.00
-,MELI TAR SHAMPOO 340ml,213.00
-,HIDRASEC 100mg (1x10's),272.00
-,*โปร May2* AMK 1000mg (10x10's),948.00
-,AMK 457 SUPS 70ml,144.00
-,AMK 228 SUPS 70ml,100.00
-,AMK 156 SUPS 60ml,65.00
-,SOS CO-ADHESIVE BANDAGE (1นิ้วx5หลา) สีเนื้อ,26.00
-,PHYSIOGEL ACNE CARE BODY WASH 320ml *ห้างแจ้งของขาด,449.00
-,PHYSIOGEL ACNE CARE CREAM 50ml,639.00
-,PHYSIOGEL ACNE CARE FOAM CLEANSER 120ml,350.00
-,SOS CO-ADHESIVE BANDAGE (2นิ้วx5หลา) สีเนื้อ,46.00
-,HIRUSCAR ADVANCE SPOT GEL 10g,153.00
-,AQUA MARIS CLASSIC 30ml,224.00
-,AQUA MARIS PROTECTO 20ml,253.00
-,AQUA MARIS STRONG 30ml,243.00
-,AQUA MARIS BABY 50ml,243.00
-,LIQUIPLAST 10g,139.00
-,7 DAY ALBUMIN EGG (90's) *NP,425.00
-,DULCOLAX (10x10's),285.00
-,CONCEPT ANTI-MELASMA PLUS 12g,190.00
-,CONCEPT ANTI-MELASMA PLUS 24g,282.00
-,นมอัดเม็ด MILKY-D (24x8's) รสช็อกโก,143.00
-,นมอัดเม็ด MILKY-D (24x8's) รสนมชมพู,143.00
-,นมอัดเม็ด MILKY-D (24x8's) รสมอลต์,143.00
-,นมอัดเม็ด MILKY-D (24x8's) รสนม,143.00
-,MILTEAR MD 10ml,64.00
-,SALMOLEX MOISTURIZING OINMENT 20g **ขายขาด,145.00
-,(แพ็ค3) GLUCERNA ADVANCE 800gx2 + 380gx1 *ขายขาด,2450.00
-,GLUCERNA ADVANCE วนิลา 800g *ขายขาด,1030.00
-,GLUCERNA ADVANCE วนิลา 380g *ขายขาด,545.00
-,BANOCINORAL ORAL PASTE (50ซองx1g),170.00
-,CEMOL (1000's) ฟ้า-ขาว,285.00
-,ALCON ATROPINE 1% 5ml *ขายขาด,184.00
-,HIRUSCAR ADVANCE SPOT GEL 4g,126.00
-,*โปร May2* GESTAL 0.05% SPRAY 10ml,49.00
-,"สำลีแผ่น 4""x4"" 450g รถพยาบาล",134.00
-,DILANTIN (100's),388.00
-,I-HERB COPOLIS MOUTH SPRAY 18ml,70.00
-,LA ROCHE EFFACLAR DUO(+) 40ml,695.00
-,BURNOVA GEL 35g,48.00
-,FUCICORT CREAM 5g,99.00
-,AMSEL FISH OIL MINI CAP 500mg (75's),205.00
-,ZURTHOL 750ml,210.00
-,MEDICET 5mg (1x10's),49.00
-,CEE-1000 (3x10's),79.00
-,TIGER BALM LOTION 80ml โลชั่นตราเสือ,142.00
-,I-KIDS POP SALA LIME (10ชิ้น/กล่อง) แดง,98.00
-,PURICAS INTENSIVE DARK SPOT & ACNE SCAR GEL 8g,241.00
-,ZYLIN 75 CAPSULES (3x10's),159.00
-,GAVISCON (24x10ml) ซองฟ้า,390.00
-,MEDICFLOX 500mg (1x10's),68.00
-,HIALID MINI 0.1% (0.4mlx30หลอด),305.00
-,PRENOLOL 100mg (50x10's) *ขายขาด,460.00
-,PROSPAN COUGH SYRUP 100ml,162.00
-,POLYXIT 600mg (50x10's),640.00
-,POLYXIT 300mg (50x10's),330.00
-,FUSESIAN 40mg (10x10's),40.00
-,FERMASIAN S/C 200mg (100x10's),310.00
-,LIPOTHIN 200 (30x10's),955.00
-,ซองซิปสีชา 6x8cm (100ซอง/แพ็ค),15.00
-,BLIZTIN 20mg (1x10's),77.00
-,CARDOXA 4mg (10x10's),142.00
-,LOSARTAN 100mg (20x15's) GPO *ขายขาด,395.00
-,B CO-ED (100x10's),251.00
-,LEXEMIN 100mg (10x10's),415.00
-,GLYCEDIAB 5mg (50x10's),360.00
-,CISTEINE 500 (1x10's) 24แผง/แพ็ค,39.00
-,M.P.OSOTH 15mg (10x10's),180.00
-,FIBER MATE JELLY STRIP (10x15g),189.00
-,FIBER MATE DAILY 60g,154.00
-,FIBER MATE (20x8g) ซอง,330.00
-,FIBER MATE 140g,265.00
-,POLAR SPRAY INNOCENCE 280ml,188.00
-,BELLA PARA (10x10's),94.00
-,MEGA EUGICA IVY SYRUP (20x5ml),162.00
-,MEGA NAT C ESTER 1000mg (30ซอง),200.00
-,VIT-C 25mg (50x35's) องุ่น,280.00
-,VIT-C 25mg (50x35's) สตรอว์เบอร์รี่,280.00
-,BIOCRAFT BIOHEPA (30's),485.00
-,LUTEINA PLUS (60's) *ขายขาด,290.00
-,BIOGAIA CHEWABLE LEMON (1x10's),322.00
-,สำลีก้อนชุบแอลกอฮอล์ 75% (40แผง/กล่อง),340.00
-,ESSENTIALE FORTE 300 mg (9x10's),970.00
-,NEOCA Q10 (30's),304.00
-,FLOSS-UPS MINT (50ชิ้น/กล่อง) ด้ามไหมขัดฟัน,28.00
-,DEET 95 สเปรย์กันยุง 70ml,165.00
-,DEET 50 สเปรย์กันยุง 70ml,125.00
-,DEET 28 สเปรย์กันยุง 70ml,77.00
-,ACNE-AID MOISTURIZING LOTION OIL CONTROL 30ml,252.00
-,ACNE-AID MICELLAR WATER SENSITIVE SKIN 235ml,182.00
-,GLUCOZIDE MR 60mg (10x10's),865.00
-,MONTULAIR 4mg (กล่อง28ซอง) *ห้างแจ้งของขาด,335.00
-,DERMATIX WOUND CARE 20g,181.00
-,DIOSMIN 500 (45x10's),1255.00
-,COSOPT 5ml,458.00
-,DIQUAS 5ml,330.00
-,NICORETTE QUICK MIST SPRAY 13.2ml,685.00
-,SME LIQUID PLASTER 8ml,120.00
-,REPACIN F.C. TAB (10x10's),385.00
-,แพ็คคู่ CYBELE SCAGEL 19g,349.00
-,แพ็คคู่ CYBELE SCAGEL 9g,192.00
-,CYBELE SCAGEL PLUS 10g,199.00
-,PROBAC7 (กล่อง30ซอง),1185.00
-,PROBAC7 (กล่อง10ซอง),395.00
-,LA ROCHE ANTHELIOS UV MUNE 400 OIL CONTROL FLUID SPF50+ 50ml,925.00
-,LA ROCHE CICAPLAST BAUME B5 100ml,686.00
-,DESLORA SYRUP 60ml (สินค้าขาดบริษัท),64.00
-,DESLORA (1x10's) **ห้างมี Exp.02/27,45.00
-,MEGA ALERTEN 100mg (3x10's),545.00
-,SANISOFT ผ้าเปียกสูตรน้ำบริสุทธิ์ ผู้ใหญ่ (40แผ่น),39.00
-,SANISOFT BABY WIPES MINERAL WATER 99.9% ผ้าเปียกสูตรน้ำแร่ (80แผ่น),44.00
-,ONETOUCH เจลหล่อลื่น กลิ่นสตรอเบอรี่ 75ml,74.00
-,ONETOUCH เจลหล่อลื่น กลิ่นธรรมชาติ 75ml,66.00
-,CHLORPHENIRAMINE (10x10's) กลมเขียว B.L.HUA,50.00
-,ROVAS 20mg (3x10's),288.00
-,ROVAS 10mg (3x10's),243.00
-,DERMODACYN GEL SPRAY 60ml (เจลเรียกเนื้อ),440.00
-,METROLEX 400mg (10x10's) *ห้างแจ้งของขาด,132.00
-,ANNOXEN-S (10x10's),325.00
-,SETIN 10mg (10x10's) *ห้างแจ้งของขาด,208.00
-,ROTHRICIN 150mg (10x10's),309.00
-,*2กล่อง/สัปดาห์*ยาคุมแบบแปะ EVRA (3ชิ้น/กล่อง),420.00
-,** TYLENOL 500mg (50's),64.00
-,ACZEE GEL 5% 20g,56.00
-,BONJELA 15g,162.00
-,FYBOGEL (10ซอง),185.00
-,CANESTEN O.D. Cream 1% 5g,83.00
-,TELFAST ORAL SUSPENTION 60ml,129.00
-,EUCERIN AQUAPHOR SOS LIP CARE 10ml,249.00
-,MAMARINE MOM OMEGA-3 (30's),284.00
-,น้ำมันมวย สเปรย์ 40cc,52.50
-,EYEDEX DROP 5ml (10ขวด/แพ็ค),38.00
-,HANDY HERB FIBER FLOW GUMMY 24g (6ซอง/กล่อง),170.00
-,HANDY HERB G'NITE GUMMY 24g (6ซอง/กล่อง),170.00
-,BIOTRIL-S 1500mg (30+10ซอง),400.00
-,CETAPHIL MOISTURIZING CREAM 100g,172.00
-,CETAPHIL MOISTURIZING LOTION 473ml,442.00
-,MESLON 1000 (10x10's),590.00
-,VICHY DERCOS SHAMPOO 200ml (สูตรขจัดรังแค) สีเขียว,349.00
-,VICHY LIFTACTIV RETINOL SERUM 30ml,1220.00
-,VICHY DERCOS SHAMPOO 200ml (สูตรแก้ผมร่วง) สีแดง,349.00
-,ยาคุม OILEZZ (22's),286.00
-,TRANSIC INJECTION 250mg (10ampx5 ml),210.00
-,BISOLVON TABLETS (10x10's),472.00
-,ATTOON ถุงเก็บน้ำนมแม่ 4OZ (20ใบ/กล่อง),45.00
-,URIEF 4mg (3x10's),433.00
-,BAPID 100 (10x10's),465.00
-,PINRONE (10x10's),260.00
-,MYDA SOAP 30g,21.00
-,DIFFLAM HONEY & LEMON (12's),40.00
-,DIFFLAM WILD BERRY รสไวล์ดเบอรี่ (12's),40.00
-,DIFFLAM ORANGE+VIT C (12's),40.00
-,ESLORAY 5mg (1x10's),94.00
-,MEIXIL KIDS 250mg 60ml,45.00
-,PROZEUS 15 (10ซอง/กล่อง),245.00
-,PHYSIOGEL DMT UV SUN LOTION 100ml,805.00
-,MUCOSOLVAN 30mg (10x10's),570.00
-,FORXIGA 10mg (3x10's),1490.00
-,T.A.CREAM 0.02% 15g,21.00
-,TAVIPEC (3x10's),185.00
-,O.B. PROCOMFORT SUPER (8ชิ้น/กล่อง) ส้ม,72.00
-,O.B. PROCOMFORT (8ชิ้น/กล่อง) เหลือง,62.00
-,"MAXXLIFE BIO BILBERRY 12,000mg (30's)",395.00
-,MAXXLIFE ABG GARLIC (30's),490.00
-,CHLORPHENIRAMINE MALEATE (25x10's) แคปซูลไข่ปลา,70.00
-,PHYSIOGEL AI LIGHT CREAM 50ml,620.00
-,HERBAL EXTRA FRESH SPRAY 15ml ฆ่าเชื้อในลำคอระงับกลิ่นปาก,77.00
-,HERBAL NIGHT TIME SPRAY 15ml ลดการสะสมของแบคทีเรียในช่องปาก,77.00
-,AS C ORANGE (100's) รสส้ม,19.00
-,EUCERIN PH5 HYDRO SERUM 400ml,440.00
-,EUCERIN PH5 LOTION F 400ml,435.00
-,EUCERIN PH5 LOTION 400ml,429.00
-,EUCERIN PH5 LOTION 250ml,275.00
-,MOXCILLIN 500mg (50x10's) A.U.,445.00
-,MOXCILLIN 500mg (500's) A.U.,430.00
-,BURNOVA GEL PLUS DRAGON'S BLOOD 20g,67.00
-,VITARA PX MELA 7 CREAM GEL 10g,273.00
-,BOSISTO'S SPRAY แพ็คคู่ นกแก้ว (2x300ml) + แถม 75ml,400.00
-,น้ำมันเขียวสูตรเสลดพังพอน 20cc ตราสมุนไพรวังพรม,53.00
-,น้ำมันเหลืองสูตรไพล 20cc ตราสมุนไพรวังพรม *X,53.00
-,CEFSPAN SUSPENSION (100mg/5ml) 30ml,205.00
-,CEFSPAN 100mg (10x10's),235.00
-,DIFENAC 25mg (50x10's) เม็ดส้ม,78.00
-,EUCERIN SUN HYDRO PROTECT ULTRA LIGHT FLUID SPF50+ 50ml,920.00
-,EUCERIN PH5 SHOWER OIL 400ml,569.00
-,EUCERIN PH5 WASH LOTION 1000ml,650.00
-,EUCERIN PH5 WASH LOTION 400ml,305.00
-,BELCID GERD SUSPENSION (12x10ml) ราสเบอรี่,119.00
-,DOSANAC 50 (10x10's),250.00
-,DOSANAC 25 (10x10's),136.00
-,ไวท์ฟาร์ม นมอัดเม็ด สตอเบอร์รี่ (10ซอง),85.00
-,LORSEDIN (10x10's) *ห้างแจ้งของขาด,175.00
-,CERAVE BLEMISH CONTROL CLEANSER 236ml,360.00
-,CERAVE BLEMISH CONTROL GEL 40g,435.00
-,BETALOL 10mg (10x10's),49.00
-,MIFORMIN 850 (25x10's),295.00
-,MIFORMIN 500 (50x10's),300.00
-,MEGA ULTRAPRO 900g CHOCOLATE,1460.00
-,MEGA ULTRAPRO 900g VANILLA,1460.00
-,HOM TESTOCAPS 40mg (3x10's),260.00
-,GLYCOFF (50x10's) *ขายขาด,339.00
-,BLACKMORES BIO CALCIAM + D3 (60's),247.00
-,SUMIGRAN 50mg (1x6's),62.00
-,"MAXXLIFE ACEROLA PLUS 1,300mg (30's)",195.00
-,SALICIN SHAMPOO EXTRA FORMULA 60ml,95.00
-,STARMOX-500 (50x10's) ชมพู-เทา,720.00
-,STARMOX-500 (50x10's) เหลือง-ครีม,720.00
-,แป้งฝุ่นศศิ BB PERFECT POWDER 50g,27.00
-,แป้งฝุ่นศศิ SUN COOL LOOSE POWDER 50g,27.00
-,แป้งฝุ่นศศิ ACNE SOL 50g,27.00
-,BICAHIS 20 (5x10's),345.00
-,SEBAMED ANTI DANDUFF SHAMPOO 200ml,235.00
-,LEVOSIDE 5mg (1x10's),59.00
-,PHOEBUS CREAM 15g,57.00
-,DETTOL 1000ml,435.00
-,ESTROMON (10x10's),440.00
-,C&L ว่านชักมดลูกเม็ด ผสมเอี๊ยะบ่อเช่า สูตร 2 สีทอง (กล่อง20เม็ด),195.00
-,PRED-OPH (12x4cc),28.00
-,GENTA-OPH (12x5cc),23.00
-,FLU-OPH (12x5cc),52.00
-,BIMED (1000's) กระปุก,750.00
-,BIMED (10x10's) แบบแผง,130.00
-,ALBUMEN (30's) โปรตีนไข่ขาว,205.00
-,MEL-OD 15 (10x10's),218.00
-,AXCEL FUSIDIC ACID CREAM 5g,39.00
-,AXCEL FUSIDIC ACID-B CREAM 5g,39.00
-,CKM 8g (12ซอง/กล่อง) ส้ม สูตรร้อน,120.00
-,LA ROCHE CICAPLAST BAUNE B5 40ml,385.00
-,LA ROCHE CICAPLAST BAUNE B5 15ml,205.00
-,MELAMII ANTI-MELASMA SERUM AND SPOT CORRECTOR 15g,299.00
-,MELAMII ANTI-MELASMA SERUM AND SPOT CORRECTOR 8g,193.00
-,EUCERIN RADIANCE-LIFT 3D SERUM 30ml,2520.00
-,EUCERIN ELASTICITY NIGHT 50ml,2340.00
-,EUCERIN ELASTICITY EYE CREAM SPF20 15ml,1500.00
-,EUCERIN PH5 HYDRO BOOST CREAM 200ml *X,310.00
-,THURSDAY PLANTATION TEA TREE ACNE GEL 10g,125.00
-,SYNFLEX 275mg (10x6's),560.00
-,DEMOSANA VITAMIN C (20's) รสส้ม,82.00
-,ONE GERD COOL MINT 150ml,135.00
-,ONE GERD COOL MINT (12x10ml),112.00
-,"CALCIFEROL CAPSULES 20,000IU (10x10's)",312.00
-,HELLO-D 1000IU (10x10's) *ขายขาด,220.00
-,PREGABALIN TEVA 75mg (4x14's),424.00
-,PREGABALIN TEVA 25mg (4x14's),318.00
-,SEBAMED BABY SHAMPOO 150ml,181.00
-,SEBAMED PROTECTIVE FACIAL CREAM 50ml,440.00
-,SEBAMED LIP DEFENSE SPF30 4.8g,122.00
-,SEBAMED EVERYDAY SHAMPOO 200ml,190.00
-,SEBAMED BODY LOTION 400ml,403.00
-,SEBAMED BODY LOTION 200ml,217.00
-,SEBAMED LIQUID FACE & BODY WASH 400ml,380.00
-,SEBAMED CLEANSING BAR สบู่ก้อน 100g,175.00
-,SEBAMED BABY LOTION 400ml,375.00
-,SEBAMED SHOWER OIL 200ml,378.00
-,CKM 8g (12ซอง/กล่อง) เย็น สูตรเย็น,120.00
-,TRANCEL TEAR (30x0.8ml),205.00
-,IYARA เม็ดอมตรีผลา (10x8's),140.00
-,SALONPAS CREAM 30g (10หลอด/กล่อง),33.00
-,VISLUBE 0.45ml (20ชิ้น/กล่อง),350.00
-,ALLORA SYRUP 60ml,54.00
-,ZENSIL 10mg (1x10's),13.50
-,HERBAL ONE GARLIC (100's),195.00
-,HERBAL ONE ว่านชักมดลูก (100's),97.00
-,HERBAL ONE GOTU KOLA (60's),146.00
-,HERBAL ONE CINNAMON (100's),97.00
-,HERBAL ONE มะระขี้นก (100's),146.00
-,HERBAL ONE เพชรสังฆาต (100's),88.00
-,HERBAL ONE เห็ดหลินจือสกัด (100's),240.00
-,HERBAL ONE SESAMIN (60's),195.00
-,YA COZZ ยาสมุนไพรช่วยให้นอนหลับ (3x10's),40.00
-,PUROXAN 400mg (10x10's),1400.00
-,PUROXAN SYRUP 100ml,105.00
-,ก.ย.15 มิ้ลกี้โลชั่น สีม่วง 8g (24ซอง/กล่อง),79.00
-,ก.ย.15 มิลกี้โลชั่น สีม่วง 50g (6ขวด/แพ็ค),31.00
-,ก.ย.15 มิ้ลกี้โลชั่น สีชมพู 8g (24ซอง/กล่อง),79.00
-,ก.ย.15 มิลกี้โลชั่น ชมพู 50g (6ขวด/แพ็ค),31.00
-,แชมพูปิดผมขาว OK HERBAL 30ml สีน้ำตาลเข้ม (12ซอง/กล่อง),360.00
-,แชมพูปิดผมขาว OK HERBAL 30ml สีดำ (12ซอง/กล่อง),360.00
-,FASCAR 500mg (10x10's),780.00
-,CERAVE FACIAL MOISTURISING LOTION PM 52ml กลางคืน,445.00
-,LAZINE 5mg (1x10's),38.00
-,ANPUZZ 520 (1x10's),29.00
-,FALATIEN 10mg (10's) (24แผง/แพ็ค),24.50
-,ยาสีฟันดอกบัวคู่ FRESH & COOL 150g.,40.00
-,ยาสีฟันดอกบัวคู่ FRESH & COOL 100g,28.00
-,ยาสีฟันดอกบัวคู่ FRESH & COOL 40g,14.00
-,ยาสีฟันดอกบัวคู่ สูตรดั้งเดิม 150g,57.00
-,ยาสีฟันดอกบัวคู่ สูตรดั้งเดิม 100g,40.00
-,ยาสีฟันดอกบัวคู่ สูตรดั้งเดิม 30g,15.00
-,MUAY CREAM 100g มวย ครีม,77.00
-,MUAY CREAM 60g มวย ครีม,57.50
-,MUAY CREAM 30g มวย ครีม,34.00
-,VELDENT MOUTH SPRAY 18ml,84.00
-,FLAVORIN 100 (10x10's) *ห้างแจ้งของขาด,186.00
-,RESPIMOL INHALER ยาพ่น 200doses,73.00
-,น้ำมันเขียว เสลดพังพอน ตราแม่กุหลาบ (12ขวด/กล่อง) ขวดเล็ก,212.00
-,น้ำมันเหลือง สูตรไพล แม่กุหลาบ 3ml (12ขวด/กล่อง) ขวดเล็ก,212.00
-,EROXADE 150mg (10x10's),125.00
-,DEXTRO 10mg (50x10's),310.00
-,A-TUSSIN 15mg (20x10's),116.00
-,CIPROXIN 500mg (10x10's),169.00
-,NORFLOX 400mg (10x10's),141.00
-,BROMCOLEX 8mg (100x10's),199.00
-,IPROFEN 400 (50x10's) สีครีม,300.00
-,SALBUTAMOL 2mg (1000's),120.00
-,RITYNE 10mg (10x10's),55.00
-,ROMIVON (10x10's),475.00
-,BLACKMORES BIO C GLUTA IMU+ (30's),487.00
-,BLACKMORE MULTIVITAMIN NUTRI 50+ (30's) *ห้างแจ้งของขาด เข้าพ.ค.,282.00
-,SOS แผ่นแปะร้อนแก้ปวด เข่า บ่า ไหล่ ซองละ 2 ชิ้น (12ซอง/กล่อง),320.00
-,FORLAX 10g (20ซอง/กล่อง),265.00
-,SEFNOR 400 (10x10's),125.00
-,BLACKMORES MARINE COLLAGEN ABSOLUTE (2x60's) แพ็คคู่,2280.00
-,AMSEL CO Q10 PLUS VITAMIN E (60's),248.00
-,AMSEL ROSEHIP 500 (30's),167.00
-,AMSEL BETA GLUCAN (30's),360.00
-,AMSEL BIOTIN PLUS ZINC AND HORSETAIL EXTRACT (30's),188.00
-,AMSEL CALCIUM L-THREONATE PLUS COLLAGEN TYPE II (60's),293.00
-,POLIDENT PRO RETAINER (30เม็ด),145.00
-,BYE BYE FEVER SUPER COOL (3ซองx2ชิ้น) ดำ,71.00
-,BYE BYE FEVER ผู้ใหญ่ (3ซองx2ชิ้น) ฟ้าเขียว,70.00
-,BYE BYE FEVER เด็กโต (3ซองx2ชิ้น) ฟ้าล้วน,70.00
-,BYE BYE FEVER เด็กเล็ก (2ซองx2ชิ้น) ชมพู,61.00
-,SALONPAS 7x10cm (5ชิ้น/กล่อง),109.00
-,PAINNOX 500mg (50x10's),426.00
-,PAINNOX 500mg (500's),370.00
-,เมอร์ซี่ PETROLEUM JELLY 50g,26.00
-,สำลีก้อนชุบแอลกอฮอล์ OREX (10แผงx8ก้อน),75.00
-,เม็ดอมสมุนไพร อาปาเช่ รสมะขามป้อม (12's) (25ซอง/กล่อง),385.00
-,EPERSON OINTMENT 15g,85.00
-,DERMATOP CREAM 15g,96.00
-,XATRAL XL 10 mg (1x30's),875.00
-,PLAVIX 75mg (1x14's),1165.00
-,DEPAKINE CHRONO 500mg (30's),355.00
-,CO APROVEL 300/12.5mg (2x14's),925.00
-,APROVEL 150mg (2x14's),570.00
-,DAILY PROBIOTIC 10 BILLION (28's),455.00
-,KIDS VITA GUMMIES MULTI-VITAMIN +VEGIES (60's),275.00
-,KIDS VITA GUMMIES VITAMIN C+ZINC (60's),265.00
-,KIDS VITA GUMMIES OMEGA-3 TRIO (60's) ฟ้า,275.00
-,TRIPLE-D SULFUR SOAP 80g,60.00
-,BELCID GERD SUSPENSION 150ml ราสเบอรี่,145.00
-,SAMBUCOL ORIGINAL CAPSULE (24's),233.00
-,SAMBUCOL BLACK ELDERBERRY MINI'S 120ml,279.00
-,TIME ORAL แผ่นแปะร้อนใน (3x2's) 12กล่อง/แพ็ค,94.00
-,SENKA PERFECT WHIP VIT C 100g,168.00
-,BIOCOXIB 120mg (5x5's),385.00
-,BIOCOXIB 90mg (5x5's),374.00
-,BLACKMORES BIO MAGNESIUM ADVANCE +D3 (50's),302.00
-,NIZORAL CREAM 15g,128.00
-,A-LEAZE เอ-ลีซ 5mg (10x10's),670.00
-,SENHAMI ยาอมเซนฮามี่ (12x20's),410.00
-,(แพ็คคู่) BIODERMA SEBIUM (2x500cc) ฝาเขียว,1165.00
-,(แพ็คคู่) BIODERMA SENSIBIO (2x500cc) ฝาชมพู,1165.00
-,ZOMOXIN 5ml,130.00
-,PHYSIOGEL AI CALMING GEL 200ml,625.00
-,PHYSIOGEL DMT BODY WASH 400ML *ห้างแจ้งของขาด,257.00
-,PHYSIOGEL DMT CLEANSING GEL 150ml *ห้างแจ้งของขาด,275.00
-,PHYSIOGEL DMT LOTION 400ml,260.00
-,PHYSIOGEL DMT LOTION 200ml,193.00
-,PHYSIOGEL AI LOTION 400ml,535.00
-,PHYSIOGEL AI LOTION 100ml,224.00
-,PHYSIOGEL CLEANSER 900ml,595.00
-,LONGMED ที่ตรวจครรภ์แบบปากกา (แพ็ค10กล่อง) กล่องม่วง,24.00
-,MERCI ANTI MOSQUITO PATCH สติ๊กเกอร์กันยุง (25ซองx6ชิ้น),415.00
-,VITABION (10x10's),245.00
-,QUIKWIPE FUKIFUKI ควิกไวพ์ (10แผ่น/กล่อง) (แพ็ค6กล่อง),50.00
-,MEGA AB PRE&PRO (10ซอง),234.00
-,MEGA MULTIZYME (1x4's),59.00
-,MEGA UNOMINT (1x10's),45.00
-,BESTAZOL 100 (10x10's),1300.00
-,LANZAAR 100 (10x10's),286.00
-,NASO SPRAY 140Doses,428.00
-,EUCERIN ULTRASENSITIVE AQUAPORIN CREAM 50ml *ห้างแจ้งของขาด,655.00
-,EUCERIN SUN SPOTLESS CC CREAM SPF50+ PA+++ 50ml,1150.00
-,EUCERIN SUN BRIGHTENING SERUM SPF50+ PA+++ 50ml,1075.00
-,EUCERIN SUN AGE REPAIR SERUM SPF 50+ 50 ml,1075.00
-,EUCERIN PH5 FACIAL CLEANSER 400ml,460.00
-,EUCERIN BABY WASH & SHAMPOO 400ml,465.00
-,ยาดมส้มมือจรุงจิต ขวดเงิน (12หลอด/กล่อง),520.00
-,CERAVE VITAMIN C 30ml,638.00
-,CERAVE HYDRATING CLEANSER 473ml,425.00
-,CERAVE FOAMING 473ml สำหรับผิวมัน,495.00
-,LA ROCHE EFFACLAR MICRO-PEELING GEL 200ml เขียว,610.00
-,LA ROCHE ANTHELIOS OIL CORRECT SPF50+ 50ml,990.00
-,LA ROCHE ANTHELIOS AGE CORRECT SPF50+ 50ml,990.00
-,VICHY LIFTACTIV VIT C SKIN 20ml ขวดส้ม,1020.00
-,COUNTERPAIN PLASTER เย็น (10ซองx4ชิ้น),532.00
-,COUNTERPAIN PLASTER ร้อน (10ซองx4ชิ้น),532.00
-,ROYAL-D ENERGY GEL กาแฟ (10ซอง/กล่อง),332.00
-,ROYAL-D ENERGY GEL ส้ม (10ซอง/กล่อง),332.00
-,ROYAL-D ENERGY GEL องุ่น (10ซอง/กล่อง),332.00
-,SOS FAR INFRARED PATCH แผ่นแปะร้อนซองละ 2 ชิ้น (12ซอง/กล่อง),290.00
-,ACTEWOUND SILICONE GEL SHEET ใหญ่ (7cmx15cm),282.00
-,ACTEWOUND SILICONE GEL SHEET เล็ก (4x6cm),137.00
-,SOS ACNE PATCH แผ่นแปะสิว (12's),25.00
-,METHOPINE เขียวกลม (1000's),585.00
-,METHOPINE (50x10's) เขียวกลม,405.00
-,SEPTYL SOLUTION 30ml ใหญ่ (24ขวด/กล่อง),375.00
-,SEPTYL 15ml เล็ก (24ขวด/กล่อง),290.00
-,B.P.O. MYMOL ขาวรี (100's),44.00
-,INNOTAPE (2นิ้วx10หลา) ผ้าล๊อคสีขาว 6ม้วน/กระบอก,335.00
-,INNOTAPE (1นิ้วx10หลา) ผ้าล็อกสีขาว 12ม้วน/กระบอก,335.00
-,(แพ็ค3) BIODERMA SEBIUM (2x500cc)+(1x100cc) ฝาเขียว,1350.00
-,(แพ็ค3) BIODERMA SENSIBIO (2x500cc)+(1x100cc) ฝาชมพู,1350.00
-,BIODERMA SEBIUM 100 CC. ฝาเขียว,285.00
-,DERMEXCEL 20% CREAM 30g,61.00
-,DERMEXCEL 10% CREAM 30g,49.00
-,MONTULAIR 10 mg (10x10's),505.00
-,NESTLE BOOST FIBER 800g *ห้างแจ้งของขาด,767.00
-,DEMOSANA VITAMIN C (20's) สตรอเบอรี่,82.00
-,DEMOSANA MULTIVITAMIN (20's) มิกซ์เบอรี่,82.00
-,PARAXIA 60ml รสสตรอเบอรรี่,18.00
-,LONGMED ที่ตรวจครรภ์แบบจุ่ม (แพ็ค10กล่อง) กล่องฟ้า,8.00
-,LONGMED ที่ตรวจครรภ์แบบหยด (แพ็ค10กล่อง) กล่องเขียว,12.00
-,CETAPHIL PRO AD WASH 295ml,497.00
-,CETAPHIL PRO AD MOISTURIZER 295ml,796.00
-,PROBUFEN 600 (50x10's),435.00
-,DIABEDERM CREAM 10% 100g,129.00
-,CLAVICO-1000 (2x10's),170.00
-,LOTEMP FORTE (250mg/5ml) 60ml ส้ม,28.00
-,LOTEMP (120mg/5ml) 60ml สตรอเบอรี่,24.00
-,MADONNA ONE (1x1's) 10แผง/แพ็ค,155.00
-,VISTRA IMU-PRO C ACEROLA CHERRY (30's),315.00
-,FIT-PROBIOTICS SHOT โพรไบโอติกส์ (10ซองx2g),183.00
-,CISTEINE 375 (1x12's) 24แผง/แพ็ค,28.00
-,ROYAL-D WHEY PROTEIN (10ซอง/กล่อง) วนิลา,455.00
-,ROYAL-D WHEY PROTEIN (15ซอง/กล่อง) ช็อคโกแลต,455.00
-,XEGRA 100mg (1x4's) *NB,90.00
-,PARACETAMOL แบบแผง (50x10's) GPO *ขายขาด,265.00
-,CLENASCAR GEL 7g,70.00
-,MOXILIN-500 (50x10's) แดง-เหลือง SIAM42,495.00
-,MECZE 500mg (3x10's),62.00
-,ACNE-AID ANTI-ACNE GEL 10g แดง,130.00
-,GASMOTIN 5mg (3x10's),415.00
-,MERISLON 12mg (3x10's),107.00
-,FOBAN OINTMENT 15g *ห้างแจ้งของขาด,100.00
-,FOBAN CREAM 15g,100.00
-,BUFENAC GEL 30g,25.00
-,FLOCTIL 200 SYRUP 15ml รสเชอรี่,94.00
-,FOBANCORT CREAM 15g,102.00
-,TIGERPLAST สปอร์ตเทป สีขาว 2นิ้วx10หลา (6ม้วน/กระบอก),475.00
-,TIGERPLAST สปอร์ตเทป สีขาว 1นิ้วx10หลา (12ม้วน/กระบอก),475.00
-,CETIRIZINE TABLET (50x10's) สหแพทย์,120.00
-,MOX-TAB 875mg (10x10's) ขาวรี,395.00
-,C-CLOX 500 (50x10's) ฟ้า-ขาว,855.00
-,ก.ย.15 สเปรย์กันยุง ลาเวนเดอร์ 40ml *XX,35.00
-,NORTUSSIN (10x10's) แบบแผง,95.00
-,VIT C-MILE 500 เม็ดอม (12x15's),446.00
-,BEGESIC CREAM 30g,27.00
-,ยาดมสมุนไพรหงส์คู่ 10 g (12ขวด/แพ็ค) *XX,18.00
-,ยาคุม SLINDA (28's),316.00
-,DOSANAC EMULSION GEL 25g,41.00
-,BOTOBEL การบูรหอม (ชนิดซองเติม) 30g,34.00
-,BOTOBEL การบูรหอม (ชนิดถุงหอม) 40g,43.00
-,X PERT ALLIUM CEPA PLUS GEL 10g,84.00
-,CLODERM OINTMENT 15g,82.00
-,N-BUFEN 60ml รสส้ม,19.50
-,DEXPENTEN OINTMENT 35g,60.00
-,MONKAST-10 (2x14's),209.00
-,PLAIVANA CREAM 35g,80.00
-,DEHEC-Z SYRUP 60 ml รสองุ่น,75.00
-,BANNER SOY PROTEIN (60's) แดง,343.00
-,BANNER GOLD PLUS (30's) ทอง,229.00
-,BANNER SOY PROTEIN (30's) แดง,185.00
-,BANNER GOLD PLUS (60's) ทอง,429.00
-,BANNER BRIGHT HI-B (60's) น้ำเงิน,429.00
-,TOPIDERM 15 g,48.00
-,FLUIMUCIL Injection 300mg (5x3ml),165.00
-,ขี้ผึ้งสีชมพู-40 ตราเจ็ดดาว 30g ตลับใหญ่,28.00
-,NUOSIC (50x10's) ชมพูกลม,350.00
-,NUOSIC (50x10's) เขียวเหลี่ยม,350.00
-,THROATSIL PLUS (24x8's),355.00
-,THROATSIL HONEY&LEMON (24x8's),294.00
-,THROATSIL ORANGE (24x8's),294.00
-,DENTISTE MOUTH SPRAY ฟ้าทะลายโจร 20ml,220.00
-,DENTISTE ไหมขัดฟัน WAXED MINT 15 เมตร,38.00
-,SMOOTH E BODY ACNE SPRAY 4in1 50ml,265.00
-,DERMATIX ULTRA KIDS 5g,362.00
-,MYDA POWDER 20g,26.00
-,PRECIUS 75mg (6x10's),350.00
-,PIROXONE GEL 30g,26.00
-,SMECTA (10ซอง) ส้ม-วนิลา,152.00
-,*โปร May2* CRESTOR 10mg (2x14's),995.00
-,BESMAL 524mg (1x10's),29.00
-,BRUSTAN (50x10's),700.00
-,SOS PC1 พลาสเตอร์พลาสติกใส 10 ชิ้น,9.00
-,SOS PB1 พลาสเตอร์พลาสติกสีเนื้อ 10 ชิ้น,9.00
-,SOS F1 พลาสเตอร์ผ้าสีเนื้อ 8 ชิ้น,9.00
-,CERAVE SA SMOOTHING CLEANSER 236ml,364.00
-,PHAMAMIN (100x10's),175.00
-,FLUIMUCIL A 600 (5x2's),145.00
-,ANNOXEN-S 275 mg (2x10's),75.00
-,ARCONA 120mg (1x6's),48.00
-,CRAVIXIN 500 (10x10's),725.00
-,MEGA EUGICA MOUTH SPRAY 10ml,71.00
-,MEGA VIRUNO 60mg (3x5's),129.00
-,DIABEDERM CREAM 10% 450g,310.00
-,HIMALAYA 1930 LIP BALM 10g *XX,47.00
-,KOOL FEVER EXTRACOOL ผู้ใหญ่ (3ซองx2ชิ้น),74.00
-,FLURIN (1000's) เทา-แดง,260.00
-,SELEDERM 60ml,46.00
-,SELEDERM 30ml,27.00
-,MANCOXIB-90 (3x10's),185.00
-,VITA-C ไวต้า-ซี รสองุ่น (1000's),95.00
-,VITA-C ไวต้า-ซี รสสัปปะรด (1000's),95.00
-,HYATEAR (20x0.3ml),238.00
-,CLARITYNE 10 mg (1x5's),57.00
-,BEROCCA PERFORMANCE (12x2's),320.00
-,VICHY LIFTACTIV SUPREME H.A. 30ml ขวดเงิน,1215.00
-,VICHY LIFTACTIV SPECIALIST B3 30ml ขวดแดง,1240.00
-,ACNE-AID GEL CLEANSER SENSITIVE SKIN 100ml ฟ้า,135.00
-,ACNE-AID FOAMING FACE WASH OIL CONTROL 100ml แดง,145.00
-,FIT-ZN SHOT ซิ้งค์ (30ซองx2g),190.00
-,AMSEL ZINC PLUS (30's),116.00
-,AMSEL MULTI VIT (40's),208.00
-,AMSEL MAGNESIUM (30's),149.00
-,AMSEL GLUTAMINE 800mg (30's),206.00
-,AMSEL BILBERRY EXTRACT PLUS (30's),245.00
-,AMSEL AMINO COLLAGEN (40's),170.00
-,SME ACNE HYDROGEL 10g,165.00
-,BAKAMOL (10x10's),76.00
-,สำลีก้อน รถพยาบาล 20g,8.00
-,DETTOL SPRAY 225ml คริสป์บรีซ (ฟ้า) *ห้างแจ้งของขาด,105.00
-,DETTOL SPRAY 225ml ลาเวนเดอร์ (ม่วง) *ห้างแจ้งของขาด,105.00
-,THREE-B FORTE (10x10'),235.00
-,POLIDENT เม็ดฟู่ (30เม็ด),117.00
-,FERROPRO (100's) *ขายขาด,38.00
-,SALONPAS 7x10cm (3แผ่นx10ซอง),690.00
-,RHITECIN (10x10's),47.00
-,LANZAAR 50 (10x10's),190.00
-,NEOCA SMARTAB (30's),240.00
-,NEOCA GARLIC (30's),92.00
-,NEOCA MINEVIT (30's),170.00
-,AMOXYCILLIN 500mg ขาว-ชมพู (50x10's),475.00
-,MOXCILLIN 500mg ฟ้าเข้ม-ฟ้าอ่อน (50x10's),475.00
-,STEI 16 (1x10's),27.00
-,SIA-MOX 250mg/5ml 60ml,68.00
-,AMSEL L-ARGININE PLUS ZINC (40's),132.00
-,POVIDINE (12x30ml),205.00
-,POVIDINE (12x15ml),138.00
-,VITOP CAPSULE FOC (10x10's) *ห้างแจ้งของขาด เข้าธค.69,393.00
-,MAXXLIFE VITAMIN C 500 mg (30's),107.00
-,MILK MILK นมอัดเม็ด รสวนิลา (40's),42.00
-,CELEBREX 400 (1x10's),405.00
-,RELPAX 40mg (1x2's),208.00
-,LERES 5mg (1x10's),58.00
-,TEDIUM (10x10's),39.00
-,AROTIKA COOL SPRAY 60ml,98.00
-,ARTRODAR (3x10's),506.00
-,OCUSOFT LID SCRUB ORIGINAL PAD (30ชิ้น),370.00
-,OCUSOFT LID SCRUB PLUS FOAM 50ml *X,440.00
-,OCUSOFT LID SCRUB PLUS PAD (30ชิ้น),550.00
-,OCUSOFT LID SCRUB ORIGINAL FOAM 50ml,295.00
-,PEURRI ANTI ACNE GEL 3g เจลแต้มสิว,81.00
-,INTORICOXIB 90 mg (1x7's),93.00
-,CYSTALINE 600mg (5x4's),157.00
-,PULSE OXIMETER JPD-500D,700.00
-,TORRAFEN FORTE (1x10's),25.00
-,D-PRAZOL (1x14's),31.00
-,EUCALYTUS OIL จิงโจ้ 28cc,68.50
-,EUCALYTUS OIL จิงโจ้ 8.5cc,34.00
-,BLACKMORES PROBIOTICS+ DAILY BALANCE (30's) *ห้างแจ้งของขาด เข้าพ.ค.,913.00
-,FIT HERBAL MOUTH SPRAY 15ml,64.00
-,BIOCOTTON สำลีก้อนสเตอร์ไรด์ (25ซองx5ก้อน),85.00
-,ยาเขียวสามฤดู เข้มข้น (1x10's) (10แผง/แพ็ค),30.00
-,ยาแคปซูลฟ้าทะลายโจรสกัด อ้วยอัน (45's),132.00
-,DIABEDERM LOTION 10% 200ml,193.00
-,DOXIN 100 (25x10's),310.00
-,GANATON (1x10's),145.00
-,PARIET 10mg (1x14's),461.00
-,VITARA SKINBEFINE LOTION 30g โลชั่นสำหรับผิวแห้งคัน,162.00
-,EUCALYTUS SPRAY ยูคาลิปตัสสเปรย์ ตราจิงโจ้ 300 ml,190.00
-,GUTTRU DUAL 150ml,222.00
-,GUTTRU DUAL ซอง (24x10ml),370.00
-,ONCE RENAL 400g ก่อนล้างไต,305.00
-,DEGRAN (1x10's),29.00
-,กิงโก บิโลบา ใบแป๊ะก๊วยสกัดชนิดเม็ด (30's) ตราวาย-กิง,187.00
-,NOPAN เม็ดส้มกลม (50x10's) A.U.,245.00
-,PORMUS (50x10's),435.00
-,DEMOSANA ZINC+C (20's) ราสเบอรี่,82.00
-,ยาหม่องโอสถ ตรา 5 ม้า 50g,24.00
-,TINTIN CREAM 0.05% 20g,78.00
-,CANESBALANCE VAGINAL GEL 5ml (7ชิ้น ),283.00
-,SOS G3 GAUZE DRESSINGS ตาข่ายกันแผลติด 10x10cm (10แผ่น/กล่อง),105.00
-,LA ROCHE EFFACLAR GEL 50ml,190.00
-,LA ROCHE EFFACLAR SERUM 30ml,885.00
-,CERAVE CREAMY CLEANSER 100ml,215.00
-,HIDRASEC PAEDIATRIC 30mg (16ซอง),484.00
-,"GAUZE ผ้าก๊อซ 4""x4"" (10ซอง/กล่อง) รถพยาบาล",112.00
-,NEOTICA COOL 30g ฟ้า,37.00
-,FESPA 500 (1x10's),16.00
-,BLACKMORES MULTIVITAMIN+ACTIVE (30's) *ห้างแจ้งของขาด เข้าพ.ค.,256.00
-,BLACKMORES OMEGA TRIPLE DAILY (60's),790.00
-,BLACKMORES MARINE COLLAGEN ABSOLUTE (30's),760.00
-,BLACKMORES ASTAXANTHIN 6mg (30's),433.00
-,BLACKMORES GRAPE SEED FORTE 12000 (30's),490.00
-,BLACKMORES MULTI B (30's),195.00
-,BLACKMORES EXEC B (30's) *ห้างแจ้งของขาด เข้าพ.ค.,237.00
-,BLACKMORES CO Q10 (30's) *ห้างแจ้งของขาด เข้ามิ.ย.,538.00
-,KAL-CEE ส้ม (10's) *สูตร CDR,45.00
-,ยาสีฟัน DENTISTE MAX PLUS WHITE 100g ใหญ่,168.00
-,ยาสีฟัน DENTISTE MAX PLUS WHITE 20g,46.00
-,METHYL SALICYLATE CREAM 15g *ขายขาด,19.00
-,IBUCAP 400 (10x10's),415.00
-,TIGERPLAST (100ชิ้น) ผ้าสีเนื้อ,36.00
-,GAVISCON ADVANCE (24x10ml),700.00
-,GAVISCON ADVANCE 150ml,318.00
-,EXIB 60 (3x10's),206.00
-,MEGA NUTRIVITA DAILY (3x10's),245.00
-,MEL-OD 7.5 mg (10x10's),160.00
-,พิมเสนโป๊ยเซียน ขวดแก้วแบน 3cc,175.00
-,FRESHENER PATCH สติกเกอร์หัวหอมแดง (6ชิ้น) *ห้างขายขาด,57.00
-,SONAP FORTE 550mg (1x10's) แผงเดี่ยว,36.00
-,MEGA ZIRIN (10's),83.00
-,CEFEN 400P (50x10's) ชมพูกลม,260.00
-,ANUFEN 400 YELLOW (25x10's) *ขายขาด,228.00
-,MEGA FLEXSA 1500 (31ซอง),449.00
-,MEGA NUTRIVITA (1x10's),84.00
-,MEGA iiCARE DAILY (3x10's),419.00
-,DISOL (10x10's),130.00
-,TIGERPLAST CARIFIX WATERPROOF (10cmx1m),89.00
-,ATOZIN 250mg (10x6's),460.00
-,I-KIDS POP HONEY COLA (10ชิ้น/กล่อง),98.00
-,ยาคุม HERZ (1x28's),225.50
-,GLUCOSA-500mg (10x10's),240.00
-,COBAY-500 (25x10's),325.00
-,SANISOFT ทิชชู่ ALCOHOL 70% (20แผ่น),22.00
-,SMOOTH C CHEWABLE CANDY 120mg (14เม็ด/กล่อง),35.00
-,LEOPOVIDONE GEL 20g,46.00
-,D-COATE (500's) เขียวกลมเคลืยบ,470.00
-,NEXCARE 3M แผ่นดูดซับสิว ขอบบาง (กล่อง12ชิ้น) ชมพูอ่อน,62.00
-,PROPOLIZ SPRAY กระชายขาว 15ml,108.00
-,CARBOMED (10x10's) *ขายขาด,190.00
-,SKINFECT-B CREAM 15g,30.00
-,CLINICOLD คลินิโคล (10x10's),145.00
-,CATALIN OPHTHALMIC SOLUTION แคทตาลิน 15ml,130.00
-,MEDMAKER U-REPAIR INTENSIVE CREAM 30g เขียว,73.00
-,MUCLEAR (10's),117.00
-,CEMOL ชนิดแผง (50x10's) เม็ดขาวกลม,165.00
-,MAMARINE PURE COLLA (10gx10ซอง),178.00
-,MEGA ZINCOMIN (60's),208.00
-,MEGA GRAPE SEED 20mg (60's),283.00
-,SME 24K GOLD HYDRO BOOST SERUM 30ml,730.00
-,PAINEX 400mg (3x10's),232.00
-,PAINEX 200mg (3x10's),145.00
-,PURICAS DRAGON'S BLOOD SCAR GEL 3g,84.00
-,DICLOXMED 500 (50x10's),725.00
-,PROSPA ORANGE (25x10's) *ขายขาด,195.00
-,OSPHRINE 50mg (10x10's),98.00
-,PIP ALLO (10x10's),71.00
-,CLINICOF คลินิคอฟ (10x10's),150.00
-,BENZAC SPOTS DAILY FACIAL FOAM CLEANSER 130ml,350.00
-,CETAPHIL BHR BRIGHTENING REVEAL CLEANSER 100g,330.00
-,CETAPHIL BHR BRIGHTENING TONER 150ml,318.00
-,CETAPHIL BHR BRIGHTENING NIGHT COMFORT CREAM 50g,845.00
-,CETAPHIL BHR BRIGHTENING DAY PROTECTION CREAM SPF15 50g,770.00
-,MUCOSTA (10x10's),815.00
-,ONCE DIALYZE นมผู้ป่วยโรคไต 400g,390.00
-,MOXY 500 เขียว-ฟ้า (50x10's) HK,455.00
-,KOOL FEVER MINT (3ซองx2ชิ้น) กล่องเขียว,74.00
-,SOS COOLING GEL PATCH แผ่นแปะลดไข้ (4แผ่น/กล่อง),67.00
-,MEGA NAT D (60's),380.00
-,BELFESH (10x10's),142.00
-,ยาหม่องเสลดพังพอนตราแม่กุหลาบ 50g,45.00
-,KLOBECORT 0.05% MILKY LOTION 10g,49.00
-,VITA-C ไวต้า-ซี รสส้ม (1000's),95.00
-,PHYSIOGEL DMT CREAM 150ml,599.00
-,PHYSIOGEL AI CREAM 100ml,825.00
-,PHYSIOGEL CLEANSER 500ml,440.00
-,SATOGESIC GEL 35g,176.00
-,MEGA FISH OIL 1000mg (30's),113.00
-,S-TOLZEN (50x10's),280.00
-,BIODERMA SEBIUM 500 CC. ฝาเขียว,545.00
-,MEGA FERROTONE (1x10's),45.00
-,MEGA NAT MAG (30's),160.00
-,MEGA DIAVIT (1x10's),86.00
-,MEGA FLEXIGEN (15ซอง),492.00
-,"CEFEN 400P ชมพูกลม (1,000's) *ห้างแจ้งของขาด",355.00
-,"CEFEN 400Y เหลืองรี (1,000's)",375.00
-,MAMARINE PURE COLLA 100g,170.00
-,PUVADON GARGLE 30ml,68.00
-,HEIDI 200mg (20x10's),270.00
-,NORFLOXACIN 400mg (1x6's) ชุมชน,15.00
-,AVAFAST 60 (1x10's),23.50
-,SOS SM SERIES แผ่นปิดแผลพร้อมใช้ (4x7cmx5ชิ้น)ฟ้า,22.00
-,SOS TM SERIES พลาสเตอร์ใสกันน้ำ (4x7cmx3ชิ้น)แดง,22.00
-,BLACKMORES ACEROLA PLUS (40's),250.00
-,KARY UNI (10x5ml),70.00
-,ยาคุม TANSY ONE (1x1's),40.00
-,ROYAL-D ผสมวิตามิน สตรอเบอร์รี่ (10ซอง),36.00
-,CB-400 (1x1's) (10กล่อง/แพ็ค),55.00
-,PHARMATON GERIATRIC (100cap),1135.00
-,BEPANTHEN OINTMENT 50g,194.00
-,TENSOPLASTIC (100ชิ้น) พลาสติกใส,81.00
-,TRIMICON CREAM 15g,32.00
-,MILK MILK นมอัดเม็ด รสช็อคโกแลต (40's),42.00
-,MILK MILK นมอัดเม็ด รสหวาน (40's),42.00
-,SME FOAM FOR MEN 4.00oz (120g),185.00
-,MAMARINE BIO C PLUS ELDERBERRY 60ml ม่วง,150.00
-,MAMARINE KIDS FORTE 60cc น้ำเงิน,65.00
-,MAMARINE KIDS BOOSTER 60cc ส้ม,130.00
-,TIPO TABLETS (1x10's),16.00
-,ไวท์ฟาร์ม ช็อคบอล 17g (12ซอง/กล่อง),130.00
-,BAINI GUMMIES VIT C+ DHA (24ซอง/กล่อง),99.00
-,LA ROCHE-POSAY RETINOL B3 SERUM 30ml,1090.00
-,NEOCA COXIUP FAZ (3x10's),294.00
-,ไวท์ฟาร์ม นมอัดเม็ด รสช็อกโกแลต (10ซอง),85.00
-,ไวท์ฟาร์ม นมอัดเม็ด รสหวาน (10ซอง),85.00
-,VISTRA ODORLESS FISH OIL 1000mg (100's),212.00
-,CEFEN 600 (50x10's) *ห้างแจ้งของขาด,400.00
-,DERMATIX ACNE SCAR 5g,228.00
-,FUNGAZOL 200 (25x10's),465.00
-,OPSAR DROPS 20% 5ml *ขายขาด,16.00
-,SOS PLUS TR1 (1/2นิ้วx10หลา) (24ม้วน/แพ็ค) แดง,12.00
-,ASCORBIC ACID 50mg (1000's) PATAR,115.00
-,"NET GAUZE ก๊อซผ้าฝ้าย 4""x4"" (กล่อง10ซอง)",74.00
-,PEURRI ALL ACNE CLEANSER 100ml,179.00
-,PURICAS DRAGON'S BLOOD SCAR GEL 20g,510.00
-,ยาคุมฉุกเฉิน JANNY (10x2's),12.00
-,POLYGOT (1x10's),19.00
-,BERLONTIN 100 (10x10's),172.00
-,AROTIKA COOL GEL 100g,72.00
-,PURICAS PLUS ADVANCED DRAGON'S BLOOD C&E SCAR GEL 9g,267.00
-,NEOCA-C 1000mg (30's),179.00
-,NEOCA ORYZOL TS (30's),269.00
-,MAMARINE BIO-C PLUS ELDERBERRY AND BETA GLUCAN (30แคปซูล),185.00
-,VIBEE VITAMIN B1 B6 B12 (10x10),231.00
-,DANDRIL ANTI-DANDRUFF 100ml,70.00
-,BIOFRESH MOUTH SPRAY 5ml,44.00
-,ALBUMEN (60's) โปรตีนไข่ขาว,355.00
-,GLUCOSA-1500 กล่องส้ม (30ซอง) ไม่มีรสชาติ,240.00
-,SAMNIR SUSP 125mg 30ml,154.00
-,SAMNIR 100mg (1x10's),138.00
-,SIAMFORMET 850 (10x10's),196.00
-,MYBACIN OTC MINT รสมิ้นท์ (70x8's),9.00
-,PROCTASE-P (50x10's),820.00
-,SD-100 *ขายขาด,120.00
-,SI-HERB DRESSING แผ่นตาข่ายสมุนไพร (3แผ่น/กล่อง),110.00
-,SOS PLUS PR1 (1/2นิ้วx10หลา) (24ม้วน/แพ็ค) น้ำเงิน,12.00
-,SALDA INHALE (20x2.5ml),218.00
-,CLOXILLIN 500mg ส้ม-ดำ (25x10's),315.00
-,AMPICILLIN CAPSULE ดำ-แดง (25x10's) A.U.,320.00
-,SOS PLUS TR3 (1นิ้วx10หลา) (12ม้วน/แพ็ค) แดง,23.00
-,SOS PLUS PR2 (1นิ้วx10หลา) (12ม้วน/แพ็ค) น้ำเงิน,23.00
-,I-COF (25x10's),445.00
-,NEOCA CAL PLUS (60's),145.00
-,กรรไกรตัดเนื้อตรง 14.5 cm ยี่ห้อ EM E10-0110 *ขายขาด,95.00
-,ยาคุม RITA (21's),40.00
-,แป้งเต่าเหยียบโลก ทานาคา (ม่วง) *ขายขาด,30.00
-,PROVAMED BABINI OINTMENT 50g,123.00
-,PROVAMED BABINI SOOTHING CREAM 15ml *ห้างแจ้งของขาด,109.00
-,MACROTAP NT (1x10's),83.00
-,LONNA GEL ส้ม (25x1g) ซอง,179.00
-,LONNA GEL มิ้นท์ (25x1g) ซอง,179.00
-,LONNA GEL ส้ม 5g หลอด,30.00
-,LONNA GEL มิ้นท์ 5g หลอด,30.00
-,VITALUX PLUS (30's),309.00
-,ยาคุม RITA (28's),40.00
-,LEO POVIDONE 30ml,35.00
-,ROLLATOR ที่หัดเดินล้อ 6 นิ้ว สีน้ำเงิน (CA8612),2300.00
-,NASOL 15ml,78.00
-,DELTACARBON (1x10's),24.00
-,ALLORA 5 (1x10's),50.00
-,MAMARINE BIO-C PLUS ELDERBERRY 120ml สีม่วง,270.00
-,MAXXLIFE CO-LIVA (30's),855.00
-,EXIB 90 (1x5's),41.00
-,LEO POVIDONE 15ml,24.00
-,RANCLAV TABLETS 1g (3x4's),76.00
-,PROPOLIZ LOZENGE น้ำผึ้งและขิง (10x8's),141.00
-,CLOVIN CREAM 5g,16.00
-,BANOCIN OINTMENT 10g,25.00
-,CLINICOLD (50x10's),545.00
-,PROVAMED SCAR SILICONE 10g,234.00
-,MECOBAL (50x10's),570.00
-,PRIMOLUT N (2x15's),171.00
-,PHARMICA MEDICATE PLASTER (COOL) พลาสเตอแก้ปวดสูตรเย็น กล่องฟ้า (10x2's),31.00
-,TORCOZIA 90mg (1x5's),45.00
-,MINRA แบบหยด 15ml รสองุ่น,30.00
-,TETRACYCLINE HCL 250mg ดำ-แดง (1000's) HK,475.00
-,MEGA PHENZ (1x10's),83.00
-,ABHAI-B อภัย-บี (70's) *NP,165.00
-,PROVAMED ACEROLA C WHIP FOAM 80g *XX,74.00
-,PROVAMED RETINOL-A GEL 10g,109.00
-,OXE'CURE BODY ACNE SPRAY 50 ml สบู่ 30 ก,158.00
-,DERZID-N CREAM 15g,20.00
-,ยาดมตราไผ่คู่ 2g (60หลอด/กล่อง) หลอดขาว,75.00
-,DEXTIDERM 5% 35g,67.00
-,HISTIGO-16 (6x10's),192.00
-,แพ็คคู่ ACNE-AID CLEANSER (2x100ml) แดง,245.00
-,HY-C VITAMIN C 50mg รสสตรอเบอร์รี่ (36x20's),279.00
-,HY-C VITAMIN C 50mg รสส้ม (36x20's),279.00
-,HY-C VITAMIN C 50mg รสองุ่น (36x20's),279.00
-,HY-C VITAMIN C 50mg รสสัปปะรด (36x20's),279.00
-,JELLY COOL (3ซองx2ชิ้น),67.00
-,PHARMICA MEDICATE PLASTER (WARM) แผ่นแปะแก้ปวด (6X2's),51.00
-,PYGABA 75MG (4x14's),370.00
-,MEGA GOGAZ (1x10's),28.00
-,TARA-PLUS CREAM 15g,35.00
-,LAX-HERB SIAM HERBAL ยาระบาย (10x10's),405.00
-,HEMORAL SIAM HERBAL แก้ริดสีดวง (3x10's),98.00
-,ขมิ้นชัน SIAM HERBAL (60's),59.00
-,ฟ้าทะลายโจร SIAM HERBAL (60's),63.00
-,MAXXLIFE ULTRA 8 OIL (3x10's),510.00
-,MAXXLIFE ASTAXANTHIN 6mg (30's),855.00
-,BETAMETHASONE CREAM 5g GPO *ขายขาด,13.00
-,DENTOFIZZ เม็ดฟู่แช่ฟันปลอม (15's),34.00
-,AKNEDERM BP 2.5% 10g,55.00
-,LESFLAM 50 (10x10's),120.00
-,ZERMED (10x10's ) *ขายขาด,59.00
-,PROSPA ORANGE (500's) *ขายขาด,335.00
-,ECOSONE CREAM 15G,70.00
-,DERTEC CREAM 5g,20.00
-,DERTEC CREAM 15g,44.00
-,แป้งโยคี ในรัศมีวงกลม 60g ฉลากส้ม,11.00
-,I-KIDS POP HONEY-LIME (10ชิ้น/กล่อง) เขียว,98.00
-,I-KIDS POP HONEY ELDERBERRY (10ชิ้น/กล่อง) ม่วง,98.00
-,AKNEDERM BP 5% 10g,55.00
-,MEDIFAST 180 (1x10's),53.00
-,MEDIFAST 60 (10x10's),164.00
-,MYMOL ฟ้า-ขาว (100's),20.00
-,MIRAX-M (10x10's),58.00
-,SME FACE LIFT (12แคปซูล),210.00
-,SYSTRAL CREAM 10g *ห้างแจ้งของขาด เข้าก.ค.,32.00
-,MIRAFAC (10x10's) *ห้างขายขาด,220.00
-,HISTIGO-24 (2x10's),127.00
-,ANTIPAIN CREAM 30g,26.00
-,KONOVID 200 (10x10's),160.00
-,MECOBIN (25x10's),350.00
-,MEGA GOFEN (1x10's),81.00
-,BANOCIN POWDER (25x3g) แบบซอง,120.00
-,HICEE 100 (50's),55.00
-,FIRIDE 1mg (3x10's),275.00
-,CYPROHEPTADINE (1000's) ขาวกลม,105.00
-,AROTIKA COOL GEL 35g,28.00
-,MARWIN สเปรย์ 20g,38.00
-,ORANO (50x10's),435.00
-,CYBELE SCAGEL KIDS 4g,70.00
-,DOSANAC EMULSION GEL 50g,61.00
-,SOS E5 พลาสเตอร์ปิดตา (5.8x8.3x10ซอง),85.00
-,"SOS S3x3 SERIES แผ่นปิดแผลพร้อมใช้ (3X3""x3ชิ้น)",37.00
-,"SOS S2x2 SERIES แผ่นปิดแผลพร้อมใช้ (2X2""x4ชิ้น)",31.00
-,SOS S SERIES แผ่นปิดแผลพร้อมใช้ (10x20cmx2ชิ้น),53.00
-,SOS S3 แผ่นปิดแผลพร้อมใช้ (6x10cmx5ชิ้น),29.00
-,SOS S2 แผ่นปิดแผลพร้อมใช้ (6x7cmx5ชิ้น),27.00
-,SOS T1 SERIES พลาสเตอร์ใสกันน้ำ HELLO KITTY (2.5x5.6cmx6ชิ้น) *ห้างแจ้งของขาด,20.00
-,"SOS T2x4 SERIES พลาสเตอร์ใสกันน้ำ (2x4""x2ชิ้น)",53.00
-,"SOS T3x3 SERIES พลาสเตอร์ใสกันน้ำ (3x3""x2ชิ้น)",37.00
-,"SOS T2x2 SERIES พลาสเตอร์ใสกันน้ำ (2x2""x3ชิ้น)",32.00
-,SOS T4 พลาสเตอร์ใสกันน้ำ (10x25cmx2ชิ้น),81.00
-,SOS T3 พลาสเตอร์ใสกันน้ำ (6x10cmx2ชิ้น),29.00
-,SOS T2 พลาสเตอร์ใสกันน้ำ (6x7cmx3ชิ้น),27.00
-,SOS T1 พลาสเตอร์ใสกันน้ำ (2.5x5.6cmx10ชิ้น),20.00
-,VIVIT (50x10's) PATAR,17.00
-,CENBUFEN 400 ฟ้ารี (1000's),375.00
-,CENCOPAN S (50x10's),424.00
-,บ๊วยหวาน ตราอีแอล,16.00
-,บ๊วยเค็ม ตราอีแอล,16.00
-,บ๊วยกิมจ้อ ตราอีแอล,16.00
-,บ๊วยเลม่อนชิ้น ตราอีแอล,16.00
-,บ๊วยมะละกอ ตราอีแอล (บ่อฮวยรสบ๊วย),16.00
-,บ๊วยลูกท้ออบแห้ง ตราอีแอล,16.00
-,ZETHEN (10x9's),312.00
-,CANDINOX 100 mg (ยาเหน็บ 6เม็ด),16.00
-,CANASONE 0.5 ยาสอดช่องคลอด (1x1's),61.00
-,CERAVE HYDRATING HYALURON SERUM 30ml,515.00
-,LA ROCHE-POSAY TOLERIANE MOUSSE FOAMING CREAM 125ml *X,510.00
-,CATANAC 50 (25x10's),270.00
-,น้ำมันเขียว เสลดพังพอน แม่กุหลาบ 20ml (12ขวด/แพ็ค),78.00
-,น้ำมันเหลือง สูตรไพล ตราแม่กุหลาบ 20ml (12ขวด/แพ็ค),78.00
-,VITARA ANTI-MELASMA SPOT SERUM 10g,193.00
-,VITARA AHA 10% EXTRA PLUS 20g,139.00
-,ELMEGO SPRAY 50ml,56.00
-,VISTRA ODORLESS FISH OIL 1000mg (75's),168.00
-,PEURRI ANTI ACNE GEL 8g เจลแต้มสิว,167.00
-,UNISON OINTMENT 15g (24หลอด/แพ็ค),14.50
-,DERMIZOLE 500mg (1x1's),21.00
-,INF-OPH (12x5cc) *ห้างแจ้งของขาด,42.00
-,CHINTA-LAX (1000's),360.00
-,PLAIVANA CREAM 15g,40.00
-,RHEUTRIL-1500 (30ซอง),205.00
-,เทพไทย ยาสีฟันสมุนไพร รสมิกซ์ฟรุ๊ต 70g,79.00
-,เทพไทย ยาสีฟันสมุนไพร รสสเปียร์มิ้นท์ 70g,79.00
-,เทพไทย ยาสีฟันสมุนไพร รสดั้งเดิม 70g,79.00
-,STEI 24 (10x10's),400.00
-,BURINOL 300mg (25x10's),560.00
-,BURINOL 100mg (25x10's),235.00
-,Q-C LUBRICATING JELLY 50g T.O.,30.00
-,SIAMFORMET 500 (10x10's),107.00
-,TONAF-B CREAM 15g แดง-เหลือง,69.00
-,TONAF-B CREAM 5g แดง-เหลือง,32.00
-,ROYAL-D ผสมวิตามิน รสส้ม (10ซอง),36.00
-,ยาหม่องน้ำถ้วยทอง ลูกกลิ้ง 7cc,33.50
-,GLUCOTRIL 1500 รสสับปะรด (30x4g),195.00
-,ยาคุม BELARA (21's),256.00
-,HIALID 0.1% 5cc,142.00
-,DRAMAMINE 50mg (10x10's),144.00
-,BACTOCLAV-1000 (2x7's),85.00
-,CANDID EAR DROP 15ml,67.00
-,AZYCIN 250 mg (1x6's) GPO *ขายขาด,67.00
-,CYBELE SCAGEL 4g,70.00
-,UECOF CD (20x18g) สเปียร์มินท์,408.00
-,UECOF CD (20x18g) น้ำผึ้งเลม่อน,408.00
-,VOLTA EMULSION GEL 15 g,13.00
-,DIOXZYE (50x10's) รสส้ม,14.00
-,HEXENE 4% 45ml,23.00
-,CANDID-V3 ยาเหน็บ (3เม็ด),24.00
-,DERZID-C CREAM 15g,24.00
-,KHAOLAOR MOUTH GEL 5g ขาวละออ,42.00
-,DAMINATE 2mg (10x10's),75.00
-,MERLIN (50x10's) T.O.,214.00
-,SPORNAR 100mg (25x4's),480.00
-,TIFFYRUB 40g ขวดใหญ่,77.00
-,MANCLAMINE 312mg 70ml,85.00
-,ใบมะขามแขก อ้วยอันโอสถ (100's),60.00
-,CEMOL ขาวกลม (50's) ขวดเล็ก,14.00
-,TORCOZIA 90mg (1x10's),86.00
-,MEGA DOFLAM (1x10's),74.00
-,BILAXTEN (1x10's),132.00
-,ซองซิปยาเขียน 7x10cm (100ซอง/แพ็ค),15.00
-,"INDOMETHACIN ฟ้า-ขาว (1,000's) HK",160.00
-,DEXTRO เขียวรี (1000's) OSI,465.00
-,OMESAN แคปซูลแดง-เหลือง (50x10's) HK,270.00
-,CHLOVAS-20 (3x10's),239.00
-,DIACERIC (3x10's),314.00
-,NORTUSSIN (1000's),670.00
-,NEWPHARVIT PLUS (100เม็ด) เหลือง,98.00
-,DIOXZYE (50x10's) รสมิ้น,13.50
-,COTREN 500mg ยาเหน็บ 1 เม็ด,23.00
-,MOXY 500 เขียว-ฟ้า (500's) HK,455.00
-,VOLTAREN DOUBLE STRENGTH EMULGEL 2% 30g,217.00
-,SELSUN 30ml,84.00
-,MIGANA (40x10's) *ห้างแจ้งของขาด,800.00
-,MANCLAMINE 228ml 70ml,77.50
-,MANCLAMINE 156mg 70ml,53.00
-,SIDUOL (3x10's),110.00
-,TRIPTA 25 (1000's) ชมพูเคลือบ,339.00
-,CEE-500 SWEETLETS (10x10's) *ห้างแจ้งของขาด,265.00
-,GASZYM (50x10's),1260.00
-,CISTAMINE 10mg (1000's) L.B.S.,630.00
-,NATEAR UD (28ชิ้น),191.00
-,MEGA AVARIN (1x10's),59.00
-,DILIZEM 30mg (10x10's),154.00
-,DERMATIX ULTRA GEL 9g,568.00
-,ISOPTIN SR 240mg (2x15's),640.00
-,DIFFLIS HERBAL MOUTH SPRAY 15ml,97.00
-,OMED 20mg (1x14's),24.00
-,UNICHARM 3D MASK ผู้ใหญ่ L (ซอง4ชิ้น)เขียว,65.00
-,CELCOX 200 (1x10's),42.00
-,ยาคุม CAMELLA (21's),71.00
-,CHLORPHENIRAMINE MALEATE (100's) A.U.,65.00
-,*โปร May2* D-COATE (50x10's) เขียวกลมเคลือบ,500.00
-,SME FOAM FOR MEN 1.25oz (36g),70.00
-,SME BABYFACE GEL 5.5 OZ.(คิมเบอร์ลี่),250.00
-,SME ANTI MELASMA&WHITE BABY FACE FOAM 1oz.(30g),76.00
-,SME ANTI MELASMA&WHITE BABY FACE FOAM 4oz.(120g),240.00
-,TOMEI ANTI-ACNE 7in1 CREAM PLUS 9g,107.00
-,SME BABY FACE SCRUB 66g,127.00
-,SME FOAM FOR MEN 2.5oz (75g),128.00
-,KELOSIL SILICONE SCAR GEL 10g,310.00
-,BRONAL SYRUP 60ml,85.00
-,AUGMENTIN 1g (1x10's),230.00
-,AVAFAST 180 (1x10's),55.00
-,SOLUFEN 400 (10x10's),425.00
-,DUSPATIN 135 (10x10's),287.00
-,ยาดมสมุนไพร สูตร 2 หงส์ไทย 5g (สีเขียว),29.00
-,MONOLIN 20mg SR (3x10's),87.00
-,HYLES 25 (10x10's),135.00
-,LINCOMYCIN INJECTION 10ml T.P.,27.00
-,DEXTON 4mg/ml INJECTION (50amp x 1ml) T.P.,215.00
-,CERAVE MOISTURISING LOTION 473ml,469.00
-,GAVISCON (12x10ml) ซองฟ้า,263.00
-,CALTRATE SILVER 50+ (60's) ชมพู,342.00
-,CALTRATE SILVER 50+ (30's) ชมพู,195.00
-,MYDERM QUAD 15g,47.50
-,MYDERM QUAD 5g,21.75
-,*โปร May2* CERAVE MOISTURISING CREAM 454g,565.00
-,ONZET-P DRY SYRUP 15 ml รสสับปะรด,85.00
-,MOX-C 500 ม่วง-ชมพู (500's),715.00
-,MOX-TAB ขาว-รี (500's),732.00
-,PURICAS DRAGON'S BLOOD SCAR GEL 8g,209.00
-,VITARA AD CREAM PLUS 10g,144.00
-,M-CIN SPRAY 50ml,85.00
-,NATRILIX SR (3x10's),275.00
-,VASTAREL MR 35mg (2x30's),550.00
-,CLEDERM ANTI-MELASMA CREAM 10g,165.00
-,MAMARINE KIDS BOOSTER 120cc ส้ม,250.00
-,MAMARINE KIDS FORTE 120cc น้ำเงิน,125.00
-,MAMARINE KIDS ORIGINAL 120cc ฟ้า,70.00
-,ROTHRICIN 150mg (1x10's),34.00
-,FIRIDE 5mg (3x10's),490.00
-,DEMOSANA VITAMIN C (20's) มะนาว,82.00
-,DEMOSANA CALCIUM (20's) รสส้ม,82.00
-,DEMOSANA MULTIVITAMIN (20's) รสส้ม,82.00
-,DEMOSANA MAGNESIUM (20's) รสมะนาว,82.00
-,MEGA LOREZE (1x10's),83.00
-,PIROXICAM 20mg (50x10's) ชุมชน,410.00
-,VOFLOX 500 (1x5's),45.00
-,POLIDENT FRESH MINT 60g ครีมติดฟันปลอม,216.00
-,STREPSILS HONEY&LEMON (กล่อง24เม็ด),85.00
-,BIOPHARM GUMMY 4 รส (1x40's),90.00
-,ZALAIN CREAM 5g,56.00
-,VIROGON 400 (7x10's),350.00
-,VIROGON 200 (5x5's),99.00
-,VESCONAC 25 เหลือง (1000's),130.00
-,ยาหม่องสำเภาทอง เสลดพังพอน 50g (แพ็คx6),18.00
-,AMPICILLIN CAPSULE ดำ-แดง 500mg (500's) A.U.,595.00
-,SARA (100's) กระปุก เม็ดกลม *ห้างแจ้งของขาด,106.00
-,ALCON SIMBRINZA 5ml,715.00
-,FERDEK DROP 15ml,41.00
-,DR.PHILLIPS ขี้ผึ้งจัดฟัน บลูเบอร์รี่ แพ็คคู่,47.00
-,DR.PHILLIPS ขี้ผึ้งสำหรับคนจัดฟัน มิ้นต์ แพ็คคู่,47.00
-,CINNARIZINE 25mg (1000's) T.O.,188.00
-,DAFLON 1000mg (3x10's),576.00
-,MESLON (10x10's),320.00
-,NOPAN เม็ดส้มกลม (1000's) A.U.,290.00
-,CHLORPHENIRAMINE MALEATE เม็ดฟ้ากลม (1000's) A.U.,39.00
-,INDOMETHACIN 25mg ฟ้า-ขาว (1000's) A.U.,189.00
-,SME CREAM PLUS WHITE 60g,317.00
-,SME CREAM PLUS WHITE 10g,90.00
-,URALYT-U 280g,510.00
-,COLY 500mg (50x10's),440.00
-,VITARA SCAR GEL PLUS 15g,172.00
-,CANESTEN O.D. Cream 1% 10g *XX,138.00
-,TERBROSIN (10x10's),110.00
-,DOMP-M (1000's) ฟ้ากลม,495.00
-,RONTIN 600 (10x10's),650.00
-,VASELINE PURE JELLY ORIGINAL 100ml,107.00
-,VASELINE PURE JELLY ORIGINAL 50ml,70.00
-,CRAVIT OPHTHALMIC SOLUTION 5ml,130.00
-,ALLERNIX 10mg (1x10's),34.00
-,น้ำมันยาตรานกอินทรีย์ (12x3ml),24.00
-,PURIDINE (12x450cc) *ห้างแจ้งของขาด,135.00
-,EXIB 90 (3x10's),218.00
-,EXIB 120 (3x10's),235.00
-,TANDERON (500's),285.00
-,แป้งศรีจันทร์ NEWBORN POWDER 150g,36.00
-,DICLOXAILLIN-NIDA 500mg (50x10's) ฟ้า-ขาว,769.00
-,LA ROCHE ANTHELIOS ULTRA CREAM SPF 50+ 50ml,919.00
-,GASZYM (100's),225.00
-,DIOXZYE (25x10's) รสส้ม,330.00
-,IPEROL 5mg 20ml [BERODUAL],175.00
-,SULBUTA-N 5mg 20ml,95.00
-,I-CETIN (25x10's),585.00
-,DINAC-FORTE (50x10's),215.00
-,HIDRASEC PAEDIATRIC 10mg (16ซอง),390.00
-,DIMENHYDRINATE (100x10's) T-MAN,250.00
-,MILTEAR 1ml (30ชิ้น/กล่อง),140.00
-,DIFFLAM WILD BERRY (24x8's),21.00
-,DIFFLAM ORANGE+VIT C (24x8's),21.00
-,DIFFLAM HONEY & LEMON (24x8's) *NP,21.00
-,MOXILIN (50x10's) เขียว-ฟ้า NIDA,445.00
-,ZEVIN Cream 3g,36.00
-,PHILO SOFT PLUS 50g,105.00
-,ROMED 150 (10x10's),115.00
-,SAMBION (1x10's),20.00
-,MYDOCALM 150 (10x10's),415.00
-,VOLTA-OPH (12x5cc),67.00
-,CIRCADIN 2mg (1x15's),430.00
-,BEPANTHEN SENSIDERM CREAM 20g,278.00
-,V.NOLONE 10 INJECTION 5ml VESCO,50.00
-,SOBELIN (50x10's) เทา-แดง,169.00
-,HYDROXYZINE-FC 10mg (100x10's),145.00
-,DUPHASTON 10mg (1x20's),490.00
-,HOM HOM BALM GEL เจลหัวหอม 17g,130.00
-,CARINOSE 10mg (10x10's),89.00
-,ยาคุมฉีด 1 เดือน DEPO MONAT INJ (20vial x 0.5ml),1310.00
-,V.NOLONE 10 INJECTION (10vial x 1ml) VESCO,115.00
-,2% LIDOCAINE HCL INJECTION 50 ml,35.00
-,ATOZIN 250mg (1x6's),48.00
-,MYOPAS (1000's) แดงจุด,395.00
-,ALRISE ICING SPRAY 75ml,138.00
-,CO-RED บำรุงหัวใจลดไขมันในเลือด (30's),855.00
-,ยาธาตุน้ำขาวไทยนคร ชนิดซอง (24x15ml),145.00
-,MAXXLIFE ORAL SPRAY PLUS Q10 สเปรย์ช่องปาก 15ml,107.00
-,MAXXLIFE LESURY อาหารเสริมลดระดับน้ำตาล (30's),755.00
-,MAXXLIFE ZINC BISGLYCINATE CHELATE (3x10's),334.00
-,MAXXLIFE IRON AMINO ACID CHELATE (3x10's),334.00
-,MAXXLIFE MULTI MINERAL บำรุงร่างกาย (3x10's),204.00
-,MAXXLIFE MAG CAL บำรุงกระดูก (30ซอง),477.00
-,MAXXLIFE MAGNESIUM PLUS (60's),334.00
-,MAXXLIFE LILY SHINE อาหารเสริมบำรุงผิว (30's),478.00
-,MAXXLIFE FEMINIE บำรุงสตรี (30's),755.00
-,MAXXLIFE GD1 สาหร่ายเกลียวทอง (100's),290.00
-,TERCO-D (50x10's) เขียวกลม,415.00
-,GINSENG MULTIPLUS ถังเช่าผสมโสมและวิตามิน (45's),365.00
-,CLINIBLU 400 mg (50x10's),640.00
-,ZYNO 0.1% CREAM 15g,25.00
-,CLINODERM 15g,39.00
-,NACOXIB-90 mg (1x10's),70.00
-,*โปร May2* MAPLE FORTE ยาคุมฉุกเฉิน (12x1x1's),197.00
-,MOX-C 500 (50x10's) ม่วง-ชมพู,785.00
-,CONCEPT PHYSICAL SUN PROTECTION CREAM 30g,144.00
-,HICEE 100 mg (40x4's) กล่อง,193.00
-,FREELOX 49mm. กล่องสีส้ม (48x3's),9.00
-,OXE CURE SULFUR SOAP 100g,104.00
-,MANAZITH 250mg (1x6's),62.00
-,MANAZITH DRY SYRUP 15ml,94.00
-,LINCOCILIN INJECT (10amp x 10ml) VESCO,265.00
-,ยานัตถ์หมอชิต 10g (1x36ขวด) *ขายขาด,17.00
-,ROXYCAN-FORTE (1000's),340.00
-,FLOXCIPRO (10x10's),130.00
-,VISTRA SOY GERM POWDER (30's),399.00
-,PHEMINE TABLET (1000's),450.00
-,CERAVE MOISTURISING CREAM 50ml,146.00
-,DETAPAIN (2x10's),29.00
-,PREME NOBU ALL IN ONE GEL 15g,222.00
-,BIOPHARM MULTIVITAMIN GUMMY (12ซอง/กล่อง),188.00
-,SONAP FORTE 550mg (10x10's),293.00
-,MERCI SPRAY 70ml สเปรย์กันยุงกลิ่นฟลอร่า,46.00
-,MERCI SPRAY 70ml สเปรย์กันยุงกลิ่นเฟรช,46.00
-,MERCI SPRAY 30ml สเปรย์กันยุงกลิ่นเฟรช,27.00
-,MERCI SPRAY 30ml สเปรย์กันยุงกลิ่นฟลอร่า,27.00
-,BIOPHARM CALCIUM GUMMY (12ซอง/กล่อง),188.00
-,ALCON PATADAY 2.5ml,375.00
-,NEOBUN-GEL WARM 7x10cm (20ซองx2ชิ้น),36.00
-,ANNIEGRIP ELBOW ข้อศอก Size.M,83.00
-,ANNIEGRIP KNEE เข่า Size.M,98.00
-,ZOBREX (1x10's) สูตร **CELEBREX,55.00
-,ANNIEGRIP ANKLE ข้อเท้า Size.M,87.00
-,HISTA-TAB 4mg (100's),52.00
-,ANNIEGRIP ELBOW ข้อศอก Size.S,82.00
-,ANNIEGRIP ELBOW ข้อศอก Size.XL,87.00
-,EXFORGE 10/160 (28's),780.00
-,GASTRO BISMOL 524mg (20x10's),44.00
-,POLIDENT FLAVOUR FREE 60g ครีมติดฟันปลอม,216.00
-,SME CREAM PLUS WHITE 30g,215.00
-,MONOLIN 20mg (10x10's),135.00
-,ANNIEGRIP ANKLE ข้อเท้า Size.L,87.00
-,DENTISTE 100g ยาสีฟัน,162.00
-,BABYCARE 30g,73.00
-,KRESS VIT C (1000's) รสสับปะรด,85.00
-,ANNIEGRIP KNEE เข่า Size.XL,98.00
-,SYSTRAL CREAM 25g *ห้างแจ้งของขาด เข้าก.ค.,70.00
-,SME AGE DEFENSE WHITENING CC CREAM 30g,427.00
-,MARYLN PRO SKIN (12เม็ด),135.00
-,KRESS VIT C (1000's) รสองุ่น,85.00
-,ANNIEGRIP KNEE เข่า Size.S,98.00
-,BIOPHARM VITAMIN C GUMMY (12ซอง/กล่อง),188.00
-,ANNIEGRIP ANKLE ข้อเท้า Size.XL,87.00
-,ANNIEGRIP ELBOW ข้อศอก Size.L,85.00
-,HASHI BABY DROP MOIST 4ml หยด,46.00
-,ANNIEGRIP KNEE เข่า Size.L,98.00
-,SIAMHERBAL ZYLON WOUND HEALING OIL 10cc,42.00
-,ZALAIN VAG SUPPOSITARY 300mg (1's),149.00
-,ZALAIN CREAM 20g,147.00
-,SIAMHERBAL ZYLON WOUND HEALING OIL 25cc,74.00
-,ANNIEGRIP ANKLE ข้อเท้า Size.S,87.00
-,OPAZ (50x10's),420.00
-,ANNIEGRIP WRIST ข้อมือ Size.XL,85.00
-,PALMER'S STRETCH MARKS COCOA BUTTER 125g,310.00
-,ANNIEGRIP WRIST ข้อมือ Size.L,85.00
-,KRESS VIT C (1000's) รสสตอเบอร์รี่,85.00
-,FELGESIC GEL 30g,29.00
-,DENTISTE ด้ามไหมขัดฟัน TAPE PICK 40ชิ้น,49.00
-,CLENASCAR GEL 15g,138.00
-,ANNIEGRIP WRIST ข้อมือ Size.M,85.00
-,TERCO-D (500's) เขียวกลม,400.00
-,BURNOVA GEL PLUS SNOW ALGAE 70g แดง,93.00
-,BACTICIN OINMENT 5g,28.00
-,VIDISIC GEL 10g,128.00
-,OESTROGEL 80g,245.00
-,JAPROLOX 60mg (2x10's),137.00
-,COPROFEN (50x10's),440.00
-,DEFOGEL 180mg (25x10's),305.00
-,N-ZEN FIRSTBAND (16ม้วนx3นิ้ว) สีเบจ,60.00
-,N-ZEN FIRSTBAND (24ม้วนx2นิ้ว) สีเบจ,50.00
-,N-ZEN FIRSTBAND (12ม้วนx1นิ้ว) สีเบจ,30.00
-,CARATEN 12.5 (10x10's),669.00
-,CARIBAND COHESIVE 8cmx2m (10ม้วน),63.00
-,CLOPIROX SOLUTION 15ml,62.00
-,CAPSIKA-25 GEL 35g (0.025%) หลอดแดง,70.00
-,CARDURA 4mg XL (3x10's),682.00
-,CARDURA 2mg (10x10's),140.00
-,FLOCTIL 250 (1x6's),49.00
-,VITARA ALOE VERA C&E 120g หลอดเหลือง,105.00
-,KA UV EXTREME SPRAY 50ml สเปรย์กันแดดตัว,96.00
-,POLKA 60g ทาส้นเท้าแตก,70.00
-,ATTOON ชุดปั๊มนมมือบีบ รุ่น HAPPY VALUE,230.00
-,ATTOON ชุดปั๊มนมซิลิโคน,75.00
-,AUGMENTIN ES 50ml *ห้างแจ้งของขาด,486.00
-,VISTRA COLLAGEN UC-II 40mg (30's),549.00
-,STREPSILS MAXPRO HONEY & LEMON (24x8's),73.00
-,STREPSILS MAXIPLUZZ (24x6's),55.00
-,CLARITYNE 10mg (1x10's),128.00
-,ALINAMIN-F (10x10's),264.00
-,ยาคุม CERAZETTE (28's),183.00
-,KAMISTAD-GEL N 10g,88.00
-,ALCON GENTEAL GEL 10g,162.00
-,FLIXONASE 120doses,430.00
-,DERMOVATE SCALP 30ml,185.00
-,SEBAMED BABY LOTION 200ml,226.00
-,HIMALAYA NOURISHING SKIN CREAM 150ml,165.00
-,COHEXINE 8mg (50x10's),205.00
-,BIODERMA SENSIBIO 100 CC. ฝาชมพู,285.00
-,TESTOS (3x10's),312.00
-,ANNIEGRIP WRIST ข้อมือ Size.S,85.00
-,ZEPLEX 500mg (10x10's),240.00
-,MYBACIN ZINC รสส้ม (70x10's) ส้ม,7.50
-,BURNOVA GEL PLUS PLANKTON 25g หลอดฟ้า,47.50
-,BURNOVA GEL PLUS SNOW ALGAE 25g หลอดแดง,47.50
-,BURNOVA GEL PLUS 70g เขียว,77.00
-,ZEPLEX 500mg (100's),240.00
-,HEPALAC 100ml,76.00
-,BLACKMORES GINKGO (30's),265.00
-,BRAND ซุปไก่สกัด แป๊ะก๊วย+โสม (30's) ส้ม,315.00
-,VESPERIDONE 10mg (1000's) VESCO,145.00
-,REDUCOF (1x10's),56.00
-,Z-BEC (60's),317.00
-,V-C INJECTION (10x2ml) VESCO *ขายขาด,35.00
-,ANTERGAN CREAM 5g,17.50
-,HOFBIC 7.5 (1x10's),40.00
-,STREPSILS ORANGE +VIT C (กล่อง24เม็ด),85.00
-,STREPSILS ORIGINAL (กล่อง24เม็ด),82.00
-,FENISTIL GEL 20g,56.50
-,MENTHOLATUM 28g,41.00
-,ยาหม่องน้ำ ถ้วยทอง 3cc,17.00
-,VILERM 800mg (7x5's),435.00
-,BIOZOLE 150mg (1x1's) (50แผง/แพ็ค),22.00
-,KRESSBUFEN 400 (250's) ส้มรี,200.00
-,NEXIUM 40mg (2x7's),729.00
-,KANAMYCIN 250mg (10x10's),306.00
-,ยาคุม CYCLO-PROGYNOVA (21's),165.00
-,BETAMETHASONE-N 15g GPO *ขายขาด,38.00
-,BETAMETHASONE-N 5g GPO *ขายขาด,17.00
-,VISTRA ASTAXANTHIN 6mg (30's),467.00
-,VISTRA DT DAILY FIBER 7000mg (10ซอง),102.00
-,"VISTRA COLLAGEN 10,000mg (10ซอง) สตรอลิ้นจี่",488.00
-,VISTRA COLLAGEN 10000mg ส้มสัปปะรด (10ซอง) *XX,488.00
-,PROVAMED SENSITIVE SUN AQUA SERUM SPF50 40ml *ห้างแจ้งของขาด,249.00
-,PROVAMED SENSITIVE CLEANSER 100ml,94.00
-,PROVAMED GLUTA SERUM 30ml *XX,210.00
-,PROVAMED ALOE VERA GEL 50g,70.00
-,DUREX PLAY 50ml สตอเบอร์รี่,135.00
-,DUREX PLAY 100ml CLASSIC (ฟ้า),189.00
-,CETAPHIL MOISTURIZING CREAM 453g,695.00
-,CETAPHIL กันแดด SPF50+ LIGHT GEL 50ml,750.00
-,LA ROCHE EFFACLAR K(+) 40ml,695.00
-,LA ROCHE EFFACLAR GEL 200ml ฟ้า,610.00
-,LA ROCHE ANTI-BRILLANCE DRY TOUCH SPF50+ 50ml,925.00
-,VICHY MINERAL89 50ml,975.00
-,CICA-CARE SILICONE GEL SHEET (12x3cm) กล่อง1ชิ้น,580.00
-,แป้งเต่าเหยียบโลก ซากุระ (ชมพู) *ขายขาด,30.00
-,EZERRA LOTION 150ml,385.00
-,KOOL FEVER เด็กโต (3ซองx2ชิ้น) กล่องฟ้า,74.00
-,ALCON 2% ISOPTO CARPINE 15ml,108.00
-,VOLTFAST 50mg (กล่องละ9ซอง),76.00
-,CDR FORTOS (10เม็ด) รสส้ม ไม่มีน้ำตาล,123.00
-,KHAOLAOR ป้ายปาก ขาวละออ (24ซอง/กล่อง),230.00
-,** COKLAV 1000mg (1x10's),79.00
-,ยาชง ตรางามระหง (30ซอง) 60g,60.00
-,ยาเม็ด ตรางามระหง (80เม็ด),38.00
-,ขมิ้นชันแคปซูล 350mg (10x10's) GPO,95.00
-,ฟ้าทะลายโจร 350mg (10x10's) GPO,105.00
-,ฟ้าทะลายโจร อ้วยอันโอสถ (100's),60.00
-,เพชรสังฆาต อภัยภูเบศร (70's),93.00
-,ขมิ้นชัน อ้วยอันโอสถ (100's),60.00
-,รางจืด อภัยภูเบศก์ (70's),65.00
-,ฟ้าทะลายโจร อภัยภูเบศร (60's),54.00
-,ขมิ้นชัน อภัยภูเบศร (60's),55.00
-,IBUMAN 400 (500's) ชมพูกลม,370.00
-,IBUMAN 400 (500's) ม่วงรี,370.00
-,MOVENT 30mg (500's),235.00
-,MOVENT 30mg (50x10's),300.00
-,IBUMAN 200 (1000's) ชมพูกลม,370.00
-,ยาสตรีเพ็ญภาค ชนิดแคปซูล (30เม็ด),64.00
-,ยาว่านชักมดลูกจอมใจ (30เม็ด) 10กล่อง/แพ็ค,154.00
-,ยากวาดตราใบโพธิ์ 100g (กล่องละ60ซอง),112.00
-,ยาถ่ายสมุนไพร (ยากษัยเส้น เดิม) เด็กในพานทอง (ชนิดกล่อง),23.00
-,ยาเขียวสามฤดู ปลาคู่ ชนิดเม็ด (5โหล/กล่อง) สีเขียว,139.00
-,ยาเขียวสามฤดู ปลาคู่ ชนิดผง (5โหล/กล่อง) ซองแดง,139.00
-,ยาขมชนิดเม็ด ตราใบห่อ (แพ็ค25ซอง),98.00
-,ยากวาดสมานลิ้น ขาวละออ (36ซอง/กล่อง),210.00
-,ยาเขียวตราใบโพธิ์ (5x12x15's),112.00
-,ยาขมเม็ด น้ำเต้าทอง (25x4's) *ขายขาด,228.00
-,ยาหวานชง น้ำเต้าทอง (กล่อง5ซอง) เหลือง *ขายขาด,46.00
-,ยาขมชง น้ำเต้าทอง (กล่อง5ซอง) กล่องฟ้า *ขายขาด,46.00
-,ยาตราใบแก้วชนิดเม็ด (12x70เม็ด),23.00
-,ยาผงโยคี 60g ศิริบัญชา ฉลากเหลือง,18.00
-,แป้งโยคี 60g ศิริบัญชา ฉลากเหลืองเข้ม,10.00
-,ริดสีดวงทวารหนัก ปลามังกร (200's),61.00
-,ฟ้าทะลายโจรชนิดเม็ด ใบห่อ (12x70เม็ด) กล่องฟ้า,15.00
-,ยาขมชนิดเม็ด ตราใบห่อ (12x70เม็ด) กล่องน้ำตาล,23.00
-,ยาประดงพระสังข์ทรงช้าง (40's),30.00
-,ด่างทับทิม 10g แสงสว่าง,100.00
-,VESNON-V 100 INJECTION (10amp x 2ml) *NB,80.00
-,กล้องยานัตถ์ (100 ชิ้น/กล่อง) *ห้างขายขาด,470.00
-,ยานัตถ์หมอมี 12g (30ขวด/กล่อง),18.00
-,*2กล่อง/สัปดาห์* BRONPECT-D (50x10's),490.00
-,ยาหอม เทพจิตร ตราห้าม้า (24ขวด/กล่อง),376.00
-,KLEAN&KARE จุกล้างจมูก (กล่อง2ชิ้น) (24กล่อง/แพ็ค),24.00
-,ขี้ผึ้ง 29A (12x7.5g),115.00
-,ขี้ผึ้งสีชมพู-40 ตราเจ็ดดาว 12g,22.00
-,ทัมใจ (100ซอง/กล่อง) ชนิดเปรี้ยว,157.00
-,ยาหม่องสูตรไพล วังพรม 50g (เหลือง),55.00
-,ยาหม่องเสลดพังพอน วังพรม 50g (เขียว),55.00
-,ยาหม่อง ลิง ตลับ (12x4g),11.00
-,ยาหม่องลิง (12x12g) ขวดเล็ก,23.00
-,ยาหม่องลิง (12x18g) ขวดใหญ่พิเศษ,33.00
-,ยาหม่อง ถ้วยทอง ขวดใหญ่ 50กรัม (3ขวด/แพ็ค),74.00
-,ยาหม่อง ถ้วยทอง ขวดเล็ก 12กรัม (12ขวด/แพ็ค),23.00
-,ยาหม่อง ถ้วยทอง ขวดกลาง 22กรัม,39.00
-,ยาคุม ANDROCUR (5x10's) *NP,585.00
-,MADONNA (1x2's) 10แผง/แพ็ค,155.00
-,ยาคุมฉีด 3 เดือน DEPO-A INJECTION (10vialx3ml),95.00
-,ยาคุม MARGARET (28's),62.00
-,ยาคุม JENY F.M.P. (50x28's),21.00
-,ยาคุม ANNA (50x28's),23.50
-,ยาคุม MINNY (28's),87.50
-,ยาคุม MINNY (21's),87.50
-,ยาคุม R-DEN (28's),26.00
-,ยาคุม DAILYTON (28's),63.00
-,ยาคุม MELODIA (21's),243.00
-,** ยาคุม YASMIN (21's),332.00
-,** ยาคุม YAZ (28's),364.00
-,ยาคุม ANNIE (21's),55.00
-,ยาคุม MINIDOZ (28's),137.00
-,ยาคุม ANNYLYN (21') ส้ม,87.00
-,ยาคุม ANNYLYN (28's) ชมพู,87.00
-,ยาคุม MERCILON (21's),155.00
-,ยาคุม MERCILON (28's),155.00
-,ยาคุม MARVELON (21's),99.00
-,ยาคุม PREME (21's) *ห้างแจ้งของขาด,87.00
-,ยาคุม SUCEE (28's) ส้ม,83.50
-,ยาคุม SUCEE (21's) ชมพู,83.50
-,ยาคุม OC-35 (21's),87.00
-,ยาคุม DIORA (28's) ฟ้า,36.00
-,ยาคุม DIORA (21's) ชมพู,36.00
-,ยาคุม MARVELON (28's),99.00
-,แคปซูลเปล่า เบอร์ 1 (1000's),80.00
-,แคปซูลเปล่า เบอร์ 0 (1000's),89.00
-,SALBUTAMOL (1000's) สหแพทย์,135.00
-,กอเอี๊ยะแปะฝี แมวกงจักร์ (100ชิ้น) *ขายขาด,198.00
-,ผงพิเศษตราร่มชูชีพ (36ซอง/กล่อง) *ขายขาด,342.00
-,METRONIDAZOLE 200 (1000's) สหแพทย์,215.00
-,ก้านไม้พันสำลี No.S (10ถุง/แพ็ค),14.00
-,CARIFIX STRETCH (10cm x 1m),34.50
-,SAMBEE B1-6-12 (1000's),339.00
-,MEDICVIT (1000's),230.00
-,SPASMEX 30mg (3x10's),420.00
-,I-KIDS SPRAY 15ml สเปรย์พ่นปากเด็ก รสส้ม,139.00
-,ELMETACIN SPRAY 50ml,125.00
-,IBUMAN-PLUS (40x10's),635.00
-,INHALEX FORTE (3x7's) สูตร Berodual,337.00
-,INTRASITE GEL 25g (เจลเรียกเนื้อ),195.00
-,NYST ORAL 12ml,35.00
-,IVORIN 60ml,48.00
-,SIANGPURE RELIEF CREAM 62g เซียงเพียวรีลิฟ,56.00
-,ILIADIN สเปรย์ 0.05% 10ml แดง,129.00
-,ILIADIN DROP 0.025% 10ml ม่วง,77.00
-,ILIADIN DROP 0.05% 10ml แดง,77.00
-,DIOXZYE (25x10's) รสมิ้น,330.00
-,IZE JELLI BALM (12x7g),190.00
-,ITRAZOLE 100 (25x4's),445.00
-,ISOREM 5 (10x10's),80.00
-,IYAFIN ชนิดเม็ด (25x4's),160.00
-,HAEMO-VIT GOLD (31's) 6ขวด/แพ็ค,194.00
-,HIMALAYA UNDER EYE CREAM 15ml *XX,108.00
-,HIRUSCAR SILICONE PRO 10g,344.00
-,HIRUSCAR SILICONE PRO 4g,206.00
-,HEXENE 4% 100ml,44.00
-,HARU BIOTIN (30's),130.00
-,HASHI SALINE SPRAY 30ml MOIST FORMULA สเปรย์ *ห้างแจ้งของขาด,98.00
-,VISTRA L-CYSTEINE PLUS BIOTIN (30's),240.00
-,HYDROX-25 (50x10's) ฟ้ารี *ห้างแจ้งของขาด,245.00
-,VISTRA GINKGO 120mg (30's),175.00
-,VISTRA SOY LECITHIN 1200mg (90's),185.00
-,HARU ZINC (30's),80.00
-,HY CLEAN ผ้าแอนตี้แบคทีเรีย ชาเขียว (300x200mm.) 56แผ่น,93.00
-,HY-SPA 10 (500's) เม็ดชมพู *ขายขาด,980.00
-,HERBAL RESCUE SPRAY 15ml พ่นแก้เจ็บคอ ตรางู,78.00
-,HIRUDOID FORTE 10g น้ำเงิน,124.00
-,HY CLEAN ผ้าแอนตี้แบคทีเรีย อโลเวร่า (300x200mm.) 56แผ่น,93.00
-,VISTRA GLUTA COMPLEX 1000 PLUS (30's),470.00
-,HIRUDOID FORTE 20g น้ำเงิน,205.00
-,HIRUDOID 10g แดง,77.00
-,HIRUDOID 20g แดง,134.00
-,HARTSORB 5mg (10x10's),120.00
-,HIRUSCAR POSTACNE 5g ฟ้า-ขาว,147.00
-,*1โหล/สัปดาห์*HISTA-OPH (12x5cc) *ห้างแจ้งของขาด เข้าพ.ค.,27.00
-,HAEMO-VIT (100's),70.00
-,HICEE 500 (10x15's),588.00
-,HYDROCHLOROTHIAZIDE 25 (50x10's) GPO HCTZ *ขายขาด,170.00
-,HYDROCHLOROTHIAZIDE 50 (50x10's) GPO HCTZ *ขายขาด,255.00
-,HIDIL 300 (10x10's),192.00
-,HIDIL 600 (10x10's),335.00
-,HECIN 20g ครีมฆ่าเหา,30.00
-,HAFIF SHAMPOO 50ml แชมพูกำจัดเหา,45.00
-,HIRUSCAR POSTACNE 10g ฟ้า-ขาว,218.00
-,HIRUDOID FORTE 40g น้ำเงิน,315.00
-,HIRUDOID 40g แดง,206.00
-,BLACKMORES LECITHIN 1200 (100's),342.00
-,MEGA GINKGO BILOBA (60's),183.00
-,BLACKMORES EPO 1000mg (60's),416.00
-,HYDROX-25 (50x10's) ขาวรี *ห้างแจ้งของขาด,245.00
-,GLAUCO-OPH (12x5cc),100.00
-,"LINTECH GAUZE Sterile 4""x4""x5ชิ้น (20ซอง/แพ็ค)",175.00
-,"LINTECH GAUZE Sterile 3""x3""x5ชิ้น (20ซอง/แพ็ค)",135.00
-,"LINTECH GAUZE Sterile 2""x2""x5ชิ้น (50ซอง/แพ็ค)",240.00
-,MUCOTIC HD 600mg (กล่อง 50ซอง),270.00
-,NEOBUN-GEL COOL 7x10cm (20ซองx2ชิ้น),36.50
-,GASTRO BISMOL 240ml ส้ม,98.00
-,"KLEAN GAUZE ก๊อซใยสังเคราะห์ 4""x4"" (กล่อง10ซอง)",70.00
-,"KLEAN GAUZE ก๊อซใยสังเคราะห์ 3""x3"" (กล่อง10ซอง)",45.00
-,"KLEAN GAUZE ก๊อซใยสังเคราะห์ 2""x2"" (กล่อง10ซอง)",27.00
-,MAXXLIFE SHARK CARTILAGE (30's),500.00
-,GLYMORIN ผู้ใหญ่ (กล่อง10ชิ้น) กล่องเหลือง,46.00
-,GLIZIDE (5x15's),105.00
-,"LINTECH GAUZE ผ้าก็อซแพ็คใหญ่ 3""x3"" 100แผ่น",70.00
-,MEGA GINSOMIN (20x8's),1035.00
-,VISTRA GOTU KOLA +ZINC (30's),173.00
-,VISTRA GRAPE SEED (30's),199.00
-,VISTRA GLUTA COMPLEX 800 (30's),380.00
-,GLUCOSA-1500 กล่องเขียว (30ซอง) รสมะนาว,240.00
-,MERTIGO 6mg (10x10's),54.00
-,GABAPENTIN 100 (10x10's) GPO *ขายขาด,170.00
-,GABAPENTIN 300 (10x10's) GPO *ขายขาด,290.00
-,GASZYM (10x10's),260.00
-,GASTRO BISMOL 240ml ชมพู,98.00
-,GLUCOPHAGE 500mg (50x10's),22.00
-,GLUCOPHAGE 850mg (30x10's),36.00
-,GAVISCON เม็ด (2x8's) ฟ้า *XX,157.00
-,GAVISCON DUAL ACTION (2x8's) เม็ด,195.00
-,GAVISCON DUAL 150ml,305.00
-,GAVISCON DUAL ACTION (24x10ml),610.00
-,GAVISCON 150ml ขวดฟ้า *ห้างแจ้งของขาด,233.00
-,GLUCOLIN 400g,130.00
-,GLYMORIN เด็ก (กล่อง10ชิ้น) กล่องฟ้า,46.00
-,GYNECON (20x5's),280.00
-,GARAMYCIN CREAM 15g,101.00
-,GANO-SPEC 500 (1x10's),44.00
-,FELOPINE 5mg (3x10's),72.00
-,FISHERMAN ANISEED (24x25g) เหลือง,24.00
-,FIXOMULL STRETCH (10cmx2m),78.00
-,FOLIC 5mg (100x10's),360.00
-,MYBACIN THROAT รสมิ้นท์ (70x10's) เหลือง,7.50
-,FLUIFORT SYRUP 120ml,189.00
-,CERAVE FOAMING 88 ml สำหรับผิวมัน,185.00
-,FISHERMAN HONEY&LEMON SF (24x25g) น้ำตาล-ขาว,27.50
-,CERAVE FOAMING 236ml สำหรับผิวมัน,342.00
-,FLUDIZOL 200mg (10x5's),255.00
-,FLEMEX-AC OD 600mg (กล่อง10เม็ด),132.00
-,UCHOLINE 10mg (10x10's),850.00
-,FAMOTAB-20 FC (1000's),315.00
-,FURETIC 40 (10x10's),206.00
-,FUNGIDERM-B CREAM 20g,53.00
-,FALERM CREAM 5g,17.00
-,FOLIC (1000's) GPO *ขายขาด,230.00
-,FISHERMAN MINT SF (24x25g) เขียว-ขาว,27.50
-,CERAVE HYDRATING CLEANSER 88ml โฟมล้างหน้าสำหรับผิวแห้ง,145.00
-,VISTRA SALMON FISH OIL (75's),198.00
-,MEGA FISH OIL 1000mg (100's),335.00
-,FISHERMAN CITRUS SF (24x25g) เขียวอ่อน-ขาว,27.50
-,FISHERMAN CHERRY SF (24x25g) แดง-ขาว,27.50
-,FISHERMAN MINT ORIGINAL (24x25g) เขียวล้วน,27.50
-,FISHERMAN MANDARIN SF (24x25g) ส้ม-ขาว,27.50
-,FBC (20x100's),63.00
-,FENAFEX 180mg (1x10's),63.00
-,FENAFEX 60mg (1x10's),27.00
-,FLEMEX (50x10's),29.00
-,FLUIMUCIL A 200 (30ซอง),180.00
-,FIBRIL 160mg (3x10's),173.00
-,FLORA แคปซูล (30's) ฟลอร่า,85.00
-,FACLINDA 15ml,33.00
-,FLANIL 100g (10หลอด/แพ็ค),64.00
-,FLANIL 60g (10หลอด/แพ็ค),41.00
-,FLANIL 30g (10หลอด/แพ็ค),24.00
-,FUNGIDERM-B CREAM 5g,18.00
-,FUCIDIN OINTMENT 5g ส้ม,87.00
-,MOXIPHARM 500mg เขียว-ฟ้า (50x10's),475.00
-,EXFORGE 5/160 (28's),710.00
-,EARWAX EAR DROPS 15ml,38.00
-,EMULAX (10x10's),63.00
-,EUCERIN SUN SENSITIVE CREAM SPF50+ 50ml,995.00
-,PREME NOBU ALL IN ONE GEL 30g,416.00
-,MAXXLIFE ISOTINA บำรุงสายตา (30's),755.00
-,"ELASTIC BANDAGE 4"" (กล่อง12ชิ้น)",170.00
-,LINTECH EYE PAD SIZE.M (25 ชิ้น/กล่อง),215.00
-,EZERRA PLUS CREAM 25 gm,400.00
-,EUCERIN SUN DRY TOUCH CC CREAM SPF 50+ 50ml,1155.00
-,EUCERIN SUN DRY TOUCH ACNE OIL CONTROL SPF50+ 50ml,1075.00
-,ESPENAL (10x10's),240.00
-,"ELASTIC BANDAGE 3"" (กล่อง12ชิ้น)",130.00
-,"ELASTIC BANDAGE 2"" (กล่อง12ชิ้น)",98.00
-,TRANSAMIN INJECTION (50amp x 5ml),1550.00
-,VESCONAC 25 ชมพูเข้ม (1000's),133.00
-,EMULAX (100's),28.00
-,EZERRA CLEANSER 150ml,130.00
-,ESPERSON OINTMENT 5g,42.00
-,MEGA EVENING PRIMROSE (30's) EPO,121.00
-,EMULAX (1000's),139.00
-,BLACKMORES EXEC B (60's) *ห้างแจ้งของขาด เข้ามิ.ย.,380.00
-,EQUAL CLASSIC (50ซอง),72.00
-,VISTRA EVENING PRIMROSE (75's),230.00
-,MEGA EVENING PRIMROSE (100's) EPO,362.00
-,ENO ORANGE (60x4.3g) ซอง ส้ม,11.00
-,ENO LEMON (60x4.3g) ซอง มะนาว,11.00
-,ยาคุม NOVYNETTE (21's),71.00
-,ยาคุม ONJEL 20 (28's),79.50
-,ยาคุม FEMINE 30 (28's),44.00
-,"ก้านไม้พันสำลี Sterile no.L ก้าน6"" (50ซองx5ก้าน)",185.00
-,NASIN (500's) กลมเหลือง,370.00
-,ก.ย.15 โลชั่นทากันยุง (12x40cc),30.00
-,ยาคุม PROGYNOVA 2mg (3x28's),492.00
-,BUFLEX 600 (25x10's),315.00
-,BUFLEX 400 (50x10's),410.00
-,ก้านไม้พันสำลี No.L (10ถุง/แพ็ค),16.00
-,VESCONAC 50 ส้มรี (1000's),235.00
-,ก้านไม้พันสำลี No.M (10ถุง/แพ็ค),15.00
-,ยาน้ำมัน กวางลุ้ง 57ml,139.00
-,ยาน้ำมัน กวางลุ้ง 28ml,92.00
-,CLINIVATE-N 15g,30.00
-,แป้งศรีจันทร์เบบี้ 50g,45.00
-,สีผึ้งแม่เลียบ 3g *ขายขาด,15.00
-,บัวบกแคปซูลอภัยภูเบศร (70's),93.00
-,DENTISTE แปรงสีฟัน รุ่น BIG-BLIS,40.00
-,ยาคุม SYNFONIA (28's),274.00
-,สติ๊กเกอร์ฉลากยาน้ำ 4.5x6cm (504ดวง/แพ็ค),165.00
-,PURIDINE 15cc (12ขวด/แพ็ค),175.00
-,เจลล้างมือ ศิริบัญชา 40ml *ขายขาด,19.00
-,ยาอมโบตัน ออริจินอล ตลับขาว (กล่อง 24 ตลับ),305.00
-,แป้งเต่าเหยียบโลก ดั้งเดิม (เหลือง) *ขายขาด,30.00
-,วังพรม ยาหม่องสูตรไพล 20g (เหลือง),34.00
-,วังพรม ยาหม่องเสลดพังพอน 20g (เขียว),34.00
-,NORCA (10x10's),220.00
-,พร-ยาเป่าคอ ตรากาไก่ (60ซอง/กล่อง),130.00
-,เซียงเพียวอิ๊ว 3cc สูตร1 (12ขวด/แพ็ค),19.75
-,ยาหอม 5 เจดีย์ ชนิดซอง (1โหล/แพ็ค) *ขายขาด,38.00
-,ยาอมมะแว้ง ตราไอยรา (20x15's),326.00
-,ยาน้ำมัน กวางลุ้ง 3ml,19.00
-,ยาน้ำมัน กวางลุ้ง 15ml,62.00
-,PEPPERMINT FIELD ยาดม (60หลอด/กล่อง),18.00
-,NEOCA LUTEIN COMPLEX (30's),302.00
-,น้ำมันยาตรานกอินทรีย์ (12x6ml),34.00
-,ยาหม่องน้ำ ถ้วยทอง 7cc,31.00
-,เซียงเพียวอิ๊ว 25cc สูตร 1 (6ขวด/แพ็ค),101.00
-,เซียงเพียวอิ๊ว 7cc สูตร 1 (6ขวด/แพ็ค),38.00
-,ยาดมโป๊ยเซียน (5โหล/กล่อง),173.00
-,พิมเสนโป๊ยเซียน สำลี (12ขวด/แพ็ค),215.00
-,พิมเสนโป๊ยเซียน ลูกกลิ้ง 5cc (12ขวด/แพ็ค),294.00
-,ยาอมกำกิกเผี่ยง (12x20's),440.00
-,ยาอมสมุนไพรมังกรทอง รสส้ม ฝาส้ม (60ขวด/กระป๋อง),8.00
-,ยาอมสมุนไพรมังกรทอง รสมะนาว ฝาเขียว (60ขวด/กระป๋อง),8.00
-,ยาอมสมุนไพรมังกรทอง รสบ๊วย ฝาเหลือง (60ขวด/กระป๋อง),8.00
-,ยาอม โบตัน แผ่น (100ซอง/กล่อง),12.00
-,ยาหอม ฤาษีทรงม้า ซอง (12ซองx3g),45.00
-,ยากษัยเส้น เด็กในพานทอง ซอง (5's),75.00
-,ยาอมแก้ไอตราตะขาบ5ตัว (60ซอง/กล่อง),13.00
-,ยาอมมะแว้ง รสบ๊วย (20x20's) GPO,127.00
-,พลาสเตอร์เสือ เย็น ใหญ่ 10x14cm (24x2ชิ้น),58.00
-,พลาสเตอร์เสือ ร้อน ใหญ่ 10x14cm (24x2ชิ้น),58.00
-,พลาสเตอร์เสือ เย็น เล็ก 7x10cm (24x2ชิ้น),44.00
-,พลาสเตอร์เสือ ร้อน เล็ก 7x10cm (24x2ชิ้น),44.00
-,HEXIN (12x4's) ถ่ายพยาธิตัวตืด,200.00
-,ยาระบาย 123 (10x10's),47.00
-,ยาสีฟันวิเศษนิยม 40g (แพ็ค10ซอง),102.00
-,ยาสีฟันรุ่งอรุณ 18g (แพ็ค12ซอง),120.00
-,ยาสีฟันหมอจุฬา สูตรดั้งเดิม 100g *ขายขาด,42.00
-,NINAZOL (10x10's) T.O.,167.00
-,NEOTICA CAP (1x10's) 24แผง/แพ็ค,16.00
-,BIOPHARM FISH OIL GUMMY (12ซอง/กล่อง),188.00
-,NORXACIN 400 (1x8's),42.00
-,NEUTRAL CARE 120ml,85.00
-,NEOTICA BALM 100g (ใหญ่),93.00
-,NEOTICA BALM 60g (กลาง),66.00
-,NEOTICA BALM 30g (เล็ก),36.00
-,N-ZEN GEL 60g,42.00
-,NEWPHARVIT (100's) แดง,70.00
-,MEGA NATURAL VITAMIN E 400 (30's),202.00
-,MEGA NAT C 1000mg (30's),170.00
-,MEGA NAT C 1000mg (60's),235.00
-,MEGA NAT B (40's),227.00
-,NASONEX 140doses,758.00
-,NUROFEN 60ml,116.00
-,NASOTAPP (50x10's),595.00
-,NELAPINE 20 SR (3x10's),95.00
-,NORA SHAMPOO 50ml,77.00
-,NEOPLAST-S (กล่อง100ชิ้น) ผ้า,37.00
-,NEXCARE 3M แผ่นดูดซับสิว รุ่นมาตรฐาน (กล่อง18ชิ้น) ชมพูเข้ม,60.00
-,N-ZEN GEL 30g,28.00
-,NATEAR 10ml,84.00
-,NAPPY-HIPPO 25g,33.00
-,NAPPY-HIPPO 5g,14.00
-,PARACETAMOL 500mg (1000's) เม็ดฟ้ารี,340.00
-,"NEXCARE 3M MICROPORE 1""x10Y (12ม้วน/แพ็ค)",45.00
-,"NEXCARE 3M MICROPORE 1/2""x10Y (24ม้วน/แพ็ค)",24.00
-,"NEXCARE 3M TRANSPORE 1/2""x10Y (24ม้วน/แพ็ค)",23.00
-,NICOMILD-2 (7x9's),235.00
-,AMOXI T.O. 500 เขียว-ฟ้า (500's),460.00
-,N-ZEN 50mg ชนิดเม็ด (12x10's),145.00
-,NATUR ถุงเก็บน้ำนม 8 ออนซ์ (30ชิ้น),70.00
-,NATUR แผ่นซับน้ำนม (กล่อง54ชิ้น),125.00
-,MEBO 10g,85.00
-,MULTIVITAMIN (1000's) GPO *ขายขาด,295.00
-,AMOXI T.O. 500 แดง-เหลือง (500's),460.00
-,MOX-TAB 500 mg ขาว-รี (50x10's),795.00
-,MYDA-B 25g,50.00
-,MEGA ASTAX 4mg (30's),280.00
-,MEGA GARLIC OIL (100's),102.00
-,MAR PLUS SEAWATER 20ml,184.00
-,MUCILIN SF มิกซ์เบอรี่ (10x5g),86.00
-,MIRACID (10x10's),172.00
-,MEDMAKER VIT E CREAM 50g,105.00
-,VISTRA MAGNESIUM COMPLEX (30's),155.00
-,MYDOCALM 50 (1x10's) มีกล่อง,17.00
-,MEFA 500 (50x10's),400.00
-,NICORETTE COOL MINT 2mg (15เม็ด),110.00
-,MEIXIL 500mg (50x10's) ชมพู-ขาว,1430.00
-,JULA'S HERB ดีดีครีม แตงโม (6ซองx8ml),210.00
-,MEDERMA 20g,568.00
-,MULTICAP (10x10's),200.00
-,MECYLIC OINTMENT 15g,50.00
-,METZODIN SPRAY 10 ml,47.00
-,MINIDIAB 5mg (2x15's) *NP,102.00
-,I-HERB OTC (12x3x6's),255.00
-,MUCOTIC 200mg (กล่อง50ซอง),118.00
-,AROTIKA RUB 35g,59.00
-,ยาคุม MINOZ (28's),80.00
-,MELLODERM-HQ 4% 7g,63.00
-,MOSSI GUARD (30ซองx2ชิ้น),250.00
-,METRONIDAZOLE 400 (50x10's) สหแพทย์,230.00
-,MYOPAS (1000's) เขียวจุด,395.00
-,BLACKMORES MULTI B (60's),335.00
-,MEDMAKER BABY วาสลีน เด็ก 50g,34.00
-,JULA'S HERB LONGAN MELASMA SERUM (6ซองx8ml),210.00
-,MEIACT TABLETS 100 (10x10's),2690.00
-,MAGESTO-F (1000's),590.00
-,MUCOCIN (1000's),79.00
-,MEDMAKER VIT E CREAM 20g,51.00
-,VISTRA MARINE COLLAGEN1300 (30's),297.00
-,FALETE 250mg (500's),670.00
-,MEPTIN (5ug/ml) SYRUP 60ml,48.00
-,MYONAL 50mg (3x10's),200.00
-,MERISLON 6mg (3x10's),59.00
-,METHYCOBAL 500ug (3x10's),158.00
-,MELOBIC-7.5 (10x10's) TO,240.00
-,MYBACIN ZINC รสมะนาว (70x10's) เขียว,7.50
-,MOBIC 7.5mg (10x10's),998.00
-,LEFTOSE 30mg (500เม็ด),820.00
-,MOXILIN-500 (50x10's) เขียว-ฟ้า SIAM42,495.00
-,MERTIGO 12mg (10x10's),115.00
-,MUCOLID (50x10's),15.00
-,MEPTIN 50ug (10x10's),428.00
-,MEPTIN mini 25ug (10x10's),312.00
-,MUCOLEX (50x10's),535.00
-,MYSOVEN 600 น้ำเงิน (30x7g),259.00
-,MYSOVEN 200 เขียว (60x3g),203.00
-,MYSOVEN 100 ส้ม (60x5g),105.00
-,MAGESTO-F (100's),70.00
-,MIRACID (1x14's),33.00
-,MOLAX-M (10x10's),130.00
-,MUCILIN SF ส้ม (10x5g),86.00
-,MUCILIN (30x5g),240.00
-,MEDMAKER วาสลีน 50g,35.00
-,MINUS-SUN SPF40 30g เบส,180.00
-,MINUS-SUN SPF40 30g ขาว,180.00
-,MASAREN EMULSION GEL 30g,18.00
-,MEDERMA 10g *ห้างแจ้งของขาด,312.00
-,MYDA-B 15g,32.50
-,MYDA-B 5g,15.50
-,M16 (12x3ml),195.00
-,LOSARTAN 50mg (20x15's) GPO *ขายขาด,325.00
-,JULA'S HERB MORINGA ADVANCE GEL 40ml *XX,175.00
-,FENAC INJECTION (10amp x 3ml),50.00
-,LOSALAC SYRUP 100ml,71.00
-,LUTEINA (60's),139.00
-,DIVOMIT INJECTION (10amp x 1ml),45.00
-,LORANTA 50mg (3x10's),144.00
-,JULA'S HERB LONGAN MELASMA SERUM 40ml,175.00
-,MEPILEX แผ่นโฟมดูดซับของเหลว (กล่องละ 5 ชิ้น),240.00
-,L-CARNITINE PLUS (30's) BOONE,175.00
-,KLOBECORT 0.05% MILKY LOTION 30g,98.00
-,LORANTA 100 (3x10's),198.00
-,LAC-OPH 10ml,27.00
-,LAMAZONE CREAM 10g,38.00
-,LORIDIN MD (10x10's),98.00
-,VISTRA L-CARNITINE 3L (30's),228.00
-,CHLORPHEN-Y 4mg (10x100's),70.00
-,MEGA LECITHIN 1200mg (100's),242.00
-,LEFTOSE (50x10's),915.00
-,LOKIT (10x10's),68.00
-,LA ROCHE ANTHELIOS UV MUNE 400 INVISIBLE FLUIDE SPF50+ 50ml,920.00
-,LISTERINE COOL MINT 250ml ฟ้า,67.00
-,LIP CARE ลิปเภสัช (24x2g) เภสัชกรรม,170.00
-,LIPRIKAINE 5% 30g,262.00
-,LYMARIN CREAM 5g,23.00
-,LYMARIN CREAM 15g,47.00
-,KA LIP ตลับ กลิ่นเบอร์รี่ (12ตลับx2กรัม),130.00
-,KA LIP CARE 3.5g กลิ่นส้ม,19.50
-,TRINOLONE-KIDS ORAL PASTE (25x1g) สตอเบอร์รี่,155.00
-,KRESSDERM (20x10's),400.00
-,B-100 COMPLEX INJECTION (50amp x 1ml) T.P.,220.00
-,KOOL FEVER ทารก (3ซองx2ชิ้น) กล่องชมพู,74.00
-,BAKAMOL (100's),74.00
-,ULCEFATE 60ml,148.00
-,KREMIL-S (20x10's) ส้ม,380.00
-,BAKAMOL (50x10's),340.00
-,TRIVIT-B INJECTION (50amp x 3ml) T.P.,265.00
-,KAMAG (50x10's),435.00
-,KELA CREAM 15g,32.00
-,KELA CREAM 5g,17.00
-,KAL-G (2กระป๋องx150g),495.00
-,KRESS-B-C (100's),54.00
-,KA LIP CARE 3.5g กลิ่นสตอเบอร์รี่,20.00
-,KRESS VIT C (1000's) รสส้ม,85.00
-,** KAMILLOSAN M 15ml,136.00
-,KA LIP CARE 3.5g เพียว ไม่มีสี ไม่มีกลิ่น,19.50
-,KOOL FEVER ผู้ใหญ่ (3ซองx2ชิ้น) กล่องน้ำเงิน,74.00
-,CESOLINE W 25mg (50x10's),15.00
-,KANOLONE ORAL PASTE 5g *ห้างแจ้งของขาด เข้ามิ.ย.,22.00
-,KANOLONE ORAL PASTE (50x1g) *ห้างแจ้งของขาด เข้า มิ.ย.,225.00
-,K-Y JELLY 42g,148.00
-,K-Y JELLY 82g,215.00
-,COTTON BUDS (เล็ก) 100ก้าน,14.00
-,JOHNSON'S BABY OIL 125ml,82.00
-,JOHNSON'S BABY OIL 50ml,43.50
-,DEXTON 4mg/ml INJECTION (10amp x 2ml) T.P.,105.00
-,GENTAMICIN INJECTION (10vials x 2ml) T.P.,110.00
-,CEFTRIAXONE INJECTION 1g T.P.,41.00
-,ANTISPA INJECTION (50amp x 1ml) T.P.,470.00
-,ZIGALESS MOUTH SPRAY 15ml,52.00
-,ZAMBUK 36g (12ขวด/แพ็ค) ใหญ่,62.00
-,ZITHROMAX 250mg (1x6's),415.00
-,ZIMVA 40mg (10x10's) ส้ม *ขายขาด,165.00
-,PYRIDOXINE (B6) INJECTION (10amp x 1ml) A.N.B,32.00
-,VISTRA ZINC (45's),155.00
-,ZYRTEC 75ml,97.00
-,VITAMIN B1 INJECTION (10amp x 1ml) A.N.B,34.00
-,ZITHROMAX ORAL SUSPENSION 200mg/5ml,199.50
-,ZYRTEC (1x10's),99.00
-,ZYREX (50x10's) เหลือง,220.00
-,ZIMMEX 10 (3x10's),27.00
-,ZIMMEX 20 (3x10's),40.00
-,ZIMVA 20mg (10x10's) น้ำตาล *ขายขาด,98.00
-,ZIMVA 10mg (10x10's) ม่วง *ขายขาด,57.00
-,AMPAVIT (B12) 1000mcg INJECTION (10amp x 1ml) A.N.B,35.00
-,ZAMBUK 18g (24ตลับ/กล่อง) กลาง,34.50
-,ZEMA CREAM 5g (10หลอด/แพ็ค),20.00
-,ZEMA CREAM 10g (10หลอด/แพ็ค),31.00
-,XANDASE 300 (50x10's),1340.00
-,XEBRAMOL DROPS 15ml *ขายขาด,19.00
-,XYZAL (1x10's),130.00
-,FANGO 15g,25.00
-,WHITE KIDNEY ถั่วขาว (30's) BOONE,175.00
-,VITARA DEEP CLEANSING FOAM 100g,110.00
-,VOLCLONAC SPRAY 60ml,104.00
-,VICKS BABY BALSAM 50g,212.00
-,VULTIN 100mg (10x10's),210.00
-,VITARA ANTI-ACNE GEL 10g,100.00
-,VULTIN 300mg (10x10's),295.00
-,VISTRA BILBERRY EXTRACT (30's),290.00
-,VISTRA TOMATO EXTRACT (30's),338.00
-,VITAMIN C 500mg (100's) GPO *ขายขาด,133.00
-,VOLTAREN EMULGEL 100g,408.00
-,VOMITIL-M (50x10's),195.00
-,VIARTRIL-S 500mg Tab (90's),985.00
-,VITARA FACIAL FOAM MOUSSE 100ml ล้างหน้า,140.00
-,ACETIN 300mg INJECTION (10amp x 3ml),210.00
-,VIOLIN (1000's) T.O.,115.00
-,MEGA VITAMIN A 25000IU (100's),72.00
-,VOLTAREN SR 75mg (3x10's),395.00
-,VITARA PHILOSOFT MOIST24 100g,110.00
-,VILERM 200mg (5x5's),155.00
-,VITAMIN B1-B6-B12 (500's) GPO *ขายขาด,200.00
-,FENACAINE Inj (50x2ml),290.00
-,VITAMIN B COMPLEX (1000's) GPO เม็ดเหลือง *ขายขาด,195.00
-,VITARA-TX PPE 15g ฝ้า,156.00
-,KLEAN&KARE NIZZY SPRAY 18ml,57.00
-,VICKS 50g,182.00
-,VENTOLIN EVOHALER 200dose,186.00
-,MEGA VIAFLEX 1500 (30ซอง),280.00
-,VIARTRIL-S 1500mg (30ซอง),1085.00
-,VOLTAREN SR 100mg (3x10's),632.00
-,VOLTAREN 25mg (3x10's),145.00
-,VEENAC 25 (50x10's) เหลือง *ขายขาด,195.00
-,VEENAC 50 (50x10's) ส้ม *ขายขาด,298.00
-,NATEAR UD (7ชิ้น/กล่อง),54.00
-,V-GIFF แคปซูล (30's),181.00
-,VITAMIN C INJECTION (50amp x 2ml) T.P.,205.00
-,VEET 25g ชมพู,111.00
-,VITARA-SE 15g ทารอยสิว,137.00
-,VITARA FACIAL SUN SPF50 20g,149.00
-,VITARA HYALURON SERUM 20g แดง,166.00
-,VITARA-SE BODY SPRAY 50ml สิวที่หลัง,142.00
-,VICKS 25g,94.00
-,VICKS 5g (60ตลับ/กล่อง),23.50
-,VICKS 10g (60ตลับ/กล่อง),42.50
-,VAPEX HR 14ml (12ขวด/แพ็ค),63.50
-,VITARA CLINDA GEL 15g,47.00
-,VOLTAREN EMULGEL 10g,67.00
-,VOLTAREN EMULGEL 25g,144.00
-,VOLTAREN EMULGEL 50g,259.00
-,VIROGON 800 (7x5's),350.00
-,VILERM CREAM 5g,62.00
-,VILERM CREAM (10ซองx1g),157.00
-,VILERM 400mg (14x5's),615.00
-,ULGASTRIN (42's),114.00
-,UECOF CD (20x18g) ต้นตำรับ,429.00
-,U-SPA (10x10's),210.00
-,ULCEFATE (20x5ml),475.00
-,UNISON ENEMA (10x10cc) เด็ก,72.00
-,UNISON ENEMA (10x20cc) ผู้ใหญ่,75.00
-,U-ENEMA 100cc ลูกใหญ่ แบด,22.00
-,UNIREN SPRAY 60ml,135.00
-,BIOGAIA DROPS 5ml,790.00
-,ยาคุม JUSTIMA (21's),194.00
-,IBUMAN-PLUS (500's),660.00
-,NEOCA GARCININ (10เม็ด),75.00
-,ELLEZIN 5mg (1x10's),46.00
-,OXE CURE SULFUR SOAP 30g,37.00
-,JULA'S HERB ดีดีครีม แตงโม 40ml,175.00
-,HY-SPA 10 (500's) เม็ดขาวเคลือบ *ขายขาด,980.00
-,HY-SPA 10 (500's) เม็ดฟ้า *ขายขาด,980.00
-,TLM หมวกกระดาษ (สีเขียว) 100ชิ้น,68.00
-,TLM หมวกกระดาษ (สีขาว) 100ชิ้น,68.00
-,TLM หมวกกระดาษ (สีฟ้า) 100ชิ้น,68.00
-,ยาคุม PREME (28's),87.00
-,BETAHIS 12 (10x10's),133.00
-,"LINTECH GAUZE ผ้าก็อซแพ็คใหญ่ 2""x2"" 100แผ่น",33.00
-,BUSCOPAN (10x10's),343.00
-,BLOPRESS 8mg (4x7's) *NP,670.00
-,CO-DIOVAN 160/12.5mg (2x14's),715.00
-,BLACKMORES LUTEIN-VIS (60's),560.00
-,BLACKMORES BILBERRY 2500 (60's),445.00
-,VISTRA BIO VITAMIN C 1000mg (30's),190.00
-,"GAUZE ผ้าก๊อซ 3""x3"" (10ซอง/กล่อง) รถพยาบาล",70.00
-,BERODUAL SOLUTION 20cc.,383.00
-,BENZAC AC 2.5% 15g,107.00
-,BECARE ลูกเจี๊ยบ (12ชิ้น/แพ็ค),32.00
-,ชุดทำแผลปลอดเชื้อ LONGMED (12ชุด/กล่อง),132.00
-,"LINTECH GAUZE ผ้าก็อซแพ็คใหญ่ 4""x4"" 100แผ่น",105.00
-,BEPANTHEN FIRST AID 30g,127.00
-,GALVUS 50mg (4x14's),1215.00
-,B.O.S. (100's),259.00
-,GALVUS MET 50/1000 (6x10's),1305.00
-,DIOVAN 160mg (2x14's),720.00
-,BETAMETHASONE CREAM 15g GPO *ขายขาด,24.00
-,BIOFLOR แคปซูล 250mg (1x10's),262.00
-,BIOFLOR ผง 250mg (1x10ซอง),262.00
-,BIODERMA SENSIBIO 500 CC. ฝาชมพู,545.00
-,NEO-PENOTRAN FORTE VG (1x7's),311.00
-,ELTROXIN 100mcg (100's),78.00
-,ไพแร็ด-ไวโอเล็ต ยาม่วง 15ml สหการ,78.00
-,KRESSROXIN 300 (20x10's),465.00
-,BLACKMORES BUFFERED C 500 (75's),318.00
-,BLACKMORES BUFFERED C 500 (31's),146.00
-,BENDA 500 Lemon (12x1's) มะนาว,175.00
-,BETOSALIC OINTMENT 15g,43.00
-,BETHASONE-N CREAM 5g,19.00
-,CELXIB 200mg (10x10's),469.00
-,EXETER COLD&HOT GEL PACK (12x26cm),95.00
-,BENZAC AC 5% 60g,288.00
-,BOSISTO'S OIL 8.5cc นกแก้ว,37.00
-,BEROCCA (15's) รสส้ม,171.00
-,BETHASONE CREAM 5g,16.00
-,BETHASONE CREAM 15g,32.00
-,BEROCCA (15's) รสผลไม้,171.00
-,BRAND ซุปไก่สกัด+วิตามินบีคอม (60's) เขียว,315.00
-,BANNER HI-B FISH OIL (30's) น้ำเงิน,228.00
-,BIO VITAMIN C 1000 (60's) BOONE,180.00
-,BLACKMORES BIO ZINC A CHELATE (90's) *ห้างแจ้งของขาด เข้าพ.ค.,355.00
-,VISTRA B COMPLEX PLUS MINERALS (30's),135.00
-,BISOLVON EX 60ml,51.00
-,BAIN SYRUP 150ml,137.00
-,BERODUAL SPRAY 200doses *ขายขาด,302.00
-,BIOCALM (50x10's),465.00
-,DERMATIX ULTRA GEL 5g,363.00
-,ZYNO 0.02% CREAM 15g,21.00
-,PIPCIMET 400mg (500's),635.00
-,BENDA 500 (12x1's) เหลือง,175.00
-,BERCLOMINE (50x10's),505.00
-,B-ASPIRIN 81 (100x10's),295.00
-,BLOPRESS 16mg (4x7's),985.00
-,BESTATIN 20 (10x10's),143.00
-,BESTATIN 10 (10x10's),105.00
-,BESTATIN 40 (10x10's),230.00
-,BOSISTO'S OIL 28cc นกแก้ว,82.00
-,BOSISTO'S SPRAY 300ml นกแก้ว สเปรย์,196.00
-,BIO-OIL สูตร ORIGINAL 60ml ขวดส้ม,254.00
-,BURNOVA GEL PLUS 25g เขียว,39.00
-,BENZAC AC 2.5% 60g,264.00
-,BENZAC AC 5% 15g,115.00
-,BEPANTHEN OINTMENT 30g,135.00
-,BANOCIN POWDER 10g *ห้างแจ้งของขาด,39.00
-,BETNOVATE CREAM 15g,87.00
-,BETOSALIC OINTMENT 5g,22.00
-,BETA-DIPO 5g,22.00
-,BETA-DIPO 15g,39.00
-,BETNOVATE-N CREAM 15g *ห้างแจ้งของขาด,98.00
-,BETHASONE-N CREAM 15g,34.00
-,BACTIGRAS 10x10cm. (10ชิ้น/กล่อง),178.00
-,ACNE-AID CLEANSER 500ml แดง,438.00
-,ACNE-AID CLEANSER 500ml ฟ้า,438.00
-,AIR-X รสมิ้นท์ 120mg (50x10's),15.00
-,ATTOON ชุดดูดน้ำมูก จากปากแม่,62.00
-,AMINOLEBAN-ORAL 450g,550.00
-,PROBUFEN 400mg (50x10's) ชมพูกลม,285.00
-,ALINAMIN-EX PLUS (60เม็ด),404.00
-,DETTOL ทิชชู่เปียก (50แผ่น),121.00
-,AROTIKA RUB LOTION 60ml (สเปรย์),87.00
-,ANTERGAN CREAM 10g,25.00
-,AEROBIDOL INHALER 200dose (สูตร Berodual),210.00
-,AERONIDE INHALER 200doses (สูตร Budesonide),205.00
-,KRESSTEC TABLETS ขาวรี (50x10's),250.00
-,VISTRA ASTAXANTHIN 4mg (30's),355.00
-,ASPILETS (20x10's),119.00
-,VITARA ALOE VERA 99.5% 120g เขียวเข้ม,105.00
-,ARTHRO-S BERRY 1500 (10ซอง),100.00
-,EQUAL STEVIA หญ้าหวาน (40ซอง),76.00
-,AMITRIPTYLINE 25mg (50x10's) GPO *ขายขาด,295.00
-,ASTAIR 10mg (4x7's),180.00
-,VISTRA ACEROLA CHERRY (100's),515.00
-,ASPREX 300mg (50x10's),7.00
-,AEROTAMOL INHALER 200doses,93.00
-,ACNETIN-A 0.025% 10g,39.00
-,ACNETIN-A 0.05% 10g,42.00
-,ALOE GEL เจลว่านหางจระเข้ 30g,36.00
-,VITARA ALOE VERA + PANTHENOL 120g หลอดขาว,105.00
-,ALLERAX-FC 10mg (1000's) ขาวกลม,185.00
-,AMTA 500 (500's) ดำ-แดง HK,665.00
-,AMMELTZ YOKO 82ml,134.00
-,ANUFEN (500's) เหลือง *ขายขาด,370.00
-,VISTRA ACEROLA CHERRY (45's),238.00
-,AIR-X DROPS 15ml,46.00
-,*2ขวด/สัปดาห์* AVAMYS 120Doses,448.00
-,ATHRIL (30x3.95g) TO,219.00
-,ALEREST (10x10's),65.00
-,AIR-X รสมิ้นท์ 80mg (50x10's),13.00
-,AIR-X รสมะนาว 80mg (50x10's),13.00
-,AIR-X รสส้ม 80mg (50x10's),13.00
-,AVAMIGRAN (1x10's),46.00
-,AZITHRO 250 (1x6's),50.00
-,** AMK 1000 (1x10's),98.00
-,** AMOKSIKLAV 1000mg (1x10's),112.00
-,AERIUS 5mg (1x10's),250.00
-,ANTACIL (50x10's),476.00
-,ALBEMED (10x6's),125.00
-,ASPENT-M 81mg (60's),32.00
-,AMITRIPTYLINE 10mg (50x10's) GPO *ขายขาด,184.00
-,APOLETS 75mg (3x10's),289.00
-,ANAPRIL 20 (10x10's),95.00
-,ANAPRIL 5 (10x10's),57.00
-,AMBES 10 (10x10's) *ขายขาด,102.00
-,AMBES 5 (10x10's) *ขายขาด,61.00
-,AMLOPINE 10 (10x10's),200.00
-,AMLOPINE 5 (10x10's),152.00
-,ACNE-AID สบู่ 100g,177.00
-,ACNE-AID CLEANSER 100ml แดง,141.00
-,ACNE-AID GENTLE CLEANSER 100ml ฟ้า,141.00
-,APRACUR-NC อาปราคัวร์ (25x6's),177.00
-,AMMELTZ YOKO 48ml,94.00
-,ALCON NAPHCON-A 15ml,92.00
-,ALCON TOBREX 5ml,117.00
-,(ขาดยาว) ALCON FLAREX 5ml,80.00
-,(ขาดยาว) ALCON TIMOLOL MALETE 0.5% 5ml,130.00
-,ANTAZALLERGE 10ml (10ขวด/กล่อง),40.00
-,ALLERGIS 5ml,27.00
-,ARISTOCORT-A 0.1% Cream 15g,68.00
-,ARISTOCORT 0.02% Cream 15g,42.00
-,KREMIL (20x10's) กล่องเขียว,325.00
-,MEGA REGENEZ (30's),287.00
-,BLACKMORES OMEGA DHA (60's),746.00
-,"NEXCARE 3M TRANSPORE พลาสติก 1""x10Y (12ม้วน/แพ็ค)",45.00
-,STUGERON (3x10's),86.00
-,SYMBICORT 120dose *NB,1150.00
-,SARA INFANT DROPS แบบหยด 15ml,29.00
-,SOFFEL สเปรย์ กันยุง กลิ่นเฟรช 30ml,30.00
-,STREPSILS ORANGE +VIT C (24x8's),23.50
-,STREPSILS HONEY&LEMON (24x8's),23.50
-,STREPSILS CHESTY COUGH (24x8's),49.50
-,STREPSILS DRY COUGH (24x8's),49.50
-,SERC 16mg (3x20's) *NP,407.00
-,SULIDINE CP (10x10's),186.00
-,SOLMAX (25x10's),36.50
-,SENOKOT (3x20's),148.00
-,SENOLAX (3x20's),55.00
-,SAMARIN 70 (10x10's),270.00
-,MEGA STERZAR 1mg (4x7's),252.00
-,SELLON SHAMPOO 40ml,57.00
-,SELLON SHAMPOO 120ml,110.00
-,SELSUN 60ml,127.00
-,SELSUN 120ml,210.00
-,SARA (100's) เม็ดรี,106.00
-,SARA (20x10's) แผง เม็ดกลม,194.00
-,SARA (20x10's) แผง เม็ดรี,195.00
-,SME WHITE FOAM 1oz,74.00
-,SME FOAM 1oz เขียว,67.00
-,SME FOAM 2oz เขียว,135.00
-,SME SKIN THERAPY 200ml ขวดเขียว,260.00
-,SME WHITE FOAM 4oz,225.00
-,SME GOLD CREAM 30g,265.00
-,SME GOLD CREAM 12g,115.00
-,SME GOLD FOAM 4oz,285.00
-,SME CREAM 7g เขียว,87.00
-,SME CREAM 15g เขียว,157.00
-,SME ACNE HYDROGEL 7g,130.00
-,SME WHITE BABYFACE CREAM 12g,90.00
-,SME WHITE BABYFACE CREAM 30g,218.00
-,SME SKIN THERAPY 100ml ขวดเขียว,148.00
-,SPECTRABAN SPF50+ 20g,183.00
-,SALONPAS 42x65mm (10ชิ้น) (20กล่อง/แพ็ค),34.00
-,CYBELE SCAGEL 19g,255.00
-,SILVERDERM CREAM 25g,29.00
-,SCHERIPROCT N SUPPO (กล่อง10ชิ้น),82.00
-,SCHERIPROCT N CREAM 10g,86.00
-,BACLOFEN TABLETS (20x10's),205.00
-,BACTEX OINTMENT 5g,49.00
-,MAXXLIFE VEGGIE GUMMY 120g,185.00
-,ยาคุม CAMELLA (28's) *ห้างแจ้งของขาด เข้ามิ.ย.,71.00
-,VISTRA RICE BRAN OIL&GERM OIL (40's) *XX,270.00
-,SOVELIUM 5mg (50x10's) *ขายขาด,250.00
-,RETEN 5% 30ml,129.00
-,MAXXLIFE BEYOND PLUS SCARGEL 10g,122.00
-,RENU FRESH 355ml (แถม 60ml),158.00
-,REGRO ACTIVE SHAMPOO 200ml น้ำเงิน ขจัดรังแค,168.00
-,REGRO PROTECTIVE SHAMPOO 200ml เขียว,139.00
-,REPARIL GEL 10g,64.00
-,RHINOCORT AQUA 120Doses,320.00
-,REPARIL-DRAGEES TAB (10x10's),515.00
-,RE-B FORTE (10x10's),321.00
-,ROWATINEX (10x10's),485.00
-,REPARIL GEL 20g,103.00
-,REPARIL GEL 40g,197.00
-,RENU FRESH 120ml,70.00
-,ROLLATOR ที่หัดเดินล้อ 6 นิ้ว สีแดง (CA861L),2300.00
-,QUALIMOL (1000's) เม็ดหมอนเหลือง,425.00
-,POLIDENT FRESH MINT 20g ครีมติดฟันปลอม *ห้างแจ้งของขาด เข้า มิย.69,86.00
-,ATTOON ที่ดูดน้ำมูกซิลิโคน ชนิดหัวเรียวพิเศษ,52.00
-,PROPOLIZ MIXS LOZENGES (15ซองx15's),238.00
-,PANADOL ACTIFAST (1x10's),36.50
-,POLAR SPRAY 280ml,188.00
-,PUDIN HARA (10x10's),145.00
-,TERCO-D (50x10's) ส้มกลม,415.00
-,DIOCTOL ยาระบาย (10x10's),185.00
-,PAINELIEF COOL GEL 60g,104.00
-,PAINELIEF COOL GEL 30g,65.00
-,PHYSIOGEL CLEANSER 150ml,187.00
-,PREME NOBU Cleansing 30g ล้างเครื่องสำอาง,87.00
-,PREME NOBU Cleansing 75g ล้างเครื่องสำอาง,174.00
-,PHILO SOFT LEGBEAU 25g เส้นเลือดขอด,135.00
-,PURIDINE ขวดใหญ่ (12x30cc),220.00
-,PREME NOBU NATURAL E PLUS 30g หลอดเขียว,180.00
-,PREME NOBU NATURAL E PLUS 15g หลอดเขียว,105.00
-,PREME NOBU NATURAL C WHITE 30g หลอดส้ม,178.00
-,PREME NOBU NATURAL C WHITE 15g หลอดส้ม,105.00
-,PARIET 20mg (1x14's),590.00
-,PREME NOBU FOAM 30g ชมพู,63.00
-,PREME NOBU FOAM 50g ชมพู,98.00
-,PREME NOBU FOAM 100g ชมพู,170.00
-,PREME NOBU FOAM 30g เขียว,62.00
-,PREME NOBU FOAM 50g เขียว,97.00
-,PREME NOBU FOAM 100g เขียว,169.00
-,PHYSIOGEL DMT CREAM 75ml,398.00
-,"PENCILLIN 500,000 (1x12's)",17.00
-,PHYSIOGEL AI CREAM 50ml,540.00
-,PROPOLIZ SPRAY 15ml,83.50
-,PATAR COD LIVER OIL (60's),47.00
-,PONSTAN 500 (25x10's),43.00
-,PRENOLOL 50 (10x10's),53.00
-,PRENOLOL 100 (10x10's),96.00
-,PRENOLOL 25 (50x10's),228.00
-,PROPYL (50x10's) *ห้างขายขาด,310.00
-,PARACAP กระปุก (10x100's),50.00
-,POLKA 25g ทาส้นเท้าแตก,39.00
-,POLKA HAND CREAM 60g ครีมทามือ,75.00
-,PROVAMED SUN SPF50+ 30ml สีขาว,180.00
-,PROVAMED SUN SPF50+ 30ml สีเบส,180.00
-,PARACAP (50x10's) แผง,350.00
-,* PERSKINDOL CLASSIC SPRAY 150ml เหลือง,213.00
-,PERSKINDOL CLASSIC GEL 100ml,188.00
-,* PERSKINDOL COOL GEL 100ml ฟ้า,177.00
-,PERSKINDOL COOL SPRAY 250ml ฟ้า,195.00
-,POLY-OPH (12x5ml) ฟ้า,25.00
-,PHIL VOLTE CREAM 10g,30.00
-,PAMPERIN CREAM 25g,26.00
-,POX109 ป๊อก (1x10's) (12แผง/แพ็ค),22.50
-,PIRCAM-20 (1x10's) (12แผง/แพ็ค),22.00
-,OBIMIN-AZ (20's),66.00
-,BLACKMORES ODOURLESS FISH OIL MINI CAP (60's),377.00
-,OTRIVIN 0.1% SPRAY 10ml (ผู้ใหญ่),135.00
-,OTRIVIN 0.05% SPRAY 10ml (เด็ก),126.00
-,OPSITE FLEXIFIX (10cmx1m),163.00
-,OPTI-FREE REPLENISH 300ml,206.00
-,ONZET DRY SYRUP 15ml รสเชอรี่,85.00
-,OXYMET 0.05% 15ml เขียว,32.00
-,OXYMET 0.025% 10ml ฟ้า,27.00
-,OXE'CURE BODY ACNE SPRAY 50 ml,152.00
-,BURNOVA GEL PLUS PLANKTON 70g ฟ้า,93.00
-,BERLONTIN 300 (10x10's),293.00
-,OFLOCEE 200 (10x10's),220.00
-,OMEPRAZOLE (10x10's) GPO *ขายขาด,62.00
-,OBIMIN-AZ (60's),194.00
-,OPSIL-A 10ml เหลือง,33.00
-,OPSIL TEARS (12x10ml),34.00
-,*1โหล/สัปดาห์* OPSA-HIS 5ml *ขายขาด,23.00
-,OPSACIN 5ml ชมพู *ขายขาด,23.00
-,*2โหล/สัปดาห์*OPSARDEX 5ml ส้ม *ขายขาด,19.00
-,NESTLE BOOST OPTIMUM 800g กลิ่นวนิลา,767.00
-,NUROFEN ZAVANCE 400 (1x10's),136.00
-,NUELIN 200 SR (5x20's),198.00
-,NEO-MUNE 400g,430.00
-,MOSSI GUARD CREAM 50g,79.00
-,NEXCARE 3M OPTICLUDE 5.7x8.25cm (20ชิ้น/กล่อง) พลาสเตอร์ปิดตา ขนาดใหญ่,135.00
-,MEGA NAT B (100's),552.00
-,NEXCARE 3M แผ่นดูดซับสิว รุ่นบางพิเศษ (กล่อง30ชิ้น) ฟ้า *ห้างแจ้งของขาด,86.00
-,NORA SHAMPOO 100ml,130.00
-,NASOLIN P.L. (1x10's) 24แผง/แพ็ค,17.00
-,CERA เกลือแร่รสผลไม้รวม (50x25g),145.00
-,NASONEX 60doses,444.00
-,FURANO เม็ดฟู่แช่ฟันปลอม กลิ่นดั้งเดิม (24เม็ด) ฟ้า,84.00
-,MEGA NAT C 1000mg (150's),535.00
-,NEXIUM 20mg (2x7's),519.00
-,** NACLONG (10's),147.00
-,EUCALYPTUS (12x30cc) ยูคาลิปตัส,53.00
-,EUCALYPTUS (12x15cc) ยูคาลิปตัส,36.00
-,EZERRA CREAM 25g,385.00
-,ELOMET 0.1% CREAM 5g,94.00
-,ELOMET 0.1% CREAM 15g,195.00
-,DIFFLAM FORTE THROAT SPRAY 15ml ผู้ใหญ่,217.00
-,ALBU QUIK 250g,320.00
-,DUREX AIRY 52mm (2ชิ้น),57.00
-,DERMATIX ULTRA GEL 15g,725.00
-,CERAVE HYDRATING CLEANSER 236ml,304.00
-,DERMOVATE OINTMENT 5g,57.00
-,DUREX COMFORT 56mm (3ชิ้น),70.00
-,DIFFERIN 0.1% GEL 30g,570.00
-,CERAVE MOISTURISING LOTION 88ml,192.00
-,ยาดมตราเสือ 2ml (5โหล/กล่อง),15.00
-,MILLIOPH 10ml,28.50
-,DIMENINE (10x10's),55.00
-,XARATOR 20mg (3x10's),640.00
-,DOLONIL SR 100mg (10x10's) *ห้างแจ้งของขาด,335.00
-,DENTISTE 50g ยาสีฟัน,102.00
-,FLEMING 1000mg (1x10's) กล่องเดี่ยว,79.00
-,DIFELENE GEL 100g,87.00
-,DIABEDERM 20% 35g,65.00
-,DIABEDERM 10% 35g,52.00
-,DENTISTE ไหมขัดฟัน WAXED MINT 50 เมตร,65.00
-,DIRAM (25x4's),140.00
-,DIFFERIN 0.1% GEL 15g,367.00
-,DIPAZIDE (10x10's),132.00
-,DUREX PLAY 50ml CLASSIC (ฟ้า),94.00
-,DOROX 500 (25x10's) ส้มแดง *XX,473.00
-,DUREX STRAWBERRY 52.5mm (3ชิ้น),59.00
-,DURAN (1x10's),19.00
-,DUOGAS (35x10's),430.00
-,DAFLON 500mg (2x15's),284.00
-,DERMAHEU CREAM 25g (ใหญ่),87.00
-,DIMENHYDRINATE (100x10's) A.U.,199.00
-,DEANXIT (10x10's) *ขายขาด,540.00
-,DUREX KINGTEX 49mm (3ชิ้น),36.00
-,DUREX LOVE 52.5mm (3ชิ้น),35.00
-,DUREX FETHERLITE 52.5mm (3ชิ้น),61.00
-,DUREX PERFORMA 52.5mm (3ชิ้น),65.00
-,DICLOFENAC 50 (50x10's) ชุมชน,335.00
-,DICLOFENAC 25 (50x10's) ชุมชน,240.00
-,DEHECTA (20x20ml) *ห้างแจ้งของขาด เข้ามิ.ย.,460.00
-,DIARINE (50x10's),160.00
-,DIAMICRON MR 60mg (2x15's),395.00
-,DAONIL 5mg (10x10's),295.00
-,DIFELENE GEL 30g,32.00
-,DECOLGEN PRIN (25x4's),189.00
-,DIFELENE GEL 60g,60.00
-,DEWAX ละลายขี้หู 15ml,52.00
-,DEX-OPH (12x4ml),21.00
-,DOPROCT OINTMENT 10g,53.00
-,DOPROCT SUPPO (10ชิ้น/กล่อง),53.00
-,DERMATOP CREAM 5g,54.00
-,DERMOVATE CREAM 15g,148.00
-,DERMAHEU CREAM 15g (กลาง),58.00
-,DERMAHEU CREAM 5g (เล็ก),29.00
-,DAFOMIN 500mg (3x10's),120.00
-,DIFELENE-50 แดง (1x10's),19.00
-,DIFELENE-25 ฟ้า (1x10's) 24กล่อง/แพ็ค,12.00
-,MEGA NAPROFAZT (1x10's),98.50
-,CANDINOX-1 500 mg (กล่อง1เม็ด),23.00
-,ASMASAL SDU (3x7's),315.00
-,CARATEN 6.25 (10x10's),575.00
-,COUNTERPAIN PLUS 50g,201.00
-,CHLOVAS-40 (3x10's),250.00
-,COOL TEMP (3ซองx2ชิ้น) วัยรุ่นและผู้ใหญ่,58.00
-,CAVILON 3M SPRAY 236ml,430.00
-,CAST COMFORT SPRAY 200ml สเปรย์เฝือก,225.00
-,CENTRUM SILVER 50+ (30's) เทา,280.00
-,CLINDAVID 300 (10x10's),271.00
-,CO-DIOVAN 160/25mg (2x14's),715.00
-,CARIBAND COHESIVE 2.5cmx2m (10ม้วน/กล่อง),45.00
-,CARIBAND COHESIVE 4cmx2m (10ม้วน/กล่อง),510.00
-,CONCOR 2.5 (10x10's),63.00
-,CHINTA-LAX (25x10's),110.00
-,CONTROLOC 40mg (1x14's),790.00
-,CONTROLOC 20mg (1x14's),610.00
-,CENTRUM SILVER 50+ (90's) เทา,750.00
-,MEGA NATURAL VITAMIN E 200 (60's),202.00
-,"CONFORMING BANDAGE 4"" (กล่อง12ชิ้น)",100.00
-,CLINDALIN GEL (10x10g),63.00
-,VISTRA CO Q10 (30's),145.00
-,CAVILON 28g เจลป้องกันแผลกดทับ,245.00
-,EZY DOSE ตลับใส่ยา 7 วัน 1 มื้อ (ขนาดเล็ก),43.00
-,"CONFORMING BANDAGE 2"" (กล่อง12ชิ้น)",55.00
-,"CONFORMING BANDAGE 3"" (กล่อง12ชิ้น)",84.00
-,CLARA LOTION 50ml,120.00
-,CLINOVIR-800 (7x5's),210.00
-,CLINOVIR-400 (5x5's),120.00
-,CLINOVIR-200 (5x5's),60.00
-,CINNA CAP (100x10's) ชมพูขาว,440.00
-,FUNGINOX SOLUTION 25ml,143.00
-,CRAVIT 500mg (กล่องละ5เม็ด),370.00
-,CAFERGOT (1x10's),57.00
-,CARDOXA 2mg (10x10's),91.00
-,CATAFLAM 50 (2x10's),165.00
-,CATAFLAM 25 (2x10's),97.00
-,CEMOL (1000's) ขาวกลม,275.00
-,CALHOF PLUS (60's),105.00
-,"GAUZE ผ้าก๊อซ 2""x2"" (10ซอง/กล่อง) รถพยาบาล",42.00
-,CARYOPIN (25x10's),320.00
-,COOL BABY (3ซองx2ชิ้น) กล่องชมพู,58.00
-,CALTRATE PLUS (60's) ม่วง,308.00
-,C-FORCE 1000 (10x6's),205.00
-,*โปร May2* CA-R-BON (10x10's),143.00
-,CORILAX (50x10's) เม็ดชมพู,360.00
-,CDR (15's) รสส้ม,118.00
-,CALSOURCE 500mg (20's) *X,252.00
-,CALTAB +VITAMIN D (30's),47.00
-,CALTRATE PLUS (30's) ม่วง,176.00
-,CENTRUM (30's) ขาว,221.00
-,CENTRUM (100's) ขาว,668.00
-,MEGA CALCIUM-D CAPSULES (60's),178.00
-,COXIUM 500 (10x10's) ทอง,230.00
-,COXIUM 1500 (30ซอง) น้ำเงิน,296.00
-,CORILAX (50x10's) เม็ดขาว,360.00
-,CELEBREX 200 (10x10's),230.00
-,COLCHICINE 0.6mg (10x10's),449.00
-,COOL KIDS (3ซองx2ชิ้น) กล่องฟ้า,58.00
-,COROXIN 300 (10x10's),260.00
-,CODIPHEN TABLET (1x10's),25.00
-,CEPHADOL (20x10's) ชนิดไม่ง่วง,375.00
-,COMBIZYM (10x10's),569.00
-,CONCOR 5 (10x10's),84.00
-,C&L ว่านชักมดลูกเม็ดผสมเอี๊ยะบ่อเช่า กล่องชมพู (กล่อง20เม็ด),112.00
-,CHLORPHENIRAMINE INJECTION (10x1ml) A.N.B,27.00
-,CEMOL ขาวกลม (100's) ขวดใหญ่,26.00
-,CEMOL ฟ้า-ขาว (100's),27.00
-,CREAM 91E 8.3g ทาส้นเท้าแตก,44.00
-,*โปร May2* CETRIZIN (50x10's),245.00
-,LUCY เจลแชมพูกำจัดเหา 30ml,92.00
-,COTTON BUDS (ใหญ่) 100ก้าน,14.00
-,CAPSIKA GEL 35 g (0.0125%) หลอดส้ม,57.00
-,CLINDALIN GEL (10x5g),35.00
-,COUNTERPAIN 120g น้ำตาล,121.50
-,COUNTERPAIN 60g น้ำตาล,71.00
-,COUNTERPAIN 30g น้ำตาล,40.75
-,COUNTERPAIN COOL 120g ฟ้า,129.50
-,COUNTERPAIN COOL 60g ฟ้า,76.50
-,COUNTERPAIN COOL 30g ฟ้า,49.00
-,COUNTERPAIN PLUS 25g,119.00
-,CELLUFRESH UD 0.4ml (30ชิ้น) น้ำตาเทียม,259.00
-,CADEXCIN-N 4ml *ห้างแจ้งของขาด,20.00
-,"NEOTAPE นีโอเทป 1""x10หลา (กระบอก12ม้วน)",415.00
-,CANASONE C.B. 5g,21.00
-,CANASONE C.B. 15g,45.00
-,CANAZOL-Be CREAM 15g T.O.,38.00
-,CANAZOL-Be CREAM 5g T.O.,19.00
-,CON CON 15ml,40.00
-,CLOTRIMED LOTION 13ml *ขายขาด,19.00
-,CANESTEN CREAM 20g,141.00
-,CANESTEN CREAM 10g,84.00
-,CANESTEN เหน็บ (6เม็ด),156.00
-,CANESTEN เหน็บ (1เม็ด),169.00
-,CHLORAM OINTMENT 15g,11.00
-,CLOBET CREAM 5g,24.00
-,CLOBET CREAM 10g,34.00
-,CAPIROX-20 (1x10's) (10แผง/แพ็ค),18.50
-,TIFFYRUB 10g (12 ตลับ/กล่อง),27.00
-,TIFFYRUB 20g ขวดเล็ก,46.50
-,DICLOXA RX 500 (25x10's) ฟ้า-ขาว,520.00
-,THERMA PLAST (กล่องละ 5 ซอง),139.00
-,"TOP DRESSING Gauze 4""X6"" (20ซอง/แพ็ค) Lintech",190.00
-,"TOP DRESSING Gauze 3""X6"" (10ซอง/แพ็ค) Lintech",95.00
-,TIGER BALM (12x30g) ยาหม่องเสือ แดง,76.00
-,TIGERPLAST HIGH HEEL (9ชิ้น) กันรองเท้ากัด 10กล่อง/แพ็ค,24.00
-,TIGERPLAST ANIMAL KINGDOM (10ซองx8แผ่น),110.00
-,TIGERPLAST PREMIUM (10ซองx10แผ่น),110.00
-,TIGERPLAST SHEER XL (10ซองx10แผ่น),98.00
-,TIGERPLAST CLEAR (10ซองx10แผ่น) พลาสเตอร์ใส,99.00
-,ALCON TOBRADEX 5ml,131.00
-,TIGERPLAST 60x70mm (3ชิ้น) W1,33.50
-,TIGERPLAST 60x70mm (5ชิ้น) P1,32.50
-,TIGERPLAST 80x100mm (4ชิ้น) P3,39.00
-,TIGERPLAST 60x100mm (4ชิ้น) P2,32.50
-,TIGERPLAST (10ชิ้น) WF,23.00
-,TIGER BALM HR (12x30g) ยาหม่องเสือ ขาว,76.00
-,TIGERPLAST 100x120mm (3ชิ้น) P4,41.00
-,TIGERPLAST 100x120mm (2ชิ้น) W4,42.00
-,TIGERPLAST 80x100mm (2ชิ้น) W3,40.00
-,FIT I-CAL PLUS (30's),223.00
-,TOMEI CLINDAI GEL 5g,34.00
-,TOPICORTE 0.25% 15g,120.00
-,TIGERPLAST 60x100mm (5ชิ้น) N2,46.00
-,TIGERPLAST 80x100mm (5ชิ้น) N3,56.00
-,TIGERPLAST 60x70mm (5ชิ้น) N1,39.50
-,TIGERPLAST 60x100mm (2ชิ้น) W2,34.00
-,TRAVOCORT CREAM 10g,117.00
-,TIGERPLAST 100x120mm (5ชิ้น) N4,65.50
-,TIGERPLAST (10X8ชิ้น) ZOO PARTY,132.00
-,TANZARIL 100 (3x10's),121.00
-,TORRENT (1x10's),14.50
-,TORRAFEN (1x10's),12.00
-,TRAVOGEN CREAM 10g,117.00
-,TIGERPLAST WS (10ชิ้น),23.00
-,TETRACYCLINE 250mg ดำ-แดง (1000's) A.U.,480.00
-,TRIPTA 10mg เหลืองเคลือบ (1000's),175.00
-,TEARS NATURALE II 15ml,123.00
-,TERCO-D (500's) ส้มกลม,400.00
-,TIGER BALM HR (12x19.4g) ยาหม่องเสือ ขาว,60.00
-,TIGER BALM (12x19.4g) ยาหม่องเสือ แดง,60.00
-,TOLCHICINE (10x10's) T.O.,55.00
-,TRIPZOL 10 (500's) ฟ้ากลม *ขายขาด,150.00
-,TERBUTALINE (1000's) T.O.,160.00
-,TEARS NATURALE FREE (32ชิ้น),308.00
-,TOFAGO (1x10's),24.00
-,TEMPRA FORTE 60ml ฟ้า (มีกล่อง),46.00
-,TEMPRA KIDS 60ml แดง (มีกล่อง),38.00
-,TEMPRA DROPS 15ml,38.00
-,TELFAST 180mg (1x10's),220.00
-,TELFAST 60mg (1x10's),85.00
-,ORMIST (1x10's),17.50
-,TANZARIL 50 (3x10's),68.00
-,THYROSIT (50x10's) *ห้างขายขาด,224.00
-,TENSOPLAST (100ชิ้น) ผ้าสีน้ำตาล,65.50
-,TENSOPLASTIC SHEER (กล่อง100ชิ้น) พลาสติกสีเนื้อ,74.00
-,T-OSMIN (25x10's),815.00
-,TIGER BALM (12x10g) ยาหม่องเสือ แดง,43.00
-,TIGER BALM HR (12x10g) ยาหม่องเสือ ขาว,43.00
-,TIFFY DEY (25x4's),191.00
-,TRINOLONE (25x1g) ซอง,152.00
-,TRINOLONE 5g หลอด,26.00
-,TIGER NECK&SHOULDER RUB 50g ดำ,133.00
-,TIGER NECK&SHOULDER RUB BOOST 50g แดง,138.00
-,TERRAMYCIN OPHTHAMIC OINTMENT 3.5g,39.50
-,TIMI CREAM 15g,37.00
-,TONAF 1% CREAM 5g แดง,29.00
-,TONAF 1% CREAM 15g แดง,60.00
-,TONAF 2% CREAM 5g เขียว,36.00
-,TONAF 2% CREAM 15g เขียว,72.00
-,T.A.CREAM 0.02% 5g,13.00
-,T.A.CREAM 0.1% 15g,22.00
-,T.A.CREAM 0.1% 5g,14.00
-,TOPOXY 0.25% 10g,44.00
-,TOPICORTE 0.25% 5g,54.00
-,TC-MYCIN 250 (1x10's) (10แผง/แพ็ค),23.50
-,TC-MYCIN 500 (1x10's),38.00
-,FADAVAG 500mg (1's),26.00
-,SEBAMED BABY BUBBLE BATH 200ml,238.00
-,SEBAMED LIQUID FACE&BODY WASH 200ml,233.00
-,SEBAMED BODY MILK 200ml,320.00
-,STREPSILS ORANGE +VIT C (12x3's),166.00
-,SME GOLD MIRACLE CAPSULES (12's),340.00
-,SME SCAR SILICONE GEL 10g,307.00
-,SME BABYFACE ACNE CLEAR TONER 150ml,194.00
-,SME WHITE SKIN THERAPY 200ml ขวดขาว,292.00
-,SME WHITE SKIN THERAPY 100ml ขวดขาว,164.00
-,SPEK สเปค 20ml สเปรย์พ่นปากแก้เจ็บคอ ไม่มีน้ำตาล,112.00
-,SME WHITE BABYFACE GEL 3.3 OZ.(คิมเบอร์ลี่),168.00
-,SME WHITE BABYFACE GEL 1.5 OZ.(คิมเบอร์ลี่),84.00
-,DR.SMOOTH-E ANTI HAIR LOSS SHAMPOO 200ml แก้ผมร่วง,330.00
-,SME EVERYDAY CONDITIONER 500ml,370.00
-,SME EVERYDAY SHAMPOO 500ml,370.00
-,STREPSILS HONEY&LEMON (12x3's),166.00
-,SERLIN 50 (3x10's),95.00
-,BLACKMORES ODOURLESS FISH OIL MINI CAP (30's) *ห้างแจ้งของขาด เข้าพ.ค.,194.00
-,FREELOX 52mm. กล่องสีชมพู (48x3's),9.00
-,SME WHITE SERUM 0.8 oz. (ทาฝ้า),430.00
-,SME GOLD FOAM 1.5oz,109.00
-,SME ACNE CLEAR MAKE UP CLEANSING WATER 200ml,255.00
-,SME ACNE CLEANSING GEL 120ml,195.00
-,SAZEROL 100ml,58.00
-,SME CREAM 100g เขียว,489.00
-,สำลีก้อนชุบแอลกอฮอลล์ รถพยาบาล (12แผงx8ก้อน),110.00
-,SINUFEN (50x10's),240.00
-,MEGA NORMAGUT (1x10's),185.00
-,ALBEN (1x2's) 50แผง/แพ็ค,8.00
-,SME MAKE UP CLEANSING 100ml,140.00
-,SYMBICORT 60dose *NB,749.00
-,UDEA 20% 30g,63.00
-,UDEA 10% 30g,50.00
-,SIAMDOPA 250mg (10x10's),300.00
-,SOLMAX FORTE 60ml,63.00
-,STREPSILS ORIGINAL (24x8's),23.50
-,SME WHITE SERUM 0.4oz (ทาฝ้า),262.00
-,SKINOREN 30g,469.00
-,SME BABYFACE GEL 3.3 OZ.(คิมเบอร์ลี่),168.00
-,SME ACNE HYDROGEL PLUS 10g,179.00
-,SERETIDE EVOHALER 25/125,568.00
-,*โปร May2* BRUSOFT 400 (6x10's),248.00
-,PROBUFEN 400mg (500's) ชมพูกลม,280.00
-,SOFFEL สเปรย์ กันยุง กลิ่นฟลอร่า 80ml,62.00
-,SOFFEL สเปรย์ กันยุง กลิ่น เฟรช 80ml,62.00
-,SPAMUS (100x10's),545.00
-,SANITA ผ้าอนามัยแบบห่วง (10แผ่น),26.00
-,SYSTANE ULTRA 10ml น้ำตาเทียม,150.00
-,SME SCAR SERUM FACE AND BODY 10g,250.00
-,SAUGELLA POLIGYN 100ml ชมพู,120.00
-,SAUGELLA ATTIVA 100 ml เขียว,102.00
-,PROSPER PN-102 เครื่องพ่นละอองยา พกพา,690.00
-,MAG TEST 3IN1 ยาบ้า กระท่อม กัญชา (กล่อง1ชุด) แบบหยด,143.00
-,ตลับใส่ยา 7 ช่อง HOSPRO รุ่น H-PB03,93.00
-,สายสวนปัสสาวะ Latex Foley Catheter FR14 เขียว(10ชิ้น/กล่อง),220.00
-,NEOPLAST KIDS PLASTERS (10ซอง/กล่อง) ไดโนเสาร์,91.00
-,รถเข็นเหล็กชุบโครเมี่ยมเบาะหนัง รพ. มีเบรคมือ รุ่น TCC031-A,2800.00
-,ชุดตรวจ GICA COVID-19 Nasal/Saliva/Oral Swab เขียว **ขายขาด,25.00
-,SAUGELLA DERMOLIQUIDO 100ml ฟ้า,83.00
-,SME MAKE UP CLEANSING 300ml,335.00
-,SME MAKE UP CLEANSING 200ml,240.00
-,SME BABYFACE GEL 1.5 OZ.(คิมเบอร์ลี่),82.00
-,SOPROXEN (10x10's),175.00
-,SONAP (10x10's),158.00
-,SIARIZINE (10x10's) *ห้างแจ้งของขาด,110.00
-,SIAMIDINE (10x10's),133.00
-,SOFFEL โลชั่น กันยุง กลิ่นเฟรช 60ml,45.00
-,SOFFEL โลชั่น กันยุง กลิ่นฟลอร่า 60ml,45.00
-,SOFFEL สเปรย์ กันยุง กลิ่นฟลอร่า 30ml,30.00
-,DOROX 500 (500's) ส้มแดง *XX,835.00
-,SCADERM PLUS 10g,113.00
-,SIMOYIAM (10x10's),114.00
-,SOLU CAL (กล่อง30ซอง),300.00
-,SIMCONE-T (50x10's) TO,295.00
-,SPECTRABAN SENSITIVE SPF30 20g,192.00
-,CYBELE SCAGEL 9g,140.00
-,SUBSYDE-CR (2x10's),102.00
-,SME กันแดด SPF52 15g สีขาว,215.00
-,SME กันแดด SPF52 15g สีเนื้อ,220.00
-,SME CREAM 40g เขียว,268.00
-,SERETIDE ACCUHALER 50/250,575.00
-,SAMARIN 140 (10x10's),520.00
-,SME GOLD CREAM 65g,505.00
-,SME WHITE FOAM 2oz,134.00
-,PREME NOBU UV WHITENING SPF 50 PA++++ 15g,190.00
-,SME FOAM 8oz เขียว,355.00
-,SME FOAM 4oz เขียว,219.00
-,SAMBEE B1-6-12 (100x10's),350.00
-,CYBELE SCAGEL KIDS 9g,140.00
-,STURON ชมพูเหลี่ยม (1000's) *ขายขาด,230.00
-,SCOTT'S EMULSION 200ml,86.00
-,MEDIFIX (5cmx1m) (1ม้วน/กล่อง),12.00
-,HEALTH IMPACT ปรอทวัดไข้อินฟาเรด FR302 (ประกัน 1 ปี),510.00
-,FURANO เม็ดฟู่แช่ฟันปลอม มิ้นต์ (12x4's) ฟ้า,297.00
-,FURANO เม็ดฟู่แช่ฟันปลอม กุหลาบ (12x4's) ชมพู,297.00
-,FURANO เม็ดฟู่แช่ฟันปลอม ชาเขียว (12x4's) เขียว,297.00
-,ชุดตรวจสารเสพติด CHEMTRUE (50ชุด/กล่อง) แบบจุ่ม,465.00
-,TUBIGRIP FEEL FREE ศอก L,148.00
-,TUBIGRIP FEEL FREE ศอก M,148.00
-,TUBIGRIP FEEL FREE ศอก S,148.00
-,"GAUZE PAD NON-STERILE 3""x3"" (กล่อง12ซอง) SOS",43.00
-,"GAUZE PAD NON-STERILE 2""x2"" (กล่อง12ซอง) SOS",30.00
-,SYRINGE IRRI 50cc. NIPRO (กล่อง30ชิ้น) หัวกลาง *ขายขาด,285.00
-,ปรอทวัดไข้ดิจิตอล OMRON MC-341 (ประกัน 1 ปี),220.00
-,TERUMO MEDISAFE EX แถบตรวจ+เข็ม 30ชุด,430.00
-,"NEOTAPE นีโอเทป 2""x10หลา (กระบอก6ม้วน)",415.00
-,ALRISE ACUTE SPRAY 200ml,155.00
-,ALRISE ACUTE SPRAY 100ml,138.00
-,"GAUZE PAD STERILE 3""x3"" (กล่อง12ซอง) SOS",73.00
-,"GAUZE PAD STERILE 2""x2"" (กล่อง12ซอง) SOS",51.00
-,DIAMOND พยุงหลัง มีสายรัด สีดำ Size.XXL,350.00
-,DIAMOND พยุงหลัง มีสายรัด สีดำ Size.XL,350.00
-,DIAMOND พยุงหลัง มีสายรัด สีดำ Size.L,350.00
-,DIAMOND พยุงหลัง มีสายรัด สีดำ Size.M,350.00
-,DIAMOND พยุงหลัง มีสายรัด สีดำ Size.S,350.00
-,DIAMOND พยุงหลัง สีเนื้อ Size.XXL,350.00
-,DIAMOND พยุงหลัง สีเนื้อ Size.XL,350.00
-,DIAMOND พยุงหลัง สีเนื้อ Size.L,350.00
-,DIAMOND พยุงหลัง สีเนื้อ Size.M,350.00
-,DIAMOND พยุงหลัง สีเนื้อ Size.S,350.00
-,KLEAN&KARE จุกล้างจมูก ซิลิโคน นุ่ม (24ชิ้น/แพ็ค),25.00
-,ที่นอนลมแบบรังผึ้ง YHMED รุ่น QDC-303 *ขายขาด (ประกัน 1 ปี),1100.00
-,"DUODERM CGF 4""x4"" (กล่อง 5 ชิ้น)",519.00
-,เครื่องผลิตออกซิเจน 5L HOSPRO H-OC01 (ประกัน 2 ปี),20700.00
-,TUBIGRIP FEELFREE เข่า XL,148.00
-,TUBIGRIP FEELFREE เข่า L,148.00
-,TUBIGRIP FEELFREE เข่า M,148.00
-,TUBIGRIP FEELFREE เข่า S,148.00
-,TUBIGRIP FEELFREE ข้อมือฝ่ามือ XL,148.00
-,TUBIGRIP FEELFREE ข้อมือฝ่ามือ L,148.00
-,TUBIGRIP FEELFREE ข้อมือฝ่ามือ M,148.00
-,TUBIGRIP FEELFREE ข้อมือฝ่ามือ S,148.00
-,TUBIGRIP FEELFREE ข้อเท้า XL,148.00
-,TUBIGRIP FEELFREE ข้อเท้า L,148.00
-,TUBIGRIP FEELFREE ข้อเท้า M,148.00
-,TUBIGRIP FEELFREE ข้อเท้า S,148.00
-,เครื่องพ่นยา YUWELL 405A (ประกัน 2 ปี),825.00
-,KENKOU เจลประคบร้อน-เย็น (รูปวาฬ),89.00
-,KENKOU เจลประคบร้อน-เย็น (รูปเป็ด),89.00
-,KENKOU เจลประคบร้อน-เย็น (รูปไดโนเสาร์),89.00
-,3M FUTURO BACK ADJ พยุงหลัง,954.00
-,3M FUTURO ELBOW ADJ พยุงข้อศอก (1ชิ้น/กล่อง),245.00
-,"NEXCARE 3M TRANSPORE 1""x5Y (12ม้วน/แพ็ค) *XX",34.00
-,"NEXCARE 3M TRANSPORE 1/2""x5Y (12ม้วน/แพ็ค)",205.00
-,"SOFTMED GAUZE ผ้าก๊อซ 4""x4"" (100 แผ่น/ห่อ)",53.00
-,"SOFTMED GAUZE ผ้าก๊อซ 3""x3"" (100 แผ่น/ห่อ)",34.00
-,"SOFTMED GAUZE ผ้าก๊อซ 2""x2"" (100 แผ่น/ห่อ)",19.00
-,"KLEANPORE (1""x5Y) (12ม้วน/กล่อง)",107.00
-,"KLEANPORE (1""x10Y) (12ม้วน/กล่อง)",205.00
-,"KLEANPORE (1/2""x5Y) (12ม้วน/กล่อง)",66.00
-,"KLEANPORE (1/2""x10Y) (12ม้วน/กล่อง)",107.00
-,"KLEANTRANS (1/2""x5Y) (12ม้วน/กล่อง)",66.00
-,"KLEANTRANS (1""x5Y) (12ม้วน/กล่อง)",107.00
-,"KLEANTRANS (1""x10Y) (12ม้วน/กล่อง)",200.00
-,"KLEANTRANS (1/2""x10Y) (12ม้วน/กล่อง)",107.00
-,MEDIFIX (10cmx1m) (1ม้วน/กล่อง),20.00
-,KLEAN MASK FISH 4 ชั้น LF99 (สีขาว) (10ชิ้น/ซอง),18.00
-,เครื่องพ่นยา NEXT HEALTH รุ่น NH-69010 (ประกัน 1 ปี),1140.00
-,เครื่องชั่งน้ำหนักและมวลกาย OMRON HBF-222T สีขาว (ประกัน 2 ปี),3070.00
-,3M FUTURO POSTURE ADJ อุปกรณ์พยุงไหล่และหลัง (1ชิ้น/กล่อง),435.00
-,HIV TEST ออราควิก ตรวจทางช่องปาก *ขายขาด,258.00
-,ไม้เท้าขาเดียว พับได้ มีไฟฉาย HOSPRO รุ่น H-WSL002 สีทอง (ประกัน 3 เดือน),690.00
-,เครื่องพ่นยา BLUEDOT รุ่น B-NB01 (ประกัน 1 ปี) *XX,1250.00
-,ผ้ายางปูเตียงกันเปื้อน HOSPRO (150x90cm) รุ่น HDS021,79.00
-,ที่นอนลมแบบรังผึ้ง HOSPRO รุ่น H-AM01 (ประกันที่นอน 1 ปี มอเตอร์ 3 ปี),1470.00
-,ที่นอนลมแบบลอน HOSPRO รุ่น H-AM02 (ประกันที่นอน 1 ปี มอเตอร์ 3 ปี),4400.00
-,AMMELTZ HEAT PATCH GOLD (10ชิ้น/กล่อง) หลัง ส้ม,285.00
-,AMMELTZ HEAT PATCH GOLD (10ชิ้น/กล่อง) คอไหล่ แดง,285.00
-,AMMELTZ HEAT PATCH GOLD (10ชิ้น/กล่อง) ปวดประจำเดือน ชมพู,220.00
-,SOS PLUS PU ROLL (10cmx1m) แผ่นฟิล์มใสกันน้ำ,95.00
-,MAXXLIFE THAI KIT SPACER อุปกรณ์พ่นยา,395.00
-,SOS PLUS COOLING GEL MINIONS (4ชิ้น/กล่อง),66.00
-,FURANO เม็ดฟู่แช่ฟันปลอม กลิ่นชาเขียว (24เม็ด) เขียว,84.00
-,FURANO เม็ดฟู่แช่ฟันปลอม กุหลาบ (24เม็ด) ชมพู,84.00
-,MAG ชุดทดสอบสารเคตามีน แบบหยด (กล่องละ1ชุด),46.00
-,MAG METH STRIP ชุดตรวจสารเสพย์ติด แบบจุ่ม (50ชุด/กล่อง),590.00
-,PENTA ชุดทดสอบหาระยะตกไข่แบบปากกา (5+1 TEST),225.00
-,YUWELL แผ่นตรวจน้ำตาล รุ่น Y330 (25ชิ้น/กล่อง) *ขายขาด,110.00
-,YUWELL BGM LANCETS เข็มเจาะตรวจน้ำตาล (50ชิ้น/กล่อง) *ขายขาด,58.00
-,YUWELL เครื่องวัดระดับน้ำตาล รุ่น 590 แถมชุดตรวจ 10 ชุด (ประกันตลอดการใช้งาน),380.00
-,NR SYRINGE ไซริงค์แก้ว 50cc,185.00
-,VITARA COLD & ALLERGY NASAL SPRAY สเปรย์พ่นจมูก 20ml,143.00
-,KARMA รถเข็นน้ำหนักเบา ล้อใหญ่ รุ่น ERGO LITE 2 (ประกันโครงสร้าง 5 ปี),10400.00
-,KARMA รถเข็นน้ำหนักเบา ล้อเล็ก รุ่น ERGO LITE (ประกันโครงสร้าง 5 ปี),9600.00
-,SOMA รถเข็นเบาะ 18 นิ้ว รุ่น AGILE (ประกันโครงสร้าง 3 ปี),7650.00
-,KLEANASAL จุกล้างจมูก (10กล่องx2ชิ้น),190.00
-,HASHI PLUS PINK ชุดอุปกรณ์ล้างจมูก (แถมเกลืออ่อนโยน15ซอง),150.00
-,เครื่องวัดความดัน YUWELL รุ่น YE660B (CUFF Size M 22-32cm) (ประกัน 5 ปี),525.00
-,LONGMED COLD HOT PAD เล็ก,42.00
-,LONGMED COLD HOT PAD ใหญ่,76.00
-,MAG ชุดทดสอบกัญชา แบบหยด (กล่องละ1ชุด),41.00
-,NEXT HEALTH หน้ากากอนามัย สีขาว เด็ก (50ชิ้น/กล่อง),45.00
-,"SAFELET CATH NO.24gx3/4"" สีเหลือง (MEDICUT) 50ชิ้น/กล่อง",625.00
-,ACCU-CHEK INSTANT FORWARD (ตัวเครื่อง) *ขายขาด (ประกันตลอดการใช้งาน),1390.00
-,SOS AMA เครื่องวัดความดันโลหิต รุ่น FT-C03-V (CUFF.L 24-48 cm) (ประกัน 7 ปี),720.00
-,เครื่องชั่งน้ำหนักและวัดมวลกาย OMRON รุ่น HBF-255T (ประกัน 2 ปี),4300.00
-,NANO OVULATION TEST (กล่อง5ชุด) ชุดทดสอบการตกไข่,203.00
-,URINAL กระบอกปัสสาวะชาย 1000 ml,65.00
-,เครื่องดูดเสมหะ 9E-A KONSUNG *ขายขาด (ประกัน 1 ปี),2300.00
-,ซองซิปสีชา 7x10cm (100ซอง/แพ็ค),20.00
-,ซองซิปสีชา 8x12cm (100ซอง/แพ็ค),24.00
-,NEXT HEALTH MASK สีขาว (กล่อง50ชิ้น) 50กล่อง/ลัง,39.00
-,หน้ากาก MASK KN95 (1 ชิ้น/กล่อง),29.00
-,KLEAN MASK KIDS (กล่อง50ชิ้น) เด็ก,33.00
-,เครื่องวัดความดัน YUWELL รุ่น YE650D (CUFF SIZE L 22-45cm) (ประกัน 5 ปี),805.00
-,SOS ปรอทดิจิตอลปลายแข็ง รุ่น BT-A11CN (กล่องน้ำเงิน) (ประกัน 1 ปี),85.00
-,ชุดหน้ากากพ่นยา ผู้ใหญ่ Size.XL MF LAB *ขายขาด,30.00
-,เครื่องช่วยฟัง BLUEDOT รุ่น B-HA02 ชาร์จแบตได้ (ประกัน 1 ปี),1215.00
-,รถเข็นเหล็ก SOMA CHAMPION 100 แดง (CHM 100) (ประกันโครงสร้าง 1 ปี) *XX,3000.00
-,เครื่องวัดความดัน OMRON HEM-7156-A (Size.L) (ประกัน 3+2 ปี),1975.00
-,เครื่องวัดความดัน OMRON HEM-7120 (ประกัน 3+2 ปี),1290.00
-,"NET GAUZE ก๊อซผ้าฝ้าย 2""x2"" (กล่อง10ซอง)",29.00
-,"NET GAUZE ก๊อซผ้าฝ้าย 3""x3"" (กล่อง10ซอง)",50.00
-,SOMA ล้อใหญ่ F22 สีแดง (SM-150.5) (ประกันโครงสร้าง 1 ปี),4850.00
-,SILICONE DUODENAL TUBE no.18 สายให้อาหารซิลิโคน,200.00
-,เครื่องชั่งน้ำหนักดิจิตอล ลาย HELLO KITTY,1200.00
-,RESCUE GUARD MASK หน้ากากอนามัย N-95 (12ชิ้น/กล่อง),265.00
-,SOFCLENS จุกล้างจมูกซอฟคลีน (2ชิ้น) 12กล่อง/แพ็ค,25.00
-,ONETOUCH 003 (3ชิ้น/กล่อง),38.00
-,ONETOUCH เอ็กไซต์ 56mm (3ชิ้น/กล่อง),39.00
-,ONETOUCH MAXX DOT 52mm (3ชิ้น/กล่อง),36.00
-,ONETOUCH HAPPY 52mm (3ชิ้น/กล่อง),25.00
-,PENTA ที่ตรวจครรภ์แบบปากกา (แพ็ค10ชิ้น),26.00
-,SOMA ล้อเล็ก F16 สีแดง (SM-150.5) (ประกันโครงสร้าง 1 ปี),4850.00
-,WALKER KARMA รุ่น WK 80 สีน้ำเงิน (ประกัน 6 เดือน),1050.00
-,KLEAN MASK สีเขียว (กล่อง50ชิ้น) 70 กล่อง/ลัง,33.00
-,เครื่องวัดระดับน้ำตาล NEXT HEALTH (ประกัน 3 ปี),580.00
-,BEDPAN หม้อนอนถ่ายพลาสติก,200.00
-,ไม้กดลิ้น NON-STERILE ยี่ห้อ WUYANG (กล่องฟ้า) (100 ชิ้น) *ขายขาด,40.00
-,NEXT HEALTH MASK สีเขียว (กล่อง50ชิ้น) 50กล่อง/ลัง,39.00
-,3M FUTURO ANKLE SUPPORT พยุงข้อเท้า L 76583,255.00
-,3M FUTURO ANKLE SUPPORT พยุงข้อเท้า M 76582,255.00
-,3M FUTURO ANKLE SUPPORT พยุงข้อเท้า S 76581,255.00
-,3M FUTURO ANKLE SUPPORT พยุงข้อเท้าแบบสายรัดฟรีไซส์ 48635,396.00
-,3M FUTURO THUMB SUPPORT พยุงนิ้วหัวแม่มือ L/XL,548.00
-,3M FUTURO THUMB SUPPORT พยุงนิ้วหัวแม่มือ S/M,548.00
-,3M FUTURO WRIST SUPPORT ADJ พยุงข้อมือเสริมแถบเหล็กฟรีไซส์,525.00
-,3M FUTURO WRIST SUPPORT ADJ พยุงข้อมือสายรัดฟรีไซส์ 46709,172.00
-,3M FUTURO ANKLE SUPPORT พยุงข้อเท้าแบบสายรัด L 47876,260.00
-,3M FUTURO ANKLE SUPPORT พยุงข้อเท้าแบบสายรัด M 47875,260.00
-,3M FUTURO ANKLE SUPPORT พยุงข้อเท้าแบบสายรัด S 47874,260.00
-,3M FUTURO KNEE SUPPORT พยุงเข่าเปิดลูกสะบ้า L 46165,575.00
-,3M FUTURO KNEE SUPPORT พยุงเข่าเปิดลูกสะบ้า M 46164,575.00
-,3M FUTURO KNEE SUPPORT พยุงเข่าเปิดลูกสะบ้า S 46163,575.00
-,3M FUTURO KNEE SUPPORT พยุงเข่า XL 76589,265.00
-,3M FUTURO KNEE SUPPORT พยุงเข่า L 76588,265.00
-,3M FUTURO KNEE SUPPORT พยุงเข่า M 76587,265.00
-,3M FUTURO KNEE SUPPORT พยุงเข่า S 76586,265.00
-,ONETOUCH มิกซ์ 3 52mm ลดความไวต่อความรู้สึก (3ชิ้น/กล่อง),38.00
-,ONETOUCH สตรอเบอรี่ ผิวเรียบ 52mm (3ชิ้น/กล่อง),35.00
-,SOMA ล้อเล็ก F16 สีดำ (SM-150.5) (ประกันโครงสร้าง 1 ปี),4850.00
-,SOS ปรอทดิจิตอล ปลายอ่อน รุ่น BT-A21CN (แดง) (ประกัน 1 ปี),95.00
-,STANDARD ARM SLING สายคล้องแขน XL 05 *XX,50.00
-,STANDARD ARM SLING สายคล้องแขน L 04 *XX,50.00
-,STANDARD ARM SLING สายคล้องแขน M 03 *XX,50.00
-,STANDARD ARM SLING สายคล้องแขน S 02 *XX,50.00
-,STANDARD ABDOMINAL SUPPORT ผ้ารัดหน้าท้อง XL,280.00
-,STANDARD ABDOMINAL SUPPORT ผ้ารัดหน้าท้อง L,280.00
-,STANDARD ABDOMINAL SUPPORT ผ้ารัดหน้าท้อง M,280.00
-,STANDARD ABDOMINAL SUPPORT ผ้ารัดหน้าท้อง S,280.00
-,MAG ชุดตรวจสารเสพติด แบบหยด (กล่องละ1ชุด),20.00
-,STANDARD 410 พยุงเอว Size.XXL,370.00
-,STANDARD พยุงหลังมีสายรัดไหล่ Size.S,370.00
-,STANDARD พยุงหลังมีสายรัดไหล่ Size.M,370.00
-,STANDARD พยุงหลังมีสายรัดไหล่ Size.L,370.00
-,STANDARD พยุงหลังมีสายรัดไหล่ Size.XL,370.00
-,STANDARD พยุงหลังมีสายรัดไหล่ Size.XXL,370.00
-,STANDARD 410 พยุงเอว Size.XL,370.00
-,STANDARD 410 พยุงเอว Size.L,370.00
-,STANDARD 410 พยุงเอว Size.M,370.00
-,STANDARD 410 พยุงเอว Size.S,370.00
-,STANDARD SOFT COLLAR พยุงคอ Size.XL,280.00
-,STANDARD SOFT COLLAR พยุงคอ Size.L,280.00
-,STANDARD SOFT COLLAR พยุงคอ Size.M,280.00
-,STANDARD SOFT COLLAR พยุงคอ Size.S,280.00
-,STANDARD 207 พยุงเอวหน้าแคบ Size.XL,370.00
-,STANDARD 207 พยุงเอวหน้าแคบ Size.XXL,370.00
-,STANDARD 207 พยุงเอวหน้าแคบ Size.L,370.00
-,STANDARD 207 พยุงเอวหน้าแคบ Size.M,370.00
-,STANDARD 207 พยุงเอวหน้าแคบ Size.S,370.00
-,ACCU-CHEK INSTANT STRIPS (25ชิ้น) (แถบตรวจ) *ขายขาด,435.00
-,UNICHARM 3D MASK ผู้ใหญ่ M (ซอง4ชิ้น)น้ำเงิน,65.00
-,UNICHARM 3D MASK เด็กผู้หญิง (4x5ชิ้น)ชมพู,80.00
-,UNICHARM 3D MASK เด็กผู้ชาย (4x5ชิ้น)ฟ้า,80.00
-,เครื่องวัดความดันข้อมือ OMRON HEM-6161 (ประกัน 3+2 ปี),1395.00
-,DIMENHYDRINATE (1000's) A.U.,145.00
-,PHECARE ชุดตรวจครรภ์ชนิดปากกา,18.00
-,ถุงมือกันผู้ป่วยดึง Size S,590.00
-,ชุดให้น้ำเกลือ LONGMED (แพ็ค25ชิ้น),10.00
-,"เข็มฉีดยา 26G x 1/2"" (100ชิ้น) NIPRO *ขายขาด",58.00
-,"เข็มฉีดยา 26G x 1"" (100ชิ้น) NIPRO *ขายขาด",58.00
-,"เข็มฉีดยา 23G x 1 1/2"" (100ชิ้น) NIPRO *ขายขาด",52.00
-,"เข็มฉีดยา 22G x 1 1/2"" (100's) NIPRO *ขายขาด",52.00
-,"เข็มฉีดยา 21G x 1 1/2"" (100ชิ้น) NIPRO *ขายขาด",52.00
-,"เข็มฉีดยา 20G x 1 1/2"" (100ชิ้น) NIPRO *ขายขาด",55.00
-,"เข็มฉีดยา 18G x 1 1/2"" (100ชิ้น) NIPRO *ขายขาด",55.00
-,WALKER KARMA รุ่น WK 80 สีดำ (ประกัน 6 เดือน),1050.00
-,ORCHID TEST DEVICE (แพ็ค10กล่อง) หยด ชมพู,12.00
-,ORCHID TEST STRIP (แพ็ค10กล่อง) จุ่ม,8.00
-,ถุงใส่อุจจาระปลายเปิด ปรับขนาดได้ LC2000 (กล่อง10ชิ้น),650.00
-,ปรอทวัดไข้อินฟาเรด OMRON MC-720 (ประกัน 1 ปี),1885.00
-,ปรอทวัดไข้ทางหูดิจิตอล OMRON รุ่น TH839S (ประกัน 1 ปี),1350.00
-,SILICONE DUODENAL TUBE no.14 สายให้อาหารซิลิโคน,200.00
-,เครื่องผลิตออกซิเจน 3L YUWELL 8F-3AW รุ่นเสียงเบา *ขายขาด (ประกัน 1 ปี),12200.00
-,OMRON CUFF BP HEM-CL24 สายรัดความดัน Size.L (ขนาด 32-42cm ),570.00
-,SILICONE DUODENAL TUBE no.16 สายให้อาหารซิลิโคน,200.00
-,ACCU-CHEK ACTIVE (ตัวเครื่อง) *ขายขาด (ประกันตลอดการใช้งาน),1020.00
-,DIGITEMP LONGTEMP ปรอทดิจิตอลปลายแข็ง,64.00
-,"เข็มฉีดยา 22G x 1"" (100's) NIPRO *ขายขาด",52.00
-,"เข็มฉีดยา 20G x 1"" (100's) NIPRO *ขายขาด",55.00
-,ถ้วยยาน้ำ สแตนเลส 2ออนซ์ ยี่ห้อ MANATE *ขายขาด,80.00
-,ที่นอนลมแบบลอน YUWELL *ขายขาด (ประกัน 1 ปี),3000.00
-,กระบอกตวงสแตนเลส 1000cc ยี่ห้อ MAGNET *ขายขาด,300.00
-,ถังออกซิเจน ขนาด 0.5 คิว,1800.00
-,เก้าอี้นั่งถ่าย อลูมิเนียม ฝาขาว พับได้ ปรับสูงต่ำ รุ่น ALK 616L,1650.00
-,เก้าอี้นั่งถ่าย 3 ขา Size.L,460.00
-,เก้าอี้นั่งถ่าย 3 ขา Size.M,450.00
-,เก้าอี้นั่งถ่าย 3 ขา Size.S,440.00
-,รถเข็นนั่งถ่าย เบาะตัว U เหล็กพ่นสี ล้อซี่ลวด,4600.00
-,สาย Suction No.14 50ชิ้น SKmax,200.00
-,สาย Suction No.12 50ชิ้น SKmax,200.00
-,สาย Suction Control No.14 50ชิ้น SKmax,250.00
-,สาย Suction Control No.12 50ชิ้น SKmax,250.00
-,"เข็มฉีดยา 24G x1"" (100ชิ้น) NIPRO *ขายขาด",52.00
-,"เข็มฉีดยา 25G x1 1/2"" (100ชิ้น) NIPRO *ขายขาด",52.00
-,"เข็มฉีดยา 27G x1/2"" (100ชิ้น) NIPRO *ขายขาด",58.00
-,"เข็มฉีดยา 24G x 1 1/2"" (100ชิ้น) NIPRO *ขายขาด",52.00
-,"เข็มฉีดยา 23G x 1"" (100ชิ้น) NIPRO *ขายขาด",52.00
-,"เข็มฉีดยา 18G x 1"" (100ชิ้น) NIPRO *ขายขาด",55.00
-,"เข็มฉีด INSULIN 29G x 1/2"" (100's) TERUMO",340.00
-,ลูกยางไม้เท้า 3 - 4 ขา,17.00
-,"ลูกยางที่หัดเดิน (Walker), ไม้เท้าขาเดียว",20.00
-,ชุดหน้ากากพ่นยา เด็ก Size M MF LAB *ขายขาด,57.00
-,ถุงให้อาหารผู้ป่วย NUTRI-BAG *ขายขาด *XX,17.00
-,สายต่อถุงให้อาหารผู้ป่วย NUTRILINE-C *ขายขาด,17.00
-,หน้ากากออกซิเจนพร้อมถุงลม Size.XL (ผู้ใหญ่) MF LAB *ขายขาด,30.00
-,KLEAN MASK ซองละ 3 ชิ้น (20ซอง/กล่อง),86.00
-,เครื่องดูดเสมหะ 7E-A YUWELL *ขายขาด (ประกัน 1 ปี),2550.00
-,ACCU-CHEK SOFT CLIX (25ชิ้น) (เข็มเจาะเลือด) *ขายขาด,82.00
-,ACCU-CHEK PERFORMA STRIPS (25ชิ้น) (แถบตรวจ) *ขายขาด *XX,595.00
-,ACCU-CHEK ACTIVE STRIPS (25ชิ้น) *ขายขาด,435.00
-,เกจ์ออกซิเจน BEST AIR OXYGEN,950.00
-,ชุดบริหารปอด GALMED *ขายขาด,170.00
-,EZY DOSE ตลับใส่ยา 7 วัน วงโดนัท *ขายขาด,48.00
-,EZY DOSE PILL CUTTER ที่ตัดเม็ดยา,53.00
-,ไม้กดลิ้น STERILE ยี่ห้อ WUYANG (กล่องเขียว) (100 ชิ้น) *ขายขาด,75.00
-,"กระเป๋าเวชภัณฑ์ใหญ่ แบบสะพาย ขนาด 8.5""x9""x14"" *ขายขาด",450.00
-,"กระเป๋าเวชภัณฑ์เล็ก แบบสะพาย ขนาด 6""x12""x8"" ยี่ห้อ IPAS *ขายขาด",365.00
-,หูฟังแพทย์ STETHOSCOPE REISTER รุ่น R4230 ทารก *ขายขาด (ประกัน 3 ปี),1800.00
-,HASHI PLUS ชุดอุปกรณ์ล้างจมูก (แถมเกลืออ่อนโยน15ซอง),150.00
-,HASHI (30ซอง) ฟ้า,59.00
-,HASHI GENTLE (30ซอง) เขียว,59.00
-,เข็มเจาะเลือด UNIVERSAL LANCETS (100ชิ้น) Next Health,84.00
-,แผ่นตรวจน้ำตาล NEXT HEALTH (2กระปุกx25ชิ้น),300.00
-,FORCEPS มีเขี้ยว 20 cm ยี่ห้อ EM E12-0142 *ขายขาด,115.00
-,อะไหล่ FINGERTIP ตัวต่อสาย KONSUNG SUCTION MACHINE *ขายขาด,30.00
-,FORCEPS ไม่มีเขี้ยว 20cm ยี่ห้อ EM E12-0042 *ขายขาด,100.00
-,OMRON CUFF BP HEM-CR24 สายรัดความดัน Size.M (ขนาด 22-32cm),465.00
-,ปากกาเจาะเลือด ACCU-CHEK Softclix (พร้อมเข็ม 25ชิ้น) *ขายขาด,550.00
-,เก้าอี้นั่งถ่าย เหล็กพ่นสี มีพนักพิง รุ่น C899-1,1200.00
-,เครื่องวัดออกซิเจน หนีบปลายนิ้ว YUWELL รุ่น YX302 *ขายขาด (ประกัน 1 ปี),490.00
-,กระบอกปัสสาวะชาย แบบธรรมดา,30.00
-,ไม้กดลิ้น สแตนเลส 17cm *ขายขาด,35.00
-,"เข็มฉีดยา 30G x1/2"" (100ชิ้น) NIPRO *ขายขาด",60.00
-,ถุงปัสสาวะ 2000 cc วาวล์หมุน (ผู้ใหญ่/เด็ก) *ห้างแจ้งของขาด,17.00
-,สาย Suction No.10 50ชิ้น SKmax,185.00
-,เครื่องพ่นยา OMRON NE-C28 (ประกัน 2 ปี),2020.00
-,หูฟังแพทย์ STETHOSCOPE RIESTER รุ่น R4011 หัวอลูมิเนียม *ขายขาด (ประกัน 3 ปี),1100.00
-,EZY DOSE ตลับใส่ยา 7 วัน 1 มื้อ (ป้องกันรังสี UV),48.00
-,ซองซิปยาเขียน 6x8cm (100ซอง/แพ็ค),13.00
-,"ชามรูปไต 8"" ยี่ห้อ MAGNAT *ขายขาด",110.00
-,เครื่องช่วยฟัง BEURER รุ่น HA20 (ประกัน 3 ปี),640.00
-,หูฟังแพทย์ STETHOSCOPE RIESTER รุ่น R4210 หัวสแตนเลส *ขายขาด (ประกัน 1 ปี),1800.00
-,เครื่องชั่งน้ำหนักดิจิตอล OMRON HN-289 สีดำ (ประกัน 2 ปี),900.00
-,"เข็มฉีดยา 25G x1"" (100ชิ้น) NIPRO *ขายขาด",52.00
-,กรรไกรตัดเนื้อตรง 18 cm ยี่ห้อ EM E10-0120 *ขายขาด,125.00
-,ปรอทดิจิตอล ปลายอ่อน ลายหมี-โคอาล่า KFT-03,81.00
-,ปรอทดิจิตอล ปลายอ่อน ลายเป็ด KFT-03,81.00
-,ปรอทดิจิตอล ปลายอ่อน ลายกบ KFT-03,81.00
-,ACCU-CHEK FAST CLIX (24ชิ้น) เข็มเจาะเลือด *ขายขาด,88.00
-,"เข็มฉีดยา 21G x 1"" (100ชิ้น) NIPRO *ขายขาด",52.00
-,หน้ากากออกซิเจน (เด็ก) GALEMED *ขายขาด,34.00
-,EZY DOSE ตลับใส่ยา 1 วัน (4ช่อง) *ขายขาด,39.00
-,สายต่อถุงให้อาหารผู้ป่วย NUTRILINE-B *ขายขาด,17.00
-,ซองซิปยาเขียน 8x12cm (100ซอง/แพ็ค),17.00
-,กระเป๋าน้ำร้อนไฟฟ้า ELETROTHERMAL WATER BAG *XX,165.00
-,หน้ากากออกซิเจน Size.XL (ผู้ใหญ่) GALEMED *ขายขาด,34.00
-,เครื่องวัดความดัน YUWELL รุ่นYE660E มีเสียงพูด (CUFF Size L 22-45cm) (ประกัน 5 ปี),635.00
-,เครื่องพ่นยา OMRON NE-C101 (ประกัน 2 ปี),1350.00
-,LONGMED กระเป๋าน้ำร้อน เล็ก,70.00
-,LONGMED กระเป๋าน้ำร้อน ใหญ่,75.00
-,WALKER ที่หัดเดินพับได้ มีล้อ,970.00
-,เก้าอี้นั่งถ่าย เหล็กชุบ 4 ล้อ ฝาสีเทา รุ่น ALK613,1620.00
-,ACCU-CHEK GUIDE STRIPS (25ชิ้น) (แถบตรวจ) *ขายขาด,442.00
-,เครื่องวัดความดัน OMRON HEM-7121 (ประกัน 3+2 ปี) *XX,1370.00
-,"เข็มฉีดยา 27G x 1"" (100ชิ้น) NIPRO *ขายขาด",58.00
-,CHECK TRU STRIP ตรวจระยะตกไข่ (กล่องละ5ชุด),54.00
-,ACCU-CHEK GUIDE (ตัวเครื่อง) *ขายขาด (ประกันตลอดการใช้งาน),2200.00
-,FORCEPS มีเขี้ยว 13 cm ยี่ห้อ EM E12-0134 *ขายขาด,60.00
-,ปากกาเจาะเลือด ACCU-CHEK FastClix (พร้อมเข็ม 6ชิ้น) *ขายขาด,380.00
-,3M COLD HOT PACK (MINI),74.00
-,FORCEPS ไม่มีเขี้ยว 13 cm ยี่ห้อ EM E12-0034 *ขายขาด,50.00
-,SYRINGE แก้ว 50cc. (ให้อาหาร),225.00
-,SYRINGE 5cc. NIPRO (กล่อง100ชิ้น) *ขายขาด,155.00
-,SYRINGE 3cc. NIPRO (กล่อง100ชิ้น) *ขายขาด,135.00
-,SYRINGE 1cc. NIPRO (กล่อง100ชิ้น) *ขายขาด,180.00
-,SYRINGE BALL ลูกยางแดง No.3,55.00
-,SYRINGE BALL ลูกยางแดง No.2,49.00
-,SYRINGE BALL ลูกยางแดง No.1,45.00
-,รถเข็นเหล็ก SOMA CHAMPION 100 น้ำเงิน (CHM 100) (ประกันโครงสร้าง 1 ปี) *XX,3000.00
-,I-CAN ไม้ตรวจมะเร็งปากมดลูกสเตอไรด์ (100ชิ้น) *ขายขาด,135.00
-,(THC) ตรวจกัญชา แบบจุ่ม (50ชิ้น/กล่อง),21.00
-,OXYPLUS ออกซิเจนกระป๋อง O2 (50-60ครั้ง) *ห้างแจ้งของขาด,110.00
-,ORANGE TEST DEVICE (แพ็ค10ชิ้น) หยด กล่องใหญ่ *ห้างแจ้งของขาด,19.00
-,ORANGE TEST STRIP (แพ็ค10ชิ้น) จุ่ม กล่องเล็ก,14.00
-,NASAL OXYGEN CANNULA (ผู้ใหญ่) MF LAB *ขายขาด,14.00
-,NASAL OXYGEN CANNULA (เด็ก) MF LAB *ขายขาด,22.00
-,AMBUBAG เด็ก (รุ่นประหยัด),800.00
-,AMBUBAG ผู้ใหญ่ (รุ่นประหยัด),900.00
-,สายให้อาหาร DUODENAL TUBE NO.14 จุกเขียว CM,13.00
-,สายให้อาหาร DUODENAL TUBE NO.16 จุกส้ม CM *ห้างแจ้งของขาด,13.00
-,DURA ใส่สายสวนปัสสาวะ 35 มม. (50ชิ้น/กล่อง) *ขายขาด,12.00
-,DURA ใส่สายสวนปัสสาวะ 30 มม. (50ชิ้น/กล่อง) *ขายขาด,12.00
-,3M COLD HOT PACK (M),151.00
-,หม้อนอนกระดูกพลาสติก,135.00
-,หม้อนอนถ่ายสแตนเลส,600.00
-,หม้อนอนกระดูกสแตนเลส ลิ้นสั้น ยี่ห้อ MAGNATE *ขายขาด,470.00
-,"กล่องเครื่องมือแพทย์สแตนเลส 8""x5""x2"" ยี่ห้อ MAGNATE *ขายขาด",280.00
-,"กล่องเครื่องมือแพทย์สแตนเลส 8""x3""x1 1/2"" ยี่ห้อ MAGNATE *ขายขาด",195.00
-,จานนับยาสแตนเลส ยี่ห้อ MAGNATE *ขายขาด,185.00
-,"ถาดสแตนเลสทำแผล 3หลุม 150x250x2"" ยี่ห้อ MAGNATE *ขายขาด",140.00
-,"ถาดสแตนเลส สี่เหลี่ยมตื้น 9"" ยี่ห้อ MANATE *ขายขาด",115.00
-,"ชามรูปไต 6"" ยี่ห้อ MAGNAT *ขายขาด",95.00
-,ถ้วยไอโอดีน 6 ออนซ์ สแตนเลส *ขายขาด,55.00
-,ถ้วยไอโอดีน 2 ออนซ์ สแตนเลส *ขายขาด,45.00
-,แก้วยาน้ำ 30cc Progress (12 ชิ้น/กล่อง) *ขายขาด,8.00
-,"กระบอกใส่ FORCEP 2""x4.5"" เทอโมมิเตอร์จาร์ *ขายขาด",290.00
-,"กระบอกใส่ FORCEP 2""x7.5"" เทอโมมิเตอร์จาร์ *ขายขาด",400.00
-,กระบอกตวงสแตนเลส 500cc ยี่ห้อ MANATE *ขายขาด,225.00
-,"กล่องสำลีสแตนเลส 5""x5"" *ขายขาด",275.00
-,"กล่องสำลีสแตนเลส 4""x5"" ยี่ห้อ MAGNAT *ขายขาด",235.00
-,NEXCARE 3M OPTICLUDE 6.35x4.75cm. (20ชิ้น/กล่อง) พลาสเตอร์ปิดตา ขนาดเล็ก,103.00
-,THERMO PAD (30x45cm.) แผ่นความร้อนไฟฟ้า,1440.00
-,"SYRINGE INSULIN 1ml 29G x 1/2"" (กล่อง100ชิ้น) NIPRO *ขายขาด",245.00
-,"SAFELET CATH NO.24gx1"" สีเหลือง (MEDICUT) 50ชิ้น/กล่อง",585.00
-,"SAFELET CATH NO.22gx1"" สีฟ้า (MEDICUT) 50ชิ้น/กล่อง",585.00
-,"SCALP VEIN NIPRO No.25x3/4"" สีส้ม (กล่อง50ชิ้น) *ขายขาด",270.00
-,"SCALP VEIN NIPRO No.24x3/4"" สีม่วง (กล่อง50ชิ้น) *ขายขาด",270.00
-,SYRINGE BALL ลูกยางแดง No.4,59.00
-,COMFORT 100 กระบอกปัสสาวะชาย/หญิง อย่างดี,95.00
