รหัสสินค้า,ชื่อสินค้า,  ราคา  
2-369,0.01 BACTIGRAS แบคทิแกร็ส 10CM ก.10แผ่น (ก.10แผ่น), 176.00 
2017/10,0.01 CLARET ASTAXANTHIN PLUS 4mg (แดง-ทอง) 30s (ขวด), 119.75 
2017/3,0.01 CLARET FOLIC AICD (แดง) 60s (ขวด), 98.75 
2017/6,0.01 CLARET GINKGO (เขียว) 30s (ขวด) (ขวด), 109.00 
2017/5,0.01 CLARET LUTEIN&ZEAXANTHIN (เหลือง) 30s (ขวด), 122.00 
2017/9,0.01 CLARET MAGNESIUM PLUS (เขียว-ฟ้า) 45s (ขวด), 99.50 
2017/7,0.01 CLARET MTV28 (ม่วง) 30s (ขวด) (ขวด), 110.00 
4333/5,0.01 Clavico-228 DRY [KRESS] (ก.1ขวด), 105.00 
4308/2,0.01 CoolPad เด็ก 5x12ซม 55บ ชมพู คูลแพด [ก.2แผ่น] **ราคาพิเศษ** (ก.2แผ่น), 20.00 
3858/9,0.01 DACIN-F 300mg 10x10s เม็ดสีม่วง (ก.10แผง), 310.00 
3818/19,0.01 DERMO DACYN ECZEMA CARE GEL 15g (ก.1หลอด), 328.00 
3818/18,0.01 DERMO DACYN GEL 60ml เจลเรียกเนื้อ (ก.1ขวด), 449.00 
2-627/13,0.01 EL มะละกอดั้งเดิม (มะละกออบแห้งเป็นชิ้น) ขวดใหญ่ 50g (ขวด), 16.25 
4270/4,0.01 exp08/26 กาแฟ ยาใจ 15gx15s **ขายขาด ราคาพิเศษ (ถุง), 50.00 
3827/5,0.01 HCG cassette ตรวจตั้งครรภ์ (หยด) มีโปรซื้อเยอะ (ก.1ชุด), 8.70 
3827/6,0.01 HCG midstream ตรวจตั้งครรภ์ (ฉี่ผ่าน) สีชมพู มีโปรซื้อเยอะ (ก.1ชุด), 17.00 
2140/12,0.01 LYSINE PLUS COLOSTRUM เม็ดเคี้ยว 430mg 24x7s (ก.24ซอง), 580.00 
3450/3,0.01 MANCLAMINE 1000 1x10s (ก.1แผง), 91.50 
1305/2,0.01 MOXICAP 500mg 10x10s (เม็ดฟ้า-เทา) ยูนีซัน มีโปรซื้อเยอะ (ก.10แผง), 91.50 
2159/4,0.01 POLAR SPRAY 280ml ฝาฟ้า 2ขวด แถม POLAR SPRAY INNOCENCE 80ml 1ขวด (แพค), 420.00 
8133/2,0.01 RHINO LOTION SPRAY 4ml แรด ไรโน โลชั่น สีเขียว (ก.1ขวด), 47.00 
2335/7,0.01 SEWA AGE-WHITE SERUM 8mlx6ซอง **ขายขาด (ก.6ซอง), 255.00 
2335/8,0.01 SEWA ROSE WHITENING DAY CREAM SPF 50+ PA++++ 8mlx6ซอง **ขายขาด (ก.6ซอง), 233.00 
9993/8,0.01 SKINTER GUARD insect block deet 50 70ml (ขวด), 125.00 
9993/9,0.01 SKINTER GUARD insect block deet 95 70ml (ขวด), 163.00 
3895/4,0.01 SMOOTH E SUN ACNE OIL CONTROL SPF 50+ 30g กันแดด (ก.1ขวด), 469.00 
3895/3,0.01 SMOOTH E SUN WHITE SPOT CLEAR SPF 50+ 30g กันแดด (ก.1ขวด), 469.00 
3895/2,0.01 SMOOTH E SUN WRINKLE ANTI SPOT SPF 50+ 30g กันแดด (ก.1ขวด), 469.00 
655/9,0.01 SMOOTH LIFE BIO C 600mg 15s รสส้ม มีโปรซื้อเยอะ (หลอด), 59.00 
511,0.01 STUD สตุด (ยาทน) (ขวด), 267.00 
1316/8,0.01 TEMPRA COOLING PATCH 8x1x2s (ก.8ซอง), 163.00 
3900/9,0.01 UMBILI NURISHING ROSE BALM 5g ลิปมัน/บำรุงหัวนมแตก (ก.1แท่ง), 51.00 
3900/8,0.01 UMBILI ORGANIC OIL CREAM แท่งพกพา 5g (ก.1แท่ง), 51.00 
1922/8,0.01 UMBILI อัมบิลี่ ชิ่วชิ่ว สติกเกอร์กันยุง หายใจโล่ง 1x10s กลิ่น geranium สีชมพู (ก.10ซอง), 56.00 
3002/16,0.01 U-R TUSS 50x10s เม็ดกลมเขียว (ก.50แผง), 409.00 
132402/14,0.01 เครื่องวัดความดัน NOVAMED หน้าจอLED digital รุ่นAES-U392 สายรัด22ถึง42cm ประกัน5ปี (เครื่อง), 475.00 
2374/10,0.01 พลาสเตอร์ ซอง10ชิ้น Flexie [TIGERPLAST] ไทเกอร์พลาส (ซอง10แผ่น) (ซอง10ชิ้น), 12.25 
2374/15,0.01 พลาสเตอร์ ซอง4ชิ้นx10ซอง Flexie [TIGERPLAST] ไทเกอร์พลาส (ซอง4แผ่น) (ก.10ซอง), 78.00 
16700/11,0.01 ยาดมสมุนไพร เฮงเฮง 5g (ขวด), 20.50 
3907/21,0.1 HANDY HERB gummy 6x1x4s รสราสเบอร์รี่ (ASTAXANTHIN 6mg) (ก.6ซอง), 169.00 
3907/20,0.1 HANDY HERB gummy 6x1x4s รสสตอเบอร์รี่ (Gluta+VitC) (ก.6ซอง), 169.00 
2967/1,0.5 x10yds RHINOTAPE SPORT TAPE 1x24roll (กระบอก), 432.00 
1734/6,0.5 x10yds SPORT TAPE 1x1s [SOS] (ก.1ม้วน), 17.00 
2-441/3,0.5นิ้ว*10หลา Tigerplast Caripore Clear tape (NEOPORE) (ก.1ม้วน) (ก.1ม้วน), 17.75 
13294/4,0.5นิ้วx10หลา 24ม้วน Transpore TR1 SOS PLUS เทปแต่งแผลชนิดใส (ก.24ม้วน), 271.00 
2967/2,0.5นิ้วx10หลา BIO SPORT TAPE แบบรุพรุน (กระบอก24ม้วน) (กระบอก), 357.00 
15197,0.5นิ้วx10หลา PR เยื่อกระดาษ 10ม้วน กล่องน้ำเงิน SOS PLUS เทปแต่งแผล (ก.10ม้วน), 109.50 
4004/1,0.5นิ้วx10หลา Rhinopore เทปแปะผ้าก๊อซใส (ก.24ม้วน) (ก.24ม้วน), 387.00 
1735/7,0.5นิ้วx10หลา Rhinotape Porous White มีกล่อง (ก.12ม้วน) (ก.12ม้วน), 310.00 
1735/8,0.5นิ้วx10หลา Rhinotape สีน้ำตาล Porous Brown มีกล่อง (ก.12ม้วน), 310.00 
2-441/6,0.5นิ้วx10หลา Tigerplast Caripore paper แพค12ม้วน (micropore) (ก.1ม้วน) (ก.1ม้วน), 19.00 
13294/6,0.5นิ้วx10หลา TR1 10ม้วน ก.แดง SOS PLUS เทปแต่งแผลชนิดใส (ก.10ม้วน), 112.50 
2-98/6,0.5นิ้วx1.5หลา Rhinopore เทปแปะผ้าก๊อซใส (ก.24ม้วน), 136.00 
2-98/5,0.5นิ้วx2.5หลา Rhinopore เทปแปะผ้าก๊อซใส (ก.12ม้วน), 82.00 
2-98/7,0.5นิ้วx5หลา Rhinopore เทปแปะผ้าก๊อซใส (ก.12ม้วน) (ก.12ม้วน), 149.00 
2-441/4,0.5นิ้วx5หลา แพค12ม้วนTigerplast Caripore Clear tape (NEOPORE) (แพค) (ก.1ม้วน), 13.50 
13294/10,10cmx10m TIGERPLAST CARIFIX STRETCH แคริฟิกซ์ สเตรช (ก.1ม้วน), 268.50 
13295/2,10cmx1m SOS PU ROLL แผ่นฟิล์มใสกันน้ำ (ก.1ม้วน), 93.00 
13294/2,10cmx1m SOS TAPE ROLL R8 เทปผ้าแต่งแผล carifix (ก.1ม้วน), 25.50 
13294,10cmx1m TIGERPLAST CARIFIX STRETCH แคริฟิกซ์ สเตรช (ก.1ม้วน), 34.50 
13295,10cmx1m TIGERPLAST CARIFIX WATERPROOF ชนิดฟิล์มใสกันน้ำ แคริฟิกซ์ สเตรช (ก.1ม้วน), 89.00 
13282/11,10cmx2m Cariband Tigerpast ผ้าพันแผล ยึดติดเอง [Easifix cohesive] (กล่อง10ม้วน) (ก.10ม้วน), 688.25 
3217/11,"10PROBIOTICS 3gx20ซอง เท็นโปรไบโอติก 250,000ล้านตัว (ก.30ซอง)", 480.00 
8682,19x56mm TIGERPLAST WATERPROOF FIT 1x16ชิ้น (ก.16ชิ้น), 29.50 
1734/1,1 x10yds RHINOTAPE SPORT TAPE 1x12roll (กระบอก), 432.00 
1734/2,1 x10yds SPORT TAPE 1x1s [SOS] (ก.1ม้วน), 29.00 
13294/5,1นิ้วx10หลา 12ม้วน Transpore TR3 SOS PLUS เทปแต่งแผลชนิดใส (ก.12ม้วน), 271.00 
1734/4,1นิ้วx10หลา BIO SPORT TAPE แบบรุพรุน (กระบอก12ม้วน) (กระบอก), 357.00 
1731/5,1นิ้วx10หลา Neoplast Neoclear เทปแปะผ้าก๊อซ ชนิดใส (ก.12ม้วน), 254.00 
1734,1นิ้วx10หลา NEOTAPE กระบอก (กระบอก), 395.00 
1731/3,1นิ้วx10หลา Rhinopore 1นิ้วx10หลา เทปแปะผ้าก๊อซใส (ก.12ม้วน) (ก.12ม้วน), 385.00 
2-441/5,1นิ้วx10หลา Tigerplast Caripore paper แพค12ม้วน (micropore) (ก.1ม้วน) (ก.1ม้วน), 30.25 
2-441/1,1นิ้วx10หลา แพค12ม้วน Tigerplast Caripore Clear tape (NEOPORE) (ก.1ม้วน), 30.50 
1731/6,1นิ้วx5หลา Neoplast Neoclear เทปแปะผ้าก๊อซ ชนิดใส (ก.12ม้วน), 219.00 
1731/2,1นิ้วx5หลา Rhinopore เทปแปะผ้าก๊อซใส (ก.12ม้วน) (ก.12ม้วน), 314.00 
1735/6,1นิ้วx5หลา Rhinotape สีน้ำตาล Porous Brown มีกล่อง (ก.12ม้วน) (ก.12ม้วน), 310.00 
2-441/2,1นิ้วx5หลา Tigerplast Caripore Clear tape แพค12ม้วน (NEOPORE) (แพค) (ก.1ม้วน), 23.75 
13282/7,2.5cm x 2m Cariband Tigerpast ผ้าพันแผล ยึดติดเอง [Easifix cohesive] (ก.10ม้วน), 436.50 
13282/17,2.5cm x 4m Rhino Easifix ผ้าพันแผล ยึดติดเอง (ก.10ม้วน), 219.00 
07969/2,2in1 ที่ตัดยาเม็ด/บดยา ตัดเม็ดยา 5x6.4cm มีโปรซื้อเยอะ (อัน), 29.00 
207/2,2% LIDOCAINE HCL INJECTION 20mg/50ml บ ขาด (ก.1ขวด), 32.00 
1732/1,2 x10yds RHINOTAPE SPORT TAPE 1x6roll (กระบอก), 432.00 
1734/5,2 x10yds SPORT TAPE 1x1s [SOS] (ก.1ม้วน), 58.50 
1732/4,2นิ้วx10หลา BIO SPORT TAPE แบบรุพรุน (กระบอก6ม้วน) (กระบอก6ม้ว), 357.00 
1732,2นิ้วx10หลา NEOTAPE กระบอก (กระบอก), 395.00 
1732/2,2นิ้วx10หลา SportTape (กระบอก6ม้วน) สปอร์ตเทป [NEOTAPE] (กระบอก), 472.00 
5164/6,3D MASK DAILY MASK กล่อง30ชิ้น unicharm size L (ก.30ชิ้น), 315.00 
5164/5,3D MASK DAILY MASK กล่อง30ชิ้น unicharm size M (ก.30ชิ้น), 315.00 
5164/7,3D MASK DAILY MASK กล่อง30ชิ้น unicharm size S (ก.30ชิ้น), 315.00 
5164/4,3D MASK DAILY MASK ซอง10ชิ้น unicharm L (ซอง10ชิ้น), 44.50 
5164/3,3D MASK DAILY MASK ซอง10ชิ้น unicharm size M (ซอง10ชิ้น), 44.50 
5165,3M CARBON MASK หน้ากากอนามัยพร้อมชั้นกรองคาร์บอน ทรง3D 4ชั้น 2ชิ้น (ซอง2ชิ้น), 13.00 
5163,3M DAILY KIDS MASK หน้ากากอนามัย สำหรับเด็ก ทรง3D 3ชั้น 4ชิ้น (ซอง4ชิ้น), 17.00 
5164,3M DAILY MASK หน้ากากอนามัย ทรง3D 3ชั้น 3ชิ้น (ซอง3ชิ้น), 15.00 
99995/3,3M DISPOSABLE EARPLUGS NRR32dB (ก.1คู่) โฟมอุดหู ลดเสียง (ก.1คู่), 14.00 
2-455,3M NEXCARE MICROPORE 1นิ้วx10หลา (ก.12ม้วน), 532.00 
2-455/7,3M NEXCARE MICROPORE 1นิ้วx10หลา แบบมีแท่นตัด (ก.12ม้วน), 578.00 
3950/1,3M NEXCARE PLASTIC PLASTER สีใส 1x50p (ก.50ชิ้น), 103.50 
3950,3M NEXCARE TRANSPARENT ใส กันน้ำ 25x72mm 1x50p (ก.50ชิ้น), 103.50 
ก.พ.-98,3M NEXCARE TRANSPORE 1/2นิ้วx10หลา (ก.24ม้วน), 530.00 
1365,3M NEXCARE TRANSPORE 1/2นิ้วx2.5หลา (ก.12ม้วน), 99.00 
1367,3M NEXCARE TRANSPORE 1/2นิ้วx5หลา **ขึ้น199 (ก.12กล่อง), 195.00 
ก.พ.-97,3M NEXCARE TRANSPORE 1นิ้วx10หลา (ก.12ม้วน), 520.00 
3904,3M PAINT ODOR RESPIRATOR R95 หน้ากาก 3M กันละอองสีและกลิ่น R95 (1ชิ้น) (ชิ้น), 20.00 
13282/8,4cm x 2m Cariband Tigerpast ผ้าพันแผล ยึดติดเอง [Easifix cohesive] (ก.10ม้วน) (ก.10ม้วน), 499.00 
13282/18,4cm x 4m Rhino Easifix ผ้าพันแผล ยึดติดเอง (ก.10ม้วน), 325.00 
13282/9,6cm x 2m Cariband ผ้าพันแผล ยึดติดเอง Tigerplas [Easifix cohesive] (ก.10ม้วน), 576.00 
13282/19,6cm x 4m Rhino Easifix ผ้าพันแผล ยึดติดเอง (ก.10ม้วน), 426.00 
13282/10,8cmx2m Cariband Tigerpast ผ้าพันแผล ยึดติดเอง [Easifix cohesive] (กล่อง10ม้วน) (ก.10ม้วน), 617.00 
13282/20,8cm x 4m Rhino Easifix ผ้าพันแผล ยึดติดเอง (ก.10ม้วน), 506.00 
2415/3,A B PRE&PRO 1x10s MEGA (ก.10ซอง), 233.00 
2907/2,ACC SANDOZ 200mg 2x10s รส blackberry (ก.10แผง), 153.00 
2907/6,ACC SANDOZ 600mg 2x5s รส blackberry (ก.5แผง), 137.00 
11,ACCU-CHEK GUIDE เครื่อง รวม เข็ม รวม แผ่น25ชิ้น (ชุด) **ราคาพิเศษถึงมีค69** (ชุด)," 1,999.00 "
011/2,ACCU-CHEK Instant strip แผ่น กล่อง25ชิ้น (กล่อง) (กล่อง), 433.00 
011/4,ACCU-CHEK Instant strip แผ่น กล่อง50ชิ้น (กล่อง) (กล่อง), 739.00 
011/1,ACCU-CHEK Instant เครื่อง รวม เข็ม รวม แผ่น25ชิ้น (ชุด) **ราคาพิเศษถึงมีค69** (ชุด)," 1,295.00 "
4307,ACCU-CHEK เข็ม fastclix (ก.24ชิ้น) แอคคู-เช็ค (กล่อง) (ก.24ชิ้น), 86.50 
4698,ACCU-CHEK เข็ม softclix (ก.25ชิ้น) แอคคู-เช็ค (กล่อง) (ก.25ชิ้น), 81.25 
157,ACCU-CHEK แผ่น active (ก.25ชิ้น) แอคคู-เช็ค (กล่อง) (กล่อง), 430.00 
2-407,ACCU-CHEK แผ่น GUIDE (ก.25ชิ้น) แอคคู-เช็ค (กล่อง) (กล่อง), 435.00 
2-407/1,ACCU-CHEK แผ่น GUIDE (ก.50ชิ้น) แอคคู-เช็ค **ราคาพิเศษ** (กล่อง), 699.00 
158,ACCU-CHEK แผ่น performa (ก.25ชิ้น) แอคคู-เช็ค (กล่อง) (กล่อง), 594.00 
131811/3,ACETATE RINGER INJECTION ถุุง1000ml ป้ายฟ้า [ANB] (ถุง) น้ำเกลือAR (ถุง), 42.50 
3606,ACETIN 100mg 50ซองx5g (ก.50ซอง), 106.00 
3605,ACETIN 200mg 50ซองx5g (ก.50ซอง), 151.00 
2907/5,ACETIN ฉีด INJECTIONS OR INFUSIONS 10x3ml (ก.10หลอด), 213.00 
2257-1,ACNE-AID GENTLE CLEANSER SENSITIVE SKIN 100ml ขวดฟ้า (ขวด), 140.75 
2257/5,ACNE-AID GENTLE CLEANSER SENSITIVE SKIN 500ml ขวดปั้มฟ้า (ขวด), 432.00 
2257/9,ACNE-AID GENTLE CLEANSER SENSITIVE SKIN 900ml ขวดปั้มฟ้า (ขวด), 647.00 
2258-1,ACNE-AID LIQUID CLEANSER OIL CONTROL 100ml ขวดแดง (ขวด), 140.50 
2258/5,ACNE-AID LIQUID CLEANSER OIL CONTROL 500ml ขวดปั้มแดง (ขวด), 433.50 
15950,ACNE-AID LIQUID CLEANSER OIL CONTROL 50ml ขวดแดง (ขวด), 96.00 
2258/9,ACNE-AID LIQUID CLEANSER OIL CONTROL 900ml ขวดปั้มแดง (ขวด), 629.00 
2583/18,ACNE-AID MICELLAR CLEANSING WATER SENSITIVE SKIN 235 ML (ขวด), 179.50 
3554/1,ACNE AID OIL CONTROL FOAMING FACE WASH 100ml (ขวด) (ขวด), 140.00 
1143,ACNETIN-A 0.025% 10g (ก.1หลอด), 38.00 
1144,ACNETIN-A 0.05% 10g (ก.1หลอด), 40.75 
58/2,ACTEWOUND SILICONE GEL SHEET ซิลิโคนเจล 4x15cm (ก.1ชิ้น), 169.00 
8231,ACTEWOUND SILICONE GEL SHEET ซิลิโคนเจล 4x6cm (ก.2ชิ้น), 137.75 
58,ACTEWOUND SILICONE GEL SHEET ซิลิโคนเจล 7x15cm (ก.1ชิ้น), 282.00 
58/3,ACTEWOUND SILICONE GEL SHEET ซิลิโคนเจล แบบม้วน 2.5x100cm (ก.1ม้วน), 353.00 
8231/1,ACTEWOUND SI SILICONE GEL 10g ซิลิโคนเจล (ก.1หลอด), 262.00 
8231/2,ACTEWOUND SI UV SILICONE GEL 10g สีเบจ ซิลิโคนเจล (ก.1หลอด), 263.00 
1132/7,ACTISAC 50x10s [Fluoxetine] (เม็ดเขียวเหลือง) (ก.50แผง), 379.00 
1553/11,A.C.V. CREAM 1gx10s [greater] (ก.10ซอง), 53.00 
1553/10,A.C.V. CREAM 3g [greater] (ก.1หลอด), 21.50 
1144/1,ACVIT-A GEL 0.05% 10g (ก.1หลอด), 27.25 
3824/4,ADAVIL 400mg 1x10s (ก.1แผง), 17.00 
3824/5,ADAVIL F/C TABLETS 400mg 50x10s (สีส้มอิฐ) (ก.50แผง), 537.00 
2026/1,ADRENALINE INJ 1mlx50amp 1mg/1ml (ก.50ขวด), 425.00 
953,AERIUS 1x10s (ก.1แผง), 253.00 
954/8,AERIUS SYRUP 60ml SF (ก.1ขวด), 201.00 
168/1,AEROBIDOL INHALER 200doses (ก.1ชุด), 209.00 
168/4,AERONIDE 200mcg มีโปรซื้อเยอะ (ก.1ชุด), 200.00 
168/6,AEROTAMOL INHALER 100mcg 200doses (ก.1ขวด), 87.75 
168/2,AEROTAMOL INHALER 100mcg 200doses + spacer (ก.1ขวด), 93.00 
168/3,AEROTIDE 125 120doses (ก.1ขวด), 225.50 
168/5,AEROTIDE 250 120doses (ก.1ขวด), 479.00 
23-ม.ค.,AIRROX รสมิ้นท์ 80mg 10x10s (ก.10แผง), 85.00 
2239,AIR-X 120mg 10s (แผง), 14.20 
2239/1,AIR-X 40mg MINT SUGAR FREE 10x10s (ก.10แผง), 123.00 
2240,AIR-X DROPS 15ml (ก.1ขวด), 44.50 
23/22,AIR-X น้ำ 10mlx12ซอง รสมะนาว (ก.12ซอง), 128.00 
21-ม.ค.,AIR-X รสมะนาว LEMON 25x4s (ก.25แผง), 138.00 
21,AIR-X รสมะนาว LEMON 80mg 10s มีโปรซื้อเยอะ (แผง), 12.00 
23,AIR-X รสมิ้นท์ MINT 10s มีโปรซื้อเยอะ (แผง), 12.00 
2241,AIR-X รสส้ม ORANGE 80mg 10s มีโปรซื้อเยอะ (แผง), 12.00 
781/1,AKNEDERM-BP 2.5% 10g (ก.1หลอด), 42.00 
786/1,AKNEDERM-BP5 10g (ก.1หลอด), 55.50 
2152/1,A-KOOL INHALANT ยาดม 5ml (ก.1ขวด), 15.00 
28-ก.พ.,ALBEMED 200mg 100s (ขวด), 112.00 
28-มี.ค.,ALBEMED 200mg 10x6s *ใหม่136 (ก.10แผง), 119.00 
2169,ALBEN 10ml (ก.1ขวด), 15.45 
28,ALBEN 200mg 1x2s (ก.1แผง), 7.30 
2169/2,ALBEN 200mg/5ml รสส้ม อัลเบน (ก.12ซอง), 187.00 
30,ALBER-T 10g (ก.1หลอด), 42.00 
14213/2,Albumen 30เม็ด โปรตีนไข่ขาวเม็ด [SHP] (ขวด), 195.00 
14211/2,Albumen 60เม็ด โปรตีนไข่ขาวเม็ด [SHP] (ขวด) (ขวด), 360.00 
14211/1,Albumin 400g white egg รส Vanilla ผงโปรตีนไข่ขาว [ดีพี แอนด์ เอส] (กระปุก), 625.00 
1931/4,ALCOHOL70% 180ml อันอันโอสถ (ขวด), 19.00 
1930/2,ALCOHOL70% สหการ 60ml (ขวด), 12.00 
021/6,ALCOHOL ALSOFF 1000ml (แกลลอน), 59.00 
1931,ALCOHOL ALSOFF 180ml (ขวด), 21.75 
21,ALCOHOL ALSOFF 450ml (ขวด), 36.25 
1564,ALCOHOL ALSOFF 60ml (ขวด), 6.67 
22,ALCOHOL ALSOFF GEL สีฟ้า 450ml (ขวด), 49.00 
021/3,ALCOHOL ALSOFF PINK 450ml (ขวด), 31.50 
021/40,ALCOHOL ALSOFF-S GALLON 5000ml (แกลลอน), 255.00 
133101/4,Alcohol cotton Ball สำลีชุบแอลกอฮอล์ เจ็ดดาว 1x15แผงx8s (ก.15แผง), 78.25 
1929/2,ALCOHOL SIRIBUNCHA 1000ml (แกลลอน), 89.00 
1927,ALCOHOL SIRIBUNCHA 180ml (ขวด), 22.91 
1929,ALCOHOL SIRIBUNCHA 450ml (ขวด), 35.25 
1930,ALCOHOL SIRIBUNCHA 60ml (ขวด), 9.50 
1931/3,ALCOHOL เจ็ดดาว 180ml (Isopropyl) (ขวด), 15.50 
021/4,ALCOHOL เจ็ดดาว 450ml (isopropyl) บ ขาด (ขวด), 30.50 
1564/5,ALCOHOL เจ็ดดาว 60ml (isopropyl) (ขวด), 6.67 
021/5,ALCOHOL สหการ 450ml (ขวด), 36.00 
021/7,ALCOHOL สหการ 450ml ฉลากแดง (ขวด), 36.00 
1535/15,A-LEAZE 5mg 1x10s (ก.1แผง), 64.25 
2-127/1,ALEREST 10mg 10x10s [ชุมชน] (ก.10แผง), 65.25 
1543/4,ALEREST SYRUP 60ml [ชุมชน] (ก.1ขวด), 26.00 
4775,ALGOGEN SYRUP 60ml (สตอเบอรี่) (ก.1ขวด), 16.50 
5555/1,ALGYCON CHEWABLE TABLETS 12s (แผง), 137.00 
2122/1,ALICIA5000 กระเทียมสกัด 30s GARLIC ขาวละออ (ก.30เม็ด), 189.00 
2122/3,ALICIA5000 กระเทียมสกัด 5แผงx6s GARLIC ขาวละออ (ก.5แผง), 236.00 
2122/2,ALICIA5000 กระเทียมสกัด 60s GARLIC ขาวละออ (ก.60เม็ด), 346.00 
37/1,ALINAMIN EX PLUS 120s มีโปรซื้อเยอะ (ก.1ขวด), 699.00 
37,ALINAMIN EX PLUS 60s **ราคาใหม่ (ก.1ขวด), 405.00 
37/2,ALINAMIN-F 10x10s (ก.10แผง), 267.00 
567/2,AL IN GEN DHA 240mg 30s (ก.30s), 650.00 
1834/1,ALLERAX 10mg 1000s (เม็ดขาว) (กระปุก), 170.00 
8099,ALLERGIS 5ml (ก.1ขวด), 26.25 
2606/8,ALLER-GO 1x10s (ก.1แผง), 14.75 
2606/7,ALLER-GO SYRUP 60ml รสผลไม้รวม (ก.1ขวด), 27.25 
389/1,ALLERNIX SYRUP 60ml **ขึ้น45 (ก.1ขวด), 43.00 
389,ALLERNIX TABLET 1x10s **ขึ้น37 (ก.1แผง), 33.75 
3724/3,ALLOPURINOL100mg ชุมชน 50x10s [ชุมชน] (ก.50แผง), 358.00 
953/2,ALLORA 5mg 1x10s (ก.1แผง), 47.00 
1326/1,ALLORA SYRUP 60ml **ขึ้น60 (ก.1ขวด), 54.50 
1856,ALLORIC 500s (กระปุก), 196.00 
3019,ALLORIC 50x10s (ก.50แผง), 212.50 
3109,ALOE GEL 30g เจลว่านหางจระเข้ (ก.1หลอด), 33.75 
1564/2,ALSOFF ALCOHOL PAD 200ซอง 4x8cm (ก.200ซอง), 142.00 
133101,ALSOFF COTTON สำลีชุบแอลกอฮอล์ 12แผงx8ก้อน (ก.12แผง), 61.00 
75/11,ALUTA 240ml ขวดเขียว (รสมิ้นท์) ANTACID มีโปรซื้อเยอะ (ขวด), 23.00 
75/2,ALUTA 240ml ขวดฟ้า (รสมิ้นท์) มีโปรซื้อเยอะ (ขวด), 23.00 
141510/100,AMADO GOLD Collagen 100g คอลลาเจน ลัง24 (กระป๋อง) (กระป๋อง), 190.00 
3238/1,AMARYL 2mg 3x10s (ก.3แผง), 387.00 
7955,AMBES-10 10x10s (ก.10แผง), 102.00 
7954,AMBES-5 10x10s (ก.10แผง), 60.00 
1445/2,AMBROCIN 30mg 50x10s (ก.50แผง), 158.00 
2724/1,AMBRONC SYRUP 60ml (พรุน) (ก.1ขวด), 12.50 
2734,AMBROX 30mg 1x10s บ ขาด (ก.1แผง), 23.00 
2724,AMBROX 60ml ฟ้า (ลาสเบอรี่) แอมบร็อกส์ (ambroxol) บ ขาด (ก.1ขวด), 29.00 
2-971,AMBROX JUNIOR 60ml ชมพู (ราสเบอรี่) (ก.1ขวด), 26.25 
5128/3,AMCO 50x10s (antacid+simethicone) (ก.50แผง), 325.00 
5128/1,AMCOPAN 10mg 20x10s (ก.20แผง), 266.00 
56042/4,AMELA-EX Anti Melasma cream 30g (ก.1หลอด), 403.00 
3204,AMICOF 100mg/5ml 60ml (ผลไม้รวม) (ก.1ขวด), 20.50 
945/2,AMINOPHYLLINE INJECTION 10x10ml (ก.10ขวด), 126.00 
3140,AMITRIPTYLINE 10mg 50x10s (ก.50แผง), 189.75 
3139,AMITRIPTYLINE 25mg 50x10s (ก.50แผง), 305.00 
4333/10,AMK 1000mg 10x10s มีโปรซื้อเยอะ (ก.10แผง), 955.00 
4333,AMK 1000mg 1x10s (ก.1แผง), 98.00 
606,AMK 156mg 60ml (ก.1ขวด), 62.75 
607,AMK 228mg 70ml (ก.1ขวด), 97.50 
608,AMK 457mg 70ml (ก.1ขวด), 143.50 
4332,AMK 625mg 1x10s (ก.1แผง), 79.00 
608/4,AMK ES-600 100ml (ก.1ขวด), 499.75 
608/2,AMK ES-600 70ml (ก.1ขวด), 343.00 
3715,AMLOPINE 10mg 10x10s มีโปรซื้อเยอะ (ก.10แผง), 207.00 
3714,AMLOPINE 5mg 10x10s (ก.10แผง), 155.00 
07954/1,AMLOVASC 5 mg 50x10s (ก.50แผง), 446.00 
46,AMMELTZ HEAT PATCH 95x130mm แผ่นแปะ (ซอง) (ซอง), 20.50 
50,AMMELTZ YOKO YOKO 48ml (ก.1ขวด), 92.00 
51,AMMELTZ YOKO YOKO 82ml (ก.1ขวด), 134.00 
50/2,AMMELTZ แผ่นแปะ Period pain 95x130mm 45บ แอมเมล็ท (ซอง) (ซอง), 21.75 
50/4,AMMELTZ แผ่นแปะ Shoulder pain 95x260mm 55บ (กล่อง10ซอง) แอมเมล็ท (ซอง) (ซอง), 27.75 
50/3,AMMELTZ แผ่นแปะ ปวดหลัง Back pain 95x260mm 55บ (กล่อง10แผ่น) แอมเมล็ท (แผ่น) รหัส 50/3 (ซอง), 27.75 
3806,AMMONIA SAHAKARN 450ml (ขวด), 84.50 
903500/2,A.M.MOX 500mg 50x10s (เม็ดฟ้า-เทา) (ก.50แผง), 464.00 
514/1,AMOGIN EFFE สูตรENO รสส้ม 4.3gx5ซอง เอฟเฟ (ก.5ซอง), 36.25 
353,AMOGIN-GEL 240ml (ขวด), 35.50 
353/1,AMOGIN-GEL 30ซองx15ml (ก.30ซอง), 104.00 
352,AMOGIN-GEL 450ml (ขวด), 53.00 
353/2,AMOGIN OTC TAB อาโมจิน 1x10s มีโปรซื้อเยอะ (ก.1แผง), 10.50 
3117,AMOKSIKLAV SANDOZ 1000mg 1x10s *ใหม่119 (ก.1แผง), 112.00 
2-665/3,A-MOL SYRUP 120mg/5ml 60ml (paracetamol) รสสละ (ก.1ขวด), 45.25 
403/16,AM ORT 15g (clobetasol) แอมออร์ท มีโปรซื้อเยอะ (ก.1หลอด), 60.00 
403/17,AM ORT 5g (clobetasol) แอมออร์ท (ก.1หลอด), 29.25 
54,AMOXIL GSK 500mg 2x10s (ก.2แผง), 108.00 
902500/1,AMOXYCILLIN 500 50x10s (เม็ดชมพู-ขาว) *ใหม่598 (ก.50แผง), 524.00 
903500/7,AMOXYCILLIN-500 SSP 500s (เขียว-ฟ้า) (กระปุก), 455.00 
903500/15,AMOXYCILLIN 500 SSP 500s (ชมพู-ขาว) (amoxicillin) (กระปุก500s), 455.00 
903500/10,AMOXYCILLIN 500 SSP 50x10s (เขียว-ฟ้า) *ใหม่485 (ก.50แผง), 470.00 
903500/13,AMOXYCILLIN 500 SSP 50x10s (ชมพู-ขาว) (ก.50แผง), 470.00 
512/2,AMOXY M.H. FOR ORAL SUSPENSION 250 (เปลือยวนิลา-กล้วย) (ขวด), 23.75 
901500,AMOXY WS 500mg 25x10s (เหลือง-แดง) มีโปรซื้อเยอะ (ก.25แผง), 239.00 
14910/5,AMPAVIT INJECTIONS OR INFUSIONS 1000mcg 10x10ml บ ขาด (กล่อง), 34.25 
2248/2,AMPI-250 CAPSULES 50x10s (ดำ-แดง) (ก.50แผง), 470.00 
2248,AMPI-500 CAPSULE 500s (ดำ-แดง) (กระปุก), 715.00 
2248/1,AMPI-500 CAPSULES 50x10s (ดำ-แดง) (ก.50แผง), 760.00 
2248/4,AMPICILLIN-500 CAPSULE 500s [42] (กระปุก), 765.50 
2249-1,AMPICILLIN CAPSULE 500mg 25x10s AU (ก.25แผง), 310.00 
2248/3,AMPICILLIN CAPSULE 500mg AU 500s (ดำ-แดง) (กระปุก), 625.00 
2748/3,AMSEL AMINO BILBERRY EXTRACT PLUS 30s (ขวด), 244.00 
2748/4,AMSEL BIOTIN ZINC 30s (ขวด), 187.00 
2748/6,AMSEL CALCIUM L-THREONATE collagen typeII 60s (ขวด), 293.00 
2748/10,AMSEL FISH OIL mini cap เม็ดเล็ก 75s (ขวด), 205.00 
2748/1,AMSEL L-ARGININE 40s (ขวด), 132.00 
2748/2,AMSEL L-GLUTAMINE 800 30s (ขวด), 207.00 
2748/12,AMSEL MAGNESIUM BISGLYCINATE PLUS 30s ช่วยนอนหลับ (ขวด), 205.00 
2748/7,AMSEL MAGNESIUM PLUS 30s (ขวด), 152.00 
2748/8,AMSEL MULTI VIT PLUS 40s (ขวด), 208.00 
2748/11,AMSEL Vitamin C 500mg 30s (ขวด), 132.00 
2748/5,AMSEL ZINC 30s (ขวด) รหัส 2748/5 (ขวด), 116.00 
2-956,AMTA 500 HK 500s (กระปุก), 676.00 
2249/25,AMTA 500mg 25x10s (ก.25แผง), 359.00 
2249,AMTA 500mg 50x10s (ก.50แผง), 705.00 
1445,AMXOL 30mg 10x10s (ก.10แผง), 74.00 
1445/1,AMXOL SYRUP 30mg/5ml 60ml (ก.1ขวด), 17.25 
1082/3,ANALGIC-500 25x10s (ก.25แผง), 250.00 
1082/6,ANALGIC-500 50x10s แผงเปลือย (ก.50แผง), 450.00 
3061,ANAPRIL 20mg 10x10s (ก.10แผง), 97.00 
3062,ANAPRIL 5mg 10x10s (ก.10แผง), 57.75 
3061/2,ANAPRIL-S 20mg 10x10s **โฉมใหม่ (ก.10แผง), 97.00 
3062/3,ANAPRIL-S 5mg 10x10s **โฉมใหม่ (ก.10แผง), 57.75 
346/1,ANASIC BALM 25g (สูตรcounterpain warm) (ก.1หลอด), 21.50 
1800/4,ANB NASAL CONNECT จุกล้างจมูก (ก.1ชิ้น), 83.00 
551,ANDROCUR 50mg 50s (กล่อง)," 2,915.00 "
829/10,ANDRO I-HERB mouth spray 18ml (ก.1ขวด), 73.50 
3356/1,ANNOXEN-S 275mg 2x10s มีโปรซื้อเยอะ (ก.2แผง), 76.25 
1082/2,ANPUZZ 520 1x10s (ก.1แผง), 28.50 
76,ANTACIL 50x10s (ก.50แผง), 476.00 
74,ANTACIL GEL 1000ml (รสมิ้นท์) มี (ขวด), 140.00 
75,ANTACIL GEL 240ml (รสมิ้นท์) (ขวด), 39.75 
75/1,ANTACIL GEL 240ml (รสส้ม) (ขวด), 39.75 
77,ANTACIL GEL 450ml (รสมิ้นท์) (ขวด), 70.42 
76/6,ANTACIL PLUS 50x10s (ก.50แผง), 813.00 
2035/1,ANTAFIT 200mg 50x10s (ก.50แผง), 645.00 
2068,ANTAZALLERGE R EYE DROPS 10ml *มีโปรซื้อเยอะ (ก.1ขวด), 34.50 
3601/1,ANTENAC GEL [diclofenac] GPO 1% 30g มีโปรซื้อเยอะ (ก.1หลอด), 29.75 
2435,ANTERGAN CREAM 10g (ก.1หลอด), 24.50 
2435/1,ANTERGAN CREAM 25g (ก.1หลอด), 47.50 
349/8,ANTINOL CAT 60s (กล่อง)," 1,120.00 "
349/6,ANTINOL DOG 30s (กล่อง), 710.00 
349/7,ANTINOL DOG 60s (กล่อง)," 1,120.00 "
237/4,ANTISPA INJECTION 50x1ml *ใหม่462.50 (ก.50ขวด), 450.00 
07866/2,APIXABAN SANDOZ 2.5mg 6x10s (ก.6แผง)," 1,830.00 "
07866/3,APIXABAN SANDOZ 5mg 6x10s (ก.6แผง)," 1,842.00 "
07866/6,APIXA CCP 5mg 6x10s [ชุมชน] (ก.6แผง), 805.00 
7866,APOLETS 75mg 3x10s (ก.3แผง), 287.00 
81,APRACUR NC 1x6s (แผง6s), 7.04 
19831/1,AQUA MARIS baby nasal spray 50ml อควา มาริส เบบี้ (ขวด) (ก.1ขวด), 243.00 
19831/6,AQUA MARIS CLASSIC nasal spray อควา มาริส (ขวด) (ก.1ขวด), 222.00 
19831/7,AQUA MARIS PROTECTO nasal spray อควา มาริส (ก.1ขวด), 252.00 
19831/3,AQUA MARIS STRONG nasal spray 30ml อควา มาริส (ขวด) (ก.1ขวด), 243.00 
4208/9,ARCOXIA 120mg 1x5s **ราคาพิเศษ** (ก.5เม็ด), 226.00 
4206/9,ARCOXIA 60mg 1x5s (ก.5เม็ด), 186.00 
4207/9,ARCOXIA 90mg 1x5s **ราคาพิเศษ** (ก.5เม็ด), 186.00 
2741/2,ARICEPT EVESS 10mg 2x14s แถบแดง อัลไซเมอร์ (ก.2แผง)," 1,805.00 "
2741/3,ARICEPT EVESS 5mg 2x14s แถบฟ้า อัลไซเมอร์ (ก.2แผง), 902.00 
3026/2,ARIDINE 10mg 10x10s (ก.10แผง), 53.50 
88,ARISTOCORT 0.02% 15g (ก.1หลอด), 41.25 
87,ARISTOCORT A 0.1% 15g (ก.1หลอด), 68.00 
1393/5,Arm Sling สายคล้องแขน #L แคนตัน อาร์ม สลิง (ก.1ชิ้น), 53.00 
1393/4,Arm Sling สายคล้องแขน #M แคนตัน อาร์ม สลิง (ก.1ชิ้น), 53.00 
1393/3,Arm Sling สายคล้องแขน #S แคนตัน อาร์ม สลิง (ก.1ชิ้น), 53.00 
1393/8,Arm Sling อย่างดี สายคล้องแขน #L SOS (ก.1ชิ้น), 95.00 
1393/7,Arm Sling อย่างดี สายคล้องแขน #M SOS (ก.1ชิ้น), 95.00 
1547/1,AROTIKA BUG BALM 10x18g [สูตร ZAM-BUK] (ก.12ขวด), 868.00 
961335/2,AROTIKA COOL GEL 100g (ก.1หลอด), 72.75 
961335/1,AROTIKA COOL GEL 35g (ก.1หลอด), 29.00 
2-530/1,AROTIKA COOL SPRAY 60ml มีโปรซื้อเยอะ (ก.1ขวด), 100.00 
2-528/2,AROTIKA PAIN RELIEF SPRAY 100ml (ขวด), 143.00 
961335/3,AROTIKA RUB 100g (ก.1หลอด), 145.00 
961335/5,AROTIKA Rub 15g น้ำเงิน (ก.1หลอด), 29.00 
961335/4,AROTIKA Rub 35g น้ำเงิน (ก.1หลอด), 58.00 
2-530/2,AROTIKA RUB LOTION SPRAY 60ml (ก.1ขวด), 87.25 
51/1,Arotika Rub Lotion (สูตร AMMELTZ) 80ml อโรติกา รัป โลชั่น (ขวด) (ก.1ขวด), 142.50 
961335,AROTIKA WARM CREAM 35g (ก.1หลอด), 58.25 
1835,ARTRODAR 3x10s (ก.3แผง), 506.00 
3795/8,ARTROFORT COMPLEX 30ซอง (ก.30ซอง), 662.00 
72/1,ASATAB 81mg 100x10s (ควบคุม) (ก.100แผง), 235.00 
3441/1,A SCALP LOTION 60ml (ก.1ขวด), 91.00 
655/4,ASCEE 500mg 15s (หลอด), 31.50 
3442/5,ASIABRON SYRUP 60ml (เปลือยสับปะรด) (ขวด), 12.50 
07915/1,ASIATAPP EXTENTABS 500s (เม็ดฟ้ากลมเคลือบน้ำตาล) (กระปุก), 715.00 
557/2,ASIATAPP SYRUP 60ml เปลีอย (องุ่น) 1x50 ขย11 *มีโปรซื้อเยอะ (ขวด), 15.50 
557/1,ASIATAPP SYRUP 60ml (องุ่น) (ก.1ขวด), 16.00 
835/2,ASIAZOLE 250mg 1000s (กระปุก), 421.00 
2-197/1,ASMASAL SDU 3x7s (กล่อง), 314.00 
2526,ASMASOLON 10x10s **ขึ้น202 (ก.10แผง), 187.00 
4229/1,ASNATURE FISH OIL 30s (ขวด), 124.50 
72/3,ASPENT-M 81mg 60s (ขวด), 33.50 
8229/1,ASTAIR 4x7s (ก.4แผง), 151.00 
08045/1,ASTAX 6mg 3x10s (ก.3แผง), 361.00 
1009,ASUMOL 1000s (เม็ดกลมขาว) PARACETAMOL AU (กระปุก), 238.00 
1003,ASUMOL 1000s (เม็ดกลมฟ้า) (กระปุก), 177.00 
1010,ASUMOL 1000s (เม็ดกลมเหลือง) PARACETAMOL AU (กระปุก), 143.00 
1014,ASUMOL 325mg 1000s (เม็ดขาว) (กระปุก), 145.00 
1014/1,ASUMOL 325mg 1000s (เม็ดส้มชมพู) (กระปุก), 165.50 
1014/2,ASUMOL 325mg 10x10s (เม็ดขาว) (ก.10แผง), 31.75 
1006/7,ASUMOL 500mg 20x10s (เม็ดเขียวยาว) (ก.20แผง), 60.00 
4229,ATHRIL 250mg 80s (ก.1ขวด), 102.00 
4400,ATHRIL POWDER 30ซองx3.95g (ก.30ซอง), 233.00 
1610,ATORVASTATIN SANDOZ 10mg 30s (ก.3แผง), 500.00 
1611,ATORVASTATIN SANDOZ 20mg 30s (ก.3แผง), 690.00 
1612,ATORVASTATIN SANDOZ 40mg 30s กล่องเขียว **มีโปรซื้อเยอะถึงกพ69** (ก.3แผง), 864.00 
1611/1,ATORVIN 20MG 10x10s (ก.10แผง), 808.00 
1612/1,ATORVIN 40mg 10x10s (ก.10แผง)," 1,065.00 "
4370,ATOZIN 1x6s (ก.1แผง), 47.50 
4370/10,ATOZIN 250mg 10x6s (ก.10แผง), 460.00 
1612/2,ATTOR-40mg 3x10s แอ็ททอร์-40 (ก.3แผง), 297.00 
3002/9,A-TUSSIN 15mg 20x10s (เม็ดกลมเหลืองเคลือบ) (ก.20แผง), 128.00 
3450/14,AUGMENTIN 1g 2x7s (ก.2แผง), 373.00 
3450,AUGMENTIN 1x10s (ก.1แผง), 226.00 
3450/2,AUGMENTIN ES 50ml (ก.1ขวด), 486.50 
13353/39,AURAMED 2in1 COVID-19 ATK (กล่อง) (ก.1ชุด), 16.00 
13353/45,AURAMED atk 3in1 COVID-19 FLUA/B ATK (กล่อง) (ก.1ชุด), 17.25 
13353/46,AURAMED atk 4in1 COVID-19 FLUA/B RSV ATK (กล่อง) (ก.1ชุด), 41.00 
13353/38,AURAMED atk H.Pylori (HP) มีโปรซื้อเยอะ (ก.1ชุด), 68.00 
3826/9,AURAMED PREG TEST MIDSTREAM ตรวจตั้งครรภ์ ปากกา (ก.1ชุด), 17.00 
13353/47,AURAMED ชุดตรวจไวรัสตับอักเสบบีและซี 2in1 (ก.1ชุด), 37.00 
13353/48,AURAMED ชุดตรวจหนองในแท้/เทียม 2in1 (ก.1ชุด), 139.00 
113,AUREOMYCIN 250mg 1x10s (ก.1แผง), 49.50 
113/1,AUREOMYCIN OINTMENT 5GM (ก.1หลอด), 31.00 
2070/1,AVAFAST 180 1x10s (ก.1แผง), 55.50 
2070/2,AVAFAST 60 1x10s (ก.1แผง), 24.00 
114-1,AVAMIGRAN 1x10s (ก.1แผง), 45.25 
118,AVAMYS 120doses (เครื่อง), 419.00 
118/60,AVAMYS 60doses (เครื่อง), 360.50 
2290/1,AXAMIN 250mg 500s เม็ดเหลือง-ส้ม (กระปุก), 873.00 
228/1,AXCEL FUSIDIC ACID CREAM 5g (ก.1หลอด), 38.50 
3794/1,AXIAGO 20mg 2x7s (ก.2แผง), 411.00 
4370/4,AZITABB tablet 250 1x6s (azithromycin) (ก.1แผง), 67.00 
2-890/1,AZITH CAPSULE 250mg 1x6s (ก.1แผง), 71.00 
2-668/5,AZITH ORAL SUSPENSION 15ml (ก.1ขวด), 85.00 
4370/3,AZITHRO 250mg 1x6s (ก.1แผง), 49.25 
248,AZYCIN 6s (ก.6เม็ด), 66.00 
2323/7,B-100 VITAMIN B COMPLEX INJECTION 50x1ml (ก.50ขวด), 217.00 
3900/3,BABINI HEAD TO TOE WASH 480ml (ขวด), 118.50 
3900/1,BABINI OINTMENT 50g (ก.1หลอด), 123.00 
3900/4,BABINI SOOTHING CREAM 15g (ก.1หลอด), 110.50 
2452/2,BACHEU CREAM 5g (ก.1หลอด), 52.00 
132/2,BACIDAL OINTMENT 5g (ก.1หลอด), 46.25 
0108/2,Back Support L37-45นิ้ว พยุงหลัง มีหมอนรองกระดูกสันหลัง เข็มขัด [ดีเวลล์] *ใหม่379 (ก.1ชิ้น), 356.00 
0108/1,Back Support M 29-37นิ้ว พยุงหลัง มีหมอนรองกระดูกสันหลัง เข็มขัด [ดีเวลล์] *ใหม่379 (ก.1ชิ้น), 356.00 
108,Back Support S 22-29นิ้ว พยุงหลัง มีหมอนรองกระดูกสันหลัง เข็มขัด [ดีเวลล์] **ใหม่379 (ก.1ชิ้น), 356.00 
0108/3,Back Support XL45-53นิ้ว พยุงหลัง มีหมอนรองกระดูกสันหลัง เข็มขัด [ดีเวลล์] *ใหม่379บ (ก.1ชิ้น), 356.00 
1526/7,BACLOFEN 10mg 20x10s (ก.20แผง), 208.00 
128,BACTACIN 30g (ก.1หลอด), 26.25 
170/4,BACTEDENE GEL 10 g (หลอด) เบตาดีนเจล (ก.1หลอด), 19.25 
2452/1,BACTEX OINTMENT 15g (ก.1หลอด), 112.00 
2452,BACTEX OINTMENT 5g (ก.1หลอด), 48.50 
4086,BACTICIN 5g มีโปรซื้อเยอะ (ก.1หลอด), 27.75 
4333/11,BACTOCLAV-1000 2x7s (ก.2แผง), 88.00 
14428/1,Bain Gummy ฟิชออยส์ DHA70% กลิ่นส้ม 108g 24x2s (ก.24ซอง), 98.50 
14428/2,BAINI GUMMY DHA70% 40.5gx12ซอง (กลิ่นส้ม ) (ก.12ซอง), 490.00 
3284/2,BAIN SYRUP DHA70% 150ml (ก.1ขวด), 136.00 
2458/5,BAKAMOL 500mg 10x10s มีโปรซื้อเยอะ (ก.10แผง), 79.00 
2458/6,BAKAMOL 500mg ขวด100s (ก.1ขวด), 68.00 
2-665/1,BAKAMOL SYRUP มีกล่อง 60ml (สตอเบอรี่) (ก.1ขวด), 29.00 
833/1,BALAMINE-500 3x10s มีโปรซื้อเยอะ (ก.3แผง), 37.00 
96181/1,BalanceActiv Gel 7x5ml [Lactic acid + Glycogen exeltis] (ก.7หลอด), 256.50 
101/21,BALENTIN 150mg 4x14s แคปซูลขาว (ก.4แผง), 525.00 
101/24,BALENTIN 75mg 4x14s แคปซูลขาว-แดง (ก.4แผง), 345.00 
2452/6,BANBACT OINTMENT 15g (ก.1หลอด), 76.50 
2452/4,BANBACT OINTMENT 5g (ก.1หลอด), 37.50 
8254/2,BANNER BRIGHT HI-B FISH OIL+VITAMIN B COMPLEX กล่องน้ำเงิน 5x4s**ใหม่130 (ก.5ซอง), 100.00 
8253/1,BANNER BRIGHT HI-B FISH OIL+VITAMIN B COMPLEX (น้ำเงิน) 30s (ขวด), 231.00 
8254/1,BANNER BRIGHT HI-B FISH OIL+VITAMIN B COMPLEX (น้ำเงิน) 60s (ขวด), 434.00 
136/1,BANNER GOLD PLUS MULTIVITAMINS+ZINC (ทอง) 30s (ขวด), 231.00 
2441/1,BANNER GOLD PLUS MULTIVITAMINS+ZINC (ทอง) 60s (ขวด), 432.00 
08350/1,BANNER SOY PROTEIN+LECITHIN ก.แดง 5x4s (ก.5ซอง), 130.00 
8349,BANNER SOY PROTEIN+LECITHIN (แดง) 30s (ขวด), 187.00 
8350,BANNER SOY PROTEIN+LECITHIN (แดง) 60s (ขวด), 345.00 
141/1,BANOCIN OINTMENT 10g (ก.1หลอด), 24.00 
141,BANOCIN POWDER 10g บาโนซินผงโรยแผล **ขึ้น41 (ก.1ขวด), 37.75 
141/25,BANOCIN ผงโรยแผล ซอง12บ ก25ซอง*3g ลัง96 บาโนซิน (กล่อง) (ก.25ซอง), 118.00 
3313/3,BARON 0.25mg 10x10s (ก.10แผง), 66.00 
2094/4,BASINA รสมิ้นต์ 25x10s (ก.25ซอง), 203.00 
2094/3,BASINA รสส้ม 25x10s (ก.25ซอง), 212.00 
72/2,B-ASPIRIN 81mg 100x10s (ก.100แผง), 287.00 
1531/2,B-CIPROFLOXACIN 500 1x10s (ก.1แผง), 29.25 
14910/2,B CO-ED 100s (ขวด), 30.00 
4107/1,B-COXIB 120mg 3x10s *ใหม่195 (ก.3แผง), 182.00 
4207/20,B-COXIB 90mg 3x10s (ก.3แผง), 139.00 
14910/3,B-COZE 100s (ขวด), 354.00 
14910/4,B-COZE 6x10s (ก.6แผง), 245.00 
126,BEBIDOL 120ml (ก.1ขวด), 32.91 
14910/8,BEECALFOR IM INJ 1x20ampules **ใหม่ 142บ (กล่อง), 126.00 
07857/17,BEE en PLUS บีเอ้น พลัส 15ml [ชุมชน] มีโปรซื้อเยอะ (ก.1ขวด), 84.00 
3529,BEHISTIN 12mg 50x10s**ขายขาด *ใหม่415บ (ก.50แผง), 314.00 
3528,BEHISTIN 6mg 50x10s **ขายขาด (ก.50แผง), 192.00 
153,BELCID 1000ml (ขวด), 84.00 
152/1,BELCID FORTE 240ml ม่วง (ขวด), 33.00 
152/3,BELCID GERD 12ซองx10ml (ก.12ซอง), 117.00 
152/2,BELCID GERD 150ml (ก.1ขวด), 145.00 
152,BELCID ขวดเขียว 240ml (ขวด), 33.25 
2794/1,BELFESH 10x10s (ก.10แผง), 134.00 
1006/2,BELLA PARA 10x10s (ก.10แผง), 67.00 
1006/1,BELLA PARA 50x10s มีโปรซื้อเยอะ (ก.50แผง), 452.00 
164,BENDA 500 LEMON (มะนาว) 1x12s (ก.12กล่อง), 175.00 
163,BENDA 500 (เหลือง) 1x12s (ก.12กล่อง), 176.00 
163-1,BENDA SUSPENSION 30ml (ก.1ขวด), 18.00 
781,BENZAC AC 2.5% 15g (ก.1หลอด), 104.00 
784,BENZAC AC 2.5% 60g (ก.1หลอด), 265.00 
786,BENZAC AC 5% 15g (ก.1หลอด), 115.50 
789,BENZAC AC 5% 60g (ก.1หลอด), 286.00 
15461,BEPANTHEN DAILY CONTROL MOISTURIZING 200ml บ เลิก (ก.1หลอด), 398.00 
3901,BEPANTHEN FIRST AID 30g (ก.1หลอด), 127.00 
3900,BEPANTHEN OINTMENT 30g (ก.1หลอด), 134.50 
3908,BEPANTHEN OINTMENT 50g (ก.1หลอด), 193.00 
3800,BEPANTHEN SENSIDERM 20g (ก.1หลอด), 279.50 
3800/50,BEPANTHEN SENSIDERM 50g (ก.1หลอด), 519.00 
2693/1,BERCLOMINE BABY DROPS 15ml (ก.1ขวด), 33.25 
2693,BERCLOMINE SYRUP 60ml (ก.1ขวด), 25.25 
2677,BERCLOMIN TAB 10s แบ่งขาย (แผง), 10.00 
2677/2,BERCLOMIN TAB 10x10s (ก.10แผง), 110.00 
07866/7,BERIVA 15mg 3x10s (ก.3แผง), 715.00 
07866/8,BERIVA 20mg 3x10s (ก.3แผง), 715.00 
79/1,BERLONTIN 100 10x10s (ก.10แผง), 170.00 
79/2,BERLONTIN 300 10x10s (ก.10แผง), 293.00 
79/3,BERLONTIN 600mg 10x10s (ก.10แผง), 476.00 
2050,BEROCCA FRUITY 15s (ก.1หลอด), 168.75 
1133/2,BEROCCA IMMU D+ 15s [สูตร REDOXON] (ก.1หลอด), 147.00 
3523/2,BEROCCA ORANGE 12x2s (รสส้ม) (ก.12ซอง), 310.00 
3523,BEROCCA ORANGE 15s (ก.1หลอด), 168.75 
3523/3,BEROCCA ORANGE 2x15s แพคคู่ (ก.2หลอด), 347.00 
1133/3,BEROCCA Sachet Elderberry Plus Choline&Zinc เสริมภูมิเด็ก2-7ปี (ก.7ซอง), 184.00 
168,BERODUAL METERED AEROSOL 200doses 10ml (ก.1ขวด), 303.50 
783/1,BESANTA 150mg 3x10s (ก.3แผง), 171.50 
783/2,BESANTA 300mg 3x10s (ก.3แผง), 566.00 
4040,BESTATIN 10mg 10x10s (ก.10แผง), 106.75 
4041,BESTATIN 20mg 10x10s (ก.10แผง), 145.75 
4042,BESTATIN 40mg 10x10s (ก.10แผง), 233.00 
172,BETADINE 15ml (ก.1ขวด), 44.00 
173,BETADINE 30ml (ก.1ขวด), 66.50 
178,BETADINE 500ml (ขวด), 235.00 
714,BETADINE GARGLE 30ml (ก.1ขวด), 145.75 
170,BETADINE OINTMENT 50g (กระปุก), 118.00 
715,BETADINE THROAT SPRAY 12ml (ก.1ขวด), 145.50 
716,BETADINE THROAT SPRAY 25ml (ก.1ขวด), 262.00 
3889,BETA-DIPO 15g (ก.1หลอด), 38.25 
3889/2,BETA-DIPO 25g (ก.1หลอด), 58.00 
3888,BETA-DIPO 5g (ก.1หลอด), 21.50 
174,BETADRESS ผ้าก๊อซ ปลอดเชื้อ 2นิ้วx2นิ้ว (กล่อง), 72.00 
175,BETADRESS ผ้าก๊อซ ปลอดเชื้อ 3นิ้วx3นิ้ว (ก.10ชิ้น), 108.00 
176,BETADRESS ผ้าก๊อซ ปลอดเชื้อ 4นิ้วx4นิ้ว (ก.10ชิ้น), 157.00 
3099/2,BETAGLUCAN SHOT 3gx7s (ก.7ซอง), 200.00 
3529/1,BETAHIS 12mg 10x10s (ก.10แผง), 134.00 
180/1,BETALOL 10mg 10x10s (ก.10แผง), 48.00 
184/1,BETALOL 40mg 10x10s**ขายขาด (ก.10แผง), 76.00 
13115,BETAMED SOLUTION 15ml (กล่อง12ขวด), 154.00 
13130,BETAMED SOLUTION 30ml (ก.12ขวด), 192.50 
3414,BETAMETHASONE CREAM 15g (ก.1หลอด), 24.00 
ม.ค.-45,BETAMETHASONE-N CREAM 15g (ก.1หลอด), 39.50 
171,BETAMETHASONE-N CREAM 5g (ก.1หลอด), 17.00 
2322,BETAMETH-N 500g (กระปุก), 281.00 
2321,BETAMETH-N CREAM 15g (ก.1หลอด), 22.25 
2320/1,BETAMETH-N CREAM 5g GPO (ก.1หลอด), 16.50 
2320,BETAMETH-N CREAM 5g มีโปรซื้อเยอะ (ก.1หลอด), 11.50 
186,BETHASONE CREAM 15g (ก.1หลอด), 29.50 
185,BETHASONE CREAM 5g (ก.1หลอด), 15.50 
540,BETHASONE-N CREAM 15g (ก.1หลอด), 32.00 
541,BETHASONE-N CREAM 5g (ก.1หลอด), 17.00 
540/2,BETNESONE N-CREAM 15g (ก.1หลอด), 24.75 
187,BETNOVATE CREAM 15g (ก.1หลอด), 85.50 
191,BETNOVATE-N 15g (ก.1หลอด), 98.00 
2293,BETNOVATE SCALP APPLICATION 30ml (ก.1ขวด), 159.00 
3631,BETOSALIC OINTMENT 15g (ก.1หลอด), 43.00 
3638,BETOSALIC OINTMENT 5g (ก.1หลอด), 21.75 
14910/7,B & FOLIC 100s บีแอนด์โฟลิค (ขวด), 35.75 
4338/3,B-FORTE tablet 3x10s (Vitamin B1 B6 B12) [ชุมชน] (ก.30s), 100.00 
1978,B-GAS 240ml ขับลมในกระเพาะ (ขวด), 42.50 
216/1,BICAHIS 20mg 1x10s (ก.1แผง), 75.00 
216/11,BILANOSE 20mg 1x10s [ชุมชน] (ก.1แผง), 82.50 
216,BILAXTEN 20mg 1x10s (ก.1แผง), 133.50 
216/3,BILAXTEN KIDS 10mg เม็ดเคี้ยว 1x10s รสองุ่นแดง (ก.1แผง), 116.00 
216/12,BILAZ 20mg 1x10s (ก.1แผง), 74.00 
4056/2,BIMED TABLETS 1000s เม็ดสีม่วงกลม (กระปุก), 810.00 
4056/1,BIMED TABLETS 10x10s เม็ดสีม่วงกลม (ก.10แผง), 135.00 
8140/3,BIMO MAC EYE DROPS STERILE 0.2% 5ml (ก.1ขวด), 125.00 
2-890/2,BINOZYT 250mg 1x6s (ก.1แผง), 113.00 
3217/13,BIO 5MAG PLUS 30s (ก.30เม็ด), 220.00 
1671/2,BIOCALM 10x10s (ก.10แผง), 114.00 
1671,BIOCALM 50mg 50x10s (ก.50แผง), 465.00 
1922/22,BIOCARE for KIDS PROPOLIS Elderberry plus mouth spray 20ml มีก้าน (ก.1ขวด), 74.00 
1922/23,BIOCARE ผู้ใหญ่ PROPOLIS Elderberry plus mouth spray 20ml มีก้าน (ก.1ขวด), 74.00 
3099/4,BIO C BETAGLUCAN PLUS CHEWY 30s (ขวด), 180.00 
2375/2,BIO C Daily lmu 1000mg 120s [Blackmores] (ขวด), 625.00 
2377/6,BIO C Daily lmu 1000mg 30s [Blackmores] (ขวด), 229.50 
2376/6,BIO C Daily lmu 1000mg 60s [Blackmores] (ขวด), 392.00 
919120,BIOCOXIB 120mg 5x5s กล่องแดง (ก.5แผง), 385.00 
91990,BIOCOXIB 90mg 5x5s กล่องเทา (ก.5แผง), 375.00 
11301,BIOFLOR 250mg 1x10ซอง (ก.10ซอง), 261.00 
11301/3,BIOFLOR 250mg เม็ด 2x5s (ก.10เม็ด), 261.00 
07857/12,BIOFRESH MOUTH SPRAY 15ml (ก.1ขวด), 68.00 
07857/90,BIOFRESH MOUTH SPRAY 5ml (ชิ้น), 41.00 
11301/2,BIOGAIA 10s (รสมะนาว) (ก.10เม็ด), 345.00 
11301/5,BIOGAIA DROP 1x5ml (ก.1ขวด), 771.00 
11301/7,BIOGAIA GASTRUS 1x10s (ก.1แผง), 403.00 
2140/7,BIO Kidde CALCIUM PLUS 1000mg 30s รสซ็อกโกแลต (ก.1ขวด), 169.00 
3907/5,BIO NITE 1x10s (organic melatonin) (ก.1แผง), 68.00 
3907/7,BIO NITE 3x10s (natural melatonin) (ก.3แผง), 172.00 
944-1,BIO-OIL 125ml ใหญ่ (ก.1ขวด), 417.75 
944,BIO-OIL 60ml เล็ก 375บ ไบโอ-ออย (ก.1ขวด), 253.00 
08045/5,BIOPHARM BIOASTAMIN PLUS 30s (ขวด), 384.00 
14429,BIOPHARM CALCIUM GUMMY 24g 12x8s (ก.12ซอง), 182.00 
14429/6,BIOPHARM CALCIUM GUMMY 60g 12x20s ซองใหญ่ **โปรดดูวันexp (ก.12ซอง), 389.00 
14428,BIOPHARM FISH OIL GUMMY 24g 12x8s (ก.12ซอง), 182.00 
14428/3,BIOPHARM FISH OIL GUMMY 60g 12x20s ซองใหญ่ **โปรดดูวันexp (ก.12ซอง), 388.00 
14430,BIOPHARM GUMMY 40x1s รวม 4 รส **โปรดดูวันexp (ก.40ซอง), 70.00 
14426,BIOPHARM MULTIVITAMIN GUMMY 24g 12x8s (ก.12ซอง), 182.00 
14426/1,BIOPHARM MULTIVITAMIN GUMMY 60g 12x20s ซองใหญ่ **โปรดดูวันexp (ก.12ซอง), 388.00 
14427,BIOPHARM VITAMIN C GUMMY 24g 12x8s (ก.12ซอง), 182.00 
14427/1,BIOPHARM VITAMIN C GUMMY 60g 12x20s ซองใหญ่ **โปรดดูวันexp (ก.12ซอง), 389.00 
4069/1,BIOPHARM ZINC PLUS 60s (ก.1ขวด), 256.00 
1100,BIOPLAST ไม้พันสำลี ซอง100ก้าน Size L (ซอง), 15.00 
1101,BIOPLAST ไม้พันสำลี ซอง100ก้าน Size M (ซอง), 13.50 
1102,BIOPLAST ไม้พันสำลี ซอง100ก้าน Size S (ซอง), 13.00 
3217/12,BIO SYN BIOME SHOT 15ซองx2.5g รสโยเกิร์ต (ก.15ซอง), 280.00 
14910/6,BIOTAPLEX-BC 10x10s [vit B1-6-12 C] (ก.10แผง), 154.00 
2-399/4,Biotin H+ 15s ไบโอติน เอช+ (ขวด), 162.00 
2-399/3,Biotin Zinc+ plus 900mg ขวดเขียว-ขาว ไบโอติน (ขวด90s) (ขวด), 297.00 
2-399/2,Biotin Zinc ขวดเขียว-ขาว 530บ ไบโอติน (ขวด90s) (ขวด), 238.00 
8212/3,BIOTRIL-S 1500 30ซอง (กลิ่นพีช) (ก.30ซอง), 399.00 
8212,BIOTRIL-S 1500 30ซอง (กลิ่นส้ม) (ก.30ซอง), 399.00 
2414,BIOVIT B2 1000s (กระปุก), 403.75 
1495/10,BIO-VIT C 60mg APPLE FLAVOR 50x20s รสแอปเปิ้ลเขียว (ก.50ซอง), 233.00 
1495/8,BIO-VIT C 60mg BERRY FLAVOR 50x20s รสเบอร์รี่ (ก.50ซอง), 233.00 
1495/9,BIO-VIT C 60mg ORANGE FLAVOR 50x20s รสส้ม (กล่อง), 233.00 
1495/11,BIO-VIT C 60mg PINEAPPLE FLAVOR 50x20s รสสับปะรด (ก.50ซอง), 233.00 
2-366,BIOZOLE 150mg 1x1s (ก.1เม็ด), 22.00 
2-366/1,BIOZOLE 200mg 5x10s (ก.5แผง), 519.00 
201/3,BISACODYL COATED TABLET 1000s (บิสซาโคดี้ลเม็ดเคลือบชมพู) (กระปุก), 145.00 
201/2,BISACODYL COATED TABLET 1000s (บิสซาโคดี้ลเม็ดเหลือง) (กระปุก), 142.00 
201/6,BISACODYL COATED TABLET 50x10s (ก.50แผง), 115.00 
912050/25,BISMUSALATE 25x10s (ก.25แผง), 545.00 
202/6,BISOLTAB 1x10s เม็ดกลมเขียวอ่อน (ก.1แผง), 10.15 
2903,BISOLVON EX 125ml (ก.1ขวด), 97.00 
2-793,BISOLVON EX 60ml (ก.1ขวด), 50.50 
2-791,BISOLVON PEDIATRIC 60ml (สตรอเบอรี่) **โปรดดูวัน exp (ก.1ขวด), 45.50 
202/2,BISOLVON TABLETS 10x10s (ก.10แผง), 475.00 
4380/2,BLACK INHALER ยาดม PEPPERMINTเปเปอร์มินต์ (หลอด), 20.25 
4380/1,BLACK INHALER ยาดม PEPPERMINTเปเปอร์มินต์ ดำ 1x6s กล่องใส (ก.6หลอด), 110.00 
2375,BLACKMORES BIO C 1000mg 150s (ขวด), 774.00 
2379/15,BLACKMORES BIO C ACEROLA PLUS 1500mg 15s (ขวด), 199.00 
2379,BLACKMORES BIO C ACEROLA PLUS 1500mg 40s (ขวด), 171.00 
4585,BLACKMORES BIO CALCIUM+D3 10s (ขวด), 45.00 
8205,BLACKMORES BIO CALCIUM+D3 60s (ขวด), 239.00 
3733/2,BLACKMORES BIO FOLIC ACID 90s (ขวด), 269.00 
3489,BLACKMORES BIO MAGNESIUM ADVANCE+D3 50s (ขวด), 300.75 
3217,BLACKMORES BIOTIN H+ 60s (ขวด), 539.00 
3487/30,BLACKMORES BIO ZINC A CHELATE 30s (ขวด), 167.00 
3487,BLACKMORES BIO ZINC A CHELATE 90s (ขวด), 352.00 
3989/2,BLACKMORES COENZYME Q10 2x30s แพคคู่ (แพค) (แพค2ขวด), 999.00 
3989/1,BLACKMORES COENZYME Q10 30s (ขวด), 537.00 
27,BLACKMORES EVENING PRIMROSE OIL 1000mg 60s (ขวด), 420.50 
31,BLACKMORES EXEC B S 120s (ขวด), 684.00 
35,BLACKMORES EXEC B S 30s (ขวด), 234.00 
32,BLACKMORES EXEC B S 60s (ขวด), 376.00 
1211,BLACKMORES FISH OIL 1000mg 2x80s (แพค2ขวด) (แพค2ขวด), 708.00 
1211/1,BLACKMORES FISH OIL MINI 30s (ขวด), 191.00 
1211/2,BLACKMORES FISH OIL TRIPLE Daily 60s (ขวด), 765.00 
24-ก.พ.,BLACKMORES GINKGO 30s (ขวด), 267.75 
2434/1,BLACKMORES GLUCOSAMINE 1500 30s PLANT-BASE แพ้อาหารทะเลทานได้ (ขวด), 800.00 
3728,BLACKMORES HYPERIFORTE 30s (ขวด), 325.00 
4324/6,BLACKMORES JOIN PLUS COLLAGEN TYPE II 30s (ขวด) (ขวด), 499.00 
1841/15,BLACKMORES LUTEIN-VIS 60s (ขวด), 559.00 
516-1/1,BLACKMORES MARINE COLLAGEN ABSOLUTE 30s (ขวด) (ขวด), 760.00 
08045/3,BLACKMORES MARINE COLLAGEN ABSOLUTE 60s (ขวด)," 1,417.00 "
3365/1,BLACKMORES MULTI B 120s (ขวด), 513.00 
3365/5,BLACKMORES MULTI B 30s (แพค5ขวด) [Blackmores] (ขวด), 193.00 
3365,BLACKMORES MULTI B 60s (ขวด), 337.00 
3550,BLACKMORES NATURETIME BUFFERED C 500mg 200s (ขวด), 789.00 
4350,BLACKMORES NATURETIME BUFFERED C 500mg 31s (ขวด), 145.50 
4351,BLACKMORES NATURETIME BUFFERED C 500mg 75s (ขวด), 316.00 
3217/1,BLACKMORES PROBIOTICS+DAILY BALANCE 30s (ขวด), 909.00 
1412400/9,Blendera MF 2.5kg **ขายขาด (ถุง), 692.00 
769/10,BLISTEX LIP INFUSION RESTORE 3.7g ลิปมัน (ชิ้น), 122.00 
769/1,BLISTEX MEDICATED BERRY LIP BALM 4.25g ลิปมัน กลิ่นเบอร์รี่ (ชิ้น), 97.50 
769/3,BLISTEX MEDICATED CLASSIC LIP BALM 4.25g ลิปมัน (ชิ้น), 97.50 
769/2,BLISTEX MEDICATED MINT LIP BALM 4.25g ลิปมัน กลิ่นมิ้น (ชิ้น), 97.50 
769/4,BLISTEX MEDICATED RASPBERRY LEMONNADE LIP BALM 4.25g ลิปมัน กลิ่นราสเบอร์รี่ เลมอน (ชิ้น), 97.50 
216/2,BLIZTIN 20mg 1x10s (ก.1แผง), 75.25 
149,BLOPRESS 16 MG 4x7s (ก.4แผง), 975.00 
3947,BLOPRESS 8 MG 4x7s (ก.4แผง), 665.00 
3947/2,BLOPRESS PLUS 16 MG 4x7 (ก.4แผง), 981.50 
3947/1,BLOPRESS PLUS 8 MG 4x7s (ก.4แผง), 666.00 
96120/1,BLUGEL 15g (ก.1หลอด), 187.25 
4376,B.O.CAL 950mg 60s (ก.1ขวด), 160.50 
3917/1,BOCYTIN CAPSULES 1x10s (ก.1แผง), 22.00 
207,BONJELA 15g (ก.1หลอด), 169.50 
4377,B.O.S 250mg 100s (ก.1ขวด), 253.00 
2152,BOSISTO S EUCALYPTUS OIL นกแก้ว 28ml (ก.1ขวด), 79.75 
2154,BOSISTO S EUCALYPTUS OIL นกแก้ว 56ml (ก.1ขวด), 136.25 
2153,BOSISTO S EUCALYPTUS OIL นกแก้ว 8.5ml (ก.1ขวด), 34.75 
2156,BOSISTO S EUCALYPTUS SPRAY นกแก้ว 150ml (กระป๋อง), 125.50 
2150,BOSISTO S EUCALYPTUS SPRAY นกแก้ว 300ml (กระป๋อง), 192.50 
101180,BOSNUM 180 1x10s (ก.1แผง), 49.00 
10260/1,BOSNUM 60 1x10s มีโปรซื้อเยอะ (ก.1แผง), 25.25 
10260,BOSNUM 60mg 10x10s (ก.10แผง), 250.00 
1935/1,BOTAN โบตัน CANDY เก็กฮวย 16gx12ซอง (ก.12ซอง), 163.00 
1935/2,BOTAN โบตัน CANDY ชะเอมมิ้นท์ 16gx12ซอง (ก.12ซอง), 163.00 
1935,BOTAN โบตัน ตรากิเลน 3.4gx100ซอง (แผ่น) (ก.100ซอง)," 1,150.00 "
1936,Botan โบตัน ตลับ ขาว (ก.24ตลับ), 317.00 
4342,BOWA GEL 240ml (ขวด), 32.50 
4342/1,BOWA เม็ด 2x10s รสมินท์ (ก.2แผง), 29.00 
3810/1,BOZO SYRUP 60ml (รสสตอเบอร์รี่) (ก.1ขวด), 16.00 
3427,BRAND GINKGO BILOBA ซุปไก่สกัดสารสกัดจากใบแป๊ะก๊วย โสม 30s (ส้ม) (ก.1ขวด), 322.00 
3426,BRAND IRON ซุปไก่สกัดผสมวิตามินบีคอมเพล็กซ์ และธาตุเหล็ก 60s (เขียว) (ก.1ขวด), 322.00 
8379,BRAND ซุปไก่สกัด 39ml (ก.1ขวด) (ขวด), 27.50 
101/5,BRILLIOR 25mg 4x14s (ก.4แผง), 607.00 
101/2,BRILLIOR 75mg 4x14s (ก.4แผง)," 1,519.00 "
1526/13,BRIXPAIN TABLET 50x10s (เม็ดส้มสี่เหลี่ยม) (ก.50แผง), 299.00 
3002/10,BROCOF-X 10x10s (ก.10แผง), 165.00 
3006/5,BROMCOLEX 1000s เม็ดเหลือง (กระปุก), 121.00 
3006/4,BROMCOLEX 100x10s (ก.100แผง), 207.00 
3006/3,BROMHEXINE ELIXIR 60ml (รสสตอเบอรี่) (ก.1ขวด), 15.50 
3007/10,BROMHEX TABLETS 8mg 1000s (เม็ดเหลือง) (กระปุก), 99.00 
3007/1,BROMHEX TABLETS 8mg 50x10s (เม็ดเหลือง) (ก.50แผง), 127.00 
2-791/2,BROMMY SYRUP 60ml (สตรอเบอรี่) (ก.1ขวด), 15.92 
2-793/2,BROMSIL SYRUP 60ml (เปลือย) (ขวด), 17.50 
1778,BROMSO ELIXIR 60ml (เปลีอย) (ขวด), 11.75 
7885/2,BRONAL SYRUP 120ml *มีโปรซื้อเยอะ (ก.1ขวด), 124.50 
7885/1,BRONAL SYRUP 60ml (ก.1ขวด), 82.25 
5130,BRONCET EXPECTORANT SF 60ml (สับปะรด) (ก.1ขวด), 22.60 
1779,BRONCHOLINE SYRUP 60ml (เปลือย) (ขวด), 9.50 
471,BRONCOLIX EXPECTORANT 60ml (ก.1ขวด), 12.33 
4282/11,BRONGO 40ml รสผลไม้รวม (ก.1ขวด), 65.00 
4056,BRONPECT-D TABLETS 50x10s (ก.50แผง), 540.00 
1958/1,BROWN MIXTURE 180ml GPO ยาแก้ไอน้ำดำ มีซื้อเยอะ (ก.1ขวด), 41.50 
1958/2,BROWN MIXTURE 450ml GPO ยาแก้ไอน้ำดำ มีซื้อเยอะ (ก.1ขวด), 88.00 
1958,BROWN MIXTURE 60ml GPO ยาแก้ไอน้ำดำ (ก.1ขวด), 21.25 
2700/2,BRUMED DROP 40mg/1ml 15ml (รสส้ม) *ใหม่39.50 (ก.1ขวด), 32.50 
2700/1,BRUMED-PL 60ml (เปลือยรสองุ่น) *ใหม่29.50 (ขวด), 24.00 
4411,BRUSOFT 400mg 6x10s เม็ดเจล (ก.6แผง), 250.00 
2-286,BRUSTAN 50x10s (ก.50แผง), 717.00 
1955,BRYGEL 240ml *ใหม่70.50 (ก.1ขวด), 60.00 
1954,BRYGEL 50x10s *ใหม่525.50 (ก.50แผง), 474.00 
4946,BRYVIRAX CREAM 5gm (ก.1หลอด), 15.00 
1461/1,BRYWOOD VAPERUB ตลับ5g *ใหม่19.75 (ตลับ), 14.50 
2269/2,B-SLIME 15ml (ขวด), 10.25 
2269/3,B-SLIME 30ml (ขวด), 16.25 
2-822,BUFENAC 25mg 100x10s (ก.100แผง), 194.00 
3243,BUFENAC FORTE 50mg 50x10s (ก.50แผง), 194.00 
262/1,BUFENAC GEL 30g (ก.1หลอด), 20.00 
711/2,BUFLEX 200mg 50x10s (ก.50แผง), 247.00 
713,BUFLEX 400 500s มีโปรซื้อเยอะ (กระปุก), 345.00 
712,BUFLEX 400 50x10s (ก.50แผง), 406.00 
710,BUFLEX 600 500s (กระปุก), 469.00 
711,BUFLEX 600mg 25x10s (ก.25แผง), 296.00 
2700,BUFLEX SYRUP 60ml (ก.1ขวด), 18.25 
2700/3,BUFLEX SYRUP 60ml เปลือย (ก.1ขวด), 15.25 
4288/1,BUKATEC 10mg 10x10s โปร6-31มีค69 ซื้อ10 ลด10บ (ก.10แผง), 38.00 
4672/1,BUNOFEN GPO 60ml (ขวด), 21.25 
76/1,BURAJEL A.M. 10x10s (ก.10แผง), 53.00 
2326/2,BURNOVA GEL 35g แผลไฟไหม้ น้ำร้อนลวก (ก.1หลอด), 46.50 
2326,BURNOVA GEL PLUS 25g (ก.1หลอด), 38.50 
2327,BURNOVA GEL PLUS 70g (ก.1หลอด), 76.00 
2326/1,BURNOVA GEL PLUS DRAGON BLOOD 20g (ก.1หลอด), 64.50 
237,BUSCOPAN 10x10s มีโปรซื้อเยอะ (ก.10แผง), 342.00 
982120/1,BUSOCORT 64mcg 6ml 120dose *ใหม่196.50 (ก.1ขวด), 162.00 
982120,BUSONASE 64mcg 6ml (ก.1ขวด), 127.00 
982120/3,BUSONINE-64 nasal spray 14ml (ก.1ขวด), 94.75 
202/7,BUZETIN 10x10s [บูรพา] (ก.10แผง), 50.00 
4945,B-W Lubricating Jelly 10g บี-ดับเบิ้ลยูเจลลี่ *ใหม่26บ (ก.1หลอด), 19.00 
17-ม.ค.,BYEBYE-FEVER ADULT 3x2p (ก.3ซอง), 69.50 
16/20,BYEBYE-FEVER CHILDREN 1x2s (ซอง), 70.00 
16-ม.ค.,BYEBYE-FEVER CHILDREN 3x2p (ก.3ซอง), 69.50 
9998/19,B-YOUNG ต้านอนุมูลอิสระ ชะลอความแก่ 100s [intervetta] (ขวด), 990.00 
414/2,CADEXCIN-N 4ml (ก.1ขวด), 20.00 
3714/1,caduet 5mg/10mg 28s (ก.28s)," 1,149.00 "
2016,CAFERGOT 1x10s (ก.1แผง), 57.00 
3439,CALAMINE LEOPARD BRAND 120ml (ขวด), 21.50 
3440,CALAMINE LEOPARD BRAND 60ml (ขวด), 15.00 
3440/2,Calamine Lotion 60ml GPO (ขวด), 28.50 
2244,CALAMINE SIRIBUNCHA 120ml (ขวด), 26.00 
2245,CALAMINE SIRIBUNCHA 60ml (ขวด), 16.25 
2140/2,CALCAP-1000 50x10s (ก.50แผง), 283.00 
2643/2,CALCI-D 1600mg 10x10s รสช็อกโกแลต เด็ก7ขวบขึ้นไปทานเพิ่มความสูง (ก.10ซอง), 60.50 
2140/10,CALCIFEROL CAPSULES 10x10s (ก.10แผง), 316.00 
1420500,CALCIUM 625 500s (เม็ดเหลือง-น้ำตาล) **ขายขาด (กระปุก), 190.00 
2140/9,CAL DHA BIO KIDDEE CHEWY TABLET รสช็อคโกแลต 12ซองx10s (ก.12ซอง), 261.00 
2140/8,CAL DHA BIO KIDDEE CHEWY TABLET รสวนิลา 12ซองx10s (ก.12ซอง), 261.00 
2748/21,CALLA PLUS 30s GOOD FOR ALL (ขวด), 198.00 
2140/11,CALLY500 เม็ดเคี้ยว 500mg 24x7s รสโกโก้ (calcium l-treonate) *ใหม่409บ (ก.24ซอง), 399.00 
2140/3,CAL-OS CHEW TABLET 500mg 30s (ก.1ขวด), 74.00 
2140/14,CAL PLUS Complex Vits เม็ดเคี้ยว 500mg 60s รสผลไม้รวม เจริญอาหาร (calcium l-treonate+VIT-B) (ขวด), 228.00 
2140/13,CAL PLUS DHA เม็ดเคี้ยว 500mg 60s รสโกโก้ (calcium l-treonate+DHA) (ขวด), 228.00 
2140/15,CAL PLUS VEGETABLE เม็ดเคี้ยว 500mg 60s (calcium l-treonate+FIBER) (ขวด), 228.00 
2140/16,CAL PLUS VITAMIN C เม็ดเคี้ยว 500mg 60s (calcium l-treonate+VIT-C) (ขวด), 228.00 
2140/17,CAL PLUS YOGURT เม็ดเคี้ยว 500mg 60s ขับถ่าย (calcium l-treonate) (ขวด), 228.00 
2140/5,CALTAB 1500 10x10s (ก.10แผง), 118.50 
2140,CALTAB WITH VITAMIN D 30s (ก.1ขวด), 47.00 
2956,CALTRATE 600mg 60s มีโปรซื้อเยอะ (ก.1ขวด), 234.40 
3155,CALTRATE PLUS 120s มีโปรซื้อเยอะ (ก.1ขวด), 536.50 
2643/1,CALTRATE PLUS 30s มีโปรซื้อเยอะ (ก.1ขวด), 174.00 
2643,CALTRATE PLUS 60s มีซื้อเยอะ (ก.1ขวด), 304.00 
3154,CALTRATE SILVER 50+ 120s มีโปรซื้อเยอะ (ก.1ขวด), 585.00 
2644,CALTRATE SILVER 50+ 60s มีโปรซื้อเยอะ (ก.1ขวด), 342.00 
2644/7,CALTRATE SILVER 50+ 7s (ขวด), 100.00 
2968/2,CAL-UPS D 60s (ขวด), 74.00 
2968/1,CAL-UPS JOIN 60s (ก.1ขวด), 137.00 
4233,CALVIN PLUS D500 60s (ก.1ขวด), 143.50 
2164/1,CAMBIC 7.5mg 10x10s (ก.10แผง), 176.00 
07857/16,CAMIL BEE MOUTH SPRAY 20ml SF คามิลล์ บี (ก.1ขวด), 72.00 
07857/14,CAMIL KIZ MOUTH SPRAY 20ml (ก.1ขวด), 72.00 
608/8,CAMOXTIN 457mg 70ml รสสับปะรด (ก.1ขวด), 124.00 
1244/2,CANAMED HK 2x6s (ก.2แผง), 12.50 
255/1,CANASONE 0.5g 1s VT (ก.1เม็ด), 60.00 
4454/3,CANASONE 10g (ก.1หลอด), 39.00 
4454,CANASONE C.B. 15g (ก.1หลอด), 44.34 
4454/25,CANASONE C.B. 25g (ก.1หลอด), 68.00 
4453,CANASONE C.B. 5g (ก.1หลอด), 21.00 
2199,CANAZOL-BE CREAM 15g (ก.1หลอด), 38.00 
2198,CANAZOL-BE CREAM 5g (ก.1หลอด), 18.25 
2528,CANAZOL VAGINAL TABLETS 100mg 1x6s (เหลือง) (ก.1แผง), 25.50 
3244,CANDEX CREAM 15g (ก.1หลอด), 26.75 
867,CANDEX CREAM 5g (ก.1หลอด), 14.00 
867/1,CANDEX-PLUS 5g (ก.1หลอด), 15.25 
2530,CANDID EAR DROPS 15ml (ก.1ขวด), 66.00 
2530/1,CANDID-V3 VT 200 mg (ก.3เม็ด), 23.50 
3314,CANDINOX 100mg 1x6s (ก.6เม็ด), 15.45 
3313,CANDINOX 500mg 1s (ก.1เม็ด), 15.45 
3313/1,CANDINOX 500mg 1s มีไม้ (ก.1เม็ด), 22.50 
2531,CANDIX 15ml (หยอดเล็บ) มีโปรซื้อเยอะ (ก.1ขวด), 18.50 
96181,Canesbalance Gel 7x5ml [Bayer] (กล่อง), 281.00 
256,CANESTEN ANTIFUNGAL CREAM 10g (ก.1หลอด), 82.00 
257,CANESTEN ANTIFUNGAL CREAM 20g (ก.1หลอด), 140.75 
259/15,CANESTEN O.D. ANTIFUNGAL CREAM 15g (ก.1หลอด), 153.00 
259/5,CANESTEN O.D. ANTIFUNGAL CREAM 5g (ก.1หลอด), 82.50 
255,CANESTEN VT 0.5g 1s (ก.1เม็ด), 167.00 
258,CANESTEN VT 100g 6s (ก.6เม็ด), 155.00 
1684,CANTON เขียว ผ้าก๊อซแคนตัน 2นิ้วx2นิ้ว (ก.10ซอง), 31.00 
1685,CANTON เขียว ผ้าก๊อซแคนตัน 3นิ้วx3นิ้ว (ก.10ซอง), 53.75 
2009,CANTON เขียว ผ้าก๊อซแคนตัน 4นิ้วx4นิ้ว (ก.10ซอง), 79.00 
1685/2,CANTON น้ำเงิน ผ้าก๊อซ 3นิ้วx3นิ้ว (กล่อง), 59.00 
2009/2,CANTON น้ำเงิน ผ้าก๊อซ 4นิ้วx4นิ้ว (กล่อง), 87.00 
9998/50,CANVIROL 170MG 30s เพิ่มการทำงานเม็ดเลือดขาว (ขวด), 575.00 
9998/51,CANVIROL 850MG 30s เพิ่มการทำงานเม็ดเลือดขาว (ขวด)," 1,450.00 "
2329,CAPIROX-20mg 1x10s (ก.1แผง), 18.25 
08033/10,CAPPLAICIN GEL 30g (ก.1หลอด), 71.00 
8033,CAPSIKA-25 GEL 0.025% 100g (ก.1หลอด), 132.00 
7833,CAPSIKA-25 GEL 0.025% 35g สีแดง (ก.1หลอด), 66.00 
7833/4,CAPSIKA GEL 0.0125% 100g (ก.1หลอด), 97.00 
7833/3,CAPSIKA GEL 0.0125% 15g (ก.1หลอด), 40.00 
7833/1,CAPSIKA GEL 0.0125% 35g (ก.1หลอด), 54.00 
2605/12,CARATEN 12.5 10x10s (ก.10แผง), 669.00 
2605/25,CARATEN 25mg 10x10s (ก.10แผง), 866.00 
2605,CARATEN 6.25mg 10x10s (ก.10แผง), 575.00 
3917/2,CARBOCYS TABLET 50x10s (ก.50แผง), 450.00 
1795/2,CARBOMED 250mg/5ml 60ml แกะ (ก.1ขวด), 17.50 
261,CARBO-MINT 1000s ถ่านกัมมันต์ คาร์โบมินต์ (กระปุก), 282.00 
787/3,CARBOTIN CAPSULE 500mg 20x10s (ก.20แผง), 416.00 
1814,CARDENOL10 1000s (กระปุก), 103.00 
9998/18,Cardi-B บำรุงหัวใจ 100s [intervetta] (ขวด)," 1,250.00 "
2-990/2,CARDIPLOT 10mg 10x10s (ก.10แผง), 291.00 
2998/2,CARDIPLOT 20mg 10x10s (ก.10แผง), 387.75 
4172/1,CARDOXA 2mg 10x10s (ก.10แผง), 94.25 
4215,CARDURA XL 3x10s (ก.3แผง), 675.00 
634/2,CARINOSE TABLET 10x10s [ชุมชน] (ก.10แผง), 90.00 
1367/10,CARIPORE CLEAR TRANSPORE 4นิ้วx10หลาx3ม้วน (ก.3ม้วน), 320.00 
819,CATAFLAM 50mg 2x10s (ก.2แผง), 164.00 
2-128/1,CATALIN EYE DROP 15ml (ก.1ขวด), 128.25 
708/1,CATANAC 50mg 25x10s **ขายขาด *ใหม่349บ (ก.25แผง), 267.00 
3301,CATHERINE ก เขียว32ซอง (เก็กฮวย) (กล่อง), 86.00 
3693/5,CAVILON CLEANSER SPRAY 236ml (ขวด), 439.00 
3693/1,CAVILON DURABLE BARRIER CREAM 28g (ก.1หลอด), 256.25 
3693/2,CAVILON DURABLE BARRIER CREAM 92g (ก.1หลอด), 559.00 
3693/4,CAVILON FILM SPRAY 28ml (ก.1ขวด), 654.00 
513-2/1,CAVUMOX 1000mg 5x3s (ก.5แผง), 161.00 
513-2,CAVUMOX SYRUP 156mg 60ml (ก.1ขวด), 83.00 
2975,CB-400 1x1s (ก.1แผง), 5.10 
2975/1,CB-400 1x3s (ก.3เม็ด), 10.50 
2975/2,CB-400 1x6s (ก.6เม็ด), 19.50 
269,CDR FORTOS 10s (ก.1หลอด), 122.00 
268,CDR ORANGE 15s (ก.1หลอด), 116.50 
267,CDR ORANGE 2x15s (ก.2หลอด), 204.00 
655/2,CEE-1000mg 100s (ก.1ขวด), 180.00 
655/6,CEE-1000mg SWEETLETS 3x10s (ก.3แผง) (ก.3แผง), 83.50 
655/96,CEE-500mg SWEETLETS รสสับปะรด 1x10x10s (ก.10ซอง) (ก.10ซอง), 270.00 
1783/1,CEFEN 400L 1000s (เม็ดขาวยาว)**ขายขาด (กระปุก), 435.00 
2307/1,CEFEN 400P 1000s (เม็ดชมพู) **ใหม่454บ (กระปุก), 352.00 
9127050,CEFEN 400P 50x10s (เม็ดชมพู) *ใหม่330บ (ก.50แผง), 255.00 
2307,CEFEN 400Y 1000s (เหลืองยาว) *ใหม่448บ (กระปุก), 362.00 
9127050/1,CEFEN 600 50x10s เม็ดชมพูรี (ibuprofen) **ขายขาด (ก.50แผง), 493.00 
4319/2,CEFSPAN 100mg/5ml 30ml (ก.1ขวด), 205.00 
99501/3,CEFTREX INJECTION 1vial+sw10ml (ก.1ชุด), 38.50 
99501/2,CEFUROXIME [BLC] 250mg 10x10s (ก.10แผง), 864.00 
99501/1,CEFUROXIME [BLC] 500mg 10x10s (ก.10แผง)," 1,436.50 "
2-608/4,CELCOX 200mg 1x10s (ก.1แผง), 42.00 
2-608,CELEBREX 200mg 10s (เปลือย) (แผง), 230.00 
2-608/10,CELEBREX 200mg 1x10s มีกล่อง (ก.1แผง), 232.00 
2-608/15,CELEBREX 200mg 1x5s กล่องเดี่ยว (celecoxib) บ หมด (ก.5เม็ด), 117.00 
2609,CELEBREX 400mg 10s (เปลือย) (แผง), 395.00 
2-609/4,CELEBREX 400mg 1x10s กล่องเดี่ยว (ก.1แผง), 366.00 
2-608/14,CELEBREX 400mg 1x5s กล่องเดี่ยว (celecoxib) (ก.5เม็ด), 192.50 
2-608/5,CELECOXIB TO 200mg 1x10s (ก.1แผง), 41.00 
902500,CELIMOX 500mg25x10s (เม็ดชมพู-ขาว) มีโปรซื้อเยอะ (ก.25แผง), 239.00 
3676,CELLUFRESH LUBRICANT EYE DROPS 30หลอดx0.4ml (ก.30หลอด), 259.00 
2-608/12,CELXIB 200mg 10x10s (ก.10แผง), 457.00 
2-608/11,CELXIB 200mg 1x10s กล่องเดี่ยว มีโปรซื้อเยอะ (ก.1แผง), 46.75 
2-608/13,CELXIB 400mg 1x10s กล่องเดี่ยว มีโปรซื้อเยอะ (ก.1แผง), 88.00 
2458,CEMOL 50x10s เม็ดกลม (ก.50แผง), 152.00 
2458/10,CEMOL 50x10s เม็ดขาวยาว (ก.50แผง), 152.00 
859,CEMOL กระปุก1000s (ขาว) (กระปุก), 282.00 
859/10,CEMOL กระปุก1000s (ฟ้า-ขาว) (กระปุก), 292.00 
2459,CEMOL ขวด100s (ขาว) (ขวด), 27.25 
2459-1,CEMOL ขวด100s (ฟ้า-ขาว) (ขวด), 28.25 
91250,CEMOL ขวด50s (ขาว) มีโปรซื้อเยอะ (ขวด), 14.50 
1783/2,CENBUFEN 400 1000s (เม็ดรีฟ้า) **ขายขาด *ใหม่438บ (กระปุก), 353.00 
5128,CENCOPAN S 50x10s**ขายขาด (ก.50แผง), 509.00 
2060,CENTELLA CREAM ครีมบัวบก 10g (ก.1หลอด), 24.00 
1375,CENTRUM BETA 100s (ก.1ขวด), 665.00 
1374,CENTRUM BETA เซนทรัม นิว 30s (ก.1ขวด), 220.50 
1379,CENTRUM SILVER 50+ 30s (ก.1ขวด), 275.00 
1380,CENTRUM SILVER 50+ 90s (ก.1ขวด), 746.00 
1374/5,CENTRUM STRESSTABS IRON 30s แดง มีโปรซื้อเยอะ (ก.1ขวด), 216.00 
1374/6,CENTRUM STRESSTABS IRON 60s แดง มีโปรซื้อเยอะ (ก.1ขวด), 384.00 
1374/3,CENTRUM STRESSTABS Zinc 30s น้ำเงิน (ก.1ขวด), 213.50 
1374/4,CENTRUM STRESSTABS Zinc 60s น้ำเงิน มีโปรซื้อเยอะ (ก.1ขวด), 384.00 
30325,CEPHADOL 25mg 20x10s มีโปรซื้อเยอะ (ก.20แผง), 373.00 
678/4,CEPHALEXIN 500mg เจ็ดดาว 50x10s ส้ม-เทา (ก.50แผง)," 1,450.00 "
512-1/11,CEPHALEXIN-500 (ส้ม-เทา) 500s (กระปุก)," 1,350.00 "
2583/10,CeraVe Blemish Control Cleanser 236ml (ขวด), 362.00 
2583/14,CERAVE CREAM-to-FOAM Cleanser 100ml (หลอด), 211.00 
2583/5,CERAVE DAILY MOISTURE LOTION 16OZ (473ml) (ขวด), 462.00 
2583/6,CERAVE DAILY MOISTURE LOTION 3OZ (88ml) (ขวด), 185.00 
2583/35,CERAVE DRY TOUCH FLUID SUN SCREEN 50 ml SPF50 PA++++ เขียว ผิวมัน (ก.1หลอด), 569.00 
2583/9,CERAVE FACIAL MOISTURISING LOTION 52ml (PM) (ก.1หลอด), 443.00 
2583/21,CERAVE FACIAL MOISTURISING LOTION SPF50 52ml (ก.1หลอด), 435.00 
2583/23,CERAVE FOAMING CLEANSER 16OZ (473ml) (ขวด), 503.00 
2583/3,CERAVE FOAMING CLEANSER 3OZ (88ml) (ขวด), 185.00 
2583/4,CERAVE FOAMING CLEANSER 8OZ (236ml) (ขวด), 345.00 
2583/47,CERAVE HYDRATANT SUN SCREEN SPF50+ 177 ml ผิวกาย (หลอด), 630.00 
2583/46,CERAVE HYDRATANT SUN SCREEN SPF50+ 75 ml ผิวกาย (หลอด), 375.00 
2583/22,CERAVE HYDRATING CLEANSER 16OZ (473ml) (ขวด), 425.00 
2583/1,CERAVE HYDRATING CLEANSER 3OZ (88ml) (ขวด), 140.00 
2583/2,CERAVE HYDRATING CLEANSER 8OZ (236ml) (ขวด), 305.00 
2583/24,CERAVE HYDRATING CREAM-TO-FOAM CLEANSER 473ml (ขวด), 545.00 
2583/45,CERAVE HYDRATING FLUID SUN SCREEN 50 ml SPF50 PA++++ ฟ้า ผิวธรรมดา (ก.1หลอด), 569.00 
2583/50,CERAVE HYDRATING HA WATER GEL 48ML (กระปุก), 475.00 
2583/27,CERAVE INTENSIVE MOISTURISING LOTION 236ml HYDRO-UREA5% (ขวด), 440.00 
2583/26,CERAVE INTENSIVE MOISTURISING LOTION 3OZ (88ml) urea5% (ขวด), 249.00 
2583/28,CERAVE INTENSIVE MOISTURISING LOTION 473ml HYDRO-UREA5% (ขวด), 638.00 
2583/16,CERAVE MICELLAR CLEANSING WATER 295ml (ขวด), 399.00 
2583/7,CERAVE MOISTURISING CREAM 1.69OZ (50ml) (หลอด), 144.00 
2583/8,CERAVE MOISTURISING CREAM 16OZ (454g) (กระปุก), 572.00 
2583/19,CERAVE OIL CONTROL MOISTURISING Gel-CREAM 52ml (ก.1หลอด), 437.00 
1249/1,CERAVE RETINOL SERUM 30ml (ก.1หลอด), 507.00 
2583/11,CERAVE SA SMOOTHING CLEANSER 236ml (ขวด), 364.00 
2583/12,CERAVE SA SMOOTHING CLEANSER 473ml (ขวด), 527.00 
2583/20,CERAVE SA SMOOTHING CLEANSER 88ml (ขวด), 185.00 
2583/15,CERAVE SKIN RENEWING VITAMIN C SERUM 30ml (ก.1หลอด), 632.00 
2686/3,CEREMIN 100x10s (cinnarizine) (ก.100แผง), 278.00 
2189/25,CERTAINTY BODY CLEANSING SPRAY 350ml ทำความสะอาดไม่ต้องล้างออก (ขวด), 212.00 
12401,CESOLINE W 25mg 10s (แผง), 12.00 
1300/98,CETAPHIL 118ml 4oz (ขวด), 158.50 
1299,CETAPHIL 250ml (ขวด), 278.75 
1298/3,CETAPHIL 473ml ขวดปั้ม (ขวด), 430.00 
1298,CETAPHIL 500ml ขวดปั้ม (ขวด), 430.00 
1299/1,CETAPHIL MOISTURIZING CREAM 100G (ก.1หลอด), 170.50 
1299/2,CETAPHIL MOISTURIZING CREAM 50G (ก.1หลอด), 128.50 
4288/5,CETIRIZINE TABLET 50x10s [medic] (ก.50แผง), 147.00 
1535/5,CETIZAL 5mg 10x10s (ก.10แผง), 485.00 
1535/9,CETIZAL 5mg 1x10s (ก.1แผง), 48.00 
4288,CETRIZIN 50x10s (ก.50แผง), 249.00 
1289,CETRIZIN SYRUP 60ml (เปลีอย) (ขวด), 12.00 
4288/2,CETTEC 10mg 10x10s (ก.10แผง), 69.00 
2606,CETTEC SYRUP 100ml *ใหม่32บ (ก.1ขวด), 20.50 
1543/1,CEZA SYRUP 60ml (ก.1ขวด), 34.75 
2377/4,C-FORCE 1000mg 100s (ก.1ขวด), 290.00 
2377/2,C-FORCE 1000mg 30s (ก.1ขวด), 114.00 
2377/5,C-FORCE 1000mg 6x10s (กล่อง), 207.00 
2-174,CHALKCAP-1000 10x10s *ใหม่ 195 (ก.10แผง), 175.00 
2002/2,CHILDREN PROTEMP SUPPO 120mg CHLIDREN 1x12s *ใหม่96บ (ก.12แท่ง), 80.00 
1409,CHILDREN S TYLENOL 160mg 60ml (เชอรี่) (ก.1ขวด), 59.75 
2859/2,CHLOPHE CPM 2mg 50x10s (ก.50แผง), 113.00 
1985/1,CHLORAM OINTMENT 15g (ก.1หลอด), 10.25 
2859/5,CHLORPHE CPM AU 50x10s (ก.50แผง), 45.00 
289,CHLORPHENIRAMINE CPM 1000s ไข่ปลา AU (กระปุก), 156.00 
287,CHLORPHENIRAMINE CPM AU 4mg 1000s (กระปุก), 32.00 
3266/1,CHLORPHENIRAMINE INJECTION 50x10x1ml GPO (ก.50หลอด), 320.00 
3266/2,CHLORPHENIRAMINE INJECTION 50x1ml CPMฉีด (ก.50หลอด), 179.00 
2859/1,CHLORPHENIRAMINE MALEATE CPM 10x10s (ก.10แผง), 45.75 
287/2,CHLORPHENIRAMINE MALEATE CPM TMAN 4mg 1000s เม็ดจุด (กระปุก), 108.00 
1771-1/3,CHLORPHENIRAMINE SYRUP 60ml (เปลือย) เอเชี่ยน (CPM) (ขวด), 12.50 
1771-1/4,CHLORPHENIRAMINE SYRUP 60ml เอเชี่ยน (CPM) (ก.1ขวด), 14.25 
2859,CHLORPHEN-Y TABLETS CPM 100s (ขวด), 6.60 
291,CHLOR-PYRAD 15g (ก.1หลอด), 13.75 
2789,CHLOVAS-20mg 3x10s (ก.3แผง), 231.00 
2790,CHLOVAS-40mg 3x10s (ก.3แผง), 244.00 
2790/2,CHLOVAS-ZIS40mg 3x10s (ก.3แผง), 244.00 
1770,CHRONOL 25x4s (ก.25แผง), 237.00 
58/5,CICA-CARE 12x3cm SILICONE GEL SHEET ซิลิโคนเจล 12x3cm (ก.1ชิ้น), 618.00 
58/6,CICA-CARE 12x6cm SILICONE GEL SHEET ซิลิโคนเจล 12x6cm (ก.1ชิ้น)," 1,157.00 "
1794/6,CICOUGH 100mg/5ml 60ml (รสสละ) (ก.1ขวด), 29.50 
1531/3,CIFLOXIN 500mg 1x10s (ก.1แผง), 63.50 
1846,CINNARIZINE 1000s (กระปุก), 188.00 
1846/1,CINNARIZINE 100x10s (ก.100แผง), 203.00 
1531/1,CIPFLOCIN 500mg FILM COATED TABLETS 1x10s (ก.1แผง), 21.00 
4220,CIPROCEP 500mg 10x10s (ก.10แผง), 154.00 
30615,CIRCADIN 2mg PROLONGED-RELEASE TABLETS 1x15s (ก.1แผง), 425.00 
3918,CISTEINE 100mg 60ml กล่องฟ้า (เชอรี่) (ขวด), 32.50 
3919,CISTEINE 250mg 60ml กล่องแดง (เชอรี่) (ก.1ขวด), 36.00 
3917,CISTEINE 375mg 1x12s (ก.1แผง), 27.67 
787/2,CISTEINE 500mg 1x10s (ก.1แผง), 38.75 
5509/2,CKM สูตรเย็น ยาเจลบรรเทาอาการปวดเมื่อย 1x12ซอง0.8ก (ก.12ซอง), 119.25 
5509/1,CKM สูตรร้อน ยาเจลบรรเทาอาการปวดเมื่อย 1x12ซอง0.8ก (ก.12ซอง), 119.25 
40092/11,CLACINA 5x14s GPO มีโปรซื้อเยอะ (ก.70เม็ด), 925.00 
3026/4,CLALERGY 50x10s (ก.50แผง), 233.00 
2017/1,CLARET CALCIUM L-Threonate (ส้ม) 30s (ขวด), 112.00 
2017/17,CLARET DATE PALM GLUTAMINE ช่วยนอนหลับ คลายเครียด (ม่วง) 30s (ขวด), 99.50 
2017/11,CLARET FISH OIL SOFT GEL 1200mg (ฟ้า-ทอง) 30s (ขวด), 95.00 
2017/2,CLARET L-GLUTATHIONE (ชมพู) 30s (ขวด), 119.00 
2017/8,CLARET VITAMIN B PLUS (น้ำเงิน-ทอง) 60s (ขวด), 108.00 
2017/4,CLARET ZINC PLUS (เงิน-เขียว) 45s (ขวด), 105.00 
19831/2,Claricare 100ml bayer ISOTONIC sea water spray คาริแคร์ (ก.1ขวด), 168.00 
19831/4,Clariclear nasal spray 15ml [oxymetazoline0.05%] (ก.1ขวด), 123.00 
3026/3,CLARID 1x10s (ก.1แผง), 11.00 
634,CLARITYNE 1x10s (ก.1แผง), 129.00 
1326/2,CLARIUS 0.5mg SYRUP 60ml คลาเรียส ไซรัป (ก.1ขวด), 65.00 
1326/10,CLARIUS 10x10s 0.5mg คลาเรียส เม็ดกลมฟ้า แผงอลู-อลู (ก.10แผง), 365.00 
1326/3,CLARIUS 1x10s 0.5mg คลาเรียส เม็ดกลมฟ้า แผงอลู-อลู (ก.1แผง), 40.00 
40092/12,CLARON 500mg 1x10s เม็ดรีเหลือง (ก.1แผง), 178.00 
634/3,CLATIDYNE-O 50x10s เม็ดกลมส้ม (ก.50แผง), 296.00 
654/19,Clavamox Drop (Amoxicillin+Clavulanate) 15ml (ก.1ขวด), 154.00 
4333/3,CLAVICO 1000mg 2x10s (ก.2แผง), 178.00 
4333/4,Clavico-156 DRY [KRESS] (ก.1ขวด), 65.00 
4333/6,Clavico-457 DRY [KRESS] (ก.1ขวด), 143.00 
4333/15,Clavico AMK [KRESS] 1000mg แบบกล่อง50x10s (ก.50แผง)," 4,155.00 "
4333/7,Clavico AMK [KRESS] 375mg 2x10s (ก.2แผง), 114.25 
3555/5,CLENA Acne Face Wash 50ml (หลอด), 64.50 
3818/7,CLENA EX ANTI MELASMA 15g ชมพู (ก.1หลอด), 129.25 
3818/22,CLENA EX ULTRA ANTI MELASMA 15g (ก.1หลอด), 143.00 
7781/1,CLENASCAR ACNE CLEAR BODY SPRAY 50ml (ก.1ขวด), 77.50 
3555/4,Clenascar Acne Face Wash 50ml (หลอด), 64.00 
2491/3,CLENASCAR ACNE SPOT GEL 7g เขียว (ก.1หลอด), 64.75 
3555/1,CLENASCAR AURA CUSHION FOAM 50g (หลอด), 57.75 
3818/15,CLENASCAR C 7g ขาวคาดส้ม (ก.1หลอด), 137.00 
3818/16,CLENASCAR C GEL 15g ขาว-ส้ม (ก.1หลอด), 278.25 
3818/4,CLENASCAR GEL 15g น้ำเงิน (ก.1หลอด), 135.50 
3818/6,CLENASCAR GEL 7g น้ำเงิน (ก.1หลอด), 68.50 
2491/2,CLENASCAR POST ACNE GEL 7g ม่วง บ.ขาด (กล่อง), 59.00 
3818/12,CLENASCAR SENSICARE CREAM 20g (ก.1หลอด), 129.50 
1501/5,CLENS 100 LENS DROPS (ก.1ขวด), 117.00 
600111,CLINDA GPO 150mg 10x10s มีโปรซื้อเยอะ (ก.100เม็ด), 250.00 
3858/7,CLINDA GPO 300mg 10x10s มีโปรซื้อเยอะ (ก.100เม็ด), 311.00 
2-201,CLINDALIN GEL 5g (ก.1หลอด), 34.00 
2-275,CLINDA-M 15ml มีโปรซื้อเยอะ (หลอด), 42.25 
3858/4,CLINDAMAN-300 10x10s (ก.10แผง), 333.00 
2-275/2,CLINDAMAN LOTION 15ml (ก.1หลอด), 19.75 
2-201/3,CLINDAMYCIN GEL 5g (ก.1หลอด), 22.00 
3858/6,CLINDASTAR 300mg 10x10s (ก.10แผง), 279.00 
3858/3,CLINDA-VC 300mg 10x10s (ก.10แผง), 266.00 
1090/1,CLINDA-VC inj ฉีด (ก.1ขวด), 26.50 
3858,CLINDAVID-300 10x10s (ก.10แผง), 271.00 
4298/1,CLINIBLU 50x10s (เม็ดสีเขียว) (ก.50แผง), 719.00 
4672,CLINIBLU SUSPENSION 60ml (ก.1ขวด), 32.25 
3002/5,CLINICOF (10x1x10s) (ก.10แผง), 148.00 
3002/3,CLINICOF 50x10s (ก.50แผง), 590.00 
2013/1,CLINICOLD 10x10s (ก.10แผง), 145.75 
2013/50,CLINICOLD 50x10s (ก.50แผง), 589.00 
2-823/2,CLINICOLD SYRUP 120ml (ก.1ขวด), 39.00 
2-823/1,CLINICOLD SYRUP 60ml (ก.1ขวด), 23.50 
753/1,CLINIGEL Lubricating Jelly 50g (ก.1หลอด), 35.00 
2-823/5,CLINIPECT SYRUP 250mg/60ml (ก.1ขวด), 44.00 
839/15,CLINIVATE CREAM 15g (ก.1หลอด), 24.25 
4055/5,CLINIVATE CREAM 5g (ก.1หลอด), 12.25 
839,CLINIVATE-N CREAM 15g (ก.1หลอด), 29.25 
839/35,CLINIVATE-N CREAM 35g (ก.1หลอด), 58.50 
4055,CLINIVATE-N CREAM 5g (ก.1หลอด), 14.75 
3891,CLINODERM CREAM 15g (ก.1หลอด), 39.00 
3891/35,CLINODERM CREAM 35g (ก.1หลอด), 77.75 
4058,CLINODERM CREAM 5g (ก.1หลอด), 20.00 
2688/1,CLINOVIR 200mg 5x5s (ก.5แผง), 59.00 
2687/1,CLINOVIR 400mg 5x5s (ก.5แผง), 119.00 
2-980/1,CLINOVIR-800 7x5s (ก.7แผง), 209.00 
3384/3,CLINOVIR CREAM 5g (ก.1หลอด), 29.25 
403/9,CLOBETATE CREAM 15g (ก.1หลอด), 33.50 
403/10,CLOBETATE SCALP 30ml (ก.1ขวด), 40.25 
3-008,CLOBET CREAM 10g (ก.1หลอด), 32.50 
3-0010,CLOBET CREAM 15g (ก.1หลอด), 47.00 
3-0011,CLOBET CREAM 30g (ก.1หลอด), 91.50 
3-009,CLOBET CREAM 5g (ก.1หลอด), 22.75 
2529/1,CLOMAZ-FORTE 500mg 1s ยาสอด (ก.1เม็ด), 13.00 
2177,Clonovate Cream TO 450g (กระปุก), 280.00 
07866/4,CLOPIDOGREL GPO 75mg 10x10s มีโปรซื้อเยอะ (ก.10แผง), 248.00 
07866/1,CLOPIDOGREL SANDOZ 75mg 2x14s (ก.2แผง), 489.00 
717/1,CLOPIROX SOLUTION 15ml (ก.1ขวด), 74.00 
403/7,CLOSONE CREAM 25g (ก.1หลอด), 58.00 
403/3,CLOTASOL 15g (ก.1หลอด), 27.00 
403/2,CLOTASOL 5g (ก.1หลอด), 14.00 
2199/1,CLOTRIBET-D CREAM 15g (ก.1หลอด), 20.50 
433,CLOTRIDERM CREAM 20g ซื้อเยอะ (ก.1หลอด), 15.75 
432,CLOTRIDERM CREAM 5g (ก.1หลอด), 8.50 
2531/1,CLOTRIMED LOTION 13ml (หยอดเล็บ) มีโปรซื้อเยอะ (ก.1ขวด), 18.00 
3959,CLOTRIN-B 15g *ใหม่25.50บ (ก.1หลอด), 21.25 
4091/4,CLOVER HEBS 60ml ยาแก้ไอ โคลเวอร์ เฮบ (ก.1ขวด) (ก.1ขวด), 15.50 
1551/1,CLOVIN CREAM 5g (ก.1หลอด), 13.00 
2687/2,CLOVIRAX 400mg 7x10s (เม็ดชมพูอ่อน) (ก.7แผง), 165.00 
813/1,CLOX 500 500s (กระปุก), 665.00 
813/2,CLOX 500 50x10s (ดำ-ส้ม) (ก.50แผง), 677.00 
2273,CLOXA T.O. DRY FORTE 250 (เปลือย) (ขวด), 21.50 
513/3,COAMOX 125 DRY SYRUP 60ml (รสสตอเบอรี่) [ชุมชน] (ก.1ขวด), 23.25 
513/1,COAMOX 125 ORANGE 60ml (รสส้ม) [ชุมชน] (ก.1ขวด), 23.50 
513/4,COAMOX 250 ORANGE 60ml (รสส้ม) [ชุมชน] (ก.1ขวด), 37.25 
1690/1,COBAN สีเนื้อ เทปพันยืดหยุ่นได้ 2นิ้วx5หลา 3M (ก.1ม้วน), 82.00 
454/11,CO-DIOVAN 160mg/12.5 2x14s (ก.2แผง), 771.00 
454/10,CO-DIOVAN 80mg/12.5 2x14s (ก.2แผง), 618.00 
3907/3,CODIPHEN 50mg 1x10s [ชุมชน] (ก.1แผง), 25.00 
3006/10,COHEXINE 50x10s [ชุมชน] (ก.50แผง), 204.00 
4793,COHISTA 1000s (เขียว-เหลือง) (กระปุก), 285.00 
4794,COHISTA 1000s (แดง-เหลือง) (กระปุก), 285.00 
4796,COHISTA 1000s (เทา-ขาว) (กระปุก), 285.00 
4795,COHISTA 1000s (ฟ้า-เหลือง) (กระปุก), 323.00 
4333/1,COKLAV 1000mg 1x10s [ชุมชน] (ก.1แผง), 80.00 
608/3,COKLAV 312 DRY SYRUP 60ml [ชุมชน] (ก.1ขวด), 98.00 
2-841,COLATUS 60ml (ก.1ขวด), 24.00 
3767/1,COLAXIN-O SUSPENSION 125mg 60cc ขวดเปลือย รสส้ม (ก.1ขวด), 27.50 
3767/2,COLAXIN-PL SUSPENSION 250mg 60cc (เปลือยรสองุ่น) *ใหม่56บ (ก.1ขวด), 46.00 
317,COLCHICINE 0.6mg 10x10s (ก.10แผง), 452.00 
1787/1,COLCINE 50x10s (ก.50แผง), 758.00 
320/7,COLD HOT PACK [3M] HAPPY KIDS (ก.2ชิ้น) (ก.2ชิ้น), 159.00 
320,COLD HOT PACK [3M] MINI เด็ก (S 12.0x10.5cm) (ก.1ชิ้น), 67.00 
319,COLD HOT PACK [3M] ผู้ใหญ่ SIZE M 11x26ซม (ก.1ชิ้น), 130.00 
323,COLD HOT PACK [T.CARE] A1 MINI มินิ 8x14 คูลฮอด ทีเเคร์ (มินิ) ลัง36 (กล่อง) (กล่อง), 49.00 
322,COLD HOT PACK [T-CARE] A2 SMALL เล็ก 13x14 (ลัง24ชิ้น) คูลฮอด ทีแคร์ (ก.1ชิ้น), 56.50 
318,COLD HOT PACK [T.CARE] A3 ใหญ่ 11x26 คูลฮอด ทีแคร์ (ก.1ชิ้น) (ก.1ชิ้น), 82.25 
4416,COLLAGEN Coffee Nature gift (ชมพู) 180บ คอลลาเจนคอฟฟี่เนเจอร์กิ๊ฟ มีซื้อเยอะ (ก.10ซอง), 107.50 
3595,COLOFAC 135mg 50s (ก.5แผง), 417.50 
3595/1,COLOFAC RETARD 200mg 3x10s (ก.3แผง), 489.50 
2794/2,COLPERMIN 10x10s (ก.10แผง), 812.00 
326,COMBIZYM 10x10s (ก.10แผง), 710.00 
330,CON CON 15ml (ก.1ขวด), 39.50 
292,CONCOR 2.5mg 10x10s **ใหม่68 (แผง), 61.50 
ก.พ.-93,CONCOR 5mg แผง10s **ใหม่92บ (แผง), 83.50 
2-93/3,CONCOR AM 5mg/10mg 3x10s (ก.3แผง), 326.00 
2-93/1,CONCOR AM 5mg/5mg 3x10s (ก.3แผง), 303.00 
3006/22,CONHEXINE 60ml *ใหม่21.25 (ก.1ขวด), 19.00 
540/5,CONOVATE-N CREAM 15g [ชุมชน] (ก.1หลอด), 33.00 
4303/1,CONTROLOC 20mg 14s (ก.1แผง), 619.00 
4303,CONTROLOC 40mg 14s**ใหม่820 (ก.1แผง), 816.00 
3693/6,CONVATEC ESENTA adhesive remove spray 50ml (ขวด), 292.00 
654/25,Convenia inj Cefovecin Sodium ยาฉีด 10ml (ก.1ขวด)," 5,320.00 "
654/24,Convenia inj Cefovecin Sodium ยาฉีด 4ml (ก.1ขวด)," 2,650.00 "
3900/13,CONY COOLING TOWEL 3ผืน ผ้าเช็ดตัวลดไข้ผสมสมุนไพร (ก.3แผ่น), 98.00 
4308,COOL BABY 3x2p เด็กอ่อน0-24เดือน (ก.3ซอง), 57.00 
4308/3,COOL BABY กล่อง6ซองx2p เด็กอ่อน0-24เดือน คูล-เบบี้ (ก.6ซอง), 101.50 
4309,COOL KIDS 3x2p เด็ก2ปีขึ้นไป มีโปรซื้อเยอะ (ก.3ซอง), 57.00 
4309/1,COOL KIDS EXTRACOOL 3x2p เด็กโต2ปีขึ้นไป มีโปรซื้อเยอะ (กล่อง), 57.00 
4309/6,COOL KIDS SOFT COOLING GEL PILLOW คูล-คิดส์ (ซอง) (ซอง), 215.00 
4309/3,COOL KIDS กล่อง6ซองx2p เด็ก2ปีขึ้นไป คูล-คิดส์ (ก.6ซอง), 101.50 
4309/2,COOL Temp 3x2p เด็กโต12ปีขึ้นไป คูล-เทมป์ ก3ซอง มีโปรซื้อเยอะ (กล่อง), 57.00 
4309/4,COOL Temp กล่อง6ซองx2p เด็กโต12ปีขึ้นไป คูล-แทมป์ (ก.6ซอง), 101.50 
8293,COPOLIS I-HERB mouth spray 18ml (ก.1ขวด), 70.00 
1885/1,COPROFEN 50x10s (เม็ดรีเหลือง) [ชุมชน] (ก.50แผง), 440.00 
1526/9,CORILAX 50x10s (เม็ดกลมขาว) [ชุมชน] (ก.50แผง), 372.00 
1526/6,CORILAX TABLET 50x10s (เม็ดกลมชมพู) [ชุมชน] (ก.50แผง), 374.00 
2-40/1,COROXIN 150mg 10x10s [ชุมชน] (ก.10แผง), 145.00 
2-40/2,COROXIN 300mg 10x10s [ชุมชน] (ก.10แผง), 260.00 
2458/8,COS464 25x10s คอส464 (ก.25แผง), 310.00 
961505,COTREN CREAM 5g (ก.1หลอด), 15.00 
96801,COTREN VAGINAL TABLET 1x1s (ก.1เม็ด), 21.50 
3002/19,COUGHDYL 10x10s (เม็ดแดงรี) soft capsule (ก.10แผง), 350.00 
1470,COUNTERPAIN COOL 120g (ก.1หลอด), 132.00 
2342,COUNTERPAIN COOL 30g (ก.1หลอด), 49.00 
2343,COUNTERPAIN COOL 60g (ก.1หลอด), 78.00 
345,COUNTERPAIN PLUS 25g (ก.1หลอด), 118.75 
345-1,COUNTERPAIN PLUS 50g (ก.1หลอด), 201.00 
344,COUNTERPAIN WARM 120g (ก.1หลอด), 124.75 
346,COUNTERPAIN WARM 30g (ก.1หลอด), 41.75 
347,COUNTERPAIN WARM 60g (ก.1หลอด), 70.75 
1157/1,COVIR 400mg 5x5s (acyclovir) [ชุมชน] (ก.5แผง), 131.00 
1157/2,COVIR 5g (acyclovir) [ชุมชน] (ก.1หลอด), 27.00 
2-980/2,COVIR-800 7x5s [ชุมชน] (ก.7แผง), 230.00 
3001/3,COX EXPECTORANT 60ml (ก.1ขวด), 25.75 
349/2,COXIUM 1500mg 1x6x5s กล่องแดง (ก.30เม็ด), 294.00 
349,COXIUM 1500mg 30ซอง (ก.30ซอง), 299.00 
348,COXIUM 500mg 10x10s (ก.10แผง), 229.00 
349/3,COXIUM S PLUS chondroitin 1500mg 30ซอง (ก.30ซอง), 723.00 
2858,CPM CHLORPHENIRAMINE 100s AU (ขวด), 5.25 
3266,CPM CHLORPHENIRAMINE INJECTION 10x1ml (ก.10หลอด), 26.75 
283,CPM HISTATAB TABLETS 100s**ขายขาด *ใหม่7.50บ (ขวด), 5.10 
4092/4,CRAVIT 500 1x5s (levofloxacin) (ก.5เม็ด), 372.00 
4092/6,CRAVIT OPHTHALMIC SOLUTION 0.5% 5ml (ก.1ขวด), 125.00 
2532/1,CRAVIXIN 500mg 10x10s (ก.10แผง), 689.00 
4092/3,CRAXACIN 500 1x10s (ก.1แผง), 86.00 
2123,Cream 91E ครีม 91อี (ก.1ตลับ), 42.84 
4051/1,CRESTATIN 10mg 3x10s (ก.3แผง), 194.00 
4636,CRESTATIN 20mg 3x10s (ก.3แผง), 258.00 
4051,CRESTOR ROSUVASTATIN 10mg 28s ส้ม (ก.2แผง)," 1,063.00 "
4052,CRESTOR ROSUVASTATIN 20mg 28s ฟ้า (ก.2แผง)," 1,499.00 "
4253/1,CROBREL MOIST OINTMENTPLUS 20g สีแดง (ก.1หลอด), 60.00 
993400,CROSSA-400mg 10x10s (ก.10แผง), 130.00 
3694/1,CURAM 1000mg 2×6s (ก.3แผง), 142.00 
3694,CURAM 625mg 3x4s มีโปรซื้อเยอะ (ก.3แผง), 131.00 
2-608/2,CYBEC 200mg 1x10s (ก.1แผง), 58.00 
1188-1,CYBELE SCAGEL 19g (ก.1หลอด), 248.50 
1188-2,CYBELE SCAGEL 4g (ก.1หลอด), 69.50 
1188,CYBELE SCAGEL 9g (ก.1หลอด), 139.00 
4471/4,CYBELE SCAGEL KIDS 4g (ก.1หลอด), 67.75 
4471,CYBELE SCAGEL KIDS 9g (ก.1หลอด), 136.00 
96710,CYBELE SCAGEL PLUS 10g (ก.1หลอด), 200.00 
1188/1,CYBELE SCAGEL แพคคู่ 9g (ก.2หลอด), 202.00 
4471/2,CYBELE แพคคู่ SCAGEL KIDS 2x9g (ก.2หลอด), 189.00 
1188-3,CYBELE แพคแถม SCAGEL 19g SPF30 แถม SCARGEL 19g (ก.2หลอด), 346.00 
3-005/4,CYMET400 50x10s (ก.50แผง), 484.00 
33/3,CYPROHEPTADINE 1000s NL ขาวชมพู (กระปุก), 125.00 
33,CYPROHEPTADINE AU 1000s เม็ดกลมขาว (กระปุก), 75.00 
33/2,CYPROHEPTADINE TMAN1000s เม็ดกลมขาว (กระปุก), 87.00 
3002/12,CYPRONAM 60ml (องุ่น) (ก.1ขวด), 16.75 
3002/15,CYPRO SYRUP 60ml (สับปะรด) เปลือย (ก.1ขวด), 13.00 
912/3,CYRIAMINE FORTE 1x10s (Vitamin B1-6-12) *ใหม่188บ (ก.10แผง), 143.00 
912/1,CYRIAMINE FORTE 50x10s ซื้อเยอะ (ก.50แผง), 795.00 
2907/3,CYSTALINE 600mg 10s **ขึ้น106.5 (ก.1หลอด), 101.00 
2907/4,CYSTALINE 600mg 5x4s (ก.5แผง), 156.50 
4228,CYTISINE GPO 1.5mg 10x10s (ก.10แผง), 595.00 
2748/20,C+ZINC 30s GOOD FOR ALL (ขวด), 144.00 
2078/2,D5S 1000ml ไม่มีเซ็ต [ANB] (ขวด) รหัส 2078/2 (ขวด), 30.70 
2078/3,D5W 1000ml มีเซ็ต [ANB] (ขวด) รหัส 2078/3 (ขวด), 42.00 
2300/3,DAFLON 1000mg 3x10s (ก.3แผง), 576.50 
2300,DAFLON 500mg 2x15s (ก.2แผง), 283.50 
377/1,DAFOMIN 500mg 30x10s (ก.30แผง), 930.00 
377,DAFOMIN 500mg 3x10s (ก.3แผง), 127.00 
219,DAINOX 10x10s (ก.10แผง), 70.00 
3234/4,DAIVOBET OINTMENT 15g บ ขาด (ก.1หลอด), 551.00 
2443,DALACIN T 1% 10ml มีโปรซื้อเยอะ (ก.1ขวด), 81.00 
2011/3,DAMINATE 10x10s (ก.10แผง), 73.25 
922/3,DANDRIL SHAMPOO 100ml มีโปรซื้อเยอะ (ก.1ขวด), 58.00 
858/3,DANTRON 8mg 10×10s (ก.10แผง)," 1,062.00 "
375,DAONIL 5mg 10x10s (ก.10แผง), 296.00 
3002/2,D-COATE 50x10s (ก.50แผง), 520.00 
382/1,DECOLGEN 25x4s ขย2 (ก.25แผง), 191.50 
382,DECOLGEN PRIN 25x4s **ขึ้น205 (ก.25แผง), 189.00 
1841/11,DEEDAY BIO C & MTV & ELDERBERRY 120ml (ก.1ขวด), 187.00 
1841/8,DEEDAY BioMAGNESIUM Plus Vitamins 30s (กล่อง), 145.50 
1841/5,DEEDAY BIOTIN PLUS ZINC 6*10s (ก.6แผง), 179.00 
1841/13,DEEDAY CoQ10 Plus RICE CERAMIDE 30s (กล่อง), 282.00 
4451/8,DEEDAY FIBER BOMB 1x10sachets (ก.10ซอง) (ก.10ซอง), 145.00 
1841/4,DEEDAY LUTI-BERRY MIXED 3x10s (ก.30เม็ด), 213.00 
1841/10,DEEDAY MULTIVITAMIN FORTE & OMEGA-3 PLUS LYSINE 120ml (ก.1ขวด), 109.00 
1841/7,DEEDAY NIGHTS STORY 3x10s (ก.3แผง), 216.00 
1841/12,DEEDAY VITAMIN B PLUS L-CYSTEINE & TAURINE 3x10s (ก.30เม็ด), 187.00 
76/3,DEFOMIL 25x10s (ก.25แผง), 196.00 
3970,DEFUNGO CREAM 10g (ก.1หลอด), 40.50 
3951/3,DEFUNGO VT 100mg 1x6s (ก.1แผง), 26.00 
3951/1,DEFUNGO VT 500mg 1x1s (ก.1แผง), 25.00 
3144/1,DEFURLIN DROPS 15ml (ก.1ขวด), 28.25 
94950,DEGAS 50x10s แบ่งขาย มีโปรซื้อเยอะ (แผง), 7.25 
2525,DEGRAN 1x10s (ก.1แผง), 28.25 
1121000,DEHECTA 3gx20ซอง (ก.20ซอง), 465.00 
4068/2,Dehec-z รสองุ่น 60ml ดีเฮก-ซี (ก.1ขวด), 74.50 
3907/23,Deiter gummyXS เบริน 6x1x4s ราสป์เบอร์รีเลมอน (ก.6ซอง), 169.00 
3907/22,Deiter gummyXS ปล็อก 6x1x4s โคลาเลมอน (ก.6ซอง), 169.00 
669,DELTACARBON 1x10s เม็ดตอก (ก.1แผง), 22.20 
448/4,DENIM 50x10s (ก.50แผง), 148.75 
683/3,DENOX SPRAY 0.05% 10ml เด็ก1-11ปี (ก.1ขวด), 70.00 
683/4,DENOX SPRAY 0.1% 10ml ผู้ใหญ่12ปีขึ้นไป (ก.1ขวด), 81.00 
8210/1,DENTI-FIX เม็ดฟู่ทำความสะอาดฟันปลอม 1x12s [polident] (ก.12เม็ด), 36.50 
2662/13,DENTISTE KID MAX FLUORIDE (รสผลไม้รวม) 20g ยาสีฟันเด็ก (ก.1หลอด), 53.00 
2662/15,DENTISTE KID MAX FLUORIDE (รสผลไม้รวม) 60g ยาสีฟันเด็ก (ก.1หลอด), 135.00 
2662/14,DENTISTE KID MAX FLUORIDE (รสสตอเบอร์รี่) 20g ยาสีฟันเด็ก (ก.1หลอด), 53.00 
2662/16,DENTISTE KID MAX FLUORIDE (รสสตอเบอร์รี่) 60g ยาสีฟันเด็ก (ก.1หลอด), 135.00 
2662/9,DENTISTE MOUTH SPRAY ZINC 10ml (ก.1หลอด), 76.25 
2662/6,DENTISTE MOUTH SPRAY ZINC 20ml (ก.1หลอด), 128.50 
2662/80,DENTISTE MOUTH SPRAY แอนโดรกราฟิส 3ml (ก.1หลอด), 49.00 
2662/23,DENTISTE ORAL RINSE บ้วนปาก 100ml (ขวด), 57.00 
2662/20,DENTISTE ORAL RINSE บ้วนปาก 200ml (ขวด), 88.50 
2662/21,DENTISTE ORAL RINSE บ้วนปาก 450ml (ขวด), 137.00 
2662/22,DENTISTE ORAL RINSE บ้วนปาก 700ml (ขวด), 209.00 
2662,DENTISTE PLUS WHITE 100g ยาสีฟัน (ก.1หลอด), 162.50 
2660,DENTISTE PLUS WHITE 160g (หลอด), 226.00 
2660/1,DENTISTE PLUS WHITE 50g ยาสีฟัน (หลอด), 98.00 
2662/3,DENTISTE PLUS WHITE MAX 100g ยาสีฟัน (ก.1หลอด), 167.00 
2662/10,DENTISTE PLUS WHITE MAX 45g ยาสีฟัน (ก.1หลอด), 79.25 
2662/26,DENTISTE PREMIUM CARE 100g ยาสีฟัน สีทอง เน้นปัญหาเหงือกอักเสบ (ก.1หลอด), 216.00 
2662/4,DENTISTE SENSITIVE 100g ยาสีฟัน (ก.1หลอด), 155.00 
2660/2,DENTISTE WHITE PREMIUM 100g ยาสีฟัน สีเงิน (หลอด), 179.00 
941010/1,DEOLIN 40mg 1x10s (ก.1แผง), 13.75 
3248,DEPAKINE CHRONO 500mg 30s (ก.1ขวด), 351.00 
2-784,DEPO-A INJECTIONS 10vialx3ml มีโปรซื้อเยอะ (ก.10ขวด), 94.00 
390,DEPO-GESTIN INJECTIONS 10vialx3ml (ก.10ขวด), 118.00 
2-784/4,DEPOMOXIE 150mg 3ml (ก.1ขวด), 12.25 
3982,DEPYRET SYRUP DROPS 15ml (ก.1ขวด), 25.50 
377/2,DERFALON-500 3x10s *มีโปรซื้อเยอะ (ก.3แผง), 97.50 
9996/6,DERMACORE COS Shampoo 1000ml ขวดแบ่ง 10 ขวด 100ml (ขวด), 840.00 
9996/2,DERMACORE COS Shampoo 250ml (ขวด), 237.00 
9996/4,DERMACORE COS Spray 100ml (ขวด), 210.00 
9996/3,DERMACORE COS Spray 20ml (ขวด), 120.00 
9996/5,DermaCore COS WIPE ทิชชู่เปียก30แผ่น (ห่อ), 43.50 
3859,DERMAHEU CREAM 15g (ก.1หลอด), 57.00 
1539,DERMAHEU CREAM 25g (ก.1หลอด), 86.25 
15391,DERMAHEU CREAM 50g (ก.1หลอด), 160.50 
3860,DERMAHEU CREAM 5g (ก.1หลอด), 28.75 
1142/1,DERMAKLARES 0.05% 10g (ก.1หลอด), 51.25 
403/4,DERMAMAN CREAM 25g (ก.1หลอด), 21.25 
403/20,DERMAMAN CREAM 5g (ก.1หลอด), 9.50 
403/13,DERMAMAN OINTMENT 15g (ก.1หลอด), 34.75 
403/14,DERMAMAN OINTMENT 5g (ก.1หลอด), 17.50 
3818/3,DERMATIX ACNE SCAR 5g (ก.1หลอด), 222.00 
96715,DERMATIX ULTRA GEL 15g (ก.1หลอด), 694.00 
3818,DERMATIX ULTRA GEL 5g (ก.1หลอด), 347.00 
3818/10,DERMATIX ULTRA GEL 9g (ก.1หลอด), 564.00 
3818/8,DERMATIX ULTRA KIDS 5g (ก.1หลอด), 358.00 
3818/9,DERMATIX WOUND CARE 20g (ก.1หลอด), 178.50 
1899,DERMATOP CREAM 5g (ก.1หลอด), 53.00 
393,DERMAZIN CREAM 25g (ก.1หลอด), 63.00 
1833/1,DERMED 10x10s (เม็ดกลมเขียวอ่อน) (ก.10แผง), 156.00 
4255/1,DERMISKIN MOISTURIZER SKIN OINTMENT 30g (ก.1หลอด), 80.00 
3859/2,DERMIX-4 CREAM 15g (ก.1หลอด), 53.00 
1539/1,DERMIX-4 CREAM 25g บ ขาด (ก.1หลอด), 79.25 
340/1,DERMONAR LOTION 30ml (ก.1ขวด), 54.50 
404,DERMOVATE 5g (ก.1หลอด), 52.50 
402,DERMOVATE cream 100g (หลอด), 585.00 
403,DERMOVATE cream15g (ก.1หลอด), 147.75 
340,DERMOVATE SCALP APPLICATION 30ml (ก.1ขวด), 183.00 
343,DERTEC CREAM 15g (ก.1หลอด), 43.75 
342,DERTEC CREAM 5g (ก.1หลอด), 20.25 
4454/1,DERZID-C CREAM 15g มีโปรซื้อเยอะ (ก.1หลอด), 23.50 
4454/2,DERZID-N CREAM 15g มีซื้อเยอะ (ก.1หลอด), 21.00 
954/3,DESLORA 5mg 1x10s (ก.1แผง), 51.25 
954/2,DESLORA SYRUP 60ml (รสผลไม้รวม) ซื้อเยอะ บ ขาด (ก.1ขวด), 68.00 
953/11,DESLORATADINE 10x10s [zydus] บ ขาด (ก.10แผง), 335.00 
953/4,DESLORATADINE SANDOZ 1x10s (ก.1แผง), 116.00 
954/7,DESTA 1x10s (ก.1แผง), 48.75 
954/6,DESTA SYRUP 0.5mg/1ml 60ml (รสองุ่น) (ก.1ขวด), 88.00 
1528,DETAPAIN 2x10s (ก.2แผง), 28.00 
413,DETTOL ANTISEPTIC DISINFECTANT 1000ml (ขวด), 534.00 
8158,DETTOL ANTISEPTIC DISINFECTANT 4000ml โฉมใหม่ (ขวด)," 1,710.00 "
411,DETTOL ANTISEPTIC DISINFECTANT 500ml โฉมใหม่ (ขวด), 401.00 
406/2,DETTOL SPRAY 225ml กลิ่นลาเวนเดอร์ บ ขาด (ขวด), 103.50 
406,DETTOL SPRAY 225ml ขวดขาว-ฟ้า ลัง12 (ขวด) (ขวด), 112.00 
961752,DETTOL WET WIPE 1x10sheets ทิชชู่เปียกเดทตอล (ซอง10แผ่น), 31.00 
961752/1,DETTOL WET WIPE 1x50sheets ทิชชู่เปียกเดทตอล (ซอง50แผ่น), 119.00 
3034,DEWAX EAR DROPS 15ml (ก.1ขวด), 52.00 
1360/1,DEXOCORTE 15g มีโปรซื้อเยอะ (ก.1ขวด), 62.50 
414,DEXOPH EYE - EAR DROPS 4ml (ก.1ขวด), 21.50 
4255,DEXPANZEL ALLERG SKIN OINTMENT 30g (ก.1หลอด), 103.50 
2250/5,DEXTIDERM 35g (สูตร Bepanthen Ointment) (ก.1หลอด), 65.00 
3002/7,DEXTRO COUGH SYRUP 60ml (รสองุ่น) (ก.1ขวด), 20.50 
3002/20,DEXTRO TABLETS 1000s (เม็ดรีเขียว) (กระปุก), 459.00 
3002/8,DEXTRO TABLETS 50x10s (เม็ดรีเขียว) (ก.50แผง), 320.00 
1326/4,DEZLO 5mg tablet 1x10s (ก.1แผง), 49.25 
953/10,DEZTANEX 10x10s (ก.10แผง), 351.00 
1504/33,DHA100 FISH OIL 200mg 30s (ขวด), 97.00 
2250/4,DIABEDERM 10% 100g (ก.1หลอด), 129.25 
2250/1,DIABEDERM 10% 150g (ก.1กระปุก), 145.50 
2261,DIABEDERM 10% 15g เขียว (ก.1หลอด), 26.25 
2250,DIABEDERM 10% 35g เขียว (ก.1หลอด), 52.00 
2250/2,DIABEDERM 10% 450g (ก.1กระปุก), 292.00 
08080/3,DIABEDERM 20% 100g (ก.1หลอด), 161.75 
08080/1,DIABEDERM 20% 150g น้ำเงิน (ก.1กระปุก), 173.00 
8089,DIABEDERM 20% 15g น้ำเงิน (ก.1หลอด), 32.00 
8080,DIABEDERM 20% 35g (ก.1หลอด), 64.75 
2250/6,DIABEDERM 20% 450g (ก.1กระปุก), 346.00 
284/1,DIABEDERM LOTION 10% 200ml (ก.1ขวด), 192.00 
1835/1,DIACERIC 50mg 3x10s (diacerein) (ก.3แผง), 313.00 
425,DIAMICRON MR 60mg 30s **แจ้งปรับราคา (ก.2แผง), 439.00 
422,DIARINE 50x10s (ก.50แผง), 163.50 
424,DIASGEST 10x10s (ก.10แผง), 204.00 
912-1/1,DIAVIT 1x10s (ก.1แผง), 85.00 
2-822/1,DICLOFENAC 25mg 100x10s เม็ดกลมเหลือง [inpac pharma] (ก.100แผง), 165.00 
3243/2,DICLOFENAC 25mg 50x10s (เม็ดกลมเหลือง) [ชุมชน] (ก.50แผง), 244.50 
3243/1,DICLOFENAC 50mg 50x10s (เม็ดกลมเหลือง) [ชุมชน] (ก.50แผง), 338.00 
262/2,DICLOGEL 30g (ก.1หลอด), 25.25 
2670/1,DICLOSIAN ENTERIC COATED TABLETS 50mg 1x10s *มีโปรซื้อเยอะ (ก.1แผง), 9.90 
1524/2,DICLO SR-100 10x10s มีโปรซื้อเยอะ (ก.10แผง), 398.00 
80311,Dicloxacillin 250mg GPO 50x10s มีซื้อเยอะ (กล่อง50แผง)," 1,018.00 "
3655/6,DICLOXACILLIN 500mg 50x10s (เขียวเหลือง) [ชุมชน] (ก.50แผง), 890.00 
3655/12,Dicloxacillin 500mg GPO 50x10s มีซื้อเยอะ (กล่อง50แผง)," 1,585.00 "
3-568,DICLOXACILLIN-NIDA 50x10s (ก.50แผง), 777.00 
3-568/1,DICLOXHIM DRY 125mg/5ml 60ml รสน้ำส้ม (ก.1ขวด), 35.75 
3655/18,DICLOXILIN-500 40x10s ฟ้า-ขาว เจ็ดดาว (ก.40แผง), 910.00 
3655/19,DICLOXILIN-500 40x10s ส้ม-เหลือง เจ็ดดาว (ก.40แผง), 910.00 
3655,DICLOXILIN-500 42 50x10s (ก.50แผง), 759.00 
3655/11,DICLOXILIN 500 เอชเค 500s (เม็ดฟ้าขาว) ไดคลอกซ่า (กระปุก500s), 740.00 
3655/10,DICLOXILIN 500 เอชเค 50x10s (เม็ดฟ้าขาว) ไดคลอกซ่า (ก.50แผง), 760.00 
3655/2,DICLOXMAN-500 500s (กระปุก), 820.00 
3655/1,DICLOXMAN-500 CAPSULE 50x10s (ก.50แผง), 933.00 
3655/5,DICLOXMED 500 50x10s (เม็ดฟ้าขาว) *ใหม่763 (ก.50แผง), 730.00 
1458/2,DIFAZT 1x10s Softgel เม็ดเหลือง (ก.1แผง), 46.75 
2669,DIFELENE 25mg 1x10s (ก.1แผง), 11.50 
2670,DIFELENE 50mg 1x10s (ก.1แผง), 18.75 
3028,DIFELENE GEL 100g (ก.1หลอด), 85.75 
3030,DIFELENE GEL 15g (ก.1หลอด), 18.75 
3031,DIFELENE GEL 30g (ก.1หลอด), 32.25 
3029,DIFELENE GEL 60g (ก.1หลอด), 59.00 
902/1,DIFENAC INJECTION 50ampx3ml (ก.50ขวด), 210.00 
262/3,DIFENGESIC GEL 35g ไดเฟนจีสิค (ก.1หลอด), 29.25 
2-791/1,DIFFCOF CHESTY COUGH SYRUP 200ml (รสฟอเรสต์ฟรุต) (ก.1ขวด), 108.00 
2-791/3,DIFFCOF DUAL ACTION CHESTY COUGH SYRUP 200ml (รสสตอเบอร์รี่) (ก.1ขวด), 123.75 
7893,DIFFERIN GEL 0.1% 15g (ก.1หลอด), 365.00 
7893/30,DIFFERIN GEL 0.1% 30g (ก.1หลอด), 578.00 
729/9,DIFFLAM FOR CHILDREN THROAT SPRAY SF 30ml (ก.1ขวด), 218.00 
729,DIFFLAM FORTE THROAT SPRAY SF 15ml (ก.1ขวด), 218.00 
8311/1,DIFFLAM HONEY & LEMON 1x12s (ก.1แผง), 40.00 
8311/2,DIFFLAM HONEY & LEMON 24ซองx8s (ก.24ซอง), 498.00 
8311,DIFFLAM HONEY & LEMON 24ซองx8s (ก.24ซอง), 498.00 
729/3,DIFFLAM HONEY&LEMON LOZENGES 2x8s (รสมะนาว) (ก.2แผง), 153.50 
729/1,DIFFLAM LOZENGES 2x8s (รสมิ้นท์) (ก.2แผง), 153.50 
8310/1,DIFFLAM ORANGE+VIT C 1x12s (ก.1แผง), 40.00 
8310,DIFFLAM ORANGE+VIT C 24ซองx8s (ก.24ซอง), 498.00 
729/2,DIFFLAM WILD BERRY 24ซองx8s (ก.24ซอง), 498.00 
729/7,DIFFLIS Herbal Spray 15ml (ก.1ขวด), 95.50 
2035,DILANTIN 100mg 100s (ขวด), 386.00 
447,DIMENHYDRINATE AU 1000s (กระปุก), 140.00 
448,DIMENHYDRINATE AU100x10s (ก.100แผง), 190.00 
448/1,DIMENHYDRINATE TABLET 100x10s (ก.100แผง), 240.00 
447/1,DIMENHYDRINATE TABLET T-MAN 1000s (กระปุก), 195.00 
3002/13,DIMOPHEN 25x10s (เม็ดเหลืองกลม) (ก.25แผง), 299.00 
3002/14,DIMOPHEN 500s (เม็ดเหลืองกลม) (กระปุก), 405.00 
99125/17,DINAC-FORTE 50mg 1000s (เม็ดกลมฟ้า) (กระปุก), 315.00 
3034/2,DIOCTOL 10x10s stool softening laxative (docusate) (ก.10แผง), 220.00 
2088,DIOSMIN 500mg 3x10s (ก.3แผง), 113.00 
2088/1,DIOSMIN 500mg 45x10s (ก.45แผง)," 1,280.00 "
454,DIOVAN 160mg 28s แถบแดง (ก.2แผง), 724.00 
453,DIOVAN 80mg 28s แถบดำ (ก.2แผง), 577.50 
2240/2,DIOXZYE DROP 15ml (รสส้ม) (ก.1ขวด), 40.00 
8008/3,DIOXZYE MINT 80mg 10x10s (มิ้นท์) (ก.10แผง), 129.00 
8008,DIOXZYE MINT 80mg 25x10s (มิ้นท์) (ก.25แผง), 328.00 
8008/2,DIOXZYE MINT 80mg 50x10s (ก.50แผง), 652.00 
8008/4,DIOXZYE ORANGE 80mg 10x10s (ส้ม) (ก.10แผง), 129.00 
8007,DIOXZYE ORANGE 80mg 25x10s (ส้ม) (ก.25แผง), 328.00 
8007/1,DIOXZYE ORANGE 80mg 50x10s (ส้ม) (ก.50แผง), 652.00 
812,DIPAZIDE 10x10s (ก.10แผง), 130.00 
457,DIPROSALIC OINTMENT 15g บ ขาด (ก.1หลอด), 230.00 
458,DIPROSALIC OINTMENT 5g บ ขาด (ก.1หลอด), 99.00 
2-402,DIPROTOP OINTMENT 5g (ก.1หลอด), 79.00 
4366,DISOL 8mg 10x10s (ก.10แผง), 129.75 
3655/14,DIXOCILLIN 500mg 10x10s (ฟ้า-ขาว) สยาม แผงอลู (ก.10แผง), 417.00 
2252/4,D-LIFE OMEGA-3 PLUS LYSINE AND MTV 120ml [PATAR] (ก.1ขวด), 50.25 
1673/3,DOIZ 50mg 1x10s (ก.1แผง), 86.00 
1524/3,DOLONIL SR 100mg 10x10s [42] (ก.10แผง), 332.00 
857/1,DOMERDON SUSPENSION 30ml (รสวนิลา) (ก.1ขวด), 11.50 
1826/4,DOMINOX 10mg 100x10s (ก.100แผง), 252.00 
2-400/1,DOMINOX LIQUID SUSPENSION 30ml (ก.1ขวด), 11.25 
4321/2,DOMPERDONE SUSPENSION 30ml (ก.1ขวด), 14.00 
1826/8,DOMPER-M 1000s เม็ดกลมขาว (กระปุก), 195.00 
1826/9,DOMPER-M 50x10s เม็ดกลมขาว (ก.50แผง), 195.00 
1826/10,DOMP-M 10mg 1000s Rx เม็ดกลมฟ้า [ชุมชน] (กระปุก), 472.00 
1826/1,DOMP-M 10mg 50x10s [ชุมชน] (ก.50แผง), 279.00 
1826/7,DOMP SUSPENSION 30ml [ชุมชน] (ก.1ขวด), 26.25 
4948,DONECEPT10 โดนีเซฟท์ 4x7s (ก.4แผง), 835.00 
3061/1,DOPASIAN FILM COATED 250mg 50x10s (เม็ดกลมฟ้า) (ก.50แผง), 956.00 
2623,DOPROCT OINTMENT 10g (ก.1หลอด), 55.50 
2622,DOPROCT SUPPOSITORY 1x10s *ใหม่57บ (ก.10เม็ด), 53.75 
2-938,DORMIRAX 25 500s (กระปุก), 283.00 
2-410,DORMIRAX 25mg 10x10s (ก.10แผง), 118.00 
3655/7,DOROX 500mg 25x10s เม็ดส้ม-แดง (ก.25แผง), 473.00 
3246/1,DOSANAC 25mg 10x10s (ก.10แผง), 138.00 
3246,DOSANAC 25mg 1x10s โดซาแนค (ก.1แผง), 13.00 
3245/10,DOSANAC 50mg 10x10s (ก.10แผง), 247.00 
2-309/1,DOSANAC GEL 10g *มีโปรซื้อเยอะ (ก.1หลอด), 15.00 
2-309,DOSANAC GEL 25g (ก.1หลอด), 40.00 
2-310,DOSANAC GEL 50g (ก.1หลอด), 60.25 
297,DOSATE 20mg 25x10s **ขายขาด ฃ (ก.25แผง), 125.00 
482/5,DOXIN 100mg 10x10s แคปซูลเขียว [42] (ก.10แผง), 169.00 
482/4,DOXIN 100mg 500s แคปซูลเขียว (doxycycline) (กระปุก), 385.00 
482/6,DOXIN CAPSULE 100mg 1000s (เม็ดเขียว) (กระปุก), 722.00 
482/2,DOXIN CAPSULE 100mg 50x10s (เม็ดเขียว) (ก.50แผง), 385.00 
482/7,DOXIN TABLET 100mg 1000s (เม็ดรีเหลือง) (กระปุก), 865.00 
482/1,DOXIN TABLET 100mg 25x10s เม็ดตอกรีเหลือง (ก.25แผง), 322.00 
482/8,DOXYLCAP 100mg 500s แคปซูลน้ำเงิน (doxycycline) (กระปุก), 579.00 
296/2,D-PRAZOL 1x14s (ก.1แผง), 30.50 
3818/5,DRAGON BLOOD SCAR CREAM 5g (หลอดเขียว) (ก.1หลอด), 114.00 
484,DRAMAMINE 10x10s (ก.10แผง), 141.00 
729/6,D THROAT 0.3% SPRAY 15ml กลิ่นมิ้นท์ (ก.1ขวด), 160.00 
729/4,D THROAT SPRAY 0.15% 15ml (กลิ่นมะนาว) (ก.1ขวด), 160.00 
729/5,D THROAT SPRAY 0.3% 15ml (กลิ่นมะนาว) (ก.1ขวด), 160.00 
729/8,D THROLIS KIDS SPRAY 10ml SF (รสส้ม) เด็ก6ขวบขึ้นไป (ก.1ขวด), 104.00 
485/1,DULCOLAX 5mg 10x10s (ก.10แผง), 288.75 
61/94,DUODERM HYDROACTIVE GEL 3x30g ดูโอเดิร์ม (ก.3หลอด), 607.00 
2-940/3,DUPHALAC 1000ml (ขวด)," 1,130.00 "
2-940,DUPHALAC 100ml (ก.1ขวด), 126.50 
2-940/2,DUPHALAC 200ml (ก.1ขวด), 232.00 
2025,DURAN 400mg 1x10s (เม็ดกลมชมพู) บ ขาด (ก.1แผง), 18.50 
2024,DURAN 400mg 1x10s (เม็ดรีขาว) (ก.1แผง), 18.50 
2024/1,DURAN 600mg 1x10s (เม็ดรีขาว) (ก.1แผง), 25.25 
2021,DURAN 60ml (ส้ม) (ก.1ขวด), 27.09 
495,DUREX PLAY CLASSIC GEL 50ml (หลอด), 94.25 
495/1,DUREX PLAY CLASSIC GEL แบบซองพกพา 3x5ml กล่องฟ้า (ก.3ซอง), 40.50 
496,DUREX PLAY STRAWBERRY GEL 50ml (หลอด), 144.00 
496/1,DUREX PLAY STRAWBERRY GEL ซองพกพา 3x5ml กล่องแดง (ก.3ซอง), 48.00 
2505/1,DUSPATIN 135 10x10s (ก.10แผง), 290.00 
3007,DUTROSS 1x10s (ก.1แผง), 16.00 
3006,DUTROSS 60ml (ผลไม้รวม) (ก.1ขวด), 21.50 
3006/2,DUTROSS DM KIDS 60ml (รสผลไม้รวม) (ก.1ขวด), 31.00 
9993/11,DWELL DEET95 150ml กันยุง (ขวด), 225.00 
9993/10,DWELL DEET95 75ml กันยุง (ขวด), 135.00 
118/2,DYMISTA 120doses *โปรดดูวัน exp (เครื่อง), 632.00 
99995/4,EAR PLUG ที่อุดหู EAR PUTTY silicone ปั้นได้ แนะนำขาย105 (ก.1คู่), 74.00 
3034/1,EARWAX 15ml *ใหม่45.25 (ก.1ขวด), 38.00 
9110120,EBERIL 120 1x5s (ก.1แผง), 49.00 
911090,EBERIL 90mg 1x5s (ก.1แผง), 41.00 
9997/13,Eclean Ear Cleansing (millingtonia) กลิ่นดอกปีบ 118ml (ขวด), 126.00 
9997/14,Eclean Ear Cleansing (sakura) กลิ่นซากุระ 118ml (ขวด), 135.00 
3440/3,EDWARDS CALAMINE LOTION 55ml หน้าเด็ก (ก.1ขวด), 31.00 
3440/1,EDWARDS CALAMINE LOTION 60ml (ก.1ขวด), 17.50 
14211/8,EGG Albumen 60เม็ด โปรตีนไข่ขาวเม็ด [DWELL] 4เม็ด=ไข่ขาว1ฟอง (ขวด), 275.00 
4798,EGG Albumin 400g ALQUABUMIN โปรตีนไข่ขาว ผง (กระปุก), 425.00 
14211/3,EGG Albumin 90s ALQUABUMIN โปรตีนไข่ขาวเม็ด ***โปร4กพ-28มีค69 ลด10บ (ขวด), 439.00 
4211/5,EGG Albumin ALQUABUMIN โปรตีนไข่ขาว ผง 10ซอง*25gไข่ขาว8ฟอง (ก.10ซอง), 225.00 
951/1,ELEVIT 30s เอเลวิต (ก.1ขวด), 305.00 
3234/1,ELIDEL CREAM 1% 15g ยาอายุ2ปี**โปรดุวันexp (ก.1หลอด), 765.00 
07866/5,Eliquis 5mg 6x10s (ก.6แผง)," 3,575.00 "
1535/3,ELLEZIN 5mg 1x10s มีโปรซื้อเยอะ (ก.1แผง), 43.75 
2292,ELMETACIN SPRAY 50 ml (ก.1ขวด), 124.00 
2581,ELOMET CREAM 0.1% 15g (ก.1หลอด), 195.00 
2580,ELOMET CREAM 0.1% 5g (ก.1หลอด), 92.00 
2581/1,ELOMET LOTION 30ml (ก.1ขวด), 372.00 
2-627/24,EL เชอร์รี (บ๊วยแดงแช่อิ่ม) ซองกลาง (ซอง), 33.00 
2-627/4,EL บ๊วยเค็มอบแห้ง ขวดใหญ่ 50g (ขวด), 16.25 
2-627/28,EL บ๊วยรสชาเขียว ซองกลาง (ซอง), 33.00 
2-627/9,EL บ๊วยหวานอบแห้ง ขวดใหญ่ 50g (ขวด), 16.25 
2-627/8,EL บ๊วยห้ารส ขวดใหญ่ 50g (ขวด), 16.25 
2-627/21,EL ผลไม้รวมมิตรสามรส ซองกลาง (ซอง), 33.00 
2-627/23,EL มะนาว (มะนาวเค็ม) ซองกลาง (ซอง), 33.00 
2-627/16,EL มะม่วงชะเอม (มะม่วงเค็มแห้ง) (ขวด), 16.25 
2-627/15,EL มะม่วงบ๊วย (มะม่วงมาเลย์หวานแห้ง) ขวดใหญ่ 50g (ขวด), 16.25 
2-627/20,EL มะม่วงบ๊วย (มะม่วงมาเลย์หวานแห้ง) ซองกลาง (ซอง), 33.00 
2-627/26,EL มะม่วงสไลด์ (มะม่วงสดแช่อิ่ม) ซองกลาง (ซอง), 33.00 
2-627/14,EL มะละกอบ๊วย (มะละกอสามรสแห้ง) ขวดใหญ่ 50g (ขวด), 16.25 
2-627/12,EL ลูกท้ออบแห้ง (ลูกท้อเค็ม) ขวดใหญ่ 50g (ขวด), 16.25 
2-627/27,EL ลูกพรุนอบแห้ง ซองกลาง (ซอง), 33.00 
2-627/25,EL ลูกไหนสามรส ซองกลาง (ซอง), 33.00 
2-627/10,EL เลมอนชิ้นดั้งเดิม (เลมอนแห้งสามรส) ขวดใหญ่ 50g (ขวด), 16.25 
2-627/11,EL เลมอนชิ้นบ๊วย (มะนาวเค็ม) ขวดใหญ่ 50g (ขวด), 16.25 
2-627/22,EL เลมอนสามรส (เลมอนแห้งสามรส) ซองกลาง (ซอง), 33.00 
200,EMULAX BISACODYL 1000s (เม็ดเหลือง) (กระปุก), 133.00 
200/1,EMULAX BISACODYL 100s (เม็ดเหลือง) (ก.12ขวด), 322.00 
200/2,EMULAX น้ำ 240ml อีมูแลค (ก.1ขวด), 28.50 
390/1,ENAF-150 10vialx3ml (ก.10ขวด), 117.00 
517/1,ENALAPRIL 20mg 100x10s [ชุมชน] (ก.100แผง), 650.00 
2378/1,ENALAPRIL 5mg 100x10s [ชุมชน] (ก.100แผง), 365.00 
517,ENARIL 20mg 10x10s (ก.10แผง), 89.00 
2378,ENARIL 5mg 10x10s (ก.10แผง), 59.50 
3907/31,ENER+G WALKE UP gummy B6-12 6x1x10s รสมิกซ์เบอร์รี่ SF (ก.6ซอง), 110.00 
515,ENO LEMON 4.3gx60ซอง (มะนาว) อีโน (ก.60ซอง), 648.00 
514,ENO ORANGE 4.3gx60ซอง (ส้ม) อีโน (ก.60ซอง), 648.00 
654/34,ENROPHAR150 10x10s (ก.10แผง), 940.00 
654/32,ENROPHAR15 10x10s (ก.10แผง), 720.00 
654/33,ENROPHAR50 10x10s (ก.10แผง), 820.00 
1465/31,Enteral Feeding Bag 500ml ถุงบรรจุอาหารแหลว PERMAX (ถุง) (ถุง), 11.00 
2196,EPIDUO (0.1%/2.5% Gel) 15g โปร4กพ-28มีค69 ลด5บ โปรดดูวัน exp (ก.1หลอด), 522.00 
533/2,EPL 300mg 10x10s (ก.10แผง), 472.00 
520,EQUAL 1x50ซอง ซื้อเยอะ (ก.50ซอง), 65.50 
1052/6,ERBATOP ADVANCE INTENSIVE LOTION 75ml (ก.1หลอด) (ก.1หลอด), 138.00 
1052/4,ERBATOP CREAM 25g สิงโต (ก.1หลอด) (ก.1หลอด), 228.00 
1052/3,ERBATOP CREAM 7g สิงโต (ก.1หลอด) (ก.1หลอด), 68.00 
1052/5,ERBATOP HAND CREAM SOOTHING CARE A.I. 50g ฟ้า (ก.1หลอด), 137.00 
1052/2,ERBATOP SOOTHING CARE A.I. CREAM 50g ฟ้า (ก.1หลอด) (ก.1หลอด), 138.00 
2890,ERFUZIDE 30ml (ก.1ขวด), 20.25 
2891,ERFUZIDE 60ml (ก.1ขวด), 29.00 
2890/1,ERFUZIDE CAPSULES 10x12s (ก.10แผง), 216.00 
2964,EROXADE 150mg 10x10s (ก.10แผง), 130.00 
2-668/3,ERYTHROMYCIN ESTOLATE FOR ORAL SUSPENSION 60ml (เปลือยรสวนิลา) บ เลิก (ขวด), 19.75 
3186/3,ESPENAL 50mg 10x10s (ก.10แผง), 236.00 
529/2,ESPERSON CREAM 15g (ก.1หลอด), 85.00 
529,ESPERSON CREAM 5g (ก.1หลอด), 42.00 
1099,ESTROMON F.C. 0.625mg 10x10s (ก.10แผง), 444.00 
4208/1,ETOMED 120mg 3x10s กล่องแดง มีโปรซื้อเยอะ (ก.3แผง), 175.00 
4208/4,ETORICOXIB 120mg ALVOGEN 3x10s (etoricoxib) (ก.3แผง), 289.00 
4207/5,ETORICOXIB 90mg ALVOGEN 3x10s expสั้น รอlotใหม่ (ก.3แผง), 289.00 
4208/2,ETORICOXIB SANDOZ 120mg 1x10s มีโปรซื้อเยอะ (ก.1แผง), 165.00 
4207/4,ETORICOXIB SANDOZ 90mg 1x10s **มีโปรซื้อเยอะ ถึงกพ69 (ก.1แผง), 148.00 
4208/8,ETOXIB-120mg 3x10s (ก.3แผง), 198.00 
4207/8,ETOXIB 90mg 3x10s exp รอlotใหม่ (ก.3แผง), 163.00 
4208/3,ETROBAX 120mg 1x7s (ก.1แผง), 62.00 
4207/3,ETROBAX 90mg 1x7s มีโปรซื้อเยอะ (ก.1แผง), 47.50 
2583/29,EUCERIN AQUAPHOR BALM 80 ml (กระปุก), 339.00 
2583/30,EUCERIN AQUAPHOR LIP CARE 10 ML (หลอด), 246.00 
3994/21,EUCERIN BABY WASH & SHAMPOO 400 ml (ขวด), 461.00 
3994/28,EUCERIN BRIGHTENING BOOSTER ESSENCE 100ml (กระปุก)," 1,039.00 "
3994/29,EUCERIN BRIGHTENING BOOSTER SERUM 30ml (กระปุก)," 1,719.00 "
3994/26,EUCERIN BRIGHTENING CLEANSING FOAM 150ml (หลอด), 603.00 
3994/27,EUCERIN BRIGHTENING CLEANSING GEL 200ml (กระปุก), 618.00 
3994/30,EUCERIN BRIGHTENING DAY 50ml (กระปุก)," 1,451.00 "
3994/31,EUCERIN BRIGHTENING NIGHT 50ml (กระปุก)," 1,451.00 "
3994/37,EUCERIN CORRECTING GEL TO FOAM 150ml (ก.1หลอด), 574.00 
2582/18,EUCERIN ELASTICITY DAY 50ml (ขวด)," 2,059.00 "
2582/19,EUCERIN ELASTICITY NIGHT 50ml (กระปุก)," 2,229.00 "
2582/16,EUCERIN HYALURON EPICELLINE SERUM 30ml (ขวด)," 1,915.00 "
2582/17,EUCERIN HYALURON MIST SPRAY 50ml (ขวด), 170.75 
2583/36,EUCERIN LIP ACTIVE SPF20 (ชิ้น), 219.00 
3994/24,EUCERIN LOTION HYDRO SERUM 400ml (ขวด), 439.00 
2582,EUCERIN LOTION sensitive 250ml. (ขวด) (ขวด), 272.00 
2583,EUCERIN LOTION sensitive 400ML ขวดปั้ม (ขวด) (ขวด), 429.00 
2582/9,EUCERIN OMEGA BALM 200ml (ขวด), 775.00 
2582/8,EUCERIN OMEGA BATH & SHOWER OIL 400ml (ขวด), 648.00 
2582/2,EUCERIN OMEGA face cream 50 ML (หลอด), 729.00 
3994/22,EUCERIN PH5 FACIAL CLEANSER 400ml (ขวด), 458.00 
2582/1,EUCERIN PH5 HYDRO BOOST CREAM 200ml (ขวด), 304.00 
3994/23,EUCERIN PH5 LOTION F 400ml (ขวด), 439.00 
3994/39,EUCERIN PURIFYING CLEANSER 200ml (ก.1ขวด), 574.00 
3994/38,EUCERIN PURIFYING CLEANSER 75ml (หลอด), 247.00 
2582/22,EUCERIN RADIANCE 3D SERUM 30ml (ขวด)," 2,639.00 "
2582/23,EUCERIN RADIANCE BOOSTING ESSENCE 100ml (ขวด)," 1,495.00 "
3994/25,EUCERIN SENSITIVE AQUAPORIN CREAM 50ml (กระปุก), 659.00 
3549/1,EUCERIN SHAMPOO THINNING 200ml (ขวด), 427.00 
3684,EUCERIN SHOWER OIL ปั๊ม 400ML (ขวด) (ขวด), 567.00 
2582/15,EUCERIN SPOTLESS BRIGHTENING LOTION ชมพู 250ml (ขวด) (ขวด), 458.00 
2582/12,EUCERIN SUN ACNE OIL CONTROL SPF50+ 50ml (ขวด)," 1,076.00 "
2582/13,EUCERIN SUN BRIGHTENING SERUM SPF50+ 50ml (ขวด)," 1,076.00 "
3994/40,EUCERIN TRIPLE ACTION 40ml (ก.1ขวด), 929.00 
2582/11,EUCERIN UREA REPAIR PLUS LOTION 400ml (ขวด), 767.00 
2582/10,EUCERIN UREA REPAIR SHOWER GEL 400ml (ขวด), 601.00 
3994,EUCERIN WASH 1000ML ขวดปั๊ม (ขวด) (ขวด), 642.00 
2579,EUCERIN WASHLOTION 200ML (ขวด) บ เลิก (ขวด), 185.00 
3549,EUCERIN แชมพู dermo capilaire 250ml (ขวด) รหัส 3549 (ขวด), 299.00 
268/20,EUNOVA เม็ดฟู่ Acerola plus D3 15s รสลิ้นจี่ เน้นผิว (หลอด) (หลอด), 163.75 
268/21,EUNOVA เม็ดฟู่ Lutein plus C 15s รสส้ม เน้นสายตา (หลอด) (หลอด), 163.75 
268/22,EUNOVA เม็ดฟู่ MULTIVIT plus Magnesium & zinc 15s รสเลม่อน เน้นนอนหลับ (หลอด) (หลอด), 163.75 
141760/1,EUROFER-IRON SYRUP 120ml (ก.1ขวด), 92.50 
141760,EUROFER-IRON SYRUP 60ml (ก.1ขวด), 53.50 
535,EUTHYROX 100mcg 4x25s (ก.4แผง), 161.25 
536,EUTHYROX 50mcg 4x25s (ก.4แผง), 161.25 
14910/1,EVERFAME ALBION MAGZINOL 30g 3x10s (ก.3แผง), 237.00 
593/2,ExelFOS 3g 1sachet (ก.1ซอง), 358.00 
454/3,EXFORGE 10/160mg 4x7s (ก.4แผง), 820.50 
454/1,EXFORGE 5/160mg 4x7s (ก.4แผง), 820.00 
454/2,EXFORGE HCT 10/160/12.5mg 28s (ก.4แผง), 879.00 
4127,EXIB 120mg 3x10s (ก.3แผง), 232.00 
4128,EXIB 60mg 3x10s (ก.3แผง), 211.00 
4126/1,EXIB 90mg 1x5s (ก.1แผง), 41.25 
4126,EXIB 90mg 3x10s (ก.3แผง), 216.00 
1190/5,exp01/26 SWISSE GRAPE-SEED 60s สวิสเซ **ราคาพิเศษ (ขวด), 242.00 
823/1,exp03/25 MUCOSTAR SYRUP 60ml (พีช) (ก.1ขวด), 19.63 
2329/3,exp03/26 CYCLODEX 20mg 20s (ก.2แผง), 71.00 
1001/3,exp04/26 ยาปวดเมื่อย [คุณสัมฤทธิ์] 60เม็ด (ขวด) *ขายขาด (ขวด), 100.00 
14626/1,EXP07/26 MEGA NAT C YUMMY GUMMYZ 25x2s มีlotเดียว โปรดดูวัน exp (ก.25ซอง), 83.00 
98115/4,exp08/25 SNAKE BRAND HERBAL RESCUE SPRAY SF 5ml **ราคาพิเศษ** (ก.1ขวด), 38.00 
3099/20,exp10/26 BETAGLUCAN SHOT 3gx30s (ก.30ซอง), 612.00 
7858/9,exp10/26 VITA-C CHEWY รวมรส เยลลี่ 20sx17.5g (ก.20ซอง), 155.00 
1412850/6,exp 10/26 บ มีlotเดียวNESTLE BOOST FIBER 800g (กระป๋อง) (กระป๋อง), 767.00 
3792,exp11/25 TENOLOL 100mg 10x10s (ก.10แผง), 135.00 
4451/9,exp11/26 DEEDAY BIO C 500mg ผง 1x15sachets (ก.15ซอง) (ก.15ซอง), 152.00 
2127,exp11/26 RHINATHIOL KIDS 60ml (เชอรี่) โปรดดูวัน exp (ก.1ขวด), 53.50 
1315/99,exp12/25 TEMPRA KIDS 60ml (สตอเบอรี่) **ราคาพิเศษ** ขายขาด (ก.1ขวด), 25.00 
533/1,exp12/26 ESSENTIALE FORTE 300mg 9x10s (ก.9แผง), 975.00 
2966,exp12/26 POLYGOT 1x10s **ขายขาด (ก.1แผง), 14.50 
101/4,exp12/26 บ มี lot เดียว PREGABALIN SANDOZ 25mg 56s (ก.8แผง), 529.00 
101/11,exp2/2026 PREGABALIN SANDOZ 150mg 8x7s (ก.8แผง)," 1,645.00 "
2788,exp5/26 บ มี lotเดียว LIPITOR 20mg 3x10s (ก.3แผง)," 1,657.00 "
2720,exp5/26 บ มี lot เดียว XARATOR 40mg 30s กล่องเทา (ก.3แผง), 803.00 
992150,exp6/26 บ มี lot เดียว FLUCOZOLE 150mg 1s (ก.1แผง), 25.75 
1290/1,exp8/26 บ มีlotเดียว SYMBICORT turbuhaler 160/4.5 120dose (ขวด)," 1,134.00 "
787/4,EXPETAN 375mg 50x10s [ยูนีซีน] (ก.50แผง), 585.00 
4056/6,EXTORANT 50x10s เอ็กโทแรนท์ (ก.50แผง), 354.00 
2026,EYEDEX EYE-EAR DROP 5ml (ก.1หลอด), 35.25 
319/2,EYE GEL [TRB] cold hot pack เจลประคบร้อนเย็น (ชิ้น), 45.00 
4203/3,EZB 10mg 3x10s (ก.3แผง), 369.75 
1754/5,EZERRA CLEANSER SAMPLE (หลอด), 150.00 
1754,EZERRA CREAM 25g (ก.1หลอด), 385.00 
1754/22,EZERRA EXTRA CLEANSER 500ML (ขวดใหญ่) (ก.1ขวด), 342.00 
1754/1,EZERRA PLUS CREAM 25g (ก.1หลอด), 399.50 
4203/2,EZETIMIBE SANDOZ 10mg 3x10s (ก.3แผง), 894.00 
4203/4,EZETROL 10mg 3x10s บ มีlotเดียว โปรดดูวัน exp (ก.3แผง)," 1,396.75 "
717/3,EZON-T OINTMENT 10g (ก.1หลอด), 38.00 
717/2,EZON-T SOLUTION 10ml (ก.1ขวด), 41.00 
2017/24,EZYVIT CAL MAG Z 30s แคล แมก ซี (ขวด), 186.00 
2017/26,EZYVIT COLLAGEN10 30s คอลลาเจน10 (ขวด), 279.00 
2017/27,EZYVIT GROWBIOTIC GUMMY 30s โกรว์ไบโอติก (ขวด), 250.00 
2017/25,EZYVIT OMEGA X 30sโอเมก้า เอกซ์ (ขวด), 475.00 
2-275/3,FACLINDA solution 15ml (หลอด), 32.50 
296/100,FAD-40 TABLET 10x10s (ก.10แผง), 118.00 
3313/2,FADAVAG 500 VT 1s (เหน็บมีไม้) (ก.1เม็ด), 28.75 
244/1,FADRIL LOTION 60ml (ก.1ขวด), 15.25 
07857/7,FahAct PROPOLIS MOUTH SPRAY 20ml (ก.1ขวด), 77.50 
953/5,FALATIEN 1x10s (ก.1แผง), 24.00 
954/1,FALATIEN JUNIOR 60ml (สับปะรด) (ก.1ขวด), 36.00 
3384/4,FALERM CREAM 5g (ก.1หลอด), 18.00 
2291/1,FALETE 250mg 500s ฟาลีท (กระปุก), 670.00 
3763/1,FALETE 500mg 10x10s เทา-ครีม (ก.10แผง), 272.00 
3763/2,FALETE 500mg 500s เทา-ครีม (กระปุก)," 1,180.00 "
296/94,FAMOC 20mg 10x10s (เม็ดกลมไข่ไก่) (ก.10แผง), 126.75 
296/96,FAMOSIA F/C TABLETS 20mg 10x10s (เม็ดกลมส้มอิฐ) (ก.10แผง), 58.75 
296/95,FAMOSIA F/C TABLETS 40 mg 10x10s (ก.10แผง), 74.75 
296/99,FAMOTAB 20 FC 1000s (กระปุก), 289.00 
2265,FANGO-BD CREAM 15g (ก.1หลอด), 29.25 
4043,FANGO-BD CREAM 5g น้ำเงิน (ก.1หลอด), 14.75 
195/15,FANGO CREAM 15g (ก.1หลอด), 24.25 
195,FANGO CREAM 5g มีโปรซื้อเยอะ (ก.1หลอด), 13.00 
296/102,FANIDINE-40 10x10s (ก.10แผง), 159.00 
2-54/6,FAR INFRARED PATCH SCENT SOS แผ่นแปะร้อนแก้ปวด 8x12cm(12ซองx2ชิ้น) กล่องสีชมพู (ก.12ซอง), 249.00 
2-54/3,FAR INFRARED PATCH SOS แผ่นแปะร้อนแก้ปวด 8x12cm(12ซองx2ชิ้น) (ก.12ซอง), 281.00 
2-54/1,FAR INFRARED PATCH SOS แผ่นแปะร้อนแก้ปวด 8x12cm (4ซองx2ชิ้น) (ก.4ซอง), 94.00 
2-54/4,FAR INFRARED PATCH SOS แผ่นแปะร้อนแก้ปวด เข่าบ่าไหล่ 10.5x15.5cm(12ซองx2ชิ้น) (ก.12ซอง), 310.00 
2-54/2,FAR INFRARED PATCH SOS แผ่นแปะร้อนแก้ปวด เข่าบ่าไหล่ 10.5x15.5cm(4ซองx2ชิ้น) (ก.4ซอง), 103.00 
2-54/5,"FAR INFRARED PATCH SOS แผ่นแปะร้อนแก้ปวด ทรงกลมเฉพาะจุด 3x3cm,5x5cm (10ซองx6ชิ้น) (ก.10ซอง)", 170.00 
99501,FARMACEF 500 1x10s (ก.1แผง), 152.50 
678/5,FARMALEX 500mg 10x10s ส้ม-เทา (ก.10แผง), 342.00 
3002/4,FARTUSSIN 20x10s (ก.20แผง), 265.00 
4092/2,FASCAR 500mg 10x10s (ก.10แผง), 745.00 
13353/34,Fastep atk 2in1 น้ำเงิน 1test ลัง375 Covid (กล่อง) (ก.1ชุด), 17.50 
2-287,FASTUM GEL 30g (หลอด), 77.50 
1543/3,FATEC SYRUP 100ml (ก.1ขวด), 38.00 
228/2,FATICIN CREAM 5 g (ก.1หลอด), 54.25 
567,FBC 1x100s (ถุง100s), 63.00 
1321/8,FC1 พลาสเตอร์ผ้า ปิดแผล 12ชิ้น ลายสายรุ้ง (ก.12ชิ้น) (ก.12ชิ้น), 14.50 
3724/4,FEBUXOSTAT SANDOZ 80mg 3x10s (ก.3แผง)," 1,485.00 "
2159/12,FEEL MOM Air Aromatherapy Spray 200ml สเปรย์ปรับอากาศหัวหอม (ขวด), 134.00 
1922/16,FEEL MOM รีเฟรชชิ่ง เบบี้ ออยส์ เซรัม หอมแดง (หยด) 12ml (ก.1ขวด), 78.00 
683/1,FEENOZE NASAL SPRAY 0.05% (ก.1ขวด), 62.75 
2-55/2,FEITAS DICLOFENAC PATCH ปิดแก้ปวด เฟตัส (ซอง2ชิ้น) มีโปรซื้อเยอะ (ซอง2ชิ้น), 62.50 
2-55/7,FEITAS DICLOFENAC PATCH ปิดแก้ปวด เฟตัส (ซอง7ชิ้น) (ซอง7แผ่น), 185.00 
2329/2,FELCAM FILM COATED TABLETS 50x10s (เม็ดรีแดง) (ก.50แผง), 253.00 
2302/1,FELOPINE 5mg 3x10s (ก.3แผง), 72.00 
91510/1,FELXICAM 10mg 1000s (สีขาวตัวD) (กระปุก), 168.00 
91510/2,FELXICAM 10mg 1000s (สีขาวเลข5) (กระปุก), 168.00 
91510/5,FELXICAM 10mg 1000s (สีส้มกลม) (กระปุก), 168.00 
3601/3,FENACAINE INJ LBS (Diclofenac+Lidocaine) 2mlx50s (ก.50ขวด), 275.00 
3601/2,FENAC DICLOFENAC ฉีด INJ LBS 3mlx10s (ก.10ขวด), 47.00 
183,FENAFEX 180mg 1x10s (ก.1แผง), 62.50 
182,FENAFEX 60mg 1x10s (ก.1แผง), 29.10 
3694/4,FENAMAX [Tolfenamic acid] 10x8s (ก.10แผง), 825.00 
436,FENISTIL GEL 20g (ก.1หลอด), 55.75 
567/4,FERCIROL 10x10s (ก.10แผง), 337.00 
2-334/2,FERLI-6 1000s *ใหม่295บ (กระปุก), 279.00 
2-334/3,FERLI-6 50x30s *ใหม่599บ (ก.50แผง), 565.00 
9998/12,Ferro-B 100s [intervetta] (ขวด), 575.00 
9998/21,Ferro-Boost 100ml [intervetta] (ขวด), 165.00 
567/1,FERROPRO สูตรFBC 1x100s (ก.100เม็ด), 37.00 
1082/1,FESPA 500mg 1x10s (ก.1แผง), 16.00 
2070/11,FEXOFAST-180mg 5x10s (ก.5แผง), 294.00 
10360,FEXOTINE 60mg 1x10s (ก.1แผง), 25.50 
3907/15,FIBER FLOW gummy 6x1x4s รสมะขามเปรี้ยว (ก.6ซอง), 169.00 
3907/16,FIBER FLOW gummy 6x1x4s รสมิกซ์เบอร์รี่ มี (ก.6ซอง), 169.00 
3907/13,FIBER FLOW gummy 6x1x4s รสแอปเปิ้ลเขียว (ก.6ซอง), 169.00 
4451/1,FIBERMATE DAILY 60g (ขวด), 152.00 
4451/7,FIBERMATE JELLY STRIP 15gx10s (ก.10ซอง), 185.00 
911,FIBRIL 160mg 3x10s (ก.3แผง), 175.00 
1419/3,FICEF 100mg 1x10s (cefixime) สูตร SIXIME (ก.1แผง), 135.00 
242-1/2,FINASCAR 5mg 3x10s (ก.3แผง), 200.50 
242-1/3,FINASCIA 1mg 3x10s (ก.3แผง), 188.00 
242/1,FINASTERIDE 1mg 3x10s (ก.3แผง), 169.00 
242,FIRIDE 1mg 3x10s (ก.3แผง), 272.00 
242-1,FIRIDE 5mg 3x10s (ก.3แผง), 439.00 
578,FISHERMAN ซูการ์ฟรี เชอรี่ (แดง-ลาย) ฟิชเชอร์แมนส์ (ซอง), 28.25 
576,FISHERMAN ซูการ์ฟรี ซีตรัส CITRUS(เขียวอ่อน-ลาย) ฟิชเชอร์แมนส์ (ซอง), 28.25 
579,FISHERMAN ซูการ์ฟรี ดั้งเดิม (ฟ้า-ขาว) ฟิชเชอร์แมนส์ บ ขาด (ซอง), 28.25 
585,FISHERMAN ซูการ์ฟรี แบล็คเคอร์แร้นท์ (ม่วง-ขาว) ฟิชเชอร์แมนส์ (ซอง), 28.25 
588,FISHERMAN ซูการ์ฟรี มิกซ์เบอร์รี่ (ม่วง-แดง-ขาว) ฟิชเชอร์แมนส์ (ซอง), 28.25 
582,FISHERMAN ซูการ์ฟรี มิ้นท์ (เขียว-ขาว) ฟิชเชอร์แมนส์ (ซอง), 28.25 
575,FISHERMAN ซูก้าร์ฟรี แมนดาริน (ส้ม-ลาย) ฟิชเชอร์แมนส์ (ซอง), 28.25 
577,FISHERMAN ซูการ์ฟรี สเปียร์มินทร์(เขียวเข้ม-ขาว)ฟิชเชอร์แมนส์ (ซอง), 28.25 
574,FISHERMAN ซูการ์ฟรี ฮันนี่ เลมอน (ส้มอ่อน-ขาว) ฟิชเชอร์แมนส์ (ซอง), 28.25 
581,FISHERMAN มิ้นท์ (เขียวล้วน) 38บ ฟิชเชอร์แมนส์ (ซอง), 28.25 
580,FISHERMAN ออริจินัล (ขาว) 38บ ฟิชเชอร์แมนส์ (ซอง), 28.25 
583,FISHERMAN อานิซีด (เหลือง) 38บ ฟิชเชอร์แมนส์ (ซอง), 28.25 
3250/45,FISH OIL salmon 1000mg 45s [VISTRA] วิสตร้า น้ำมันปลาแซลมอน (ขวด), 127.00 
3250,FISH OIL salmon 75s [VISTRA] วิสตร้า น้ำมันปลาแซลมอน (ขวด), 199.50 
3523/5,FIT-BEROC MIXBERRY 7s (ก.1หลอด), 80.50 
3523/4,FIT-BEROC ORANGE 7s (ก.1หลอด), 80.50 
972,Fit CEE สตรอ Strawberry กล่อง12ซอง ฟิต-ซี **ขายขาด (ก.12ซอง), 66.00 
971,Fit CEE ส้ม Orange กล่อง12ซอง ฟิต-ซี (ก.12ซอง) **ขายขาด (ก.12ซอง), 66.00 
970/3,Fit CEE องุ่น Grape กล่อง12ซอง ฟิต-ซี (ก.12ซอง) **ขายขาด (ก.12ซอง), 66.00 
4324/5,FIT COLLAGEN 10000mg 15gx10s (ก.10ซอง), 452.00 
2140/1,FIT I-CAL PLUS 30s (ก.1ขวด), 237.00 
1152,FITNE ชา ดั้งเดิม เล็ก (2gx10ซอง) 51บ ฟิตเน่ แพค6แบ่งขาย (ถุง10ซอง), 40.17 
3217/9,FIT POSTBIOTIC [PROBIOTIC+INULIN] SF 30ซองx2g (ก.30ซอง), 865.00 
3217/2,FIT PROBIOTIC SHOT SF 30ซองx2g (ก.30ซอง), 556.00 
07857/10,FITT ANDROLIS MOUTH SPRAY 15ml (ก.1ขวด), 77.00 
3217/3,FIT-ZN ZINC AMINO ACID CHELATE 30ซองx2g (ก.30ซอง), 210.00 
2-726/99,FLAMIC GEL 10g (หลอด), 17.00 
2-726,FLAMIC GEL 25g (ก.1หลอด), 43.75 
2-726/2,FLAMIC GEL 50g (ก.1หลอด), 62.25 
2425,FLANIL CREAM 100g (ก.1หลอด), 62.50 
2426,FLANIL CREAM 30g (ก.1หลอด), 22.00 
2427,FLANIL CREAM 60g (ก.1หลอด), 39.50 
2505,FLAVORIN 100mg 10x10s (ก.10แผง), 186.00 
2805,FLAVORIN 100s (ขวด), 167.75 
2429,FLEMEX 10s (แผง), 28.00 
722,FLEMEX 120ml (ก.1ขวด), 79.00 
721,FLEMEX 60ml (ก.1ขวด), 47.50 
2907/1,FLEMEX-AC OD 600mg 1x10s (ก.10เม็ด), 131.75 
726,FLEMEX KIDS 60ml (ก.1ขวด), 40.00 
3117/10,FLEMING 1000mg 10x10s (ก.10แผง), 755.00 
3117/1,FLEMING 1000mg 1x10s (ก.1แผง), 91.25 
607/3,FLEMING 228.5mg 70ml (ก.1ขวด), 81.50 
608/1,FLEMING 457mg 70ml (ก.1ขวด), 115.00 
720/3,Flemomile Spray 10ml เฟลมโมมายล์ (ก.1ขวด) (ก.1ขวด), 67.00 
5878/11,FLEX4 5test เทสหมา Zoetis (กล่อง)," 1,450.00 "
4324/3,FLEXIGEN HYDROLYSATE COLLAGEN 10gx15s (ก.15ซอง), 489.00 
99125/11,FLEXY TAB 50mg 500s (เม็ดกลมม่วง) บ ขาด (กระปุก), 175.00 
2-668/1,FLOCTIL 100 DRY **ขึ้น78 (ก.1ขวด), 74.00 
2-668/2,FLOCTIL 200 DRY **ขึ้น97 (ก.1ขวด), 92.00 
4369,FLOCTIL 250 1x6s (ก.1แผง), 49.00 
11301/1,FLORACTO 2x7s บ ขาด (ก.2แผง), 126.00 
1652,Flora ฟลอร่า 2x15s (ก.2แผง), 82.00 
2-179,FLORA ยาสตรี ฟลอร่า 450ml มีโปรซื้อเยอะ (ก.1ขวด), 163.00 
349/4,FLOWAMED POWDER 1500mg 30ซองx3.95g (ก.30ซอง), 175.00 
4221/50,FLOXCIPRO 500 50x10s มีโปรซื้อเยอะ (ก.50แผง), 524.00 
4221,FLOXCIPRO 500mg 10x10s *ใหม่145 (ก.10แผง), 132.00 
2-814/1,FLOXIMED 400 50x10s (ก.50แผง), 682.00 
4092/20,FLOXY EAR DROP 0.3% 5ml (ก.1ขวด), 183.50 
2991,FLUCOZOLE 200mg 5x10s (ก.5แผง), 739.00 
1107,FLUDAN CAPSULES 50x10s (ก.50แผง), 376.00 
2991/1,FLUDIZOL 200mg 10x5s (ก.10แผง), 163.00 
4282,FLUIFORT 120ml (ก.1ขวด), 189.00 
4282/1,FLUIFORT SACHET ซอง 2.7g แบ่งขาย (ซอง), 40.00 
92301,FLUIMUCIL A 200 SF 30ซองx1g (ก.30ซอง), 193.00 
593,FLUIMUCIL A 600mg 10s (ก.1หลอด), 144.00 
593/3,FLUIMUCIL inj ฉีด300 mg/ 3ml 1x5amp (ก.5หลอด), 167.00 
1209,FLUNAGEN 1000s (กระปุก), 246.00 
1208,FLUNAGEN 50x10s (ก.50แผง), 193.00 
186/1,FLUNOBATE-N CREAM 15g (ก.1หลอด), 43.25 
97415,FLUOPH EYE DROPS 0.1% 5ml (ก.1ขวด), 51.25 
1132/1,FLUOXINE 10s (เม็ดเขียวเหลือง) (แผง), 6.15 
1208/1,FLURIN 100x10s (flunarizine) เม็ดเทา-แดง มีโปรซื้อเยอะ (ก.100แผง), 345.00 
97415/1,FML EYE DROP 0.1% 5ml (ก.1ขวด), 85.50 
99995/5,FOAM EAR PLUG ที่อุดหู แบบโฟม (ก.2คู่) แนะนำขาย90 (ก.2คู่), 60.75 
632/3,FOD [friend of drinker] แก้แฮงค์ 5x3s *มีโปรซื้อเยอะ (ก.5ซอง), 326.00 
2-334,FOLIC ACID TABLETS 5mg 1000s (กระปุก), 305.00 
2-334/6,FOLIC ACID TABLETS 5mg 1000s CP *ใหม่384บ (กระปุก), 355.00 
2-334/7,FOLIC ACID TABLETS 5mg 100x10s CP *ใหม่ 398บ (ก.100แผง), 372.00 
2-334/5,Folic F 400mcg 200s GPO (กล่อง50แผง), 95.25 
2-334/4,FOLIC TABLET 5mg 100s CPL **ขายขาด *ใหม่26บ (กระปุก), 20.00 
2-334/1,FOLIC TABLET 5mg 100x10s**ขายขาด มีโปรซื้อเยอะ (แผง), 3.50 
3733/1,FOLIVIT 100s มีโปรซื้อเยอะ (ก.1ขวด), 75.50 
1339/2,FORBIOTIN CAPSULES 250mg 1000s (ชมพู-ฟ้า) [42] (กระปุก), 675.00 
2436/1,FORLAX SF 20ซองx10g (รสส้มโอ) (ก.20ซอง), 266.00 
3008/2,FORMALIN 37% 450ml สหการ (formaldehyde) (ขวด), 49.50 
4000/1,FORXIGA 10mg 3x10s (ก.3แผง)," 1,495.00 "
1420500/1,FOSAMAX PLUS 70mg/5600IU (ก.4เม็ด)," 1,370.00 "
593/4,FOSFOMICINA 3g 1sachet (กล่อง), 300.00 
1121000/1,FOTAGEL 20mlx20ซอง รสเมล่อน (ก.20ซอง), 425.00 
1121000/2,FOTAGEL 20mlx6ซอง รสเมล่อน (ก.6ซอง), 129.00 
1132/9,FOXETIN 20mg TABLET GPO 50x10s เม็ดตอกสีเขียวหักได้ (ก.50แผง), 443.00 
957/6,FRESH CLEAR EYE WASH 10x10ml ล้างตา (ก.10หลอด), 25.25 
957/5,FRESH CLEAR EYE WASH 10x20ml ล้างตา (ก.10หลอด), 68.00 
225,FUCICORT CREAM 15g (ก.1หลอด), 207.50 
226,FUCICORT CREAM 5g แดง-เหลือง (หลอด), 99.00 
227,FUCIDIN CREAM 15g (ก.1หลอด), 174.00 
228,FUCIDIN CREAM 5g (ก.1หลอด), 87.25 
229,FUCIDIN H CREAM 5g แดง-ดำ (ก.1หลอด), 97.00 
3072,FUCIDIN SODIUM FUSIDATE OINT 2% 15g ส้ม (ก.1หลอด), 174.00 
3071,FUCIDIN SODIUM FUSIDATE OINT 2% 5g ส้ม (ก.1หลอด), 87.25 
228/6,FUDIC-B CREAM 15g (ก.1หลอด), 86.50 
228/5,FUDIC-B CREAM 5g (ก.1หลอด), 42.75 
228/4,FUDIC CREAM 15g (ก.1หลอด), 72.75 
228/3,FUDIC CREAM 5g (ก.1หลอด), 36.50 
2495,FUGACAR 500mg 1x1s (รสผลไม้) (ก.1เม็ด), 27.00 
2039,FULVIN 500 500s (กระปุก)," 1,104.00 "
605,FUNGAZOL 200mg 25x10s (ก.25แผง), 458.00 
605/1,FUNGAZOL SHAMPOO 150ml (ก.1ขวด), 118.75 
3314/12,FUNGICON 100mg 1x6s *ใหม่25.75 (ก.6เม็ด), 23.50 
540/7,FUNGICON CREAM 15g CP *ใหม่ 25.50 (ก.1หลอด), 23.25 
2920,FUNGIDERM 500mg 1s (กล่อง), 29.25 
687,FUNGIDERM-B CREAM 10g (ก.1หลอด), 28.00 
686,FUNGIDERM-B CREAM 20g *มีโปรซื้อเยอะ (ก.1หลอด), 51.25 
688,FUNGIDERM-B CREAM 5g (ก.1หลอด), 17.00 
688/1,FUNGIDERM CREAM 5g (ก.1หลอด), 17.00 
2921,FUNGIDERM VT 100mg 6s (ก.1แผง), 34.40 
540/4,FUNGI-M CREAM 10g (ก.1หลอด), 20.00 
97225,FUNGINOX 2% 25ml **ขึ้น138 (ก.1ขวด), 133.00 
3894/3,FURANO 6x4s กลิ่นกุหลาบ ชมพู เม็ดฟู่ทำความสะอาดฟันปลอม (กล่อง), 81.00 
3894/2,FURANO 6x4s กลิ่นชาเขียว ซองเขียว เม็ดฟู่ทำความสะอาดฟันปลอม (กล่อง), 81.00 
3894/1,FURANO 6x4s กลิ่นมิ้นท์ เม็ดฟู่ทำความสะอาดฟันปลอม (กล่อง), 81.00 
1989,FURETIC 40mg 10x10s (ก.10แผง), 208.00 
1989/2,FURETIC 500mg 10x10s (ก.10แผง), 599.00 
1817/1,FURIDE 40mg 500s (furosemide) (กระปุก), 167.00 
1817/2,FURIDE 500mg 10x10s (furosemide) (ก.10แผง), 246.00 
1989/1,Furosemide GPO 40mg 500s มีซื้อเยอะ (ก.10แผง), 167.00 
1817,FUROSIC 40mg 500s (กระปุก), 126.00 
2890/2,FUROX 30ml (nifuroxazide) ฟูรอกซ์ (ก.1ขวด), 24.25 
2891/1,FUROX 60ml (nifuroxazide) ฟูรอกซ์ (ก.1ขวด), 40.50 
228/7,FUSIDERM CREAM 5g (ก.1หลอด), 38.00 
1391/6,FUTURO POSTURE ADJUSTABLE CORRECTOR พยุงไหล่และหลัง ADJ (ก.1ชิ้น), 435.00 
2-136,FYBOGEL ORANGE 1x10sachet (ก.10ซอง), 195.00 
80/22,GABANIL 300mg 10x10s film-coated (ก.10แผง), 265.00 
80/23,GABANIL 600mg 10x10s film-coated (ก.10แผง), 469.00 
79,GABAPENTIN GPO 100mg 10x10s (ก.10แผง), 170.00 
80,GABAPENTIN GPO 300mg 10x10s (ก.10แผง), 290.00 
551/1,GALE 50mg 1x10s (ก.1แผง), 246.00 
2325/3,GALVUS MET 50/1000 6x10s (ก.6แผง)," 1,289.00 "
1673,GANATON 50mg 1x10s (ก.1แผง), 150.50 
2289,GANOSPEC 500mg 1x10s (ก.1แผง), 40.50 
178450,GANO ยาน้ำ ว่านชักมดลูก 500cc 290บ กาโน่ (ก.1ขวด), 136.00 
25139/3,GAPENTIN 300mg 10x10s [ชุมชน] (ก.10แผง), 285.00 
611,GARAMYCIN CREAM 15g (ก.1หลอด), 100.00 
751/1,GARUTO 1x10s (ก.1แผง), 15.25 
2693/2,GAS-MED PLUS 60ml (ก.1ขวด), 19.25 
1673/1,GASMOTIN 5mg 3x10s (ก.3แผง), 410.00 
296/8,GASTER 20mg 2x7s แกสเตอร์ ชมพู-เทา (ก.2แผง), 34.50 
948240,GASTRO-BISMOL 240ml (รสส้ม) (ก.1ขวด), 97.00 
947240,GASTRO-BISMOL 240ml (รสสสละ) (ก.1ขวด), 97.00 
912050,GASTRO-BISMOL 524 1x10s (ก.1แผง), 43.50 
2-553/11,GASTROSEC 1x14s (ก.1แผง), 32.00 
2527,GASZYM 10x10s *ราคาพิเศษ* *ใหม่270บ (ก.10แผง), 261.00 
2-369/1,GAUZE Dressing ตาข่ายเคลือบพาราฟิน 10x10CM sos กล่อง10แผ่น (ก.10แผ่น), 105.00 
174-1,Gauze รถพยาบาล ผ้าก๊อซพันสำเร็จรูป ซอง8แผ่น 2นิ้วx2นิ้ว (ก.10ซอง), 37.25 
175-1,Gauze รถพยาบาล ผ้าก๊อซพันสำเร็จรูป ซอง8แผ่น 3นิ้วx3นิ้ว (ก.10ซอง), 66.75 
176-1,Gauze รถพยาบาล ผ้าก๊อซพันสำเร็จรูป ซอง8แผ่น 4นิ้วx4นิ้ว (ก.10ซอง), 106.50 
5558,GAVISCON ADVANCE PEPPERMINT แดง 24x10ml (ก.24ซอง), 702.00 
5557,GAVISCON ADVANCE แดง PEPPERMINT 150ml (ขวด), 336.00 
5554,GAVISCON DUAL ACTION 150ml (ขวด), 324.00 
5556,GAVISCON DUAL ACTION 24x10ml **ใหม่ 613.50 (ก.24ซอง), 609.00 
5555,GAVISCON DUAL ACTION TABLET 250mg 2x8s (ก.2แผง), 195.00 
5551,GAVISCON LIQ PEPPERMINT GSL150ml (ขวด), 252.00 
5552,GAVISCON SUSPENSION MINT 12x10ml (ก.12ซอง), 265.00 
24-ธ.ค.,G+ BALANCE ตรา ซิสส์ 3x10s (ก.3แผง), 295.00 
1412400/10,GEN-DM 2.5kg นมผู้ป่วยเบาหวาน เจ็น-ดีเอ็ม **ขายขาด (ถุง)," 1,455.00 "
540/1,GENTA-BETASONE CREAM 15g (ก.1หลอด), 46.00 
541/1,GENTA-BETASONE CREAM 5g (ก.1หลอด), 19.00 
2845,GENTADERM CREAM 5g (ก.1หลอด), 19.00 
418,GENTEAL 10ml บ เลิก (ก.1ขวด), 130.50 
418/1,GENTEAL GEL 10g (ก.1หลอด), 162.00 
19003,GENTIAN VIOLET LP 15ml (ขวด), 4.08 
3861/1,GENTIAN VIOLET LP 450ml (ขวด), 33.25 
1352/1,GENTIAN VIOLET SAHAKARN 15ml (ขวด), 6.50 
1910,GENTREX CREAM 5g (ก.1หลอด), 21.75 
683/5,GESTAL DROPS 0.025% 10ml (ก.1ขวด), 45.50 
683/2,GESTAL SPRAY 0.05% 10ml **ขึ้น60 (ก.1ขวด), 49.75 
3-005/3,G.I.- 400 10x10s (cimetidine) มีโปรซื้อเยอะ (ก.10แผง), 141.50 
13353/33,GICA atk 3in1 FLU A/B+COVID ส้ม (กล่อง) *ขายขาด (ก.1ชุด), 45.00 
13353/40,GICA atk 6in1 FLUA/B COVID-19/mp+ RSV/ ADENO+HMPV (ก.1ชุด), 83.00 
13353/3,GICA ATK COVID-19 Nasal/Saliva/Oral Swab เขียว **ขายขาด (ก.1ชุด), 25.00 
1871/1,GK24 (เกร็กคู) กล่องเล็ก 1 เม็ด (ก.1เม็ด), 58.00 
1872/1,GK24 (เกร็กคู) กล่องใหญ่ 4s (ก.4เม็ด), 217.00 
1872/11,GKK24 (เกร็กคู) กล่องใหญ่ 4s (ก.4เม็ด), 217.00 
8140,GLAUCO-OPH EYE DROPS 0.5% *ขายขาด (ก.1ขวด), 99.00 
3238/2,GLIPIMED 5mg 10x10s (ก.10แผง), 48.75 
4776,GLIPTIN 100mg 3x10s (ก.3แผง), 389.00 
626/1,GLUCOLES-500 TABLET 100x10s (ก.100แผง), 367.00 
624,GLUCOLIN 400g กลูโคลิน (กระป๋อง), 138.00 
626,GLUCOPHAGE 500mg 10s (แผง), 21.25 
625,GLUCOPHAGE 850mg 10s (แผง), 37.25 
623,GLUCOPHAGE XR 1000mg 3x10s (ก.3แผง), 258.00 
629,GLUCOPHAGE-XR 750mg 2x15s (ก.2แผง), 225.00 
2434,GLUCOSA 1500 POWDER (LEMON) 30ซอง (รสมะนาว) มีโปรซื้อเยอะ (ก.30ซอง), 245.00 
2434/5,GLUCOSA 1500 POWDER SF 30ซอง มีโปรซื้อเยอะ (ก.30ซอง), 245.00 
2434/3,GLUCOSA 1500 POWDER (รสส้ม) 30ซอง มีโปรซื้อเยอะ (ก.30ซอง), 245.00 
2434/2,GLUCOSA-500 10x10s มีโปรซื้อเยอะ (ก.10แผง), 245.00 
501/1,GLUCOSE ANB (ฉีด) 50% 50cc (ขวด), 20.50 
501/3,GLUCOSE TPD (ฉีด) 50% 50cc (ขวด), 20.50 
349/1,GLUCOTRIL 1500mg 30ซองx4g (ก.30ซอง), 193.00 
4000/4,GLUCOVIA 100mg 2x14s (ก.2แผง), 389.00 
3795/7,GLUTRIL 1500mg 30ซองx3.95g [ชุมชน] (ก.30ซอง), 232.00 
3795/12,GLUTRIL-cap 500mg 3x10s [ชุมชน] (ก.3แผง), 80.50 
3238/4,GLYCEDIAB 5mg 10x10s [ชุมชน] (ก.10แผง), 81.00 
3238/5,GLYCEDIAB 5mg 50x10s [ชุมชน] (ก.50แผง), 315.00 
91,GLYCERIN SUPPOSITORIES FOR ADULTS 1x12แท่ง (ผู้ใหญ่) (ก.12แท่ง), 55.00 
92,GLYCERIN SUPPOSITORIES FOR INFANTS 1x12แท่ง (เด็ก) (ก.12แท่ง), 48.50 
92/1,GLYCERIN SUPPOSITORIES FOR INFANTS 6×2s กล่องซอง (เด็ก) มีโปรซื้อเยอะ (ก.6ซอง), 57.50 
2-791/4,GLYCERYL GUAIACOLATE 100mg/5ml 60ml (เชอร์รี่) เปลือย (ขวด), 13.00 
3907/11,G NITE gummy 6x1x4s รสราสป์เบอร์รี่ (ก.6ซอง), 169.00 
3907/12,G NITE gummy 6x1x4s รสองุ่นเคียวโฮ (ก.6ซอง), 169.00 
3907/30,G NITE gummy MAGNESIUM 6x1x4s รสมิกซ์เบอร์รี่ SF (ก.6ซอง), 169.00 
3907/19,G NITE KIDS gummy 6x1x6s รสสตรอว์เบอร์รี (ก.6ซอง), 169.00 
2266/1,G NITE XS L-CARNITINE GUMMY 6x1x4s รสพีช (ก.6ซอง), 169.00 
3449/22,GOOD FOR ALL ALCOHOL HAND SPRAY 1000ml [food grade] (ขวด), 58.00 
3449/21,GOOD FOR ALL ALCOHOL HAND SPRAY 100ml [food grade] (ขวด), 24.50 
3449/25,GOOD FOR ALL ALCOHOL HAND SPRAY 5000ml [food grade] (ขวด), 250.00 
3449/20,GOOD FOR ALL ALCOHOL HAND SPRAY 500ml [food grade] (ขวด), 65.00 
08045/11,GOOD FOR ALL BALANCE Synbiotics ปรับสมดุลลำไส้ 3x10s (ซอง3แผง), 199.00 
1504/34,GOOD FOR ALL FOCUS T 5gx10ซอง กลิ่นโคล่า ช่วยเพิ่มสมาธิ (ก.10ซอง), 145.00 
08045/13,GOOD FOR ALL GOOD MULTI B GABA ความจำ 3x10s (ซอง3แผง), 199.00 
08045/10,GOOD FOR ALL GOOD ZEEP เมลาโทนินธรรมชาติ ช่วยนอนหลับ 3x10s (ซอง3แผง), 199.00 
08045/12,GOOD FOR ALL LYCO PLUS ผิวพรรณ กระเพาะปัสสาวะอักเสบ ต่อมลูกหมาก 3x10s (ซอง3แผง), 199.00 
2140/20,GOOD FOR ALL MAGNE CARE 60s (ขวด), 237.00 
632/4,GOOD READY แก้แฮงค์ 25x3s [GOOD FOR ALL] (ก.25ซอง), 999.00 
1845/1,GOOSE-NAZINE 50x10s (ก.50แผง), 159.00 
317/1,GOUTIC 0.6mg 50x10s (colchicine) (ก.50แผง), 297.00 
317/2,GOUTICHINE 0.6mg 10x10s (colchicine) (ก.10แผง), 99.00 
021/2,GPO ALCOHOL Ethyl Alcohol Solution 70% 450ml (ขวด), 51.00 
1930/1,GPO ALCOHOL Ethyl Alcohol Solution 70% 60ml (ขวด), 10.75 
242-1/1,GPO-FINAX 5mg 3x10s (ก.3แผง), 226.00 
3828/1,GPO METH CASSETTE ชุดทดสอบสารเสพติดเมทแอมเฟตามีน แบบตลับหยด (มีอุปกรณ์) (ลัง50ชุด), 810.00 
3828/2,GPO METH STRIP ชุดทดสอบสารเสพติดเมทแอมเฟตามีน แบบแผ่นทดสอบ (ไม่มีอุปกรณ์) (ก.50ชุด), 545.00 
903500/5,GPO MOX CAPSULES 250mg 50x10s (ก.50แผง), 790.00 
903500/4,GPO MOX CAPSULES 500mg 50x10s (เม็ดดำ-เหลือง) *มีโปรซื้อเยอะ (ก.50แผง)," 1,168.00 "
1071/1,GRAFADEX EYE DROPS 5ml (gentamicin) (ก.1ขวด), 24.50 
96610,GRAMMIXIN CREAM 10g (ก.1หลอด), 29.75 
3835,GREATER CA-R-BON 10x10s (ก.10แผง), 141.50 
2189/24,G SURE PLUS กระดาษทิชชูเปียก ห่อ50ชิ้น 250mmx250mm (ห่อ50ชิ้น), 38.50 
5556/3,GUTTRU DUAL 12ซองx10ml (ก.12ซอง), 120.00 
5554/1,GUTTRU DUAL 150ml (ขวด), 221.00 
5556/1,GUTTRU DUAL 24ซองx10ml (ก.24ซอง), 370.00 
4410/2,GY FEMININE HYGIENIC GEL 190ml สูตรเย็น (ขวด), 62.00 
4899,GYNACAP ไกน่าแคป (ITRACONAZOLE 100mg) 1x4s (ก.1แผง), 39.25 
636,GYNECON VT 20x5s*ใหม่286.75 (ก.20แผง), 270.75 
636/2,GYNECON VT ยาสอด 1x7s *ใหม่22.25 (ก.7เม็ด), 21.00 
835/6,GYNOGENA 1x4s (tinidazole) มีโปรซื้อเยอะ (ก.1แผง), 24.00 
640,HAEMOVIT 100s (ก.1ขวด), 70.25 
640/1,HAEMOVIT ACTIVE 31s สูตรโสมสกัด (ก.1ขวด), 290.00 
641,HAEMOVIT-GOLD 31s (ก.1ขวด), 195.00 
3441,HAFIF SHAMPOO 50ml (ก.1ขวด), 43.00 
133302,HAIRKO HAIR TONIC 60ml [BKD] สเปรย์บำรุงเส้นผม หนังศีรษะ ไม่ต้องล้างออก (ก.1ขวด) (ก.1ขวด), 147.00 
1174/10,HAIRMAZZ 5% 60ml (ก.1ขวด), 255.00 
3026/6,HALODIN 50x10s (ก.50แผง), 279.00 
2266/4,HANDY HERBS ENER-G 1x24x2s (ก.24ซอง), 315.00 
2266/3,HANDY HERBS ถังเช่าสกัด 1x12x2s (ก.12ซอง), 315.00 
2266/2,HANDY HERBS ถังเช่าสกัด 1x24x2s (ก.24ซอง), 630.00 
4312,HARNAL OCAS 0.4mg 3x10s **ขายขาด (ก.3แผง), 925.00 
4153,HARTSORB 5mg 10x10s (ก.10แผง), 118.00 
4434,HASHI BABY DROP น้ำเกลือหยดจมูก 4ml เขียว (ก.1ขวด), 39.00 
4433,HASHI BABY DROP น้ำเกลือหยดจมูก 4ml ฟ้า (ก.1ขวด), 43.50 
1156,HASHI GENTLE FORMULAR REFILL น้ำเกลือสูตรอ่อนโยน 1.7g 30s เขียว (ก.30ซอง), 57.50 
3628,HASHI ORIGINAL FORMULAR REFILL 2.8g 30s ฟ้า (ก.30ซอง), 58.00 
1155/1,HASHI PLUS ชุดอุปกรณ์ล้างจมูก+น้ำเกลือสูตรอ่อนโยน 1.7g 15s ชมพู (ก.1ชุด), 150.50 
1155,HASHI PLUS ชุดอุปกรณ์ล้างจมูก+น้ำเกลือสูตรอ่อนโยน 1.7g 15s ฟ้า (กล่อง), 150.50 
4430,HASHI SALINE SPRAY 30ml ฟ้า บ ขาด (ก.1ขวด), 91.50 
2760,HAWKSONE 20mg 1x10s (ก.1แผง), 12.17 
3827/4,HCG STRIP ตรวจตั้งครรภ์ (จุ่ม) สีฟ้า (ก.1ชุด), 6.00 
334/3,HEALIS LUMBAR LS BACK SUPPORT เข็มขัดพยุงหลัง L 30-36นิ้ว (ก.1ชิ้น), 355.00 
334/2,HEALIS LUMBAR LS BACK SUPPORT เข็มขัดพยุงหลัง M 26-30นิ้ว (ก.1ชิ้น), 355.00 
334/4,HEALIS LUMBAR LS BACK SUPPORT เข็มขัดพยุงหลัง XL 36-42นิ้ว (ก.1ชิ้น), 355.00 
654,HECIN LICE KILLER CREAM 20g ครีมกำจัดเหาเฮซิน *ใหม่34.50 (ก.1หลอด), 27.67 
3824/6,HEIDI 200mg 20x10s (ก.20แผง), 269.00 
3824/8,HEIDI 400mg 20x10s (ก.20แผง), 498.00 
232/6,HEIDI 60ml รสส้ม สยาม (ibuprofen) (ก.1ขวด), 48.00 
2300/4,HEMOLON 3x10s (ก.3แผง), 106.00 
4798/7,HEMOMIN BLEND รสวนิลลา 400g แทนมื้ออาหาร (กระปุก), 340.00 
4798/4,HEMOMIN รสกาแฟ EGG Albumen ผง 400g (กระปุก), 586.00 
4798/3,HEMOMIN รสช็อกโกแลต EGG Albumen ผง 400g (กระปุก), 586.00 
4798/1,HEMOMIN รสวนิลลา EGG Albumen ผง 400g (กระปุก), 586.00 
4798/5,HEMOMIN รสสตอว์เบอร์รี่ EGG Albumen ผง 400g (กระปุก), 586.00 
4798/2,HEMOMIN รสออริจินอล จืด EGG Albumen ผง 400g (กระปุก), 586.00 
14024,HEPACAP 10x10s (ก.10แผง), 495.00 
4470,HEPALAC 100ml มีโปรซื้อเยอะ (ก.1ขวด), 76.50 
4470/3,HEPALAC 200ml (ก.1ขวด), 115.00 
9998/5,Hepaphos 10x10s บำรุงตับ (ก.10แผง)," 1,220.00 "
4470/4,HEPATOLAC 1000ml (ขวด), 385.00 
4470/1,HEPATOLAC 100ml **ราคาพิเศษ** (ก.1ขวด), 63.50 
4470/2,HEPATOLAC 10x15ml (lactulose) มีโปรซื้อเยอะ (ก.10ซอง), 96.75 
172202/2,Herbal one garlicการ์ลิค กระเทียม [อ้วยอัน] 100s 300บ (แพค6ขวด) (ขวด), 193.00 
172202,HERBAL ONE กระชายขาว สกัด [อ้วยอัน] 60s 300บ (แพค6ขวด) (ขวด), 144.00 
172202/14,Herbal one กระชายดำ 100s [อ้วยอัน] (ขวด), 145.50 
172202/1,Herbal one เซซามิน งาดำ [อ้วยอัน] 60s 400บ (แพค6ขวด) (ขวด), 191.75 
3931/6,HERBAL ONE ตรีผลา [อ้วยอัน] 100s (ขวด), 97.00 
246/2,HERBAL ONE น้ำมันรำข้าวและจมูกข้าว [อ้วยอัน] 500มก 60s 500บ โอโรซา (ขวด), 212.00 
172202/6,Herbal one ใบบัวบกสกัด Gotu Kola [อ้วยอัน] 60s 300บ (แพค6ขวด) (ขวด), 144.00 
172202/12,Herbal one พรมมิ [อ้วยอัน] 60s 360บ (แพค6ขวด) (ขวด), 175.00 
172202/8,Herbal one พลูคาว [อ้วยอัน] 100s 240บ (แพค6ขวด) (ขวด), 117.00 
172202/7,Herbal one เพชรสังฆาต [อ้วยอัน] 100s 180บ (แพค6ขวด) (ขวด), 86.00 
172201,Herbal one มะระขี้นก สกัด [อ้วยอัน] ขวด100s 300บ (แพค6ขวด) ขวด (ขวด), 144.00 
4193/2,Herbal one รางจืด 100s [อ้วยอัน] (ขวด), 96.00 
172202/9,Herbal one ว่านชักมดลูก [อ้วยอัน] 100s 200บ (แพค6ขวด) (ขวด), 96.00 
632/2,Herbal one เห็ดหลินจือ 100s [อ้วยอัน] (ขวด), 240.00 
172202/11,Herbal one อบเชย [อ้วยอัน] 100s 200บ (แพค6ขวด) (ขวด), 97.00 
172202/10,Herbal one โอโคเบอร์รี่ สายตา [อ้วยอัน] 60s 300บ (แพค6ขวด) (ขวด), 144.00 
1308/1,HEROMYCIN 250mg 1x10s (ก.10เม็ด), 21.50 
1308/4,HEROMYCIN 250mg 1x4s ก.25แผง (ก.25แผง), 205.00 
1304/2,HEROMYCIN ฮีโร่ 500mg 1x10s (ก.10เม็ด), 33.50 
4497/1,HERPENON 800 10x10s (ก.10แผง), 445.00 
1551/2,HERPENON CREAM 5g (ก.1หลอด), 16.75 
2579/1,HEXENE 100ml (ขวด), 43.00 
2579/12,HEXENE 450ml (ขวด), 161.50 
2579/3,HEXENE 45ml (ขวด), 22.50 
2579/4,HEXENE 5000ml (ขวดลิตร) (ขวด), 900.00 
2579/2,HEXENE 500ml (ขวดปั๊ม) (ขวด), 117.00 
653,HEXIN 1x4s ยาถ่ายพยาธิตัวตืด (ก.1แผง), 16.25 
3677/1,HIALID 0.1% 5ml มีโปรซื้อเยอะ (ก.1ขวด), 143.00 
3677/3,HIALID 0.3% 5ml สีเขียว (ก.1ขวด), 277.00 
3677/2,HIALID MINI 0.1 0.4mlx30s (ก.30หลอด), 292.00 
3677/4,HIALID MINI 0.3% 0.4mlx30s (ก.30หลอด), 479.00 
1498,HICEE 100mg 40x4s (ก.40แผง), 192.00 
1500,HICEE 100mg SWEETLETS 200s (ก.1ขวด), 136.00 
670,HICEE 100mg SWEETLETS 50s (ก.1ขวด), 54.50 
655,HICEE SWEETLETS 500mg 10หลอดx15s (ก.10หลอด), 587.00 
655/5,HICEE VITAMIN C 500mg 4x15s (ก.4หลอด), 236.00 
2931,HIDIL 300mg 10x10s (ก.10แผง), 192.00 
2932,HIDIL 600mg 10x10s (ก.10แผง), 336.00 
2-140/4,HIDRASEC 100mg 1x10s **ขึ้น275 (ก.1แผง), 273.00 
2-140/3,HIDRASEC PEDIATRIC 30mg 1x16ซอง (ผง) (ก.16ซอง), 507.00 
5128/4,HIGAN 50x10s กลมขาว (ก.50แผง), 628.00 
663,HIRUDOID CREAM 10g แดง (ก.1หลอด), 76.00 
659,HIRUDOID CREAM 20g แดง (ก.1หลอด), 132.00 
661,HIRUDOID CREAM 40g แดง (ก.1หลอด), 206.00 
2490,HIRUDOID FORTE CREAM 10g (ก.1หลอด), 122.00 
2501,HIRUDOID FORTE CREAM 20g (ก.1หลอด), 215.00 
2506,HIRUDOID FORTE CREAM 40g น้ำเงิน (ก.1หลอด), 315.00 
660,HIRUSCAR ANTI-ACNE ADVANCE SPOT GEL 10g (หลอด), 235.00 
4699,HIRUSCAR ANTI-ACNE ADVANCE SPOT GEL 4g (ก.1หลอด), 127.00 
665,HIRUSCAR GEL 7g ฟ้า-เหลือง (ก.1หลอด), 142.50 
665/2,HIRUSCAR KIDS GEL 10G เด็ก (ก.1หลอด), 185.50 
2493,HIRUSCAR POST ACNE 10g ฟ้า-ขาว (ก.1หลอด), 219.00 
2492,HIRUSCAR POST ACNE 5g ฟ้า-ขาว (ก.1หลอด), 147.50 
657,HIRUSCAR SILICONE PRO 10g (ก.1หลอด), 347.00 
656,HIRUSCAR SILICONE PRO 4g มีโปรซื้อเยอะ (ก.1หลอด), 207.50 
664/1,HIRUSCAR ULTRA GEL 20g ฟ้า-เหลือง (ก.1หลอด), 389.00 
665/1,HIRUSCAR ULTRA GEL 5g ฟ้า-เหลือง (ก.1หลอด), 139.00 
283/1,HISTADINE 1x10s ฮีสทาดีน บ.ขาด (ก.1แผง), 12.00 
667,HISTA-OPH EYE DROPS 12x5ml (ก.12ขวด), 325.00 
3279/3,HISTIGO-16 6x10s blister (ก.6แผง), 189.00 
3279/4,HISTIGO-24 2x10s (ก.2แผง), 125.00 
1304/1,HK-MYCIN 500mg 1x10s (ก.1แผง), 30.25 
2377/7,HOF BIO VITAMIN C 1000mg 3x10s HOF (ก.3แผง), 129.00 
1156/1,HOF CARE Isokean refill น้ำเกลือ 2.16gx30s ฟ้า (ก.30ซอง) (ก.30ซอง), 57.00 
1156/2,HOF CARE Isokean refillพร้อมขวดน้ำเกลือ 2.16gx20s ฟ้า (ชุด), 137.00 
403/12,HOFVATE 15g (ก.1หลอด), 29.50 
404/1,HOFVATE 5g (ก.1หลอด), 12.00 
1872/3,HOF ZER 1x10s (บำรุงชาย) (ก.10เม็ด), 428.00 
1829/1,HOM TESTOCAPS 3x10s (ก.3แผง), 259.50 
3717/3,HOREN 140mg 1x10s TNP เม็ดแดง (ก.1แผง), 116.75 
2795,HOT WATER BOTTLE BIG กระเป๋าน้ำร้อน 36.3x21.7cm (ใบ), 66.00 
2795/1,HOT WATER BOTTLE SMALL กระเป๋าน้ำร้อน 26.5x16cm (ใบ), 60.00 
405/1,HYATEAR 20หลอดx 0.3ml (ก.20หลอด), 239.00 
405/5,HYATEAR 5หลอดx 0.45ml (ก.5หลอด), 70.50 
4396,HYCARE SENS ถุงมือ ไฮแคร์เซนส์ 1x100p size M (ก.100ชิ้น), 116.00 
1495/3,HY-C VITAMIN C 50mg 36x20s รสสตรอเบอร์รี่ (กล่อง), 288.00 
1495/4,HY-C VITAMIN C 50mg 36x20s สับปะรด (กล่อง), 288.00 
639,HYDROCHLOROTHIAZIDE HCTZ 50mg 1000s (ฟ้า) (กระปุก), 187.00 
638,HYDROCHLOROTHIAZIDE HCTZ 50mg 1000s (เม็ดส้ม) (กระปุก), 187.00 
8002,HYDROCHLOROTHIAZIDE HCTZ GPO 25mg 50X10s (ก.50แผง), 175.00 
7938,HYDROCHLOROTHIAZIDE HCTZ GPO 50mg 50x10s (ก.50แผง), 260.00 
3008/1,HYDROGEN PEROXIDE LP 6% 450ml เสือดาว (ขวด), 18.50 
1965,HYDROGEN PEROXIDE SOLUTION 30ml ศิริบัญชา ไฮโดรเจน (ขวด), 5.67 
1966,HYDROGEN PEROXIDE SOLUTION 450ml ศิริบัญชา ไฮโดรเจน (ขวด), 20.25 
1967,HYDROGEN PEROXIDE SOLUTION 60ml ศิริบัญชา ไฮโดรเจน (ขวด), 6.50 
1771-1/2,HYDROX-10mg 100x10s (เม็ดกลมขาว) (ก.100แผง), 175.00 
2-410/3,HYDROX-25 50x10s (เม็ดรีขาว) (ก.50แผง), 240.00 
2-410/4,HYDROX-25 TABLET 1000s (เม็ดรีฟ้า) (กระปุก), 310.00 
2-410/2,HYDROX-25 TABLET 50x10s (เม็ดรีฟ้า) (ก.50แผง), 238.00 
1771-1,HYDROXYZINE-FC 10mg 100x10s (ก.100แผง), 156.00 
1771,HYDROXZINE-FC 10mg 1000s (กระปุก), 127.50 
3062/1,HYLES 100mg 10x10s (ก.10แผง), 518.50 
2022,HYOSCINE STAR SYRUP 30ml (ก.1ขวด), 18.00 
2022/2,HYOSMAN LIQUID 30ml (ก.1ขวด), 14.50 
237/1,HYOZIN 50x10s (ก.50แผง), 618.00 
1815,HYPODERMIC NEEDLE 18Gx1 1/2 เข็มฉีดยา (ก.100ชิ้น)[NIPRO] (ก.100ชิ้น), 55.00 
1811,HYPODERMIC NEEDLE 18Gx1 เข็มฉีดยา (ก.100ชิ้น)[NIPRO] (ก.100ชิ้น), 55.00 
2015,HYPODERMIC NEEDLE 20Gx1 1/2 เข็มฉีดยา (ก.100ชิ้น)[NIPRO] (ก.100ชิ้น), 55.00 
2011,HYPODERMIC NEEDLE 20Gx1 เข็มฉีดยา (ก.100ชิ้น)[NIPRO] (ก.100ชิ้น), 55.00 
2115,HYPODERMIC NEEDLE 21Gx1 1/2 [NIPRO] เข็มฉีดยา (ก.100ชิ้น) (ก.100ชิ้น), 55.00 
211,HYPODERMIC NEEDLE 21Gx1 [NIPRO] เข็มฉีดยา (ก.100ชิ้น) (ก.100ชิ้น), 55.00 
2215,HYPODERMIC NEEDLE 22Gx1 1/2 [NIPRO] เข็มฉีดยา (ก.100ชิ้น) (ก.100ชิ้น), 55.00 
2211,HYPODERMIC NEEDLE 22Gx1 [NIPRO] เข็มฉีดยา (ก.100ชิ้น) (ก.100ชิ้น), 55.00 
2315,HYPODERMIC NEEDLE 23Gx1 1/2 [NIPRO] เข็มฉีดยา (ก.100ชิ้น) (ก.100ชิ้น), 51.50 
2311,HYPODERMIC NEEDLE 23Gx1 [NIPRO] เข็มฉีดยา (ก.100ชิ้น) (ก.100ชิ้น), 55.00 
2415,HYPODERMIC NEEDLE 24Gx1 1/2 [NIPRO] เข็มฉีดยา (ก.100ชิ้น) (ก.100ชิ้น), 55.00 
2414,HYPODERMIC NEEDLE 24Gx1 1/4 [NIPRO] เข็มฉีดยา (ก.100ชิ้น) (ก.100ชิ้น), 55.00 
2411,HYPODERMIC NEEDLE 24Gx1 [NIPRO] เข็มฉีดยา (ก.100ชิ้น) (ก.100ชิ้น), 55.00 
2515,HYPODERMIC NEEDLE 25Gx1 1/2 [NIPRO] เข็มฉีดยา (ก.100ชิ้น) (ก.100ชิ้น), 55.00 
2511,HYPODERMIC NEEDLE 25Gx1 [NIPRO] เข็มฉีดยา (ก.100ชิ้น) (ก.100ชิ้น), 55.00 
2615,HYPODERMIC NEEDLE 26Gx1/2 [NIPRO] เข็มฉีดยา (ก.100ชิ้น) (ก.100ชิ้น), 55.00 
2611,HYPODERMIC NEEDLE 26Gx1 [NIPRO] เข็มฉีดยา (ก.100ชิ้น) (ก.100ชิ้น), 55.00 
2715,HYPODERMIC NEEDLE 27Gx1/2 [NIPRO] เข็มฉีดยา (ก.100ชิ้น) (ก.100ชิ้น), 55.00 
2711,HYPODERMIC NEEDLE 27Gx1 [NIPRO] เข็มฉีดยา (ก.100ชิ้น) (ก.100ชิ้น), 55.00 
676,IBIAMOX 500mg 2x10s (ก.2แผง), 93.25 
674,IBIAMOX DRY [SIAM] 125mg (ขวด), 59.50 
2081,IBILEX SUSPENSION 125mg/5ml 60ml (ก.1ขวด), 64.50 
4298,IBROFEN 400 FC 50x10s (ก.50แผง), 382.00 
3847,IBROFEN 600 25x10s มีโปรซื้อเยอะ (ก.25แผง), 287.00 
308,IBROFEN SYRUP 60ml (เปลือย) (ขวด), 12.75 
3824/1,IBUCAP 400mg 1x10s (ก.1แผง), 46.00 
3536,IBUCET 500s (กระปุก), 504.00 
3824/2,IBUCIN 400mg 25x10s (เม็ดเจลส้ม) (ก.25แผง), 995.00 
3824/3,IBUCIN-R 200mg 25x10s (เม็ดเจลฟ้า) (ก.25แผง), 795.00 
232/1,IBUKIDS 60ml (ก.1ขวด), 16.50 
232/4,IBUKRESS suspension 100mg 60ml (ก.1ขวด), 20.75 
232/10,IBUMAN-100 60ml (รสส้ม) (ก.1ขวด), 16.25 
3824/7,IBUMAN-200 TABLET 100x10s (เม็ดกลมชมพู) (ก.100แผง), 455.00 
3824/12,IBUMAN-400 TABLET 100x10s (เม็ดกลมชมพู) (ก.100แผง), 800.00 
286/3,IBUMAN-400 TABLET 500s (เม็ดรีชมพู) (กระปุก), 370.00 
286/4,IBUMAN 600mg 500s (เม็ดรีขาว) (กระปุก), 578.00 
286/2,IBUMAN-PLUS 400mg 40x10s (เม็ดรีม่วง) **ขึ้น665 (ก.40แผง), 635.00 
286/1,IBUMAN-PLUS 400mg 500s (เม็ดรีม่วง) (กระปุก), 656.00 
9113400/1,IBUPAC 400 50x10s (เม็ดรีชมพู) (ก.50แผง), 258.00 
4298/2,IBUPROFEN 400 50x10s (ก.50แผง), 340.00 
3536/4,IBUSTAR FORTE 400mg 500s (กลมเหลือง) (กระปุก), 369.00 
3536/1,IBUSTAR FORTE 400mg 500s (รีขาว) (กระปุก), 369.00 
3536/2,IBUSTAR FORTE 400mg 500s (รีส้ม) (กระปุก), 369.00 
3536/3,IBUSTAR FORTE 400mg 500s (รีเหลือง) (กระปุก), 369.00 
3824/9,IBUTAMOL10x10s เม็ดรีเหลือง (ก.10แผง), 152.00 
787/1,I-CETIN 500mg 25x10s (ก.25แผง), 579.00 
3919/1,I-COF 375mg 25x10s (ก.25แผง), 445.00 
726/1,I-COF KID100mg 60ml (เชอรี่) (ก.1ขวด), 30.50 
726/6,I-COF SYRUP 250mg/5ml 60ml (เชอรี่) (ก.1ขวด), 33.00 
2554,ICORIN KIDS 60ml (รสสละ) (ก.1ขวด), 31.00 
4107,ICOXIB 120mg 3x10s (ก.3แผง), 199.00 
4075/1,ICOXIB 90mg 3x10s (ก.3แผง), 155.50 
2417/4,ICOZOLE 100mg 25x4s มีโปรซื้อเยอะ (ก.25แผง), 433.00 
232/2,I FEN SYRUP 60ml (ขวดเปลีอยรสส้ม) (ขวด), 13.75 
232/3,I FEN SYRUP 60ml (มีกล่องส้ม) มีโปรซื้อเยอะ (ก.1ขวด), 20.00 
4359/1,I-HERB OTC ยาอมสมุนไพร ไอ-เฮิร์บ 20x18s (ก.20ซอง), 365.00 
4359/3,I-HERB SUGAR FREE HERBAL CANDY ซองซิบ ยาอม 52.8g 12x8s (ก.12ซอง) (ก.12ซอง), 201.00 
4359,I-HERB ยาอมสมุนไพร ไอ-เฮิร์บ OTC 12x3x6s (ก.12กล่อง), 255.00 
726/7,I-KIDS CALCIUM POPS อมยิ้ม รสช็อกโกแลต (ก.10ชิ้น), 112.00 
726/8,I-KIDS CALCIUM POPS อมยิ้ม รสสตรอว์เบอร์รี (ก.10ชิ้น), 112.00 
726/4,I-KIDS ELDERBERRY (ก.10s) อมยิ้ม (ก.10ชิ้น), 97.00 
726/10,I-KIDS FIBER+C+B HONEY GRAPE (ก.10ชิ้น), 112.00 
726/9,I-KIDS FIBER+C+B HONEY ORANGE (ก.10ชิ้น), 112.00 
726/2,I-KIDS HONEY COLA (ก.10ชิ้น) อมยิ้ม (ก.10ชิ้น), 97.00 
726/5,I-KIDS HONEY LIME อมยิ้ม (ก.10s) (ก.10ชิ้น), 97.00 
726/3,I-KIDS HONEY SALA LIME (ก.10s) อมยิ้ม (ก.10ชิ้น), 97.00 
07857/8,I-KIDS MOUTH SPRAY 15ml สตอเบอรี่ (ก.1ขวด), 136.50 
07857/9,I-KIDS MOUTH SPRAY 15ml ส้ม (ขวด), 135.50 
682,ILIADIN DROPS 0.025% (เด็ก) (ก.1ขวด), 77.25 
681,ILIADIN DROPS 0.05% (ผู้ใหญ่) (ก.1ขวด), 78.00 
683,ILIADIN SPRAY 0.05% (ผู้ใหญ่) (ก.1ขวด), 129.00 
2059,IMODIUM 2mg 20x6s (ก.20แผง), 625.00 
2553/4,INAL SYRUP 60ml (รสสละ) (ก.1ขวด), 67.50 
3401/99,incNV บัตรกำนัล โลตัส 100บ (ใบ), 100.00 
693/3,INDOHIM 25mg 1000s (เขียวเหลือง) (กระปุก), 415.00 
693/2,INDOHIM 25mg 100x10s (เม็ดเขียวเหลือง) (ก.100แผง), 545.00 
694/6,INDOMED ROTA 1000s (กลมส้มเคลือบ) (กระปุก), 245.00 
693,INDOMETHACIN AU 1000s (ขาว-ฟ้า) (กระปุก), 187.00 
694,INDOMETHACIN CAPSULES HK 1000s (ขาว-ฟ้า) มีโปรซื้อเยอะ (กระปุก), 162.00 
2002/1,INFANTS PROTEMP SUPPOSITORIES 80mg INFANTS กล่อง12แท่ง *ใหม่83.50บ (ก.12แท่ง), 69.00 
1412,INFANTS TYLENOL DROP 15ml (ก.1ขวด), 40.75 
97405,Inf-Oph EYE Drops 1% 5ml บ ขาด (ก.1ขวด), 41.50 
1526/14,INGESIC 50X10s (ก.50แผง), 278.00 
2-197/2,INHALEX FORTE 21sx4ml (กล่อง), 333.00 
2-369/4,INNISORB TIGERPLAST 10cm (ซอง1ชิ้น) แผ่นดูดซับชนิดไม่มีกาว (ซอง1ชิ้น), 199.00 
1374/2,INTERPHARMA MAGNESIUM PLUS B COMPLEX 86g 20s มะนาว (ก.20เม็ด), 114.25 
1374/1,INTERPHARMA MULTIVITAMIN 90g 20s ส้ม (ก.1หลอด), 95.00 
1374/7,INTERPHARMA VITAMIN C 1000mg 20s ส้ม (ก.1หลอด), 95.00 
4207/7,INTORICOXIB 90mg 1x7s (ก.1แผง), 106.75 
3693,INTRASITE gel 25g เจลเรียกเนื้อ (ก.1ชิ้น), 195.00 
1783-1,I-PROFEN 400 1000s (กลมชมพู) (กระปุก), 463.00 
1783/3,I-PROFEN 400 50x10s (เม็ดกลมครีม) แผงfoil (ก.50แผง), 280.00 
1783/6,I-PROFEN 400 50x10s (เม็ดกลมครีม) แผงใส (ก.50แผง), 285.00 
1783/4,I-PROFEN 400mg 50x10s (กลมชมพู) [OSOT] (ก.50แผง), 302.00 
1783/5,I-PROFEN 400mg 50x10s (กลมชมพู) [OSOT] แผงใส (ก.50แผง), 285.00 
4153/3,Isosorbide Dinitrate GPO 10mg 50x10s มีโปรซื้อเยอะ (ก.50แผง), 314.00 
2417/1,ITRA 100mg 25x4s (ก.25แผง), 459.00 
2417/8,Itraconazole GPO 100mg 10x10s มีซื้อเยอะ (ก.10แผง), 759.00 
2417/2,ITRAFUNGAL 100mg 10x10s (ก.10แผง), 382.00 
2417/5,ITRAZOLE 100mg 25x4s (ก.25แผง), 440.00 
2169/1,IVER-6 tab 2x6s (ก.2แผง), 620.00 
2553,IVORIN 60ml (ก.1ขวด), 42.00 
1349/1,Iyafin 25x4s [Dextro CPM GG] (ก.25แผง), 156.00 
1349/2,IYAFIN JUNIOR PE 30ml (ผลไม้รวม) (ก.1ขวด), 18.50 
1349/3,IYAFIN JUNIOR PE 60ml (ผลไม้รวม) (ก.1ขวด), 27.25 
1349/4,IYAFIN JUNIOR PE 60ml (สตอเบอร์รี่) (ก.1ขวด), 27.25 
509,Ize Jelly Balm ไอซ์ เจลลิบาล์ม 12x7g (แพค12ขวด), 189.50 
4000/2,JANUMET 50/1000 8x7s อายุยา2ปี *ขายขาด **โปรดดูวัน exp (ก.8แผง)," 1,445.00 "
4000/3,JANUMET 50/500 8x7s (ก.8แผง)," 1,445.00 "
4000/10,JANUMET XR 100/1000 mg 28s (ขวด)," 1,599.00 "
4000,JANUVIA 100mg 4x7s อายุยา2ปี *ขายขาด **โปรดดูวัน exp (ก.4แผง)," 1,445.00 "
9113400/3,JAPROLOX 60mg 2x10s (เม็ดกลมขาว) (ก.2แผง), 142.00 
2325/4,JARDIANCE 10mg 30s (ก.30เม็ด)," 1,833.50 "
2325/5,JARDIANCE 25mg 30s (ก.30เม็ด)," 2,696.50 "
2325/8,JARDIANCE DUO 5mg/1000mg 60s (ก.60เม็ด)," 1,833.50 "
1280/13,JELLY ME CUTI APPLE CIDER SF กลิ่นมิกซ์เบอร์รี่ ลดบวม ขับโซเดียม (ก.12ซอง), 172.00 
1280/12,JELLY ME CUTI COLLAGEN SF กลิ่นสตรอว์เบอร์รี (ก.12ซอง), 172.00 
1280/11,JELLY ME CUTI HIGH FIBER SF กลิ่นแอปเปิ้ลเขียวและแบล็กเคอร์แรนต์ (ก.12ซอง), 172.00 
1280/7,JELLY ME KIDS CALCIUM L-THREONATE4800mg SF กลิ่นโยเกิร์ต (ก.12ซอง), 237.00 
1280/8,JELLY ME KIDS TUNA OIL 500mg DHA58mg SF กลิ่นโคล่า (ก.12ซอง), 237.00 
1280/9,JELLY ME KIDS VEGGY MIX FIBER2500mg SF กลิ่นครีมโซดา (ก.12ซอง), 237.00 
1280/10,JELLY ME KIDS VITAMIN C 250mg SF กลิ่นองุ่นเคียวโฮ (ก.12ซอง), 237.00 
15103/2,JOHNSONS BABY CREAM 100ml (หลอด), 111.00 
15103/1,JOHNSONS BABY CREAM 50ml (หลอด), 75.50 
15102/2,JOHNSONS BABY LOTION 100ml (ขวด), 62.00 
15102/3,JOHNSONS BABY LOTION 200ml บ หมด (ขวด), 109.00 
15102/1,JOHNSONS BABY LOTION 50ml (ขวด), 34.00 
15101/2,JOHNSONS BABY OIL 125ml บ หมด (ขวด), 82.25 
15101/1,JOHNSONS BABY OIL 50ml (ขวด), 43.75 
ก.พ.-26,JOINT 20mg 1x10s (ก.1แผง), 13.50 
349/5,JOINTFLEX 1500mg 30ซอง (รสส้ม) โปร31มีค-16พค69 ลด25บ (ก.30ซอง), 262.00 
970/1,KAL-CEE GRAPE 10s (องุ่น) (ก.1หลอด), 44.25 
970,KAL-CEE ORANGE 10s (รสส้ม) (ก.1หลอด), 44.25 
970/2,KAL-FORTE 20s (รสส้ม) (ก.1หลอด), 123.00 
4324/4,KAL-G 150g COLLAGEN TYPE II (กระป๋อง), 494.00 
954/5,KALIDIN SYRUP 5mg 60ml (องุ่น) (ก.1ขวด), 22.00 
769/8,K.A. LIP BALM 3.5g กลิ่น Menthol (ชิ้น), 18.50 
769/7,K.A. LIP BALM 3.5g ลิปมัน Pure (ชิ้น), 18.50 
769/6,K.A. LIP BALM 3.5g ลิปมัน กลิ่นผลไม้รวม (ชิ้น), 18.50 
769/5,K.A. LIP BALM 3.5g ลิปมัน กลิ่นสตอเบอร์รี่ (ชิ้น), 18.50 
769/9,K.A. LIP BALM 3.5g ลิปมัน กลิ่นส้ม (ชิ้น), 18.50 
2140/6,KAL-KIDS CHEW TABLET 625mg 30s (ก.1ขวด), 150.00 
1280/16,KALLEO เม็ดอม รสส้ม 20mg 15ซองx50s (ก.15ซอง), 149.50 
720,KAMILLOSAN M 15ml **ราคาพิเศษถึงมิย69** (ก.1ขวด), 137.00 
207/1,KAMISTAD GEL N 10g มีโปรซื้อเยอะ (ก.1หลอด), 84.25 
723,KANAMYCIN MEIJI 250mg 10x10s (ก.10แผง), 310.00 
922/1,KANDEX SHAMPOO 100ml (ก.1ขวด), 61.00 
2116,KANOLONE 50ซองx1g (ก.50ซอง), 228.50 
2118,KANOLONE INJECTIONS OR INFUSIONS 5ml (ก.1ขวด), 59.20 
4124,KANOLONE LOTION 30ml (ก.1ขวด), 17.25 
2-742,KANOLONE LOTION 60ml (ก.1ขวด), 29.50 
2117,KANOLONE ORAL PASTE 5g (ก.1หลอด), 20.25 
922/4,KARA SHAMPOO 100ml (ก.1ขวด), 66.00 
97305,KARY UNI OPHTHALMIC SUSPENSION 5ml มีโปรซื้อเยอะ (ขวด), 69.40 
9998/23,KatSAMe 30s: Vitamin C & E for cat (ขวด), 575.00 
3993,KELA CREAM 15g (ก.1หลอด), 31.00 
2310,KELA CREAM 5g (ก.1หลอด), 16.75 
2812,KELA LOTION 30ml (ก.1ขวด), 23.25 
2811,KELA LOTION 60ml (ก.1ขวด), 35.25 
2035/2,KELEP500 6x10s (levetiracetam) (ก.6แผง)," 1,069.00 "
320/5,KENKOU COLD HOT PACK เจลประคบร้อนเย็น EYE MASK COMPACT SIZE (กล่อง), 149.00 
320/4,KENKOU เด็กชาย COLD HOT PACK เจลประคบร้อนเย็น (ชิ้น), 87.00 
320/2,KENKOU ไดโนเสาร์ COLD HOT PACK เจลประคบร้อนเย็น (ชิ้น), 89.75 
320/3,KENKOU เป็ด COLD HOT PACK เจลประคบร้อนเย็น (ชิ้น), 89.75 
320/6,KENKOU วาฬ COLD HOT PACK เจลประคบร้อนเย็น (ชิ้น), 87.00 
5128/6,KENYA-GEL 500s (กระปุก), 495.00 
5128/5,KENYA-GEL 50x10s (ก.50แผง), 556.00 
4056/5,KENYA-I TABLETS 50x10s เคนยา-ไอ (ก.50แผง), 455.00 
2998/1,KERDICA 20mg 10x10s (ก.10แผง), 375.00 
96505,KETAZON CREAM 2% 5g (ก.1หลอด), 40.25 
80259/1,KETAZON SHAMPOO 100ml (ก.1ขวด), 95.50 
80259/2,KETAZON SHAMPOO 200ml (ก.1ขวด), 183.00 
80259,KETAZON SHAMPOO 50ml (ก.1ขวด), 52.00 
4941/1,KETONAZOLE 200mg 25x10s (ก.25แผง), 395.00 
4941,KETONAZOLE CREAM 2% 5g (ก.1หลอด), 17.00 
4941/2,KETORAL 200mg 10x10s [ชุมชน] (ก.10แผง), 194.00 
1174/21,KHAOKHO CONDITIONER เขาค้อ ทะเลภู ครีมนวดมะกรูดและใบบัวบก 160ml 89บ (ขวด), 65.00 
1174/23,KHAOKHO CONDITIONER เขาค้อ ทะเลภู ครีมนวดมะพร้าวและอะโวคาโด 185ml139บ (หลอด), 100.00 
1174/25,KHAOKHO CONDITIONER เขาค้อ ทะเลภู ครีมนวดอัญชันและเฮนน่า 160ml 89บ (ขวด), 65.00 
1174/20,KHAOKHO SHAMPOO เขาค้อ ทะเลภู แชมพูมะกรูดและใบบัวบก 180ml 89บ (ขวด), 65.00 
1174/22,KHAOKHO SHAMPOO เขาค้อ ทะเลภู แชมพูมะพร้าวและอะโวคาโด 220ml 139บ (ขวด), 100.00 
1174/24,KHAOKHO SHAMPOO เขาค้อ ทะเลภู แชมพูอัญชันและเฮนน่า 180ml 89บ (ขวด), 65.00 
1999,KIT-F DROPS 15ml *ใหม่ 15.50บ (ก.1ขวด), 13.67 
2662/12,KIZUMI KIDS MOUTH SPRAY 15ml กระบองเพชร (ก.1หลอด), 88.00 
2662/25,KIZUMI MOUTH SPRAY 15ml กระบองเพชร (ก.1หลอด), 88.00 
1684-1,Klean Gauze ผ้าก๊อซ 2นิ้วx2นิ้ว (ก.10ซอง), 26.00 
1685-1,Klean Gauze ผ้าก๊อซ 3นิ้วx3นิ้ว (ก.10ซอง), 48.50 
2009-1,Klean Gauze ผ้าก๊อซ 4นิ้วx4นิ้ว (ก.10ซอง), 64.00 
2-พ.ย.,KLEAN&KARE NORMAL KARE NSS น้ำเกลือจุกแหลม 1000ml (ขวด), 44.50 
1799/200,KLEAN&KARE NORMAL KARE NSS น้ำเกลือจุกแหลม 200ml (ขวด), 32.25 
1798,KLEAN&KARE NORMAL KARE NSS น้ำเกลือปากกว้าง ดัมเบล 1000ml <=50 (ขวด), 32.00 
1798/1,KLEAN&KARE NORMAL KARE NSS น้ำเกลือปากกว้าง ดัมเบล 500ml (ขวด), 27.25 
1800,KLEAN&KARE จุกล้างจมูกคลีนแอนด์แคร์ 1x2p (ก.2ชิ้น), 24.25 
1735/3,KLEANLOCK เทปผ้าล๊อค 1นิ้วx10หลา (ก.1ม้วน), 20.50 
1735/4,KLEANLOCK เทปผ้าล๊อค 2นิ้วx10หลา (ก.1ม้วน), 40.00 
3903/10,KLEAN MASK 4ชั้น LF99 หน้ากาก FISH MASK 1x25s (สีขาว) (ก.25ชิ้น), 41.00 
3903/11,KLEAN MASK 4ชั้น LF99 หน้ากาก FISH MASK 1x25s (สีดำ) (ก.25ชิ้น), 41.00 
3903/7,KLEAN MASK LF99 หน้ากาก 1x10ชิ้น (สีเขียว) (ห่อ10ชิ้น), 17.25 
3903/3,KLEAN MASK LF99 หน้ากาก 1x10ชิ้น (สีเทา) (ห่อ10ชิ้น), 17.25 
3903/4,KLEAN MASK LF99 หน้ากาก 1x10ชิ้น (สีพีช) (ห่อ10ชิ้น), 17.25 
3903/5,KLEAN MASK LF99 หน้ากาก 1x10ชิ้น (สีม่วง) (ห่อ10ชิ้น), 17.25 
3903/6,KLEAN MASK LF99 หน้ากาก 1x10ชิ้น (สีเหลืองอ่อน) (ห่อ10ชิ้น), 17.25 
3903/8,KLEAN MASK LF99 หน้ากาก เด็ก 1x10ชิ้น (สีชมพู) (ห่อ10ชิ้น), 17.25 
3903/9,KLEAN MASK LF99 หน้ากาก เด็ก 1x10ชิ้น (สีฟ้า) (ห่อ10ชิ้น), 17.25 
3905/1,KLEAN MASK หน้ากาก 1x3x20ซอง (ก.20ซอง), 85.00 
131850,KLEAN MASK หน้ากาก 1x50ชิ้น (เด็ก สีขาว) (ก.50ชิ้น), 33.00 
131850/2,KLEAN MASK หน้ากาก 1x50ชิ้น (เด็ก สีดำ) (ก.50ชิ้น), 33.00 
3906,KLEAN MASK หน้ากาก 1x50ชิ้น (สีขาว) (ก.50ชิ้น), 33.00 
3905,KLEAN MASK หน้ากาก 1x50ชิ้น (สีเขียว) (ก.50ชิ้น), 33.00 
3903,KLEAN MASK หน้ากาก 1x50ชิ้น (สีชมพู) (ก.50ชิ้น), 33.00 
13950,KLEAN MASK หน้ากาก 1x50ชิ้น (สีดำ) (ก.50ชิ้น), 33.00 
3906/1,KLEAN MASK หน้ากาก 1x50ชิ้น (สีฟ้า) (ก.50ชิ้น), 33.00 
1800/2,KLEANNASAL จุกล้างจมูก 1x2px10 (ก.2ชิ้น), 18.00 
2-98/1,KLEANPORE เทปแปะผ้าก๊อซ 1/2นิ้วx10หลา (ก.12กล่อง), 103.00 
2-98/2,KLEANTRANS เทปแปะผ้าก๊อซ 1/2นิ้วx10หลา (ก.12กล่อง), 103.00 
2-98/4,KLEANTRANS เทปแปะผ้าก๊อซ 1/2นิ้วx2.5หลา (ก.12กล่อง), 46.00 
1731/4,KLEANTRANS เทปแปะผ้าก๊อซ 1นิ้วx10หลา (ก.12กล่อง), 191.00 
1731/1,KLEANTRANS เทปแปะผ้าก๊อซ 1นิ้วx5หลา (ก.12กล่อง), 103.00 
3858/1,KLINDAMYCIN-300 10x10s *ใหม่294 (ก.10แผง), 262.00 
403/1,KLOBECORT CREAM 15g (ก.1หลอด), 36.00 
403/6,KLOBECORT MILKY LOTION 10g มีโปรซื้อเยอะ (ก.1ขวด), 46.00 
403/11,KLOBECORT MILKY LOTION 30g มีโปรซื้อเยอะ (ก.1ขวด), 95.00 
07857/13,KMP REFRESHING MOUTH SPRAY 12ml (ก.1ขวด), 55.00 
4333/8,KOACT 1000mg 20x5s [BIOPHARM] (ก.20แผง), 762.00 
4333/9,KOACT 1000mg กเล็ก 2x5s [BIOPHARM] (ก.2แผง), 83.00 
3530/1,KOOL FEVER Children Refreshing Mint (ก.3ซอง), 75.75 
3530,KOOL FEVER-extra-cool 50mmx130mm 3ซองx2s มีโปรซื้อเยอะ *ใหม่76บ (ก.3ซอง), 74.25 
3524,KOOL FEVER ชมพู baby 40MMx90MM 3ซองx2s คูลฟีเวอร์ มีซื้อเยอะ *ใหม่76บ (ก.3ซอง), 74.25 
3526,KOOL FEVER (เด็ก) 50mmx110mm 3ซองx2s คูลฟีเวอร์ มีโปรซื้อเยอะ *ใหม่76บ (กล่อง), 74.25 
3525,KOOL FEVER ผู้ใหญ่ 50mmx130mm 3ซองx2s คูลฟีเวอร์ (กล่อง) *ใหม่76 (กล่อง), 74.25 
3524/1,KOOL PATCH baby NEOPLAST 0-2years (ก.3ซอง), 67.50 
3524/2,KOOL PATCH NEOPLAST อายุ2ปีขึ้นไป (ก.3ซอง), 67.00 
3442/4,KOPH-S 60ml (เปลือย) มีโปรซื้อเยอะ (ขวด), 15.75 
3795/1,KOSAMINE 1500mg 30ซอง (ก.30ซอง), 397.00 
751,KREMIL 20x10s **ขึ้น339 (ก.20แผง), 323.00 
752,KREMIL-S 20x10s **ขึ้น395 (ก.20แผง), 377.00 
970/4,KRESS B-C 100s (ก.1ขวด), 52.50 
1933/3,KRESS-B cream 20g (ก.1หลอด), 44.75 
1933/2,KRESS-B cream 5g (ก.1หลอด), 16.75 
5130/1,Kresscanyl 60ml Expectorant (ก.1ขวด), 22.00 
1419/7,KRESSCLOR 125mg/5ml 60ml DRY SYRUP (ก.1ขวด), 82.00 
1419/5,KRESSCLOR 250mg 10x10s บ ขาด (ก.10แผง), 455.00 
1419/8,KRESSCLOR 250mg/5ml 60ml DRY SYRUP (ก.1ขวด), 132.00 
1419/4,KRESSCLOR 500mg 10x10s (ก.10แผง), 719.00 
787/5,KRESSCOLET 375mg 25x10s (ก.25แผง), 335.00 
3232/5,KRESSCORT 0.02% 5g (ก.1หลอด), 12.75 
3232/4,KRESSCORT 0.1% 5g (ก.1หลอด), 14.75 
3514/1,KRESSDERM 200mg 20x10s (กล่อง), 392.00 
3655/9,KRESSDIXA-500mg 25x10s (ส้มครีม) (ก.25แผง), 689.00 
2426/1,KRESSEN CREAM 25g (ก.1หลอด), 17.25 
2426/2,KRESSEN CREAM 50g (ก.1หลอด), 24.50 
602/1,KRESSFLOX 400mg 50x10s ***โปร4กพ-28มีค69 ลด30บ (ก.50แผง), 670.00 
4333/13,KRESSFLURIZELIUM 50x10s ดำ-แดง (ก.50แผง), 223.00 
3278/1,KRESS-HISTINE 24mg 10x10s บ ขาด (ก.10แผง), 307.00 
2022/3,KRESSHYCIN syrup 60ml มีโปรซื้อเยอะ (ก.1ขวด), 31.50 
678/2,Kresslex 125 dry 60ml เปลือย มีโปรซื้อเยอะ (ขวด), 22.00 
679/1,Kresslex 250 dry 60ml (ก.1ขวด), 33.00 
678/1,KRESSLEX-500mg 25x10s (ก.25แผง), 692.00 
3232/6,KRESSLOG ORALPASTE ป้ายปาก 5g (ก.1หลอด), 20.00 
1933/1,KRESSLOTION 60ml (ก.1ขวด), 26.00 
91860/5,KRESSMOL-120 SYRUP 60ml เครสมอล น้ำเขียว (ก.1ขวด), 19.25 
91860/4,KRESSMOL-120 SYRUP 60ml เครสมอล น้ำแดง (ก.1ขวด), 19.25 
91860/1,KRESSMOL-250 SYRUP 60ml (ก.1ขวด), 22.25 
91860/2,KRESSMOL 500 50x10s เม็ดขาวยาว (ก.50แผง), 249.00 
902500/4,KRESSMOX-500 25x10s (เม็ดเขียว-ฟ้า) (ก.25แผง), 435.00 
902500/3,KRESSMOX-500 25x10s (เม็ดชมพู-ขาว) (ก.25แผง), 435.00 
902500/6,KRESSMOX DRY SYRUP 125mg/5ml รสสตรอเบอร์รี่ (ก.1ขวด), 21.00 
902500/5,KRESSMOX DRY SYRUP 125mg/5ml รสส้ม (ก.1ขวด), 21.00 
902500/7,KRESSMOX FORTE DRY SYRUP 250mg/5ml รสส้ม (ก.1ขวด), 27.00 
857/2,KressPerdone syrup 60ml (ก.1ขวด), 22.00 
857/3,KRESSPERDONE syrup 60ml เปลือย มีโปรซื้อเยอะ (ขวด), 17.75 
2-553/1,KRESS PRAZOLE 1x10s (ก.1แผง), 16.50 
2-40/3,KRESSROXIM 300 20x10s (กล่อง), 455.00 
4288/6,KRESSTEC 10mg 50x10s มีโปรซื้อเยอะ (กล่อง), 245.00 
3442/2,KRESSVENT SYRUP SF 60ml (ก.1ขวด), 19.00 
2377/9,Kress Vitamin C1000 Bio 100s (ขวด100เม็ด), 365.00 
2377/8,Kress Vitamin C1000 Bio 60s (ขวด60เม็ด), 192.00 
1409/1,KRESS VIT C 25mg 1000s GRAPE (องุ่น) (กระปุก), 94.00 
1490-2/9,KRESS VIT C 25mg 1000s LEMON (มะนาว) (กระปุก), 94.00 
1490-2/10,KRESS VIT C 25mg 1000s LYCHEE (ลิ้นจี่) (กระปุก), 94.00 
1490-2/1,KRESS VIT C 25mg 1000s ORANGE (ส้ม) (กระปุก), 92.00 
1497/1,KRESS VIT C 25mg 1000s PINEAPPLE (สับปะรด) (กระปุก), 94.00 
1490-1/1,KRESS VIT C 25mg 1000s STRAWBERRY (สตรอเบอร์รี่) (กระปุก), 94.00 
1495-1/3,KRESS VIT C GRAPE 25mg 50ซองx35s (ก.50ซอง), 354.00 
1495-1/4,KRESS VIT C ORANGE 25mg 50ซองx35s (ก.50ซอง), 354.00 
1495-1/2,KRESS VIT C STRAWBERRY 25mg 50ซองx35s (ก.50ซอง), 354.00 
2273/1,KRESSXALIN-125 60ml รสสละ (ก.1ขวด), 21.00 
4333/12,KRESSXALIN-500 25x10s ส้มดำ (ก.25แผง), 460.00 
4188/7,K-TEC SYRUP 100ml มีกล่อง (ก.1ขวด), 35.00 
4188/10,K-TEC SYRUP 60ml มีกล่อง (ก.1ขวด), 22.00 
1573,KWAN LOONG ยาน้ำมันกวางลุ้ง 15ml (ก.1ขวด), 62.25 
1572,KWAN LOONG ยาน้ำมันกวางลุ้ง 28ml บ ขาด (ก.1ขวด), 92.00 
1575,KWAN LOONG ยาน้ำมันกวางลุ้ง 3ml (ก.1ขวด), 18.50 
1571,KWAN LOONG ยาน้ำมันกวางลุ้ง 57ml (ก.1ขวด), 139.50 
753,K-Y LUBRICATING JELLY STERILE 42g (ก.1หลอด), 150.00 
250,K-Y LUBRICATING JELLY STERILE 82g (ก.1หลอด), 215.00 
2367/2,K-ZUVA 10mg 3x10s (ก.3แผง), 323.00 
2367/3,K-ZUVA 20mg 3x10s (ก.3แผง), 555.00 
4273,LAC-OPH 10ml (ก.1ขวด), 26.25 
3482,LACTACYD care ชมพู 150ml ใหญ่ แลคตาซิด สวีทฟลอร่า (ขวด) **ขึ้น111 (ขวด), 107.00 
1586,LACTACYD care ชมพู 60ml เล็ก แลคตาซิด สวีทฟลอล่า (ขวด) **ขึ้น61 (ขวด), 55.00 
3482/2,LACTACYD extra milky เหลือง 150ml ใหญ่ แลคตาซิด มีซื้อเยอะ (ขวด), 118.50 
3482/1,LACTACYD Extra sensitive ชมพูอ่อน 150ml (ขวด), 124.50 
3482/3,LACTACYD soft&silky ม่วง 150ml ใหญ่ แลคตาซิด **ขึ้น111 (ขวด), 106.25 
8133,LADI PLUS spray 6ml แรด (ขวด) ขาดยาว (ก.1ขวด), 99.00 
2-940/4,LAEVOLAC 100ml (ก.1ขวด), 79.00 
221/2,LALA Lotion 0.1% 60ml กลิ่นมะลิ (ก.1ขวด), 27.50 
2027,LAMAZONE CREAM 10g (ก.1หลอด), 36.00 
2915,LAMISIL cream 15g (น้ำเงิน) (หลอด), 228.00 
2914,LAMISIL cream 7.5g บ หมด (หลอด), 124.50 
921/4,LANA ลาน่า แชมพูปิดผมขาว สีน้ำตาลเข้ม (ก.12ซอง) (ก.12ซอง), 272.00 
3-153/2,LANZAAR 100mg 10x10s (ก.10แผง), 291.00 
3-153/10,LANZAAR 50mg 10x10s (ก.10แผง), 192.00 
3994/11,LA ROCHE ANTHELIOS SPF50+ HYDRATING CREAM ฟ้า 50ml PA4+ (ก.1หลอด) (ก.1หลอด), 916.00 
3994/9,LA ROCHE ANTHELIOS SPF50+ INVISIBLE FLUID เหลือง 50ml (ก.1ขวด) (ก.1ขวด), 914.00 
3994/8,LA ROCHE ANTHELIOS SPF50+ OIL CONTROL FLUID เขียว 50ml PA4+ (ก.1ขวด) (ก.1ขวด), 916.00 
3994/10,LA ROCHE ANTHELIOS SPF50+ OIL CONTROL GEL CREAM เขียว 50ml PA4+ (ก.1หลอด) (ก.1หลอด), 914.00 
3994/20,LA ROCHE ANTHELIOS UV AIR SERUM SUNSCREEN สีฟ้า 50ml (ก.1ขวด) (ก.1ขวด), 789.00 
3994/60,LA ROCHE ANTHELIOS UVMUNE400 SPF50+ ANTI-DARK SPOTS FLUID 50ML PA4+ ขวดม่วง (ก.1ขวด), 975.00 
3994/14,LA ROCHE CICAPLAST BAUME B5 100ml (หลอด) (หลอด), 687.50 
3994/15,LA ROCHE CICAPLAST BAUME B5 15ml (หลอด) (หลอด), 205.00 
3994/16,LA ROCHE CICAPLAST BAUME B5 40ml (หลอด) (หลอด), 387.00 
3994/18,LA ROCHE CICAPLAST BAUME B5 SPF50 40ml (ก.1หลอด), 575.00 
3994/7,LA ROCHE EFFACLAR DUO(+) 7.5ml (หลอด) (ขวด), 157.50 
3994/6,LA ROCHE EFFACLAR DUO(+M) 40ml (หลอด) (ขวด), 687.50 
3994/2,LA ROCHE EFFACLAR GEL 200ml (หลอด) (หลอด), 596.00 
3994/1,LA ROCHE EFFACLAR GEL 50ml (หลอด), 189.00 
3994/3,LA ROCHE EFFACLAR SERUM 30ML (ก.1ขวด) (ก.1ขวด), 875.00 
3994/17,LA ROCHE HYALU B5 SERUM 30ml (ก.1ขวด) (ก.1ขวด)," 1,079.00 "
3994/13,LA ROCHE LIPIKAR GEL LAVANT 400ml (ขวด) (ขวด), 286.00 
2582/20,LA ROCHE MELA B3 BODY LOTION 200 ML (หลอด), 439.00 
1535/7,LAZINE 5mg 10x10s (ก.10แผง), 402.00 
1535/6,LAZINE 5mg 1x10s มีโปรซื้อเยอะ (ก.1แผง), 40.25 
2-608/16,LEBREX (CELCOX) 200mg 10x10s (ก.10แผง), 455.00 
4092/11,LEFLOXIN 0.5% 5ml (levofloxacin) (ก.1ขวด), 69.00 
4092/12,LEFLOXIN 1x10s (levofloxacin) (ก.1แผง), 161.00 
1920,LEFTOSE 30mg 10x10s มีโปรซื้อเยอะ (ก.10แผง), 194.00 
355,LEFTOSE 30mg 50x10s มีโปรซื้อเยอะ (ก.50แผง), 959.00 
3717/2,LEGALON 140mg 4x10s (ก.4แผง), 647.00 
172/1,LEOPOVIDONE 12x15ml (แพค12ก.), 283.00 
928/450,LEOPOVIDONE 450ml (ขวด), 126.00 
928,LEOPOVIDONE GEL 20g (ก.1หลอด), 46.00 
2035/6,LEPPA 250mg 3x10s [berlin] (ก.3แผง), 203.00 
2035/5,LEPPA 500mg 6x10s [berlin] (ก.6แผง), 585.00 
1535/2,LERES 5mg 1x10s (ก.1แผง), 61.00 
2688/3,LERMEX 200mg 5x5s (ก.5แผง), 54.25 
99150/1,LESFLAM 50 10x10s (ก.10แผง), 118.00 
2035/3,LETTA500 6x10s (levetiracetam) (ก.6แผง)," 1,179.00 "
1535/11,LEVOCET 5mg 1x10s [ชุมชน] (ก.1แผง), 54.00 
1535/12,LEVOCETIN 5mg 1x10s มีโปรซื้อเยอะ (ก.1แผง), 53.00 
1920/1,LEVTRIZIN เลฟตริซิน (levocetirizine) 1x10s (ก.1แผง), 59.50 
934/1,LEXFOR 400mg 1x6s (ก.1แผง), 14.00 
128/4,Likacin gel 5% 30g (ก.1หลอด), 272.00 
1651,LILLY 7 ลิลลี่ยาระบายมะขามแขก 1x30s *มีโปรซื้อเยอะ (ก.30เม็ด), 61.75 
3858/5,LINCOCILIN INJECTION 300mg/10ml (ขวด), 23.75 
3858/2,LINCOCILIN INJECTIONS OR INFUSIONS 2ml (ก.1ขวด), 13.00 
3858/8,LINCOMYCIN INJECTION 2mlx50amp (ก.50ขวด), 318.00 
1526/8,LIOBAC 10mg 20x10s (ก.20แผง), 226.00 
769,LIP CARE เภสัชกร ลิปแคร์ ลัง80 (ก.24ตลับ) (ก.24ตลับ), 162.00 
2824,LIPITOR 10mg 3x10s (ก.3แผง)," 1,235.00 "
2787,LIPITOR 40mg 3x10s มีโปรซื้อเยอะ (ก.3แผง)," 2,143.00 "
1610/10,LIPOSTAT 10mg 3x10s (ก.3แผง), 132.00 
1610/20,LIPOSTAT 20mg 3x10s (ก.3แผง), 165.00 
2931/2,LIPOTHIN 200mg 30x10s (ก.30แผง), 657.00 
2323/2,LIPRIKAINE 30g (ก.1หลอด), 262.00 
170/2,LIQUIPLAST ฟิล์มเคลือบปิดแผล 10g (ก.1ขวด), 144.00 
2471,LISTERINE COOL MINT 100ml (ขวด) (ขวด), 25.00 
08117/1,LISTERINE COOL MINT 250ml (ขวด) (ขวด), 61.50 
324/1,LISTERINE COOL MINT 750ml 2ขวด แพคคู่ (แพค2ขวด), 178.00 
324,LISTERINE COOL MINT 750ml แถม250ml (ขวด), 123.00 
777,LISTERINE ORIGINAL 100ml (ขวด) (ขวด), 30.50 
778,LISTERINE ORIGINAL 250ml (ขวด) (ขวด), 67.50 
776,LISTERINE ORIGINAL 750ml (ขวด) (ขวด), 133.00 
980,LISTERINE TARTAR PROTECTION 250ml (ขวด) (ขวด), 69.00 
982,LISTERINE TARTAR PROTECTION 750ml (ขวด), 128.50 
7777,LISTERINE TOTAL 100ml (ขวด) (ขวด), 31.00 
8376,LISTERINE TOTAL 750ml แถม 250ml (ขวด) (ขวด), 130.00 
9998/15,Livo-B บำรุงตับ 100s [intervetta] (ขวด)," 1,175.00 "
3716/1,LIVOTONE 200mg 10x10s (ก.10แผง)," 1,202.00 "
2998/10,LIVTATIN 2mg 10x10s (ก.10แผง), 800.00 
296/11,LOACID 50x10s บ ขาด (ก.50แผง), 278.00 
1236/4,LOBENATE OINTMENT 20g สีฟ้า (FULLEXT) (ก.1หลอด), 63.00 
4257/2,LOBENATE OINTMENT 20G สีเหลือง (NETTLE) (ก.1หลอด), 62.00 
3-384/10,LOCOA 40mg transdermal patch 1x4s (ซอง4แผ่น), 175.00 
94610,LOKIT 20mg 10x10s (ก.10แผง), 64.50 
2059/1,LOMIDE 2mg 10x10s (ก.10แผง), 95.75 
13330/1,LONGMED CLIP CAP หมวกคลุมผม แบบตัวหนอน 1x100p (สีขาว) (แพค100ชิ้น), 58.00 
13330/2,LONGMED CLIP CAP หมวกคลุมผม แบบตัวหนอน 1x100p (สีเขียว) (แพค100ชิ้น), 58.00 
13330/4,LONGMED CLIP CAP หมวกคลุมผม แบบตัวหนอน 1x100p (สีฟ้า) (แพค100ชิ้น), 58.00 
319/1,LONGMED COLD HOT PAD BIG เจลประคบร้อนเย็น 25x10cm (กล่อง), 72.00 
320/1,LONGMED COLD HOT PAD SMALL เจลประคบร้อนเย็น 12x10.5cm (ก..1ชิ้น), 38.50 
1681-1,LONGMED CONFORMING Gauze ผ้าก๊อซ 2นิ้ว (ก.12ม้วน), 49.00 
1682-1,LONGMED CONFORMING Gauze ผ้าก๊อซ 3นิ้ว (ก.12ม้วน), 77.50 
1683-1,LONGMED CONFORMING Gauze ผ้าก๊อซ 4นิ้ว (ก.12ม้วน), 93.00 
1683-1/2,LONGMED CONFORMING GAUZE ผ้าก๊อซ 6นิ้ว (ก.12ม้วน), 101.00 
1183,LONGMED OVULATION TEST STRIP ชุดทดสอบหาวันตกไข่ 5test (จุ่ม) (ก.5ชิ้น), 99.00 
1383/7,LONNAGEL ORAL PASTE 25x1g กลิ่นเชอรี่ (ก.25ซอง), 179.50 
1383/9,LONNAGEL ORAL PASTE 25x1g กลิ่นเป๊ปเปอร์มิ้น (ก.25ซอง), 179.50 
1383/8,LONNAGEL ORAL PASTE 25x1g กลิ่นส้ม (ก.25ซอง), 179.50 
1383/4,LONNAGEL ORAL PASTE 5g กลิ่นเชอรี่ (ก.1หลอด), 28.75 
1383/5,LONNAGEL ORAL PASTE 5g กลิ่นเป๊ปเปอร์มิ้น (ก.1หลอด), 28.75 
1383/6,LONNAGEL ORAL PASTE 5g กลิ่นส้ม (ก.1หลอด), 28.75 
3026/5,LORADINE10mg 10x10s (ก.10แผง), 106.00 
3026/100,LORANOX 10mg 100x10s (ก.100แผง), 418.00 
3026/1,LORANOX 10mg 20x10s (ก.20แผง), 93.00 
782,LORANTA 100mg 3x10s (ก.3แผง), 197.00 
783,LORANTA 50mg 3x10s (ก.3แผง), 144.00 
634/1,LORINOSE 1x10s [ชุมชน] (ก.1แผง), 25.25 
1326,LORIUS SYRUP 60ml (ก.1ขวด), 83.75 
3026/10,LORSEDIN 10mg 10x10s (ก.10แผง), 149.75 
2-940/1,LOSALAC SYRUP 100ml (ก.1ขวด), 73.00 
3312/1,LOSARTAN GPO 100mg 20x15s มีซื้อเยอะ (ก.20แผง), 401.00 
3312,LOSARTAN GPO 50mg 20x15s (ก.20แผง), 335.00 
3509,LOTEMP 120mg 60ml (สตอเบอรี่) (ก.1ขวด), 23.50 
3508,LOTEMP FORTE 250mg 60ml (ส้ม) (ก.1ขวด), 27.25 
3361/3,L-S SUPPORT พยุงหลังส่วนเอว size 2XL 42-50นิ้ว [Triple-D] เข็มขัด รัดหลังส่วนเอว (ก.1ชิ้น), 360.00 
3361/5,L-S SUPPORT พยุงหลังส่วนเอว size 3XL 47-53นิ้ว [Triple-D] เข็มขัด รัดหลังส่วนเอว (ก.1ชิ้น), 360.00 
337/3,L-S SUPPORT พยุงหลังส่วนเอว size L 34-38นิ้ว [Triple-D] (ก.1ชิ้น), 360.00 
337/4,L-S SUPPORT พยุงหลังส่วนเอว size M30-34นิ้ว [Triple-D] (ก.1ชิ้น), 360.00 
336/3,L-S SUPPORT พยุงหลังส่วนเอว size XL 38-42นิ้ว [Triple-D] (ก.1ชิ้น), 360.00 
654/30,LUCY LICE KILLER CREAM 30ml แถมหวี ครีมกำจัดเหา (ก.1หลอด), 90.00 
1841,LUTEINA 60s (ก.1ขวด), 138.00 
1841/1,LUTEINA VIZ 30s [TMAN] ลูทีน่า วิซ (ก.1ขวด) (ก.1ขวด), 229.00 
101/25,LYBALIN 25mg 56s กล่องชมพู มีโปรซื้อเยอะ (ก.8แผง), 311.00 
101/1,LYBALIN 75mg 56s กล่องเขียว (ก.8แผง), 559.00 
961505/2,LYMA CREAM 15g (ก.1หลอด), 22.50 
ก.พ.-79,LYMARIN CREAM 15g (ก.1หลอด), 45.50 
ก.พ.-80,LYMARIN CREAM 5g (ก.1หลอด), 22.00 
1174/4,LYO ANTI-HAIR LOSS CONDITONER 200ml **ขายขาด (ขวด), 254.00 
1174/3,LYO ANTI-HAIR LOSS SHAMPOO 200ml **ขายขาด (ขวด), 254.00 
1174/6,LYO HAIR COLOR SHAMPOO (BLACK) 1x6ซอง **ขายขาด (ก.6ซอง), 210.00 
1174/7,LYO HAIR COLOR SHAMPOO (DARK BROWN) 1x6ซอง **ขายขาด (ก.6ซอง), 210.00 
1174/9,LYO HAIR COLOR SHAMPOO (GOLDEN BROWN) 1x6ซอง **ขายขาด (ก.6ซอง), 210.00 
1174/8,LYO HAIR COLOR SHAMPOO (RED BROWN) 1x6ซอง **ขายขาด (ก.6ซอง), 210.00 
1174/5,LYO HAIR TONIC 30ml **ขายขาด (ขวด), 239.00 
101/6,LYRICA 25mg 4x14s (ก.4แผง)," 1,115.00 "
101,LYRICA 75mg 4x14s มีโปรซื้อเยอะ (ก.4แผง)," 2,895.00 "
233,M16 PATAR 75 FOR TOOTHACHE ตราปืน 3cc มีโปซื้อเยอะ (ก.1ขวด), 16.50 
62/1,M 4x7ซม แดง พลาสเตอร์ กันน้ำ SOS 38บ (กล่อง) (ก.3แผ่น), 23.00 
60/1,M 4X7ซ.ม. ผ้าก๊อซพร้อมใช้ เอสโอเอส พลัส SOS Plus แพค10 (กล่อง) (ก.5แผ่น), 21.00 
43,MAALOX ALUM MILK 240ml (ขวด), 62.00 
8159/2,MAASS มาศศ กระชายขาว สเปรย์ 15ml (ก.1ขวด) (ก.1ขวด), 68.00 
2-940/5,MAC-CALAC 100ml รสมะนาว ทานง่าย (ก.1ขวด), 76.50 
76/4,MACHTO 50x10s (ก.50แผง), 276.00 
75/10,MACHTO SSS 240ml (รสมิ้นท์) ANTACID (ขวด), 29.00 
3002/22,MACROTAP NT 1x10s softgel สีเขียว (ก.1แผง), 83.00 
2-990,MADIPLOT 10mg 10s (แผง), 102.50 
2998,MADIPLOT 20mg 10s (แผง), 151.00 
2017/22,MAG-CAL 1x30s MaxxLife ตะคริว ไมเกรน กระดูก (ก.30ซอง), 479.00 
804,MAGESTO-F 1000s (เหลี่ยมเหลือง) (กระปุก), 588.00 
803,MAGESTO-F 100s (ก.1ขวด), 69.50 
2017/21,MAGNESIUM COMPLEX CEO FACTORY 40s ช่วยนอนหลับ (ก.40เม็ด), 363.00 
2017/20,MAGNESIUM PLUS 60s MaxxLife ตะคริว ไมเกรน *ใหม่356บ (ก.60เม็ด), 339.00 
944240,MALUGEL-S 240ml (ขวด), 39.75 
3988/1,MAMARINE BIO-C PLUS ELDERBERRY AND BETA-GLUCAN 30s (ก.1ขวด), 169.00 
1280/4,MAMARINE BIO-C Plus Multivitamin Jelly รสส้ม [เจ็ดดาว] (ก.10ซอง), 218.00 
3988/5,MAMARINE DHA2GO 1x10ซอง ผง รสส้ม (ก.10ซอง), 140.00 
3285/2,MAMARINE KIDS BIO-C PLUS ELDERBERRY 120ml (ก.1ขวด), 271.00 
3285/3,MAMARINE KIDS BIO-C PLUS ELDERBERRY 60ml (ก.1ขวด), 143.00 
3285/1,MAMARINE KIDS BOOSTER BIO-C PLUS MULTIVITAMIN 120ml (ก.1ขวด), 245.00 
3285/4,MAMARINE KIDS BOOSTER BIO-C PLUS MULTIVITAMIN 60ml (ก.1ขวด), 126.00 
3285/5,MAMARINE KIDS FORTE OMEGA-3 PLUS LYSINE 60ml น้ำเงิน (ก.1ขวด), 64.50 
3988/3,MAMARINE KIDS OMEGA3-DHA FISHCAPS 60s (ก.1ขวด), 269.00 
3284/1,MAMARINE KIDS OMEGA-3 ORIGINAL 120ml ฟ้า (ก.1ขวด), 67.50 
2252/1,MAMARINE KIDS OMEGA-3 PLUS LYSINE 120ml น้ำเงิน (ก.1ขวด), 123.00 
3988/2,MAMARINE MOM OMEGA-3 PLUS L-LYSINE AND MULTIVITAMIN 30s (ก.1ขวด), 283.00 
4451/6,MAMARINE PRO FIBER ขวด60g (ขวด), 149.75 
141510/2,MAMARINE PURE COLLA 100g คลอลาเจน จากญี่ปุ่น (กระป๋อง), 204.00 
141510/3,MAMARINE PURE COLLA 10x10g คอลลาเจน จากญี่ปุ่น (ก.10ซอง), 203.00 
3988/4,MAMARINE SENIOR OMEGA3-PLUS GINSENG GINKGO LEAF GOJI BEERY 30s (ก.1ขวด), 283.00 
248/1,MANAZITH CAPSULE 1x6s (ก.1แผง), 61.75 
4358/1,MANAZITH DRY SYRUP 200mg/5ml 15ml (รสเชอรี่) (ก.1ขวด), 95.00 
3450/1,MANCLAMINE 1000 10x10s (ก.10แผง), 852.00 
607/1,MANCLAMINE 228 70ml (สตรอเบอรี่) (ก.1ขวด), 77.50 
607/2,MANCLAMINE 312 70ml (ส้ม) (ก.1ขวด), 85.00 
607/6,MANCLAMINE 457 70ml (ส้ม) (ก.1ขวด), 114.50 
607/7,MANCLAMINE ES 50ml (ส้ม) (ก.1ขวด), 153.00 
9110120/1,MANCOXIB-120 1x5s (etoricoxib) (ก.1แผง), 56.00 
9110120/2,MANCOXIB-120 3x10s (etoricoxib) (ก.3แผง), 263.00 
4128/1,MANCOXIB-60 3x10s (ก.3แผง), 187.00 
9110120/4,MANCOXIB-90 1x5s (ก.1แผง), 48.50 
9110120/3,MANCOXIB-90 3x10s (etoricoxib) (ก.3แผง), 223.00 
99125/1,MANFENAC 25mg 1000s (เม็ดแดงกลมเคลือบ) (กระปุก), 103.00 
1088/1,MANIDERM CREAM 5g **ขึ้น51 (ก.1หลอด), 34.00 
512/1,MANMOX-250 DRY SYRUP 60ml (เปลือยส้ม) (ขวด), 20.25 
512/3,MANMOX-250 DRY SYRUP 60ml (เปลือยองุ่น) (ขวด), 20.25 
512-1/1,MANMOX-250 DRY SYRUP 60ml (มีกล่องส้ม) (ก.1ขวด), 24.50 
512-1/2,MANMOX-250 DRY SYRUP 60ml (มีกล่ององุ่น) (ก.1ขวด), 24.50 
3811,MANOPROVITAB 72s (ก.1ขวด), 38.00 
4288/3,MANTAB 50x10s (ก.50แผง), 280.00 
2961,MANTIL TABLET 50x10s (ก.50แผง), 112.00 
1345/1,MAR BABY NOSE spray ม่วง 100ml มาร์ สเปรย์ (ก.1ขวด) (ก.1ขวด), 212.75 
3694/2,MARBOFLOX-20 1x10s (ก.10เม็ด), 199.00 
3694/3,MARBOFLOX-80 1x8s (ก.8เม็ด), 295.00 
19831,MARIMER 100ml เด็ก baby daily nasal hygiene-ISOTONIC seawater spary มาริเมอร์ (ก.1ขวด), 286.00 
8133/1,MARLAD LOTION มาร์แลด-โลชั่น 3ml แรด เลิกจำหน่าย (ก.1ขวด), 30.00 
1345,MAR PLUS SPRAY 5% 20ml มีโปรซื้อเยอะ (ก.1ขวด), 183.00 
1345/2,MAR SOFT SPRAY 125ml มีโปรซื้อเยอะ (ก.1ขวด), 212.00 
1987,MARWIN SPRAY น้ำมันยา ตรามาร์วิน สเปรย์ 20g (ขวด), 37.50 
1986,MARWIN น้ำมันยา ตรามาร์วิน 70ml (ขวด), 40.50 
346/2,MASABALM 30g (ก.1หลอด), 17.75 
3835/2,MASACARBON 260mg 10x10s (ก.10แผง), 126.50 
1004,MASAGA cream 30g มาสซาก้า (ก.1หลอด), 17.50 
1004/1,MASAGA cream 60g มาสซาก้า (ก.1หลอด), 33.50 
13950/2,MASK หน้ากากอนามัย level3 1x50p สีขาว ใช้ทางการแพทย์ Maxxlife **ขายขาด (ก.50ชิ้น), 35.25 
13950/3,MASK หน้ากากอนามัย level3 1x50p สีเขียว ใช้ทางการแพทย์ Maxxlife **ขายขาด (ก.50ชิ้น), 35.25 
13950/4,MASK หน้ากากอนามัย level3 1x50p สีฟ้า ใช้ทางการแพทย์ Maxxlife **ขายขาด (ก.50ชิ้น), 35.25 
13950/10,MASK หน้ากากอนามัยแบบซอง level3 1x10p สีขาว ใช้ทางการแพทย์ Maxxlife **ขายขาด (ซอง), 15.00 
13950/11,MASK หน้ากากอนามัยแบบซอง level3 1x10p สีเขียว ใช้ทางการแพทย์ Maxxlife **ขายขาด (ซอง), 15.00 
1519/3,MAXAVIT 10x10s สูตรVITOP (ก.10แผง), 459.00 
91181,MAXIDENE 10mg 1000s (กระปุก), 272.00 
1872/2,MAXMA PLUS 1x4s (บำรุงชาย) **ขึ้น160 (กล่อง), 151.00 
1872/4,MAXMA PLUS 60s (บำรุงชาย) (กระปุก)," 1,379.00 "
172202/21,MaxxLife สาหร่ายเกลียวทอง 100s (ขวด), 285.00 
1673/4,MAZT 5mg 3x10s (ก.3แผง), 192.50 
50/1,M-BREX 60ml (ก.1ขวด), 98.00 
2292/1,M-CIN 50ml (ก.1ขวด), 87.00 
1787/3,M-COLCHICINE 10x10s โทลชิซิน 2M (ก.10แผง), 55.00 
382/2,McXY-Cold 12x1x10s แม็กซี่-โคลด์ (ก.12แผง), 120.00 
957/11,McXY KLEAR เซ็ตล้างจมูก น้ำเกลือ syringe จุกซิลิโคน 10x20ml (ก.10หลอด), 51.00 
957/10,McXY KLEAR เซ็ตล้างจมูก น้ำเกลือ syringe จุกซิลิโคน 5x20ml (ก.5หลอด), 37.00 
1360/3,M-DIVATE CREAM 10g เอ็ม-ไดเวท (ก.1ขวด), 26.75 
1360/4,M-DIVATE CREAM 30g เอ็ม-ไดเวท *ราคาใหม่ (ก.1ขวด), 53.00 
2015,MEBO CREAM 10g (ก.1หลอด), 84.50 
2015/1,MEBO CREAM 40g (ก.1หลอด), 282.00 
29,MECOBAL 50x10s (ก.50แผง), 568.00 
833/3,MECOBIN 25x10s (ก.25แผง), 353.00 
457/3,MECYLIC OINTMENT 15g (ก.1หลอด), 50.00 
833/4,MECZE 500mcg 3x10s มีซื้อเยอะ (ก.30เม็ด), 57.50 
1690,MEDELAS ELASTIC BANDAGE ผ้ายืดพันเคล็ด 2นิ้วx5หลา (ก.12ม้วน), 82.00 
1691,MEDELAS ELASTIC BANDAGE ผ้ายืดพันเคล็ด 3นิ้วx5หลา (ก.12ม้วน), 116.00 
1692,MEDELAS ELASTIC BANDAGE ผ้ายืดพันเคล็ด 4นิ้วx5หลา (ก.12ม้วน), 155.00 
1691/2,MEDELAS ELASTIC BANDAGE ผ้ายืดพันเคล็ด 6นิ้วx5หลา (ก.12ม้วน), 201.00 
3870,MEDERMA INTENSE SCAR GEL 10g **โปรดดูวัน exp (ก.1หลอด), 310.00 
3869,MEDERMA INTENSE SCAR GEL 20g (ก.1หลอด), 568.25 
4471/6,MEDERMA Scar gel KIDS 20g (ก.1หลอด) (ก.1หลอด), 379.25 
1684/1,MedGauzeSterile ซองละ1ชิ้น ผ้าก๊อซ สเตอร์ไรด์ 2นิ้วx2นิ้ว (กล่อง), 97.50 
1685/1,MedGauzeSterile ซองละ1ชิ้น ผ้าก๊อซ สเตอร์ไรด์ 3นิ้วx3นิ้ว (กล่อง), 139.00 
1681-1/1,Medical CONFORMING Gauze ผ้าก๊อซ 2นิ้ว (ม้วน), 3.10 
1255,MEDICCOXIB 200mg 10x10s (ก.10แผง), 381.00 
1535/8,MEDICET 1x10s (ก.1แผง), 53.25 
4092/5,MEDICFLOX 500mg 1x10s *โปรดดูวัน exp *ใหม่74 (ก.1แผง), 67.00 
1072/1,MEDIC NOR 400mg 10x10s มีโปรซื้อเยอะ (ก.10แผง), 132.00 
10360/2,MEDIFAST 180 1x10s (ก.1แผง), 60.50 
10360/1,MEDIFAST 60mg 10x10s (ก.10แผง), 175.00 
13294/7,MEDIFIX แผ่นปิดแผลใยสังเคราะห์ 10cmx10m (ก.1ม้วน), 102.00 
13294/1,MEDIFIX แผ่นปิดแผลใยสังเคราะห์ 10cmx1m (ก.1ม้วน), 18.50 
13294/8,MEDIFIX แผ่นปิดแผลใยสังเคราะห์ 15cmx10m (ก.1ม้วน), 142.00 
3636,MEDMAKER LIP BALM NOURISH & PROTECT 4.8g (ตลับ) (ตลับ), 34.00 
3633,MEDMAKER M-SOFT CREAM 20g (หลอด), 47.75 
3632,MEDMAKER M-SOFT CREAM 50g (ก.1หลอด), 100.00 
2-81/1,MEDMAKER PURE PETROLEUM JELLY BABY 50g วาสลีนชมพู มีโปรซื้อเยอะ (กระปุก), 32.50 
151103/1,MEDMAKER U-REPAIR CREAM 30g มีโปรซื้อเยอะ (ก.1หลอด), 59.00 
151103/3,MEDMAKER U-REPAIR CREAM 50g ซื้อเยอะ (ก.1หลอด), 90.00 
151103,MEDMAKER U-REPAIR INTENSIVE CREAM 30g ซื้อเยอะ (ก.1หลอด), 70.50 
151103/2,MEDMAKER U-REPAIR INTENSIVE CREAM 50g มีโปรซื้อเยอะ (ก.1หลอด), 107.00 
3630,MEDMAKER VITAMIN E CREAM 5.5% 20g (ก.1หลอด), 50.50 
3629,MEDMAKER VITAMIN E CREAM 5.5% 50g (ก.1หลอด), 104.00 
91171,MEFA 500 1000s (กระปุก), 606.00 
91171/50,MEFA 500 50x10s (ก.50แผง), 396.00 
91171/1,MEFA 500mg 12x10s (ก.12แผง), 169.50 
718,MEFAMED 500 500s มีโปรซื้อเยอะ (กระปุก), 235.00 
1605,MEFAMED 500mg 25x10s (ก.25แผง), 146.00 
1605/5,MEFENSTAR FORTE 500mg 500s เม็ดรีเขียว (กระปุก), 375.00 
1605/4,MEFENSTAR FORTE 500mg 500s เม็ดรีเหลือง (กระปุก), 375.00 
1605/2,MEFENSTAR FORTE 500mg 50x10s เม็ดรีเขียว (ก.50แผง), 465.00 
1605/3,MEFENSTAR FORTE 500mg 50x10s เม็ดรีเหลือง (ก.50แผง), 465.00 
133101/3,MEGA ALCOHOL COTTON BALL สำลีชุบแอลกอฮอล์ 10แผงx8ก้อน ซีเมด (ก.10แผง), 56.00 
2-820/1,MEGA ALERTEN 100 BIOEMULCAP 3x10s [CoQ10 100mg] (ก.3แผง), 545.00 
2677/1,MEGA AVARIN 1x10s (ก.1แผง), 59.00 
2968,MEGA CALCIUM-D 60s (ขวด), 177.50 
2968/5,MEGA CALCIUM-D 90s (ขวด), 259.00 
2968/3,MEGA CALCIUM D WITH SOY GERM 30s (ขวด), 374.00 
1458/1,MEGA DOFLAM 1x10s (ก.1แผง), 73.50 
07857/20,MEGA EUGICA COLD MOUTH SPRAY 30ml บรรเทาอาการหวัด (ก.1ขวด), 158.00 
07857/6,MEGA EUGICA HERBAL MOUTH SPRAY 10ml (ก.1ขวด), 69.25 
2553/2,MEGA EUGICA IVY SYRUP 100ml (ก.1ขวด), 143.00 
2553/3,MEGA EUGICA IVY SYRUP 20x5ml (ก.20ซอง), 162.00 
1222,MEGA EVENING PRIMROSE OIL 1000mg 100s (ขวด), 362.00 
1222/1,MEGA EVENING PRIMROSE OIL 1000mg 30s EPO (ขวด), 122.50 
4410/1,MEGA FEMIFLORA 100ml (กลิ่นกุหลาบ) Probiotic (ขวด), 136.00 
3733/3,MEGA FERROTONE [iron+folic acid+b12] 1x10s (ก.1แผง), 44.50 
1504,MEGA FISH OIL 1000mg 100s (ขวด), 335.00 
1504/30,MEGA FISH OIL 1000mg 30s (ขวด), 112.50 
3795/4,MEGA FLEXSA-500 3x10s (ก.3แผง), 152.00 
3795/9,MEGA FLEXSA Plus ผง 1500 15s (ก.15ซอง), 452.00 
3795/11,MEGA FLEXSA ผง รสส้ม 1500 31s (ก.31ซอง), 452.00 
4365,MEGA GARLIC OIL 100s (ขวด), 101.00 
2741,MEGA GINKGO BILOBA 60s (ขวด60เม็ด), 181.50 
4336/1,MEGA GINSOMIN 20x8s (ก.20แผง)," 1,026.00 "
3824,MEGA GOFEN 400mg 1x10s (ก.1แผง), 81.00 
3824/17,MEGA GOFEN LIQUIZ 100mg/5ml 60ml (ก.1ขวด), 92.50 
2-783/1,MEGA GOGAZ 200mg 1x10s (ก.1แผง), 28.00 
1507,MEGA GRAPE SEED EXTRACT 20mg 60s (ขวด), 281.00 
2415/1,MEGA IICARE 3x10s **ราคาพิเศษ ไม่มีบาร์โค้ด** (ก.3แผง), 188.00 
2415/5,MEGA IICARE DAILY 3x10s (ก.3แผง), 415.00 
2-820,MEGA LECITHIN 1200mg 100s (ขวด), 242.00 
2-820/2,MEGA LECITHIN 1200mg 30s (ขวด), 76.75 
953/3,MEGA LOREZE CLEARCAP 10mg 1x10s (ก.1แผง), 83.00 
3717/1,MEGA MULTILIVES SOY GERM 30s (ขวด), 582.00 
1288/4,MEGA NAPROFAZT 250mg 1x10s (ก.1แผง), 98.00 
891,MEGA NAT B 100s (ขวด), 550.00 
892,MEGA NAT B 40s (ขวด), 226.00 
3101,MEGA NAT C 150s (ขวด), 530.00 
3099,MEGA NAT C 30s (ขวด), 169.00 
3099/99,MEGA NAT C 30s [ทะเบียนอาหาร] (ขวด), 169.00 
3100,MEGA NAT C 60s (ขวด), 234.00 
3099/1,MEGA NAT-C ESTER 1000mg 30s (ก.30ซอง), 199.00 
8141/2,MEGA NAT D 5000 iu 3x10s (ก.3แผง), 608.00 
8141,MEGA NAT D 60s (ขวด), 378.00 
1505,MEGA NATURAL VITAMIN E 100iu 100s (ขวด), 202.00 
1509,MEGA NATURAL VITAMIN E 200iu 60s (ขวด), 201.50 
1511,MEGA NATURAL VITAMIN E 400iu 30s (ขวด), 203.00 
1519/1,MEGA NUTRIVITA DAILY 1x10s (ก.1แผง), 83.00 
3907/1,MEGA PHENZ 1x10s (ก.1แผง), 82.00 
4410/4,MEGA PROBIOTIC DROPS 8ml เด็ก0-6เดือน (ขวด), 597.00 
3825/1,MEGA REGENEZ 3x10s (ก.3แผง), 285.00 
3795/3,MEGA VIAFLEX 1500mg 30ซอง (ก.30ซอง), 280.00 
171530/3,MEGA VIRUNO ฟ้าทะลายโจรสกัด 60mg 3x5s (ก.3แผง), 126.00 
1492,MEGA VITAMIN A 25000IU 100s (ขวด), 72.00 
4068/1,MEGA ZINCOMIN 20mg 60s (ขวด), 207.00 
2-127/2,MEGA ZIRIN CLEARCAP 10mg 1x10s (ก.1แผง), 83.00 
99501/5,MEIACT 200MG 2x10s (ก.2แผง)," 1,135.00 "
99501/6,MEIACT FINE GRANULES 0.5g *ใหม่18.25 (ซอง), 16.50 
902500/2,MEIXIL CAPSULES 50x10s (เม็ดชมพู-ขาว) (ก.50แผง)," 1,690.00 "
56042/2,Melamii Anti Melasma Spot Corrector 15g (ก.1หลอด), 295.50 
56042/3,Melamii Anti Melasma Spot Corrector 35g (ก.1หลอด), 522.00 
4228/121,MELCAM 7.5mg 1x10s (ก.1แผง), 32.00 
3818/20,MELLODERM-HQ 2% ฝ้า 7g ชมพู (ก.1หลอด), 52.50 
3818/21,MELLODERM-HQ 4% ฝ้า 7g ม่วง (ก.1หลอด), 58.75 
2164/15,MELOBIC-15 10x10s (ก.10แผง), 418.00 
2164,MELOBIC-7.5 10x10s (ก.10แผง), 240.00 
419/1,MEL-OD 15mg 10x10s (ก.10แผง), 217.00 
419,MEL-OD 7.5mg 10x10s (ก.10แผง), 149.00 
4202/10,MELOX 15mg 10x10s (ก.10แผง), 714.00 
4202/11,MELOX 15mg 1x10s (ก.1แผง), 63.75 
4228/11,MELOX 7.5mg 1x10s ซื้อเยอะ (ก.1แผง), 43.25 
826,MENTHOLATUM 28g เล็ก 60บ เมนโทลาทัม (ขวด) (ก.1ขวด), 40.00 
1624,MENTHOLATUM 85g ใหญ่ (ก.1ขวด), 85.75 
3459/1,MEPAGYL 400mg 1x10s (ก.1แผง), 26.00 
827,MEPTIN 50mg 10x10s (ก.10แผง), 423.00 
2-305,MEPTIN MINI 25mg 10x10s (ก.10แผง), 314.00 
3005,MEPTIN SYRUP 60ml (ขวด), 47.50 
4267/5,MERA 100x10s (เม็ดเขียวเหลี่ยม) *ใหม่593บ (ก.100แผง), 561.00 
831,MERISLON 12mg 3x10s (ก.3แผง), 105.00 
828,MERISLON 6mg 3x10s (ก.3แผง), 57.50 
7977,MERLIN 50x10s (ก.50แผง), 212.00 
3279/2,MERTIGO 12mg 10x10s (ก.10แผง), 116.00 
3279/1,MERTIGO 6mg 10x10s (ก.10แผง), 59.00 
2300/5,MESLON 1000 10x10s (ก.10แผง), 592.00 
2300/1,MESLON 500mg 10x10s (ก.10แผง), 312.00 
4197/1,MESTO-T/F 10x10s (เหลี่ยมขาว) *ใหม่79 (ก.10แผง), 65.50 
4197,MESTO-T/F 500s (เหลี่ยมขาว) มีโปรซื้อเยอะ (กระปุก), 264.00 
941010/3,METEOSPASMYL 3x10s (ก.3แผง), 265.00 
2325/7,METFOR-500 10x10s (ก.10แผง), 44.00 
2325/2,METFORMIN 500mg 50x10s (ก.50แผง), 171.00 
2325/50,METFORMIN 50x10s [Inter Pharma] (ก.50แผง), 219.00 
2325,METFORMIN GPO 50x10s มีซื้อเยอะ (ก.50แผง), 326.00 
3003,METHOPINE 1000s (กระปุก), 590.00 
3002,METHOPINE 50x10s (ก.50แผง), 409.00 
833,METHYCOBAL 500mcg 3x10s (ก.3แผง), 157.50 
2-93/2,METOPROLOL 100mg 10x10s (ก.10แผง), 262.00 
4013,METRIZOLE-200 1000s (กระปุก), 345.00 
835/5,METRIZOLE-400 50x10s [42] (ก.50แผง), 283.00 
786/8,METROGYL GEL 1% 10g (ก.1หลอด), 75.50 
3459,METROLEX 400mg 10x10s (ก.10แผง), 132.00 
835,METRONIDAZOLE 400 50x10s (ก.50แผง), 240.50 
237/5,MET-SIL INJECTION 50x2ml (ก.50ขวด), 330.00 
890/2,METZODIN NASAL SPRAY 10ml (ก.1ขวด), 49.50 
4203/7,MEVALOTIN 40mg 3x10s (ก.3แผง), 965.00 
1072/3,M-FLOX-400 10x10s foil (ก.10แผง), 153.00 
4203/5,MIBEAZ 10mg 3x10s (ก.3แผง), 225.00 
2085/2,MIBI COTTON BALL ตราลองเมด สำลีก้อน 40g บ ขาด (ซอง40g), 12.33 
4297,MICARDIS 40mg 30s (ก.30เม็ด), 646.00 
4432,MICARDIS 80mg 30s (ก.30เม็ด), 860.00 
2-80/1,Miconazole Cream 2% GPO 5g (ก.1หลอด), 15.20 
9997/4,MicrocynAH Ear Rinse ทำความสะอาดหู 120 ml (ขวด), 440.00 
9997/7,MicrocynAH Oral Care Spray 120 ml ขวดแบ่ง 6ขวด 20 ml (ขวด), 675.00 
9997/2,MicrocynAH Wound & Skin care Hydrogel 60ml (ขวด), 460.00 
9997/3,MicrocynAH Wound & Skin care Spray 500 ml ขวดแบ่ง 25 ขวด 20ml (ชุด)," 1,447.00 "
9997/1,MicrocynAH Wound & Skin care Spray 59 ml (ขวด), 329.00 
838,MICROPORE 1/2x10หลา ไมโครพอร์ โปร24มีค-16พค69 ลด50บ (ก.24ม้วน), 588.00 
626/2,MIFORMIN 500mg 50x10s (ก.50แผง), 288.00 
626/3,MIFORMIN 850mg 25x10s (ก.25แผง), 288.00 
91110,MIGANA 40x10s (ก.40แผง), 800.00 
91110/1,MIGRANO 1x10 มีโปรซื้อเยอะ (ก.1แผง), 20.50 
2/9/2001,MILK OF MAGNESIA C.B. 240ml (ขวด), 27.50 
2-ก.ย.,MILK OF MAGNESIA GPO MOM 240ml (ขวด), 36.50 
2-ส.ค.,MILK OF MAGNESIA GPO MOM 450ml (ขวด), 57.25 
1970/9,Milky tab plus colostrum 60s (ขวด), 255.00 
667/10,MILLIOPH EYE DROP 10ml (ก.1ขวด), 28.00 
1501/20,MILTEAR 30x1ml (ก.30หลอด), 139.00 
1501/1,MILTEAR MD 10ml (ก.1ขวด), 63.25 
1673/2,MIMOSA 5 3x10s (ก.3แผง), 255.00 
3238/3,MINIBIT 5mg 50x10s (ก.50แผง), 350.00 
844,MINIDIAB 5mg 2x15s (ก.2แผง), 101.00 
4037/1,MINRA 1x10s (ก.1แผง), 18.60 
3144,MINRA INFANT DROPS 15ml (ก.1ขวด), 30.50 
3143,MINRA SYRUP 60ml (เขียวส้ม) ***โปร4กพ-28มีค69 ซื้อ12 ลด6บ (ก.1ขวด), 24.00 
3142,MINRA SYRUP 60ml (ม่วงองุ่น) (ก.1ขวด), 24.50 
2-1009,MINUS-SUN SPF 40PA+++ IVORY 30g *ใหม่ 185.50 (ก.1หลอด), 180.00 
2-1008,MINUS-SUN SPF 40PA+++ WHITE 30g (ก.1หลอด), 184.50 
2-553/10,MIRACID 10x10s (ก.10แผง), 172.75 
2-553,MIRACID 1x14s มีโปรซื้อเยอะ (ก.1แผง), 33.25 
152/4,MIRGEAL GEL 20ซองx15ml รสบลูเบอร์รี่ เมอร์จีล เจล **ขึ้น659 (ก.20ซอง), 613.00 
03108/1,MIST CARMINATIVE MEDICPHARMA 240ml (ขวด), 17.50 
2133/1,MITJECT TUBERCULIN LDS SYRINGE 1mL 27Gx0.5นิ้ว (ก.100ชิ้น), 225.00 
1293/1,MITJECT U-100 INSULIN SYRINGE 1mL 29Gx0.5นิ้ว (ก.100ชิ้น), 245.00 
11301/6,MITOMAX FOR MEDIUM & LARGE DOGS : Syn-Biotic (ขวด), 525.00 
11301/4,MITOMAX FOR SMALL DOGS : Syn-Biotic 30s (ขวด), 310.00 
1174/12,MI-X 3% 60ml (minoxidil) (ก.1ขวด), 238.00 
3108,MIXT CARMINATIVE GPO 180ml (ขวด), 20.50 
3109,MIXT CARMINATIVE GPO 450ml (ขวด), 59.00 
847,MM MILK OF MAGNESIA SUSPENSION 240ml (เชอรี่) MOM (ขวด), 22.00 
846,MM MILK OF MAGNESIA SUSPENSION 240ml (มิ้นท์) MOM (ขวด), 22.00 
850,MOBIC 7.5mg 10x10s (แผง), 101.00 
851,MODURETIC 10s (แผง), 20.00 
4092/18,MOFLOXIN 400 MG 1x5s (ก.1แผง), 240.00 
339,MOLAX-M 10x10s (ก.10แผง), 124.75 
339/1,MOLAX SUSPENSION 30ml (ก.1ขวด), 44.00 
2581/3,MOMATE CREAM 0.1% 15g (ก.1หลอด), 91.00 
2580/1,MOMATE CREAM 0.1% 5g (ก.1หลอด), 42.50 
2580/4,MOMESONE CREAM 0.1% 15g (ก.1หลอด), 92.00 
2580/2,MOMESONE CREAM 0.1% 5g (ก.1หลอด), 43.00 
3449/5,MOMETASONE 50mcg 140dose exp5/2026 (ก.1ขวด), 282.00 
3449/4,MOMETASONE SANDOZ 50mcg 140dose (ก.1ขวด), 515.00 
2687/10,MONIRAX 400mg 14x5s (ก.14แผง), 270.00 
2687/11,MONIRAX 800mg 7x5s (ก.7แผง), 230.00 
93110/7,MONKAST-10 2x14s เม็ดเคี้ยว (ก.2แผง), 209.00 
93110/8,MONKAST-5 2x14s เม็ดเคี้ยว (ก.2แผง), 125.50 
93110/9,MONLAKAST 10mg 4x7s มอนลาคาส (ก.4แผง), 170.00 
8229,MONTEK 10mg 2x14s **ซื้อเยอะ (ก.2แผง), 292.00 
8229/2,MONTEK 10mg 4*7s มีโปรซื้อเยอะ (ก.4แผง), 292.00 
93110/4,MONTELUKAST GPO 10mg 10x10s (ก.10แผง), 344.00 
93110/1,MONTIGET 10mg 2x7s (ก.2แผง), 75.00 
93110/3,MONTIGET CHEWABLE 5mg 2x7s กล่องเขียว (ก.2แผง), 205.00 
93110/2,MONTULAIR 10mg 10x10s (ก.10แผง), 505.00 
3338/1,MONTULAIR 4 ORAL GRANULES 28ซอง บ หมด (ก.28ซอง), 346.00 
593/1,MONUROL 3G 1sachet (ก.1ซอง), 375.00 
296/10,MOPRIX 20mg 1x14s (ก.1แผง), 43.00 
9994/2,MOSSI GUARD สติ๊กเกอร์กันยุง (30ซองx2ชิ้น) [TMAN] (ก.30ซอง), 255.00 
1825,MOTIDOM-M 500s (ก.1กระปุก), 136.00 
1826,MOTIDOM-M 50x10s (ก.50แผง), 153.00 
858,MOTILIUM-M 10mg 3x10s (ก.3แผง), 100.60 
3267,MOTIVAN INJECTION 50ampx1ml (กล่อง), 252.00 
2734/3,MOVENT 30mg 50x10s เม็ดรีขาว [ชุมชน] (ก.50แผง), 295.00 
904500/1,MOX-C 500 50x10s (ชมพู-ม่วง) (ก.50แผง), 920.00 
904500,MOXCILLIN 500 MG 50x10s (เม็ดฟ้าอ่อน-ฟ้าแก่) *ใหม่598 (ก.50แผง), 532.00 
903500/6,MOXCILLIN AU 50x10s (เม็ดฟ้า-เทา) (ก.50แผง), 437.00 
654/28,MOXCLAVET 125 30x7s (ก.30แผง)," 1,430.00 "
654/29,MOXCLAVET 250 30x7s (ก.30แผง)," 1,950.00 "
654/31,MOXCLAVET 500 30x7s (ก.30แผง)," 2,950.00 "
654/26,MOXCLAVET 62.5 30x7s (ก.30แผง)," 1,210.00 "
654/27,MOXCLAVET DROP (Amoxicillin+Clavulanate) 15ml (ก.1ขวด), 105.00 
513,MOXILIN-125 DRY SYRUP (เปลือยวานิลลา) (ขวด), 20.50 
513-1,MOXILIN-125 DRY SYRUP (มีกล่องวานิลลา) (ก.1ขวด), 20.50 
512-4,MOXILIN-250 DRY SYRUP (เปลือย สตอเบอรี่) (ขวด), 20.50 
512,MOXILIN-250 DRY SYRUP (เปลือยส้ม) (ขวด), 20.50 
512-2,MOXILIN-250 DRY SYRUP (มีกล่องสตอเบอรี่) (ก.1ขวด), 25.50 
512-1,MOXILIN-250 DRY SYRUP (มีกล่องส้ม) (ก.1ขวด), 25.50 
1305/3,MOXILIN 500mg [42] 50x10s (เม็ดแดง-เหลือง) (ก.50แผง), 530.00 
1305/1,MOXILIN CAPSULES 500mg [42] 50x10s (เม็ดเขียว-ฟ้า) (ก.50แผง), 530.00 
1305,MOXILIN CAPSULES 500mg 50x10s (เม็ดฟ้า-เทา) (ก.50แผง), 459.00 
903500/3,MOXIPHARM 500mg 50x10s (เม็ดฟ้า-เทา) (ก.50แผง), 535.00 
904500/2,MOX-TAB 500 50x10s (เม็ดตอกสีขาว) (ก.50แผง), 920.00 
903025/1,MOX-TAB 875mg 10x10s (เม็ดตอกขาว) (ก.10แผง), 409.00 
903025,MOXY 500 25x10s (เม็ดฟ้า-เทา) (ก.25แผง), 252.00 
903500/1,MOXY 500 500s (ฟ้า-เทา) (กระปุก), 462.00 
903500,MOXY 500 HK 50x10s (เม็ดฟ้า-เทา) (ก.50แผง), 462.00 
4202/1,M.P.OSOTH 15mg 10x10s (ก.10แผง), 182.00 
2-777,MUAY CREAM 100g มวย ครีม มีโปรซื้อเยอะ (ก.1หลอด), 77.00 
2100,MUAY CREAM 30g มวย ครีม (ก.1หลอด), 33.50 
1136/200,MUAY PERFORMANCE COOL SPRAY น้ำมันมวย สเปรย์ สูตรเย็น 200ml (ขวด), 134.50 
1136/41,MUAY PERFORMANCE COOL SPRAY น้ำมันมวย สเปรย์ สูตรเย็น 50ml (ขวด), 53.00 
3002/11,MUCHES-200 10x10s (ก.10แผง), 60.50 
3-379,MUCIL 200mg 30ซองx3g (ก.30ซอง), 60.50 
2436/2,MUCILAX 10x5g รสบ๊วย (ก.10ซอง), 104.50 
3-380,MUCIL GRANULES 100mg 30ซองx5g (ก.30ซอง), 51.00 
2431,MUCILIN ORANGE FLAVOUR 30ซองx5g (ก.30ซอง), 225.00 
2436/3,MUCILIN SF 10x5g (รสมิกซ์เบอร์รี่) (ก.10ซอง), 79.00 
2436,MUCILIN SF 10x5g (รสส้ม) (ก.10ซอง), 79.00 
8888,MUCLEAR 600mg 10s (ก.1หลอด), 116.68 
2416,MUCOCIN 1000s (กระปุก), 76.50 
1795/3,MUCODIC 30mg/5ml 60ml กระต่าย (ก.1ขวด), 13.75 
2234/1,MUCOLID 1x10s (ก.1แผง), 14.50 
2234,MUCOLID 30mg10s (เปลือย) *มีโปรซื้อเยอะ (แผง), 14.25 
822,MUCOLID JUNIOR 60ml (บลูเบอร์รี่ ) (ก.1ขวด), 28.50 
823,MUCOLID JUNIOR 60ml (สตรอเบอรี่) (ก.1ขวด), 27.50 
1803/1,MUCOLID SF 200 60ซองx3g (ก.60ซอง), 234.00 
1804/1,MUCOLID SF 600 30ซองx7g (ก.30ซอง), 309.00 
71,MUCOLID SYRUP 60ml (ก.1ขวด), 27.50 
1445/5,MUCONOR 30mg NL 25x10s (ก.25แผง), 151.00 
862/1,MUCOSOLVAN 30mg 10x10s (ก.10แผง), 570.00 
2734/1,MUCOSTAR 30mg 100x10s มีโปรซื้อเยอะ (ก.100แผง), 382.00 
2734/2,MUCOSTAR 30mg 1x10s (ก.1แผง), 38.20 
1803/2,MUCOTIC 200mg 50ซองx5g (รสเมล่อน) (กล่อง), 116.00 
1803/3,MUCOTIC HD SF 600 50ซองx5g (รสส้ม) (ก.50ซอง), 271.00 
1795/10,MUFLEX 50x10s (ก.50แผง), 469.00 
1795/1,MUFLEX 60ml (เปลือย) (ขวด), 14.50 
2017/15,MULTIVITAMIN TABLETS GPO1000s ยาเม็ดวิตามินรวม (กระปุก), 399.00 
2527/2,MULTIZYME 1x4s (กล่อง), 58.00 
3285/13,MUNO POWDER Kids 28g/70ml elderberry (ก.1ขวด) (ก.1ขวด), 124.00 
1526/12,MUSCLOFEN 10mg (baclofen) 50x10s (ก.50แผง), 789.00 
08074/5,MUSLEXAC 1000s เม็ดกลมส้ม (กระปุก), 339.00 
08074/1,MUSLEXAC 50x10s เม็ดกลมส้ม (ก.50แผง), 242.00 
855,MUSTAB 10x10s (ก.10แผง), 80.00 
865,MUSTAB 500s (กลมชมพู) (กระปุก), 197.00 
61/13,MX1 คละไซส์ T1x2 TMx2 กล่อง10ซอง [SOS] พลาสเตอร์ใส ปิดแผล กันน้ำ 4ชิ้น (ก.10ซอง), 217.00 
4886/1,MYBACIN OTC LEMON 20x8s (ก.20ซอง), 171.00 
4886,MYBACIN OTC MINT 20x8s (ก.20ซอง), 171.00 
20999,MYBACIN OTC MINT 70x8s (แพค70ซอง), 587.00 
4886/4,MYBACIN OTC ORAGE 20x8s (ก.20ซอง), 171.00 
2097,MYBACIN THROAT MINT แพค70ซองx10s (แพค70ซอง), 487.00 
4886/6,MYBACIN ZINC CHERRY มายบาซิน 20x10s (ก.20ซอง), 149.00 
4886/2,MYBACIN ZINC HONEY LEMON น้ำผึ้งมะนาว 20x10s (ก.20ซอง), 149.00 
4886/3,MYBACIN ZINC HONEY LEMON น้ำผึ้งมะนาว 40x10s (ก.40ซอง), 288.00 
2301/1,MYBACIN ZINC LEMON 40x10sบ ขาด (ก.40ซอง), 288.00 
2301,MYBACIN ZINC LEMON 70x10s (แพค70ซอง), 487.00 
2098/1,MYBACIN ZINC ORANGE 40x10s (ก.40ซอง), 288.00 
2098,MYBACIN ZINC ORANGE 70x10s (แพค70ซอง), 487.00 
3835/1,MYCARBON 260mg 10x10s (ก.10แผง), 126.50 
872/1,MYCOCHLORIN-T 250mg สามธง 3ธง 10x10s (ก.10แผง), 452.00 
921/5,MYCORAL CREAM 5g (ก.1หลอด), 14.00 
872/2,MYCOSAMTHONG 60ml (ขวด), 40.50 
922/5,MYCO SHAMPOO 100ml (ก.1ขวด), 44.50 
870/1,MYCOZOLE-B CREAM 15g (ก.1หลอด), 24.25 
870,MYDA-B CREAM 15g (ก.1หลอด), 31.67 
868,MYDA-B CREAM 25g (ก.1หลอด), 49.25 
869,MYDA-B CREAM 5g (ก.1หลอด), 15.00 
870/2,MYDA BS CREAM 15g (ก.1หลอด), 31.67 
869/1,MYDA BS CREAM 5g (ก.1หลอด), 15.00 
868/1,MYDA POWDER 20g (ขวด), 23.50 
3-70/2,MYDA SHAMPOO 100ml ไมด้า แชมพู (ก.1ขวด), 49.00 
3-70/1,MYDA SHAMPOO 50ml ไมด้า แชมพู (ก.1ขวด), 31.00 
มี.ค.-69,MYDA SOAP สบู่ ไมด้า ซัลเฟอร์ 2.5% 30g (ก.1ก้อน), 20.50 
มี.ค.-70,MYDA SOAP สบู่ ไมด้า ซัลเฟอร์ 2.5% 80g (ก.1ก้อน), 35.00 
1753,MYDERMIC CREAM 15g (ก.1หลอด), 27.00 
1122/2,MYDERM QUAD CREAM 15g (ก.1หลอด), 47.75 
1122/1,MYDERM QUAD CREAM 5g มีโปรซื้อเยอะ (ก.1หลอด), 21.75 
879/100,MYDOCALM 50mg 100x10s (ก.100แผง)," 1,605.00 "
879/2,MYDOCALM 50mg 1x10s กล่อง (ก.1แผง), 16.75 
880,MYDOCALM FORTE 150mg 10x10s (ก.10แผง), 416.00 
880/1,MYDOCALM FORTE 150mg กล่องเล็ก 1x10s โปร11มีค-11เมย69 ซื้อ12ลด12บ (ก.10เม็ด), 43.00 
2471/3,MYFLUORIDE MYBACIN JUNIOR ORANGE 250ml (ขวด), 45.25 
2471/1,MYFLUORIDE MYBACIN JUNIOR STRAWBERRY 250ml (ขวด), 45.25 
2099/11,MYHERBAL MYBACIN TROSPRAY 15ml (ก.1ขวด), 88.75 
2099/2,MYHERBAL MYBACIN WITH FATALAIJONE EXTRACT SPRAY 15ml (ก.1ขวด), 101.00 
2099,MYHERBAL MYBACIN WITH MANGOSTEEN EXTRACT SPRAY 15ml (ก.1ขวด), 101.00 
2099/3,MYHERBAL MYBACIN WITH MANGOSTEEN EXTRACT SPRAY 4.5ml (ก.1ขวด), 42.50 
2099/1,MYHERBAL MYBACIN WITH ZINC SPRAY 15ml (ก.1ขวด), 87.50 
293/1,MYKODERM POWDER 75g (กระป๋อง), 118.50 
2457,MYLOM DROPS 15ml (ก.1ขวด), 37.75 
260/1,MYMOL 325mg 1000s (กลมขาว) (กระปุก), 174.00 
1064,MYMOL 500mg 100s (ฟ้า-ขาว) (ขวด), 29.00 
1064/2,MYMOL 500mg 100x10s (กลมขาว) (ก.100แผง), 420.00 
1064/1,MYMOL B.P.O. 500mg 100s (ขาวรี) (ขวด), 35.25 
260,MYMOL WHITE-BLUE 1000s (ขาว-ฟ้า) (กระปุก), 180.00 
2535,MYOGESIC 50x10s (ก.50แผง), 249.00 
3186,MYONAL 50mg 3x10s มีโปรซื้อเยอะ (ก.3แผง), 196.00 
2-801,MYOPAS 1000s (เม็ดรีจุดเขียว) (กระปุก), 395.00 
2-801/2,MYOPAS 1000s (เม็ดรีจุดแดง) (กระปุก), 395.00 
2-801/4,MYOPAS 100x10s (กล่องขาวแดง) (ก.100แผง), 435.00 
2-801/3,MYOPAS 100x10s (เม็ดรีจุดเขียว) (ก.100แผง), 435.00 
2-801/6,MYOSPA 500s (เม็ดฟ้ารี) บ ขาด (กระปุก), 351.00 
2-801/5,MYOSPA 50x10s (เม็ดรีฟ้า) (ก.50แผง), 409.00 
2597,MYOXAN 50x10s (ก.50แผง), 254.00 
3449/12,MYSEPTIC ALCOHOL HAND GEL GREEN TEA 60ml (หลอด), 10.00 
3449/15,MYSEPTIC MOUTHWASH ฟ้าทะลายโจร 250ml (ขวด), 51.00 
2096/10,MYSEPTIC MYBACIN ZINC APPLE LOZENGE SF 9.4g 10s (ซอง), 10.90 
2094/10,MYSEPTIC MYBACIN ZINC SF 20x10s รสสตอว์เบอร์รี่ (ก.20ซอง), 175.00 
2094/2,MYSEPTIC MYBACIN ZINC SF HIGH VIT C & COQ10 20x10s รสองุ่นมะนาว (ก.20ซอง), 175.00 
2094/5,MYSEPTIC MYBACIN ZINC SF Honey Lemon น้ำผึ้งมะนาว 70x10s (แพค70ซอง), 487.00 
2094/1,MYSEPTIC MYBACIN ZINC SF LUTEIN & BILBERRY 20x10s (ก.20ซอง), 175.00 
1805,MYSOVEN 100mg 60ซองx5g (ก.60ซอง), 100.50 
1803,MYSOVEN 200mg 60ซองx3g (ก.60ซอง), 201.00 
1804,MYSOVEN 600mg 30ซองx7g (ก.30ซอง), 259.00 
13292/1,N1 60x70mm TIGERPLAST TRANSPARENT WATERPROOF (ก.5แผ่น), 39.00 
13292/2,N2 60x100mm TIGERPLAST TRANSPARENT WATERPROOF (ก.5แผ่น), 44.50 
13292/3,N3 80x100mm TIGERPLAST TRANSPARENT WATERPROOF (ก.5แผ่น), 55.25 
13292/4,N4 100x120mm TIGERPLAST TRANSPARENT WATERPROOF (ก.5แผ่น), 64.75 
4267/2,NABESAC 1000s (เม็ดเขียวเหลี่ยม) (กระปุก), 345.00 
4267/1,NABESAC 1000s (เม็ดส้มรี) (กระปุก), 345.00 
4267/6,NABESAC 1000s (เม็ดเหลี่ยมสีม่วง) (กระปุก), 345.00 
4267/4,NABESAC 50x10s (เม็ดเขียวเหลี่ยม) (ก.50แผง), 252.00 
4267/3,NABESAC 50x10s (เม็ดส้มรี) (ก.50แผง), 252.00 
2907,NAC LONG 600mg 10s NACLONG (ก.1หลอด), 148.00 
91490,NACOXIB-90mg 1x10s มีโปรซื้อเยอะ (ก.1แผง), 98.00 
91490/5,NACOXIB 90mg 1x5s มีโปรซื้อเยอะ (ก.1แผง), 49.00 
319/3,NANOMED COLD HOT PACK เจลประคบร้อนเย็น เนื้อผ้า รุ่น CSI-CH-I 160 (กล่อง), 78.00 
3826/7,NANO PREG TEST CASSETTE 1s ตรวจตั้งครรภ์ ตลับหยด (ก.1ชุด), 19.25 
3826/6,NANO PREG TEST MIDSTREAM 1s ตรวจตั้งครรภ์ ปากกา (ก.1ชุด), 34.00 
2-128,NAPHCON-A 15ml (ก.1ขวด), 90.50 
887,NAPPY-HIPPO 25g (ก.1หลอด), 33.50 
888,NAPPY-HIPPO 5g (ก.1หลอด), 13.50 
1229/2,NAPROSIAN 250mg 1x10s (ก.1แผง), 17.75 
1229/1,NAPROSIAN 250mg 25x10s (เม็ดกลมเหลือง) (ก.25แผง), 317.00 
1288/6,NAPROXEN 250 10x10s เม็ดเขียวหกเหลี่ยม [ชุมชน] (ก.10แผง), 194.00 
1288/1,NAPROXEN 250 25x10s (ก.25แผง), 315.00 
1229/3,Naproxen GPO 250mg 50x10s มีซื้อเยอะ (ก.50แผง), 634.00 
3516,NASACORT AQ 120 doses (ก.1ขวด), 440.00 
1800/3,NASAL KIT [ANB] ไซริงค์20ml+จุกล้างจมูก (ก.1ชุด), 26.00 
1922/5,NASAL STRIPS 1.8x5.8cm แผ่นแปะจมูก sos (ก.8ชิ้น), 25.50 
1155/4,NASIC CLEANSE 250ml ชุดอุปกรณ์ล้างจมูก+น้ำเกลือ2.25gx10s (ก.1ชุด), 168.00 
1155/5,NASIC CLEANSE REFILL น้ำเกลือ2.25gx30s (ก.30ซอง), 92.00 
4037,NASIFED BPO 10x10s (ก.10แผง), 88.25 
4036,NASIFED BPO 50x10s (ก.50แผง), 389.00 
2-628/1,NASIN 250mg 500s (กระปุก), 347.00 
2-821,NASOLIN P.L. 1x10s (ก.1แผง), 16.25 
2-823,NASOLIN P.L. 60ml (ก.1ขวด), 24.25 
890,NASOL SPRAY 15ml (ก.1ขวด), 77.00 
3449,NASONEX AQUEOUS NASAL SPRAY 140dose (ก.1ขวด), 758.00 
3449/2,NASONEX AQUEOUS NASAL SPRAY 60dose (ก.1ขวด), 443.00 
3449/3,NASOSPRAY 140 doses **ขึ้น430 (ก.1ขวด), 390.00 
2-823/4,NASOTAPP SYRUP 60ml (องุ่น) [ชุมชน] (ก.1ขวด), 20.50 
2-821/1,NASOTAPP TABLET 50x10s [ชุมชน] (ก.50แผง), 603.00 
2968/4,NAT CAL PLUS 3x10s ผงกระดูกวัว [MEGA] (ก.3แผง), 523.00 
1501,NATEAR 10ml มีโปรซื้อเยอะ (ก.1ขวด), 82.00 
1503,NATEAR UD 28หลอดx0.8ml (ก.28หลอด), 191.00 
2901,NATEAR UD 7หลอดx0.8ml (ก.7หลอด), 52.50 
893,NATRILIX SR 1.5mg 3x10s (ก.3แผง), 270.00 
2-399,NATURE BALANCE BIOTIN ไบโอติน 60S 450บ (ขวด) (ขวด), 245.00 
08466/4,NATURE BITE นมอัดเม็ด รสช็อคโกแลต 10x10s ซอง12.5g (ก.10ซอง), 71.00 
08466/5,NATURE BITE นมอัดเม็ด รสสตอ 10x10s ซอง12.5g (ก.10ซอง), 71.00 
08466/3,NATURE BITE นมอัดเม็ด รสหวาน 10x10s (ก.10ซอง), 71.00 
4417,NATUREGIFT COFFEE PLUS เนเจอร์กิฟกาแฟโสมสูตรต้นตำรับ มีโปรซื้อเยอะ (ก.10ซอง), 96.50 
4416-1,NATUREGIFT EXTRA COFFEE Q10 PLUS เนเจอร์กิฟกาแฟเอ็กซ์ตร้าคอฟฟี่ Q10 พลัส มีซื้อเยอะ (ก.10ซอง), 116.50 
1700/1,NATUREHINZZ CREAM 30g (ก.1หลอด), 61.00 
448/3,NAVAMED TABLETS 50x2s (ก.50แผง), 133.00 
883,NECK&SHOULDER RUB 50g ดำ (ก.1หลอด), 133.00 
881,NECK&SHOULDER RUB BOOST 50g แดง (หลอด), 138.50 
02615/1,NEEDLE 26x1 1/2 [WEGO] เข็มฉีดยา (ก.100ชิ้น) (ก.100ชิ้น), 45.00 
02615/2,NEEDLE 30x1/2 [WEGO] เข็มฉีดยา (ก.100ชิ้น) (ก.100ชิ้น), 55.00 
3778,NELAPINE 20 SR 3x10s (ก.3แผง), 96.00 
2-530/5,Neobun Cool Spray 45ml (ขวด), 52.00 
2-53/2,NEOBUN-GEL COOL 7x10cm (ซอง2ชิ้น) (ซอง2ชิ้น), 35.75 
2-53/1,NEOBUN-GEL WARM 7x10cm (ซอง2ชิ้น) (ซอง2ชิ้น), 35.75 
2-53/3,NEOBUN Menthol Plaster 11x8cm 6ซอง*3ชิ้น (กล่อง) (ก.6ซอง), 106.00 
2-53/4,NEOBUN Menthol Plaster 13x12cm 6ซอง*2ชิ้น (ก.6ซอง), 210.00 
ก.พ.-53,NEOBUN ปิดแก้ปวด ก.20ซอง (ก.20ซอง), 337.00 
4350/61,NEOCA C 1000mg 30s (ก.1ขวด), 177.00 
4350/60,NEOCA C 1000mg 60s (ก.1ขวด), 262.00 
4324/1,NEOCA COXIUP FAZ 30s (ก.3แผง), 294.00 
4041/1,NEOCA GARCININ 1x10s (นีโอก้า การ์ซินิน) (หลอด), 74.50 
14730,NEOCA GARLIC น้ำมันกระเทียม 30s (ก.3แผง), 92.00 
141030,NEOCA LUTEIN COMPLEX 18.03g 30s (ก.3แผง), 278.00 
3063/2,NEOCA Smatab 30s นีโอก้า สมาแทป (ขวด30s), 240.00 
2321/1,NEODEX CREAM 15g (ก.1หลอด), 18.50 
2987,NEOFENAC-50 50x10s (ก.50แผง), 192.00 
4229/2,NEOFUSION FISH OIL 30s (ขวด), 124.50 
1645,NEO-PENOTRAN FORTE 1x7s (ก.7เม็ด), 312.00 
2763,NEOPHEN 1000s (กระปุก), 109.00 
1564/6,Neoplast ALCOHOL PAD 200ซอง (ก.200ซอง), 139.00 
1321/7,NEOPLAST CLEAR PLASTIC BANDAGE 100s พลาสเตอร์ใส(กล่อง) (ก.100ชิ้น), 45.00 
2373,NEOPLAST-S 1x100p พลาสเตอร์ผ้า มีโปรซื้อเยอะ (ก.100ชิ้น), 36.25 
1846/2,NEORICIN 1000s (กระปุก), 124.00 
3371,NEOTICA 20mg 1x10s มีโปรซื้อเยอะ (ก.1แผง), 15.50 
904,NEOTICA BALM CREAM 100g (ก.1หลอด), 92.00 
906,NEOTICA BALM CREAM 30g (ก.1หลอด), 35.25 
905,NEOTICA BALM CREAM 60g (ก.1หลอด), 65.75 
909,NEOTICA COOL 30g (ก.1หลอด), 36.25 
909/60,NEOTICA COOL 60g (ก.1หลอด), 62.75 
ก.พ.-41,NEROXIN 300mg10x10s (ก.10แผง), 237.00 
101/7,NERVICA75 เนอร์วิกา 4x14s (pregabalin) (ก.4แผง), 402.00 
101/16,NERVICAเนอร์วิกา 150 4x14s (pregabalin) (ก.56s), 587.00 
80/24,NERVIN 300mg 10x10s (ก.10แผง), 260.00 
1412850/5,NESTLE BOOST GLUCOSE CONTROL 800g ไม่มีน้ำตาลทราย (กระป๋อง), 915.00 
1412850/4,NESTLE BOOST OPTIMUM 800g (กระป๋อง), 814.00 
1412850/15,NESTLE BOOST ธัญพืช 800g (กระป๋อง) (กระป๋อง), 767.00 
1412850/8,NESTLE NUTREN JUNIOR 400g (กระป๋อง) (กระป๋อง), 415.00 
1412850/11,NESTLE PEPTAMEN 400g (กระป๋อง), 795.00 
1412850/14,NESTLE S-26 GOLD HA 380g ขาว-ทอง-ม่วง ภูมิคุ้มกัน (กระป๋อง), 372.00 
1412850/9,NESTLE S-26 GOLD LACTOSE FREE 400g ทอง-ฟ้า (กระป๋อง) (กระป๋อง), 310.00 
13172,Net Gauze ผ้าก๊อซฝ้าย 2นิ้วx2นิ้ว (ก.10ซอง), 27.00 
13173,Net Gauze ผ้าก๊อซฝ้าย 3นิ้วx3นิ้ว มี22/4 (ก.10ซอง), 48.00 
13174,Net Gauzeผ้าก๊อซฝ้าย 4นิ้วx4นิ้ว มี22/4 (ก.10ซอง), 71.00 
4024/6,NEUGABA 300mg 6x10s (ก.6แผง), 295.00 
80/3,NEUPENTIN 300mg 10x10s (ก.10แผง), 202.00 
80/4,NEUPENTIN 400mg 10x10s เม็ด (ก.10แผง), 345.00 
80/5,NEUPENTIN 600mg 10x10s (ก.10แผง), 421.00 
101/17,NEURICA 150mg [เบอร์ลิน] (ก.10แผง), 952.00 
101/18,NEURICA 75mg [เบอร์ลิน] (ก.10แผง), 592.00 
912,NEUROBION 25x10s มีโปรซื้อเยอะ (ก.25แผง)," 1,264.00 "
912-1,NEUROBION 5x10s (ก.5แผง), 260.50 
912-1/3,NEUROBION 6x10s (ก.6แผง), 271.00 
4024,NEURONTIN 100mg 10x10s (ก.10แผง)," 1,558.00 "
4024/3,NEURONTIN 300mg (ก.3แผง), 869.00 
3249,NEUVIPLEX 3x10s (ก.3แผง), 45.00 
2-459,NEWBORN 150g ใหญ่ ศรีจันทร์ (ขวด), 35.00 
2-459/1,NEWBORN BABY 50g ศรีจันทร์ (ขวด), 38.00 
678/3,New Kresslex 125 dry 60ml (ก.1ขวด), 24.50 
903500/14,new MOXCILLIN 500mt AU 500s (เขียว-ฟ้า) (กระปุก500s), 438.00 
914,NEWPHARVIT PLUS 100s (ก.1ขวด), 93.75 
915,NEWPHARVIT TABLETS 100s (ก.1ขวด), 66.25 
8145,NEXCARE ACNE 12dots กล่องชมพู แผ่นแปะสิว (กล่อง), 59.00 
8145/4,NEXCARE ACNE 30dots กล่องฟ้า แผ่นแปะสิวแบบบาง (กล่อง), 86.00 
8145/10,NEXCARE ACNE DRESSING 4x7s กล่องสีม่วง (กล่อง), 44.00 
319/7,NEXCARE COLD HOT THERAPY PACK MASK (ก.1ชิ้น), 120.00 
3794,NEXIUM 20mg 14s (ก.2แผง), 519.00 
3793,NEXIUM 40mg 14s (ก.2แผง), 749.00 
3906/5,NEXT HEALTH MASK หน้ากากอนามัย3ชั้น 1x50p สีขาว *ใหม่48.50 (ก.50ชิ้น), 36.50 
3905/5,NEXT HEALTH MASK หน้ากากอนามัย3ชั้น 1x50p สีเขียว *ใหม่48.50 (ก.50ชิ้น), 36.50 
3903/1,NEXT HEALTH MASK หน้ากากอนามัย3ชั้น 1x50p สีชมพู *ใหม่ 48.50 (ก.50ชิ้น), 36.50 
13950/1,NEXT HEALTH MASK หน้ากากอนามัย3ชั้น 1x50p สีดำ *ใหม่48.50 (ก.50ชิ้น), 36.50 
131450/2,NEXT HEALTH MASK หน้ากากอนามัย3ชั้น 1x50p สีฟ้า *ใหม่48.50 (ก.50ชิ้น), 36.50 
50006,NEXT HEALTH PRO GLOVES ถุงมือมีแป้ง L (ก.100ชิ้น), 106.00 
50005,NEXT HEALTH PRO GLOVES ถุงมือมีแป้ง M (ก.100ชิ้น), 106.00 
50004,NEXT HEALTH PRO GLOVES ถุงมือมีแป้ง S (ก.100ชิ้น), 106.00 
1667/5,NEXT HEALTH THERMOMETER DIGITAL NH-201 ปรอทปลายอ่อน (ก.1อัน), 50.00 
119/3,NICLOSAMIDE 500mg 1000s นิโคลซาไมล์ (ขวด1000)," 1,010.00 "
119/2,NICLOSAMIDE 500mg 25x4s (ก.25แผง), 169.00 
3-384,NICOMILD-2 7x9s หมากฝรั่งเลิกบุหรี่ (ก.7แผง), 236.00 
3-384/1,NICORETTE COOLMINT 2mg 15s (ก.15ชิ้น), 109.00 
3-384/2,NICORETTE COOLMINT 4mg 15s (ก.15ชิ้น), 163.50 
3-384/3,NICORETTE INVISIPATCH 10mg 7s (ก.7แผ่น), 680.25 
3-384/4,NICORETTE INVISIPATCH 15mg 7s (ก.7แผ่น), 680.25 
3-384/5,NICORETTE INVISIPATCH 25mg 7s (ก.7แผ่น), 680.25 
3778/1,NIFELAT-R 20MG 10x10s (ก.10แผง), 139.00 
924-1,NIKARIN ORAL GEL 10g (ก.1หลอด), 32.25 
292/1,NIKP-Bisoprolol 2.5mg 10x10s (ก.10แผง), 332.00 
2-93/4,NIKP-Bisoprolol 5mg 10x10s (ก.10แผง), 438.00 
4092/7,NIKP-LEVOFLOXACIN OPHTHALMIC SOLUTION 0.5% (ก.1ขวด), 102.50 
2-990/1,NIKP-Manidipine 10mg 10x10s [madiplot] (ก.10แผง), 485.00 
2998/3,NIKP-Manidipine 20mg 10x10s [madiplot] **ขึ้น595 (ก.10แผง), 510.00 
2998/8,NIKP-Pitavastatin 2mg 10x10s (ก.10แผง)," 1,542.00 "
1832,NINAZOL CREAM 5g (ก.1หลอด), 20.50 
1251,NINAZOL SHAMPOO 100ml (ก.1ขวด), 52.00 
1833,NINAZOL TABLETS 10x10s (ก.10แผง), 154.00 
2133/10,NIPRO IV CATHETER 18Gx1.1/4นิ้ว เขียว (ก.50ชิ้น), 568.00 
2133/11,NIPRO IV CATHETER 22Gx1นิ้ว ฟ้า (ก.50ชิ้น), 568.00 
2133/9,NIPRO IV CATHETER 24Gx1นิ้ว (ก.50ชิ้น), 568.00 
2133/8,NIPRO IV CATHETER 24Gx3/4นิ้ว (ก.50ชิ้น), 568.00 
2133/6,NIPRO SCALP VEIN 24Gx3/4นิ้ว ม่วง (ก.50ชิ้น), 269.00 
2133/7,NIPRO SCALP VEIN 25Gx3/4นิ้ว ส้ม (ก.50ชิ้น), 269.00 
2133/2,NIPRO TUBERCULIN SYRINGE 1mL TB 27Gx0.5นิ้ว ถอดหัวได้ (ก.100ชิ้น), 259.00 
2133,NIPRO U-100 INSULIN SYRINGE IN 27Gx0.5นิ้ว (ก.100อัน), 259.00 
2133/5,NIPRO U-100 INSULIN SYRINGE IN 29Gx0.5นิ้ว (ก.100อัน), 259.00 
13620/4,NIPRO สายน้ำเกลือ IV SET AIRVENT 0.8x38mm 20Drops/ml (ถุง), 12.00 
13620/3,NIPRO สายน้ำเกลือ IV SET INFUSION 0.8x38mm 20Drops/ml (ถุง), 14.00 
3907/10,NITE CAP 50mg 10x10s (ก.10แผง), 313.00 
128/20,NITROFURANTION 100mg 50x10s [inpac pharma] (ก.50แผง)," 1,075.00 "
917-1,NIZORAL CREAM 15g **ใหม่130บ (ก.1หลอด), 127.00 
923/1,NIZORAL DERMA DAILY SHAMPOO รังแค 200ml (ขวด), 318.00 
922,NIZORAL SHAMPOO 100ml (ก.1ขวด), 193.00 
923,NIZORAL SHAMPOO 200ml (ก.1ขวด), 345.00 
921/1,NIZORAL SHAMPOO 2% SOLUTION 50ซองx6ml (ก.50ซอง), 479.00 
921,NIZORAL SHAMPOO 50ml (ก.1ขวด), 111.50 
1043/1,Nizzy Spray 18ml ISOTONIC Daily nasal spray Klean&Kare (ขวด) (ก.1ขวด), 56.00 
482,N.L DOXY CAPSULES 50x10s (ก.50แผง), 370.00 
875,N.L GESIC BALM 30g (ก.1หลอด), 17.25 
1072,NOFLOX-400 10x10s (ก.10แผง), 121.00 
2212,NOFLOX-400 500s (เม็ดขาว) (กระปุก), 444.50 
1526/5,NOPAN 50x10s (เม็ดกลมส้ม) (ก.50แผง), 228.00 
3177,NORA 1x10s บ ขาด (ก.1แผง), 37.50 
4701,NORA CREAM 10g บ ขาด (ก.1หลอด), 36.00 
4700,NORA CREAM 5g บ ขาด (ก.1หลอด), 23.25 
1526/19,NORAPHEN 500s เม็ดรีเหลือง (กระปุก), 292.00 
1526/20,NORAPHEN 50x10s เม็ดรีเหลือง (ก.50แผง), 435.00 
3623,NORA SHAMPOO 100ml บ ขาด (ก.1ขวด), 130.00 
3622,NORA SHAMPOO 50ml บ ขาด (ก.1ขวด), 76.25 
2135,NORCA 10x10s (ก.10แผง), 216.00 
1072/4,NORFCIN-400 1x12x10s (norfloxacin) (ก.12กล่อง), 182.00 
4056/4,NORFED 1000s เม็ดกลมฟ้า (กระปุก), 685.00 
4056/7,NORFED 100x10s เม็ดกลมฟ้า (ก.100แผง), 735.00 
933/1,NORFLOX-100 500s (กระปุก), 155.00 
933/2,NORFLOX-200 500s (กระปุก), 255.00 
934/20,NORFLOXACIN 400mg 1x6s [ชุมชน] บ ขาด (ก.1แผง), 14.25 
934/21,NORFLOXACIN 400mg 50x10s [ชุมชน] (ก.50แผง), 755.00 
933,NORFLOXIN 400 500s (เม็ดชมพู) (กระปุก), 507.00 
935,NORFLOXIN 400mg 10x10s (ก.10แผง), 139.00 
934,NORFLOX OSOTH 400mg 10x10s (ก.10แผง), 141.00 
602,NORFLOX RX 400mg 25x10s (ก.25แผง), 371.00 
1072/2,NORFLOXSTAR 400 50x10s (ก.50แผง), 611.00 
1526,NORGESIC 2x10s (ก.2แผง), 57.00 
2415/4,NORMAGUT 1x10s MEGA (ก.10เม็ด), 185.00 
07903/5,NORMETEC 10/40mg 30s (ก.3แผง), 875.00 
07903/3,NORMETEC 5/20mg 30s (ก.3แผง), 589.00 
07903/7,NORMETEC 5/40mg 30s (ก.3แผง), 875.00 
2135/1,NORTERONE 10x10s (ก.10แผง), 235.00 
3140/4,Nortriptyline GPO 25mg 100x10s (ก.100แผง)," 1,592.00 "
2-129/1,NORVASC 10mg 3x10s *โปรดูวัน exp (ก.3แผง), 919.00 
2-129,NORVASC 5mg 3x10s (ก.3แผง), 572.00 
2-814/21,NORXACIN 400mg 1x8s (ก.1แผง), 41.75 
8118,NOSE FROSSY NEBULIZER 0.05% 14ml *ใหม่43.50 (ก.1ขวด), 42.00 
919120/1,NOSMEN 120mg 1x5s (ก.1แผง), 84.50 
2-560,NOXA 20 1x10s (ก.1แผง), 10.50 
1769,NOXZY 1x4s (ก.1แผง), 6.42 
2078/8,NSS 0.9% AMPULE sos 5mlx10s น้ำเหลือแบบหลอด (ก.10หลอด), 32.00 
2078/5,NSS 0.9% SODIUM CHLORIDE AMPULE 10ml ป้ายชมพู (หลอด), 7.00 
2078/4,NSS 0.9% SODIUM CHLORIDE AMPULE 3ml ป้ายฟ้า (หลอด), 5.25 
2078/9,NSS 0.9% SODIUM CHLORIDE INJECTION น้ำเกลือฉีด 100ml OSUKA (ขวด), 16.50 
2078/1,NSS 0.9% SODIUM CHLORIDE INJECTION น้ำเกลือป้ายเหลือง 100ml (ขวด), 16.20 
2078,NSS SODIUM CHLORIDE IRRIGATION น้ำเกลือปากกว้างป้ายเหลือง 1000ml (ขวด), 30.60 
2078/6,NSS ฉลากแดง 0.9% 100ml SODIUM CHLORIDE INJECTION น้ำเกลือฉีด ANB (ขวด), 15.00 
1798/10,NSS น้ำเกลือปากกว้าง SOS ดัมเบล 1000ml (ขวด), 37.00 
4207/17,NUCOXIA 90mg 3x10s (ก.3แผง), 141.50 
945,NUELIN-SR 200mg 100s (ก.5แผง), 197.00 
1174/11,NUHAIR-3 60ml ขวดแก้ว (ก.1ขวด), 427.00 
1174/1,NUHAIR-5 30ml ขวดแก้ว (ก.1ขวด), 279.00 
1174,NUHAIR-5 60ml ขวดแก้ว (ก.1ขวด), 491.00 
1174/2,NUHAIR ANTI-HAIR FALL SHAMPOO 200ml (ขวด), 124.00 
3708/11,NUOSIC 50x10s เม็ดกลมชมพู (ก.50แผง), 355.00 
3708/10,NUOSIC 50x10s เม็ดสี่เหลี่ยมเขียว (ก.50แผง), 355.00 
4267,NURASIC 500s (กระปุก), 204.00 
3708,NURASIC 50x10s (ก.50แผง), 229.75 
232,NUROFEN FOR CHILDREN 60ml (ก.1ขวด), 122.00 
1886,NUROFEN ZAVANCE 400mg 1x10s (ก.1แผง), 135.50 
1763,NURSE ตรานางพยาบาล สำลีก้อน 10g (ซอง10g), 4.95 
1757,NURSE ตรานางพยาบาล สำลีก้อน 40g (ซอง40g), 13.25 
3-พ.ค.,NURSE ตรานางพยาบาล สำลีก้อน ขนาด0.35g 450g (ถุง450g), 93.00 
1756,NURSE ตรานางพยาบาล สำลีแผ่น 40g (ซอง40g), 17.35 
1758,NURSE ตรานางพยาบาล สำลีม้วน 120g (ม้วน120g), 32.25 
1759,NURSE ตรานางพยาบาล สำลีม้วน 25g (ม้วน25g), 7.50 
08045/17,NUTRA ASTA ASTAXANTHIN 6mg 30s (ขวด), 336.00 
9998/30,NUTRA KRILLoil 30s บำรุงข้อต่อ [omega3] (ขวด), 399.00 
2-399/1,NUTRIV BIOTIN ZINC PLUS 30s *ใหม่ 218.75 (ก.1ขวด), 204.00 
949,NUTROPLEX OLIGO PLUS 100ml **ขึ้น152 (ก.1ขวด), 142.00 
2162/2,NYST ORAL SUSPENSION 12ml *ใหม่36.50 (ก.1ขวด), 34.00 
3600/100,N-ZEN 50mg 100x10s (ก.100แผง)," 1,320.00 "
3600,N-ZEN 50mg 12x10s (ก.12แผง), 166.00 
13282/4,N-zen Band ยืดได้ [ทีซี] มีหูแขวน 5cm*2m คละสี (ก12ชิ้น แบ่งขาย) (อัน) (ชิ้น), 23.50 
13282/1,N-zen FirstBand 1นิ้ว*5หลา ผ้าพันแผล ยึดติดเอง [ทีซี] สีน้ำตาล (ม้วน) (ม้วน), 29.25 
13282/2,N-zen FirstBand 2นิ้ว*5หลา ผ้าพันแผล ยึดติดเอง [ทีซี] คละสี (ม้วน) มีซื้อเยอะ (ม้วน), 48.25 
13282/3,N-zen FirstBand 3นิ้ว*5หลา ผ้าพันแผล ยึดติดเอง [ทีซี] คละสี (ม้วน) (ม้วน), 58.00 
3601,N-ZEN GEL 1% 30g (ก.1หลอด), 28.00 
3602,N-ZEN GEL 1% 60g (ก.1หลอด), 41.75 
951,OBIMIN-AZ 60s (ก.1ขวด), 213.00 
2189/6,O.B.PROCOMFORT REGULAR ผ้าอนามัยแบบสอด 1x8ชิ้น (ก.8ชิ้น), 59.50 
2189/5,O.B.PROCOMFORT SUPER ผ้าอนามัยแบบสอด 1x8ชิ้น (ก.8ชิ้น), 69.25 
296/14,OCID 1x10 20mg (omeprazole) (ก.1แผง), 17.00 
296/13,OCID IV INJ 40mg (omeprazole) บ ขาด (ก.1ขวด), 45.00 
405/2,OCUSOFT LID SCRUB ORIGINAL FOAM 50ml (ขวด), 285.00 
405/3,OCUSOFT LID SCRUB PLUS FOAM 50ml (ขวด), 433.00 
405/4,OCUSOFT plus pad 1x30s Lid scrub (ก.30แผ่น), 539.00 
1099/1,OESTROGEL 80g [17B estradiol] (ก.1หลอด), 245.00 
1531/4,OFACIN 200mg 10x10s (ก.10แผง), 123.50 
1531/5,OFLOCEE 200mg 10x10s (ก.10แผง), 235.00 
9-ก.พ.,OILATUM GENTLE CLEANSING HEAD TO TOE WASH 300ml ปลาหมึก (ขวด), 207.00 
9-มี.ค.,OILATUM SOOTHING MOISTURE RICH CREAM 200g กระต่าย บ ขาด (หลอด), 209.00 
07903/6,OLMETEC 20mg 30s (olmesartan) (ก.3แผง), 589.00 
07903/2,OLMETEC 40mg 30s (olmesartan) (ก.3แผง), 835.00 
7903,OLMETEC PLUS 20/12.5mg 30s (ก.3แผง), 608.00 
3595/6,OMACOR 1000mg 28s (ก.3แผง)," 1,017.00 "
3708/2,OMADINE 500s (เม็ดรีชมพูไข่) (กระปุก), 236.00 
681/4,OMELIN NASAL Spray 0.05% (oxymetazoline) (ก.1ขวด), 46.00 
296,OMEPRAZOLE GPO 10x10s (ก.10แผง), 67.00 
296/4,OMESAN 1000s (ส้ม-เหลือง) มีโปรซื้อเยอะ (กระปุก), 595.00 
296/3,OMESAN 50x10s (เม็ดส้ม-เหลือง) *มีโปรซื้อเยอะ (ก.50แผง), 413.00 
296/12,OMESEC 20mg 2x7s (ก.2แผง), 25.25 
296/6,OMEZOLE 20mg 1x14s โอมีโซล (ก.1แผง), 21.00 
ก.พ.-60,OMICAP 20mg 10x10s มีโปรซื้อเยอะ บ ขาด (ก.10แผง), 56.50 
3450/5,O-MOXTIN ES 50ml รส STRAWBERRY (ก.1ขวด), 271.00 
1412400/6,ONCE DIALYZE 400g วนิลลา (Otsuka) นมโรคไต ระยะล้างไต (กระป๋อง), 379.00 
5556/2,ONE GERD 12ซองx10ml **ใหม่224 (ก.12ซอง), 113.00 
5554/2,ONEGERD 150ml (ขวด), 134.00 
954/9,ONELORA SYRUP 60ml SF รสสตอเบอร์รี่ Rx (ก.1ขวด), 79.00 
3,one-six-twelve 100s [GPO] (ขวด) (ขวด), 59.00 
93960,ONE-SIX-TWELVE FORTE 25x10s (ก.25แผง), 455.00 
1543/9,ONE-TREX 10x10s วัน-เทร็กซ์ (ก.10แผง), 79.00 
1543/2,ONE-TREX SYRUP 60ml (ก.1ขวด), 16.75 
858/2,ONSIA 4mg 1×10s (ก.1แผง), 96.50 
858/1,ONSIA 8mg 1×10s (ก.1แผง), 123.50 
4358,ONZET POWDER FOR ORAL SUSPENSION 200mg/5ml 15ml (เชอรี่) (ก.1ขวด), 85.50 
296,OPADOPH 0.1% 5ml (ก.1ขวด), 168.00 
4204/1,OPHTOCIN 0.3% 5ml (ก.1ขวด), 89.00 
1839,OP-IZE ANB 110ml ล้างตา (ขวด) (ก.1ขวด), 28.50 
3285/6,O PLUS 120ml (ส้ม) (ก.1ขวด), 48.50 
957,OPPLIN STERILE EYE WASH 100ml (ก.1ขวด), 26.00 
2806,OPSA-HIS STERILE EYE DROP (ก.1ขวด), 23.50 
959,OPSAR 100ml กลาง ออฟซ่าร์ ล้างตา (ก.1ขวด), 25.00 
1792,OPSARDEX EYE EAR DROPS 5ml มี (ก.1ขวด), 21.00 
1785,OPSAR หยอดตา สีฟ้า (ก.1ขวด), 16.25 
1502,OPSIL-A 10ml (ก.1ขวด), 32.00 
2399,OPSIL TEARS 10ml (ก.1ขวด), 33.00 
4338/2,OPTAMIN 3x10s (ก.3แผง), 409.00 
07942/1,OPTI-FREE PURE MOIST 90ml [ALCON] (ก.1ขวด) (ก.1ขวด), 116.50 
7942,OPTI-FREE REPLENISH 300ml [ALCON] (ก.1ขวด) (ก.1ขวด), 205.50 
3678/4,OPTIVE FUSHION 10ml (ก.1หลอด), 302.00 
3678/5,OPTIVE FUSHION UD 30x0.4ml (ก.30หลอด), 397.00 
3678/3,OPTIVE MD 15ml (ก.1หลอด), 155.00 
3676/3,OPTIVE UD LUBRICANT EYE DROPS 30หลอดx0.4ml (ก.30หลอด), 267.00 
1985/2,OPTIVIS oph ointment ป้ายตา 5g (Chloramphenicol) (ก.1หลอด), 15.25 
2415/2,OPTIVIT 30s MEGA (ขวด), 397.00 
1383/1,ORACORTIA 5g ป้ายปาก (ก.1หลอด), 34.25 
1383/2,ORACORTIA ซอง 1g ป้ายปาก (triamcinolone) รสมิ้น (ซอง), 10.00 
1526/10,ORANO 50x10s (ก.50แผง), 436.00 
133101/1,OREX STERICOTT สำลีชุบแอลกอฮอล์ 1x8s (ซอง), 8.25 
1564/7,OREX STERIPAD 100ซอง 4x8cm (ก.100ซอง), 92.00 
1564/8,OREX STERIPAD 200ซอง 4x8cm (ก.200ซอง), 186.00 
2634,ORMIST 1x10s (ก.1แผง), 17.25 
2635,ORMIST 60ml (รสเชอรี่) (ก.1ขวด), 31.00 
3708/1,ORNADINE 50x10s (เม็ดรีชมพูไข่) (ก.50แผง), 276.00 
567/3,OROFER 5x2x10s (ก.100เม็ด), 745.00 
2-631,O-SID CAPSULE 1x14s (ก.14เม็ด), 57.00 
1526/11,OSPHRINE 50mg 10x10s (ก.10แผง), 95.00 
2469/1,OSTAREN 50mg 1000s (กระปุก), 425.00 
3795/5,OSTEOTIN 1500mg 30ซอง (ก.30ซอง), 205.00 
3795/6,OSTEOTIN 500mg 10x10s (ก.10แผง), 199.00 
2367/1,OTAGIL 10mg 3x10s (ก.3แผง), 250.00 
9997/6,Otosense Ear Cleansing Solution ทำความสะอาดหู-กำจัดไรหู 100ml (ขวด), 190.00 
9997/5,Otosense Ear Cleansing Solution ทำความสะอาดหู-กำจัดไรหู 50ml (ขวด), 110.00 
6,OTRIVIN CHILD SPRAY 0.05%10ml (เด็ก) (ก.1ขวด), 124.75 
7,OTRIVIN SPRAY 0.1% (ผู้ใหญ่) *มีโปรซื้อเยอะ (ก.1ขวด), 133.25 
3563,OTSUKA SODIUM CHLORIDE IRRIGATION NSS น้ำเกลือปากกว้าง 1000ml (ขวด), 31.50 
2405/2,OXECURE ACNE CLEAR POTION 15ml (ก.1ขวด), 118.00 
2405/3,OXECURE ACNE DEFENSE PREBIO SERUM 20ml (ก.1ขวด), 256.00 
7781,OXECURE BODY ACNE SPRAY 50ml (ก.1ขวด), 151.00 
7781/2,OXECURE BODY ACNE SPRAY 50ml แถม Sulfur soap (ชุด), 150.00 
2082/2,OXECURE BODY WASH PH5.5 400ml (ขวด), 287.75 
1446/1,OXECURE DAILY SUNSCREEN SPF 50+ 30g บ เลิก (ก.1หลอด), 165.00 
2081/3,OXECURE SULFUR SOAP 100g (ก.1ก้อน), 103.00 
682/1,OXY DROP 10ml (ก.1ขวด), 30.00 
2916/1,OXYMET 0.025% 10ml บ ขาด (ก.1ขวด), 25.50 
2916,OXYMET 0.05% 15ml (ก.1ขวด), 31.00 
216/10,OXYNOSE SPRAY 0.05% 10ml [ชุมชน] (ก.1ขวด), 58.00 
7-ม.ค.,OXY SPRAY 15ml (ก.1ขวด), 59.50 
13293/1,P1 60x70mm SOFT PAD (ก.5แผ่น), 32.50 
1321/2,P1 (SOS MM01 มินเนี่ยน) พลาสเตอร์PE ปิดแผล 8ชิ้น Plaster MINIONS (กล่อง) บ ขาด (ก.8ชิ้น), 12.50 
1321/15,P1 (SOS MM02 มินเนี่ยน) พลาสเตอร์PE ปิดแผล 8ชิ้น Plaster MINIONS (ก.8ชิ้น), 12.50 
13293/2,P2 60x100mm SOFT PAD (ก.4แผ่น), 32.50 
13293/3,P3 80x100mm SOFT PAD (ก.4แผ่น), 39.00 
13293/4,P4 100x120mm SOFT PAD (ก.3แผ่น), 39.00 
345/1,PAINELIEF COOL GEL 30g มีโปรซื้อเยอะ (ก.1หลอด), 65.00 
345/2,PAINELIEF COOL GEL 60g มีโปรซื้อเยอะ (ก.1หลอด), 103.00 
91212/2,PAINEX 200mg 3x10s (ก.3แผง), 143.75 
2-608/1,PAINEX 400mg 3x10s (ก.3แผง), 229.00 
91171/2,PAINNOX 50x10s (ก.50แผง), 429.00 
2-726/3,PAINZA CREAM 50g (ก.1หลอด), 52.00 
4124/2,PALOC LOTION 30ml (ก.1ขวด), 17.00 
2091,PANADOL ACTIFAST 1x10s (ก.1แผง), 35.50 
2090,PANADOL CHILDREN 250mg/5ml 60ml (รสส้ม) (ขวด), 57.00 
4303/3,PANTOPRAZOLE T.O. 40mg 14s (ก.1แผง), 342.00 
4303/5,PANTOR 20mg 3x10s (ก.3แผง), 491.00 
4303/4,PANTOR 40mg 3x10s (ก.3แผง), 652.00 
1006/5,PARACAP325mg 50x10s (ก.50แผง), 232.00 
1006,PARACAP500mg 50x10s มีโปรซื้อเยอะ (ก.50แผง), 374.00 
1005,PARACAP ขวด100s (ขวด), 50.25 
1005/50,PARACAP ขวด50s (ขวด), 32.00 
1006/6,PARACE BLUE 500mg 100x10s เม็ดรีฟ้า (ก.100แผง), 457.00 
859/1,PARACETAMOL 500mg 1000s (ฟ้ารี) [inpac pharma] (กระปุก), 242.00 
2002,PARACETAMOL 500mg AU 100s (เม็ดขาวกลม)**ราคาพิเศษ** (ขวด), 19.75 
1316/3,PARACETAMOL SYRUP 120mg/5ml 60 ml SSP เหลือง (ก.1ขวด), 15.00 
1316/2,PARACETAMOL SYRUP เจ็ดดาว 250mg/5ml หน้าเด็ก รสเชอร์รี่ (ขวด), 21.25 
2459/4,PARACETAMOL TABLETS 1000s (เม็ดขาว) SSP (กระปุก), 215.00 
1064/3,PARACETAMOL TABLETS 100s (ฟ้า-ขาว) ssp *มีโปรซื้อเยอะ (ขวด100s), 18.75 
2459/3,PARACETAMOL TABLETS 100s (เม็ดขาว) ssp มีโปรซื้อเยอะ (ขวด100s), 16.75 
4003/1,PARACETAMOL TABLETS 50x10s (ฟ้า-ขาว) (ก.50แผง), 192.50 
2206,PARACETAMOL TABLETS NL 1000s (ชมพู-เหลือง) (กระปุก), 274.00 
2458/2,PARACETAMOL TABLETS เยาวราช 50x10s (เม็ดฟ้า-ขาว) (ก.50แผง), 268.50 
1/1/2459,PARACETAMOL TABLETS เยาวราช ขวด100s (เม็ดฟ้า-ขาว) มีโปรซื้อเยอะ (ขวด), 29.00 
2/1/2459,PARACETAMOL TABLETS เยาวราช ขวด40s (เม็ดฟ้า-ขาว) (ขวด), 15.75 
2-510,PARADINE 500s (กระปุก), 174.75 
2091/2,PARA FAST ACTIV 500mg 25x10s มีโปรซื้อเยอะ (ก.25แผง), 363.00 
2458/7,PARAGEN 500mg 50x10s (ก.50แผง), 236.00 
2078/7,PARAMOL INJECTION พาราฉีด 300mg/ml 2mlx50s บ เลิก (ก.50ขวด), 315.00 
1202/2,PARICHAT SENNA ปาริฉัตร 3x10s มะขามแขก (ก.3แผง) (ก.3แผง), 27.75 
4272,PARIET 20mg 1x14s (ก.1แผง), 596.00 
1709/10,Pastel JELLY BALM 8g (ขวด), 33.50 
00296/1,PATADAY 0.2% 2.5ml (ก.1ขวด), 395.00 
2725,PATAR COD LIVER OIL 1000s (กระปุก), 439.00 
1570,PATAR COD LIVER OIL 60s ตับปลา (ก.1ขวด), 45.25 
1431/1,PATAR UNISON ENEMA สวนทวาร 10x20ml (ก.10อัน), 55.50 
2458/3,PATBLU 100s (เม็ดกลม) (ขวด), 55.75 
2458/1,PATBLU 50x10s (ก.50แผง), 353.00 
731,PAYAYOR CREAM 10g ครีมพญายอ (ก.1หลอด), 21.00 
4092/10,PEMIROX Potassium 0.1% OPHTHALMIC : ตาอักเสบ (ขวด), 100.00 
1022,"PENCILLIN ANB 500,000 เพนวี 5แสน *มีโปรซื้อเยอะ (ก.2แผง)", 17.10 
4172,PENCOR 2mg 10x10s (ก.10แผง), 193.00 
4172/4,PENCOR 4mg 10x10s (ก.10แผง), 266.00 
296/97,PEPDENAL-40mg 20x10s (ก.20แผง), 205.00 
296/101,PEPFAMIN 20mg เหลี่ยมเหลือง 10x10s (ก.10แผง), 167.50 
4380/3,PEPPERMINT FIELD BALM GEL 8G สีฟ้า (ตลับ) (กระปุก), 39.25 
1038,PERIACTIN 50x10s (ก.50แผง), 392.00 
1826/5,PERIDONE 500s (ขาวสี่เหลี่ยม) [บูรพา] (กระปุก), 106.00 
1826/6,PERIDONE 50x10s (ขาวสี่เหลี่ยม) [บูรพา] (กล่อง50แผง), 165.00 
2-529,PERSKINDOL CLASSIC GEL 100ml เหลือง มีโปรซื้อเยอะ (ก.1หลอด), 189.00 
2-528,PERSKINDOL CLASSIC SPRAY 150ml (เหลือง) (กระป๋อง), 215.00 
2-531,PERSKINDOL COOL GEL 100ml ฟ้า มีโปรซื้อเยอะ (ก.1หลอด), 180.00 
2-530,PERSKINDOL COOL SPRAY 250ml (ฟ้า) มีโปรซื้อเยอะ (กระป๋อง), 194.00 
50050/1,Peurii anti acne gel 8g (ก.1หลอด), 164.00 
2405/4,Peurri Acne Cleanser 100ml ล้างหน้า (ขวด), 174.50 
711/4,P-FEN 600 เม็ดรีสีฟ้า 50x10s (ก.50แผง), 575.00 
3824/18,P-FEN PLUS 10x10s (ก.10แผง), 178.00 
4221/1,PHARPROXIN 500mg 10x10s เม็ดรีชมพู [ชุมชน] (ก.10แผง), 263.00 
2011/2,PHEMINE 25x10s (ก.25แผง), 192.00 
4205/2,PHENODEX inj ฉีด 1mlx50s (ก.50ขวด), 165.00 
3633/2,PHILOSOFT LEGBEAU 25g สีชมพู เส้นเลือดขอด (หลอด), 137.00 
3633/1,PHILOSOFT PLUS 50g สีม่วง ทาส้นเท้าแตก (หลอด), 108.00 
2261/5,PHILOSOFT UREA-MOIST CREAM 60g (ก.1หลอด), 84.00 
3859/1,PHIL VOLTE CREAM 10g (ก.1หลอด), 30.50 
681/1,PHINDROZ NASAL Spray 0.05% 10ml (ก.1ขวด), 60.50 
1050,PHYSIOGEL DAILY MOISTURE คลีนเซอร์ น้ำ 150ml ฟิสิโอเจล (ก.1ขวด), 185.00 
1052/1,PHYSIOGEL SOOTHING CARE A.I. CREAM 100ml แดง (ก.1หลอด), 821.00 
1052,PHYSIOGEL SOOTHING CARE A.I. CREAM 50ml แดง (ก.1หลอด), 536.50 
2624/1,PHYTO CARE GPO ไฟโตแคร์ ขมิ้นชัน 500mg แคปซูล 10x10s (ก.10แผง), 142.00 
1108/2,PINRONE 5mg10x10s (ก.10แผง), 263.00 
3-005/2,PIPCIMET400 50x10s (ก.50แผง), 680.00 
1186,PIPFORMIN 500 50x10s (ก.50แผง), 225.00 
1819,PIP MINOX 5mg 100s (ก.1ขวด), 107.00 
1289/1,PIPNASO SYRUP 60ml (เปลือย) (ขวด), 12.50 
3777,PIRCAM 20mg 1x10s มีโปรซื้อเยอะ (ก.1แผง), 22.00 
912206/1,PIROCK-20 1000s (เม็ดฟ้า-เหลือง) (กระปุก), 357.00 
912206/2,PIROCK-20 1x10s (เม็ดฟ้า-เหลือง) มีโปรซื้อเยอะ (ก.1แผง), 9.50 
912206/3,PIROCK-20 50x10s (เม็ดฟ้า-เหลือง) (ก.50แผง), 287.00 
91510/6,PIROXHIM FORTE 20mg 1000s (เม็ดสีชมพูยาว) (กระปุก), 435.00 
91510/8,PIROXHIM FORTE 20mg 1000s (เม็ดสีฟ้า-เหลือง) (กระปุก), 435.00 
2-371/2,PIROXICAM 20mg 500s Rx เม็ดยาวแดง [ชุมชน] (กระปุก), 327.00 
2-371/1,PIROXICAM 20mg 50x10s เม็ดยาวแดง [ชุมชน] (ก.50แผง), 412.00 
2-371,PIROXICAM-FORTE 20mg 1x10s *มีโปรซื้อเยอะ (ก.1แผง), 9.75 
912204/1,PIROX-MAN 10mg 1000s (กลมขาวD) (กระปุก), 142.00 
912203,PIROX-MAN 10mg 1000s (เม็ดกลมสีส้ม) (กระปุก), 142.00 
912205,PIROX-MAN 10mg 1000s (เม็ดกลมสีเหลืองC) (กระปุก), 142.00 
912204,PIROX-MAN 10mg 1000s (เม็ดรีสีม่วงR) (กระปุก), 143.00 
912206,PIROX-MAN 10mg 1000s (เม็ดสี่เหลี่ยมสีเหลือง) (กระปุก), 142.00 
2-726/4,PIROXONE 20mg 50x10s (ก.50แผง), 399.00 
2-726/1,PIROXONE GEL 30g (หลอด), 24.50 
17715/2,PLAIRENIX CREAM 30g KMP (ก.1หลอด), 57.00 
177100,PLAIVANA CREAM 100g ไพลวาน่า (หลอด), 194.00 
17715,PLAIVANA CREAM 15g ไพลวาน่า (ก.1หลอด), 39.00 
17735,PLAIVANA CREAM 35g ไพลวาน่า (ก.1หลอด), 84.00 
17715/4,PLAIVANA SPRAY 100ml ไพลวาน่า (ก.1ขวด), 145.00 
2838/3,PLANIL 2X GEL 30g 130บ (ก.1หลอด), 70.50 
3475,PLAVIX 14s (ก.1แผง)," 1,175.00 "
2303,PLENDIL 10mg 30s **ขึ้น510 (ก.1ขวด), 505.00 
2302,PLENDIL 5mg 30s (ก.1ขวด), 362.00 
101/14,POBALIN 150 8x7s (ก.8แผง), 365.00 
101/12,POBALIN 50 8x7s (ก.8แผง), 199.00 
101/22,POBALIN 75 8x7s (ก.8แผง), 278.00 
07969/1,POCKET TABLES BOX [Dr.phillips] ดร.ฟิลิป ที่ตัดยาเม็ด แบ่งเม็ดยา (อัน), 35.00 
2159,POLAR SPRAY 280ml ยูคาลิป สเปรย์ ฝาฟ้า [ตราหมี] (ขวด) (ขวด), 185.00 
2159/3,POLAR SPRAY 80ml ยูคาลิป สเปรย์ ฝาฟ้า [ตราหมี] (ขวด), 90.00 
2159/6,POLAR SPRAY 80ml รุ่นInnocence ยูคาลิป สเปรย์ ฝาขาว [ตราหมี] (ขวด), 90.00 
4366/1,POLIBROXOL 50x10s (ก.50แผง), 188.50 
1531/6,POLI-CIFLOXIN 250mg 50x10s (ก.50แผง), 665.00 
1531/7,POLICIFLOXIN 500mg 10x10s (ก.10แผง), 199.00 
4150/1,POLICOXIA 60 3x10s (ก.3แผง), 121.00 
4150/2,POLICOXIA 90 3x10s (ก.3แผง), 149.00 
3893/1,POLIDENT FLAVOUR FREE 20g กาวติดฟันปลอม (ก.1หลอด), 92.25 
3893,POLIDENT FRESH MINT 20g กาวติดฟันปลอม (ก.1หลอด), 92.25 
3894,POLIDENT FRESH MINT 60g กาวติดฟันปลอม (ก.1หลอด), 214.00 
3894/4,POLIDENT MAX HOLD&SEAL MILD MINT 40g 12hr (ก.1หลอด), 212.00 
8210/2,POLIDENT PRO RETAINER 30s (ก.30เม็ด), 143.50 
8210,POLIDENT เม็ดฟู่ทำความสะอาด 30s (ก.30เม็ด), 119.25 
1116,POLIDINE SOLUTION 10% 30ml (ก.12ขวด), 172.00 
1115,POLIDINE SOLUTION 10% 450ml (ขวด), 114.00 
1535/14,POLILERGY 5mg 10x10s (levocetirizine) (ก.10แผง), 345.00 
1535/13,POLILERGY 5mg 1x10s (levocetirizine) (ก.1แผง), 40.25 
2-410/5,POLIZINE 25mg 25x10s (hydroxyzine) (ก.25แผง), 173.00 
4158,POLKA CRACKED HEEL CREAM 25g (ก.1หลอด), 41.25 
128/1,POLYCIN OINTMENT 20g (ก.1หลอด), 20.00 
1071,POLY-OPH EYE DROPS 12x5ml (ก.12ขวด), 282.00 
3140/1,POLYTANOL 10mg 50x10s **ขายขาด *ใหม่ 155บ (ก.50แผง), 115.00 
1082,PONSTAN 500 1x10s *มีโปรซื้อเยอะ **ขึ้น43.75 (ก.1แผง), 42.75 
8074,PORMUS 50x10s มีโปรซื้อเยอะ (ก.50แผง), 441.00 
753/2,POSE-JEL 50g สูตร K-Y (ก.1หลอด), 36.50 
4451/5,Poshmedica โพรไบโอติก c Hair มังคุด (ก.6ซอง) (ก.6ซอง), 146.50 
4451/3,Poshmedica ไฟเบอร์ มะขาม 15000mg (ก.6ซอง) (ก.6ซอง), 114.00 
4451/4,Poshmedica ไฟเบอร์ มะนาว (ก.6ซอง) (ก.6ซอง), 148.00 
2135/2,POSPOND 1x10s (ก.1แผง), 38.50 
172/2,POVIDINE T.MAN SOLUTION 15ml (ก.12ขวด), 135.00 
173/2,POVIDINE T.MAN SOLUTION 30ml (ก.12ขวด), 200.00 
173/3,POVIDINE [บุคคโล] 12x30ml (แพค12ขวด), 196.00 
4196/1,Povidone-iodine 12x15ml ตราพระเจดีย์ มีโปรซื้อเยอะ (ก.12ขวด), 129.00 
1116/1,Povidone lodine Solution GPO 10% 30ml (กล่อง), 34.25 
2620,POX 109 1x10s (ก.1แผง), 19.50 
3047,POY-SIAN พิมเสนน้ำ ตราโป๊ยเซียน (ขวดแบนแก้ว) 12x3cc (แพค12ขวด), 172.00 
3048,POY-SIAN พิมเสนน้ำ ตราโป๊ยเซียน (ลูกกลิ้ง) 12x5ml (แพค12ขวด), 291.00 
3046,POY-SIAN พิมเสนน้ำ ตราโป๊ยเซียน (สำลี) 12x8cc (แพค12ขวด), 213.50 
1709,POY-SIAN ยาดม ตราโป๊ยเซียน (หลอด) (หลอด), 14.17 
3694/6,Prabenguard for Cats 10x10s (ก.10เม็ด), 130.00 
3694/5,Prabenguard Plus for Dogs 20s (ก.20เม็ด), 145.00 
3430/1,PRASIKON 600mg 100s (กระปุก), 590.00 
5169,PRECARE CASSETTE ชุดตรวจครรภ์ (ชนิดหยด) (กล่อง), 16.00 
5168,PRECARE ชุดตรวจครรภ์ (ชนิดจุ่ม) (ก.แดง) บ ขาด (กล่อง), 7.50 
101/3,PRECIUS 75mg 6x10s BKD (ก.6แผง), 349.00 
97415/2,PRED FORTE EYE DROP 1% 5ml (ก.1ขวด), 89.00 
1088,PREDNISOLONE CREAM GPO 15g (ก.1หลอด), 24.25 
1086,PREDNISOLONE-N CREAM 15g (ก.1หลอด), 33.75 
1086/1,PREDNISOLONE TABLETS 5mg 500s (เม็ดชมพู5เหลี่ยม) (กระปุก), 230.00 
97504,Pred Oph EYE-EAR Drops 4ml **แบ่งขาย (ก.1ขวด), 27.50 
101/9,PREGABALIN SANDOZ 75mg 8x7s *มีโปรซื้อเยอะ ถึงมิย69** (ก.8แผง)," 1,022.00 "
101/8,PREGABALIN TEVA 75mg 4x14s มีโปรซื้อเยอะ (ก.4แผง), 429.00 
3555/2,PREME NOBU CLEANSING GEL 30g (หลอด), 86.50 
3555/3,PREME NOBU CLEANSING GEL 75g (หลอด), 173.00 
3554,PREME NOBU FOAM 100g เขียว (หลอด), 169.00 
3556,PREME NOBU FOAM 30g เขียว (ก.1หลอด), 61.00 
3555,PREME NOBU FOAM 50g เขียว (หลอด), 96.50 
3557/1,PREME NOBU NATURAL C WHITE 15g บ ขาด (หลอด), 103.75 
3662,PREME NOBU PINK NATURAL FACE FOAM 100g (หลอด), 168.00 
3662/1,PREME NOBU PINK NATURAL FACE FOAM 30g (หลอด), 60.50 
3662/3,PREME NOBU PINK NATURAL FACE FOAM 50g (หลอด), 96.00 
2-132,PRENOLOL 100mg 10x10s (ก.10แผง), 97.00 
ก.พ.-27,PRENOLOL 25mg 10s (แผง), 4.75 
ก.พ.-28,PRENOLOL 50mg 10x10s (ก.10แผง), 52.75 
101/13,PRERICA 75mg 6x10s มีโปรซื้อเยอะ (ก.6แผง), 542.00 
2648/15,PREVACID FDT 15 2x14s (ก.2แผง), 971.00 
2648/1,PREVACID FDT 30 2x14s มีโปรซื้อเยอะ (ก.2แผง)," 1,715.00 "
1108,PRIMOLUT-N 5mg 2x15s มีโปรซื้อเยอะ (ก.2แผง), 166.00 
4000/11,PRISTIQ 50MG TABS 2X14s (ก.2แผง)," 1,489.00 "
669/1,PRO ABS 50x10s (charcoal+Magnesium+belladonna+peppermint oil) (ก.50แผง), 535.00 
3217/6,PROBAC7 INTERPHARMA 2gx10ซอง (ก.10ซอง), 395.00 
3217/7,PROBAC7 INTERPHARMA 2gx30ซอง (ก.30ซอง)," 1,210.00 "
9114500,PROBUFEN 400 500s (เม็ดกลมชมพู) (กระปุก), 292.00 
131,PROBUFEN 400mg 50x10s (เม็ดกลม ชมพู) มีโปรซื้อเยอะ (ก.50แผง), 280.00 
9113400,PROBUFEN 400mg 50x10s (เม็ดรี ชมพู) (ก.50แผง), 280.00 
710/1,PROBUFEN 600 500s (กลมชมพู) (กระปุก), 440.00 
711/1,PROBUFEN 600 50x10s มีโปรซื้อเยอะ (ก.50แผง), 445.00 
2838/2,PROBUFEN GEL 25g (ก.1หลอด), 36.50 
4427,PROCTASE-P CAPSULES 50x10s **ราคาพิเศษ** (ก.50แผง), 834.00 
1112,PROCTOSEDYL OINTMENT 15g (ก.1หลอด), 179.00 
3467/1,PROCTYL OINTMENT 10g *ใหม่74บ (ก.1หลอด), 71.00 
3467,PROCTYL SUPPOSITORIES 1x10s (ก.10เม็ด), 64.00 
2245/10,PROPOKIDS DINOGANIC REFRESHING MOUTH SPRAY รสน้ำผึ้งมะนาว 15ml (ก.1ขวด), 99.00 
2245/9,PROPOKIDS DINOGANIC REFRESHING MOUTH SPRAY รสสตรอเบอร์รีน้ำผึ้ง 15ml (ก.1ขวด), 99.00 
726/11,PROPOLIZ CANDY POP รสน้ำผึ้งมะนาว 1x10s (ก.10ชิ้น), 135.00 
7858/6,PROPOLIZ DENTE MOUTH WASH 150ml (ก..1ขวด), 73.00 
07857/3,PROPOLIZ EXTHERB LOZENGE 1x15x8s เม็ดอม (ก.15แผง), 345.00 
07857/5,PROPOLIZ KID-MOUTH SPRAY 10ml (ก.1ขวด), 78.50 
07857/15,PROPOLIZ KID-MOUTH SPRAY 15ml แบบมีก้าน [T.MAN] (ก.1ขวด), 110.00 
7857,PROPOLIZ MOUTH SPRAY 15ml (ก.1ขวด), 82.00 
07857/2,PROPOLIZ PLUS EXTHERB SPRAY 15ml (ก.1ขวด), 107.00 
8159/3,PROPOLIZ X mouth spray กระชายขาว หญ้าดอกขาว กานพลู 15cc *ขายขาด* โพรโพลิซ (ก.1ขวด), 112.00 
8159,PROPOLIZ กระชายขาว สเปรย์ [TMAN] 15cc *ขายขาด* โพรโพลิซ (ก.1ขวด) (ก.1ขวด), 106.75 
1945,PROPRANOLOL GPO 10mg 50x10s (ก.50แผง), 249.00 
2-801/7,PROSPA 500s (PINK เม็ดรีชมพู) กลิ่นสตรอเบอร์รี่ (กระปุก), 278.00 
2553/1,PROSPAN COUGH SYRUP 100ml มีโปรซื้อเยอะ (ก.1ขวด), 159.00 
4108,PROSTAT 1mg 3x10s (ก.3แผง), 179.00 
4108/1,PROSTAT 5mg 3x10s (ก.3แผง), 371.50 
4172/2,PROSTATIN 2mg 50x10s (ก.50แผง), 187.00 
2002/3,PROTEMP SUPPOSITORIES 250mg กล่อง12แท่ง *ใหม่100.50 (ก.12แท่ง), 83.00 
2002/4,PROTEMP SUPPOSITORIES 325mg กล่อง12แท่ง (ก.12แท่ง), 111.00 
14211/14,PRO T MIX WHEY PROTEIN 30gx15ซอง (กลิ่นซีเรียล) (ก.15ซอง), 918.00 
14211/13,PRO T MIX WHEY PROTEIN 30gx7ซอง (กลิ่นซีเรียล) (ก.7ซอง), 433.00 
3234/13,PROTOPIC OINTMENT 0.03% 10g (ก.1หลอด)," 1,176.00 "
3234/2,PROTOPIC OINTMENT 0.1% 10g (ก.1หลอด)," 1,269.00 "
172202/18,PROTRIVA BLACK SEEDS งาดำสกัดเย็น 30s (ขวด) โปรทริว่า (ขวด), 221.00 
1249,PROVAMED ACNE RETINOL-A GEL 10g (ก.1หลอด), 108.25 
8096,PROVAMED ACNE SPOT GEL 10g (ก.1หลอด), 108.25 
2748,PROVAMED GLUTA SERUM 30ml (ก.1หลอด), 204.00 
3951,PROVAMED SCAR SILICONE 10g (ก.1หลอด), 238.75 
2759,PROVAMED SUN FACE SPF 50+ PA++++ BEIGE 30g (ก.1หลอด), 180.50 
2758,PROVAMED SUN FACE SPF 50+ PA++++ WHITE 30g (ก.1หลอด), 180.25 
2754,PROVAMED VITAMIN E CREAM SERUM 50g (ก.1หลอด), 124.00 
3217/5,PROZEUS 15 SF probiotic 30ซองx2g (ก.30ซอง), 724.00 
3217/10,PROZEUS 15 SF probiotic ก.เล็ก10ซองx2g (ก.10ซอง), 243.50 
3217/15,PROZEUS PINK SF probiotic เน้นเรื่องผิว ภูมิ ลำไส้ 10ซองx2g รสมิกซ์เบอร์รี่ (ก.30ซอง), 243.50 
3217/14,PROZEUS PINK SF probiotic เน้นเรื่องผิว ภูมิ ลำไส้ 30ซองx2g รสมิกซ์เบอร์รี่ (ก.30ซอง), 724.00 
2794,PUDIN HARA พูดิน ฮาร่า 10x10s มีโปรซื้อเยอะ บ ขาด (ก.10แผง), 144.00 
982120/2,PULMICORT RESPULE 0.5mg/2ml (budesonide) (ก.20หลอด), 775.00 
982120/5,PULMICORT RESPULE 1mg/2ml (budesonide) อายุยา2ปี (ก.20หลอด)," 1,020.00 "
194/12,PURICAS ADVANCE FORMULA ANTI-ACNE GEL 10g (ก.1หลอด), 183.00 
8949,PURICAS DRAGON Blood Scar Gel 3g (ก.1หลอด), 83.00 
194/14,PURICAS DRAGON Blood Scar Gel 8g (ก.1หลอด), 209.00 
194/3,PURICAS Intensive Dark Spot &Ance Scar Gel 8g (ก.1หลอด), 245.00 
194/4,PURICAS Medical Scar Healing Gel silicone 9g (ก.1หลอด), 295.00 
194/9,PURICAS PLUS ADVANCED DRAGON BLOOD C&E SCAR GEL 9g (ก.1หลอด), 265.00 
194/8,PURICAS SCAR GEL 20g (ก.1หลอด), 479.50 
3724/2,PURIDE พูไรด์ 100mg 10x10s (ก.10แผง), 84.00 
3724/1,PURIDE พูไรด์ 100mg 50x10s (ก.50แผง), 396.00 
4196,PURIDINE 15mlx12ขวด (ก.12ขวด), 172.00 
4198,PURIDINE 30ml (ก.12ขวด), 212.00 
3005/1,PUROXAN 100 mg/5 ml 100ml (ก.1ขวด), 99.75 
3005/2,PUROXAN 400mg 10x10s (ก.10แผง)," 1,392.00 "
403/5,P-VATE CREAM 15g (ก.1หลอด), 31.25 
404/2,P-VATE CREAM 5g (ก.1หลอด), 18.00 
101/20,PYGABA 150 4x14s (pregabalin) (ก.56s), 515.00 
91860/3,PYRACON FORTE SYRUP 250mg 60ml (ก.1ขวด), 27.50 
2-665/2,PYRACON LIQUID 120mg 60ml (สตอเบอรี่) (ก.1ขวด), 18.25 
1352,PYRAD-VIOLET 12x15ml (ขวด), 5.92 
3861,PYRAD-VIOLET 450ml สหการ (ขวด), 34.00 
2459/2,PYRANAR 10x10s (กลมขาว) (ก.10แผง), 69.50 
2459/1,PYRANA ขวด100s (ขาว) (ขวด), 51.50 
9998/20,QCER Powerful Antioxidant & Anticancer 30s [intervetta] (ขวด), 565.00 
3170,Q-C LUBRICATING JELLY 50g (ก.1หลอด), 28.50 
4092/16,QUILLIAN 400 MG 1x5s (ก.1แผง), 272.00 
4272/1,RABEPRAZOLE SANDOZ 20mg 14s (ก.2แผง), 344.00 
3795/10,RADIAN G 1500mg รสองุ่น 30ซองx3.95g เรเดียน จี (ก.30ซอง), 329.00 
3186/2,RALEXA 50mg 3x10s (ก.3แผง), 69.00 
1006/3,RAMOL 100x10s (paracetamol) (ก.100แผง), 315.00 
1006/4,RAMOL SUSPENTION 120mg 60ml มีโปรซื้อเยอะ (ก.1ขวด), 18.25 
2459/5,RAMOL ขวด100s (เม็ดขาวรี) (paracetamol) *มีโปรซื้อเยอะ (ขวด), 18.25 
4392/1,RANCELEX 200mg 1x10s (ก.1แผง), 48.75 
4392,RANCELEX 200mg 3x10s (ก.3แผง), 136.00 
668,RANCLAV 1g 10x2s มีโปรซื้อเยอะ (ก.10แผง), 135.50 
668/1,RANCLAV 1g 3x4s มีโปรซื้อเยอะ (ก.3แผง), 75.50 
607/4,RANCLAV DRY 228.5mg 70ml (โยเกิรตสตอเบอรี่) (ก.1ขวด), 105.00 
607/5,RANCLAV DRY 457mg 70ml (โยเกิรตสตอเบอร์รี่) มีโปรซื้อเยอะ (ก.1ขวด), 125.00 
4338/10,RAVIT-FORT 3x10s [บูรพา] (ก.3แผง), 37.15 
2377/16,REAL ELIXIR ALFA CHLOROPHYLL 100g (กระปุก)," 1,454.00 "
2377/15,REAL ELIXIR ALFA CHLOROPHYLL 5gx6ซอง (ก.6ซอง), 108.00 
2377/21,REAL ELIXIR ASTAXANTHIN 6mg 30s (ขวด), 287.00 
2377/18,REAL ELIXIR COLLAGEN TYPEII 30s (ขวด), 276.00 
2377/23,REAL ELIXIR MULTI VITAMIN A-Z ADVANCE 30s (ขวด), 161.00 
2377/11,REAL ELIXIR ODOURLESS FISHL OIL 1000MG 30s (ขวด), 94.00 
2377/20,REAL ELIXIR SESAME OIL 500mg 30s ต้านการอักเสบ ลดปวด (ขวด), 158.00 
2377/17,REAL ELIXIR VITAMIN B COMPLEX PLUS GINKGO 30s (ขวด), 182.00 
2377/10,REAL ELIXIR Vitamin C 1000mg 30s (ขวด), 99.00 
2377/22,REAL ELIXIR YES CARE 30s (ขวด), 357.00 
2377/19,REAL ELIXIR ZINC COLLA 30s (ขวด), 256.00 
3818/13,REBAC SILICONE GEL 15g (ก.1หลอด), 568.00 
3818/11,REBAC SILICONE GEL 5g (ก.1หลอด), 274.00 
4338,RE-B FORTE 10x10s (ก.10แผง), 318.00 
4338/12,RE-B FORTE 50x10s (ก.50แผง)," 1,465.00 "
1110/3,REDUCOF 1x10s (ก.10เม็ด), 55.00 
1110/6,REDUCOF ก ใหญ่ 3แผงx10s (ก.3แผง), 145.00 
1800/11,REFILLS FLUSH เกลือผงล้างจมูก 30s (ก.30ซอง), 52.00 
96181/2,REGELLE GEL 6x6.5g (กล่อง), 526.25 
2913/1,REGROWTH DROP 2% 15ml (ก.1ขวด), 37.00 
2910/1,REGROWTH SPRAY 2% 50ml (ก.1ขวด), 145.00 
801,RELPAX 40mg 1x2s (ก.1แผง), 206.00 
4055/1,REMETHAN 100 R 100mg 3x10s (ก.3แผง), 89.00 
4188/4,RENTEX TABLETS 25x10s (ก.25แผง), 84.00 
467,RENU FRESH 120ml (ก.1ขวด), 69.50 
466,RENU FRESH 355ml แถม 60ml (ก.1ขวด), 189.00 
465,RENU FRESH 60ml (ก.1ขวด), 49.50 
468,RENU MUTI LUBRICANT 8ml บ ขาด เข้ามีค69 (ก.1ขวด), 97.50 
2-477/1,REPACIN F.C. TABLETS 10x10s (ก.10แผง), 385.00 
2-477,REPARIL-DRAGEES 20mg 10x10s (ก.10แผง), 515.00 
1137,REPARIL-GEL N 10g *โปรดดูวันexp06/27 (ก.1หลอด), 63.75 
1138,REPARIL-GEL N 20g *โปรดดูวัน exp ไม่รับคืน (ก.1หลอด), 102.50 
1139,REPARIL-GEL N 40g (ก.1หลอด), 195.00 
1137/1,REPARIL Ice-Spray 200 ml (ขวด), 235.00 
2292/10,RESTz SPRAY 50 ml (ก.1ขวด), 105.00 
2913,RETEN FIVE DROP 30ml (ก.1ขวด), 129.00 
2910,RETEN FIVE SPRAY 60ml (ก.1ขวด), 259.00 
2911,RETEN SPRAY 100ml (ก.1ขวด), 185.00 
654/7,REVOLUTION PLUS Spot-On แมว 2.6 - 5 kg สีส้ม (ก.3หลอด), 570.00 
654/8,REVOLUTION PLUS Spot-On แมว 5.1 - 10 kg สีเขียว (ก.3หลอด), 640.00 
654/6,REVOLUTION PLUS Spot-On ลูกแมว 1.25 - 2.5 kg สีเหลือง (ก.3หลอด), 440.00 
654/1,REVOLUTION Spot-On 0-2.5 kg สีชมพู (ก.3หลอด), 545.00 
654/2,REVOLUTION Spot-On แมว 2.6-7.5 kg สีน้ำเงิน (ก.3หลอด), 640.00 
654/5,REVOLUTION Spot-On สุนัข 10-20 kg สีแดง (ก.3หลอด), 745.00 
654/3,REVOLUTION Spot-On สุนัข 2.6-5 kg สีม่วง (ก.3หลอด), 615.00 
654/4,REVOLUTION Spot-On สุนัข 5.1-10 kg สีน้ำตาล (ก.3หลอด), 695.00 
3795/2,RHEUTRIL-1500 SF 30ซอง (กลิ่นส้ม) *ใหม่215 (ก.30ซอง), 205.00 
2126/1,RHINALAX 250mg 60ml (ก.1ขวด), 19.75 
2126,RHINALAX-B 60ml (ก.1ขวด), 17.50 
2926/3,Rhinobun gel Ice Blue พลาสเตอร์เจลเย็น เล็ก 7x10ซม (กล่อง20ซอง) ซอง2ชิ้น (ซอง) (ซอง2ชิ้น), 25.50 
3991/2,Rhinobun gel Red Chilli พลาสเตอร์เจลร้อน เล็ก 7x10ซม ซอง2ชิ้น (ซอง) (ซอง), 23.75 
2-530/4,RHINOBUN ICY SPRAY COOL 150ml เขียว (กระป๋อง), 148.50 
2-55/1,Rhinobun Plaster 10แผ่น ปิดแก้ปวด โรโนบัน (ก.20ซอง), 270.00 
2-127/4,RHINOCET 1x10s (ก.1แผง), 82.00 
3954,RHINOCORT AQUA 64mcg 120doses (ก.1ขวด), 319.00 
2011,RHINOTAPP 1000s (กระปุก), 308.00 
2013-1,RHINOTAPP 50x10s (ก.50แผง), 217.00 
2012,RHINOTAPP INFANT DROPS 15ml (ก.1ขวด), 17.75 
557,RHINOTAPP SYRUP 60ml (ก.1ขวด), 18.34 
4288/15,RHITECIN TABLET 10x10s [42] (ก.10แผง), 51.00 
246,RICE-BRAN ใหม่ 1000mg 40S vistra วิสตร้า น้ำมันรำข้าว (ขวด) บ เลิกผลิต (ขวด), 273.00 
654/20,Rimadyl 25 mg (Carprofen) 60s (ก.1ขวด), 490.00 
654/21,Rimadyl 75 mg (Carprofen) 60s (ก.1ขวด), 990.00 
654/23,Rimadyl inj Carprofen 50 mg/ml ยาฉีด 20 ml (ก.1ขวด)," 1,110.00 "
4314/1,RISPERDAL 1mg/1ml 30ml (ก.1ขวด), 979.00 
786/2,ROBAZ GEL 0.75% 30g (ก.1หลอด), 352.00 
912206/5,ROCXI-10 1000s (เม็ดขาวกลมไข่จิ้งจก) (กระปุก), 340.00 
912206/6,ROCXI-20 1000s (เม็ดชมพูกลมไข่จิ้งจก) (กระปุก), 482.00 
2-40/6,ROMED 150 mg 10x10s MEDIC PHARMA (ก.10แผง), 111.00 
2-40/4,ROMED 300 mg 10x10s MEDIC PHARMA (ก.10แผง), 210.00 
3002/6,ROMIVON 10x10s (เม็ดเจลม่วงรี) *ใหม่486บ (ก.10แผง), 465.00 
80/1,RONTIN 300mg 10x10s (ก.10แผง), 314.00 
80/2,RONTIN 600mg 10x10s มีโปรซื้อเยอะ (ก.10แผง), 627.00 
4051/3,ROSETTA 10mg 3x10s (ก.3แผง), 259.00 
4631/1,ROSETTA 20mg 3x10s (ก.3แผง), 287.00 
1095,ROSIL ( 1% TOPICAL SOLUTION) (ก.1หลอด), 39.75 
2367,ROSUVASTATIN SANDOZ 10mg 2X14s **มีโปรซื้อเยอะ (ก.4แผง), 709.00 
2366,ROSUVASTATIN SANDOZ 20mg 28s (ก.4แผง), 877.00 
2933,ROTHRICIN 150mg 1x10s (ก.1แผง), 33.00 
4051/4,ROVAS 10mg 3x10s ส้ม [ชุมชน] (ก.3แผง), 240.00 
4051/5,ROVAS 20mg 3x10s ฟ้า [ชุมชน] (ก.3แผง), 285.00 
2696,ROWATINEX 10x10s **ขึ้น485 (ก.10แผง), 495.00 
3230,ROXCIN 150mg 10x10s (ก.10แผง), 182.00 
1802,ROXIFEN CAPSULES 10mg 1000s แดง-ฟ้า (กระปุก), 257.00 
1801,ROXIFEN FORTE CAPSULES 20mg 500s (กระปุก), 212.00 
2213,ROXIFEN GEL 25g (ก.1หลอด), 20.50 
ก.พ.-40,ROXTHRIN 150mg 10x10s (ก.10แผง), 153.00 
14211/4,ROYAL-D WHEY PROTEIN 30gx15ซอง (รสช็อกโกแลต) (กล่อง), 455.00 
14211/6,ROYAL-D WHEY PROTEIN 50gx10ซอง (รสวนิลลา) (ก.10ซอง), 455.00 
4776/2,RYBELSUS 14mg 3x10s **ขายขาด (ก.3แผง)," 8,045.00 "
4776/1,RYBELSUS 7mg 3x10s **ขายขาด (ก.3แผง)," 8,030.00 "
62/4,S1-B ก๊อซพร้อมใช้ SOS 3x7cm 10แผ่น (แพค10กล่อง) (ก.4แผ่น), 19.60 
59,S2 6x7ซ.ม พลาสเตอร์ ดูดซับ SOS 36บ Plaster แพค10 (กล่อง5แผ่น) (ก.5แผ่น), 25.25 
62/3,S2x2 ก๊อซพร้อมใช้ SOS 8x8cm 1x4แผ่น (ก.4แผ่น), 30.00 
60,S3 6x10ซ.ม พลาสเตอร์ ดูดซับ [SOS] Plaste (กล่อง4แผ่น) (ก.4แผ่น), 27.50 
63/2,S3x3 ก๊อซพร้อมใช้ SOS 12x12cm 3แผ่น (แพค10กล่อง) (ก.3แผ่น), 35.50 
3442/6,SABUMOL Syrup GPO 60ml (ก.1ขวด), 16.75 
1535/1,SALAZINE 500mg 10x10s (ก.10แผง), 365.00 
1851/1,SALBUTAMOL โอสถ 1000s (กระปุก), 113.50 
2-197/3,SALDA INHALE 20sx2.5ml **ใหม่229 (ก.20หลอด), 204.00 
4249,SALICIN SHAMPOO 60ml (ก.1ขวด), 99.00 
3442,SALMOL EXPECTORANT 60ml (ก.1ขวด), 16.00 
3442/1,SALMOL SYRUP 60ml (ก.1ขวด), 16.00 
251/2,SALONPAS 42mmx65mm 20s (ก.20ชิ้น), 65.75 
251,SALONPAS 42mmx65mm 20x10แผ่น (ก.20กล่อง), 675.00 
251/1,SALONPAS 42mmx65mm 4ซองx10แผ่น *ใหม่126บ (ก.40ชิ้น), 119.00 
251/3,SALONPAS CREAM 30g (ก.1หลอด), 39.25 
3717,SAMARIN 140mg 10x10s (ก.10แผง), 509.45 
3716,SAMARIN 70mg 10x10s (ก.10แผง), 276.00 
2561,SAMBEE 3B B1 6 12 100x10s (ก.100แผง), 402.00 
2562,SAMBEE B 1 6 12 1000s (กระปุก), 362.00 
3285/11,SAMBUCOL BLACK ELDERBERRY 24s **ขึ้น237 (ก.24เม็ด), 235.00 
3285/10,Sambucol gummy 50เม็ด blackelderberry (ขวด) **ขึ้น282 (ก.1ขวด), 274.00 
3285/9,Sambucol mini 120ml black elderberry (ก.1ขวด) **ขึ้น282 (ก.1ขวด), 274.00 
3285/12,Sambucol original น้ำ adult 120ml blackelderberry (ก.1ขวด) **ขึ้น282 (ก.1ขวด), 274.00 
9998/25,SAMe100 30s : Glutathione&Alpha-Lipoic Acid (for Small Dog) (ขวด), 590.00 
9998/26,SAMe300 30s : Glutathione&Alpha-Lipoic Acid (for Large Dog) (ขวด), 590.00 
4319/3,SAMNIR 1x10s แซมเนียร์ (cefdinir) (ก.1แผง), 135.50 
4319/1,SAMNIR SUSPENSION 125mg/5ml 30ml (ก.1ขวด), 143.50 
2-575,SARA 100s (เม็ดกลม) (ก.1ขวด), 105.50 
2-573,SARA 100s (เม็ดรี) (ก.1ขวด), 105.50 
2-577,SARA 100x10s (เม็ดกลม) (ก.100แผง), 973.00 
2-574,SARA 20x10s (เม็ดกลม) (ก.20แผง), 193.50 
2-576,SARA 20x10s (เม็ดรี) (ก.20แผง), 194.00 
2-573/2,SARA 50s (เม็ดกลม) (ก.1ขวด), 64.50 
2-573/1,SARA 50s (เม็ดรี) (ก.1ขวด), 64.50 
2-578,SARA 50x10s (เม็ดรี) (ก.50แผง), 485.00 
2818,SARA INFANT DROPS 15ml (องุ่น) (ก.1ขวด), 28.75 
2-667,SARA SYRUP 120mg/5ml 60ml ทับทิม (GRENADINE) (ก.1ขวด), 29.00 
2-665,SARA SYRUP 120mg/5ml 60ml สตอเบอรี่ (STRAWBERRY) (ก.1ขวด), 29.00 
2-666,SARA SYRUP 160mg/5ml 60ml องุ่น (GRAPE) (ก.1ขวด), 31.50 
2672,SARA SYRUP 250mg/5ml 60ml รสส้ม (ORANGE) (ก.1ขวด), 36.00 
91860,SARA SYRUP 250mg/5ml 60ml สตอเบอรี่เด็กโต (STRAWBERRY) (ก.1ขวด), 36.25 
2838/1,SATOGESIC GEL 35g (ก.1หลอด), 176.00 
4410,SAUGELLA ATTIVA 100ml (เขียว) (ขวด), 101.00 
4410/3,SAUGELLA ATTIVA 250ml (เขียว) (ขวด), 203.00 
4409,SAUGELLA DERMOLIQUIDO 100ml (น้ำเงิน) (ขวด), 82.50 
4408/1,SAUGELLA GIRL 100ml เด็ก3ปีขึ้นไป (ชมพู) (ขวด), 92.00 
4408,SAUGELLA POLIGYN 100ml (ชมพู) (ขวด), 118.00 
8145/1,Scagel Acne Patch ก.12ชิ้น แผ่นแปะสิว (ก.12ชิ้น) (ก.12ชิ้น), 22.75 
8145/3,Scagel Acne Patch ก.20ชิ้น แผ่นแปะสิวรูปดาวและหัวใจ 59บ (ก.20ชิ้น) (ก.20ชิ้น), 29.50 
2491/4,SCAR & SPOT GEL 5g ANB (ก.1หลอด), 75.25 
1305/4,S-CLAV 1000mg แผงเดี่ยว 1x10s (เม็ดขาว) (ก.1แผง), 82.00 
513-2/2,S-CLAV 156mg DRY 60ml [SSP] (ก.1ขวด), 62.00 
4333/20,S-CLAV 228 DRY 70ml [SSP] (ก.1ขวด), 69.75 
1305/6,S-CLAV 375mg 2x10s (เม็ดขาว) (ก.2แผง), 102.00 
513-2/3,S-CLAV 457mg DRY 60ml [SSP] (ก.1ขวด), 135.00 
2022/1,SCOPAS ELIXIR 30ml (เปลือยสับปะรด) (ขวด), 14.75 
1193,SCOTT [MTV] 119บ (กล่องส้ม กลาง 200ml ลัง24ขวด) สก๊อต (ก.1ขวด) (ก.1ขวด), 86.00 
216/14,SEA PLUS SPRAY 5% 20ml [ชุมชน] สูตร mar-plus (ก.1ขวด), 87.50 
2178,SEATIDINE 400 500s (กระปุก), 632.00 
2377/14,SEAWEED CALCIUM 31s [SNAKE BRAND] (ขวด), 188.00 
2-410/6,SEDRA-25mg 10x10s (hydroxyzine) (ก.10แผง), 118.00 
2-726/5,SEFDENE 20mg 50x10s เม็ดกลมแดง (ก.50แผง), 478.00 
1198/2,SELEDERM SHAMPOO 30ml (กลิ่นมะลิ) (ก.1ขวด), 26.00 
1197/1,SELEDERM SHAMPOO 60ml (มะลิ) (ก.1ขวด), 44.25 
1199-1,SELFIDE 120ml (ก.1ขวด), 68.50 
1198-1,SELFIDE 30ml (ก.1ขวด), 25.75 
1197-1,SELFIDE 60ml (ก.1ขวด), 40.75 
1199/3,SELLON SHAMPOO 2.5% 120ml (ก.1ขวด), 105.00 
1198/1,SELLON SHAMPOO 2.5% 40ml (ก.1ขวด), 52.25 
1132/10,SELROTINE 50mg 3x10s สยาม (ก.3แผง), 192.00 
1199,SELSUN 120ml (ก.1ขวด), 208.00 
1198,SELSUN 30ml (ก.1ขวด), 81.50 
1197,SELSUN 60ml (ก.1ขวด), 127.00 
2943/2,SENHAMI LOZENGES ยาอมเซนฮามี่ 12x20s (ก.12กล่อง), 404.00 
1202,SENOKOT 60s (ก.60เม็ด), 166.00 
1202/1,SENOLAX 3x20s (ก.3แผง), 59.50 
3279,SERC 16mg 3x20s (ก.3แผง), 425.00 
3278,SERC 24mg 1x20s (ก.1แผง), 226.00 
3592,SERETIDE ACCUHALER (50/250) (ชุด), 582.00 
4098,SERETIDE EVOHALER (25/125) (ก.1ขวด), 561.00 
3580,SERETIDE EVOHALER (25/50) (ก.1ขวด), 467.00 
1203/1,SERGOLINE 30mg 3x10s (ก.3แผง), 242.00 
1204,SERMION 10mg 2x25s *โปรดดูวัน exp มีโปรซื้อเยอะ (ก.2แผง), 411.00 
1203,SERMION 30mg 30s กล่องเหลือง **โปรดดูวัน exp มีโปรซื้อเยอะ (ก.2แผง), 706.00 
1132/8,SEROQUEL 25mg 3x10s **ขึ้น1040 (ก.3แผง)," 1,035.00 "
1132/2,SERTRALINE GPO 50mg 2x15s (ก.2แผง), 113.00 
1132/3,SERTRALINE SANDOZ 50mg 3x10s (ก.3แผง), 284.00 
3886/10,SETIN 10mg 10x10s (ก.10แผง), 206.00 
3886,SETIN 1x10s (ก.1แผง), 17.00 
3886/12,SETIN SYRUP รสสตอเบอร์รี่ 60ml (ก.1ขวด), 57.25 
2252,SEVEN-SEAS [MTV] LYSINE 100ml เซเว่นซี ไลซีน (ก.1ขวด), 145.00 
3284,SEVEN-SEAS [MTV] OCEAN GOLD (OMEGA-3) 100ml (ก.1ขวด), 135.25 
3285,SEVEN-SEAS [MTV] รูปส้ม 120ml เซเว่นซี (ก.1ขวด), 101.00 
2335/6,SEWA INSAM ESSENCE 8mlx6ซอง (น้ำตบ) (ก.6ซอง), 202.00 
482/3,SIADOCIN capzule 100mg 1x10s (doxycycline) (ก.1แผง), 31.00 
801/2,SIAGRAN 50mg 1x4s (ก.1แผง), 87.25 
679,SIALEXIN 250mg 10x10s (ก.10แผง), 302.00 
678,SIALEXIN 500mg 10x10s (ก.10แผง), 508.00 
3767,SIALEXIN SUSPENSION 125mg (ก.1ขวด), 54.00 
3721,SIAMFORMET 500mg 10x10s (ก.10แผง), 103.75 
3722,SIAMFORMET 850 mg 10x10s (ก.10แผง), 194.00 
294,SIAMIDINE 400mg 10x10s (ก.10แผง), 129.75 
3411,SIA-MOX 500mg 1x10s (ก.1แผง), 25.00 
3219,SIA-MOX SYRUP 250mg 60ml (ก.1ขวด), 65.00 
3308,SIARIZINE 25mg 10x10s (ก.10แผง), 104.00 
4172/3,SIDORY 4mg 3x10s (ก.3แผง), 325.00 
1212,SIDUOL 3x10s (ก.3แผง), 108.00 
1794/5,SIFLEX SYRUP 100 60ml รสราสเบอร์รี่ (ก.1ขวด), 43.75 
1794/4,SIFLEX SYRUP 250 60ml รสผลไม้รวม (ก.1ขวด), 47.50 
681/2,SIFRIN NEBULIZER 0.05% 15ml *ใหม่47บ (ก.1ขวด), 38.00 
681/3,SIFRIN PEDIATRIC NEBULIZER 0.025% 15ml (เด็ก) *ใหม่48บ (ก.1ขวด), 39.50 
4000/5,Siglivia 100mg 3x10s (ก.3แผง), 457.00 
พ.ค.-58,SILVERDERM CREAM 25g (ก.1หลอด), 28.25 
5-450,SILVERDERM CREAM 450g (กระปุก), 306.00 
58/1,SILVEX CREAM 25g (ก.1หลอด), 40.50 
87/1,SIMACORT CREAM 0.1% 10g (ก.1หลอด), 30.75 
2-783/4,SIMCOMAG TABLETS 1000s (กระปุก1000), 405.00 
2082/1,SIMCONE DROP 15ml (ก.1ขวด), 23.25 
2-783,SIMCONE-T 80mg 50x10s (ก.50แผง), 299.00 
3734,SIMOYIAM 5mg 10x10s (ก.10แผง), 114.50 
654/12,SIMPARICA 10-20 kg สุนัข สีฟ้า (ก.3เม็ด), 648.00 
654/9,SIMPARICA 1.3-2.5 kg สุนัข สีเหลือง (ก.3เม็ด), 470.00 
654/13,SIMPARICA 20-40 kg สุนัข สีเขียว (ก.3เม็ด), 740.00 
654/10,SIMPARICA 2.5-5 kg สุนัข สีม่วง (ก.3เม็ด), 515.00 
654/11,SIMPARICA 5.1-10 kg สุนัข สีน้ำตาล (ก.3เม็ด), 556.00 
654/17,SIMPARICA TRIO 10-20 kg สุนัข สีฟ้า (ก.3เม็ด), 695.00 
654/14,SIMPARICA TRIO 1.25-2.5 kg สุนัข สีเหลือง (ก.3เม็ด), 515.00 
654/18,SIMPARICA TRIO 20-40 kg สุนัข สีเขียว (ก.3เม็ด), 795.00 
654/15,SIMPARICA TRIO 2.5-5 kg สุนัข สีม่วง (ก.3เม็ด), 565.00 
654/35,SIMPARICA TRIO 40.1-60 kg สุนัข สีน้ำตาลเข้ม **ราคาพิเศษ** (ก.3เม็ด), 700.00 
654/16,SIMPARICA TRIO 5-10 kg สุนัข สีน้ำตาล (ก.3เม็ด), 605.00 
1805/1,SIMUCIN 100 50ซองx5g (ก.50ซอง), 269.00 
99125/19,SINCLONAC 25mg 1000s (เม็ดกลมเหลือง) (กระปุก), 110.00 
99125/20,SINCLONAC 50mg 1000s (เม็ดกลมส้ม) (กระปุก), 173.00 
356/1,SINGKAST 4mg 4x7s (ก.4แผง), 385.00 
3340,SINGULAIR 10mg 28s (ก.4แผง)," 1,192.00 "
3339,SINGULAIR 5mg 28s (ก.28เม็ด), 745.00 
3338/2,SINGULAIR CHEWABLE 4mg 4x7s (ก.4แผง), 745.00 
13190/2,SinocareAQmaxIII เครื่องตรวจน้ำตาลในเลือด (เครื่อง) (ชุด), 320.00 
1667/7,Sinocare เครื่องวัดอุณหภูมิอินฟราเรด AET-R1D1 ประกัน1ปี มีโปรซื้อเยอะ (เครื่อง), 360.00 
2021/1,SINPROFEN 100mg/5ml 60ml (ส้ม) (ก.1ขวด), 15.00 
131/2,SINPROFEN 400mg 500s (เม็ดกลมชมพู) (กระปุก), 195.00 
131/1,SINPROFEN 400mg 50x10s (เม็ดกลมชมพู) มีโปรซื้อเยอะ (ก.50แผง), 221.00 
7915,SINUFEN 1000s (ขาวลาย) (กระปุก), 272.00 
7957,SINUFEN 25x10s มีโปรซื้อเยอะ (ก.25แผง), 132.00 
7-มี.ค.,SINULAN FORTE SPRAY ALLERGY 15ml (ก.1ขวด), 262.00 
7-ก.พ.,SINULAN FORTE SPRAY EXPRESS VIRUS CLEANER 15ml (ก.1ขวด), 262.00 
8134/1,SIPRA LOTION 3ml (ก.1หลอด), 22.75 
1419/1,SIXIME CAPSULE 1x10s (ก.1แผง), 139.25 
3747/15,SKINFECT-B CREAM 15g (ก.1หลอด), 29.25 
3747/5,SKINFECT-B CREAM 5g (ก.1หลอด), 14.75 
3747,SKINFECT CREAM 15g (ก.1หลอด), 24.25 
3746,SKINFECT CREAM 5g (ก.1หลอด), 12.25 
2740,SKINOREN CREAM 30g **ราคาพิเศษ** (ก.1หลอด), 469.00 
1872/7,SMART ME CREAM 20g ยานวดผู้ชาย (ก.1หลอด), 240.00 
2-140/2,SMECTA GO 12ซองx3g (คาราเมลโกโก้) (ก.12ซอง), 314.00 
2-140/1,SMECTA ORANGE-VANILLA 10ซองx3g (ส้ม) มีโปรซื้อเยอะ (ก.10ซอง), 153.00 
2-140/6,SMECTA STRAWBERRY 10ซองx3g สเมคต้า มีโปรซื้อเยอะ (ก.10ซอง), 153.00 
2405,SMOOTH E ACNE GEL 7g (ก.1หลอด), 128.00 
2405/1,SMOOTH E ACNE HYDROGEL PLUS 10g (ก.1หลอด), 176.00 
2405/5,SMOOTH E ACNE SCAR 7g (ก.1หลอด), 219.00 
2-514,SMOOTH E BABYFACE FOAM 120g 4fl.oz (หลอด), 219.75 
2108,SMOOTH E BABYFACE FOAM 240g 8fl.oz (หลอด), 354.25 
2-513,SMOOTH E BABYFACE FOAM 30g 1fl.oz (หลอด), 66.00 
2109,SMOOTH E BABYFACE FOAM 60g 2fl.oz (หลอด), 133.75 
2401/2,SMOOTH E BABYFACE GEL 165ml 5.5fl.oz (หลอด), 246.00 
2401/1,SMOOTH E BABYFACE GEL 45ml 1.5fl.oz (ก.1หลอด), 79.25 
2401,SMOOTH E BABYFACE GEL 99ml 3.3fl.oz (หลอด), 163.00 
2401/3,SMOOTH E BABY FACE HYDRATION FOAM 40g (หลอด), 76.75 
2401/4,SMOOTH E BABY FACE HYDRATION FOAM 80g (หลอด), 155.00 
4363,SMOOTH E BABYFACE SCRUB 36g 1.2fl.oz (หลอด), 73.00 
4364,SMOOTH E BABYFACE SCRUB 66g 2.2fl.oz (หลอด), 125.50 
08045/8,SMOOTH E CAPSULE FACE LIFT 1x12s (กล่อง), 205.00 
2521,SMOOTH E CREAM 100g (ก.1หลอด), 491.50 
2406,SMOOTH E CREAM 15g (ก.1หลอด), 157.00 
2330-1,SMOOTH E CREAM 40g (ก.1หลอด), 268.00 
2-532,SMOOTH E CREAM 7g (ก.1หลอด), 86.00 
3911,SMOOTH E CREAM PLUS-WHITE 10g (ก.1หลอด), 87.00 
3912,SMOOTH E CREAM PLUS-WHITE 30g (ก.1หลอด), 202.25 
3914,SMOOTH E CREAM PLUS-WHITE 60g (ก.1หลอด), 316.75 
3/1/2330,SMOOTH E DRY SKIN REPAIR 9.5% MAX UREA 180ml (ขวด), 437.00 
2583/40,SMOOTH E EXTRA SENSITIVE CLEANSING WATER 100ml (ขวด), 129.75 
2583/41,SMOOTH E EXTRA SENSITIVE CLEANSING WATER 200ml (ขวด), 236.00 
2108/5,SMOOTH E GLUTA B3 CELLULAR BRIGHT 13G (ขวด), 246.00 
2108/6,SMOOTH E GLUTA B3 CELLULAR BRIGHT 30G (ขวด), 428.00 
2335,SMOOTH E GOLD CREAM 12g 0.4fl.oz (ก.1หลอด), 112.00 
2334,SMOOTH E GOLD CREAM 30g 1.0fl.oz (ก.1หลอด), 259.00 
2330,SMOOTH E GOLD CREAM 65g 2.2fl.oz (ก.1หลอด), 570.00 
2333,SMOOTH E GOLD FOAM 45g 1.5fl.oz (หลอด), 108.00 
2332,SMOOTH E GOLD FOAM 4fl.oz 120g (หลอด), 282.00 
170/3,SMOOTH E LIQUID PLASTER ฟิล์มเคลือบปิดแผล 4ml (ก.1ขวด), 65.50 
2415/6,SMOOTH E OPTI O 20s บำรุงสายตา (ขวด), 459.00 
2108/7,SMOOTH E PHA-AHA ACNE SPOT&PORE SMOOTH 13G (ขวด), 245.00 
2108/8,SMOOTH E PHA-AHA ACNE SPOT&PORE SMOOTH 30G (ขวด), 429.00 
2108/9,SMOOTH E RETINOL DEEP WRINKLE REPAIR 13G (ก.1ขวด), 269.00 
2108/10,SMOOTH E RETINOL DEEP WRINKLE REPAIR 30G (ก.1ขวด), 502.00 
8231/3,SMOOTH E SCAR SHEET ซิลิโคนเจลแผลเป็น (ก.1ชิ้น), 82.00 
8231/4,SMOOTH E SCAR SHEET ซิลิโคนเจลแผลเป็น 3ชิ้น (ก.3ชิ้น), 218.00 
1/1/2330,SMOOTH E SKIN WHITE THERAPIE 100ml 3.4fl.oz (ก.1หลอด), 180.25 
2/1/2330,SMOOTH E SKIN WHITE THERAPIE 200ml 6.8fl.oz (ขวด), 280.00 
3895-1,SMOOTH E SUN SPF 50+ 15g กันแดด สีขาว (ก.1หลอด), 215.50 
3895,SMOOTH E SUN SPF 50+ 15g กันแดด สีเบจ (ก.1หลอด), 215.50 
08045/6,SMOOTH E TELOLIFE 1000mg 60s ริ้วรอย (ขวด), 735.00 
2583/42,SMOOTH E ULTRA-LIGHT CLEANSING OIL SERUM 100ml (ขวด), 224.00 
2583/43,SMOOTH E ULTRA-LIGHT CLEANSING OIL SERUM 200ml (ขวด), 409.00 
3902,SMOOTH E WHITE BABYFACE CREAM 12g (ก.1หลอด), 88.00 
3909,SMOOTH E WHITE BABYFACE CREAM 30g (ก.1หลอด), 206.00 
3896,SMOOTH E WHITE BABYFACE FOAM 120g 4fl.oz (หลอด), 219.00 
3896/1,SMOOTH E WHITE BABYFACE FOAM 180g 6fl.oz (หลอด), 278.00 
3898,SMOOTH E WHITE BABYFACE FOAM 30g 1.0fl.oz (หลอด), 70.50 
3897,SMOOTH E WHITE BABYFACE FOAM 60g 2fl.oz (หลอด), 127.50 
3419,SMOOTH E WHITE BABYFACE SERUM 0.4fl.oz 12g (ก.1หลอด), 260.50 
3420,SMOOTH E WHITE BABYFACE SERUM 24g 0.8fl.oz (ก.1หลอด), 430.00 
2108/3,SMOOTH E WHITE BABY FACE SPOTCLEAR FOAM 140g (หลอด), 269.00 
2108/4,SMOOTH E WHITE BABY FACE SPOTCLEAR FOAM 180g (หลอด), 327.00 
3898/1,SMOOTH E WHITE BABY FACE SPOTCLEAR FOAM 40g (หลอด), 79.00 
2108/2,SMOOTH E WHITE BABY FACE SPOTCLEAR FOAM 80g (หลอด), 155.00 
2405/7,SMOOTH E ครีมซอง ACNE HYDROGEL PLUS 5gx6s (ก.6ซอง), 285.00 
2405/6,SMOOTH E ครีมซอง SCAR TRI PEPTIDE + HYA 5gx6s (ก.6ซอง), 279.00 
08045/7,SMOOTH LEEP 576mg 10s ช่วยนอนหลับ เสริมภูมิ (ขวด), 227.00 
08045/9,SMOOTH LEEP 576mg 30s ช่วยนอนหลับ เสริมภูมิ (ขวด), 627.00 
655/10,SMOOTH LIFE BIO C CANDY CHEWABLE 1000mg 1x14s รสส้ม (ก.14เม็ด), 148.00 
655/13,SMOOTH LIFE BIO C CANDY CHEWABLE 120mg 1x14s รสส้ม (ก.14เม็ด), 35.50 
513/2,S-MOX 125 DRY SYRUP (เปลือยส้ม) โปร11มีค-11เมย69 ซื้อ12ลด12บ (ขวด), 13.25 
513/6,S-MOX 125 DRY SYRUP (มีกล่องส้ม)(amoxicillin) (ก.1ขวด), 15.00 
512/4,S-MOX FORTE 250 60ml (เปลือยส้ม) ***โปร4กพ-28มีค69 ซื้อ12 ลด12บ (ขวด), 18.50 
512/5,S-MOX FORTE 250 60ml (มีกล่องส้ม) (ก.1ขวด), 25.50 
98115/3,SNAKE BRAND HERBAL andrographis SPRAY SF 15ml (ก.1ขวด), 91.00 
98115/5,SNAKE BRAND HERBAL EXTRA FRESH SPRAY SF 15ml เฮอร์เบิ้ล สเปรย์ (ก.1ขวด), 76.00 
98115/1,SNAKE BRAND HERBAL NIGHT TIME SPRAY SF 15ml มีโปรซื้อเยอะ (ก.1ขวด), 76.00 
98115,SNAKE BRAND HERBAL RESCUE SPRAY SF 15ml (ก.1ขวด), 76.00 
1844,SOBELIN 1000s (กระปุก), 254.00 
1845,SOBELIN 50x10s (ก.50แผง), 170.00 
4,SODAMINT FRX 1000s (เม็ดกลมขาว) บ ขาด (กระปุก), 93.00 
4-ม.ค.,SODIUM BICARBONATE 400g ล้างผัก อันอันโอสถ (กระปุก), 45.00 
1331000,SOFCLENS NSS น้ำเกลือป้ายฟ้า 1000ml (ขวด), 43.25 
133100,SOFCLENS NSS น้ำเกลือป้ายฟ้า 100ml (ขวด), 23.75 
133500,SOFCLENS NSS น้ำเกลือป้ายฟ้า 500ml (ขวด), 32.50 
9994,Soffell Spray กลิ่นส้ม 30cc เล็ก ซอฟเฟล-สเปรย์ **ขายขาด (ขวด), 27.75 
9992,Soffell Spray กลิ่นส้ม 80cc ใหญ่ **ขายขาด (ขวด), 59.00 
9993,Soffell Spray ขวดชมพู 30cc เล็ก **ขายขาด (ขวด), 27.75 
9991,Soffell Spray ฟลอร่า 80cc ใหญ่ ซอฟเฟล-สเปรย์ **ขายขาด (ขวด), 59.00 
9998,Soffell ซอง กลิ่นฟลอร่า 8มล แพค24ซอง ซอฟเฟล (ซอง) **ขายขาด มีโปรซื้อเยอะ (ซอง), 3.17 
9995,Soffell ซอฟเฟลโลชั่นทากันยุง กลิ่น ฟลอร่า 60ml **ขายขาด (ขวด), 43.00 
1501/3,SOFTEAR 10ml ซอฟเทียร์ (hypromellose) (ก.1ขวด), 39.00 
1501/4,SOFTEAR 5ml ซอฟเทียร์ (hypromellose) (ก.1ขวด), 34.50 
489,SOFTIP ไม้พันสำลี ซอง100ก้าน Size L (ซอง), 13.00 
487,SOFTIP ไม้พันสำลี ซอง100ก้าน Size M (ซอง), 12.50 
486,SOFTIP ไม้พันสำลี ซอง100ก้าน Size S (ซอง), 11.70 
787,SOLMAX 500mg 1x10s มีโปรซื้อเยอะ **ขึ้น40 (ก.1แผง), 36.50 
1794,SOLMAX FORTE 60ml **ขึ้น67 (ก.1ขวด), 61.50 
1795,SOLMAX KIDS 60ml **ขึ้น61 (ขวด), 56.00 
1558,SOLUFEN 400 1x10s มีโปรซื้อเยอะ **ขึ้น48 (ก.1แผง), 42.75 
1288/2,SONAP 275mg 10x10s (ก.10แผง), 173.00 
1288/5,SONAP 275mg 500s เม็ดรีฟ้า (กระปุก), 785.00 
1288/3,SONAP FORTE 550mg 10x10s (ก.10แผง), 299.00 
1526/25,SONERIPER M 50mg 25x10s **ขายขาด *ใหม่ 116บ (ก.25แผง), 88.00 
1229,SOPROXEN 275mg 10x10s **ราคาพิเศษ** (ก.10แผง), 174.00 
403/8,SORIVATE CREAM 15g (ก.1หลอด), 29.50 
1564/3,SOS ALCOHOL PAD 3.8x8.3cm 20ซอง มีโปรซื้อเยอะ (ก.20ซอง), 20.00 
3525/2,SOS COOLING GEL PATCH KITTY BABY 4x9cm แผ่นเจลลดไข้ เปลี่ยนสี (ก.4แผ่น), 57.25 
1667/19,SOS Non-contact Infrared Thermometer Kitty รุ่น FT-F32 (ก.1อัน), 695.00 
3525/1,SOS PLUS COOLING GEL PATCH 5x12cm แผ่นเจลลดไข้ เปลี่ยนสี (ก.4แผ่น), 66.00 
1321/3,SOS PLUS P1 KTM01 PE PLASTER พลาสเตอร์PEปิดแผล HELLO KITTY 1.9x7.2cmx8ชิ้น บ ขาด (ก.8ชิ้น), 12.50 
1321/16,SOS PLUS P1 KTM02 PE PLASTER พลาสเตอร์PEปิดแผล HELLO KITTY 1.9x7.2cmx8ชิ้น บ ขาด (ก.8ชิ้น), 12.50 
132403,SOS PLUS เครื่องวัดความดันสอดแขวน รุ่น FT-C26-Y (ประกัน 7ปี) (เครื่อง)," 5,500.00 "
941010,SPACOVIN 40mg 10x10s (ก.10แผง), 98.00 
879/1,SPAMUS TABLETS 100x10s (เม็ดกลมฟ้า) (ก.100แผง), 555.00 
237/3,SPASCOPAN 500s ขาวกลม (กระปุก), 580.00 
941010/2,SPASVERINE 10x10s (ก.10แผง), 524.00 
237/2,SPATYL 10mg 1x10s (ก.1แผง), 24.25 
76/5,SPAXID 20x10s (ก.20แผง), 335.00 
2417/6,SPAZOL 100mg 25x4s (ก.25แผง)," 1,130.00 "
4001,SPECTRABAN SPF 50+ 20g (ก.1หลอด), 181.00 
1244,SPECTRIM SUSPENSION 60ml (เปลือย) (ขวด), 12.00 
2-386/2,SPEK MOUTH SPRAY COOL (กล่อง), 111.00 
2-603,SPORAXYL CREAM 15g (ก.1หลอด), 39.00 
2417/7,SPORNAR 100mg 10x10s (ก.10แผง), 481.00 
2417,SPORNAR 100mg 25x4s (ก.25แผง), 480.00 
3514,SPOROXYL 200mg 10x10s (ก.10แผง), 195.00 
1750/3,SRICHAND BARRIER BOOST Soothing Gel Cream 6x10ml (ก.6ซอง), 172.00 
1750/4,SRICHAND PDRN Gel Cream 6x10ml (ก.6ซอง), 172.00 
1750/1,SRICHAND Skin Moisture Burst Gel Cream 10ml (ก.6ซอง), 161.00 
1750/5,SRICHAND SUN Lotion 6x7ml (ก.6ซอง), 120.00 
1750/6,SRICHAND SUN Lotion กัดแดด เนื้อบาง 6x7ml (ก.6ซอง), 128.00 
1750/2,SRICHAND SUPER C Brightening Gel Cream 6x10ml (ก.6ซอง), 172.00 
1750/7,SRICHAND ตลับ ออริจินัล มาร์ก 3ตลับx20กรัม (แพค3ตลับ), 152.00 
1490-2/5,SSP AS C GRPAE VIT C 25mg 1000s (องุ่น) (กระปุก) (กระปุก), 93.00 
1490-2/3,SSP AS C ORANGE VIT C 25mg 1000s (ส้ม) (กระปุก) (กระปุก), 93.00 
1490-2/6,SSP AS C PINEAPPLE VIT C 25mg 1000s (สับปะรด) (กระปุก), 93.00 
1490-2/4,SSP AS C STRAWBERRY VIT C 25mg 1000s (สตรอเบอร์รี่) (กระปุก) (กระปุก), 95.00 
3827/8,S-SURE ตรวจตั้งครรภ์ (หยด) (ก.1ชุด), 11.25 
232/5,STARBUFEN 60ml *มีโปรซื้อเยอะ (ก.1ขวด), 19.00 
4333/2,STARCLAV 1000mg 2x7s (ก.2แผง), 128.75 
4333/14,STARCLAV 625mg 2x10s (ก.2แผง), 198.00 
869/3,STARDA-BE CREAM 15g (ก.1หลอด), 36.25 
869/4,STARDA-BE CREAM 25g (ก.1หลอด), 52.00 
869/2,STARDA-BE CREAM 5g (ก.1หลอด), 17.00 
99125/24,STAREN 25mg 1000s (เม็ดกลมม่วง) (กระปุก), 272.00 
99125/18,STAREN 50mg 1000s (เม็ดกลมชมพูอมม่วง) (กระปุก), 359.00 
99125/21,STAREN 50mg 1000s (เม็ดกลมเหลือง) (กระปุก), 359.00 
99125/22,STAREN 50mg 100x10s (เม็ดกลมชมพูอมม่วง) (ก.100แผง), 542.00 
99125/23,STAREN 50mg 100x10s (เม็ดกลมเหลือง) (ก.100แผง), 542.00 
1526/1,STARGESIC 1x10s (เม็ดหกเหลี่ยมขาว) (ก.1แผง), 12.00 
1526/15,STARGESIC 50x10s (เม็ดหกเหลี่ยมขาว) (ก.50แผง), 335.00 
512-1/12,STARLEX-500 (เขียวอ่อน-เขียวแก่) 500s (กระปุก)," 1,350.00 "
4124/1,STARLONE LOTION 30ml (ก.1ขวด), 18.00 
4124/3,STARLONE LOTION 60ml (ก.1ขวด), 26.25 
1526/3,STARMOL PLUS 1000s (เขียวหกเหลี่ยม) (กระปุก), 535.00 
1526/4,STARMOL PLUS 100x10s (เม็ดหกเหลี่ยมเขียว) (กล่อง), 636.00 
512-1/5,STARMOX DRY SYRUP 125 (มีกล่องรสสตอเบอรี่) (ก.1ขวด), 19.75 
512-1/4,STARMOX DRY SYRUP 125 (มีกล่องรสส้ม) (ก.1ขวด), 19.75 
512-1/6,STARMOX DRY SYRUP 125 (มีกล่องรสองุ่น) (ก.1ขวด), 19.75 
512-1/3,STARMOX FORTE DRY SYRUP 250 (มีกล่องรสส้ม) (ก.1ขวด), 27.00 
512-1/7,STARMOX tab 250mg (เม็ดตอกขาว) 1000s (กระปุก), 990.00 
512-1/8,STARMOX tab 500mg (เม็ดตอกขาว) 500s (กระปุก), 950.00 
4288/8,STARTEC SYRUP 100ml เจ็ดดาว (ก.1ขวด), 42.00 
4288/9,STARTEC SYRUP 60ml เจ็ดดาว (ก.1ขวด), 24.25 
1800/10,STARTER KIT FLUSH ชุดอุปกรณ์ล้างจมูก+เกลือ14ซอง (ก.1ชุด), 152.00 
8212/2,STARTRIL-S 1500 10ซอง (กลิ่นส้ม) (ก.10ซอง), 72.00 
8212/1,STARTRIL-S 1500 30ซอง (กลิ่นส้ม) (ก.30ซอง), 230.00 
4188/6,S-TEC SYRUP 60ml เปลือย (ขวด), 15.00 
4188/5,S-TEC SYRUP 60ml มีกล่อง (ก.1ขวด), 21.50 
4188/3,S-TEC TABLETS 1X10s (cetirizine) มีโปรซื้อเยอะ (ก.1แผง), 7.70 
3278/16,STEI 16mg 1x10s (ก.1แผง), 28.50 
3278/3,STEI 24mg 10x10s (ก.10แผง), 385.00 
242-1/13,STERCIA-5 5mg 3x10s (ก.3แผง), 382.00 
2489,STERI-DRESS สเตอริ-เดรส (ชุดทำแผล) กล่อง12ชุด (กล่อง) (ก.12ชุด), 172.00 
2286,Sterile eye pad ผ้าปิดตา ก.25ชิ้น (กล่อง) (ก.25ชิ้น), 117.00 
242-1/12,STERZAR 1mg 4x7s (ก.4แผง), 249.00 
3827/7,S-TEST ตรวจตั้งครรภ์ (จุ่ม) (ก.1ชุด), 7.25 
879/3,S-TOLZEN 50mg 50x10s (กล่อง), 327.00 
3693/3,STOMAHESIVE PASTE 56.7g Convatec กาวติดแป้น (ก.1หลอด), 269.00 
3501,STREPSILS CHESTY COUGH 1x8s มีโปรซื้อเยอะ (ซอง), 49.25 
3502,STREPSILS CHESTY COUGH LOZENGE 2x12s มีโปรซื้อเยอะ **ใหม่93.25 (ก.2แผง), 93.00 
2543,STREPSILS CITRUS LEMON SUGAR FREE 24x6s (ก.24ซอง), 545.00 
2540/1,STREPSILS CITRUS LEMON SUGAR FREE 2x8s (ก.2แผง), 83.25 
1263/1,STREPSILS COOL 2x12s (ก.2แผง), 83.25 
1259,STREPSILS COOL HHR 24x8s (ก.24ซอง), 545.00 
4038,STREPSILS DRY COUGH 1x8s ซื้อเยอะ **ขึ้น50 (ซอง), 49.25 
1264/1,STREPSILS HONEY&LEMON 2x12s **ขึ้น84 (ก.2แผง), 80.00 
1260,STREPSILS HONEY&LEMON HHR 24x8s (ก.24ซอง), 545.00 
2540-1,STREPSILS MAXIPLUZZ 24x6s (ก.24ซอง)," 1,252.00 "
3170/1,STREPSILS MAXIPLUZZ สเตร็ปซิล แม็กซี่-พลัส 16s **ขึ้น101 (ตลับ), 99.50 
2541,STREPSILS MAXPRO 24x8s (ก.24ซอง)," 1,666.00 "
2541/1,STREPSILS MAXPRO 2x8s **ขึ้น130 (ก.2แผง), 128.00 
2542/1,STREPSILS MAXPRO DIRECT SPRAY 15ml (ก.1ขวด), 185.00 
1262/1,STREPSILS ORANGE+VITAMIN C 2x12s (ก.2แผง), 83.25 
1258,STREPSILS ORANGE+VITAMIN C HHR 24x8s (ก.24ซอง), 545.00 
1265/1,STREPSILS ORIGINAL 2x12s (ก.2แผง), 83.25 
1261,STREPSILS ORIGINAL HHR 24x8s (ก.24ซอง), 540.00 
2729,STREPSILS THROAT IRRITATION & COUGH 24x8s (ก.24ซอง)," 1,177.00 "
2729/1,STREPSILS THROAT IRRITATION & COUGH 2x12s (ก.2แผง), 91.50 
1269,STUGERON 25mg 3x10s (ก.3แผง), 86.00 
2686/1,STUGIN 50x10s (ก.50แผง), 194.00 
819/1,SUBSYDE-CR 100mg 2x10s (ก.2แผง), 100.00 
1419/2,SUCRAFEN 1g 25x10s (ก.25แผง)," 1,296.00 "
13620/5,Suction Catheters สายดูดเสมหะ SK MAX 4.0mmx50cm 12FR ขาว (เส้น) (เส้น), 4.00 
13620/6,Suction Catheters สายดูดเสมหะ SK MAX 4.7mmx50cm 14FR เขียว (เส้น) (เส้น), 4.00 
13620/7,Suction Catheters สายดูดเสมหะ SK MAX 5.3mmx50cm 16FR ส้ม (เส้น) (เส้น), 4.00 
1754/2,SUDOCREM 125g (กระปุก), 271.00 
1754/4,SUDOCREM MOISTURIZING CREAM 10g (กระปุก), 102.00 
1754/3,SUDOCREM NATURALS NAPPY CREAM 30g (ก.1หลอด), 271.00 
811,SUGRIL 5mg 10x10s (ก.10แผง), 74.00 
1244/1,SULFOMETH SUSPENSION 60ml (เปลือย) (ขวด), 12.75 
3228,"SULTRIM NL 1000s เม็ดขาวรี ซัลตริม [SFM,TMP] (กระปุก)", 375.00 
801/1,SUMIGRAN 50mg 1x6s [ชุมชน] มีโปรซื้อเยอะ (ก.1แผง), 62.00 
1108/1,SUNOLUT TABLET 5mg 10x10s บ ขาด (ก.10แผง), 305.00 
1803/4,SUPENAC 200mg 50ซอง (รสส้ม) (ก.50ซอง), 172.00 
2452/7,SUPIROCIN CREAM 15g (mupirocin) (ก.1หลอด), 91.25 
2452/5,SUPIROCIN CREAM 5g exp รอlotใหม่ (ก.1หลอด), 42.75 
3361/2,SUPPORT พยุงหลัง #2XL 42-46นิ้ว [Triple-D] เข็มขัด รัดเอว (ก.1ชิ้น), 360.00 
3361/4,SUPPORT พยุงหลัง #3XL 48-54นิ้ว [Triple-D] เข็มขัด รัดเอว (ก.1ชิ้น), 360.00 
3361/10,SUPPORT พยุงหลัง size 3XL 48-54นิ้ว [VITAL] เข็มขัด รัดเอว (ก.1ชิ้น), 360.00 
337/2,SUPPORT พยุงหลัง size L 30-36นิ้ว [Triple-D] เข็มขัด รัดเอว (ก.1ชิ้น), 360.00 
337/7,SUPPORT พยุงหลัง size L 30-36นิ้ว[VITAL] เข็มขัด รัดเอว (ก.1ชิ้น), 375.00 
336/2,SUPPORT พยุงหลัง size XL 36-42นิ้ว [Triple-D] เข็มขัด รัดเอว (ก.1ชิ้น), 360.00 
336/6,SUPPORT พยุงหลัง size XL 36-42นิ้ว [VITAL] เข็มขัด รัดเอว (ก.1ชิ้น), 375.00 
3361/6,SUPPORT พยุงหลัง size XXL 38-42นิ้ว [VITAL] รัดเอว (ก.1ชิ้น), 375.00 
337/5,SUPPORT พยุงหลังส่วนเอว size M 30-34นิ้ว [VITAL] เข็มขัด (ก.1ชิ้น), 375.00 
3595/5,SUPRALIP NT 145mg 3x10s (ก.3แผง), 655.00 
4068/5,SURBEX-ZINC 4x7s เซอร์เบค-ซิงค์ [abbott] (ก.4แผง), 275.00 
2367/4,SUROTIN 10mg 3x10s (ก.3แผง), 175.50 
2367/5,SUROTIN 20mg 3x10s (ก.3แผง), 177.00 
4092/14,SVOZ EYE DROP 0.5% 5ml (ก.1ขวด), 68.50 
1290,SYMBICORT turbuhaler 160/4.5 60dose (ก.1ขวด), 749.00 
1288,SYNFLEX 10x6s (ก.10แผง), 535.00 
3285/20,SYN-O-VITS 4L แกลลอน (แกลลอน), 425.00 
3285/7,SYN-O-VITS 60ml (ก.1ขวด), 24.00 
3285/16,SYN-O-VITS FORTE 120ml รส blueberry (ก.1ขวด), 111.00 
3285/17,SYN-O-VITS FORTE 15ml รส blueberry ขวดเปลือย (ก.1ขวด), 10.00 
24/13,SYN PRO FIBER 12000mg รสกีวี่-แอปเปิ้ล ตรา ซิสส์ 15gx10s (ก.10ซอง), 282.00 
10,SYRINGE 10cc (ก.100อัน) [NIPRO] (ก.100อัน), 229.00 
0010/1,SYRINGE 10ml ไม่มีเข็ม (ก.100ชุด) [เยโซเมด] (ก.100ชุด), 179.00 
20,SYRINGE 20cc (ก.50อัน)[NIPRO] (ก.50อัน), 202.00 
0020/1,SYRINGE 20ml ไม่มีเข็ม (ก.50ชุด) [เยโซเมด] **ใหม่194 (ก.50ชุด), 175.00 
3,SYRINGE 3cc (ก.100อัน) [NIPRO] (ก.100อัน), 132.00 
003/1,SYRINGE 3ml ไม่มีเข็ม (ก.100ชุด) [เยโซเมด] (ก.100ชุด), 115.00 
50,SYRINGE 50cc [NIPRO] หัวกลาง (ก.30อัน) (ก.30อัน), 362.00 
050/1,SYRINGE 50cc [NIPRO] หัวข้าง (ก.30อัน) (ก.30อัน), 329.00 
5,SYRINGE 5cc (ก.100อัน)[NIPRO] (ก.100อัน), 155.00 
005/1,SYRINGE 5cc ไม่มีเข็ม (ก.100ชุด) [เยโซเมด] (ก.100อัน), 120.00 
07943/1,SYSTANE COMPLETE EYE DROPS 5ml ม่วง (ก.1ขวด), 227.00 
7943,SYSTANE ULTRA EYE DROPS 10ml (ก.1ขวด), 150.00 
421/1,SYSTANE ULTRA (MDPF) preservative-free 10ml เขียว (ก.1ขวด), 296.00 
421,SYSTANE ULTRA (UD) 28หลอดx0.5ml (กล่อง), 316.00 
1297,SYSTRAL CREAM 10g (ก.1หลอด), 31.50 
1296,SYSTRAL CREAM 25g (ก.1หลอด), 69.00 
1535/20,SYTREX 1x10s (ก.1แผง), 11.25 
61/6,T1 2.5x5.6ซม [SOS DINO] พลาสเตอร์ใส ปิดแผล กันน้ำ 6ชิ้น PLASTER (ก.10ซอง) (ก.10ซอง), 142.00 
61/10,T1 2.5x5.6ซม [SOS KTP02 KITTY] พลาสเตอร์ใส ปิดแผล กันน้ำ 6ชิ้น PLASTER คิดตี้ (ก.6แผ่น) (ก.6แผ่น), 20.00 
61,T1 2.5x5.6ซม พลาสเตอร์ กันน้ำ SOS 32บ (แพค10กล่อง) (ก.10แผ่น), 19.60 
61/1,T1 2.5x5ซม [SOS minions] MP01 พลาสเตอร์ใส ปิดแผล กันน้ำ 6ชิ้น Plaster มินเนี่ยน ขาด (ก.6แผ่น), 20.00 
61/11,T1 2.5x5ซม [SOS minions] MP02 พลาสเตอร์ใส ปิดแผล กันน้ำ 6ชิ้น Plaster (กล่อง) (ก.6แผ่น), 20.00 
62,T2 6x7ซม พลาสเตอร์ กันน้ำ SOS 36บ (แพค10กล่อง) (ก.3แผ่น), 25.25 
62/2,T2x2 พลาสเตอร์ กันน้ำ SOS 8x8cm 3แผ่น (แพค10กล่อง) (ก.3แผ่น), 30.00 
63,T3 6x10ซม พลาสเตอร์ กันน้ำ SOS 45บ (แพค10กล่อง) (ก.2แผ่น), 28.00 
63/1,T3x3 พลาสเตอร์ กันน้ำ SOS 12x12cm 2แผ่น (แพค10กล่อง) (ก.2แผ่น), 35.50 
64,T4 10x25ซม พลาสเตอร์ กันน้ำ SOS (กล่อง) (ก.2แผ่น), 77.50 
3234/3,TACINOL CREAM 0.02% 15g (ก.1หลอด), 23.25 
3232/3,TACINOL CREAM 0.1% 15g (ก.1หลอด), 24.50 
221/3,TACINOL LOTION 0.1% 60ml (ก.1ขวด), 33.25 
1382/1,TACINOL ORAL PASTE 1gx20ซอง (ก.20ซอง), 153.00 
2417/3,TACOROL 100mg 25x4s (ก.25แผง), 425.00 
3234,T.A. CREAM 0.02% 15g (ก.1หลอด), 19.00 
3233,T.A. CREAM 0.02% 5g (ก.1หลอด), 12.50 
3232,T.A. CREAM 0.1% 15g (ก.1หลอด), 19.00 
3232/1,T.A. CREAM 0.1% 500g (กระปุก), 236.00 
3231,T.A. CREAM 0.1% 5g (ก.1หลอด), 12.50 
221/1,T.A. Lotion 0.1% 30ml สหแพทย์ (ก.1ขวด), 19.25 
2-232,TANAKAN 2x15s **ราคาพิเศษ** (ก.2แผง), 215.00 
3923,TANDERON 500s กลมชมพู (กระปุก), 315.00 
690,TANZARIL 100mg 3x10s (ก.3แผง), 119.85 
689,TANZARIL 50mg 3x10s (ก.3แผง), 66.75 
1291,TAPAZOLE 5mg 100s (ขวด), 193.00 
3805,TARA-PLUS CREAM 15g (ก.1หลอด), 33.25 
4149/1,TARATEN CREAM 15g (ก.1หลอด), 23.50 
1199/2,TAR Body Wash 120ml กลิ่นLAVENDER (ขวด), 127.50 
1199/4,TAR Body Wash ขวดปั้ม 250ml กลิ่นLAVENDER (ขวด), 206.00 
4092/8,TARIVID OPHTHALMIC OINTMENT 0.3% 3.5g (ก.1หลอด), 167.00 
902,TARJENA INJECTION 50ampx3ml (กล่อง), 192.00 
1199/1,TAR SHAMPOO 120ml (กลิ่นซีตรัส) (ขวด), 104.00 
2134,TAUGLICOLO 10x10s (ก.10แผง), 124.00 
2134/1,TAUGLICOLO 50ml รสผลไม้รวม (ก.1ขวด), 45.00 
2-386/1,TAVIPEC 3x10s [SPIKE LAVENDER OIL] (กล่อง), 181.00 
1308,TC-MYCIN 250mg 1x10s (ก.1แผง), 23.20 
1304,TC-MYCIN 500mg 1x10s (ก.1แผง), 37.00 
1307,TC-MYCIN OINTMENT 10g (ก.1หลอด), 18.25 
3676/5,TEAR MAC 10ml สูตร cellufresh **ขายขาด** (ก.1ขวด), 77.00 
3676/4,TEAR MAC SD 30หลอดx0.4ml [สูตร cellufresh] (ก.30หลอด), 169.00 
1306,TEARS NATURALE FREE 32sx0.8ml (ก.32หลอด), 324.00 
1309,TEARS NATURALE II 15ml (ก.1ขวด), 120.50 
2741/1,TEBONIN FORTE 120mg 2x15s (ก.2แผง), 733.00 
2961/1,TEDIUM CAPSULES 10x10s (แคปซุลเขียวเข้ม-อ่อน) (ก.10แผง), 36.00 
3350,TEGADERM 3M เล็ก 10ซอง*3ชิ้น [A1] ทีก้าเดิร์ม (ซอง) (ซอง), 30.00 
2070,TELFAST 180mg 1x10s (ก.1แผง), 215.00 
2071,TELFAST 60mg 1x10s (ก.1แผง), 83.50 
2-823/3,TELFAST ORAL SUSPENSION 60ml (ก.1ขวด), 129.00 
4253,TELLUS-5 MOIST OINTMENT 20g (ก.1หลอด), 60.00 
1314,TEMPRA DROPS SYRUP 15ml (องุ่น) (ก.1ขวด), 37.50 
1316/6,TEMPRA FIZZ เม็ดฟู่ 500mg (รสส้ม) 3x4s (ก.12เม็ด), 75.00 
1316,TEMPRA FORTE SYRUP 60ml (รสสตอเบอรี่) (ก.1ขวด), 44.75 
1316/1,TEMPRA FORTE SYRUP 60ml (ส้ม) (ก.1ขวด), 44.75 
1315,TEMPRA KIDS SYRUP 60ml (สตอเบอรี่) (ก.1ขวด), 37.75 
4228/12,TENAX 20mg 10x10s (ก.10แผง), 209.00 
457/2,TENOSALIC OINTMENT 15g (ก.1หลอด), 43.75 
458/1,TENOSALIC OINTMENT 5g (ก.1หลอด), 16.75 
1734/3,Teotape 1นิ้วx10หลา (กระบอก12ม้วน) [NEOTAPE] (กระบอก), 370.00 
1732/3,Teotape 2นิ้วx10หลา (กระบอก6ม้วน) [NEOTAPE] ลัง กระบอก (กระบอก), 370.00 
1735/2,Teotape กล่องเดี่ยว 2นิ้วx10หลา แพค6กล่อง แบ่งขาย (ก.1ม้วน), 68.50 
9997/11,TE-OTICLEAN : Ear & Skin Cleanser ทำความสะอาดหู-กำจัดไรหู 115ml (ก.1ขวด), 199.00 
512-1/9,TEPLEXIN tab 250mg (เม็ดตอกขาวกลม) 500s (กระปุก), 990.00 
512-1/10,TEPLEXIN tab 500mg (เม็ดตอกขาวกลม) 500s (กระปุก)," 1,490.00 "
9997/10,TEP-PLUS : Ear & Skin Cleanser ทำความสะอาดหู-กำจัดไรหู 115ml (ก.1ขวด), 272.00 
9997/12,TEP-PLUS : Ear & Skin Cleanser ทำความสะอาดหู-กำจัดไรหู 30ml (ขวด), 147.00 
135,TEPTHAI ORIGINAL เทพไทย ยาสีฟันสมุนไพร รส ดั้งเดิม 70g (ก.1หลอด), 79.00 
529/1,TERACORTE CREAM 15g (ก.1ขวด), 58.00 
5130/2,TERBU EXPECTORANT 60ml [ชุมชน] (ก.1ขวด), 23.75 
1780,TERBUTALINE 1000s (กระปุก), 153.00 
1334/2,TERBUTALINE SULFATE INJ ยาฉีด 0.5mg/1ml 50amp (กล่อง), 575.00 
1334,TERBUTALINE TABLETS 100x10s (ก.100แผง), 188.00 
3002/99,TERCO-D 500s (กระปุก), 402.00 
3002/1,TERCO-D 50x10s (ก.50แผง), 430.00 
1330/1,TERRAMYCIN 3.5g เปลือย (หลอด), 25.50 
1330,TERRAMYCIN 3.5g มีกล่อง แถบชมพู **ขึ้น39.5 (ก.1หลอด), 38.25 
1829,TESTOS 40mg 3x10s มีโปรซื้อเยอะ (ก.3แผง), 315.00 
1335,TETRACYCLINE 250mg 1000s (ดำแดง) AU (กระปุก), 480.00 
1339,TETRACYCLINE CAPSULES 250mg 1000s HK (ดำแดง) (กระปุก), 475.00 
1338,TETRACYCLINE HYDROCHLORIDE CAPSULES 250mg 1000s (ส้มเหลือง) (กระปุก), 476.00 
1339/1,TETRASIN 250mg 1000s (ดำแดง) SSP (กระปุก), 470.00 
2-369/2,THERASORB ALGI PLUS HYDROPHILIC DRESSING 10x10x0.5cm บ ขาด (แผ่น), 90.00 
3247,THERMAPLAS เทอร์ม่าพลาส 165บ ก.5แผ่น (กล่อง) (ก.5แผ่น), 131.50 
3247/2,THERMAPLAS เทอร์ม่าพลาส ลดอาการปวดบ่า ซอง3แผ่น **ราคาพิเศษ** (กล่อง3แผ่น), 90.00 
3247/1,THERMAPLAS เทอร์ม่าพลาส ลดอาการปวดประจำเดือน ซอง3แผ่น **ราคาพิเศษ** (ซอง3แผ่น), 70.00 
2017/35,THIAMINE VITAMIN B1 ROTA (รูปสามเหลี่ยมชมพูเคลือบ) 1000s (กระปุก), 245.00 
1794/2,THROATSIL-CBS 100 60ml (รสราสเบอร์รี่) (ก.1ขวด), 16.50 
1794/1,THROATSIL-CBS 250 60ml (รสราสเบอร์รี่) (ก.1ขวด), 18.50 
4424,THROATSIL HONEY & LEMON 24ซองx8s (กล่อง), 294.00 
4415,THROATSIL ORANGE+VIT C 24ซองx8s (ก.24ซอง), 294.00 
4414/1,THROATSIL PLUS 24x8s (รสเมนทอล) (ก.24ซอง), 355.00 
1349,TIFFY DEY 25x4s *ใหม่205 (ก.25แผง), 191.50 
491,TIFFY DEY SYRUP 30ml (ก.1ขวด), 20.00 
1348,TIFFY DEY SYRUP 60ml (ก.1ขวด), 31.50 
2718/1,TIFFYRUB 20g (ขวด), 46.50 
2719,TIFFYRUB 40g (ขวด), 76.00 
2717,TIFFYRUB 6g (ตลับ), 16.50 
51/2,TIGER BALM LOTION 80ml (ก.1ขวด) (ก.1ขวด), 142.00 
1717,TIGER BALM OINTMENT-HR ยาหม่องตราเสือ เอชอาร์ (ขาว) 10g (ก.1ขวด), 42.67 
1718,TIGER BALM OINTMENT-HR ยาหม่องตราเสือ เอชอาร์ (ขาว) 19.4g (ก.1ขวด), 59.17 
1714,TIGER BALM OINTMENT-HR ยาหม่องตราเสือ เอชอาร์ (ขาว) 30g (ก.1ขวด), 74.75 
1716,TIGER BALM OINTMENT-HR ยาหม่องตราเสือ เอชอาร์ (แดง) 10g (ก.1ขวด), 43.00 
1719,TIGER BALM OINTMENT-HR ยาหม่องตราเสือ เอชอาร์ (แดง) 19.4g (ก.1ขวด), 59.17 
1715,TIGER BALM OINTMENT-HR ยาหม่องตราเสือ เอชอาร์ (แดง) 30g (ก.1ขวด), 74.75 
1715/1,TIGER BALM SOFT12x25G กลิ่นลาเวนเดอร์ (ก.12ขวด), 884.00 
2374/3,TIGERPLAST Animal Kingdom พลาสเตอร์ ไทเกอร์พลาส 10x8ชิ้น (ก.10ซอง), 108.00 
1321/14,TIGERPLAST PLASTER 19x56mm พลาสเตอร์ (สีใส) 1x10s เทนโซพลาสติก (ซอง10ชิ้น), 9.00 
1391/8,TIGERPLAST WRIST EXTRA COMFORT SUPPORT พยุงข้อมือสปอร์ตปรับกระชับได้ ADJ (ก.1ชิ้น), 178.00 
1321/11,Tigerplast พลาสเตอร์ปิดแผล พลาสติก (สีใส) 300แผ่น Plaster (ก.300ชิ้น), 159.00 
1353/1,TIMAZOL 10x10s (ก.10แผง), 93.00 
8308,TIME ORAL ULCER PATCH 3x2s แผ่นแปะแผลร้อนใน (ก.6ชิ้น), 94.00 
1048,TIMI CREAM 15g (ก.1หลอด), 38.50 
1049,TIMI CREAM 5g (ก.1หลอด), 16.50 
8140/2,TIMO-MAC EYE DROPS STERILE 0.5% 5ml (timolol) (ก.1ขวด), 55.00 
1504/32,TINY CAP FISH OIL 500mg 30s (ขวด), 116.00 
2635/2,TIZINE SYRUP 60ml บ ขาด (ก.1ขวด), 12.50 
201/4,T.MAN-LAX 1000s (เม็ดกลมไข่ไก่) (กระปุก), 250.00 
201/5,T.MAN-LAX 100x10s (เม็ดกลมไข่ไก่) (ก.100แผง), 385.00 
2-863/1,T.MAN LOTION 30ml (ก.1ขวด), 22.00 
835/4,T.M.DAZOLE 25x4s (ก.25แผง), 142.00 
4205,TOBRADEX 5ml (ขวด), 129.50 
4205/1,TOBRADEX OINTMET 3.5g (ก.1หลอด), 91.50 
4204,TOBREX 5ml โปรดดูวัน exp (ก.1ขวด), 116.00 
2942,TOFAGO 1x10s (ก.1แผง), 23.00 
3446-1,TOFLEX 125 DRY (เปลือย) (ขวด), 23.25 
3442-1,TOFLEX 250 DRY (เปลีอย) (ขวด), 36.00 
3447,TOFLEX 500mg 10x10s (ก.10แผง), 247.00 
1787,TOLCHICINE 10x10s (ก.10แผง), 52.00 
879/5,TOLPER-S 50mg 25x10s (กล่อง), 125.00 
1091/4,TOMEI ANTI-ACNE CREAM PLUS 7-in-1 9g (ก.1หลอด), 109.25 
1090,TOMEI CLINDAI GEL 5g (ก.1หลอด), 33.50 
1671/3,TOMUSOL 50mg 50x10s กลมชมพู บ ขาด (ก.50แผง), 302.00 
1359,TONAF 1% CREAM 15g แดง (ก.1หลอด), 58.00 
1358,TONAF 1% CREAM 5g แดง (ก.1หลอด), 27.75 
1357,TONAF 2% CREAM 15g เขียว (ก.1หลอด), 69.75 
1356,TONAF 2% CREAM 5g เขียว (ก.1หลอด), 34.75 
1354,TONAF-B CREAM 5g (ก.1หลอด), 31.00 
4227,TONY LOTION 30ml (ก.1ขวด), 18.67 
4438,TONY LOTION 60ml (ก.1ขวด), 30.00 
4056/3,TOPAMINE 50x10s **ขายขาด (ก.50แผง), 342.00 
14212/7,TOP EGG Albumen 30เม็ด โปรตีนไข่ขาวเม็ด 5เม็ด=ไข่ขาว2ฟอง (ขวด), 186.00 
14211/7,TOP EGG Albumen 60เม็ด โปรตีนไข่ขาวเม็ด 5เม็ด=ไข่ขาว2ฟอง (ขวด) มีโปรซื้อเยอะ (ขวด), 343.00 
1360,TOPICORTE 15g (ก.1ขวด), 120.50 
1361,TOPICORTE 5g (ก.1ขวด), 52.50 
1360/2,TOPOXY CREAM 10g (ก.1ขวด), 47.75 
1382/7,T-Ora PASTE 5g ป้ายปาก [trinolone] (ก.1หลอด), 21.50 
1382/6,T-Ora PASTE ซอง 25ซองx1g [trinolone] (ก.25ซอง), 142.00 
4207/2,TORCOZIA 90mg 1x5s [ชุมชน] มีโปรซื้อเยอะ (ก.5เม็ด), 45.50 
4207/11,TORIXIB 60mg 3x10s (ก.3แผง), 186.00 
4207/10,TORIXIB 90mg 10x10s (ก.10แผง), 779.00 
4207/15,TORIXIB 90mg 1x5s (ก.1แผง), 46.00 
2-286/1,TORRAFEN FORTE 1x10s (ก.1แผง), 24.25 
2728,TORRENT 1x10s (ก.1แผง), 14.50 
2300/2,T-OSMIN 25x10s (ก.25แผง), 835.00 
947240/1,TOTRAL กระต่ายบิน ก.20ซองx30ml รสสตรอเบอรรี่ โปรดดูวัน exp (ก.20ซอง), 525.00 
4432/3,TRAJENTA 5mg 30s (ก.30เม็ด)," 1,480.00 "
3763,TRAMIC 500mg 10x10s (ก.10แผง), 391.00 
221,TRAM LOTION 30ml (ก.1ขวด), 21.67 
1933,TRAM LOTION 60ml (ก.1ขวด), 36.50 
1383/3,TRAMSILONE ORAL PASTE 0.1% 5g (ก.1หลอด), 24.25 
3676/2,TRANCELTEAR 10หลอดx0.8ml (ก.10หลอด), 67.25 
3676/1,TRANCELTEAR 30หลอดx0.8ml (ก.30หลอด), 205.25 
1771-1/5,TRANDROZINE 25mg 1000s (กลมเหลือง) (กระปุก), 399.00 
1771-1/1,TRANDROZINE SYRUP 60ml (ส้ม) (ก.1ขวด), 15.50 
2291,TRANSAMIN 250mg 100s **ขึ้น265 (ขวด), 261.00 
3763/3,TRANSAMIN 500mg 10x10s เม็ดตอกขาว ไดอิจิ (ก.10แผง), 569.50 
3763/4,TRANSAMIN ฉีด Inj 50mg/ml 5mlx50s ไดอิจิ (ก.10แผง)," 1,475.00 "
2291/13,TRANSIC 250mg 500s แคปซูลขาว (กระปุก), 689.00 
1369,TRAVOCORT CREAM 10g (ก.1หลอด), 116.50 
1371,TRAVOGEN CREAM 10g (ก.1หลอด), 116.00 
3140/5,TRAZODONE 50mg 25x10s *ใหม่ 460บ (ก.25แผง), 380.00 
1363,TREX-250 10x10s **ใหม่ 131.50 (ก.10แผง), 116.00 
3232/7,Triamcinolone Cream 0.1% GPO 15g (ก.1หลอด), 22.00 
3231/1,Triamcinolone Cream 0.1% GPO 5g (ก.1หลอด), 13.00 
3595/4,TRILIPIX 135mg 3x10s (ก.3แผง), 851.00 
1382/15,TRINOLONE CREAM 0.1% 15g (ก.1หลอด), 16.25 
1381,TRINOLONE-KIDS ORAL PASTE 25ซองx1g (ก.25ซอง), 148.75 
1383,TRINOLONE ORAL PASTE 5g (ก.1หลอด), 25.50 
1382,TRINOLONE ซอง 25ซองx1g (ก.25ซอง), 149.50 
3249/1,TRIO-B 3x10s มีโปรซื้อเยอะ (ก.3แผง), 83.00 
1504/31,TRIPLE MEGA FISH OIL 1000mg 30s [MEGA] (ขวด), 278.00 
4313,TRIPNATOL 10mg 1000s (กลมชมพู) (กระปุก), 140.00 
4314,TRIPNATOL-25 NL 500s (กระปุก), 141.00 
4893,TRIPSYLINE 25mg 1000s (กระปุก), 452.00 
91490/6,TRISTAN 90mg 20x1x3s โปรดดูวันexp (ก.20แผง), 522.00 
2323/8,TRIVIT-B VITAMIN B COMPLEX INJECTION 50x3ml (ก.50ขวด), 262.00 
4270,TRUSLEN COFFEE PLUS 10x16g **ขายขาด (ก.10ซอง), 64.00 
8140/1,TRUSOPT 2% 5ml (ก.1ขวด), 537.50 
51/3,TUPTIM KAEW 60g หัวลูกกลิ้งสแตนเลส ทับทิมแก้ว (ก.1หลอด), 144.00 
2-863,T.V. LONE LOTION 30ml (ก.1ขวด), 15.83 
2-864,T.V. LONE LOTION 60ml (ก.1ขวด), 24.25 
4432/2,TWYNSTA 80mg/10mg 30s (ก.30เม็ด), 860.00 
4432/1,TWYNSTA 80mg/5mg 30s (ก.30เม็ด), 860.00 
1410,TYLENOL 500 20x10s (ก.20แผง), 233.00 
1409-1,TYLENOL 500mg 100s (ก.1ขวด), 127.00 
1409-1/1,TYLENOL 500 ขวด50s (ก.1ขวด), 64.00 
1408,TYLENOL 8 HOUR 1x10s (ก.1แผง), 35.25 
2162,TYSTATIN ORAL SUSPENSION 12ml (ก.1ขวด), 32.50 
2250/3,UDEA 10% 30g มีโปรซื้อเยอะ (ก.1หลอด), 50.50 
08080/2,UDEA 20% 30g (ก.1หลอด), 63.00 
1671/1,UDOCALM 50mg 10x10s **ใหม่61 (ก.10แผง), 55.50 
1111/5,UECOF CD ยาน้ำแก้ไอ ยู อี คอฟ ผสมมะขามป้อม กลิ่นน้ำผึ้งเลมอน 120ml (เหลือง) (ก.1ขวด), 30.25 
1111,UECOF CD ยาน้ำแก้ไอ ยู อี คอฟ มะขามป้อม 120ml (แดง) (ก.1ขวด), 30.25 
1111/2,UECOF CD ยาน้ำแก้ไอ ยู อี คอฟ มะขามป้อม 60ml (ก.1ขวด), 17.25 
1111/10,UECOF FOR KIDS mouth spray แก้ไอเด็ก ยู อี คอฟ 15ml (สตอเบอรี่) (ก.1ขวด), 80.00 
1111/6,UECOF FOR KIDS ยาน้ำแก้ไอเด็ก ยู อี คอฟ 60ml (สตอเบอรี่) (ก.1ขวด), 23.50 
07857/22,UECOF Herbal Mouth Spary 15ml (ก.1ขวด), 80.00 
1111/1,UECOF OS ยาน้ำแก้ไอ ยู อี คอฟ ผสมมะขามป้อม 120ml (ฟ้า) (ก.1ขวด), 30.25 
1110/4,UECOF SF ยู อี คอฟ ยาอมผสมสมุนไพร 20x20s (กลิ่น ซีตรัส ซี) (ก.20ซอง), 429.00 
1110/2,UECOF SF ยู อี คอฟ ยาอมผสมสมุนไพร 20x20s (กลิ่นน้ำผึ้งผสมเลมอน) (กล่อง), 429.00 
1110/5,UECOF SF ยู อี คอฟ ยาอมผสมสมุนไพร 20x20s (กลิ่นส้มยุสุ) (ก.20ซอง), 429.00 
1110/9,UECOF SF ยู อี คอฟ ยาอมผสมสมุนไพร 20x20s (กลิ่นเสาวรส) (ก.20ซอง), 429.00 
1110,UECOF SF ยู อี คอฟ ยาอมผสมสมุนไพร 20x20s (สูตรดั้งเดิม รสมะขามป้อม) (ก.20ซอง), 429.00 
1110/7,UECOF SF ยู อี คอฟ ยาอมผสมสมุนไพร กล่องเล็ก20x6s (กลิ่นน้ำผึ้งผสมเลมอน) (กล่อง), 159.00 
1110/8,UECOF SF ยู อี คอฟ ยาอมผสมสมุนไพร ก.เล็ก20x6s (สูตรดั้งเดิม รสมะขามป้อม) (กล่อง), 159.00 
1419,ULCEFATE 1g 10x10s (ก.10แผง), 705.00 
7996,ULCEFATE SUSPENSION 20ซองx5ml (ก.20ซอง), 477.75 
7976/1,ULCEFATE SUSPENSION 240ml (ก.1ขวด), 490.00 
7976,ULCEFATE SUSPENSION 60ml (ก.1ขวด), 145.75 
1417,ULGASTRIN 42s (ก.1ขวด), 106.50 
754/2,ULSAMET 400 500s (กระปุก), 585.00 
754/1,ULSAMET 400 50x10s (ก.50แผง), 624.00 
1420/3,ULTRACARBON N.F. 5x10s (ก.5แผง), 297.00 
1420/2,ULTRACARBON X 5x10s (ก.5แผง), 249.00 
9113400/2,UMAFEN-400 50x10s (ibuprofen) *ใหม่ 315บ (ก.50แผง), 288.00 
3900/6,UMBILI Anti&After B-BALM SOOTHING BALM 5g ยุงกัด (หลอด), 51.00 
3900/12,UMBILI BABY GEL มหาหิงค์ กลิ่น original 30g (ก.1ขวด), 81.00 
2159/11,UMBILI CHUN CHUN GOOD DAY SPRAY ปรับอากาศ 250ml สเปรย์หัวหอม (ขวด), 154.00 
2159/13,UMBILI CHUN CHUN GOOD NIGHT SPRAY ปรับอากาศ 100ml สเปรย์หัวหอม (ขวด), 92.00 
2159/10,UMBILI CHUN CHUN GOOD NIGHT SPRAY ปรับอากาศ 250ml สเปรย์หัวหอม (ขวด), 154.00 
3900/11,UMBILI CHUN CHUN HERBAL TOWEL 4ผืน ผ้าเช็ดตัวลดไข้ (ก.4แผ่น), 121.00 
1922/13,UMBILI GOOD NIGHT SERUM อัมบิลี่ ฉุนฉุน ออร์แกนิก ออยล์ 12ml สีม่วง (ก.1ขวด), 94.00 
2159/15,UMBILI ORGANIC MITE SPRAY ดักฝุ่น 250ml (ขวด), 133.00 
2245/14,UMBILI TOOTH & GUM FINGER WIPES 20ชิ้น ผ้าเช็ดเหงือกทารก รสgrape (ก.20ชิ้น), 89.00 
2245/13,UMBILI TOOTH & GUM FINGER WIPES 20ชิ้น ผ้าเช็ดเหงือกทารก รสstrawberry (ก.20ชิ้น), 89.00 
2245/1,UMBILI แป้งน้ำ คาลาไมล์ calamine 100ml (ก.1ขวด), 78.00 
2245/2,UMBILI สเปรย์กันยุง กลิ่น citrus อ่อนโยน G6PDใช้ได้ (ก.1ขวด), 66.00 
2245/3,UMBILI สเปรย์กันยุง กลิ่น lavender อ่อนโยน G6PDใช้ได้ (ก.1ขวด), 66.00 
1922/7,UMBILI อัมบิลี่ ฉุนฉุน ออร์แกนิก เจนเทิล ออยล์ 10ml สีชมพู (ก.1ขวด), 94.00 
1922/6,UMBILI อัมบิลี่ ฉุนฉุน ออร์แกนิก ออยล์ 12ml สีฟ้า หายใจโล่ง (ก.1ขวด), 94.00 
1922/10,UMBILI อัมบิลี่ ชิ่วชิ่ว สติกเกอร์กันยุง หายใจโล่ง 1x10s กลิ่น citrus สีส้ม (ก.10ซอง), 56.00 
1922/9,UMBILI อัมบิลี่ ชิ่วชิ่ว สติกเกอร์กันยุง หายใจโล่ง 1x10s กลิ่น lavender สีม่วง (ก.10ซอง), 56.00 
1922/15,UMBILI อัมบิลี่ สติกเกอร์หัวหอม สีน้ำเงิน GOOD NIGHTหายใจโล่ง 1x10s (ก.10ซอง), 56.00 
1922/14,UMBILI อัมบิลี่ สติกเกอร์หัวหอม สีฟ้า GOOD DAY หายใจโล่ง 1x10s (ก.10ซอง), 56.00 
91110/3,UMEGOT 1x10 *ใหม่18.50 (ก.1แผง), 16.50 
1771/1,UNIRAX-PINK 10mg NL 1000s เม็ดกลมชมพู (กระปุก), 110.00 
4244,UNIREN SPRAY 60ml **ขึ้น142.5 (ก.1ขวด), 133.75 
1430,UNISON ENEMA สวนทวาร 10x10ml (เด็ก) **ขึ้น75 (ก.10อัน), 69.25 
1431,UNISON ENEMA สวนทวาร 10x20ml (ผู้ใหญ่) **ขึ้น79 (ก.10อัน), 74.25 
1985,UNISON OINTMENT 15g (ก.1หลอด), 14.25 
1429,UNISON U-ENEMA สวนทวาร 100ml (ก.1อัน), 21.25 
5128/2,UNSPASIC 50x10s (ก.50แผง), 479.00 
4110/2,URIEF 4mg 3x10s (ก.3แผง), 432.00 
1465/29,Urine Bag 2000ml ถุงเก็บปัสสาวะ เทล่าง SK MAX วาวล์หมุนพร้อมสายคาด (ถุง) (ถุง), 18.00 
1465/28,Urine Bag 2000ml ถุงเก็บปัสสาวะ เทล่าง วาวล์หมุนพร้อมสายคาด (ถุง) (ถุง), 21.00 
3717/8,URSOLIN 250mg 10x10s (ก.10แผง), 908.00 
2505/2,U-SPA 100mg 10x10s (ก.10แผง), 210.00 
2505/3,U-SPA 200mg 10x10s (ก.10แผง), 328.00 
812/5,UTMOS 15mg 10x10s (ก.10แผง), 247.00 
812/3,UTMOS 15mg 3x10s (ก.3แผง), 72.00 
812/4,UTMOS 30mg 10x10s (ก.10แผง), 388.00 
812/2,UTMOS 30mg 3x10s (ก.3แผง), 115.00 
624/1,UTO GLUCOSE 50% 454g (กระป๋อง), 52.75 
2561/2,V1-6-12 1000s วิตามินบี1-6-12 one-six-twelve (กระปุก) (กระปุก), 445.00 
2561/1,V1-6-12 100x10s วิตามินบี1-6-12 one-six-twelve (ก.100แผง) (ก.100แผง), 482.00 
5878/9,VACCINE DEFENSOR RABIES (พิษสุนัขบ้า) (กล่อง), 27.00 
5878/3,VACCINE Felocell 4 (ไข้หัดแมว) (กล่อง),  -    
5878/2,VACCINE Felocell CVR (ไข้หัดแมว) (กล่อง),  -    
5878/1,VACCINE FIP Primucell (เยื่อบุท้องอักเสบ) (กล่อง), 235.00 
5878/7,VACCINE Vanguard (Feline Felv) ลูคีเมีย (กล่อง), 180.00 
5878/6,VACCINE Vanguard HTLP 5CV-L (5 โรคสุนัข+Corona) (กล่อง),  -    
5878/5,VACCINE Vanguard HTLP 5/L (5 โรคสุนัข+กระตุ้นภูมิ) (กล่อง),  -    
5878/8,VACCINE Versican DHPPi+L4R (6 โรคสุนัข Lepto+Rabies) (กล่อง),  -    
636/1,VAGICIN VT 1x5s **ขึ้น29.5 (ก.1แผง), 24.00 
636/10,VAGICIN VT 3x10s (ก.3แผง), 146.00 
835/1,VAGILAN 200mg 1000s (กระปุก), 203.00 
3414/5,VALERBET CREAM 5g (ก.1หลอด), 10.00 
3414/6,VALERBET-N CREAM 15g (ก.1หลอด), 33.00 
3414/7,VALERBET-N CREAM 5g (ก.1หลอด), 13.75 
2276/3,VALOVIR-500 TABLETS 500mg 1x10s เม็ดขาวรี (ก.1แผง), 429.00 
2276/2,VALOVIR-500 TABLETS 500mg 5x10s เม็ดขาวรี (ก.5แผง)," 2,050.00 "
454/4,Valsartan GPO 160mg 3x10s (DIOVAN) (ก.30เม็ด), 124.00 
2276/1,VALTREX TABLETS 500mg 1x10s (ก.1แผง), 835.00 
9610100,Vaseline 100g [Pure Jelly] วาสลีน (กระปุก) (กระปุก), 105.00 
961150,Vaseline 50g [Aloe vera Jelly] วาสลีน (กระปุก), 69.00 
ก.พ.-81,Vaseline 50g MEDMAKER [2M] 60บ วาสลีน (กระปุก), 32.50 
961050,Vaseline 50g [Pure Jelly Original] วาสลีน (กระปุก), 69.00 
3018,VASTAREL MR 35mg 60s (ก.2แผง), 543.00 
2-783/2,V-CAP 150mg 10x10s (ก.10แผง), 113.00 
2323/3,V-C INJECTION 250mg/1ml 10ampx2ml (ก.10ขวด), 34.00 
2335/9,VC VIT C WHITENING CREAM 7gx10ซอง (น้องฉัตร) **ขายขาด (ก.10ซอง), 303.00 
2-477/2,VECIN TABLETS 20mg 3x10s (ก.3แผง), 85.00 
99125/2,VEENAC 25 1000s (เม็ดสีเขียว) (กระปุก), 245.00 
99150/3,VEENAC 50 1000s (เม็ดกลมม่วง) (กระปุก), 450.00 
99150/2,VEENAC 50 1000s (เม็ดสีเขียว) (กระปุก), 446.00 
886,VEET PURE HAIR REMOVALCREAM ALOEVERA 25g (ก.1หลอด), 116.50 
884,VEET PURE HAIR REMOVAL CREAM SHEABUTTER 25g (ก.1หลอด), 116.50 
2532/2,VEFLOX 500mg 1x10s [ชุมชน] (ก.1แผง), 101.00 
2532/3,VEFLOX 750mg 1x10s [ชุมชน] (ก.1แผง), 128.00 
448/2,VENSIX 25x4s (แคปซูล ม่วง-ขาว) (ก.25แผง), 119.00 
1455,VENTOLIN EVOHALER 200doses (ก.1ขวด), 185.00 
28-มิ.ย.,VERMIXIDE SUSPENSION 10ml (ก.1ขวด), 20.00 
28-พ.ค.,VERMIXIDE TAB 200mg 2s (ก.2เม็ด), 7.65 
330/2,VERRUMAL SOLUTION 13ml (ทาหูด) (ก.1ขวด), 205.50 
448/5,VERTAMIN 10x10s (สามเหลี่ยมสีเขียว) ไดเมน *ใหม่212บ (ก.10แผง), 185.00 
99125/3,VESCONAC 25 1000s (เม็ดกลมชมพู) (กระปุก), 124.00 
99125/4,VESCONAC 25 1000s (เม็ดกลมเหลือง) (กระปุก), 124.00 
99125/5,VESCONAC 50 1000s (เม็ดรีชมพู) (กระปุก), 229.00 
99125/6,VESCONAC 50 1000s (เม็ดรีส้ม) (กระปุก), 229.00 
296/98,VESMO-20 1000s (กระปุก), 274.00 
414/1,VESOPH EYE - EAR DROPS 5ml (ก.1ขวด), 17.50 
1826/3,VESPERIDONE 1000s (กระปุก), 143.00 
1826/2,VESPERIDONE 10mg 50x10s (ก.50แผง), 105.00 
1082/5,VESTAN 500 500s (กระปุก), 226.00 
1082/4,VESTAN 500mg 25x10s (ก.25แผง), 175.00 
9998/8,VF plus core- Bio Post&Prebiotic เขียวเข้ม 30Sachets*12g (ก.30ซอง), 323.00 
9998/11,VF plus core- Blood Care แดง 30Sachets*12g (ก.30ซอง), 323.00 
9998/2,VF plus core- Feline Vitality : ดูแลภาพรวม ทอง 30Sachets*12g (ก.30ซอง), 323.00 
9998/9,VF plus core- Fiber Gut Health& Hairball ครีม 30Sachets*12g (ก.30ซอง), 323.00 
9998/7,VF plus core- JC Complex : บำรุงข้อต่อ เขียว 30Sachets*12g (ก.30ซอง), 323.00 
9998/6,VF plus core- KC Complex : สำหรับโรคไต ส้ม 30Sachets*12g (ก.30ซอง), 323.00 
9998/1,VF plus core- Lysine : กระตุ้นภูมิ เหลือง 30Sachets*12g (ก.30ซอง), 323.00 
9998/10,VF plus core - Skin support : บำรุงขน ชมพู 30Sachets*12g (ก.30ซอง), 323.00 
9998/4,VF plus core- Tuna with Amino Acids : บำรุงร่างกาย เสริมสร้างกล้ามเนื้อ แดงเข้ม 30Sachets*12g (ก.30ซอง), 323.00 
9998/3,VF plus core- Urinary & Calming : ลดความเครียด ม่วง 30Sachets*12g (ก.30ซอง), 323.00 
2713,V-giff น้ำ เล็ก 300cc 239 วีกี๊ฟ (ก.1ขวด), 135.00 
2714,V-giff น้ำ ใหญ่ 500cc 295บ วีกี๊ฟ (ขวด) (ก.1ขวด), 199.00 
2712,V-GIFF วี-กิ๊ฟ 30s (ก.30เม็ด), 182.75 
3795,VIARTRIL-S 1500mg 30ซอง *โปรซื้อเยอะ r (ก.30ซอง)," 1,082.00 "
912-1/2,VIBEE 10x10s [สูตร NEUROBION] (ก.10แผง), 231.00 
268/10,Viboosta เม็ดฟู่ Acerola Cherry plus 12x7s ภูมิต้านทาน ไวบูสต้า (หลอด) (หลอด), 55.50 
268/8,Viboosta เม็ดฟู่ Colla Cal D ก.12x7s ผิว กระดูก ข้อ ไวบูสต้า *มีโปรซื้อเยอะ (หลอด), 55.50 
268/9,Viboosta เม็ดฟู่ Magnesium plus 7s รสองุ่นเคียวโฮ ไวบูสต้า *มีโปรซื้อเยอะ (หลอด), 55.50 
268/11,Viboosta เม็ดฟู่ Multivit 7s เหนื่อยล้า ไวบูสต้า *มีโปรซื้อเยอะ (หลอด), 55.00 
268/3,Viboosta สีชมพู เม็ดฟู่ Acerola Cherry plus 20s ภูมิต้านทาน ไวบูสต้า (ก.1หลอด), 77.00 
268/1,Viboosta สีฟ้า เม็ดฟู่ Colla Cal D 20s ผิว กระดูก ข้อ ไวบูสต้า (ก.1หลอด), 77.00 
268/5,Viboosta สีม่วง เม็ดฟู่ Magnesium plus 20s รสองุ่นเคียวโฮ ไวบูสต้า (ก.1หลอด), 77.00 
268/7,Viboosta สีส้ม เม็ดฟู่ C-FORCE 20s ภูมิต้านทาน ไวบูสต้า (ก.1หลอด), 77.00 
268/2,Viboosta สีส้ม เม็ดฟู่ Lutein plus 20s สายตา ไวบูสต้า (ก.1หลอด), 77.00 
268/12,Viboosta สีเหลือง เม็ดฟู่ ENZY 20s รสมะนาว ไวบูสต้า (ก.1หลอด), 77.00 
268/4,Viboosta สีเหลือง เม็ดฟู่ Multivit 20s เหนื่อยล้า รสสับปะรด ไวบูสต้า (ก.1หลอด), 77.00 
654/22,VibraVet 100 Pastes (Doxycycline) แบ่งขาย มีโปรซื้อเยอะ (หลอด), 165.00 
2582/6,VICHY DERCOS 2in1 ANTI-DANDRUFF SHAMPOO 200ml แถบสีส้ม โปร27มค-11มีค69ลด30บ (ขวด), 389.00 
2582/5,VICHY DERCOS ANTI-DANDRUFF SHAMPOO 200ml (ขวด), 405.00 
2582/7,VICHY DERCOS ENERGY+ AMINEXIL SHAMPOO 200ML (สูตรผมร่วง) สีแดง (ขวด), 338.00 
2582/4,VICHY LIFT ACTIV B3 SERUM 30ml (ขวด) (ขวด)," 1,219.00 "
2582/3,VICHY MINERAL89 BOOSTER SERUM 50ml (ขวด) **ขึ้น942 โปร27มค-11มีค69 ลด30บ (ขวด), 889.00 
1459,VICKS BABY BALSAM 50g วิคส์ เบบี้ (ก.1ขวด), 214.00 
1460,VICKS ขวด25g วิคส์ (ขวด), 94.00 
1462,VICKS ขวด50g วิคส์ (ขวด), 182.00 
1463,VICKS ตลับ10g วิคส์ (ตลับ), 41.75 
1461,VICKS ตลับ5g วิคส์ (ตลับ), 23.00 
1260/1,Vicks อม HONEY&LEMON 24x8s *โปรดดูวัน exp (ก.24ซอง), 722.00 
1260/2,Vicks อม HONEY&LEMON 2x12s (ก.24s), 75.25 
1258/1,Vicks อม ORANGE 24x8s *โปรดดูวัน exp (ก.24ซอง), 722.00 
1258/2,Vicks อม ORANGE 2x12s *โปรดดูวัน exp (ก.24s), 75.25 
2802,VICLOVIR 1g [NL] (ก.10ซอง) (กล่อง), 52.00 
4404,VIDISIC GEL 10g (ก.1หลอด), 127.50 
2071/2,VIFAS 180mg 1x10s ไวฟาส (fexofenadine) *มีโปรซื้อเยอะ (ก.1แผง), 105.00 
2071/1,VIFAS 60mg 1x10s ไวฟาส (fexofenadine) (ก.1แผง), 48.50 
2-404,VILERM 10ซองx1g (ก.10ซอง), 119.00 
2688,VILERM 200mg 5x5s (ก.5แผง), 152.75 
2687,VILERM 400mg 14x5s (ก.14แผง), 619.00 
2-980,VILERM 800mg 7x5s กล่องชมพู (ก.7แผง), 434.00 
3384,VILERM CREAM 5g มีโปรซื้อเยอะ (ก.1หลอด), 46.25 
1851,VIOLIN 1000s เม็ดกลมชมพู (กระปุก), 117.00 
3442/3,VIOLIN SYRUP 60ml (เปลือย) (ขวด), 12.00 
155200/1,Virgin coconut oil น้ำมันมะพร้าว 100% 200cc 395บ [maxx life] (ขวด), 168.00 
2276,VIROGON 200mg 5x5s กล่องฟ้า (ก.5แผง), 97.75 
1486,VIROGON 400mg 7x10s กล่องชมพู (ก.7แผง), 350.00 
1485,VIROGON 800mg 7x5s กล่องม่วง (ก.7แผง), 350.00 
2688/2,VIROVIR SUSPENSION 200mg/5ml 60ml (ก.1ขวด), 104.00 
405,VISLUBE 0.18% 20sx0.45ml (ก.20หลอด), 348.00 
4323,VISTRA ACEROLA CHERRY 45s (ขวด45), 240.00 
516-1/2,VISTRA ADVANCED ELASTIN PEPTIDE PLUS COLLAGEN 5000mg 12gx10s (ก.10ซอง), 335.00 
8045,VISTRA ASTAXANTHIN 4mg PLUS VITAMIN E [VISTRA](30s) (ขวด), 349.50 
08045/2,VISTRA ASTAXANTHIN 6mg PLUS VITAMIN E 30s (ขวด) (ขวด), 475.00 
4340/1,VISTRA BACOPA EXTRACT 30s วิสตร้า (ขวด), 172.00 
151,"VISTRA B-COM , mineral 30s วิสตร้า บี-คอมเพล็กซ์ (ขวด) (ขวด)", 132.50 
3995,VISTRA B-COMPLEX PLUS GINSENG 30s (ขวด), 208.00 
2415,VISTRA BILBERRY EXTRACT PLUS LUTEIN 30s (ขวด), 291.00 
3988/6,VISTRA BIO-C 1000mg 30s วิสตร้า ไบโอ ซี สูตรใหม่อาหารเสริม (ขวด), 173.00 
3988,VISTRA BIO-C 30s 325บ วิสตร้า ไบโอ ซี BIO C (ขวด) (ขวด), 197.50 
4324,VISTRA BON-ACTIV UC-II 40mg (COLLAGENTYPE II) 30s (ขวด), 523.00 
2749/1,Vistra Calplex Calcium 600mg Menaquinone-7 30s (ขวด), 151.50 
3989,VISTRA COENZYME Q10 30mg 30s โค-เอนไซม์ (ขวด), 141.50 
4323/1,VISTRA CRANBERRY 600mg 30s แครนเบอร์รี่ (ขวด), 224.75 
4451/2,VISTRA DT DAILY FIBER 7000mg 1x10sachets (ก.10ซอง), 103.25 
2640,VISTRA E.P.O Evening Primrose Oil วิสตร้า น้ำมันอีฟนิ่งพริมโรส 75s (ชมพู) (ขวด), 228.25 
24-ม.ค.,VISTRA GINKGO 120mg 30s (ขวด), 175.00 
2/1/4322,VISTRA GLUTA COMPLEX 1000 30s (ขวด), 472.00 
4322-1,VISTRA GLUTA COMPLEX 800 30s (ขวด), 387.50 
1/1/4322,VISTRA GOTU KOLA EXTRACT PLUS ZINC 30s มีโปรซื้อเยอะ (ขวด), 175.00 
2266,VISTRA L-CARNITINE 30s (ขวด), 229.75 
4439,VISTRA LECITHIN-soy 1200mg 90s 320บ วิสตร้า เลซิติน (ขวด), 182.00 
13-ม.ค.,"VISTRA MAGNESIUM PLUS B1,B6 & B12 30s (ขวด)", 155.00 
516-1,VISTRA MARINE COLLAGEN 1300 30s (ขวด30s), 300.50 
2749/2,VISTRA SOY GERM POWDER 30s (ขวด), 383.00 
4340,VISTRA TOMATO EXTRACT PLUS BETA-CAROTENE 30s (ขวด), 339.00 
1374/8,VISTRA VITAL-PRO MULTIVITAMINS Ultra plus 30s (multivitamins) (ก.1ขวด), 213.75 
4068,VISTRA ZINC 15mg 45s (ขวด), 155.00 
1190,VISTRA วิสตร้า GRAPE-SEED เกรปซีด 30cap (ขวด), 199.50 
181,VITA 1+6+12 1000s *มีโปรซื้อเยอะ (กระปุก), 377.00 
14910,VITABION 10x10s (ก.10แผง), 240.00 
1280/5,Vita-C 25mg LUTEIN BERRY PLUS เม็ดอม รสสตอเบอร์รี่ รูปหัวใจ 50ซองx30s [TMAN] (ก.50ซอง), 235.00 
1280/6,Vita-C 25mg เม็ดอม รสส้ม 25mg 25ซองx30s [TMAN] (ก.50ซอง) (ก.25ซอง), 113.00 
1280/3,Vita-C 50mg เม็ดอม รสส้ม 10ซองx100s [TMAN] (ก.10ซอง), 390.00 
1519/2,VITACAP ZN 30s (ก.1ขวด), 121.00 
14429/2,VITA C CALCIUM GUMMY 12x40g (BLACK CURRANT) รสแบล็คเคอเรนท์ (ก.12ซอง), 301.00 
14429/3,VITA C CALCIUM GUMMY 12x40g (COLA) รสโคล่า (ก.12ซอง), 301.00 
14429/1,VITA C CALCIUM GUMMY 12x40g (MUSCAT GRAPE) รสองุ่นมัสแคท (ก.12ซอง), 301.00 
14429/4,VITA C CALCIUM GUMMY 12x40g (ORANGE) รสส้ม (ก.12ซอง), 301.00 
14429/5,VITA C CALCIUM GUMMY 12x40g (STRAWBERRY) รสสตรอเบอร์รี่ (ก.12ซอง), 301.00 
726/12,VITA-C CANDY POP รสส้ม 1x10s อมยิ้ม (ก10ซอง), 123.00 
726/14,VITA-C CANDY POP แอปเปิ้ลเขียว 1x10s อมยิ้ม (ก10ซอง), 123.00 
1280/2,Vita-C Jelly strip รสส้ม[TMAN] 1x10s (ก.10ซอง), 73.00 
14626,VITA-C MULTI FRUIT GUMMY LUTEIN BILBERRY EXTRACT 20mg 1x24s กล่องแดง (ก.24ซอง), 158.00 
1590,VITA-C VITAMIN C TABLET 25mg 1000s (มะนาว) (กระปุก), 97.00 
1490-1,VITA-C VITAMIN C TABLET 25mg 1000s (สตรอเบอรี่) มีโปรซื้อเยอะ (กระปุก), 111.00 
1493,VITA-C VITAMIN C TABLET 25mg 1000s (ส้ม) มีโปรซื้อเยอะ (กระปุก), 97.00 
4533,VITA-C VITAMIN C TABLET 25mg 1000s (สับปะรด) มีโปรซื้อเยอะ (กระปุก), 97.00 
1490,VITA-C VITAMIN C TABLET 25mg 1000s (องุ่น) มีโปรซื้อเยอะ (กระปุก), 97.00 
1490/2,Vita-C เม็ดอม องุ่น 25mg 25ซองx30s [TMAN] (ก.25ซอง), 113.00 
1841/3,Vitalux Plus with LUTEIN 30s 500บ ไวตาลักซ์ พลัส (ขวด) (ขวด), 307.00 
7995,"VITAMIN A CAPSULES 25,000IU 100s [PATAR] (ก.1ขวด)", 47.25 
2323/5,VITAMIN B12 INJECTION 1000mcg/1ml 1x10ml (ก.1ขวด), 25.75 
2323/6,VITAMIN B12 INJECTION 1000mcg/1ml 50x1ml (ก.50ขวด), 233.00 
2561/4,VITAMIN B1 6 12 1000s เม็ดกลมชมพูอ่อน (กระปุก), 415.00 
2561/3,VITAMIN B1 6 12 100x10s เม็ดกลมชมพูอ่อน (ก.100แผง), 510.00 
2017,VITAMIN B B-COMPLEX AU (แดง) 1000s บี-คอมเพล็กซ์ ลัง100 (กระปุก) บ ขาด (กระปุก), 110.00 
2017/12,VITAMIN B B-COMPLEX GPO 1000s บี-คอมเพล็กซ์ (กระปุก), 262.00 
2017/16,VITAMIN B B-COMPLEX PICCO (ชมพูกลมเคลือบ) 1000s (กระปุก), 282.00 
2017/30,VITAMIN B B-COMPLEX ROTA (กลมแดงเคลือบ) 1000s (กระปุก), 209.00 
2017/31,VITAMIN B B-COMPLEX ROTA (กลมเหลืองเคลือบ) 1000s (กระปุก), 209.00 
2017/32,VITAMIN B B-COMPLEX ROTA (ไข่แดงเคลือบ) 1000s (กระปุก), 225.00 
2017/34,VITAMIN B B-COMPLEX ROTA (รูปไตเขียวเคลือบ) 1000s (กระปุก), 245.00 
2017/33,VITAMIN B B-COMPLEX ROTA (รูปไตน้ำตาลเคลือบ) 1000s (กระปุก), 245.00 
2017/13,VITAMIN B TABLETS COMPOUND STRONG 1000s (เคลือบกลมส้มอิฐ ) (กระปุก), 155.50 
2377/12,VITAMIN C 1000mg 31s [SNAKE BRAND] ระคายเคืองกระเพาะน้อย (ขวด), 155.00 
2053,Vitamin C 500mg GPO 100s (ขวด), 182.00 
2323/4,VITAMIN C INJECTION 250mg/1ml 50ampx2ml (ก.50ขวด), 208.00 
2377/13,VITAMIN C+ZINC 1000mg 31s [SNAKE BRAND] ระคายเคืองกระเพาะน้อย (ขวด), 177.00 
2252/2,VITAMIN PLUS LYSINE 100ml MTV (ก.1ขวด), 48.25 
2252/3,VITAMIN PLUS LYSINE 60ml MTV (ก.1ขวด), 42.00 
3889/1,VITARA BETA-C 15g (ก.1หลอด), 36.50 
3994/50,VITARA CICA&E CREAM GEL 25g (ก.1หลอด), 96.00 
2-201/1,VITARA CLINDA GEL 15g (ก.1หลอด), 47.25 
2-201/2,VITARA CLINDA GEL 7g (ก.1หลอด), 26.00 
786/3,VITARA E CREAM 25g (ก.1หลอด), 59.00 
786/4,VITARA E CREAM 50g (ก.1หลอด), 103.50 
07857/21,VITARA PROPOLIS PLUS MOUTH SPRAY 12ml ฟ้าทะลายโจร (ก.1ขวด), 94.00 
786/7,VITARA SE GEL FOR SCAR E60X 15g (ก.1หลอด), 135.25 
786/6,VITARA SE GEL FOR SCAR E60X 5g (ก.1หลอด), 66.50 
3951/2,VITARA Silicone Scar Plus SPF 9g (ก.1หลอด), 185.50 
3951/4,VITARA ULTRA Silicone Scar 9g (ก.1หลอด), 186.50 
4338/1,"VIT-B 1,6,12 FORTE 5x10s [vit B1-6-12] (ก.5แผง)", 165.00 
1495-1,VIT C 25 FRX รวมรส กล่อง60ซองx30s วิตามิน ซี (ก.60ซอง), 218.00 
655/3,VIT C-MILE 500mg 1x15s มีโปรซื้อเยอะ (หลอด), 37.25 
1496,VIT C ส้ม 50mg 1000s [PATAR VIT C เม็ด] วิตามิน ซี (ขวด) (กระปุก), 114.50 
1495,VIT C ส้ม 50mg 1000s สหการ วิตามิน ซี (ขวด) (กระปุก), 122.00 
1497,VIT C สับปะรด 50mg 1000s [PATAR VIT C เม็ด] วิตามิน ซี (กระปุก) มีโปรซื้อเยอะ (กระปุก), 114.50 
2643/4,VIT-D3 droups 800iu/ml (ก.1ขวด), 48.50 
1519,VITOP 10x10s บ ขาด (ก.10แผง), 392.00 
4051/2,VIVACOR 10mg 2x14s (ก.2แผง), 777.00 
4051/8,VIVACOR 20mg 2x14s (ก.2แผง), 936.25 
2017/14,VIVAMIN MTV (กลมชมพูเคลือบ) 500s (กระปุก), 165.00 
3285/8,VIVARINE SYRUB 60ml (ก.1ขวด), 32.75 
3285/15,VIVARINE SYRUP 120ml (ก.1ขวด), 61.25 
3384/5,VIVAX CREAM 15g (ก.1หลอด), 29.75 
3384/2,VIVAX CREAM 5g (ก.1หลอด), 16.50 
4403,VIVIDRIN EYE DROPS 10ml (ก.1ขวด), 127.00 
9117400,VIZO 400mg 14x5s (ก.14แผง), 262.75 
9117800,VIZO 800mg 7x5s (ก.7แผง), 259.00 
3384/1,VIZO CREAM 5g (ก.1หลอด), 27.50 
207/4,V.NOLONE 10 INJECTIONS OR INFUSIONS 1ml (ขวด), 12.25 
207/3,V.NOLONE 10 INJECTIONS OR INFUSIONS 5ml (ก.1ขวด), 47.00 
4092/13,VOCIN 500 10x10s (ก.10แผง), 748.00 
4092/1,VOCIN 500 1x10s (ก.1แผง), 98.75 
4244/1,VOLCLONAC SPRAY 60ml โปร12มี-11เมย69 ลด5บ (ก.1ขวด), 102.50 
99125/9,VOLTA 25mg 1000s (เม็ดกลมเหลือง) (กระปุก), 125.00 
708,VOLTAREN 25mg 3x10s โปรดูวัน exp (ก.3แผง), 143.50 
2837,VOLTAREN EMULGEL 100g (ก.1หลอด), 411.00 
2836,VOLTAREN EMULGEL 10g (ก.1หลอด), 67.50 
2838,VOLTAREN EMULGEL 25g มีโปรซื้อเยอะ (ก.1หลอด), 145.75 
2887,VOLTAREN EMULGEL 50g มีโปรซื้อเยอะ (ก.1หลอด), 261.00 
2887/10,VOLTAREN EMULGEL DOUBLE STRENGTH 30g (ก.1หลอด), 219.00 
1524,VOLTAREN SR 100mg 3x10s (ก.3แผง), 632.00 
1521,VOLTAREN SR 75mg 3x10s (ก.3แผง), 394.00 
99125/10,VOLTA-T.M. 25mg 100x10s (เม็ดกลมเหลือง) (ก.100แผง), 162.00 
99125/7,VOLTA-T.M. 50mg 1000s (เม็ดกลมเหลือง) (กระปุก), 155.00 
99125/8,VOLTA-T.M. 50mg 100x10s (เม็ดกลมเหลือง) (ก.100แผง), 235.00 
447/4,VOMEN Blue เม็ดสามเหลี่ยมฟ้า 50mg 1000s (กระปุก), 267.00 
447/5,VOMEN YELLOW เม็ดสามเหลี่ยมเหลือง 50mg 1000s เมารถ (กระปุก), 265.00 
4790,VOMITIL-M 10mg 1x10s (ก.1แผง), 5.25 
25139/4,VOPAR 10x10s (ก.10แผง), 772.00 
25139/1,VULTIN 100mg 10x10s (ก.10แผง), 210.50 
25139,VULTIN 300mg 10x10s (ก.10แผง), 265.00 
25139/2,VULTIN 400mg 10x10s (ก.10แผง), 422.00 
2370,W1 60x70mm TIGERPLAST TRANSPARENT WATERPROOF (ก.3แผ่น), 33.75 
2370/1,W2 60x100mm TIGERPLAST TRANSPARENT WATERPROOF (ก.2แผ่น), 32.50 
13291/3,W3 80x100mm TIGERPLAST TRANSPARENT WATERPROOF (ก.2แผ่น), 39.25 
13291/4,W4 100x120mm TIGERPLAST TRANSPARENT WATERPROOF (ก.2ชิ้น), 42.00 
9999/15,WALKER 615 อุปกรณ์ช่วยหัดเดินอะลูมิเนียม แบบพับไม่ได้ (ชิ้น), 388.00 
9998/14,WALKER AWB-S สีน้ำตาล อุปกรณ์ช่วยหัดเดินอะลูมิเนียม แบบพับได้ (ชิ้น), 899.00 
9999/28,WALKER อุปกรณ์ช่วยเดิน วอล์กเกอร์ 4 ขา พับได้ FY-915L HEALTH IMPACT (ชิ้น), 680.00 
13290/1,WF 19x40mm TIGERPLAST TRANSPARENT WATERPROOF (ก.10แผ่น), 23.25 
1518,Wii-TOP MULTIVITAMINS & MINERALS 10x10s (ก.10แผง), 222.00 
9993/6,Wildlives insect block deet 28 50ml กันยุง (ขวด) บ ขาด (ขวด), 57.00 
9993/7,Wildlives insect block deet 95 50ml เข้าป่า (ขวด) บ ขาด เข้า ตค69 (ขวด), 131.50 
670/10,WISH C 25mg รสลิ้นจี่ 50x20s [Patar] (ก.50ซอง), 150.50 
670/9,WISH C 25mg รสองุ่น 50x20s [Patar] (ก.50ซอง), 150.50 
5878/10,WITNESS FIV FelV 10test เทสแมว (กล่อง)," 2,200.00 "
13353/4,WONDER ATK COVID-19 2in1 เขียว (ก.1ชุด), 15.00 
13353/5,WONDER ATK FLUA/B COVID-19 3in1 ส้ม *ขายขาด (ก.1ชุด), 32.00 
633,WOODWARDS GRIPE WATER 148ml (ก.1ขวด), 114.50 
1391/9,WRIST SUPPORT SOS พยุงข้อมือสปอร์ตปรับกระชับได้ ADJ (ก.1ชิ้น), 200.00 
13290/2,WS 25x72mm TIGERPLAST TRANSPARENT WATERPROOF (ก.10แผ่น), 23.25 
4092/15,XALECIN 500 10x10s (ก.10แผง), 797.00 
3724,XANDASE 100mg 10s (แผง), 11.25 
3723,XANDASE 300mg 10s (แผง), 29.25 
2721,XARATOR 10mg 30s กล้องฟ้า มีโปรซื้อเยอะ (ก.3แผง), 509.00 
2722,XARATOR 20mg 3x10s มีโปรซื้อเยอะ (ก.3แผง), 643.00 
4110,XATRAL XL 10mg 30s (ก.2แผง), 871.00 
1999/1,XEBRAMOL drop 15ml paracetamol (ก.1ขวด), 19.00 
1003/1,XEBRAMOL PARACETAMOL 500 mg 1000s (เม็ดรีเขียว) กลิ่นใบเตย (กระปุก), 279.00 
1003/2,XEBRAMOL เม็ดกลมฟ้าขาว PARACETAMOL 500 mg 1000s กลิ่นมิ้นท์ (กระปุก), 279.00 
3098,XENICAL 1x21s (ก.1แผง), 703.00 
4000/8,XIGDUO XR 10mg/1000mg 4x7s (ก.4แผง)," 1,503.00 "
4000/9,XIGDUO XR 5mg/1000mg 8x7s (ก.8แผง)," 1,698.00 "
4257,X PERT NETTLE GEL 20g (ก.1หลอด), 67.00 
4221/51,XYROCIN-500 50x10s (ciprofloxacin) บ ขาด (ก.50แผง), 610.00 
1535,XYZAL 1x10s (ก.1แผง), 128.00 
3063,Y-GINK วาย-กิง 3x10s (ก.30เม็ด), 185.50 
1832/2,ZALAIN CREAM 20g (ก.1หลอด), 147.00 
1832/1,ZALAIN CREAM 5g (ก.1หลอด), 54.00 
1832/3,ZALAIN VAGINAL TABLET 1s 300mg (ก.1หลอด), 155.00 
28-ก.ค.,Zalben 400mg 12x1s (แพค12แผง), 84.50 
1547,ZAM-BUK HR 18g แซม-บัค เอชอาร์ (ตลับ), 34.75 
1545,ZAM-BUK HR 36g แซม-บัค เอชอาร์ (ก.1ตลับ), 61.50 
1546,ZAM-BUK HR 8g แซม-บัค เอชอาร์ (ตลับ), 22.75 
3595/2,ZANIDIP 10mg 2x14s (ก.2แผง), 552.00 
3595/3,ZANIDIP 20mg 2x14s (ก.2แผง), 839.00 
1085/1,ZARINE 1x28s [สูตร ANNA แอนนา] (ก.1แผง), 15.50 
954/10,ZARIUS 1x10s (ก.1แผง), 45.75 
954/4,ZARIUS SYRUP 60ml (ก.1ขวด), 57.00 
1540,Z-BEC 60s (ก.1ขวด), 312.00 
953/6,Z-DEEN 10mg 1x10s (ก.1แผง), 41.50 
2169/3,ZEBEN 10ml รสสตอเบอร์รี่ (ก.1ขวด), 43.00 
296/5,ZEFXON INJECTION 40mg 1vialx1ml (ก.1ขวด), 79.50 
1598,ZEMA CREAM 10g (ก.1หลอด), 29.00 
1598/15,ZEMA CREAM 15g (ก.1หลอด), 43.00 
1599,ZEMA CREAM 5g (ก.1หลอด), 19.25 
1600,ZEMA LOTION 15ml (ก.12ขวด), 211.00 
1600/30,ZEMA LOTION 30ml (ก.1ขวด), 29.00 
4370/1,ZEMAX 250 1x6s (ก.1แผง), 45.25 
4188,ZENSIL 1x10s **มีโปรซื้อเยอะ** (ก.1แผง), 13.25 
4188/11,ZENSIL ใหญ่ 10x10s (ก.10แผง), 98.00 
1550,ZENTEL 400g 1x1s (ก.1แผง), 37.25 
28-เม.ย.,ZENTOZIDE 600mg 1x4s (ก.1แผง), 39.00 
540/3,ZERINA CREAM 15g (ก.1หลอด), 24.75 
1289/3,ZERMED 10x10s (ก.10แผง), 56.00 
1289/2,ZERMED SYRUP 60ml กล้วยหอม (เปลือย) (ขวด), 14.50 
801/3,ZEROTAN 40mg 1x2s (ก.1แผง), 121.00 
4203/6,ZETTROL 10mg 10x10s (ก.10แผง), 762.00 
4203/10,ZETTROL 10mg 3x10s (ก.3แผง), 232.00 
1551,ZEVIN 10ซองx1g (ก.10ซอง), 95.00 
1552,ZEVIN 200mg 5x5s (ก.5แผง), 81.25 
1552/1,ZEVIN 400mg 7x10s (ก.7แผง), 392.00 
1552/2,ZEVIN 800mg 7x5s (ก.7แผง), 357.00 
1554,ZEVIN CREAM 10g (ก.1หลอด), 94.25 
1553,ZEVIN CREAM 3g (ก.1หลอด), 35.00 
3676/60,Z FRESH 30หลอดx0.4ml (ก.30หลอด), 182.00 
2894,ZIMMEX 10mg 3x10s กล่องแดง (ก.3แผง), 26.00 
2895,ZIMMEX 20mg 3x10s กล่องน้ำเงิน (ก.3แผง), 39.00 
2896,ZIMMEX 40mg 3x10s กล่องน้ำตาล (ก.3แผง), 77.50 
2905,ZIMVA 10mg 10x10s (ก.10แผง), 57.00 
2906,ZIMVA 20mg 10x10s (ก.10แผง), 98.75 
1506,ZIMVA 40mg 10x10s (ก.10แผง), 164.00 
2-938/1,ZINE PIP 25 500s (เม็ดรีฟ้า) (ก.1กระปุก), 210.50 
2-410/1,ZINE PIP 25mg 10x10s (เม็ดรีฟ้า) (ก.10แผง), 63.50 
2-890,ZITHROMAX 250mg 1x6s (ก.1แผง), 414.00 
2-668,ZITHROMAX POWDER FOR ORAL SUSPENSION 200mg/5ml (ก.1ขวด), 199.50 
3907/14,Z-NITE Plus 1gx14ซอง (lemon balm & chamomile) (ก.14ซอง), 225.00 
91212,ZOBREX 1x10s (ก.1แผง), 49.75 
1154,ZOCOVIN 200mg 5x5s (ก.5แผง), 63.00 
1157,ZOCOVIN 400mg 7x10s (ก.7แผง), 186.00 
1132/5,ZOLOFT 100mg 3x10s (ก.3แผง)," 1,469.00 "
1132/6,ZOLOFT 50mg 3x10s (ก.3แผง)," 1,168.00 "
1132/4,ZOLOFT ODT 50mg 3x10s (ก.3แผง)," 1,255.00 "
4092/9,ZOMOXIN EYE DROP 0.5% 5ml (ก.1ขวด), 128.75 
19831/5,Zumi mist baby nasal spray 60ml (ขวด) (ก.1ขวด), 129.00 
1800/9,ZUMI NASAL KIT ชุดอุปกรณ์ล้างจมูก [syringe20ml+จุกล้างจมูก] (ก.1ชุด), 25.25 
1800/7,ZUMI soft จุกล้างจมูกนุ่ม 1x12p (ก.12ชิ้น), 235.00 
1800/5,ZUMI จุกล้างจมูก 1x2p (ก.2ชิ้น), 21.50 
408/2,ZURTHOL 250ml 168บ [สูตร Dettol] เซอร์ทอล (ขวด) (ขวด), 79.50 
531,ZURTHOL 5ลิตร 1345บ [สูตร Dettol] เซอร์ทอล (แกลลอน) (แกลลอน), 788.00 
410/1,ZURTHOL 60ml 57บ [สูตร Dettol] เซอร์ทอล (ขวด) (ขวด), 32.00 
412/1,ZURTHOL 750ml 356บ [สูตร Dettol] เซอร์ทอล (ขวด) (ขวด), 206.00 
2606/2,ZUU 2s (ผลิตภัณฑ์อาหารเสริมตรา ซู่) 2s **ใหม่68บ (ก.2เม็ด), 19.00 
2606/1,ZYDON SYRUP 60ml (ก.1ขวด), 19.00 
4221/2,ZY FOPRO 500 25x10s (ก.25แผง), 401.00 
101/15,ZYLIN 25mg 3x10s (ก.3แผง), 113.00 
101/10,ZYLIN 75mg 3x10s (ก.3แผง), 161.00 
1236/3,ZYLON oil 10cc เล็ก 60บ เจลเรียกเนื้อ สมุนไพร *ใหม่43บ (ก.1ขวด), 42.00 
1236/2,ZYLON oil 25cc ใหญ่ 120บ เจลเรียกเนื้อ (ขวด) (ก.1ขวด), 75.00 
1289/4,ZYMED SYRUP 60ml รสราสเบอร์รี่ผสมเชอร์รี่ (ก.1ขวด), 21.25 
9996/1,Zymox Healthy Skin : LP3 Enzyme Shampoo 355ml สีเหลือง (ขวด),  -    
88/15,ZYNO 0.02% 15g (ก.1หลอด), 19.50 
88/5,ZYNO 0.02% 5g (ก.1หลอด), 9.75 
87/2,ZYNO 0.1% 15g (ก.1หลอด), 24.50 
87/5,ZYNO 0.1% 5g (ก.1หลอด), 12.25 
4188/2,ZYRITINE TABLETS 10x10s (ก.10แผง), 61.00 
2-127/3,ZYRRIZIN-G 10mg 50x10s เม็ดกลมเขียว (ก.50แผง), 255.00 
2-127,ZYRTEC 1x10s (ก.1แผง), 98.00 
1543,ZYRTEC 75ml (ก.1ขวด), 97.00 
3278/4,ZYSTINE 24mg 10x10s (ก.10แผง), 369.00 
2606/3,ZYTINE SYRUP 60ml กลิ่นสับปะรด *ใหม่26.50บ (ก.1ขวด), 21.50 
4188/1,ZYTIZINE F/C TABLETS 1X10s (ก.1แผง), 11.00 
2606/4,ZYTIZINE SYRUP 60ml เปลือย รสราสเบอรี่ Asian *มีโปรซื้อเยอะ (ขวด), 13.25 
2606/5,ZYTIZINE SYRUP 60ml มีกล่อง รสราสเบอรี่ Asian มีโปรซื้อเยอะ (ขวด), 17.00 
30520,กระดาษเช็ดแว่นตา ฟูกิฟูกิ ญี่ปุ่น FukiFuki 69บ (ก.10ซอง) (ก.10ซอง), 48.50 
2189/18,กระดาษทิชชูเปียก Baby Love Natural Wipe ห่อ20ชิ้น (ห่อ20ชิ้น), 21.00 
2189/8,กระดาษทิชชูเปียก CERTAINTY WIPE ห่อ50ชิ้น (ห่อ50ชิ้น), 85.00 
2189/19,กระดาษทิชชูเปียก ไลฟ์รี่ ห่อ50ชิ้น 235mmx115mm (ห่อ50ชิ้น), 85.00 
7131/99,กระบอกน้ำ SMOOTH E (ชิ้น), 150.00 
6099/1,กระบอกน้ำเทมปร้าฟีซซ์ เก็บความเย็นอย่างดี (ชิ้น), 250.00 
6099/2,กระบอกน้ำเทมปร้าสีขาว เก็บความเย็นอย่างดี (ชิ้น), 250.00 
8888/3,กระบอกน้ำอย่างดี คละสี miracid (ใบ), 199.00 
2048,กระบอกปัสสาวะ Urinal ลัง50 (ใบ) (ก.1ใบ), 50.00 
16700/20,กระปุกออมสิน ยาดมสมุนไพร ตราหนุมาน เขียว 5gx3s (กระปุก), 118.00 
6839/99,กระเป๋า Counterpain เฟสทีฟ ไซส์ S (ชิ้น), 200.00 
7199/1,กระเป๋า Ezerra (ผ้าสีม่วง) (ชิ้น), 100.00 
6919/2,กระเป๋ากระสอบ เสือ สีเหลือง (ใบ), 300.00 
3115/98,กระเป๋าเครื่องสำอางสีม่วงอ่อน ยาคุม NEXTSTELLIS (ใบ), 100.00 
7452,กระเป๋าช้อปปิ้งคิตตี้ size L (ชิ้น), 300.00 
7008,กระเป๋าช้อปปิ้งคิตตี้ size S (ชิ้น), 100.00 
2795/3,กระเป๋าน้ำร้อนไฟฟ้า dwell (ก.1ชิ้น) (ก.1ชิ้น), 119.00 
2795/2,กระเป๋าน้ำร้อนไฟฟ้าเล็ก ไต้หวัน ตั้งเต็มจิตต์ เล็ก (ใบ) (ใบ), 179.00 
7251,กระเป๋าผ้า canvas KREMIL (ชิ้น), 150.00 
7441,กระเป๋าผ้า dermatix พับได้สีน้ำเงิน (ใบ), 200.00 
6755/1,กระเป๋าผ้าเซียงเพียงอิ๊ว ใบใหญ่ (ชิ้น), 100.00 
6919,กระเป๋าผ้า เสือขาว-ดำ (ใบ), 150.00 
99999/9,กระเป๋าเหรียญ tempra (ชิ้น), 20.00 
6516,กระเป๋าเหรียญ คละแบบ คละลาย (ชิ้น), 20.00 
7482,กล่องข้าว DUO FOOD BOX (กล่อง), 200.00 
726/20,"กล่องดินสอ I-KIDS อมยิ้มx4s [elder,cola,lime,sala] (ชิ้น)", 43.50 
7454,กล่องดินสอ minion ลายน่ารัก (ชิ้น), 300.00 
1321/9,กล่องสไลด์ SOS PLUS MB PLASTER พลาสเตอร์PE4ชิ้น พลาสเตอร์T1 2ชิ้น HELLO KITTY ก.6ชิ้น (ก.6ชิ้น), 17.50 
1321/12,กล่องสไลด์ SOS PLUS MB PLASTER พลาสเตอร์PE4ชิ้น พลาสเตอร์T1 2ชิ้น MINIONS ก.6ชิ้น (ก.6ชิ้น), 17.50 
5771,กล่องใส่อาหาร super lock (ชิ้น), 150.00 
7550,กล่องใส่อาหารตราเสือ (กล่อง), 200.00 
13290/4,กันน้ำคละขนาด 8แผ่น TIGERPLAST TRANSPARENT WATERPROOF (ก.8แผ่น), 35.00 
4270/3,กาแฟ ดำ Royal Black Coffee ผสมเห็ดหลินจีอสกัดและวิตามิน (ก.10ซอง), 48.75 
1039,การบูร ผง ตราต้นสน (ห่อ1กิโล) (ห่อ1กิโล), 285.00 
1039/1,การบูร ผง อย่างดี ตราตั้งเต็มจิตต์ โหล (ก.12ขวด) 1039/1 (ก.12ขวด), 160.75 
8210/3,กาวติดฟันปลอม DENTI-FIX 40g [polident] (ก.1หลอด), 119.50 
1002,กำลังช้างสาร [คุณสัมฤทธิ์] (ขวด60s) รุ่นใหม่มีอย. (ขวด), 237.00 
1076,กุมารกาไก่ 300ml (ขวด), 25.00 
1871,เกร็กคู กล่องเล็ก 1 เม็ด Grekcu (ก.1เม็ด) (ก.1เม็ด), 52.00 
1872/10,เกร็กคู กล่องใหญ่ 6s โฉมใหม่ (ก.6เม็ด), 325.00 
2389/10,เกลือแร่ BIO-LYTE ผลไม้รวม 25gx25s (ก.25ซอง), 74.00 
2389/11,เกลือแร่ BIO-LYTE ส้ม 25gx25s (ก.25ซอง), 74.00 
974/2,เกลือแร่ CERA-ors CMED ส้ม (กล่อง100ซอง) ORS (ก.100ซอง), 163.00 
2389/3,เกลือแร่ CERA ผมไม้รวม (กล่องใหญ่50ซอง) (ก.50ซอง), 164.00 
2389/2,เกลือแร่ CERA ส้ม (กล่องใหญ่50ซอง ลัง12กล่อง) (ก.50ซอง), 161.00 
815,เกลือแร่ DECHAMP 50ซองx20g (รสส้ม) (ก.50ซอง), 144.00 
975/1,เกลือแร่ DELYTE ORS 10x10ซอง (ส้ม) (ก.10กล่อง), 389.00 
1270/2,เกลือแร่ D-LYTE ORANGE FLAVOUR 50ซองx20g (รสส้ม) (ก.50ซอง), 170.00 
2389/1,เกลือแร่ NEO-LYTE รสส้ม (กล่องใหญ่50ซอง) ลัง12กล่อง นีโอ-ไลท์ (ก.50ซอง), 124.00 
2389/4,เกลือแร่ NEO-LYTE รสส้ม นีโอ-ไลท์ กล่องเล็ก25ซอง (ก.25ซอง), 62.00 
916,เกลือแร่ NEW TOWER 50x20g 8บ นิว ทาวเวอร์ ลัง24ก (กล่อง) (ก.50ซอง), 159.00 
2512,เกลือแร่ OLYNE-DEK โอไลน์ เด็ก (ส้ม) (ก.100ซอง), 149.00 
1268/1,เกลือแร่ ORAS [รสส้ม] ออราส (ก.25ซอง) (ก.25ซอง), 118.00 
973,เกลือแร่ OREDA R.O. 100ซองx3.3g (ขาวจีด) (ก.100ซอง), 156.00 
974,เกลือแร่ OREDA R.O. 100ซองx3.3g (รสส้ม) ORS (ก.100ซอง), 157.00 
975,เกลือแร่ OREDA R.O. 16.5gx50ซองใหญ่ (ส้ม) (ก.50ซอง), 224.00 
1875/2,เกลือแร่ ORS-ซีฟาม 100ซอง ซองเล็ก (ส้ม) (ก.100ซอง), 259.00 
1875,เกลือแร่ ORS-ซีฟาม 50ซอง (ส้ม) (ก.50ซอง), 192.00 
974/3,เกลือแร่ OSRA R.O. 5.5gx50ซอง (ส้ม) ORS (ก.50ซอง), 87.00 
2389,เกลือแร่ Royal-D ผลไม้รวม (กล่องใหญ่50ซอง) รอแยล-ดี **ขึ้น175บ (ก.50ซอง), 160.00 
1270,เกลือแร่ SEA-LYTE 50ซองx20g (รสส้ม) (ก.50ซอง), 123.00 
1267,เกลือแร่ STRONK-K 25gx25ซอง (รสผลไม้รวม) **ใหม่83บ (ก.25ซอง), 73.50 
1268,เกลือแร่ STRONK-K 25gx25ซอง (รสส้ม ดั้งเดิม) **ใหม่83บ (ก.25ซอง), 73.50 
2747,เกลือแร่ TONK-KKK 25gx25ซอง (รสส้ม) (ก.25ซอง), 73.50 
974-1,เกลือแร่ T.O.S. ORS POWDER 100ซองx4g (รสส้ม) (ก.100ซอง), 155.00 
1270/3,เกลือแร่ผสมวิตามิน D-LYTE COMPLEX 50ซองx25g (รสส้ม) (ก.50ซอง), 185.00 
9999/5,เก้าอี้นั่งถ่าย HEALTH IMPACT พับได้รุ่น FY894 รับน้ำหนักได้100kg โครงสร้างเหล็กชุบ (อัน)," 1,250.00 "
9999/22,เก้าอี้นั่งถ่ายพร้อมอาบน้ำค่อมชักโครกได้ รุ่น W-15 รับน้ำหนักได้100kg โครงเหล็ก (อัน)," 2,040.00 "
9999/23,เก้าอี้นั่งถ่ายพร้อมอาบน้ำมีล้อ รุ่น W-03 (สีขาว) 100kg โครงสร้างอะลูมีเนียมอัลลอย (อัน)," 2,620.00 "
9998/22,เก้าอี้นั่งถ่ายพร้อมอาบน้ำ รุ่น CA616L รับน้ำหนักได้100kg โครงอลูมิเนียม (คัน)," 1,430.00 "
9999/20,เก้าอี้นั่งถ่ายพร้อมอาบน้ำ รุ่น W-01ST รับน้ำหนักได้100kg โครงสร้างเหล็ก (อัน)," 1,599.00 "
9999/21,เก้าอี้นั่งถ่ายพร้อมอาบน้ำ รุ่นW-01 (สีขาว)รับน้ำหนักได้100kg โครงอะลูมีเนียมอัลลอย (อัน)," 1,750.00 "
1917,แก้ไข้ เด็ก ตรางู 60ml (เหลือง) (ก.1ขวด), 24.25 
7416,แก้วเก็บความเย็น ALINAMIN (ชิ้น), 300.00 
7450,แก้วเก็บความเย็น NOVAMED อย่างดี (ชิ้น), 200.00 
7453,แก้วน้ำมีฝา kitty/minion ลายน่ารัก (ชิ้น), 300.00 
7540,แก้วน้ำหมี NACLONG (ชิ้น), 200.00 
3115/99,แก้วเยติ ยาคุม NEXTSTELLIS 28s (ใบ), 100.00 
1916,แก้หวัด เด็ก ตรางู 60ml (ม่วง) (ก.1ขวด), 24.50 
4091/10,แก้ไอ i-HERB OTC 100ml ไอ-เฮิร์บ (ก.1ขวด), 27.75 
4091/1,แก้ไอ i-HERB OTC 60ml ไอ-เฮิร์บ (ก.1ขวด) (ก.1ขวด), 21.50 
3398/3,แก้ไอ ขันตี จอมทอง 100ml (ก.1ขวด), 36.00 
3398/4,แก้ไอ คอร์ไรคอฟ มะขามป้อม 120ml KMP เปลือย (ขวด), 22.00 
3398/10,แก้ไอ คอร์ไรคอฟ มะขามป้อม 60ml KMP เปลือย (ขวด), 10.00 
3398/2,แก้ไอ คีมเหล็ก 100ml (ก.1ขวด), 25.25 
1950/1,แก้ไอ เด็ก ตรางู 60ml (ชมพู) (ก.1ขวด), 23.75 
1962/2,แก้ไอ น้ำดำ 60ml Brown mixture [บีเอ็ลฮัว] (ก.1ขวด), 16.50 
1950,แก้ไอน้ำดำ ตรางู 60ml (ก.1ขวด) (ก.1ขวด), 19.00 
5124,แก้ไอ แป๊ะลี้ มะแว้ง 60cc 65บ (ก.1ขวด), 30.75 
3379,แก้ไอ มะแว้ง น้ำ 60cc [อ้วยอัน] 50บ (ก.1ขวด) (ก.1ขวด), 24.00 
1932,แก้ไอ โยคี ศิริ 120cc 37บ (ก.1ขวด) (ก.1ขวด), 16.25 
2005/1,แก้ไอ เสือ11ตัว (ก.1ขวด), 35.00 
1893,แก้ไอ เสือดาว น้ำดำ 120ml (ก.1ขวด), 21.00 
1892,แก้ไอ เสือดาว น้ำดำ 180ml ขนาดพิเศษ (ขวด) (ขวด), 24.00 
1962,แก้ไอ เสือดาว น้ำดำ 60ml (ก.1ขวด) (ก.1ขวด), 17.16 
1962/3,แก้ไอ เสือดาว น้ำผึ้งมะนาว 120cc (ก.1ขวด) (ก.1ขวด), 30.50 
1962/1,แก้ไอ เสือดาว น้ำผึ้งมะนาว 60cc (ก.1ขวด), 26.50 
1962/4,แก้ไอ เสือดาว มะขามป้อม 60cc (ก.1ขวด), 12.25 
4175,แก้ไอ แสงดาว มะขามป้อม 120cc (ขวด), 13.00 
4176,แก้ไอ แสงดาว มะขามป้อม 60cc (ก.1ขวด), 9.25 
2904,แก้ไอ แสงสว่าง ตราค้างคาว 60cc (ก.1ขวด), 12.17 
3398,แก้ไอ อภัยภูเบศร์ มะขามป้อม 120ml (ขวด), 26.00 
3398/5,แก้ไอ อภัยภูเบศร์ มะขามป้อม 60ml (ขวด), 16.25 
2215,แก้ไอ อ้วยอัน เด็ก 60cc กล่องเหลือง มิสเตอร์เฮิร์บ (ก.1ขวด) (ก.1ขวด), 21.75 
4271/4,ขมิ้นชัน [ค้างคาว] 100s ขวด (ขวด), 53.75 
151560/7,ขมิ้นชันแคปซูล 10x10s [KMP] (ก.10แผง) (ก.10แผง), 98.00 
4271/1,ขมิ้นชัน [ดอกบัวหลวง บุญส่ง] ขวด60s 60บ (แพค12ขวด) (ขวด), 24.50 
17251/4,ขมิ้นชันตราดอกว่าน 100s [ขาวละออ] *ใหม่66บ (ขวด), 62.00 
17251/1,ขมิ้นชันผสมพริกไทยดำ เคอร์มิน500 พลัส 100s [ขาวละออ] *ปรับขึ้น มิย69 (ก.1ขวด), 96.50 
4274,ขมิ้นชัน พลัส สกัด [อ้วยอัน] ขวด60s 200บ (ขวด) (ขวด), 98.00 
4271,ขมิ้นชัน [อ้วยอัน] ขวด100s (แพค12ขวด) (ขวด) (ขวด), 57.75 
2808/2,ขมิ้นผงแท้ ตราใบแก้ว 400g (กล่อง), 57.00 
2808/1,ขมิ้นผงแท้ ตราใบแก้ว ซอง10g (ซอง), 3.40 
2809,ขมิ้นผงแท้ ตราโพธิ์แก้ว 150g (กล่อง), 30.75 
2810,ขมิ้นผงแท้ ตราโพธิ์แก้ว 400g (กล่อง), 67.00 
2808,ขมิ้นผงแท้ ตราโพธิ์แก้ว ซอง8g (ซอง), 3.50 
1390/1,ข้อเท้า L ANNIEGRIP BY TRIPLE-D ANKLE (ก.1ชิ้น), 77.00 
1388/1,ข้อเท้า M ANNIEGRIP BY TRIPLE-D ANKLE (ก.1ชิ้น), 77.00 
1389/1,ข้อเท้า S ANNIEGRIP BY TRIPLE-D ANKLE (ก.1ชิ้น), 77.00 
13911,ข้อเท้า XL ANNIEGRIP BY TRIPLE-D ANKLE (ก.1ชิ้น), 77.00 
1391/2,ข้อมือ L ANNIEGRIP BY TRIPLE-D WRIST (ก.1ชิ้น), 77.00 
1392/2,ข้อมือ M ANNIEGRIP BY TRIPLE-D WRIST (ก.1ชิ้น), 77.00 
1393/2,ข้อมือ S ANNIEGRIP BY TRIPLE-D WRIST (ก.1ชิ้น), 77.00 
1393/9,ข้อมือ SS ANNIEGRIP BY TRIPLE-D WRIST (ก.1ชิ้น), 77.00 
1391/4,ข้อมือ XL ANNIEGRIP BY TRIPLE-D WRIST (ก.1ชิ้น), 77.00 
1395/2,ข้อศอก ฟ้า size L (24-26) Anniegrip elbow [triple-D] แอนนี่กริบ (ก.1ชิ้น), 77.00 
1395/1,ข้อศอก ฟ้า size M (20-24) Anniegrip elbow [triple-D] แอนนี่กริบ (ก.1ชิ้น), 77.00 
1396/1,ข้อศอก ฟ้า size S (16-20) Anniegrip elbow [tripl [triple-D] แอนนี่กริบ **ใหม่75.50 มีซื้อเยอะ (ก.1ชิ้น), 77.00 
1395/3,ข้อศอก ฟ้า size XL (26-30) Anniegrip elbow [triple-D] แอนนี่กริบ **ใหม่75.50 มีโปรซื้อเยอะ (ก.1ชิ้น), 77.00 
161205,(ขาว) 100g ยาหม่อง โอสถทิพย์ (ขวด) (ขวด), 42.00 
161205/1,(ขาว) 200g ยาหม่อง โอสถทิพย์ จัมโบ้ (ขวด), 65.00 
1581,ขี้ผึ้ง 29A 29เอ (ก.12ขวด), 105.00 
1582/30,ขี้ผึ้ง 7ดาว สีชมพู ใหญ่ 30g มีโปรซื้อเยอะ (ก.1ตลับ), 27.50 
2852,ขี้ผึ้ง Analgesic [GPO] แก้ปวดบวม (ก.1ขวด), 20.00 
1582/3,ขี้ผึ้งKP88 เคพี88 12x7.5g (ก.12ขวด), 105.00 
13301/2,ขี้ผึ้ง สำหรับคนจัดฟัน (ตลับม่วง) รสบลูเบอรี่ ดร.ฟิลิป (แพค2ตลับ) (แพค2ตลับ), 45.00 
13301/3,ขี้ผึ้ง สำหรับคนจัดฟัน (ตลับใส) รสมะนาว ดร.ฟิลิป DENTAL WAX (แพค2ตลับ) (แพค2ตลับ), 45.00 
13301/1,ขี้ผึ้ง สำหรับคนจัดฟัน (ตลับใส) รสมินท์ ดร.ฟิลิป DENTAL WAX (แพค2ตลับ) (แพค2ตลับ), 45.00 
1582,ขี้ผึ้งสีชมพู-40 7ดาว เล็ก 12g 55บ เจ็ดดาว (แพค12ก.) มีโปรซื้อเยอะ (ก.1ตลับ), 21.50 
13191/1,เข็มเจาะ ตรวจวัดน้ำตาล (ก.ใหญ่50ชิ้น) [Sinocare SafeAQ และ SafeAQmaxIII] (ก50อัน) (ก.50ชิ้น), 25.00 
011/3,เข็มเจาะเลือด Accu-Chek Safe-T-Pro Uno 200ชิ้น (กล่อง) (กล่อง), 760.00 
1403/2,เข่า L ANNIEGRIP BY TRIPLE-D KNEE (ก.1ชิ้น), 91.00 
1404/2,เข่า M ANNIEGRIP BY TRIPLE-D KNEE (ก.1ชิ้น), 91.00 
1405/2,เข่า S ANNIEGRIP BY TRIPLE-D KNEE (ก.1ชิ้น), 91.00 
1403-1/1,เข่า XL ANNIEGRIP BY TRIPLE-D KNEE (ก.1ชิ้น), 91.00 
1878,เขากุย อ้วยอัน ขาว ลังใหญ่144 (ยกลัง12ข) (ลังเล็ก12ข), 405.00 
161204,(เขียว) 100g ยาหม่อง โอสถทิพย์ ใหญ่ [แม่กุหลาบ] (ขวด), 42.00 
161205/3,(เขียว) 200g ยาหม่อง โอสถทิพย์ จัมโบ้ (ขวด), 65.00 
13190/60,ครบเซ็ท เครื่องตรวจน้ำตาลในเลือด SinocareAQmaxIII ประกัน5ปีรวมเข็ม50แผ่นตรวจ50พร้อมปากกาเจาะ(ชุด) (ชุด), 545.00 
13190/50,ครบเซ็ท เครื่องตรวจน้ำตาลในเลือดSinocareประกัน5ปีรวมเข็ม50แผ่นตรวจ50พร้อมปากกาเจาะ(ชุด) (ชุด), 329.00 
655/11,ครีมกันแดดแบบกิน SMOOTH LIFE SUN DAY 360 ซัน เดย์ 360 1450mg 1x15s รอlotใหม่ (ก.15เม็ด), 352.00 
663/10,เครื่องคิดเลข HIRUDOID (ชิ้น), 200.00 
999/98,เครื่องชั่งน้ำหนักอัจฉริยะ ดิจิตัล PROSPER (เครื่อง), 365.00 
9999/95,เครื่องพ่นยาdwell รุ่น AXD-307 รูปหมี (เครื่อง) (เครื่อง)," 1,050.00 "
9999/97,เครื่องพ่นยา PROSPER รุ่น PN-102 ปรับระดับความแรงได้ (เครื่อง), 705.00 
9999/96,เครื่องพ่นยาyuwell รุ่น 405A (เครื่อง) มีโปรซื้อเยอะ (เครื่อง), 770.00 
132402/8,เครื่องวัดความดัน CITIZEN CH-452-AC สาย รัด22ถึง32cm ประกัน7ปี โปร10-31มีค69 ลด50บ (เครื่อง), 935.00 
132402/13,เครื่องวัดความดัน HEALTH IMPACT รุ่นDBP-1318 สายรัด22ถึง36cm มีเสียง ประกัน5ปี (เครื่อง), 495.00 
1181/2,เครื่องวัดความดัน OMRON 7156A ไม่มีบลูทูธ ประกัน5ปี (เครื่อง) (เครื่อง)," 1,935.00 "
1181/20,เครื่องวัดความดัน OMRON 7156 ไม่มีบลูทูธ ประกัน5ปี (เครื่อง) (เครื่อง)," 1,935.00 "
1181/1,เครื่องวัดความดัน OMRON HEM 7120 [22ถึง33cm] adaptor พร้อม ถ่าน ประกัน5ปี(เครื่อง) (เครื่อง)," 1,275.00 "
1181/11,เครื่องวัดความดันOMRON HEM 7183 [L 22ถึง42cm]adaptorพร้อมถ่าน ฟ้า ประกัน5ปี (เครื่อง) (เครื่อง)," 1,450.00 "
1181/10,เครื่องวัดความดันOMRON HEM 7183 [M 22ถึง33cm]adaptorพร้อมถ่าน ฟ้า ประกัน5ปี (เครื่อง) (เครื่อง)," 1,280.00 "
132402/6,เครื่องวัดความดัน yuwell รุ่นYE 660B สายรัด22ถึง33cm ประกัน5ปี (เครื่อง) (เครื่อง), 540.00 
132402/4,เครื่องวัดความดัน yuwell รุ่นYE660D สายรัด22ถึง33cm ประกัน5ปี (เครื่อง) (เครื่อง), 499.00 
132402/7,เครื่องวัดความดัน yuwell รุ่นYE 660E สายรัด22ถึง45cm มีเสียงไทย ประกัน5ปี (เครื่อง), 709.00 
132402/3,เครื่องวัดความดัน กล่องแดง AMA รุ่น FT C03 สายรัด L 24-48cm [SOS plus] ประกัน 7ปี (เครื่อง) (ก.1เครื่อง), 760.00 
132402/5,เครื่องวัดความดัน กล่องน้ำเงิน รุ่นU80NH สายรัด22-42cm sizeL [SOS plus]ประกัน7ปี(เครื่อง) (เครื่อง), 825.00 
132402/9,เครื่องวัดความดัน รุ่น AES-U111 สายรัด22-42cm [Sinocare]ประกัน1ปี (เครื่อง) *ใหม่ 545 (เครื่อง), 518.00 
132402/12,เครื่องวัดความดัน รุ่นC03 สายรัด22-40cm [Maxxlife] ประกัน1ปี (เครื่อง), 825.00 
132402/10,เครื่องวัดออกซิเจน PORSPER ประกัน2ปี (เครื่อง) (เครื่อง), 460.00 
132402/11,เครื่องวัดออกซิเจน YIMI LIFE ประกัน1ปี YM201 (เครื่อง), 388.00 
132402/15,เครื่องวัดออกซิเจน yuwell รุ่นYX110 ประกัน2ปี หน้าจอขาว (เครื่อง) (เครื่อง), 499.00 
132402/16,เครื่องวัดอุณหภูมิแบบอินฟาเรด yuwell รุ่นYT-2 ประกัน2ปี ยิงหน้าผาก (เครื่อง), 760.00 
707/1,แคปซูลเปล่า CAPSULE เบอร์ 0 ใส ถุง1000s (ถุง) (ถุง), 97.00 
707,แคปซูลเปล่า CAPSULE เบอร์ 0 ใส ถุง1000s (ถุง) (ถุง), 97.00 
707/2,แคปซูลเปล่า CAPSULE เบอร์ 1 ใส ถุง1000s (ถุง) (ถุง), 97.00 
4001,จับเลี้ยงชง ปลาเบ็ด (50x10g)**ใหม่325.25บ (ก.50ซอง), 318.00 
4005,จับเลี้ยงชง ปลาเบ็ด 5x10g (ก.5ซอง), 39.00 
2150-1,จิงโจ้ 300ml EUCALYPTUS SPRAY KANGAROO (กระป๋อง), 188.00 
2152-1,จิงโจ้ oil 28ml EUCALYPTUS OIL KANGAROO (ก.1ขวด), 68.50 
2154-1,จิงโจ้ oil 56ml EUCALYPTUS OIL KANGAROO (ก.1ขวด), 125.00 
2153-1,จิงโจ้ oil 8.5ml EUCALYPTUS OIL KANGAROO (ก.1ขวด), 32.25 
1329,จิ่วเจิ้งปู่เซินเจียวหนัง 1x6s **ใหม่174 (ก.1แผง), 171.00 
1329/1,จิ่วเจิ้งปู่เซินเจียวหนัง ซอง1เม็ด (ซอง) รหัส 1329/1 (ซอง), 25.00 
1329/2,จิ่วเจิ้งปู่เซินเจียวหนัง เอสวัน 1x6s รุ่นใหม่ มีทะเบียนยา (ก.1แผง), 173.00 
1800/1,จุกล้างจมูก ANB [แบบนุ่ม] ก.1ชิ้น (ก.1ชิ้น), 24.50 
13402,จุกล้างจมูก SOFCLENS TNP ก.2ชิ้น (ยกกล่อง12x2ชิ้น) 45บ (ก.2ชิ้น) (ก.2ชิ้น), 24.50 
1674,ชวนป๋วยปี่แปกอ 150ml (ก.1ขวด), 91.00 
1676,ชวนป๋วยปี่แปกอ 300ml (ก.1ขวด), 144.00 
1675,ชวนป๋วยปี่แปกอ 75ml (ก.1ขวด), 61.50 
1670,ชวนป๋วยปี่แปกอ ซอง 6x10ml (ก.6ซอง), 61.50 
6662/1,ช้อนส้อม nutroplex oligo (ชิ้น), 20.00 
3319,ชิกหลี่ซั้ว หลอดไฟ (กล่อง) (กล่อง), 316.00 
13191/50,ชุด DUO แผ่นตรวจน้ำตาล50 เข็มเจาะ50 วัดน้ำตาล (ชุดใหญ่50+50) [Sinocare Safe AQ] (ชุด) (ชุด), 280.00 
13353/37,ชุดตรวจ AURAMED atk 6in1 FLUA/B COVID RSV ADENO HMPV (ก.1ชุด), 73.00 
101916,ชุดตรวจ ไข้หวัดใหญ่ A/B และเชื้อ RSV (กล่อง1ชุด) มีโปรซื้อเยอะ (ก.1ชุด), 46.50 
19062,ชุดตำราหลวง GPO 7รายการ (กล่อง) (กล่อง), 67.00 
1102/1,ชุดทำแผลปลอดเชื้อ BIOPLAST 1x12s Dressing Set (ก.12ซอง), 115.00 
2488,ชุดทำแผล ปลอดเชื้อ ลองเมด (ยกกล่อง12ชุด ลัง24กล่อง) KLEANSET (กล่อง) (ก.12ชุด), 110.00 
1800/6,ชุดปฐมพยาบาลเบื้องต้น M1 FIRST AID KITS SOS พลาสเตอร์24ชิ้น (ก.1ชุด) (ก.1ชุด), 36.00 
302050,ซองกระดาษ ใส่ยา มัด100ใบ ถุงกระดาษ (มัด) มีโปรซื้อเยอะ (มัด100), 12.00 
61/14,ซองกันน้ำสงกรานต์แบบหนา DINO (ชิ้น) 61/14 (ชิ้น), 49.00 
302050/12,ซองหนัง FBC แม่เหล็ก คละสี (ซอง), 100.00 
99995/1,ซิลิโคนอุดหู 3M NRR.25db Reusable Earplugs 1คู่ (ก.1ชิ้น) รหัส 99995/1 ล (ก.1ชิ้น), 70.25 
3460,โซดาผง อ๊าค 227g [สหการ] แพค6 (ขวด) รหัส 3460 (กล่อง), 20.50 
2189/33,โซฟี แอล sofe aile แผ่นซึมซับปัสสาวะ 50cc 6ห่อx10ชิ้น มีโปรซื้อเยอะ (แพค60ชิ้น), 313.00 
2-96/1,ไซริงค์แก้ว 50cc [NR] HIIGH BOROSILICATE GLASS SYRINGE (ก.1อัน), 185.00 
1606/1,ดอกไม้ขาว เขียว 10ml (ก.1ขวด) (ก.1ขวด), 65.50 
1606,ดอกไม้ขาว น้ำเงิน 5ml ใหญ่ (ก.1ขวด) **ขายขาด (ก.1ขวด), 43.50 
1601/3,ด่างทับทิม เกล็ด ตราคนตีเสือ 400g (กระปุก), 165.00 
1603,ด่างทับทิม ค้างคาว ลัง4 (ปอนด์) (ปอนด์), 107.00 
2-336,ด่างทับทิม ค้างคาว เล็ก (ขวด) (ขวด), 8.17 
1601/1,ด่างทับทิม วิทยาศรม 10g (ก.12ข), 122.00 
7202,ดินสอสี tempra (ชิ้น), 100.00 
1607,ดูดน้ำมูก หัวพลาสติก canton แพค12 (ใบ) รหัส 1607 (ก.1ใบ), 18.50 
13353/9,ตรวจโควิด [Flowflex] ก.เขียว 2in1 1test ลัง240 ATK COVID-19 (ก.1ชุด), 31.00 
13352/21,ตรวจโควิดGOLDEN ATK COVID-19 1:1 (ก.1ชุด), 19.00 
13352/10,ตรวจโควิดHip 2in1 1test ATK COVID-19 (ก.1ชุด), 13.25 
13352/12,ตรวจโควิดLOC 2in1 1test ATK COVID-19 (ก.1ชุด), 17.00 
13352/14,ตรวจโควิดSingclean (WILBUR) 2in1 1test ATK COVID-19 **ขายขาด (ก.1ชุด), 15.50 
3826,ตรวจตั้งครรภ์ เขียวหยด LONGMED pregnancy (ก.1ชุด), 10.80 
3827/2,ตรวจตั้งครรภ์ (จุ่ม) Origin [ทรูไลน์เมด] ลัง600 (ก.1ชุด) *ปรับขึ้น มิย69 (ก.1ชุด), 6.00 
3826/8,ตรวจตั้งครรภ์ ตรวจอายุครรภ์ ปากกา NANO Pregnancy GESTATION AGE (ก.1ชุด), 91.00 
3827,ตรวจตั้งครรภ์ ฟ้าจุ่ม LONGMED pregnancy รหัส 3827 (ก.1ชุด), 6.80 
3826/2,ตรวจตั้งครรภ์ (หยด) Origin [ทรูไลน์เมด] แพค10ก**ราคาพิเศษ** ปรับขึ้น มิย69 (ก.1ชุด), 9.70 
3828/8,ตรวจสารเสพติด CHEMTRUE ยาบ้า จุ่ม กล่องเดี่ยว แพค10ก พร้อมถ้วยเก็บปัสสาวะ *ปรับขึ้น มิย69 (กล่อง), 16.50 
3828/10,ตรวจสารเสพติด CHEMTRUE ยาบ้า หยด กล่องเดี่ยว **มีโปรซื้อเยอะ *ปรับขึ้นมิย69 รอlotใหม่ (ก.1ชุด), 18.75 
3828/6,ตรวจสารเสพติด กระท่อม KRA (หยด) 165บ [MAG น้ำเงิน] (ก.1ชุด), 95.00 
3828/51,ตรวจสารเสพติด กล่องน้ำเงิน 3in1 ยาบ้า กระท่อม กัญชา (ก.1ชุด), 141.00 
3828/52,ตรวจสารเสพติด กล่องม่วง 2in1 ยาบ้า ยาเค (ก.1ชุด), 73.00 
3828/3,ตรวจสารเสพติด กัญชา THC (หยด) 150บ [MAG กล่องเขียว] แพค10 (กล่อง), 41.50 
3828/7,ตรวจสารเสพติด เคตามีน KET (หยด) 165บ [MAG เทา] (ก.1ชุด), 49.00 
3828/4,ตรวจสารเสพติด โคเคน COC (หยด) 165บ [MAG กล่องฟ้า] (กล่อง), 46.50 
3828/5,ตรวจสารเสพติด มอร์ฟิน MOR (หยด) 165บ [MAG กล่องแดง] (กล่อง), 46.50 
3828/50,ตรวจสารเสพติด ยาบ้า จุ่ม Strip MAG กล่อง50ชุด พร้อมถ้วยเก็บปัสสาวะ (ก.50ชุด), 585.00 
3828,ตรวจสารเสพติด ยาบ้า หยด MAG ตลับสีม่วง แพค10 (กล่อง) (ก.1ชุด), 19.75 
90001,ตลับใส่ยา 7ช่อง สีดำ ตลับยา (อัน), 15.00 
90002,ตลับใส่ยากลม 8ช่อง สีขาว ตลับยา (อัน), 17.00 
90004,ตลับใส่ยา พร้อมกล่อง มี7วันx3ช่อง สีดำ ตลับยา (กล่อง), 140.00 
2593/1,ตะไคร้หอม กันยุง สเปรย์ [เมอร์ซี่] 120ml 90บ (ขวด) (ขวด), 61.00 
9999/31,เตียงคนไข้ มือหมุน 2ไกร์ ราวสไลด์ โครงสร้างเหล็กคาร์บอน รุ่น M201-J รับน้ำหนักได้260กก (อัน)," 11,500.00 "
9999/32,เตียงคนไข้ มือหมุน 3ไกร์ ราวสไลด์ เสา โต๊ะ โครงสร้างเหล็กคาร์บอน รุ่น M301-C (อัน)," 16,500.00 "
7467,ถุงกระสอบหมอหมอมี ใบใหญ่ (ใบ), 200.00 
1632,ถุงซิบ Rx กลาง 7x10ซม. (ห่อ*100ใบ) [กระสอบ300ห่อ] (ห่อ) (ซอง100ใบ), 11.10 
1631,ถุงซิบ Rx เล็ก 6x8ซม (ห่อ*100ใบ) [กระสอบ400ห่อ] (ห่อ) (ซอง100ใบ), 10.40 
1633,ถุงซิบ Rx ใหญ่ 8x12ซม (ห่อ*100ใบ) [กระสอบ200ห่อ] (ห่อ) (ซอง100ใบ), 15.50 
2797,ถุงซิบ (สีชาทึบ) 7x10ซม ห่อ1กิโล [กระสอบ25กิโล] (กิโล) (กิโล), 111.00 
2796,ถุงซิบ (สีชาทึบ) 8x12ซม ห่อ1กิโล (กิโล), 111.00 
131510,ถุงซิบ (ใส) 10x15ซม ห่อ1กิโล [กระสอบ25กิโล] (กิโล) (กิโล), 122.00 
131217,ถุงซิบ (ใส) 12x17ซม ห่อ1กิโล (กิโล), 122.00 
131320,ถุงซิบ (ใส) 13x20ซม ห่อ1กิโล (กิโล), 122.00 
132030,ถุงซิบ (ใส) 20x30ซม ห่อ1กิโล (กิโล), 122.00 
3883/35,ถุงซิบ (ใส) 3x5ซม ห่อ1กิโล [กระสอบ25กิโล] (1กิโล) (กิโล), 175.00 
3883,ถุงซิบ (ใส) 4x6ซม (จิ๋ว) ห่อ1กิโล (กิโล), 125.00 
13155,ถุงซิบ (ใส) 5x7ซม ห่อ1กิโล (กิโล) (กิโล), 125.00 
130608,ถุงซิบ (ใส) 6x8ซม ห่อ1กิโล (กิโล), 125.00 
130608/7,ถุงซิบ (ใส) 7x10ซม ห่อ1กิโล (กระสอบ25กิโล) (กิโล) (กิโล), 122.00 
130812,ถุงซิบ (ใส) 8x12ซม ห่อ1กิโล (กิโล), 122.00 
1398/13,ถุงน่องเส้นเลือดขอด size L DUOMED CALF Open TOE CALF Cl.2 36-42cm *ใหม่1350 (ก.1ชิ้น)," 1,192.00 "
1398/12,ถุงน่องเส้นเลือดขอด size M DUOMED CALF Open TOE CALF Cl.2 32-38cm (ก.1ชิ้น)," 1,350.00 "
1398/11,ถุงน่องเส้นเลือดขอด size S DUOMED CALF Open TOE CALF Cl.2 28-34cm *ใหม่ 1350 (ก.1ชิ้น)," 1,179.00 "
1398/14,ถุงน่องเส้นเลือดขอด size XL DUOMED CALF Open TOE CALF Cl.2 40-46cm *ใหม่ 1350 (ก.1ชิ้น)," 1,210.00 "
1398/15,ถุงน่องเส้นเลือดขอด size XXL DUOMED CALF Open TOE CALF Cl.2 42-50cm *ใหม่1350 (ก.1ชิ้น)," 1,179.00 "
8292/1,ถุงมือ L ไม่มีแป้ง 100ชิ้น NITRILE สีฟ้า PP CARE GLOVES มีโปรซื้อเยอะ (ก.100ชิ้น), 106.00 
8291/1,ถุงมือ M ไม่มีแป้ง100ชิ้น NITRILE สีฟ้า PP CARE GLOVES มีโปรซื้อเยอะ (ก.100ชิ้น), 106.00 
50004/1,ถุงมือ S 100ชิ้น FREELOX GLOVES ฟรีล็อค (ก.100ชิ้น), 82.00 
8289/1,ถุงมือ S ไม่มีแป้ง 100ชิ้น NITRILE สีฟ้า PP CARE GLOVES มีโปรซื้อเยอะ (ก.100ชิ้น), 106.00 
2702/1,ถุงมือ ซาโตรี่ L (SATORY GLOVES) (ก.100ชิ้น), 103.00 
2704/6,ถุงมือซาโตรี่ L ไม่มีแป้ง 100ชิ้น GLOVES กล่องน้ำตาล (ก.100ชิ้น), 117.00 
2703/1,ถุงมือ ซาโตรี่ M (SATORY GLOVES) (ก.100ชิ้น), 103.00 
2704/5,ถุงมือซาโตรี่ M ไม่มีแป้ง 100ชิ้น GLOVES กล่องน้ำตาล (ก.100ชิ้น), 117.00 
2704/1,ถุงมือ ซาโตรี่ S (SATORY GLOVES) (ก.100ชิ้น), 103.00 
2704/4,ถุงมือซาโตรี่ S ไม่มีแป้ง 100ชิ้น GLOVES กล่องน้ำตาล (ก.100ชิ้น), 117.00 
2705/1,ถุงมือ ซาโตรี่ XS (SATORY GLOVES) (ก.100ชิ้น), 103.00 
2702/2,ถุงมือ โปรโกลฟ L (PRO GLOVES) (ก.100ชิ้น), 95.00 
2703/2,ถุงมือ โปรโกลฟ M (PRO GLOVES) (ก.100ชิ้น), 95.00 
2704/2,ถุงมือ โปรโกลฟ S (PRO GLOVES) (ก.100ชิ้น), 95.00 
8292,ถุงมือ ไม่มีแป้ง L ไนไตร สีดำ (KLEANGLOVE NITRILE BLACK) (ก.100ชิ้น), 106.00 
8287,ถุงมือ ไม่มีแป้ง L ไนไตร สีฟ้า (KLEANGLOVE NITRILE PASTEL BLUE) (ก.100ชิ้น), 106.00 
8291,ถุงมือ ไม่มีแป้ง M ไนไตร สีดำ (KLEANGLOVE NITRILE BLACK) (ก.100ชิ้น), 106.00 
8288,ถุงมือ ไม่มีแป้ง M ไนไตร สีฟ้า (KLEANGLOVE NITRILE PASTEL BLUE) (ก.100ชิ้น), 106.00 
8290,ถุงมือ ไม่มีแป้ง S ไนไตร สีดำ (KLEANGLOVE NITRILE BLACK) (ก.100ชิ้น), 106.00 
8289,ถุงมือ ไม่มีแป้ง S ไนไตร สีฟ้า (KLEANGLOVE NITRILE PASTEL BLUE) (ก.100ชิ้น), 106.00 
8295,ถุงมือ ไม่มีแป้ง XL ไนไตร สีดำ (KLEANGLOVE NITRILE BLACK) (ก.100ชิ้น), 106.00 
8294,ถุงมือ ไม่มีแป้ง XL ไนไตร สีฟ้า (KLEANGLOVE NITRILE PASTEL BLUE) (ก.100ชิ้น), 106.00 
3760/6,ถุงมือ ศรีตรังโกลฟส์ size L (SRI TRANG GLOVES) (ก.100ชิ้น), 102.00 
3760/5,ถุงมือ ศรีตรังโกลฟส์ size M (SRI TRANG GLOVES) (ก.100ชิ้น), 102.00 
3760/4,ถุงมือ ศรีตรังโกลฟส์ size S (SRI TRANG GLOVES) (ก.100ชิ้น), 102.00 
3760/7,ถุงมือ ศรีตรังโกลฟส์ size XS (SRI TRANG GLOVES) (ก.100ชิ้น), 102.00 
1/5/3760,ถุงมือ ไฮแคร์เซนส์ size M (HYCARE SENS) (ห่อ10ชิ้น), 37.50 
3096/1,ถุงยาง APOLLO 49mm (ก.100ชิ้น) อพอลโล (ก.100ชิ้น), 310.00 
3096/2,ถุงยาง APOLLO MAJOR 52mm (ก.100ชิ้น) อพอลโล (ก.100ชิ้น), 345.00 
493/1,ถุงยาง DUREX AIRY CONDOM แอรี่ 52mm 2EA/BOX (ก.2ชิ้น), 63.25 
494/1,ถุงยาง DUREX CHOCOLATE 52.5mm 1x3p (ก.3ชิ้น), 58.50 
2980,ถุงยาง DUREX COMFORT 56mm 1x3p (ก.3ชิ้น), 70.00 
2453,ถุงยาง DUREX EXCITA 53mm 1x3p (ก.3ชิ้น), 44.50 
493,ถุงยาง DUREX FETHERLITE 52.5mm 1x3p (ก.3ชิ้น), 65.00 
3096,ถุงยาง DUREX KINGTEX 49mm 1x3p (ก.3ชิ้น), 35.00 
4302,ถุงยาง DUREX LOVE 52.5mm 1x3p (ก.3ชิ้น), 35.00 
745/1,ถุงยาง DUREX PROTECT 52.5mm 1x3p (ก.3ชิ้น), 34.50 
739,ถุงยาง DUREX SENSATION 52mm 1x3p (ก.3ชิ้น), 58.50 
494,ถุงยาง DUREX STRAWBERRY 52.5mm 1x3p (ก.3ชิ้น), 58.50 
493/9,ถุงยาง DUREX TH DUAL PLEASURE 56mm 1x3p (ก.3ชิ้น), 85.25 
745,ถุงยาง DUREX TH PERFORMA 52mm 1x3p (ก.3ชิ้น), 65.50 
762,ถุงยาง LifeStyles Fantasy (52mm) (ก.3ชิ้น) (ก.3ชิ้น), 18.00 
760,ถุงยาง LifeStyles Intouch (52mm) กล่อง3ชิ้น แพคโหล (ก.3ชิ้น.) บ เลิก (ก.3ชิ้น), 21.00 
765,ถุงยาง LifeStylesLoveTime (52mm) ชลอการหลั่ง [benzocaine 4.5%] (ก3ชิ้น) (ก.3ชิ้น), 21.00 
768,ถุงยาง LifeStyles MAX (54mm)12 (ก.3ชิ้น) (ก.3ชิ้น), 21.00 
764,ถุงยาง LifeStyles Mixed Berry (49mm) กล่อง3ชิ้น (ก.3ชิ้น) บ เลิก (ก.3ชิ้น), 20.25 
766,ถุงยาง LifeStyles sensitive (52mm) (ก.3ชิ้น) (ก.3ชิ้น), 21.25 
763-1,ถุงยาง LifeStyles Studded (52mm) (ก.3ชิ้น) (ก.3ชิ้น), 21.25 
2621,ถุงยาง SILKE ซิลค์ ขนาด49มม สีแดง (ก.3ชิ้น) (ก.3ชิ้น), 7.75 
0-2,ถุงหิ้ว พลาสติก เล็ก (แพค50ใบ) 0-2 (แพค), 16.00 
2292/5,เถาวัลย์เปรียง 200mg GPO 6x10s (ก.1ขวด), 486.00 
2292/3,เถาวัลย์เปรียง อภัยภูเบศน์ 70s (ขวด) (ขวด), 61.50 
1646,ทัมใจ ผง 100ซอง (ก.100ซอง) บ ขาด (ก.100ซอง), 156.00 
2460,ทิงเจอร์ไอโอดีน วิทยาศรม 15ml (ก.12ข), 102.50 
2461,ทิงเจอร์ไอโอดีน วิทยาศรม 30ml (ก.12ขวด), 151.00 
30100/1,ทิชชู่ Biocoxib (กล่อง), 20.00 
30100/2,ทิชชู่ pop-up SOLMAX (กล่อง), 20.00 
961753/1,ทิชชู่ เปียก 1x20s G SurePlus 200x160mm (ห่อ20แผ่น), 6.75 
961753/4,ทิชชู่ เปียก 1x20s OVIVA organic baby wipes 200x150mm มีโปรซื้อเยอะ (แพคคู่), 20.50 
961753/5,ทิชชู่ เปียก 1x20s PAULINE 200x140mm (ห่อ20แผ่น), 23.50 
961753/2,ทิชชู่ เปียก 1x40s G SurePlul 200x160mm มีฝาล็อก มีโปรซื้อเยอะ (ห่อ40แผ่น), 14.50 
961753/3,ทิชชู่ เปียก 1x80s G SurePlul 200x160mm มีฝาล็อก มีโปรซื้อเยอะ (ห่อ80แผ่น), 26.00 
4233/99,ทิชชู่เปียก rebac (ชิ้น), 20.00 
6982/98,ทิชชู่เปียก คละแบบ (ชิ้น), 20.00 
2189/65,ทิชชูเปียก คุริโนะ KURINO Baby Wipes Extra ห่อม่วง60แผ่น (ห่อ60ชิ้น), 30.00 
99999/99,ทิชชู่เปียก เทมปร้า (ชิ้น), 20.00 
30100,ทิชชู่ พรีม แอนนี่ลินท์ คาเมลล่า Tissue ซื้อเยอะ (ลัง36กล่อง) (กล่อง), 15.00 
07969/10,ที่ตัดเม็ดยา GALE (อัน), 29.00 
9999/98,ที่นอนลมไฟฟ้า ปั๊มลม แบบรังผึ้ง 100x243x6.5cm Altem (ชิ้น) (ชิ้น)," 1,545.00 "
9999/99,ที่นอนลมไฟฟ้า ปั๊มลม แบบลอน22ลอน 90x200x9cm Altem (ชิ้น) (ชิ้น)," 3,760.00 "
5167,ที่ปั้มนมก้านโยก (ชนิดเก็บ) บ ขาด (ใบ), 178.00 
999,ที่ห้อยพวงกุญแจ TEVA (ชิ้น), 30.00 
93110/6,โทมอนท์ 10mg 4x7s (ก.4แผง), 205.00 
93110/5,โทมอนท์ 5g เคี้ยว CHEWABLE 5mg 4x7s บ เลิก (ก.4แผง), 339.00 
1565,ธาตุน้ำขาวตราไทยนคร 200ml (ขวด), 46.50 
1565/2,ธาตุน้ำขาวตราไทยนคร 50ml (ขวด), 14.50 
1565/1,ธาตุน้ำขาวตราไทยนคร ซอง 24x15ml (ก.24ซอง), 144.50 
1563/1,ธาตุน้ำขาวตราองค์การ 200ml *ใหม่42.50 (ขวด), 41.00 
1565/4,ธาตุน้ำขาวห่านคู่ 200ml **ราคาพิเศษ (ขวด), 40.00 
19042,ธาตุน้ำแดง [GPO] 180ml (ขวด), 31.00 
124850/11,นม COLOSURE 400g รสวนิลลา (กระป๋อง), 375.00 
124850/12,นม COLOSURE 800g รสวนิลลา (กล่อง), 735.00 
124850/10,นม COLOSURE กล่อง 50gx6ซอง รสวนิลลา (ก.6ซอง), 359.00 
121403/2,นม Ensure 380g Almond (Plant based) (กระป๋อง), 445.00 
1412400/1,นมEnsure 400g ช็อคโกแลต (ลัง24กระป๋อง) เอนชัวร์ (กระป๋อง) (กระป๋อง), 445.00 
121403/1,นมEnsure 400g รสกาแฟ เอนชัวร์ (กระป๋อง) (กระป๋อง), 445.00 
121403/3,นม Ensure Gold 380g Almond (Plant based) (กระป๋อง), 480.00 
2412850/5,นม Ensure Gold 800g Almond (Plant based) (กระป๋อง), 875.00 
121403/4,นม Ensure Gold 800g กาแฟ (ลัง12) เอนชัวร์ ซื้อเยอะ (กระป๋อง) มีโปรซื้อเยอะ *ใหม่840 (กระป๋อง), 820.00 
124850/1,นม Ensure Gold 800g ธัญพืช หวานน้อย เอนชัวร์ (กระป๋อง)มีโปรซื้อเยอะ *ใหม่840 (กระป๋อง), 820.00 
1412850/1,นม Ensure Gold 800g วานิลลา เอนชัวร์ (กระป๋อง) มีโปรซื้อเยอะ **ใหม่840 (กระป๋อง), 820.00 
125850/1,นม Ensure Gold 850g รสซ๊อกโกแลต เอนชัวร์ (กระป๋อง) มีโปรซื้อเยอะ *ใหม่840 (กระป๋อง), 820.00 
1412850/12,นม Ensure Gold AdvancePro 380g Chocolate (กระป๋อง), 480.00 
121402,นม Ensure Gold AdvancePro380g กาแฟ (กระป๋อง), 480.00 
1412850/13,นม Ensure Gold AdvancePro 380g ธัญพืช เอนชัวร์ (กระป๋อง) (กระป๋อง), 480.00 
1412400,นม Ensure Gold AdvancePro380g วานิลลา เอนชัวร์ **โฉมใหม่ (กระป๋อง), 480.00 
2412850/2,นม Ensure Gold Advance Pro 800g Chocolate (กระป๋อง), 875.00 
2412850/4,นม Ensure Gold Advance Pro 800g กาแฟ (กระป๋อง), 875.00 
224850/1,นม Ensure Gold Advance Pro 800g ธัญพืช หวานน้อย (กระป๋อง), 875.00 
2412850/1,นม Ensure Gold Advance Pro 800g วานิลลา (กระป๋อง), 875.00 
224850/8,นม Ensure Gold Advance Pro กล่อง 370gx3ถุง ธัญพืช (ก.3ถุง)," 1,155.00 "
2412850/7,นม Ensure Gold Advance Pro กล่อง 370gx3ถุง วานิลลา (ก.3ถุง)," 1,155.00 "
124850/9,นม Ensure Gold กล่อง 370gx3ถุง Almond (Plant based) (ก.3ถุง)," 1,155.00 "
1412400/2,นม Entrasol Platinum 400g วานิลลา เอนทราซอล (กระป๋อง) (กระป๋อง), 276.00 
1412400/4,นม Entrasol Platinum 800g วานิลลา เอนทราซอล (กระป๋อง), 542.00 
126850/7,นม Glucerna Plus ธัญพืช 800g (ลัง12) กลูเซอนา พลัส **ใหม่1125 (กระป๋อง)," 1,069.00 "
126850/4,นม Glucerna SR วานิลลา 380g (กระป๋อง) (กระป๋อง), 582.00 
126850/8,นม Glucerna SR วานิลลา 800g (ลัง12) กลููเซอนา เอสอาร์ (กระป๋อง) **ใหม่1125 (กระป๋อง)," 1,069.00 "
2412850/3,นม Glucerna กล่อง 370gx3ถุง วานิลลา กลูเซอน่า (ก.3ถุง) **ใหม่ 1475บ (ก.3ถุง)," 1,400.00 "
1412850/3,นม Glucerna กล่อง 400gx3ถุง วานิลลา กลูเซอน่า (ก.3ถุง) **ใหม่ 1475บ (ก.3ถุง)," 1,400.00 "
1412400/3,นม Neo-Mune 400g มะเร็ง วานิลลา นีโอ-มูน **ขายขาด (กระป๋อง), 411.00 
1412400/5,นม ONCE Renal 400g วนิลลา (Otsuka) อาหารสูตรคนก่อนล้างไต **ขายขาด (กระป๋อง), 298.00 
1970/5,นมอัดเม็ด FIT DHA Lysine รสโกโก้ [Tuna Oil Complex] 10gx12ซอง (ก.12 ซอง), 241.50 
1970/6,นมอัดเม็ด รสช็อกโกแลต ก.น้ำตาล [Milky D เจ็ดดาว] 24ซอง*8s มิวกี้ดี (ก.24ซอง) มี (ก.24ซอง), 169.00 
1970/8,นมอัดเม็ด รสช็อคโกแลต ก.น้ำตาล [Milk Milk] 24ซองx15s (ก.24ซอง) (ก.24ซอง), 271.00 
1970/4,นมอัดเม็ด รสนม ก.น้ำเงิน [Milky D เจ็ดดาว] 24ซอง*8s มิวกี้ดี (ก.24ซอง) (ก.24 ซอง), 169.00 
1970/3,นมอัดเม็ด รสนมชมพู ก.ชมพู [Milky D เจ็ดดาว] 24ซอง*8s มิวกี้ดี (ก.24ซอง) (ก.24ซอง), 169.00 
1970/2,นมอัดเม็ด รสมอลต์ ก.น้ำตาลอ่อน [Milky D เจ็ดดาว] 24ซอง*8s มิวกี้ดี (ก.24ซอง) (ก.24ซอง), 169.00 
1970/7,นมอัดเม็ด รสหวาน ก.น้ำเงิน [Milk Milk] 24ซองx15s (ก.24ซอง) (ก.24ซอง), 271.00 
1398/6,น่อง ชมพู size L (24-26) Anniegrip CALF [triple-D] แอนนี่กริบ (ก.1ชิ้น), 95.00 
1398/5,น่อง ชมพู size M (20-24) Anniegrip CALF [triple-D] แอนนี่กริบ (ก.1ชิ้น), 95.00 
1398/4,น่อง ชมพู size S (16-20) Anniegrip CALF [triple-D] แอนนี่กริบ (กล่อง) (ก.1ชิ้น), 95.00 
1398/7,น่อง ชมพู size XL (26-30) Anniegrip CALF [triple-D] แอนนี่กริบ (ก.1ชิ้น), 95.00 
1685/4,นางพยาบาล ผ้าก๊อซ8Ply 2x2นิ้ว Gauze 20x5s (ก.20ห่อ), 63.50 
1685/3,นางพยาบาล ผ้าก๊อซ8Ply 3x3นิ้ว Gauze 20x5s (ก.20ห่อ), 88.50 
1685/5,นางพยาบาล ผ้าก๊อซ8Ply 4x4นิ้ว Gauze 20x5s (ก.20ห่อ), 134.50 
1762/2,นางพยาบาล สำลีก้าน 100ก้านใหญ่ COTTON BUD (ซอง), 7.75 
1762/4,นางพยาบาล สำลีก้านกระปุก 100ก้านใหญ่ COTTON BUD (กระปุก), 14.50 
1762/3,นางพยาบาล สำลีก้านเล็ก 100ก้านเล็ก จิ๋ว mini COTTON BUD (ซอง), 10.00 
1183/1,นาโนเมด OVULATION TEST STRIP ชุดทดสอบหาวันตกไข่ 5test 230บ (จุ่ม) (ก.5ชิ้น), 79.00 
131810/2,น้ำกลั่น 1000ml ดัมเบล Aqua kare swi (ขวด) รหัส 131810/2 (ขวด), 31.00 
131810/4,น้ำกลั่น 1000ml ดัมเบล เขียว SWI (ขวด) ไทยนคร (ขวด), 28.50 
131810/3,น้ำกลั่น 1000ml ดัมเบล ฟ้า SWIR (ขวด) (ขวด), 31.50 
1799,น้ำเกลือจุกแหลม 100ml KLEAN&KARE NORMAL KARE NSS (ขวด), 25.25 
2-440,น้ำเกลือจุกแหลม 500mlKLEAN&KARE NORMAL KARE NSS (ขวด), 36.00 
131811,น้ำเกลือ ถุุง1000ml ARI ป้ายเหลือง [TNP] (ถุง) (ถุง), 42.50 
131811/1,น้ำเกลือ ถุุง1000ml Lactate Ringer (LR) ป้ายเหลือง [ANB] (ถุง) (ถุง), 42.25 
131811/2,น้ำเกลือ ถุุง1000ml NSS0.9% ISOTONIC ป้ายแดง [ANB] (ถุง) (ถุง), 30.00 
1155/2,น้ำเกลือล้างจมูก CLEANOZE ชุดอุปกรณ์ล้างจมูก แถม เกลือ 2.265gx5s (ก.1ชุด), 85.00 
1155/3,น้ำเกลือล้างจมูก CLEANOZE รีฟิลเกลือ 2.265gx20s (กล่อง) (ก.20ซอง), 85.00 
1664,น้ำเกลือ วิทยาศรม 120ml (ก.12ขวด), 141.50 
16924,น้ำมันเขียว [แม่กุหลาบ] 20cc ใหญ่ (ขวด), 78.00 
16905,น้ำมันเขียว [แม่กุหลาบ] 3cc เล็ก (ก.12ขวด), 212.00 
16124,น้ำมันเขียว แม่มะลิ 24ml (ขวด), 64.50 
16105,น้ำมันเขียว แม่มะลิ 5ml (ขวด), 18.50 
16124/1,น้ำมันตรากุ้งคู่ 28cc (ขวด) (ขวด), 98.00 
2292/4,น้ำมันตราวังว่าน สเปรย์ปวดเมื่อย 60cc (ก.1ขวด) (ก.1ขวด), 135.00 
1653,น้ำมันมวย กลาง 60cc (ขวด), 63.25 
3390,น้ำมันมวย จิ๋ว 15cc (ขวด), 23.75 
18009,น้ำมันมวย ปอนด์ 450cc (ขวด), 265.00 
1654,น้ำมันมวย เล็ก 30cc (ขวด), 38.83 
1136/40,น้ำมันมวย สเปรย์ 40cc (ขวด), 52.25 
1655,น้ำมันมวย ใหญ่ 120cc (ขวด), 95.83 
2464,น้ำมันมะกอกบริสุทธิ์ วิทยาศรม 60ml (ขวด), 31.84 
2-565,น้ำมันมะกอกหอม [ค้างคาว] 450cc ปอนด์ ฝาปั๊ม เอสเซ้นซ์ โอลีฟ ออยล์ (ขวด) (ขวด), 69.25 
2464-1,น้ำมันมะกอกหอม [ค้างคาว] 60cc โอลีฟ ออยล์ (ขวด) (ขวด), 10.25 
1704,น้ำมันมะกอกหอม [ศิริ] 60cc (ขวด), 20.00 
2077,น้ำมันยาตรานกอินทรีย์ 12ml **ขึ้น59 (ก.1ขวด), 55.50 
2028,น้ำมันยาตรานกอินทรีย์ 3ml **ขึ้น24.75 (ก.1ขวด), 22.50 
2076/11,น้ำมันยาตรานกอินทรีย์ 3ml สูตร2 (ก.1ขวด), 25.75 
2076,น้ำมันยาตรานกอินทรีย์ 6ml **ขึ้น36 (ก.1ขวด), 34.00 
1727,น้ำมันยูคาลิปตัส วิทยาศรม 15ml (ก.12ขวด), 405.00 
19004,น้ำมันยูคาลิปตัส วิทยาศรม 30ml (ก.12ขวด), 599.00 
246/1,น้ำมันรำข้าวและจมูกข้าวอินทรีย์ [RICE-BRAN อภัยฯ] 740มก 60s (ขวด) (ขวด), 373.00 
2-249,น้ำมันละหุ่ง บริสุทธิ์ วิทยาศรม 60ml (ขวด), 17.25 
16624,น้ำมันสีน้ำตาล เลียงผา [แม่กุหลาบ] 20cc ใหญ่ (ขวด), 79.00 
16605,น้ำมันสีน้ำตาล เลียงผา [แม่กุหลาบ] 3cc เล็ก (แพค12ขวด), 212.00 
2245/8,น้ำมันหอมระเหย หอมแดง DINOGANIC 10ml (ก.1ขวด), 75.00 
16424,น้ำมันเหลือง [แม่กุหลาบ] สูตรไพล 20cc ใหญ่ (ขวด), 79.00 
16424/1,น้ำมันเหลือง [แม่กุหลาบ] สูตรไพล 3cc (ก.12ขวด), 212.00 
16224,น้ำมันเหลือง [สมถวิล] 24cc ใหญ่ (ขวด), 91.00 
16204,น้ำมันเหลือง [สมถวิล] 4ml เล็ก (หน่วย/แพค12ข) (แพค12ขวด), 440.00 
16205,น้ำมันเหลือง [สมถวิล] ลูกกลิ้ง 5ml เล็ก (หน่วย/แพค12ขวด) (แพค12ขวด), 580.00 
953/1,บ ขาด DEZTANEX 1x10s มีโปรซื้อเยอะ (ก.1แผง), 69.75 
4149/2,บ้วนปาก C-20 1000ml (แดง) (แกลลอน), 190.00 
4148/10,บ้วนปาก C-20 180ml (เขียว) (ก.1ขวด), 53.00 
4148,บ้วนปาก C-20 180ml (แดง) (ขวด), 38.75 
4149,บ้วนปาก C-20 360ml (แดง) (ขวด), 55.00 
4148/13,บ้วนปาก C-20 45ml (แดง) (ขวด), 36.00 
8175,บ้วนปาก C-20 BLUE SALLY 180ml (สีฟ้า) (ขวด), 42.50 
8175/1,บ้วนปาก C-20 BLUE SALLY 45ml (สีฟ้า) (ขวด), 30.50 
4148/2,บ้วนปาก C-20 PLUS 180ml (เขียว) รุ่นใหม่ (ก.1ขวด), 53.00 
555/2,บังแดด(หน้าต่างรถ) TRB (ชิ้น), 15.00 
161205/2,บาล์ม วิทยาศรม 100g (ขวด), 95.25 
1002/1,แบล็ค อดัม กำลังช้างสาร [คุณสัมฤทธิ์] (ขวด60s) **ขายขาด (ขวด), 237.00 
2058,ใบบัวบก 70s [อภัย] 140บ (แพค10) ซื้อเยอะ (ขวด) มีโปรซื้อเยอะ (ขวด), 93.00 
151560/5,ใบมะขามแขก แคปซูล 10x10s [KMP] (ก.10แผง) (ก.10แผง), 98.00 
151560/10,ใบมะขามแขก แคปซูล 1x10s อภัยภูเบศน์ (ก.1แผง) (ก.1แผง), 17.25 
151560/4,ใบมะขามแขก แคปซูล 60s [KMP] (ก.1ขวด) (ก.1ขวด), 53.00 
1660/8,ปรอท Digital BL-T920 Thermometer คละลาย (ก.1อัน), 65.75 
1660/9,ปรอท Digital BL-T920 Thermometer ลายกบ (ก.1อัน), 65.75 
1660/7,ปรอท Digital BL-T920 Thermometer ลายเป็ด (ก.1อัน), 65.75 
1667/9,ปรอท digital KITTY HKT01 สีชมพู SOS BT-A21CN (อัน), 121.00 
1667/8,ปรอท digital KITTY HKT02 สีแดง SOS BT-A21CN (อัน), 121.00 
2500/3,ปรอทแก้ว วัดไข้ CRW-1108 [ไร้สารปรอท แม็กดีซีน] กล่อง25ชิ้น (ชิ้น) รหัส 2500/3 (ชิ้น), 36.50 
2500,ปรอทแก้ว วัดไข้ [ลองเมด Thermometer LONGTEMP] (ก.12อัน) รหัส 2500 (ก.12อัน), 327.00 
1667/11,ปรอท ดิจิตอล OMRON DIGITAL THERMOMETER รุ่น MC-246 (อัน), 182.00 
1667/1,ปรอท ดิจิตอล กล่องฟ้า SOS plus BT-A11CN DIGITAL มีโปรซื้อเยอะ (อัน), 74.00 
1667/13,ปรอท ดิจิตอล ปลายอ่อน HEALTH IMPACT Digital Thermometer รุ่นDMT-4320 คละสี *มีโปรซื้อเยอะ (ก.1อัน), 78.75 
1667,ปรอท ดิจิตอล ปลายอ่อน กล่องแดง SOSรุ่นBT-A21CN 149บ CLINICAL DIGITAL (อัน) มีโปรซื้อเยอะ (ก.1อัน), 78.75 
1667/6,ปรอท ดิจิตอล ปลายอ่อน นาโนเมด รุ่นdT-04 DIGITAL THERMOMETER (ก.1อัน), 78.75 
1660,ปรอท-ลองเมด Digital (กล่อง50อัน) Thermometer (อัน) (ก.1อัน), 63.00 
1667/20,ปรอทวัดไข้ดิจิตอล Medtech รุ่นKFT-04 ประกัน2ปี (เครื่อง), 65.00 
1667/14,ปรอทวัดไข้ดิจิตอล อินฟารเรด HuBDIC FS-300 ประกัน1ปี (เครื่อง), 599.00 
1667/12,ปรอทวัดไข้ดิจิตอล อินฟารเรด HuBDIC HFS-1000 ประกัน1ปี (เครื่อง), 486.00 
2500/1,ปรอทวัดไข้ [แอลซีซี CLINICAL Thermometer ] ขายยกกล่อง12อัน (ก.12อัน), 325.00 
14049,ประดงพระสังข์ 49บ กล่อง40เม็ด (แพค12กล่อง) (แพค12กล่อง), 365.00 
60/99,เปลือย M 4X7ซ.ม. ซอง2แผ่น ผ้าก๊อซพร้อมใช้ เอสโอเอส พลัส SOS Plus**ราคาพิเศษ ขายขาด (แพค6ซอง), 12.00 
8387/1,เป่าคอ แตงโม ซานจินซีกวาซวน 3g แผลในปากและลิ้น มีโปรซื้อเยอะ (ก.1ขวด), 99.00 
1073,แป้งโยคี 1997 ศิริ 100g (ใหญ่) (แพค6ขวด) *บ ขาด (ขวด), 14.75 
194100,แป้งโยคีในรัศมีวงกลม 100g (ขวด), 14.75 
1940,แป้งโยคีในรัศมีวงกลม 60g (ขวด), 11.25 
53,แป้งโยคี ศิริ 1997 60g (ขวด) (ขวด), 15.75 
132504/5,แปรงซอกฟัน 3M (เซ็ต), 102.00 
132504/1,แปรงซอกฟัน DENTAL PRO size1 0.7mm ก.10ชิ้น หัวตรง (ก.10ชิ้น), 102.00 
132504/2,แปรงซอกฟัน DENTAL PRO size2 0.8mm 160บ ก.10ชิ้น หัวตรง (ก.10ชิ้น), 102.00 
132504/3,แปรงซอกฟัน DENTAL PRO size3 1.0mm 160บ ก.10ชิ้น หัวตรง (ก.10ชิ้น), 102.00 
132504/4,แปรงลิ้น DENTAL PRO TOUNGE BRUSH คละสี ของญี่ปุ่น ขนแปรงนุ่ม (อัน), 89.00 
132504/6,แปรงสีฟันเด็ก HELLO KITTY ไฟกระพริบ ลิขสิทธิ์แท้ (ก.1ชิ้น), 76.00 
3063/1,แปะก๊วย 30s 220บ [ขาวละออ] (ขวด) (ขวด30s), 133.50 
1039/2,ผงกำมะถัน sulfur powder 250g (ขวด), 40.00 
1039/3,ผงกำมะถัน sulfur powder 350g อันอันโอสถ (ขวด), 44.00 
3-566,ผงโยคี 1997 ศิริบัญชา 60g (ขวด), 16.75 
1685-1/1,ผ้าก๊อซ 3นิ้วx3นิ้ว PROGAUZE Mesh24x20 [ลองเมด] (ก.10ซอง), 49.50 
7484,ผ้าขนหนู LOCOA สีเหลืองส้ม (ชิ้น), 100.00 
3755/99,ผ้าขนหนูผืนเล็ก (ชิ้น), 50.00 
6756/5,ผ้าเช็ดนาโน ตราเสือ (ใบ), 100.00 
13282/5,ผ้าพันแผล [BSN] ไม่มีกาว ยึดติดเอง 2.5cm x 2m [Easifix Elastic] (ม้วน), 57.00 
13282/6,ผ้าพันแผล [BSN] ไม่มีกาว ยึดติดเอง 4cm x 2m [Easifix Elastic] (ม้วน) (ม้วน), 68.75 
13282/15,ผ้าพันแผล ยึดติดเอง คละสี 2นิ้วx5หลา Co-Adhesive bandage sos [Easifix] (ก.12ม้วน) (ก.12ม้วน), 475.00 
13282/16,ผ้าพันแผล ยึดติดเอง คละสี 3นิ้วx5หลา Co-Adhesive bandage sos ก.6ม้วน *แปลงหน่วย [Easifix] (ก.6ม้วน), 285.00 
13282/12,ผ้าพันแผล ยึดติดเอง สีเนื้อ 1นิ้ว x 5หลา Co-Adhesive bandage sos [Easifix] (ก.1ม้วน), 26.25 
13282/13,ผ้าพันแผล ยึดติดเอง สีเนื้อ 2นิ้ว x 5หลา Co-Adhesive bandage sos [Easifix] (ม้วน), 45.75 
13282/14,ผ้าพันแผล ยึดติดเอง สีเนื้อ 3นิ้ว x 5หลา Co-Adhesive bandage sos [Easifix] (ม้วน), 59.00 
23361/5,ผ้ารัดหน้าท้องหลังคลอดชนิดเปิดหน้า REDIGRIP VELCROทบ2ชั้น size L สะโพก41-50นิ้ว (ก.1ชิ้น), 399.00 
23361/4,ผ้ารัดหน้าท้องหลังคลอดชนิดเปิดหน้า REDIGRIP VELCROทบ2ชั้น size M สะโพก34-40นิ้ว (ก.1ชิ้น), 387.00 
23361/8,ผ้ารัดหน้าท้องหลังคลอดชนิดเปิดหน้า REDIGRIP VELCROทบ2ชั้น size S สะโพก25-33นิ้ว (ก.1ชิ้น), 312.00 
23361/6,ผ้ารัดหน้าท้องหลังคลอดชนิดเปิดหน้า REDIGRIP VELCROทบ2ชั้น size XL สะโพก51-58นิ้ว (ก.1ชิ้น), 422.00 
23361/7,ผ้ารัดหน้าท้องหลังคลอดชนิดเปิดหน้า REDIGRIP VELCROทบ2ชั้น size XXL สะโพกมากกว่า58นิ้ว (ก.1ชิ้น), 455.00 
2189/26,ผ้าอ้อมเด็กแรกเกิด BabyLove เทป NB 32ชิ้น (ห่อ32ชิ้น), 121.00 
2189/62,ผ้าอ้อมผู้ใหญ่ CERTAINTY CDP แบบกางเกง ซึมซับมาก4.5แก้ว 450cc #L สีส้ม ห่อ10ชิ้น (ห่อ10ชิ้น), 168.00 
2189/63,ผ้าอ้อมผู้ใหญ่ CERTAINTY CDP แบบกางเกง ซึมซับมาก4.5แก้ว 450cc #M สีส้ม ห่อ10ชิ้น (ห่อ10ชิ้น), 168.00 
2189/64,ผ้าอ้อมผู้ใหญ่ CERTAINTY CDP แบบกางเกง ซึมซับมาก4.5แก้ว 450cc #XL สีส้ม ห่อ8ชิ้น (ห่อ8ชิ้น), 168.00 
2189/17,ผ้าอ้อมผู้ใหญ่ CERTAINTY CSP แบบกางเกง ซึมซับมาก6แก้ว 600cc #M สีเขียว ห่อ11ชิ้น (ห่อ11ชิ้น), 292.75 
2189/15,ผ้าอ้อมผู้ใหญ่ CERTAINTY CSP แบบกางเกง ซึมซับมาก6แก้ว 600cc #XL สีเขียว ห่อ9ชิ้น (ห่อ9ชิ้น), 292.75 
2189/16,ผ้าอ้อมผู้ใหญ่ CERTAINTY CSP แบบกางเกง ซึมซับมาก9แก้ว 900cc #L สีเขียว ห่อ11ชิ้น (ห่อ11ชิ้น), 292.75 
2189/13,ผ้าอ้อมผู้ใหญ่ CERTAINTY CTT แบบเทป #L สีฟ้า ห่อ28ชิ้น (ห่อ28ชิ้น), 426.00 
2189/10,ผ้าอ้อมผู้ใหญ่ CERTAINTY CTT แบบเทป #L สีฟ้า ห่อ9ชิ้น (ห่อ9ชิ้น), 167.00 
2189/9,ผ้าอ้อมผู้ใหญ่ CERTAINTY CTT แบบเทป #M สีฟ้า ห่อ10ชิ้น (ห่อ10ชิ้น), 146.00 
2189/60,ผ้าอ้อมผู้ใหญ่ CERTAINTY CTT แบบเทป #M สีฟ้า ห่อ32ชิ้น (ห่อ32ชิ้น), 426.00 
2189/12,ผ้าอ้อมผู้ใหญ่ CERTAINTY CTT แบบเทป #M สีฟ้า ห่อ34ชิ้น (ห่อ34ชิ้น), 434.00 
2189/14,ผ้าอ้อมผู้ใหญ่ CERTAINTY CTT แบบเทป #XL-XXL สีฟ้า ห่อ24ชิ้น (ห่อ24ชิ้น), 429.00 
2189/11,ผ้าอ้อมผู้ใหญ่ CERTAINTY CTT แบบเทป #XL-XXL สีฟ้า ห่อ8ชิ้น (ห่อ8ชิ้น), 167.00 
2189/23,ผ้าอ้อมผู้ใหญ่ feelfree แบบเทป #L 38-58นิ้ว ห่อ10ชิ้น (ห่อ) (ห่อ10ชิ้น), 174.00 
2189/22,ผ้าอ้อมผู้ใหญ่ feelfree แบบเทป #M 28-44นิ้ว ห่อ10ชิ้น (ห่อ10ชิ้น), 145.00 
2189/51,ผ้าอ้อมผู้ใหญ่ G SURE PLUS แบบเทป #L เอว40-55นิ้ว ห่อ10ชิ้น (ห่อ10ชิ้น), 132.00 
2189/52,ผ้าอ้อมผู้ใหญ่ G SURE PLUS แบบเทป #XL เอว50-65นิ้ว ห่อ10ชิ้น (ห่อ10ชิ้น), 143.00 
2189/29,ผ้าอ้อมผู้ใหญ่ กางเกงอันอันสลิม #L 40-56นิ้ว ห่อ10ชิ้น (ห่อ) (ห่อ10ชิ้น), 170.00 
2189//61,ผ้าอ้อมผู้ใหญ่ กางเกงอันอันสลิม #M 32-44นิ้ว ห่อ11ชิ้น (ห่อ) (ห่อ11ชิ้น), 170.00 
2189//60,ผ้าอ้อมผู้ใหญ่ กางเกงอันอันสลิม #XL 52-68นิ้ว ห่อ10ชิ้น (ห่อ) (ห่อ10ชิ้น), 180.00 
2189/38,ผ้าอ้อมผู้ใหญ่ ไลฟ์รี่ JUMBO (ขายยกลัง) แบบกางเกง ซึมซับ4แก้ว #XL 35-50นิ้ว ห่อสีขาว (ลัง3ห่อ), 655.00 
2189/42,ผ้าอ้อมผู้ใหญ่ ไลฟ์รี่ JUMBO (ขายยกลัง) แบบกางเกง ซึมซับ6แก้ว #L 29-40นิ้ว ห่อสีขาว16ชิ้นx3ห่อ มี (ลัง3ห่อ), 689.00 
8.85E+12,ผ้าอ้อมผู้ใหญ่ ไลฟ์รี่ JUMBO (ขายยกลัง) แบบกางเกง ซึมซับ6แก้ว #XL 35-50นิ้ว 14ชิ้นx3ห่อ มี (ลัง3ห่อ), 689.00 
2189/37,ผ้าอ้อมผู้ใหญ่ ไลฟ์รี่ JUMBO แบบกางเกง ซึมซับ4แก้ว #M 23-34นิ้ว (ห่อ18ชิ้น), 299.00 
2189/35,ผ้าอ้อมผู้ใหญ่ ไลฟ์รี่ JUMBO แบบกางเกง ซึมซับ4แก้ว #XL 35-50นิ้ว (ห่อ14ชิ้น), 299.00 
2189/49,ผ้าอ้อมผู้ใหญ่ ไลฟ์รี่ JUMBO แบบกางเกง ซึมซับ6แก้ว #L 29-41นิ้ว ห่อ16ชิ้น (ห่อ16ชิ้น), 288.00 
2189/50,ผ้าอ้อมผู้ใหญ่ ไลฟ์รี่ JUMBO แบบกางเกง ซึมซับ6แก้ว #M 23-34นิ้ว (ห่อ18ชิ้น), 288.00 
2189/48,ผ้าอ้อมผู้ใหญ่ ไลฟ์รี่ JUMBO แบบกางเกง ซึมซับ6แก้ว #XL 35-50นิ้ว ห่อ14ชิ้น (ห่อ14ชิ้น), 288.00 
2189/40,ผ้าอ้อมผู้ใหญ่ ไลฟ์รี่ JUMBO (ยายยกลัง) แบบกางเกง ซึมซับ4แก้ว #M 23-34นิ้ว ห่อสีขาว (ลัง3ห่อ), 655.00 
2189/44,ผ้าอ้อมผู้ใหญ่ ไลฟ์รี่ JUMBO (ยายยกลัง) แบบกางเกง ซึมซับ6แก้ว #M 23-34นิ้ว 18ชิ้นx3ห่อ มี (ลัง3ห่อ), 689.00 
2189/30,ผ้าอ้อมผู้ใหญ่ ไลฟ์รี่ REGULAR แบบกางเกง ซึมซับ4แก้ว ห่อ10+2 #M 23-34นิ้ว (ห่อ12ชิ้น), 187.00 
2189/31,ผ้าอ้อมผู้ใหญ่ ไลฟ์รี่ REGULAR แบบกางเกง ซึมซับ4แก้ว ห่อ10+2ชิ้น #L 29-40นิ้ว (ห่อ12ชิ้น), 187.00 
2189/32,ผ้าอ้อมผู้ใหญ่ ไลฟ์รี่ REGULAR แบบกางเกง ซึมซับ4แก้ว ห่อ8+2ชิ้น #XL 35-50นิ้ว (ห่อ10ชิ้น), 187.00 
2189/46,ผ้าอ้อมผู้ใหญ่ ไลฟ์รี่ REGULAR แบบกางเกง ซึมซับ6แก้ว ห่อ10ชิ้น #L 29-41นิ้ว (ห่อ10ชิ้น), 185.00 
2189/47,ผ้าอ้อมผู้ใหญ่ ไลฟ์รี่ REGULAR แบบกางเกง ซึมซับ6แก้ว ห่อ11 #M 23-34นิ้ว (ห่อ11ชิ้น), 185.00 
2189/45,ผ้าอ้อมผู้ใหญ่ ไลฟ์รี่ REGULAR แบบกางเกง ซึมซับ6แก้ว ห่อ9ชิ้น #XL 35-50นิ้ว (ห่อ9ชิ้น), 185.00 
13191/5,แผ่น ตรวจวัดน้ำตาล 50ชิ้น AQmaxIII [Sinocare] (กล่อง), 345.00 
13191/4,แผ่น ตรวจวัดน้ำตาล (ก.50ชิ้น) [Sinocare Safe AQ] (กล่อง) (กล่อง), 245.00 
2926/5,แผ่นปิดกันยุง ตราเสือ MOSQUITO REPELLENT PATCH 1x10s (ก.10แผ่น), 91.75 
61/95,แผ่นแปะแผลกดทับ DUODERM CGF 10x10cm (ก.5แผ่น), 525.00 
61/99,แผ่นแปะแผลกดทับ Mepilex 10x10cm กล่อง5แผ่น (แผ่น), 249.00 
61/98,แผ่นแปะแผลกดทับกันน้ำ Mepilex border flex 10x10cm กล่อง5แผ่น (แผ่น), 281.00 
61/97,แผ่นแปะแผลกดทับฆ่าเชื้อ Mepilex Ag 10x10cm (แผ่น), 594.50 
61/96,แผ่นแปะแผลกดทับฆ่าเชื้อกันน้ำ Mepilex border Ag 10x10cm (แผ่น), 432.00 
2189/7,แผ่นรองซับ 6ชั้น #L 45x70ซม Gsure plus ห่อ10ชิ้น (ห่อ10ชิ้น), 60.00 
2189/4,แผ่นรองซับ CERTAINTY CBS L-XL ห่อ10ชิ้น (ห่อ) (ห่อ10ชิ้น), 85.50 
2189/21,แผ่นรองซับ Feelfree L 45x70cm ห่อ10ชิ้น ฟีลฟรี (ห่อ10ชิ้น), 76.00 
2189/20,แผ่นรองซับ Feelfree XXL 60x90cm ห่อ8ชิ้น ฟีลฟรี (ห่อ8ชิ้น), 89.00 
2189/2,แผ่นรองซับ Softex gel #L ห่อ10ชิ้น (ห่อ10ชิ้น), 83.00 
2189/3,แผ่นรองซับ Underpad 60x90cm ห่อ10ชิ้น *ปรับขึ้น มิย69 (ห่อ10ชิ้น), 71.00 
2189/41,แผ่นเสริมซึมซับ ไลฟ์รี่ ซึมซับ3แก้ว 60ชิ้น (ห่อ) (ห่อ60ชิ้น), 265.00 
1821/3,พยุงข้อเท้า L FUTURO ANKLE COMFORT SUPPORT (ก.1ชิ้น), 253.00 
4321,พยุงข้อเท้า L FUTURO ANKLE WRAPAROUND (ก.1ชิ้น), 257.00 
1821/2,พยุงข้อเท้า M FUTURO ANKLE COMFORT SUPPORT (ก.1ชิ้น), 253.00 
1820,พยุงข้อเท้า M FUTURO ANKLE WRAPAROUND (ก.1ชิ้น), 259.00 
1821/1,พยุงข้อเท้า S FUTURO ANKLE COMFORT SUPPORT (ก.1ชิ้น), 253.00 
1821,พยุงข้อเท้า S FUTURO ANKLE WRAPAROUND (ก.1ชิ้น), 257.50 
1391/10,พยุงข้อมือ ADJ FUTURO WRIST NIGHT SUPPORT (ก.1ชิ้น), 445.00 
1391/7,พยุงข้อมือปรับกระชับได้ ADJ FUTURO WRIST SUPPORT STRAP **ใหม่175 (ก.1ชิ้น), 165.00 
1391/3,พยุงข้อมือสปอร์ตปรับกระชับได้ ADJ FUTURO WRIST SPORT SUPPORT (ก.1ชิ้น), 209.00 
1822/3,พยุงเข่าเสริมแกนอลูมิเนียม เข่า L (36-40ซม) HEALIS (ก.1ชิ้น), 302.00 
1822/2,พยุงเข่าเสริมแกนอลูมิเนียม เข่า M (32-36ซม) HEALIS (ก.1ชิ้น), 278.00 
1822/1,พยุงเข่าเสริมแกนอลูมิเนียม เข่า S (28-32ซม) HEALIS (ก.1ชิ้น), 278.00 
1822/4,พยุงเข่าเสริมแกนอลูมิเนียม เข่า XL (40-44ซม) HEALIS (ก.1ชิ้น), 302.00 
1822/5,พยุงเข่าเสริมแกนอลูมิเนียม เข่า XXL (44-48ซม) HEALIS (ก.1ชิ้น), 302.00 
1391/5,พยุงนิ้วหัวแม่มือ S/M FUTURO THUMB DELUXE STABILIZER (ก.1ชิ้น), 549.50 
0947/5,พยุงหลัง มีสาย 2XL 42-47นิ้ว HONORE Back Support (ก.1ชิ้น), 359.00 
0947/6,พยุงหลัง มีสาย 3XL 47-57นิ้ว HONORE Back Support (ก.1ชิ้น), 359.00 
335/5,พยุงหลัง มีสาย L 30-36นิ้ว HEALIS LUMBAR BACK SUPPORT (ก.1ชิ้น), 355.00 
0947/3,พยุงหลัง มีสาย L 30-36นิ้ว HONORE Back Support (ก.1ชิ้น), 359.00 
0947/2,พยุงหลัง มีสาย M 24-30นิ้ว HONORE Back Support (ก.1ชิ้น), 359.00 
335/4,พยุงหลัง มีสาย M 26-30นิ้ว HEALIS LUMBAR BACK SUPPORT (ก.1ชิ้น), 355.00 
335/3,พยุงหลัง มีสาย S 20-26นิ้ว HEALIS LUMBAR BACK SUPPORT (ก.1ชิ้น), 355.00 
0947/4,พยุงหลัง มีสาย XL 36-42นิ้ว HONORE Back Support (ก.1ชิ้น), 359.00 
335/7,พยุงหลัง มีสาย XXL 42-48นิ้ว HEALIS LUMBAR BACK SUPPORT (ก.1ชิ้น), 355.00 
1824/4,พยุงหัวเข่า L 41-46cm TIGERPLAST KNEE EXTRA COMFORT SUPPORT (ก.1ชิ้น), 205.00 
1824,พยุงหัวเข่า L FUTURO KNEE COMFORT SUPPORT (ก.1ชิ้น), 265.00 
1824/5,พยุงหัวเข่า M 36-41cm TIGERPLAST KNEE EXTRA COMFORT SUPPORT (ก.1ชิ้น), 205.00 
1823,พยุงหัวเข่า M FUTURO KNEE COMFORT SUPPORT (ก.1ชิ้น), 263.00 
1824/7,พยุงหัวเข่า S 31-36cm TIGERPLAST KNEE EXTRA COMFORT SUPPORT (ก.1ชิ้น), 205.00 
1822,พยุงหัวเข่า S FUTURO KNEE COMFORT SUPPORT (ก.1ชิ้น), 263.00 
1824/6,พยุงหัวเข่า XL 46-51cm TIGERPLAST KNEE EXTRA COMFORT SUPPORT (ก.1ชิ้น), 205.00 
1824/3,พยุงหัวเข่า XL FUTURO KNEE COMFORT SUPPORT (ก.1ชิ้น), 263.00 
1824/2,พยุงหัวเข่าปรับกระชับได้ ADJ FUTURO KNEE SPORT SUPPORT (ก.1ชิ้น), 689.00 
1824/1,พยุงหัวเข่าสริมแกนด้านข้าง ADJ FUTURO KNEE PERFORMANCE STABILIZER (ก.1ชิ้น), 777.00 
4321/1,พยุงอุ้งเท้า รองช้ำ ปรับกระชับได้ ADJ FUTURO FOOT THERAPEUTIC ARCH SUPPORT (ก.1ชิ้น), 624.00 
172202/15,พรมมิ BRAHMI [GPO] 60s (ขวด) (ขวด), 299.00 
14035,พร-ยาเป่าคอ ตรากาไก่ 2g (ซอง), 10.59 
1321/4,พลาเตอร์ สีเนื้อ (ก.เขียว10ซองx5ชิ้น) Rhinoplastic ไรโนพลาสสติก (ก.10ซอง), 44.00 
2926/2,พลาสเตอร์ counterpainCOOL เย็น 10ซองx4แผ่น (ก.10ซอง), 531.75 
3991/1,พลาสเตอร์ counterpainWARM ร้อน 10ซองx4แผ่น (ก.10ซอง) (ก.10ซอง), 531.75 
61/9,พลาสเตอร์ NEOPLAST KIDS DINO มีตัวยา 1.9x5.6cm 1x10x6s (ก.10ซอง), 93.00 
7516/1,พลาสเตอร์ Pastel บรรเทาปวด สูตรเย็น 7x10cm ซอง2แผ่น (ก.5ซอง), 199.00 
7516,พลาสเตอร์ Pastel บรรเทาปวด สูตรร้อน 7x10cm ซอง2แผ่น (ก.5ซอง), 199.00 
13290/3,พลาสเตอร์ WS5 5.0x7.2cm TIGERPLAST TRANSPARENT WATERPROOF (ก.10ซอง) (ก.10แผ่น), 132.00 
2927,พลาสเตอร์บรรเทาปวด ตราเสือ (สูตรเย็น) 10x14cm (ซอง), 57.50 
2926,พลาสเตอร์บรรเทาปวด ตราเสือ (สูตรเย็น) 7x10cm (ซอง), 43.00 
3992,พลาสเตอร์บรรเทาปวด ตราเสือ-อาร์ดี (สูตรร้อน) 10x14cm (ซอง), 57.50 
3991,พลาสเตอร์บรรเทาปวด ตราเสือ-อาร์ดี (สูตรร้อน) 7x10cm (ซอง), 43.00 
132601/1,พลาสเตอร์ปิดดวงตา 3M OPTICLUDE 47.5x63.5mm (กล่อง20ซอง) (ก.20ซอง), 101.00 
132601,พลาสเตอร์ ปิดตา E2 เด็ก 5x7.5cm (กล่อง10ซอง) SOS EYE PAD รหัส 132601 (ก.10ซอง), 72.00 
132602,พลาสเตอร์ ปิดตา E5 ผู้ใหญ่ 5.8x8.3cm SOS EYE PAD (ก10ซอง) (ก.10ซอง), 83.00 
61/7,พลาสเตอร์ปิดแผล SOS KITTY set4ขนาด11ชิ้น บรรจุในกล่องเก็บดินสอ มีโปรซื้อเยอะ (อัน), 47.50 
61/8,พลาสเตอร์ปิดแผล SOS MINONS set4ขนาด11ชิ้น บรรจุในกล่องเก็บดินสอ มีโปรซื้อเยอะ (อัน), 47.50 
61/4,พลาสเตอร์ ปิดแผล กันน้ำ 2.6x5.7ซม 6ชิ้น [3M MAX HOLD] PLASTER แม็กโฮลด์ (ก.6ชิ้น) (ก.6ชิ้น), 25.00 
1321/10,พลาสเตอร์ ผ้า 19x60mm (ก.แดง10ซองx10ชิ้น) Rhinoplast ไรโนพลาสท์ (ก.10ซอง), 33.50 
2373/1,พลาสเตอร์ผ้า Rhinoplast-S (ก100ชิ้น) ไรโนพลาสต์ (กล่อง) (ก.100ชิ้น), 33.00 
1320,พลาสเตอร์ (ผ้า) เทนโซพลาส 100ชิ้น Plaster Tensoplast (ก.100ชิ้น), 64.25 
2374,พลาสเตอร์ ผ้า เสือ 100ชิ้น TIGERPLAST ไทเกอร์พลาส (กล่อง) มีโปรซื้อเยอะ (ก.100ชิ้น), 33.50 
2374-1,พลาสเตอร์ ผ้า เสือ *โฉมใหม่ 100ชิ้น TIGERPLAST ไทเกอร์พลาส (กล่อง) มีโปรซื้อเยอะ (ก.100ชิ้น), 35.00 
1321/1,พลาสเตอร์ พลาสติก 19x72mm (ก.ฟ้า10ซองx5ชิ้น) Rhinoplastic ไรโนพลาสติก (ก.50ชิ้น), 44.00 
2374/12,พลาสเตอร์พลาสติก PLASTIC PLASTER ก8ชิ้น [TIGERPLAST] Kuromi (ก.8ชิ้น), 18.50 
2374/11,พลาสเตอร์พลาสติก PLASTIC PLASTER ก8ชิ้น [TIGERPLAST] MyMelody Kuromi (ก.8ชิ้น), 18.50 
2374/13,พลาสเตอร์พลาสติกกันน้ำ KUROMI FILM PLASTER 5ชิ้นx10ซอง KUROMI [TIGERPLAST] (ก.10ซอง), 201.00 
62/5,พลาสเตอร์ลายMINIONS T-M MST01 4x7ซม พลาสเตอร์กันน้ำ SOS ก.3แผ่น (ก.3แผ่น), 23.00 
1321,พลาสเตอร์ (สีเนื้อ) 100แผ่น เทนโซพลาสติก Plaster Tensoplastic (ก.100ชิ้น), 74.00 
1321/6,พลาสเตอร์ สีเนื้อ (ก.เขียว100แผ่น) Rhinoplastic ไรโนพลาสติก (ก.100แผ่น), 44.00 
1321/5,พลาสเตอร์ สีใส กล่องฟ้า100แผ่น Rhinoplastic ไรโนพลาสติก (ก.100แผ่น), 44.00 
172202/16,พลูคาวสกัด พลัส ขาวละออ 60s (ก.1ขวด) (ก.1ขวด), 234.00 
16700/18,พิมเสน ตราหนุมาน ขาว 100g (ขวด), 290.00 
16700/14,พิมเสน ตราหนุมาน ขาว 2gx12s (แพ็ค12ขวด), 127.00 
3048/1,พิมเสนน้ำลูกกลิ้ง ห้าม้า 7ml (ก.12ขวด), 265.00 
4189,เพชรสังฆาต 70s [อภัย] 140บ (ขวด) (ขวด70s), 91.00 
17251/2,เพชรสังฆาตตราดอกว่าน 100s [ขาวละออ] (ขวด), 83.00 
2150/1,แพคคู่ BOSISTO S EUCALYPTUS SPRAY นกแก้ว 300ml 2 แถม 75ml 1ขวด (แพค), 389.00 
2583/31,แพคคู่ CERAVE DAILY MOISTURE LOTION 16OZ (473ml) x2 (แพค), 780.00 
2583/25,แพคคู่ CERAVE MOISTURISING CREAM 16OZ (454g) x2 (แพค), 955.00 
2583/51,แพคคู่ CERAVE SA SMOOTHING CLEANSER 473ml (แพค), 879.00 
3994/19,แพคคู่ LA ROCHE CICAPLAST BAUME B5 100ml x2 (แพค)," 1,115.00 "
1841/99,แพคโปร DEEDAY BioMAGNESIUM Plus Vitamins 30s 2 กล่อง แถม BIOC500mg 2gx15s (แพค), 292.00 
1922/11,โพรโพลิส พลัส เมาท์ สเปรย์ Elderberry propolis plus mouth spray 15ml มีโปรซื้อเยอะ (ก.1ขวด), 84.00 
151560,ฟ้าทะลายโจร ขวดน้ำเงิน สกัด 500mg 60s 180บ [อ้วยอัน] แพค6 (กระปุก), 86.50 
1125,ฟ้าทะลายโจร แคปซูล 350mg PHYTO CARE GPO ไฟโตแคร์ 10x10s (ก.10แผง), 100.50 
3930,ฟ้าทะลายโจร แคปซูล 350mg ก3x10s [อ้วยอัน] (ก.3แผง), 29.00 
171530,ฟ้าทะลายโจร แคปซูล สกัด 500mg ก.3x10s [อ้วยอัน] (ก.3แผง), 43.50 
171530/4,ฟ้าทะลายโจร แคปซูล สกัด 50s ขาวละออ (ขวด), 70.00 
2192,ฟ้าทะลายโจร ชนิดเม็ด ตราใบห่อ 70s (ก.1ถุง), 13.50 
171530/2,ฟ้าทะลายโจร สกัด 20mg แอนดร็อกซิล ANDROXSIL 10x10s [KMP] (ก.10แผง), 325.00 
171530/1,ฟ้าทะลายโจร สกัด 20mg แอนดร็อกซิล ANDROXSIL 45s (ขวด), 144.50 
171530/5,ฟ้าทะลายโจร สกัด 60mg แอนดร็อกซิล ANDROXSIL 3x5s (ก.3แผง), 145.50 
151560/1,ฟ้าทะลายโจร สกัด ฝาเขียว 500mg 45s 270บ [อ้วยอัน] (ขวด), 131.00 
3571,ฟ้าทะลายโจร [อภัย] 400mg 60s (ก.1ขวด), 52.00 
07857/11,ฟ้าทะลายโจร อภัย เม้าท์ สเปรย์ 15ml ABHAI MOUTH SPRAY (ก.1ขวด), 67.00 
3931,ฟ้าทะลายโจร [อ้วยอัน] ขวด100s (ขวด) รหัส 3931 (ขวด), 57.75 
62/6,ฟิมม์ใสกันน้ำ Sterile 6x7ซม KSG Plase W1 ก.เล็ก5ชิ้น (กล่อง12ก.เล็ก) (กล่อง12ก.เ), 339.00 
3349,ฟิลม์ปิดแผลกันน้ำ TEGADERM 3M ใหญ่ 10x12cm [A2] (10ซองx3ชิ้น) ทีก้าเดิร์ม (ซอง) (ซอง3ชิ้น), 63.00 
3349/1,ฟิลม์ใสกันน้ำ sterile 10x12cm KSG Plast ใหญ่ W2 ก.เล็ก5ชิ้น (กล่อง6ก.เล็ก) (กล่อง6ก.เล), 269.00 
1136/201,มวย MUAY COOLING HYDROGELแผ่นเจลประคบเย็น 1x6x2s (ก.6ซอง), 175.00 
24,มหาหิงค์ ลูกกลิ้ง 60ml [ศิริ] (ขวด) รหัส 024 (ขวด), 27.25 
1701,มหาหิงค์ วี.เอส. แบบลูกกลิ้ง วิทยาศรม 60ml (ขวด), 31.25 
1696,มหาหิงคุ์ วิทยาศรม120ml (ก.1ขวด), 37.25 
1700,มหาหิงคุ์ วิทยาศรม 60ml *ใหม่ 22บ (ก.1ขวด), 21.50 
2041,มะขามแขก [อ้วยอัน] ขวด100s NDD (ขวด) (ขวด), 57.50 
1867/2,มะระขี้นก 500mg 10x10s KMP (ก.10แผง), 98.00 
1867,มะระขี้นก 500mg 70s [อภัย] (ขวด), 118.00 
17251/3,มะระขี้นกตราดอกว่าน 100s [ขาวละออ] (ขวด), 118.00 
1867/1,มะรุม 450mg 100s KMP (ขวด), 110.00 
2-627,มะแว้ง GPO รสบ๊วย (กล่องส้ม) 20ซอง (ก.20ซอง), 116.00 
13301/30,เม็ดฟู่ทำความสะอาดรีเทนเนอร์ AUTHO PRO 1x30s กลิ่นแอปเปิ้ล [polident] (ก.30เม็ด), 35.50 
2662/27,เม็ดอมดับกลิ่นปาก SUKKIRI BY DENTISTE LOVE MINT 20s (ชิ้น), 65.75 
2662/28,เม็ดอมดับกลิ่นปาก SUKKIRI BY DENTISTE LOVE MINT 50s (ชิ้น), 155.00 
1110/10,เม็ดอมสมุนไพร ตราอาปาเช่ รสเชอร์รี่ SF 25x12s (ก.25ซอง), 385.00 
1110/1,เม็ดอมสมุนไพร ตราอาปาเช่ รสมะขามป้อม SF 25x12s (ก.25ซอง), 385.00 
3-452,แม่เลื่อน 1 อยู่ไฟ 99บ เหลือง (ก.1ขวด), 56.75 
3-451,แม่เลื่อน 2 คาวปลา แดง 99บ (ก.1ขวด), 57.00 
9999/14,ไม้ค้ำศอก FA-010 (อัน), 348.00 
132503,ไม้จิ้มฟัน มีไหมขัดฟัน สีขาว กล่อง50อัน [ดร ฟิลลิป] FLOSS UP ซื้อเยอะ (ก.50ชิ้น) (ก.50ชิ้น), 28.00 
132504,ไม้จิ้มฟัน มีไหมขัดฟัน สีเขียวมิ้นท กล่อง50อัน [ดร ฟิลลิป] FLOSS UP มีโปรซื้อเยอะ (ก.50อัน), 28.00 
9999/29,ไม้เท้า 1 ขา หัวค้อน รุ่น FY920L (อัน), 125.00 
9999/17,ไม้เท้า 3 ขา FA-013 รหัส 9999/17 (อัน), 290.00 
9999/26,ไม้เท้า 3 ขา ขาโก่ง รุ่น ALK526 (อัน), 290.00 
9999/27,ไม้เท้า 3 ขา รุ่น DY05926 (อัน), 250.00 
9999/18,ไม้เท้า 4 ขา FA-014 (อัน), 295.00 
9999/24,ไม้เท้าก้านร่ม HEALTH IMPACT ปรับได้ สูง64-97cm รุ่นFY9281L (อัน), 155.00 
9999/19,ไม้เท้าก้านร่ม สูง78-88cmรุ่น 712/914 (อัน), 155.00 
9998/17,ไม้เท้าค้ำยัน ACL-S size L (160-198cm) (คู่), 520.00 
9998/16,ไม้เท้าค้ำยัน ACM-S size M (125-160cm) (คู่), 520.00 
9999/25,ไม้เท้าตัว C HEALTH IMPACT ปรับได้ สูง76-99cm รุ่นFY928L (อัน), 125.00 
2045,ยากวาดใบโพธิ์ 10บ รุ่นใหม่ (ซอง) (ซอง), 9.09 
2122,ยากวาดสมานลิ้น ขาวละออ ชนิดผง 36ซอง (ก.36ซอง), 205.25 
1576,ยากษัยเส้น ตราเด็กในพานทอง ชนิดกล่อง 1x25s (กล่อง), 22.50 
3333,ยากษัยเส้น ตราเด็กในพานทอง ชนิดแคปซูล 1x10s (ก.10เม็ด), 16.00 
1577,ยากษัยเส้น ตราเด็กในพานทอง ชนิดซอง 1x5s (ซอง), 6.08 
1577/1,ยากษัยเส้น ตราหัวเสือ ชนิดซอง 1x6s (ซอง), 5.00 
01076/1,ยากุมารเด็กในพานทอง 250ml [บุญส่ง] (ก.1ขวด), 30.50 
2214,ยาแก้หวัด เด็ก 60cc [อ้วยอัน] กล่องม่วง มิสเตอร์เฮิร์บ (ก.1ขวด) (ก.1ขวด), 38.50 
2-627/6,ยาแก้ไอเด็ก ตราการบูร 60cc กลิ่นน้ำผึ้งมานูก้า (ก.1ขวด), 19.00 
4167,ยาแก้ไอ ตราอาปาเช่ รสดั้งเดิม 60ml (ก.1ขวด), 15.34 
4166,ยาแก้ไอ ตราอาปาเช่ สูตรมะขามป้อม 60ml (ก.1ขวด), 15.34 
2-627/3,ยาแก้ไอ ผสมมะขามป้อม 120cc KMP (ก.1ขวด) (ก.1ขวด), 29.50 
2-627/2,ยาแก้ไอ ผสมมะขามป้อม 60cc KMP (ก.1ขวด) (ก.1ขวด), 18.25 
2-627/7,ยาแก้ไอฟ้าทะลายโจร ตราการบูร ผสมมะขามป้อม 60cc (ก.1ขวด), 25.00 
2-627/5,ยาแก้ไอ มะขามป้อมผสมฟ้าทะลายโจร 60cc KMP (ก.1ขวด), 37.00 
3398/7,ยาแก้ไอ มะขามป้อม วังหลัง 120ml ขวดส้ม (ขวด), 26.00 
1939,ยาแก้ไอโยคี ตราโยคีในรัศมีวงกลม 60ml (ก.1ขวด), 11.34 
24035,ยาแก้ไอวิริยะ 60ml (ก.1ขวด), 32.25 
4089/5,ยาแก้ไอสมุนไพร ตราไอยสวรรค์ สูตร2 120ml มีโปรซื้อเยอะ (ก.1ขวด), 25.50 
4089/6,ยาแก้ไอสมุนไพร ตราไอยสวรรค์ สูตร2 60ml มีโปรซื้อเยอะ (ก.1ขวด), 18.00 
1656,ยาขมชง น้ำเต้าทอง กล่องฟ้า5ซอง (ก.5ซอง), 48.00 
1943,ยาขมชนิดเม็ด ตราใบห่อ 70s (ก.1ถุง), 22.00 
1657,ยาขมต้ม น้ำเต้าทอง กล่องฟ้ากล่อง10ซอง (ก.10ซอง), 90.00 
1944,ยาขมใบห่อ ซอง (แพค25ซอง) ลัง2000ซอง (ซอง) (ซอง), 4.00 
2044/1,ยาขมเม็ด ตราตะขาบ ซอง15เม็ด (ซอง15เม็ด) (ซอง15เม็ด), 12.75 
1659,ยาขมเม็ด น้ำเต้าทอง 10บ กล่อง25ซอง (ลัง20) (ก.25ซอง), 225.00 
151560/8,ยาขมิ้นชันแคปซูล 100s [KMP] (ก.1ขวด) (ขวด), 59.00 
2850,ยาเขียวชนิดผง ตราใบห่อ (ซอง) (ซอง), 3.75 
2851,ยาเขียว ตราใบห่อ [ชนิดเม็ด] (ก.50แผง) **โฉมใหม่ (ก.50แผง), 249.00 
2044,ยาเขียวใบโพธิ์ 14บ (ซอง) รหัส 2044 (ซอง), 9.09 
2043,ยาเขียว (เม็ด) ดอกบัว สูตร2 (ซอง), 5.00 
248500,ยาเขียว สามฤดู เข้มข้น 10s (กล่อง), 27.25 
2848,ยาเขียวสามฤดู ตราปลาคู่ ชนิดผง (ซองแดง) (ซอง), 11.58 
2849,ยาเขียวสามฤดู ตราปลาคู่ ชนิดเม็ด (ซองเขียว) (ซอง), 11.58 
938,ยาคุม ANAMAI 28s มีโปรซื้อเยอะ (แผง), 20.25 
1085,ยาคุม ANNA 28s มีโปรซื้อเยอะ **ขึ้น27.25 (แผง), 26.75 
2502/1,ยาคุม ANNIE 21s (ก.1แผง), 55.75 
4405,ยาคุม ANNYLYN 21s (ก.1แผง), 85.75 
4406,ยาคุม ANNYLYN 28s (ก.1แผง), 85.75 
2,ยาคุม BELARA 21s (ก.1แผง), 280.00 
95521,ยาคุม BERIZ 21s (ก.1แผง), 73.00 
95621,ยาคุม CAMELLA 21s (ก.1แผง), 70.15 
95628,ยาคุม CAMELLA 28s (ก.1แผง), 70.15 
809,ยาคุม CERAZETTE 28s **ใหม่184บ (ก.1แผง), 183.00 
2236,ยาคุม CYCLO-PROGYNOVA 21s (ก.1แผง), 166.50 
438,ยาคุม DAFNE 35 21s (ก.1แผง), 90.00 
3934/8,ยาคุม DERAREZ 21s เดอราเรซ [สูตรYASMIN] (ก.1แผง), 234.00 
534,ยาคุม DERMOOTH 21s (ก.1แผง), 59.25 
2502,ยาคุม DIANE-35 21s (ก.1แผง), 160.00 
3780,ยาคุม DIORA 21s (ก.1แผง), 35.25 
3781,ยาคุม DIORA 28s (ก.1แผง), 35.25 
1622,ยาคุม EVRA 1x3แผ่น (ก.3แผ่น), 445.00 
548,ยาคุม EXLUTON 28s **ใหม่96.50บ (ก.1แผง), 96.00 
808/2,ยาคุม FEMINE 30 28s (ก.1แผง), 43.50 
3934/2,ยาคุม GVEZA 21s (drospirenone+ethinylestradiol) สูตรyasmin TEVA (ก.1แผง), 197.00 
253/1,ยาคุม HERZ 28s (ก.1แผง), 225.25 
2-673,ยาคุม JENY-F.M.P. 28s มีโปรซื้อเยอะ (แผง), 20.00 
2509/1,ยาคุม JUSTIMA 21s (ก.1แผง), 209.00 
40/2,ยาคุม LESCILON 21s (ก.1แผง), 83.00 
41/1,ยาคุม LESCILON 28 (ก.1แผง), 81.00 
4868,ยาคุม LIPZ 21s (ก.1แผง), 221.00 
4869,ยาคุม LIPZ ED 28s โปรดูวัน exp (ก.1แผง), 221.00 
802,ยาคุม MARGARET X.O. 28s *ใหม่66 (ก.1แผง), 54.00 
802/1,ยาคุม MARGRET PINK 21s (ก.1แผง), 67.50 
2423,ยาคุม MARNON 28s 50x10s แบ่งขาย *มีโปรซื้อเยอะ (แผง), 8.50 
807,ยาคุม MARVELON 21s (ก.1แผง), 99.00 
808,ยาคุม MARVELON 28s (ก.1แผง), 99.00 
2509,ยาคุม MELODIA 21s (ก.1แผง), 243.00 
40,ยาคุม MERCILON 21s (ก.1แผง), 154.50 
41,ยาคุม MERCILON 28s (ก.1แผง), 154.50 
836,ยาคุม MICROGYNON 30 ED (ก.1แผง), 54.75 
3115,ยาคุม MINIDOZ 28s (ก.1แผง), 137.00 
399,ยาคุม MINNY 21s (ก.1แผง), 87.25 
398,ยาคุม MINNY 28s (ก.1แผง), 87.25 
4294,ยาคุม MINOZ 28s (ก.1แผง), 79.25 
3934/3,ยาคุม MONAS 21s (ก.1แผง), 198.00 
3115/1,ยาคุม NEXTSTELLIS 28s (ก1แผง), 460.00 
40/1,ยาคุม NOVYNETTE 21s (ก.1แผง), 74.25 
8014,ยาคุม OC-35 21s มีโปรซื้อเยอะ (ก.1แผง), 86.00 
3934/1,ยาคุม OILEZZ 22s (ก.1แผง), 259.00 
3457/1,ยาคุม ONJEL 20 28s (ก.1แผง), 79.75 
2-744,ยาคุม PREME 21s (ก.1แผง), 85.75 
2-745,ยาคุม PREME 28s (ก.1แผง), 85.75 
2243/1,ยาคุม PROGYNOVA 1mg 3x28s (ก.3แผง), 472.00 
2243,ยาคุม PROGYNOVA 2mg 3x28s (ก.3แผง), 498.00 
4284,ยาคุม R-DEN 28s (ก.1แผง), 25.75 
807/1,ยาคุม RITA 21s (แผง21เม็ด), 39.25 
808/1,ยาคุม RITA 28s (ก.1แผง), 39.25 
2502/2,ยาคุม SASHA 21s สูตร DIANE-35 (ก.1แผง), 61.00 
809/1,ยาคุม SLINDA 28s (ก.1แผง), 317.00 
397,ยาคุม SUCEE 21s (ก.1แผง), 83.00 
395,ยาคุม SUCEE 28s (ก.1แผง), 83.00 
243,ยาคุม SYNFONIA 28s (ก.1แผง), 274.00 
3934,ยาคุม YASMIN 21s (ก.1แผง), 332.00 
253,ยาคุม YAZ 28s (ก.1แผง), 364.00 
3934/10,ยาคุม ZONIA 28s โซเนีย [สูตรYAZ] (ก.1แผง), 243.00 
2-784/6,ยาคุมฉีด1เดือน CYCLOFEM INJECTIONS OR INFUSIONS 0.5% Vials (ขวด), 91.00 
2-784/5,ยาคุมฉีด1เดือน DEPO MONAT 0.5mlx20Vials (ขวด), 62.00 
2-784/8,ยาคุม ฉีด1เดือน MEDEVET 10x3ml (ก.10ขวด), 112.00 
597,ยาคุมฉุกเฉิน ABCA NORPAK 1x2s (ก.1แผง), 13.25 
2-551,ยาคุมฉุกเฉิน MADONNA 1x2s (ก.1แผง), 15.00 
2432/2,ยาคุมฉุกเฉิน MADONNA ONE 1x1s (ก.1s), 15.00 
2432,ยาคุมฉุกเฉิน MAPLE FORTE 1x1s (ก.1เม็ด), 16.42 
2430/1,ยาคุมฉุกเฉิน MARY PINK 1x2s (ก.1แผง), 11.00 
2432/6,ยาคุมฉุกเฉิน O-DOTT ONE 1x1s (ก.1เม็ด), 18.00 
2432/3,ยาคุมฉุกเฉิน TANSY ONE 1x1s (ก.1เม็ด), 39.25 
2432/4,ยาคุมฉุกเฉิน VENUZ ONE 1x1s (ก.1เม็ด), 12.50 
205,ยาแคปซูลขมิ้นชัน 60s [อภัยภูเบศ] (ขวด), 52.50 
0205/1,ยาแคปซูลขมิ้นชัน แผง1x10s [อภัยภูเบศ] (ก.1แผง), 11.15 
151560/6,ยาแคปซูลเพชรสังฆาต 10x10s [KMP] (ก.10แผง) (ก.10แผง), 116.00 
151560/11,ยาแคปซูลเพชรสังฆาต 500mg [KMP] 60s (กระปุก), 65.00 
3571/2,ยาแคปซูลฟ้าทะลายโจร ตราอภัยภูเบศร 400mg 1x10s (ก.1แผง), 13.00 
99995/2,ยางอุดหูลดเสียง (แพค1คู่) (แพค1คู่), 69.75 
1592,ยาชง ตรางามระหง 30ซองx60g (ก.30ซอง), 60.25 
1709/3,ยาดม DBU Pastel POCKET 25บ พาสเทล (หลอด) (หลอด), 17.25 
1709/4,ยาดม DBU Pastel หลอดใส Translucent พาสเทล (หลอด), 19.50 
4942,ยาดม FROSSY ฟรอสซี่ หลอด (หลอด), 12.50 
1709/9,ยาดม MINZZ ตรามินซ์ 29บ (ก.1หลอด) คละสี (ก.1หลอด), 23.00 
1709/19,ยาดม Pastel รุ่นฟรุ้ตตี้ กลิ่น ตะไคร้ (หลอด), 21.25 
1709/18,ยาดม Pastel รุ่นฟรุ้ตตี้ กลิ่น น้ำมันผิวส้ม (หลอด), 21.25 
1709/16,ยาดม Pastel รุ่นฟรุ้ตตี้ กลิ่น มะม่วง (หลอด), 21.25 
1709/15,ยาดม Pastel รุ่นฟรุ้ตตี้ กลิ่น มิกซ์เบอร์รี่ (หลอด), 21.25 
1709/17,ยาดม Pastel รุ่นฟรุ้ตตี้ กลิ่น วานิลลา (หลอด), 21.25 
1708,ยาดม PEPEX (สีแดง) 10บ (หลอด) รหัส 1708 (หลอด), 5.65 
4380,ยาดม PEPPERMINTเปเปอร์มินต์ (หลอด), 17.50 
2159/16,ยาดม UMBILI INHALANT 1ml คละสี (ชิ้น), 25.50 
1449,ยาดม VAPEX เล็ก 5ml วาเป็กซ์ แพค6 (ก.1ขวด) (ก.1ขวด), 28.25 
1448,ยาดม VAPEX วาเป็กซ์ 2IN1 (หลอด) (หลอด), 19.25 
1450,ยาดม VAPEX ใหญ่ 14ml (ลัง16โหล) วาเป็กซ์ (ก.1ขวด) (ก.1ขวด), 62.75 
1905,ยาดม เซียงเพียวอิ๊ว สูตร2 (หลอด), 17.50 
16700/5,ยาดม ตรา คุณเปรมา 8g ขวดแก้ว (ขวด), 27.75 
16700/4,ยาดม ตรา คุณเปรมา 8g ขวดพลาสติกหนา มีโปรซื้อเยอะ (ขวด), 27.00 
1709/11,ยาดม ตราไผ่คู่ (หลอด), 6.00 
1709/12,ยาดม ตราไผ่คู่ 2in1 (หลอด), 12.50 
2285/1,ยาดมตราเสือ 2in1 บ ขาด (หลอด), 14.75 
1709/5,ยาดม ถ้วยทอง ลาเวนเดอร์ (หลอด) รหัส 1709/5 (หลอด), 14.50 
1709/6,ยาดม ถ้วยทอง เลมอน (หลอด) รหัส 1709/6 (หลอด), 14.50 
1709/7,ยาดม ถ้วยทอง สีฟ้า (หลอด) รหัส 1709/7 (หลอด), 14.50 
3048/2,ยาดมน้ำ มีเฮิร์บ หมอมี ลูกกลิ้ง10mlx5pcs (ก.5ขวด), 332.00 
16700/1,ยาดมผสมสมุนไพร ตราแม่กุหลาบห้าม้า 15g (ขวด), 19.50 
4380/5,ยาดมลูกกลิ้ง PEPPERMINT FEILD BLACK HERBAL INHALER 5ccx6s (ก.6หลอด), 219.00 
1709/8,ยาดม สมุนไพร Pastel กลิ่น ดอกบัว 5g (กระปุก) (กระปุก), 25.50 
4380/4,ยาดมสมุนไพร PEPPERMINT FEILD BLACK HERBAL INHALER [airpod] (ก.6หลอด), 212.00 
16777,ยาดมสมุนไพร ตรามังกร (อ้วยอัน) (ขวด), 21.25 
16700/2,ยาดมสมุนไพร ตรา หงษ์ไทย สูตร1 สีเขียว แบบหลอด 3ml (ก.12หลอด) (ก.12หลอด), 312.00 
16700/13,ยาดมสมุนไพร ตราหนุมาน เขียว 2gx12s (แพ็ค12ขวด), 105.00 
16700/15,ยาดมสมุนไพร ตราหนุมาน เขียว 5g (ขวด), 19.00 
16700/19,ยาดมสมุนไพร ตราหนุมาน เขียว 5g พร้อมจุกฝายาดม (แพค), 34.00 
16700/3,ยาดม สมุนไพร วังว่าน 8g แพค6 (ขวด) รหัส 16700/3 (ขวด), 27.00 
16700/25,ยาดมสมุนไพร หงส์ไทย ขาว 8g พิมเสน (ขวด), 32.00 
16700,ยาดมสมุนไพร หงส์ไทย สูตร2 เขียว 40g ปริมาณยาข้างขวด10g หงษ์ไทย มีโปรซื้อเยอะ (ขวด), 33.50 
16700/16,ยาดมสมุนไพร หงส์ไทย สูตร2 เขียว 5g หงษ์ไทย (ขวด), 31.00 
16700/10,ยาดมสมุนไพร หงส์ไทย เหลือง 5g หงษ์ไทย มีโปรซื้อเยอะ (ขวด), 34.00 
2007,ยาดองเหล้าตราเสือ 11 ตัว ขวดแก้ว (ขวด) (ขวด), 18.00 
1946,ยาตราใบแก้ว ชนิดเม็ด ใบห่อ 70s (ก.1ขวด), 21.75 
22038,ยาตรีนิสิงเห ตราหมอมี 300ml (ก.1ขวด), 69.00 
22037,ยาตรีนิสิงเห ตราหมอมี 600ml (ก.1ขวด), 129.00 
2-111,ยาถ่าย 123 10x10s มีโปรซื้อเยอะ (ก.10แผง), 465.00 
2041/1,ยาถ่ายท้องผูกสองสี่ 24 10x10s KMP (ก.10แผง) (ก.10แผง), 239.00 
1710/1,ยาธาตุ 4 ตรากิเลน 300ml (ขวด), 47.25 
17111/2,ยาธาตุ 4 ตรากิเลน 450ml (ขวด), 65.50 
17111/3,ยาธาตุ 4 ตรากิเลน 60ml (ขวด), 16.25 
431,ยาธาตุจอมทอง 300ml (ขวด), 36.50 
1563,ยาธาตุน้ำขาวตรากระต่ายบิน 200ml *ขายขาด (ขวด), 58.25 
1562,ยาธาตุน้ำขาวตรากระต่ายบิน 50ml *ขายขาด (ขวด), 22.50 
1563/2,ยาธาตุน้ำขาวตรากระต่ายบิน ปอนด์ 450ml *ขายขาด (ขวด), 104.50 
1710/4,ยาธาตุน้ำแดง 8 ตราเยาวราช 240ml (ขวด), 28.50 
1712,ยาธาตุ น้ำแดง วิทยาศรม 300ml **ขึ้น31.50 (ขวด), 28.25 
1713,ยาธาตุ น้ำแดง วิทยาศรม 500ml **ขึ้น41.75 (ขวด), 38.25 
4046/1,ยานวด เซียงเพียวอิ๊ว 100g ร้อน (ก.1หลอด), 91.00 
4046/2,ยานวด เซียงเพียวอิ๊ว 32g ร้อน (ก.1หลอด), 32.25 
4046/3,ยานวด เซียงเพียวอิ๊ว 62g ร้อน siangpure relief cream (ก.1หลอด), 55.00 
23071,ยานัตถ์ หมอชิต 10กรัม กล่อง36ขวด ลัง10 (กล่อง) (ก.36ขวด), 567.00 
23069,ยานัตถุ์หมอมี 1x30ขวด (ก.30ขวด), 523.00 
23069/1,ยานัตถุ์หมอมี และ กล้อง (ก.10ขวด), 235.00 
1877,ยาน้ำแก้ตัวร้อนเขากุย กวางแดง กล่องน้ำตาล 200ml (ก.1ขวด), 37.50 
2-26/1,ยาน้ำแก้ปวดเมื่อย ตราสิงห์ตีกลอง 150มล โปร5สค67จนสินค้าหมด ลด8บ/ขวด (ขวด), 20.00 
2-793/1,ยาน้ำแก้ไอเด็ก FENESIN GPO 60ml (ก.1ขวด), 16.00 
4860,ยาน้ำแก้ไอ ตราเสือ 11ตัว สูตร 11(มะแว้ง) 60cc (ก..1ขวด), 16.50 
4088/1,ยาน้ำแก้ไอมะขามป้อม ตราไอยรา 120ml (เขียว) (ก.1ขวด), 31.50 
4088,ยาน้ำแก้ไอมะขามป้อม ตราไอยรา 60ml (เขียว) (ก.1ขวด), 17.00 
4091/2,ยาน้ำแก้ไอมะแว้ง ตราไอยรา 120ml (แดง) (ก.1ขวด) (ก.1ขวด), 31.50 
4091,ยาน้ำแก้ไอมะแว้ง ตราไอยรา 60ml (แดง) (ก.1ขวด), 18.75 
4091/3,ยาน้ำแก้ไอมะแว้ง ตราไอยรา อะฮ่า (ก.1ขวด) **ราคาพิเศษ** (ก.1ขวด), 16.50 
4090,ยาน้ำแก้ไอมะแว้ง ไลท์ ตราไอยรา 60ml (ขาว) (ก.1ขวด), 21.75 
1937,ยาน้ำแก้ไอ โยคี ศิริ 60cc 27บ (ก.1ขวด) (ก.1ขวด), 11.25 
1111/11,ยาน้ำแก้ไอ สมุนไพร หมอมี กลิ่นยูสุ 60ml *โปรดดูวันexp (ก.1ขวด), 22.50 
1111/8,ยาน้ำแก้ไอ สมุนไพร หมอมี มะขามป้อม 60ml (ก.1ขวด), 22.50 
1111/89,ยาน้ำแก้ไอ สมุนไพร หมอมี มะขามป้อม 60ml *ขายขาด โปรดดูวัน exp (ก.1ขวด), 22.50 
1978/1,ยาน้ำขับลมในกระเพาะ ตราคีมเหล็ก 240ml (ขวด), 31.50 
2010,ยาน้ำตราเสือ 11 ตัว สูตร111 150cc ขวดพลาสติก แพค10ขวด (ขวด) (ขวด), 19.00 
987,ยาน้ำ ทวิน เขากวางอ่อน 500cc 395บ- (ก.1ขวด) (ก.1ขวด), 267.00 
1565/3,ยาน้ำ ไบโอขาว 240ml ยาสามัญประจำบ้าน (สุตร Belcid Forte) **โปร 4กพ-28มีค69 ลด12บ (ขวด), 31.25 
3398/6,ยาน้ำ มะขามป้อม วังหลัง 60ml ขวดฟ้า ฟาร์มาฮอฟ บ หมด (ขวด), 10.75 
4045/1,ยาน้ำมันวังว่าน 22cc (ก.1ขวด) รหัส 4045/1 (ก.1ขวด), 102.00 
4045/3,ยาน้ำมันวังว่าน 55cc (ก.1ขวด) รหัส 4045/3 (ก.1ขวด), 136.50 
4045/2,ยาน้ำมันวังว่าน ลูกกลิ้ง 8cc (ขวด) (ขวด), 40.00 
4089/7,ยาน้ำสเปรย์ ตราไอยสวรรค์ 15ml มีโปรซื้อเยอะ (ก.1ขวด), 69.00 
16524,ยาน้ำ สมุนไพร ตรารวงข้าว24ml *มีโปรซื้อเยอะ *ใหม่58บ (ก.1ขวด), 56.00 
1909/1,ยาบำรุงร่างกาย ตราพญานาค ผู้ชาย 100cc (ขวด), 16.50 
1909,ยาบำรุงร่างกาย ตราพญานาค ผู้ชาย 150cc (ขวด), 19.75 
14047,ยาประสระน้ำนม ตราพารา (ฟ้า) (กล่อง24ซอง) (ก.24ซอง), 911.00 
106,ยาปอคุณเอี๊ยะบ๊อ 250ml (ขวด), 54.00 
792,ยาปอคุณเอี๊ยะบ๊อ 500ml (ขวด), 107.00 
2292/7,ยาปัถวี หมอมี สูตร 2 สเปรย์ปวดเมื่อย 26ml (ก.1ขวด), 67.00 
3535,ยาผง ดองเหล้าตรา 9 เหรียญ (ซอง), 9.67 
2001,ยาผงตราเสือ 11 ตัว สูตร11 (หน้าซองสีฟ้า) (ซอง) (ซอง), 13.59 
14035/1,ยาผงเป่าคอ ตราไก่ดำ 5g (ก.1ขวด), 24.25 
1680,ยาผงพิเศษ ตราร่มชูชีพ มีโปรซื้อเยอะ (ก.36ซอง), 341.00 
3534,ยาแผ่น ดองเหล้าตรา 9 เหรียญ (ซอง), 9.67 
1001/5,ยาพรีม่าเดย์ 450mg 3x10s (ก.3แผง) [KMP] (ก.3แผง), 76.75 
2-64/1,ยาเม็ดช้ำใน 30เม็ด 99บ ตรามือรับเหรียญทอง (ก.30เม็ด), 43.75 
ก.พ.-64,ยาเม็ดช้ำใน 4เม็ด 30บ โหล ทิพะอี้ **178ใหม่ (ก.4เม็ด) (ก.4เม็ด), 14.75 
2-64/2,ยาเม็ดเซียวทีตัน ตราเหรียญแดง 120เม็ด 200g (ก.1ขวด), 48.50 
1593,ยาเม็ด ตรางามระหง 80s (ก.80เม็ด), 36.50 
52,ยาเม็ดบรรเทาริดสีดวงทวารหนัก ตราปลามังกร 200s (ก.1ขวด), 56.75 
1418,ยาเม็ดบรรเทาริดสีดวงทวารหนัก สามก๊ก 150s (ก.1ขวด), 54.50 
1418/1,ยาเม็ดบรรเทาริดสีดวงทวารหนักสามก๊ก SAMKOK DRAFT 500mg 2x15s (ก.2แผง), 135.00 
17251/6,ยาเม็ดมะขามแขกตราดอกว่าน 100s [ขาวละออ] (ขวด), 83.00 
2172,ยาเม็ดลี้บ้วนซัว ตราตกเบ็ด 100s (ก.1ขวด), 36.50 
1618,ยาเม็ดลี้บ้วนซัว ตราตกเบ็ด 300s (ก.1ขวด), 91.00 
1617,ยาเม็ดลี้บ้วนซัว ตราตกเบ็ด 50s (ก.1ขวด), 19.50 
846/1,ยาระบาย TS MOM MILK OF MAGNESIA 240ml MM (มิ้นท์) มีโปรซื้อเยอะ (ขวด), 24.00 
2-64/3,ยาสตรีกิมโกยทิซิ่ว 240cc (ก.1ขวด) (ก.1ขวด), 59.00 
2-64/4,ยาสตรีกิมโกยทิซิ่ว 450cc (ก.1ขวด) (ก.1ขวด), 117.00 
1651/1,ยาสตรีชนิดแคปซูล ไซซี มาดาม มาดาม XISHI 60s (ก.60เม็ด), 720.00 
2619,ยาสตรีนิสิงเห จอมทอง 300ml (ก.1ขวด), 43.42 
2618,ยาสตรีนิสิงเห จอมทอง 750ml (ก.1ขวด), 81.00 
1907,ยาสตรีเพ็ญภาค 180ml (ก.1ขวด), 28.00 
1908,ยาสตรีเพ็ญภาค 300ml (ก.1ขวด), 37.75 
1906,ยาสตรีเพ็ญภาค สกัด ชนิดแคปซูล 30s (ก.30เม็ด), 65.00 
4429,ยาสตรีเพ็ญภาค สูตร 2 180ml (ก.1ขวด), 29.25 
22040,ยาสตรี เล่งคุณ สูตร 2 (สีทอง) 250cc 85บ บ เลิก (ก.1ขวด), 42.75 
2662/30,ยาสีฟัน SENSODYNE MULTI CARE 100g (ก.1หลอด), 167.00 
24050/1,ยาสีฟัน YUUU 120g [advance probiotic & pine needle] (ก.1หลอด), 113.00 
มี.ค.-81,ยาสีฟัน รุ่งอรุณ **ขายขาด (ซอง), 9.41 
24050,ยาสีฟัน วิเศษนิยม (ซอง) (ซอง), 13.00 
2167,ยาหม่องขาว เซียงเพียวอิ๊ว บาล์ม 12g *ขึ้น28.5 (ก.1ขวด), 28.00 
1858,ยาหม่อง ตราถ้วยทอง ชนิดขวด 12g (ก.1ขวด), 22.25 
1855,ยาหม่อง ตราถ้วยทอง ชนิดขวด 22g (ก.1ขวด), 38.75 
206,ยาหม่อง ตราถ้วยทอง ชนิดขวด 50g (ก.1ขวด), 72.00 
1859,ยาหม่อง ตราถ้วยทอง ชนิดตลับ 2g (แพค12ตลับ), 64.00 
1857,ยาหม่อง ตราถ้วยทอง ชนิดตลับ 4g (แพค12ตลับ), 129.00 
1860,ยาหม่อง ตราถ้วยทอง ชนิดตลับ 8g (แพค12ตลับ), 213.00 
206/1,ยาหม่อง ตราถ้วยทองสูตรสมุนไพร 50g เขียว (ก.1ขวด), 73.00 
1750,ยาหม่อง [ตราลิง] 18g ขวดใหญ่พิเศษ (ก.1ขวด), 32.08 
1746,ยาหม่อง [ตราลิง] 4g ตลับกลาง (แพค12ตลับ), 129.00 
1749,ยาหม่อง [ตราลิง] 8g ตลับใหญ่ (แพค12ตลับ), 214.00 
1747,ยาหม่อง [ตราลิง] ขวด12g (ก.1ขวด), 22.34 
1709/26,ยาหม่องแท่ง Pastel กลิ่น น้ำมันผิวส้ม (หลอด), 37.50 
1709/25,ยาหม่องแท่ง Pastel กลิ่น มะม่วง (หลอด), 37.50 
1709/24,ยาหม่องแท่ง Pastel กลิ่น มิกซ์เบอร์รี่ (หลอด), 37.50 
1854,ยาหม่องนํ้า ตราถ้วยทอง 3ml (ก.1ขวด), 16.75 
1850,ยาหม่องนํ้า ตราถ้วยทอง 7ml (ก.1ขวด), 31.00 
1850/1,ยาหม่องนํ้า ตราถ้วยทองลูกกลิ้ง 7ml (ขวด), 33.25 
1709/22,ยาหม่องน้ำ Pastel กลิ่น ตะไคร้ (หลอด), 30.00 
1709/20,ยาหม่องน้ำ Pastel กลิ่น น้ำมันผิวส้ม (หลอด), 30.00 
1709/21,ยาหม่องน้ำ Pastel กลิ่น มิกซ์เบอร์รี่ (หลอด), 30.00 
1709/23,ยาหม่องน้ำ Pastel กลิ่น เมนทอล (หลอด), 30.00 
1904,ยาหม่องน้ำ เซียงเพียวอิ๊ว สูตร1 (แดง) 25ml (ก.1ขวด), 101.25 
1903,ยาหม่องน้ำ เซียงเพียวอิ๊ว สูตร1 (แดง) 3ml (ก.1ขวด), 19.75 
1902,ยาหม่องน้ำ เซียงเพียวอิ๊ว สูตร1 (แดง) 7ml (ก.1ขวด), 37.25 
1902/1,ยาหม่องน้ำ เซียงเพียวอิ๊ว สูตร1 ลูกกลิ้ง (แดง) 5ml (ก.1ขวด), 33.00 
4044,ยาหม่องน้ำ เซียงเพียวอิ๊ว สูตร2 (ขาว) 25ml (ก.1ขวด), 101.25 
4046,ยาหม่องน้ำ เซียงเพียวอิ๊ว สูตร2 (ขาว) 3ml (ก.1ขวด), 19.75 
4045,ยาหม่องน้ำ เซียงเพียวอิ๊ว สูตร2 (ขาว) 7ml (ก.1ขวด), 37.25 
1902/2,ยาหม่องน้ำ เซียงเพียวอิ๊ว สูตร2 ลูกกลิ้ง (ขาว) 5ml (ก.1ขวด), 33.00 
4045/5,ยาหม่องน้ำ ตรางู ลูกกลิ้ง กลิ่นลาเวนเดอร์ 5ml Medicated oil LAVENDER SCENT (ก.1ขวด), 36.25 
4045/4,ยาหม่องน้ำ ตรางู สีแดง ลูกกลิ้ง 5ml Snake Brand Medicated oil (ก.1ขวด), 36.25 
5004/1,ยาหม่องไพล ตราแม่กุหลาบ 50g (ก.1ขวด), 48.25 
4511,ยาหม่อง ไพลสด ตราหมอเอี้ยง 50g มีซื้อเยอะ (ก.1ขวด), 55.25 
5004/5,ยาหม่องยาหม่องสูตรเย็น เถาเอ็นอ่อน ตราวังพรม 50กรัม สีส้ม (ก.1ขวด), 55.25 
5003/4,ยาหม่องวังว่าน 100g (ก.1ขวด) (ก.1ขวด), 171.00 
5003/2,ยาหม่องวังว่าน 30g (ก.1ขวด) (ก.1ขวด), 67.00 
5003/1,ยาหม่องวังว่าน 50g (ก.1ขวด) (ก.1ขวด), 102.00 
5003/3,ยาหม่องวังว่าน 8g (ก.1ขวด) (ก.1ขวด), 24.50 
16400,ยาหม่อง ว่านเหงือกปลาหมอ สูตรเย็น (แม่มะลิ) 50g (ขวด), 64.50 
5004/6,ยาหม่องสูตรเย็น ตะไคร้หอม ตราวังพรม 50กรัม สีม่วง (ก.1ขวด), 55.25 
5004/4,ยาหม่องสูตรเย็น สีฟ้า ตราวังพรม 50กรัม (ก.1ขวด), 53.50 
5004/3,ยาหม่องสูตรเย็น สูตรพิมเสน ตราวังพรม 50กรัม สีชมพู (ก.1ขวด), 55.25 
5004/2,ยาหม่องเสลดพังพอน ตราแม่กุหลาบ 50g (ก.1ขวด), 44.50 
4510,ยาหม่อง เสลดพังพอน ตราหมอเอี้ยง 50g มีโปรซื้อเยอะ (ก.1ขวด), 55.25 
2166,ยาหม่องเหลือง เซียงเพียวอิ๊ว บาล์ม 12g (ก.1ขวด), 28.00 
1658,ยาหวานชง น้ำเต้าทอง กล่องเหลือง5ซอง มีโปรซื้อเยอะ (ก.5ซอง), 46.00 
4509,ยาหอมแก้ลม108 ตราหมอเอี้ยง 35g (ขวด), 25.50 
2437,ยาหอม เด็กในพาน 6g (เล็ก) 14บ (ก.1ขวด) (ก.1ขวด), 8.71 
1722/3,ยาหอม ตรา5เจดีย์ ซอง 3g (ซอง), 3.00 
1721,ยาหอม ตรา5เจดีย์ (เบอร์1) 25g (กล่อง12ขวด) (ก.12ขวด), 290.00 
1722,ยาหอม ตรา5เจดีย์ (เบอร์2) 9g (กล่อง12ขวด) (ก.12ขวด), 124.00 
1864,ยาหอมตราเด็กในพานทอง 17g (ก.1ขวด), 16.50 
1863,ยาหอมตราเด็กในพานทอง 1ซองx3g (ซอง), 3.67 
23029,ยาหอมตราเด็กในพานทอง 37g (ก.1ขวด), 26.00 
12-ม.ค.,ยาหอม เทพจิตร เล็ก 5540กรัม[ตรา5ม้า] เล็ก ก24หลอด (ก.24หลอด), 378.00 
12-มี.ค.,ยาหอม เทพจิตร ใหญ่ [ตรา5ม้า] กล่อง12หลอด (ก.12หลอด), 502.00 
12-ก.พ.,ยาหอมเม็ด เวชพงศ์ 150s (ขวด), 37.00 
2202,ยาหอม ฤาษีทรงม้า (ซอง) มีโปรซื้อเยอะ (ซอง), 3.42 
2204,ยาหอม ฤาษีทรงม้า เบอร์ 1 (กลาง) (ก.1ขวด), 16.17 
1411,ยาหอม ฤาษีทรงม้า เบอร์ 2 (เล็ก) (ก.1ขวด), 14.67 
2203,ยาหอม ฤาษีทรงม้า ใหญ่พิเศษ (ก.1ขวด), 24.00 
171760/8,ยาหอมลูกอินทร์ ชนิดผง 8g (ขวด), 80.00 
171760/9,ยาหอมลูกอินทร์ ชนิดเม็ด 8g (ขวด), 75.00 
151560/2,ยาห้าราก แคปซูล 50s [KMP] (ก.1ขวด) (ก.1ขวด), 65.00 
17251/5,ยาห้ารากสกัด 60s [ขาวละออ] (ขวด), 83.50 
23047,ยาเหลืองแก้ทราง ค้างคาว แท่ง (ซอง), 6.58 
4955,ยาอม commic brywood 10s (ซอง), 8.00 
2943/3,ยาอม GOLDEN THROAT LOZENGE 2x6s (ก.12เม็ด), 29.00 
2943,ยาอม กำกิกเผี่ยง (1กล่องใหญ่ มีกล่องเล็ก12ก.) (ก.12กล่อง), 440.00 
25052/2,ยาอมแก้ไอตราตะขาบ 5 ตัว ซอง30เม็ด ตะไคร้ (ซอง) มีโปรซื้อเยอะ (ซอง), 13.00 
25052/1,ยาอมแก้ไอตราตะขาบ 5 ตัว ซอง30เม็ด บ๊วย (ซอง) (ซอง), 13.15 
25052,ยาอมแก้ไอตราตะขาบ 5 ตัว ซอง40เม็ด ดั้งเดิม (ซอง) มีโปรซื้อเยอะ (ซอง), 13.00 
16700/12,ยาอมแก้ไอ สมุนไพร เฮงเฮง 1x12ซอง (ก.12ซอง), 135.00 
25054,ยาอม [ตะขาบ5ตัว] ตลับ (รสบ๊วย) (ตลับ) (ตลับ), 25.50 
25055,ยาอม [ตะขาบ5ตัว] ตลับ (รสมิ้นท์) (ตลับ) (ตลับ), 25.50 
25053,ยาอม [ตะขาบ5ตัว] ตลับ (รสสมุนไพร ดั้งเดิม) (ตลับ), 25.50 
4089/2,ยาอมผสมตรีผลา [ไอยรา] 10x8s IYARA TRIPHALA LOZENGE (ก.10ซอง), 138.00 
2-627/1,ยาอมผสมมะแว้ง รสบ๊วย (กล่องแดง) KMP (ก.20ซอง), 107.00 
4089/3,ยาอมผสมมะแว้ง [ไอยรา] รสเปลือกส้ม (ก.20ซอง) (ก.20ซอง), 315.00 
4089/1,ยาอมผสมมะแว้ง [ไอยรา] รสมะนาว (ก.20ซอง) **ใหม่387บ (ก.20ซอง), 315.00 
3397,ยาอม มะขามป้อม (สูตร2) [อภัยภูเบศร] ซอง40s เขียว (แพค) (ซอง), 8.00 
1618/1,ยาอมไรซ่าคอฟ RHIZAKOF Lozenges 20x10s (ก.20แผง), 149.00 
25052/9,ยาอมสมุนไพรเซียงเพียว 24ซองx30s (ก.24ซอง), 337.00 
2922,ยาอมสมุนไพร ตรามังกรทอง บ๊วยเค็ม อ้วยอัน เหลือง (ถาด18หลอด), 130.00 
2383,ยาอมสมุนไพร ตรามังกรทอง บ๊วยเค็ม อ้วยอัน เหลือง (กป.60หลอด), 434.00 
2385,ยาอมสมุนไพร ตรามังกรทอง เปลือกส้ม (กระปุก60หลอด)[อ้วยอัน] ส้ม (กป.60หลอด), 434.00 
2925,ยาอมสมุนไพร ตรามังกรทอง เปลือกส้ม (ถาด18ขวด)[อ้วยอัน] ส้ม (ถาด18หลอด), 130.00 
2919,ยาอมสมุนไพร ตรามังกรทอง มะขามป้อม (ถาด18ขวด)[อ้วยอัน] เขียวอ่อน (ถาด18หลอด), 130.00 
2384,ยาอมสมุนไพร ตรามังกรทอง มะนาว (กระปุก60หลอด)[อ้วยอัน] เขียว (กป.60หลอด), 434.00 
2923,ยาอมสมุนไพร ตรามังกรทอง มะนาว (ถาด18ขวด)[อ้วยอัน] เขียว (ถาด18หลอด), 130.00 
2386,ยาอมสมุนไพร ตรามังกรทอง มะแว้ง (กระปุก60หลอด)[อ้วยอัน] ม่วง (กป.60หลอด), 434.00 
3395,ยาอมสมุนไพร ตรามังกรทอง มะแว้ง (ถาด18ขวด)[อ้วยอัน] ม่วง (ถาด18หลอด), 130.00 
2924,ยาอมสมุนไพร ตรามังกรทอง รวม3รส (ถาด18ขวด)[อ้วยอัน] เขียว ส้ม เหลือง (ถาด18หลอด), 130.00 
4089/4,ยาอมสมุนไพร ตราไอยสวรรค์ 20x15s (ก.20ซอง), 260.00 
4089,ยาอมสมุนไพร ผสมมะแว้ง ตราไอยรา รสบ๊วย 20x15s (ก.20ซอง), 315.00 
4089/8,ยาอมไอยรา LITE ตรีผลา 15x8s SF LOZENGE (ก.15ซอง) (ก.15ซอง), 349.00 
2159/2,ยูคาลิป สเปรย์ ฝาขาว รุ่นInnocence 280ml [polar ตราหมี] (กระป๋อง), 185.00 
19002,เยนเชี่ยนไวโอเลต วิทยาศรม 15ml (ก.12ขวด), 84.00 
19001,เยนเชี่ยนไวโอเลต วิทยาศรม 30ml (ก.12ขวด), 101.00 
9998/24,รถเข็นผู้ป่วย HEALTH IMPACT วีลแชร์ เหล็กชุบสี FY809 มีเบรคมือ ล็อคล้อ (คัน)," 2,620.00 "
9998/13,รถเข็นผู้ป่วย วีลแชร์ เหล็กชุบโครเมียม 24S-D มีเบรคมือ ล็อคล้อ (คัน)," 2,250.00 "
9999/13,รถเข็นผู้ป่วย วีลแชร์ เหล็กชุปโครเมียม FIC-211HGL TAVEL (คัน)," 2,570.00 "
2085/3,รถพยาบาล สำลีก้อน 100g (ถุง100g), 31.25 
2085/1,รถพยาบาล สำลีก้อน 20g ขนาด0.35g ห่อ20g (ห่อ20g), 8.50 
2085,รถพยาบาล สำลีก้อน 40g (ถุง40g), 13.50 
2083,รถพยาบาล สำลีก้อน ขนาด0.35g 450g (ถุง450g), 129.00 
1762,รถพยาบาล สำลีก้าน 100ก้านใหญ่ 22g COTTON BUD (ซอง), 11.00 
1762/1,รถพยาบาล สำลีก้านเล็ก 100ก้านเล็ก KIDDY COTTON BUD (ซอง), 12.25 
1765/3,รถพยาบาล สำลีแผ่น 3x4นิ้ว 450g (ถุง), 133.00 
1765/1,รถพยาบาล สำลีแผ่น 4x4นิ้ว 450g (ถุง), 130.00 
1765/2,รถพยาบาล สำลีแผ่น 4x6นิ้ว 450g (ถุง), 130.00 
1765,รถพยาบาล สำลีแผ่น 50g (ถุง50g), 19.50 
1765-1,รถพยาบาล สำลีแผ่นรีดข้าง 50g (ถุง), 26.50 
1766/2,รถพยาบาล สำลีม้วน 150g (ม้วน150g), 39.50 
1764,รถพยาบาล สำลีม้วน 200g (ม้วน), 48.50 
1766,รถพยาบาล สำลีม้วน 25g (ม้วน25g), 10.20 
1766/1,รถพยาบาล สำลีม้วน 80g (ม้วน80g), 24.50 
65159,ร่มพับได้ NATEAR สีกรมท่า (ชิ้น), 200.00 
9999/45,ร่มพับ ไทลินอล 8ชั่วโมง (ชิ้น), 100.00 
6082/1,ร่มสั้นเซียงเพียวอิ๊ว (คัน), 200.00 
7549,ร่มสั้นตราเสือ ดำ-เหลือง (คัน), 200.00 
20016,ระดมพล 300ml *มีโปรซื้อเยอะ (ขวด), 43.00 
2712/1,รากสามสิบ ขวด60เม็ด 490บ [V-giff] เข้มข้น วีกี๊ฟ (ขวด) (ขวด), 230.75 
1001/7,รากสามสิบ [คุณสัมฤทธิ์] 60เม็ด *มีโปรซื้อเยอะ ขายขาด (ขวด), 237.00 
999/1,รากสามสิบ ฟอกโลหิต เม็ด [สิงห์แดง] 60s (ขวด) (ขวด), 149.00 
8144/1,รากสามสิบ ยาน้ำ 1แพคมี3ขวดx300ml [คุณสัมฤทธิ์] **โฉมใหม่ ขายขาด (ขวด), 127.00 
4193/1,รางจืด 100s [ขาวละออ] (ขวด) (ขวด), 78.25 
4193,รางจืด 70s [อภัย] 90บ (ขวด70s) (ขวด), 58.50 
13190/1,รุ่น Smart เครื่องตรวจวัดน้ำตาลในเลือด Sinocare safe AQ พร้อมปากกาเจาะ (เครื่อง), 290.00 
921/3,ลาน่า แชมพูปิดผมขาว สีดำธรรมชาติ (ก.12ซอง) (ก.12ซอง), 272.00 
151560/12,ลีออน ยาบรรเทาอาการริดสีดวงทวารหนัก 3x10s (ก.3แผง), 78.00 
3-61/3,ลูกเจี๊ยบ BECARE NATURAL SPONGE [LONGMED] บีแคร์ ฟองน้ำอนามัย (ชิ้น) (ถุง1ชิ้น), 35.00 
4193/3,ลูกใต้ใบ 100s [ขาวละออ] บำรุงตับ (ขวด), 82.00 
1111/99,ลูกประคบสมุนไพร KLINE คลายน์ (อัน) (อัน), 47.50 
2229/1,ลูกยางดูดน้ำมูกซิลิโคน NATUR [NASAL ASPIRATOR] (ก.1ชิ้น), 48.00 
2229,ลูกยางดูด หัวยาง Rubber Ball ดูดน้ำมูก ก.สีฟ้า (ก.1ชิ้น), 20.25 
1737,ลูกยาง เบอร์ 10 Rubber syringe ball (กล่อง) (ก.1อัน), 93.00 
1736,ลูกยาง เบอร์ 1 Rubber syringe ball (กล่อง) (ก.1อัน), 45.00 
1738,ลูกยาง เบอร์ 2 Rubber syringe ball (กล่อง) (ก.1อัน), 52.00 
1739,ลูกยาง เบอร์ 3 Rubber syringe ball (กล่อง) (ก.1ใบ), 56.00 
1740,ลูกยาง เบอร์ 4 Rubber syringe ball (ก.1ใบ) (ก.1อัน), 61.00 
1741,ลูกยาง เบอร์ 5 Rubber syringe ball (กล่อง) (ก.1อัน), 66.00 
1742,ลูกยาง เบอร์ 6 Rubber syringe ball (ใบ) (ก.1อัน), 73.00 
1743,ลูกยาง เบอร์ 7 Rubber syringe ball (กล่อง) (ก.1อัน), 82.00 
1744,ลูกยาง เบอร์ 8 Rubber syringe ball (กล่อง) (ก.1อัน), 84.00 
1745,ลูกยาง เบอร์ 9 Rubber syringe ball (กล่อง) (ก.1อัน), 89.00 
1962/5,ลูกอม รสน้ำผึ้งมะนาว เสือดาว 1x10s (ซอง), 18.50 
2922/1,ลูกอมส้มมือ รสบ๊วย จี้กงแดน 40g (ขวด), 39.00 
151560/9,ลูทีน 417mg 60s [KMP] (ขวด) (ขวด), 136.00 
3647,เล่งคุณเอี๊ยะบ๊อ 500ml (ขวด), 64.00 
1476,ว่านชักมดลูกจอมใจ 30s (ก.3แผง), 153.00 
1469,ว่านชักมดลูก จอมใจ น้ำ กล่องฟ้า เล็ก 300cc 225บ มีโปรซื้อเยอะ (ก.1ขวด), 152.00 
1468,ว่านชักมดลูกจอมใจ น้ำ กล่องฟ้า ใหญ่ 750cc (ก.1ขวด), 303.00 
5122,ว่านชักมดลูก เอี๊ยะบ่อเช่า C&L 20cap (กล่อง), 112.00 
5123,ว่านชักมดลูก เอี๊ยะบ่อเช่า C&L 40s (ก.40เม็ด), 184.50 
5121,ว่านชัก เอี๊ยะบ่อเช่า C&L เล็ก 350cc (ก.1ขวด), 177.00 
5121/1,ว่านชัก เอี๊ยะบ่อเช่า C&L เล็ก 350cc สูตร2 สีทอง (ก.1ขวด), 364.00 
5120,ว่านชัก เอี๊ยะบ่อเช่า C&L ใหญ่ 750cc 550บ (ขวด) (ก.1ขวด), 315.00 
5120/1,ว่านชัก เอี๊ยะบ่อเช่า C&L ใหญ่ 750cc สูตร2 สีทอง (ขวด) (ก.1ขวด), 685.00 
08466/7,ไวท์ฟาร์ม นมอัดเม็ด รสกล้วย ซอง14s [WHITE FRAM] (ก10ซอง) (ก.10ซอง), 85.00 
08466/2,ไวท์ฟาร์ม นมอัดเม็ด รส ช็อคโกแลต ซอง14s [WHITE FRAM] (ก10ซอง) (ก.10ซอง), 85.00 
08466/6,ไวท์ฟาร์ม นมอัดเม็ด รสโยเกิร์ต PROBIOTIC ซอง14s [WHITE FRAM] (ก10ซอง) (ก.10ซอง), 182.25 
08466/1,ไวท์ฟาร์ม นมอัดเม็ด รสสตอเบอร์รี่ ซอง14s [WHITE FRAM] (ก10ซอง) (ก.10ซอง), 84.00 
8466,ไวท์ฟาร์ม นมอัดเม็ด รสหวาน ซอง14s [WHITE FRAM] (ก10ซอง) (ก.10ซอง), 85.00 
1751,สตรีเบนโล เล็ก 180cc (ก.1ขวด), 29.00 
1752,สตรีเบนโล ใหญ่ 280cc (ก.1ขวด), 35.50 
22042,สตรีเล่งคุณ หลังคลอด สูตร2 285บ ขวดฟ้า 500ml รากต้นนมวัว ไม่มีแอลกอฮอล์ (ก.1ขวด) (ก.1ขวด), 123.00 
2245/7,สติกเกอร์กันยุง DINOGANIC 2x10s (ก.10ซอง), 95.00 
1922/12,สติกเกอร์โพลาร์ POLAR STICKER KLEAR AIR 4ชิ้นx6ซอง (ก.6ชิ้น), 168.00 
2245/60,สติกเกอร์ลายน่ารัก sanrio 2 แผ่น (ชิ้น), 200.00 
1922/4,สติ๊กเกอร์หัวหอมกระชาย OZP 6ชิ้น *มีโปรซื้อเยอะ (ก.6ชิ้น), 48.50 
1922/3,สติ๊กเกอร์หัวหอม กล่องเขียว 6ชิ้น Anti Virus (ลัง100ก) Happy Noz (กล่อง) **ขายขาด (ก.6ชิ้น), 63.00 
1922/1,สติ๊กเกอร์หัวหอม กล่องฟ้า 6ชิ้น Anti Bac (ลัง100กล่อง) Happy Noz **ขายขาด (ก.6ชิ้น), 63.00 
1922,สติ๊กเกอร์หัวหอม กล่องม่วง 6ชิ้น (กล่อง) Happy Noz **ขายขาด (ก.6ชิ้น), 63.00 
1922/2,สติ๊กเกอร์หัวหอม กล่องส้ม 6ชิ้น Clove oil (ลัง100กล่อง) (กล่อง) Happy Noz **ขายขาด (กล่อง), 63.00 
2245/6,สติกเกอร์หัวหอมแดง DINOGANIC 1x10s (ก.10แผ่น), 95.00 
8888/88,สแตน MUCLEAR (ชิ้น), 150.00 
9,สบู่ ACNE-AID BAR OIL CONTROL 100g (ก้อน), 176.00 
มี.ค.-67,สบู่ BENNETT-Extrawhite เบนเนท-เอ็กซ์ตร้าไวท์ 55บ (ก.1ก้อน) (ก.1ก้อน), 40.00 
มี.ค.-65,สบู่ BENNETT VIT C&E ส้ม เบนเนท (ก้อน) (ก.1ก้อน), 36.00 
มี.ค.-62,สบู่ BENNETT VIT E เบนเนทผสมวิตามินอี 42บ ขาว (ก้อน) (ก.1ก้อน), 33.00 
มี.ค.-63,สบู่ BENNETT ขมิ้น เหลือง เบนเนท 42บ (ก้อน) (ก.1ก้อน), 33.00 
มี.ค.-68,สบู่ BENNETT เบนเนท มะละกอ แพค12ก้อน (ก้อน) (ก้อน), 33.00 
มี.ค.-64,"สบู่ BENNETT เบนเนท, ว่าน ฟ้า 42บ (ก้อน) (ก้อน)", 33.00 
มี.ค.-66,สบู่ BENNETT อโรม่า เบนเนท (ก้อน) (ก.1ก้อน), 33.00 
มี.ค.-71,สบู่ bijou Acne Defense Detox ดีท็อกซ์ ป้องกันสิว ซัลเฟอร์ 2.5% 30g *ปรับขึ้น มิย69 (ก.1ก้อน), 37.50 
9-ม.ค.,สบู่ OILATUM SOAP BAR 100g (ก้อน) (ก้อน), 162.00 
9-เม.ย.,สบู่ TG11 SOAP 80g (ก้อน) (ก้อน), 18.50 
9993/1,สเปรย์กันยุง เขียว 30cc [เมอร์ซี่] กลิ่นฟลอร่า [Soffell] แพค4ขวด (ขวด) (ขวด), 19.25 
2926/6,สเปรย์กันยุง ตราเสือ MOSQUITO REPELLENT AEROSOL SPRAY 120ml มีโปรซื้อเยอะ (ขวด), 91.75 
9994/1,สเปรย์กันยุง ส้ม 30cc [เมอร์ซี่] กลิ่นเฟรช แพค4ขวด (ขวด) (ขวด), 19.25 
25057,สเปรย์แก้ไอ [ตะขาบ5ตัว] 20ml (ลัง6โหล) (ขวด) (ก.1ขวด), 83.50 
4148/11,สเปรย์บ้วนปาก C-20 PLUS 30ml (เขียว) คน/แมว (ก.1ขวด), 71.00 
4148/12,สเปรย์บ้วนปาก C-20 PLUS 30ml (แดง) คน/หมา (ก.1ขวด), 59.75 
5006,สมุนไพรวังพรม ยาหม่องผสมไพล สูตร2 (เหลือง) 100g (ก.1ขวด), 99.25 
5002,สมุนไพรวังพรม ยาหม่องผสมไพล สูตร2 (เหลือง) 20g (ก.1ขวด), 31.75 
5004,สมุนไพรวังพรม ยาหม่องผสมไพล สูตร2 (เหลือง) 50g (ก.1ขวด), 53.50 
5005,สมุนไพรวังพรม ยาหม่องผสมเสลดพังพอน สูตร2 (สีเขียว) 100g (ก.1ขวด), 99.25 
5001,สมุนไพรวังพรม ยาหม่องผสมเสลดพังพอน สูตร2 (สีเขียว) 20g (ก.1ขวด), 31.75 
5003,สมุนไพรวังพรม ยาหม่องผสมเสลดพังพอน สูตร2 (สีเขียว) 50g (ก.1ขวด), 53.50 
13620/1,สายน้ำเกลือ [ANB] IV SET INFUSION 21g*1.5นิ้ว 0.8x38mm 20Drops/ml (ลัง500) (ถุง) (ถุง), 11.00 
13620/2,สายน้ำเกลือ[GREETMED] IV SET INFUSION 20Drops=1mL±0.1mL(1g±0.1g) (ถุง) (ถุง), 9.00 
13620/8,สายน้ำเกลือ [zanative] IV SET INFUSION 21g*1.5นิ้ว 20Drops/ml (ถุง), 8.25 
72153,สายให้อาหาร เบอร์14 SILICONE STOMACH TUBE (ชิ้น) (ชิ้น), 219.00 
71163,สายให้อาหาร เบอร์16 SILICONE STOMACH TUBE (ชิ้น) (ชิ้น), 199.00 
1465/30,สายออกซิเจน Adult (Size L) Disposble Nasal Oxygen Cannula (ถุง) (ถุง), 16.00 
133101/2,สำลีชุบแอลกอฮอล์ JP Care 1x100แผงx8s (ก.100แผง), 492.00 
172202/20,สุภาพโอสถ 4MIX OIL 30s (ขวด), 138.00 
172202/19,สุภาพโอสถ BLACK SESAME OIL + RICE BRAN OIL งาดำสกัดเย็น 30s (ขวด), 137.00 
2000,เสือ 11 ตัว [แผ่น] (ซอง) รหัส 2000 (ซอง), 15.92 
5494,เสื้อยีด MOTILIUM สีขาว (ตัว), 200.00 
7539,เสื้อยีดคอกลม tylenol 8hr (ชิ้น), 200.00 
4488,เสื้อยีดคอกลม สีแดง tylenol (ชิ้น), 200.00 
1926-1,แสงสว่างตราค้างคาว ผง ลัง60 (ซอง) (ซอง), 6.53 
17241,หญ้าหนวดแมว สกัด 60s 150บ [ขาวละออ] (ขวด) (ขวด), 78.25 
1465/2,หน้ากาก N95 สีขาว ซอง1ชิ้น กล่อง30ชิ้น [NEXT HEALTH] *ใหม่ 127บ (ก.30ชิ้น), 93.00 
3905/9,หน้ากาก กระดาษ ไทย สีเขียว 50ชิ้น [Medimask] **ขึ้น68 (ก.50ชิ้น), 64.00 
1465/25,หน้ากากพ่นยา Medical Nebulizers (ถุง) รหัส 1465/25 (ถุง), 62.00 
1465/26,หน้ากากพ่นออกซิเจนพร้อมถุง Adult (XL) Oxygen Masks with Bag (ถุง) (ถุง), 62.00 
1465/27,หน้ากากพ่นออกซิเจนพร้อมถุง Children (S) Oxygen Masks with Bag (ถุง) (ถุง), 62.00 
1465/5,หน้ากาก สีขาว KF94 4ชั้น กล่อง25ชิ้น [MEDMASK 3D ซีเมด] ใช้ทางการแพทย์ (กล่อง) (ก.25ชิ้น), 76.00 
1465/6,หน้ากาก สีขาว MEDMASK 3D กล่อง30ชิ้น (ก.30ชิ้น), 76.00 
1465/7,หน้ากาก สีดำ KF94 4ชั้น กล่อง25ชิ้น [MEDMASK 3D ซีเมด] ใช้ทางการแพทย์ (กล่อง) (ก.25ชิ้น), 76.00 
5164/1,หน้ากากอนามัย 3D mask สีขาว LOC pm2.5 10x10s (ซอง10ชิ้น), 24.00 
1465/21,หน้ากากอนามัย 3M 1x50s สีเขียว (ก.50ชิ้น), 72.00 
5164/2,หน้ากากอนามัย 3ชั้น mask สีขาว ซองเดี่ยว 1x50s LOC PURE CARE (ก.50ซอง), 39.00 
1465/22,หน้ากากอนามัย KN95 mask สีโอรส ก.10ชิ้น [Maxxlife] (ก.10ชิ้น), 112.00 
6919/1,หมวก เสือขาว-ดำ FC BAYERN (ใบ), 300.00 
16800,หม่องอำพันทอง แม่มะลิ (สีเหลือง) มีโปรซื้อเยอะ (ขวด), 64.50 
7211/1,หมอนรองคอ counterpain (ก.1ชิ้น), 300.00 
1861,หม้อนอนพลาสติก B-01 (ใบ) (ใบ), 103.00 
1861/2,หม้อนอนพลาสติกอย่างดี dwell รับน้ำหนักได้100kg (ถุง), 106.00 
1861/3,หม้อนอนพลาสติกอย่างดี เปิดฝาได้ dwell รับน้ำหนักได้100kg (ถุง), 135.00 
2104/1,หมากหอม เยาวราช ซอง4.5g รุ่นใหม่ (ก.50ซอง), 245.00 
2103/2,หมากหอม เยาวราช ตลับดีบุก 5.5g กล่อง12ตลับ (ก.12ตลับ), 188.00 
2103/1,หมากหอม เยาวราช ใหญ่ 11.4g กล่อง20ตลับพลาสติก แบ่งขาย (ตลับ), 14.25 
632/1,หลินจือสกัดพลัสซี 60s [ขาวละออ] (ขวด), 224.00 
4193/4,เหงือกปลาหมอ 100s [ขาวละออ] น้ำเหลืองไม่ดี (ขวด), 109.00 
632,เห็ดหลินจือ [อ้วยอัน] (ขวด100) รหัส 632 (ขวด), 193.00 
161202,(เหลือง) 100g ยาหม่อง โอสถทิพย์ ใหญ่ (ขวด), 42.00 
161203,(เหลือง) 200g ยาหม่อง โอสถทิพย์ จัมโบ้ [5 ม้า] (ขวด), 65.00 
2662/5,ไหมขัดฟัน DENTISTE 50+10เมตร (ชิ้น) (ชิ้น), 64.00 
2662/8,ไหมขัดฟันชนิดด้าม 3M 30s (ซอง), 36.00 
132501,ไหมขัดฟัน ดร.ฟิลิป รสบับเบิลกัม 55หลา DENTAL FLOSS (กล่อง2โหล) (อัน) (อัน), 31.50 
132502,ไหมขัดฟัน ดร.ฟิลิป รสมิ้นท์ 55หลา DENTAL FLOSS ก.24 (อัน) (อัน), 31.50 
2662/7,ไหมขัดฟันด้ามจับ DENTISTE 40s (กล่อง) (กล่อง), 48.50 
17251,อบเชย 100s 220บ [ขาวละออ] (ขวด) (ก.1ขวด), 138.00 
17251/10,อบเชย 100s KMP แก้วมังกร (ก.1ขวด), 112.00 
0205/10,อภัยบี กลีบบัวแดง 70s [อภัยภูเบศ] (ขวด), 166.00 
0205/11,อภัยบี-เมล่อน มะระขี้นก 70s ลดระดับน้ำตาลในเลือด (ก.1ขวด), 188.50 
7858/5,อม COMFY LOZENGE เม็ด 1x10x8s ผสมขิง กลิ่นน้ำผึ้งมะนาว มิ้นท์ (ก.10กล่อง) (ก.10กล่อง), 140.00 
7858/3,อม PROPOLIZ Chewy Vit C 60mg เม็ดเคี้ยว 10x8s (ก.10กล่อง) (ก.10กล่อง), 152.00 
7858,อม PROPOLIZ LOZENGE 10x8s กลิ่นน้ำผึ้งและขิง (ก.10ซอง), 138.00 
7858/2,อม PROPOLIZ Mixs เม็ด 1x15x15s SF ชะเอมเทศ ซีตรัส (ก.15ซอง) (ก.15ซอง), 235.00 
7858/1,อม PROPOLIZ [Vit C] 60mg เม็ด 10x8s โพรโพลิซ มะขามป้อม ซีตรัส ขิง (ก.10ซอง) (ก.10ซอง), 138.00 
7858/4,อม PROPOLIZ X LOZENGE เม็ด 1x15x8s SF น้ำผึ้งมะนาว (ก.15ซอง) (ก.15ซอง), 345.00 
3097,อ้วยอันโอสถ YA COZZ ยาคอส 500mg 30s (ก.3แผง), 38.75 
4335,อ้วยอันโอสถ ยาแคปซูลขมิ้นชัน อ้วยอัน 3x10s (ก.3แผง), 29.50 
2042,อ้วยอันโอสถ ยาใบมะขามแขก ชนิดแคปซูล 400mg 30s (ก.3แผง), 29.00 
1412850/20,อาหารครบถ้วน HOF PRO HMB PLUS ไม่มีน้ำตาลทราย 850g (กระป๋อง), 689.00 
2157/15,อุทัยทิพย์ ใหม่ ตรากิเลน เล็ก 15cc (ขวด) กล่อง2โหล (ขวด), 33.00 
171760/2,อุทัยประสิทธิ์ 100s แก้น้ำหลืองเสีย (ขวด), 166.00 
171760/10,อุทัยประสิทธิ์ 100s ประสะเจตพังคี (ขวด), 166.00 
171760/7,อุทัยประสิทธิ์ 100s ประสะน้ำนม (ขวด), 166.00 
171760/4,อุทัยประสิทธิ์ 200s อำมฤควาที (ขวด), 119.50 
171760/6,อุทัยประสิทธิ์ 20s ธรณีสันฑะฆาต (ขวด), 53.00 
171760/3,อุทัยประสิทธิ์ 75s ธรณีสันฑะฆาต (ขวด), 165.00 
171760/5,อุทัยประสิทธิ์ สบู่ทองพันชั่ง 100g (กล่อง), 60.00 
2-755,อุทัยหมอมี สูตร2 60ml (ขวด), 31.00 
3441/2,เอาท์คัม OUTCOME 60ml เหา (ก.1ขวด), 115.00 
10,แอมโมเนียหอม วิทยาศรม 15ml (ก.12ขวด), 112.00 
2-607,แอมโมเนียหอม วิทยาศรม 30ml (ก.12ขวด), 150.00 
