รหัสสินค้า,ชื่อสินค้า, ราคา 
2-369,0.01 BACTIGRAS แบคทิแกร็ส 10CM ก.10แผ่น, 176.00 
2017/10,0.01 CLARET ASTAXANTHIN PLUS 6mg (แดง-ทอง) 30s, 119.75 
2017/1,0.01 CLARET CALCIUM L-Threonate (ส้ม) 30s, 112.00 
2017/17,0.01 CLARET DATE PALM GLUTAMINE ช่วยนอนหลับ คลายเครียด (ม่วง) 30s, 99.50 
2017/11,0.01 CLARET FISH OIL SOFT GEL 1200mg (ฟ้า-ทอง) 30s, 95.00 
2017/3,0.01 CLARET FOLIC AICD (แดง) 60s, 98.75 
2017/6,0.01 CLARET GINKGO (เขียว) 30s (ขวด), 109.00 
2017/2,0.01 CLARET L-GLUTATHIONE (ชมพู) 30s, 119.00 
2017/5,0.01 CLARET LUTEIN&ZEAXANTHIN (เหลือง) 30s, 122.00 
2017/9,0.01 CLARET MAGNESIUM PLUS (เขียว-ฟ้า) 45s, 99.50 
2017/7,0.01 CLARET MTV28 (ม่วง) 30s (ขวด), 110.00 
2017/8,0.01 CLARET VITAMIN B PLUS (น้ำเงิน-ทอง) 60s, 108.00 
2017/4,0.01 CLARET ZINC PLUS (เงิน-เขียว) 45s, 105.00 
4308/2,0.01 CoolPad เด็ก 5x12ซม 55บ ชมพู คูลแพด [ก.2แผ่น] **ราคาพิเศษ**, 20.00 
3858/9,0.01 DACIN-F 300mg 10x10s เม็ดสีม่วง, 310.00 
3818/19,0.01 DERMO DACYN ECZEMA CARE GEL 15g, 328.00 
3818/18,0.01 DERMO DACYN GEL 60ml เจลเรียกเนื้อ, 449.00 
2-627/13,0.01 EL บ๊วยมะละกอดั้งเดิม (มะละกออบแห้งเป็นชิ้น) ขวดใหญ่ 50g, 16.25 
4270/4,0.01 exp08/26 กาแฟ ยาใจ 15gx15s **ขายขาด ราคาพิเศษ, 50.00 
3827/5,0.01 HCG cassette ตรวจตั้งครรภ์ (หยด) มีโปรซื้อเยอะ, 8.70 
3827/6,0.01 HCG midstream ตรวจตั้งครรภ์ (ฉี่ผ่าน) สีชมพู มีโปรซื้อเยอะ, 17.00 
2140/12,0.01 LYSINE PLUS COLOSTRUM เม็ดเคี้ยว 430mg 24x7s, 565.00 
3450/3,0.01 MANCLAMINE 1000 1x10s, 91.50 
1305/2,0.01 MOXICAP 500mg 10x10s (เม็ดฟ้า-เทา) ยูนีซัน มีโปรซื้อเยอะ, 91.50 
8133/2,0.01 RHINO LOTION SPRAY 4ml แรด ไรโน โลชั่น สีเขียว, 51.00 
2335/7,0.01 SEWA AGE-WHITE SERUM 8mlx6ซอง **ขายขาด, 255.00 
2335/8,0.01 SEWA ROSE WHITENING DAY CREAM SPF 50+ PA++++ 8mlx6ซอง **ขายขาด, 233.00 
9993/8,0.01 SKINTER GUARD insect block deet 50 70ml, 125.00 
9993/9,0.01 SKINTER GUARD insect block deet 95 70ml, 163.00 
3895/4,0.01 SMOOTH E SUN ACNE OIL CONTROL SPF 50+ 30g กันแดด, 469.00 
3895/3,0.01 SMOOTH E SUN WHITE SPOT CLEAR SPF 50+ 30g กันแดด, 469.00 
3895/2,0.01 SMOOTH E SUN WRINKLE ANTI SPOT SPF 50+ 30g กันแดด, 469.00 
655/9,0.01 SMOOTH LIFE BIO C 600mg 15s รสส้ม มีโปรซื้อเยอะ, 59.00 
511,0.01 STUD สตุด (ยาทน), 267.00 
3900/9,0.01 UMBILI NURISHING ROSE BALM 5g ลิปมัน/บำรุงหัวนมแตก, 51.00 
3900/8,0.01 UMBILI ORGANIC OIL CREAM แท่งพกพา 5g, 51.00 
1922/8,0.01 UMBILI อัมบิลี่ ชิ่วชิ่ว สติกเกอร์กันยุง หายใจโล่ง 1x10s กลิ่น geranium สีชมพู, 56.00 
3002/16,0.01 U-R TUSS 50x10s เม็ดกลมเขียว, 409.00 
132402/14,0.01 เครื่องวัดความดัน NOVAMED หน้าจอLED digital รุ่นAES-U392 สายรัด22ถึง42cm ประกัน5ปี, 475.00 
2374/10,0.01 พลาสเตอร์ ซอง10ชิ้น Flexie [TIGERPLAST] ไทเกอร์พลาส (ซอง10แผ่น), 12.25 
2374/15,0.01 พลาสเตอร์ ซอง4ชิ้นx10ซอง Flexie [TIGERPLAST] ไทเกอร์พลาส (ซอง4แผ่น), 78.00 
2159/4,0.01 แพคคู่ POLAR SPRAY 280ml ฝาฟ้า 2ขวด แถม POLAR SPRAY INNOCENCE 80ml 1ขวด, 420.00 
16700/11,0.01 ยาดมสมุนไพร เฮงเฮง 5g, 20.50 
3907/21,0.1 HANDY HERB gummy 6x1x4s รสราสเบอร์รี่ (ASTAXANTHIN 6mg), 169.00 
3907/20,0.1 HANDY HERB gummy 6x1x4s รสสตอเบอร์รี่ (Gluta+VitC), 169.00 
2967/1,0.5 x10yds RHINOTAPE SPORT TAPE 1x24roll, 432.00 
1734/6,0.5 x10yds SPORT TAPE 1x1s [SOS], 17.00 
2-441/3,0.5นิ้ว*10หลา Tigerplast Caripore Clear tape (NEOPORE) (ก.1ม้วน), 17.75 
13294/4,0.5นิ้วx10หลา 24ม้วน Transpore TR1 SOS PLUS เทปแต่งแผลชนิดใส, 271.00 
2967/2,0.5นิ้วx10หลา BIO SPORT TAPE แบบรุพรุน (กระบอก24ม้วน), 357.00 
15197,0.5นิ้วx10หลา PR เยื่อกระดาษ 10ม้วน กล่องน้ำเงิน SOS PLUS เทปแต่งแผล, 109.50 
4004/1,0.5นิ้วx10หลา Rhinopore เทปแปะผ้าก๊อซใส (ก.24ม้วน), 387.00 
1735/7,0.5นิ้วx10หลา Rhinotape Porous White มีกล่อง (ก.12ม้วน), 310.00 
1735/8,0.5นิ้วx10หลา Rhinotape สีน้ำตาล Porous Brown มีกล่อง, 310.00 
2-441/6,0.5นิ้วx10หลา Tigerplast Caripore paper แพค12ม้วน (micropore) (ก.1ม้วน), 19.00 
13294/6,0.5นิ้วx10หลา TR1 10ม้วน ก.แดง SOS PLUS เทปแต่งแผลชนิดใส, 112.50 
2-98/6,0.5นิ้วx1.5หลา Rhinopore เทปแปะผ้าก๊อซใส, 136.00 
2-98/5,0.5นิ้วx2.5หลา Rhinopore เทปแปะผ้าก๊อซใส, 82.00 
2-98/7,0.5นิ้วx5หลา Rhinopore เทปแปะผ้าก๊อซใส (ก.12ม้วน), 149.00 
2-441/4,0.5นิ้วx5หลา แพค12ม้วนTigerplast Caripore Clear tape (NEOPORE) (แพค), 13.50 
13294/10,10cmx10m TIGERPLAST CARIFIX STRETCH แคริฟิกซ์ สเตรช, 268.50 
13295/2,10cmx1m SOS PU ROLL แผ่นฟิล์มใสกันน้ำ, 94.00 
13294,10cmx1m TIGERPLAST CARIFIX STRETCH แคริฟิกซ์ สเตรช, 34.50 
13295,10cmx1m TIGERPLAST CARIFIX WATERPROOF ชนิดฟิล์มใสกันน้ำ แคริฟิกซ์ สเตรช, 89.00 
13282/11,10cmx2m Cariband Tigerpast ผ้าพันแผล ยึดติดเอง [Easifix cohesive] (กล่อง10ม้วน), 688.25 
3217/11,"10PROBIOTICS 3gx20ซอง เท็นโปรไบโอติก 250,000ล้านตัว", 480.00 
8682,19x56mm TIGERPLAST WATERPROOF FIT 1x16ชิ้น, 29.50 
1734/1,1 x10yds RHINOTAPE SPORT TAPE 1x12roll, 432.00 
1734/2,1 x10yds SPORT TAPE 1x1s [SOS], 29.00 
13294/5,1นิ้วx10หลา 12ม้วน Transpore TR3 SOS PLUS เทปแต่งแผลชนิดใส, 271.00 
1734/4,1นิ้วx10หลา BIO SPORT TAPE แบบรุพรุน (กระบอก12ม้วน), 357.00 
1731/5,1นิ้วx10หลา Neoplast Neoclear เทปแปะผ้าก๊อซ ชนิดใส, 254.00 
1734,1นิ้วx10หลา NEOTAPE กระบอก, 395.00 
1731/3,1นิ้วx10หลา Rhinopore 1นิ้วx10หลา เทปแปะผ้าก๊อซใส (ก.12ม้วน), 385.00 
2-441/5,1นิ้วx10หลา Tigerplast Caripore paper แพค12ม้วน (micropore) (ก.1ม้วน), 30.25 
2-441/1,1นิ้วx10หลา แพค12ม้วน Tigerplast Caripore Clear tape (NEOPORE), 30.50 
1731/6,1นิ้วx5หลา Neoplast Neoclear เทปแปะผ้าก๊อซ ชนิดใส, 219.00 
1731/2,1นิ้วx5หลา Rhinopore เทปแปะผ้าก๊อซใส (ก.12ม้วน), 314.00 
1735/6,1นิ้วx5หลา Rhinotape สีน้ำตาล Porous Brown มีกล่อง (ก.12ม้วน), 310.00 
2-441/2,1นิ้วx5หลา Tigerplast Caripore Clear tape แพค12ม้วน (NEOPORE) (แพค), 23.75 
13282/7,2.5cm x 2m Cariband Tigerpast ผ้าพันแผล ยึดติดเอง [Easifix cohesive], 436.50 
13282/17,2.5cm x 4m Rhino Easifix ผ้าพันแผล ยึดติดเอง, 219.00 
07969/2,2in1 ที่ตัดยาเม็ด/บดยา ตัดเม็ดยา 5x6.4cm มีโปรซื้อเยอะ, 29.00 
207/2,2% LIDOCAINE HCL INJECTION 20mg/50ml, 32.00 
1732/1,2 x10yds RHINOTAPE SPORT TAPE 1x6roll, 432.00 
1734/5,2 x10yds SPORT TAPE 1x1s [SOS], 58.50 
1732/4,2นิ้วx10หลา BIO SPORT TAPE แบบรุพรุน (กระบอก6ม้วน), 357.00 
1732,2นิ้วx10หลา NEOTAPE กระบอก, 395.00 
1732/2,2นิ้วx10หลา SportTape (กระบอก6ม้วน) สปอร์ตเทป [NEOTAPE], 472.00 
5164/6,3D MASK DAILY MASK กล่อง30ชิ้น unicharm size L, 315.00 
5164/5,3D MASK DAILY MASK กล่อง30ชิ้น unicharm size M, 315.00 
5164/7,3D MASK DAILY MASK กล่อง30ชิ้น unicharm size S, 315.00 
5164/4,3D MASK DAILY MASK ซอง10ชิ้น unicharm L, 44.50 
5164/3,3D MASK DAILY MASK ซอง10ชิ้น unicharm size M, 44.50 
5165,3M CARBON MASK หน้ากากอนามัยพร้อมชั้นกรองคาร์บอน ทรง3D 4ชั้น 2ชิ้น, 13.00 
5163,3M DAILY KIDS MASK หน้ากากอนามัย สำหรับเด็ก ทรง3D 3ชั้น 4ชิ้น, 17.00 
5164,3M DAILY MASK หน้ากากอนามัย ทรง3D 3ชั้น 3ชิ้น, 15.00 
99995/3,3M DISPOSABLE EARPLUGS NRR32dB (ก.1คู่) โฟมอุดหู ลดเสียง, 14.00 
2-455,3M NEXCARE MICROPORE 1นิ้วx10หลา, 532.00 
2-455/7,3M NEXCARE MICROPORE 1นิ้วx10หลา แบบมีแท่นตัด, 578.00 
3950/1,3M NEXCARE PLASTIC PLASTER สีใส 1x50p, 103.50 
3950,3M NEXCARE TRANSPARENT ใส กันน้ำ 25x72mm 1x50p, 103.50 
ก.พ.-98,3M NEXCARE TRANSPORE 1/2นิ้วx10หลา, 530.00 
1365,3M NEXCARE TRANSPORE 1/2นิ้วx2.5หลา, 99.00 
1367,3M NEXCARE TRANSPORE 1/2นิ้วx5หลา **ขึ้น199, 195.00 
ก.พ.-97,3M NEXCARE TRANSPORE 1นิ้วx10หลา, 520.00 
3904,3M PAINT ODOR RESPIRATOR R95 หน้ากาก 3M กันละอองสีและกลิ่น R95 (1ชิ้น), 20.00 
13282/8,4cm x 2m Cariband Tigerpast ผ้าพันแผล ยึดติดเอง [Easifix cohesive] (ก.10ม้วน), 499.00 
13282/18,4cm x 4m Rhino Easifix ผ้าพันแผล ยึดติดเอง, 325.00 
13282/9,6cm x 2m Cariband ผ้าพันแผล ยึดติดเอง Tigerplas [Easifix cohesive], 576.00 
13282/19,6cm x 4m Rhino Easifix ผ้าพันแผล ยึดติดเอง, 426.00 
13282/10,8cmx2m Cariband Tigerpast ผ้าพันแผล ยึดติดเอง [Easifix cohesive] (กล่อง10ม้วน), 617.00 
13282/20,8cm x 4m Rhino Easifix ผ้าพันแผล ยึดติดเอง, 506.00 
2415/3,A B PRE&PRO 1x10s MEGA, 233.00 
2907/2,ACC SANDOZ 200mg 2x10s รส blackberry, 153.00 
2907/6,ACC SANDOZ 600mg 2x5s รส blackberry, 137.00 
11,ACCU-CHEK GUIDE เครื่อง รวม เข็ม รวม แผ่น25ชิ้น (ชุด) **ราคาพิเศษถึงมีค69**," 1,999.00 "
011/2,ACCU-CHEK Instant strip แผ่น กล่อง25ชิ้น (กล่อง), 433.00 
011/4,ACCU-CHEK Instant strip แผ่น กล่อง50ชิ้น (กล่อง), 739.00 
011/1,ACCU-CHEK Instant เครื่อง รวม เข็ม รวม แผ่น25ชิ้น (ชุด)," 1,295.00 "
4307,ACCU-CHEK เข็ม fastclix (ก.24ชิ้น) แอคคู-เช็ค (กล่อง), 86.50 
4698,ACCU-CHEK เข็ม softclix (ก.25ชิ้น) แอคคู-เช็ค (กล่อง), 81.25 
157,ACCU-CHEK แผ่น active (ก.25ชิ้น) แอคคู-เช็ค (กล่อง), 430.00 
2-407,ACCU-CHEK แผ่น GUIDE (ก.25ชิ้น) แอคคู-เช็ค (กล่อง), 435.00 
2-407/1,ACCU-CHEK แผ่น GUIDE (ก.50ชิ้น) แอคคู-เช็ค **ราคาพิเศษ**, 699.00 
158,ACCU-CHEK แผ่น performa (ก.25ชิ้น) แอคคู-เช็ค (กล่อง), 594.00 
131811/3,ACETATE RINGER INJECTION ถุุง1000ml ป้ายฟ้า [ANB] (ถุง) น้ำเกลือAR, 42.50 
3606,ACETIN 100mg 50ซองx5g, 106.00 
3605,ACETIN 200mg 50ซองx5g, 151.00 
2907/5,ACETIN ฉีด INJECTIONS OR INFUSIONS 10x3ml, 213.00 
2257-1,ACNE-AID GENTLE CLEANSER SENSITIVE SKIN 100ml ขวดฟ้า, 140.75 
2257/5,ACNE-AID GENTLE CLEANSER SENSITIVE SKIN 500ml ขวดปั้มฟ้า, 432.00 
2257/9,ACNE-AID GENTLE CLEANSER SENSITIVE SKIN 900ml ขวดปั้มฟ้า, 647.00 
2258-1,ACNE-AID LIQUID CLEANSER OIL CONTROL 100ml ขวดแดง, 140.50 
2258/5,ACNE-AID LIQUID CLEANSER OIL CONTROL 500ml ขวดปั้มแดง, 433.50 
15950,ACNE-AID LIQUID CLEANSER OIL CONTROL 50ml ขวดแดง, 96.00 
2258/9,ACNE-AID LIQUID CLEANSER OIL CONTROL 900ml ขวดปั้มแดง, 629.00 
2583/18,ACNE-AID MICELLAR CLEANSING WATER SENSITIVE SKIN 235 ML, 179.50 
3554/1,ACNE AID OIL CONTROL FOAMING FACE WASH 100ml (ขวด), 140.00 
1143,ACNETIN-A 0.025% 10g, 38.00 
1144,ACNETIN-A 0.05% 10g, 40.75 
58/2,ACTEWOUND SILICONE GEL SHEET ซิลิโคนเจล 4x15cm, 169.00 
8231,ACTEWOUND SILICONE GEL SHEET ซิลิโคนเจล 4x6cm, 137.75 
58,ACTEWOUND SILICONE GEL SHEET ซิลิโคนเจล 7x15cm, 282.00 
58/3,ACTEWOUND SILICONE GEL SHEET ซิลิโคนเจล แบบม้วน 2.5x100cm, 353.00 
8231/1,ACTEWOUND SI SILICONE GEL 10g ซิลิโคนเจล, 262.00 
8231/2,ACTEWOUND SI UV SILICONE GEL 10g สีเบจ ซิลิโคนเจล, 263.00 
1132/7,ACTISAC 50x10s [Fluoxetine] (เม็ดเขียวเหลือง), 379.00 
1553/11,A.C.V. CREAM 1gx10s [greater], 53.00 
1553/10,A.C.V. CREAM 3g [greater], 21.50 
1144/1,ACVIT-A GEL 0.05% 10g, 27.25 
3824/4,ADAVIL 400mg 1x10s, 17.00 
3824/5,ADAVIL F/C TABLETS 400mg 50x10s (สีส้มอิฐ), 537.00 
2026/1,ADRENALINE INJ 1mlx50amp 1mg/1ml, 425.00 
953,AERIUS 1x10s, 253.00 
954/8,AERIUS SYRUP 60ml SF, 201.00 
168/1,AEROBIDOL INHALER 200doses, 209.00 
168/4,AERONIDE 200mcg มีโปรซื้อเยอะ, 200.00 
168/6,AEROTAMOL INHALER 100mcg 200doses, 87.75 
168/2,AEROTAMOL INHALER 100mcg 200doses + spacer, 93.00 
168/3,AEROTIDE 125 120doses, 225.50 
168/5,AEROTIDE 250 120doses, 479.00 
23-ม.ค.,AIRROX รสมิ้นท์ 80mg 10x10s, 85.00 
2239,AIR-X 120mg 10s, 14.50 
2239/1,AIR-X 40mg MINT SUGAR FREE 10x10s, 123.00 
2240,AIR-X DROPS 15ml, 44.50 
23/22,AIR-X น้ำ 10mlx12ซอง รสมะนาว, 128.00 
21-ม.ค.,AIR-X รสมะนาว LEMON 25x4s, 138.00 
21,AIR-X รสมะนาว LEMON 80mg 10s, 12.25 
23,AIR-X รสมิ้นท์ MINT 10s, 12.25 
2241,AIR-X รสส้ม ORANGE 80mg 10s, 12.25 
781/1,AKNEDERM-BP 2.5% 10g, 42.00 
786/1,AKNEDERM-BP5 10g, 55.50 
2152/1,A-KOOL INHALANT ยาดม 5ml, 15.00 
28-ก.พ.,ALBEMED 200mg 100s, 113.50 
28-มี.ค.,ALBEMED 200mg 10x6s, 135.00 
2169,ALBEN 10ml, 15.45 
28,ALBEN 200mg 1x2s, 7.30 
2169/2,ALBEN 200mg/5ml รสส้ม อัลเบน, 187.00 
30,ALBER-T 10g, 42.00 
14213/2,Albumen 30เม็ด โปรตีนไข่ขาวเม็ด [SHP], 195.00 
14211/2,Albumen 60เม็ด โปรตีนไข่ขาวเม็ด [SHP] (ขวด), 360.00 
14211/1,Albumin 400g white egg รส Vanilla ผงโปรตีนไข่ขาว [ดีพี แอนด์ เอส], 625.00 
1931/4,ALCOHOL70% 180ml อันอันโอสถ, 19.00 
1930/2,ALCOHOL70% สหการ 60ml, 15.00 
021/6,ALCOHOL ALSOFF 1000ml *ใหม่64, 59.00 
1931,ALCOHOL ALSOFF 180ml, 20.00 
21,ALCOHOL ALSOFF 450ml, 33.50 
1564,ALCOHOL ALSOFF 60ml, 6.67 
22,ALCOHOL ALSOFF GEL สีฟ้า 450ml, 49.00 
021/3,ALCOHOL ALSOFF PINK 450ml, 31.50 
021/40,ALCOHOL ALSOFF-S GALLON 5000ml, 255.00 
133101/4,Alcohol cotton Ball สำลีชุบแอลกอฮอล์ เจ็ดดาว 1x15แผงx8s, 78.25 
1929/2,ALCOHOL SIRIBUNCHA 1000ml, 89.00 
1927,ALCOHOL SIRIBUNCHA 180ml, 22.91 
1929,ALCOHOL SIRIBUNCHA 450ml, 35.25 
1930,ALCOHOL SIRIBUNCHA 60ml, 9.50 
1931/3,ALCOHOL เจ็ดดาว 180ml (Isopropyl) บ ขาด, 15.50 
021/4,ALCOHOL เจ็ดดาว 450ml (isopropyl) บ ขาด, 30.50 
1564/5,ALCOHOL เจ็ดดาว 60ml (isopropyl) บ ขาด, 6.67 
021/5,ALCOHOL สหการ 450ml, 36.00 
021/7,ALCOHOL สหการ 450ml ฉลากแดง, 36.00 
1535/15,A-LEAZE 5mg 1x10s, 64.25 
2-127/1,ALEREST 10mg 10x10s [ชุมชน], 65.25 
1543/4,ALEREST SYRUP 60ml [ชุมชน], 25.75 
4775,ALGOGEN SYRUP 60ml (สตอเบอรี่), 16.50 
5555/1,ALGYCON CHEWABLE TABLETS 12s, 137.00 
2122/1,ALICIA5000 กระเทียมสกัด 30s GARLIC ขาวละออ, 189.00 
2122/3,ALICIA5000 กระเทียมสกัด 5แผงx6s GARLIC ขาวละออ, 236.00 
2122/2,ALICIA5000 กระเทียมสกัด 60s GARLIC ขาวละออ, 346.00 
37/1,ALINAMIN EX PLUS 120s มีโปรซื้อเยอะ, 699.00 
37,ALINAMIN EX PLUS 60s **ราคาใหม่, 405.00 
37/2,ALINAMIN-F 10x10s, 267.00 
567/2,AL IN GEN DHA 240mg 30s, 650.00 
1834/1,ALLERAX 10mg 1000s (เม็ดขาว), 170.00 
8099,ALLERGIS 5ml, 26.25 
2606/8,ALLER-GO 1x10s, 14.75 
2606/7,ALLER-GO SYRUP 60ml รสผลไม้รวม, 27.25 
389/1,ALLERNIX SYRUP 60ml **ขึ้น45, 43.00 
389,ALLERNIX TABLET 1x10s **ขึ้น37, 33.75 
3724/3,ALLOPURINOL100mg ชุมชน 50x10s [ชุมชน], 358.00 
953/2,ALLORA 5mg 1x10s, 47.00 
1326/1,ALLORA SYRUP 60ml **ขึ้น60, 54.50 
1856,ALLORIC 500s, 196.00 
3019,ALLORIC 50x10s, 212.50 
3109,ALOE GEL 30g เจลว่านหางจระเข้, 33.75 
1564/2,ALSOFF ALCOHOL PAD 200ซอง 4x8cm, 142.00 
133101,ALSOFF COTTON สำลีชุบแอลกอฮอล์ 12แผงx8ก้อน, 60.00 
75/11,ALUTA 240ml ขวดเขียว (รสมิ้นท์) ANTACID มีโปรซื้อเยอะ, 23.00 
75/2,ALUTA 240ml ขวดฟ้า (รสมิ้นท์) มีโปรซื้อเยอะ, 23.00 
141510/100,AMADO GOLD Collagen 100g คอลลาเจน ลัง24 (กระป๋อง), 190.00 
3238/1,AMARYL 2mg 3x10s, 387.00 
7955,AMBES-10 10x10s, 102.00 
7954,AMBES-5 10x10s, 60.00 
1445/2,AMBROCIN 30mg 50x10s, 158.00 
2724/1,AMBRONC SYRUP 60ml (พรุน), 12.50 
2734,AMBROX 30mg 1x10s บ ขาด, 23.00 
2724,AMBROX 60ml ฟ้า (ลาสเบอรี่) แอมบร็อกส์ (ambroxol) บ ขาด, 29.00 
2-971,AMBROX JUNIOR 60ml ชมพู (ราสเบอรี่), 26.25 
5128/3,AMCO 50x10s (antacid+simethicone), 325.00 
5128/1,AMCOPAN 10mg 20x10s, 266.00 
56042/4,AMELA-EX Anti Melasma cream 30g, 403.00 
3204,AMICOF 100mg/5ml 60ml (ผลไม้รวม), 20.50 
945/2,AMINOPHYLLINE INJECTION 10x10ml, 126.00 
3140,AMITRIPTYLINE 10mg 50x10s, 189.75 
3139,AMITRIPTYLINE 25mg 50x10s, 305.00 
4333/10,AMK 1000mg 10x10s, 955.00 
4333,AMK 1000mg 1x10s, 99.50 
606,AMK 156mg 60ml, 62.75 
607,AMK 228mg 70ml, 97.50 
608,AMK 457mg 70ml, 143.50 
4332,AMK 625mg 1x10s, 79.00 
608/4,AMK ES-600 100ml, 499.75 
608/2,AMK ES-600 70ml, 343.00 
3715,AMLOPINE 10mg 10x10s มีโปรซื้อเยอะ, 207.00 
3714,AMLOPINE 5mg 10x10s, 155.00 
07954/1,AMLOVASC 5 mg 50x10s, 446.00 
46,AMMELTZ HEAT PATCH 95x130mm แผ่นแปะ (ซอง), 20.50 
50,AMMELTZ YOKO YOKO 48ml, 92.25 
51,AMMELTZ YOKO YOKO 82ml, 134.50 
50/2,AMMELTZ แผ่นแปะ Period pain 95x130mm 45บ แอมเมล็ท (ซอง), 21.75 
50/4,AMMELTZ แผ่นแปะ Shoulder pain 95x260mm 55บ (กล่อง10ซอง) แอมเมล็ท (ซอง), 28.00 
50/3,AMMELTZ แผ่นแปะ ปวดหลัง Back pain 95x260mm แอมเมล็ท (แผ่น), 28.00 
3806,AMMONIA SAHAKARN 450ml, 84.50 
903500/2,A.M.MOX 500mg 50x10s (เม็ดฟ้า-เทา), 464.00 
514/1,AMOGIN EFFE สูตรENO รสส้ม 4.3gx5ซอง เอฟเฟ, 36.25 
353,AMOGIN-GEL 240ml **ขึ้น38.5, 35.50 
353/1,AMOGIN-GEL 30ซองx15ml, 104.00 
352,AMOGIN-GEL 450ml, 53.50 
2-60/1,AMOGIN KOMED 20mg 10x10s, 40.00 
353/2,AMOGIN OTC TAB อาโมจิน 1x10s มีโปรซื้อเยอะ, 10.50 
3117,AMOKSIKLAV SANDOZ 1000mg 1x10s, 121.00 
2-665/3,A-MOL SYRUP 120mg/5ml 60ml (paracetamol) รสสละ, 45.25 
403/16,AM ORT 15g (clobetasol) แอมออร์ท มีโปรซื้อเยอะ, 60.00 
403/17,AM ORT 5g (clobetasol) แอมออร์ท, 29.25 
54,AMOXIL GSK 500mg 2x10s, 108.00 
902500/1,AMOXYCILLIN 500 50x10s (เม็ดชมพู-ขาว), 536.00 
903500/7,AMOXYCILLIN-500 SSP 500s (เขียว-ฟ้า), 455.00 
903500/15,AMOXYCILLIN 500 SSP 500s (ชมพู-ขาว) (amoxicillin), 455.00 
903500/10,AMOXYCILLIN 500 SSP 50x10s (เขียว-ฟ้า), 461.00 
903500/13,AMOXYCILLIN 500 SSP 50x10s (ชมพู-ขาว), 470.00 
512/2,AMOXY M.H. FOR ORAL SUSPENSION 250 (เปลือยวนิลา-กล้วย), 23.75 
901500,AMOXY WS 500mg 25x10s (เหลือง-แดง) มีโปรซื้อเยอะ, 239.00 
14910/5,AMPAVIT INJECTIONS OR INFUSIONS 1000mcg 10x10ml บ ขาด, 34.25 
2248/2,AMPI-250 CAPSULES 50x10s (ดำ-แดง), 470.00 
2248,AMPI-500 CAPSULE 500s (ดำ-แดง), 711.00 
2248/1,AMPI-500 CAPSULES 50x10s (ดำ-แดง), 675.00 
2248/4,AMPICILLIN-500 CAPSULE 500s [42], 765.50 
2249-1,AMPICILLIN CAPSULE 500mg 25x10s AU, 310.00 
2248/3,AMPICILLIN CAPSULE 500mg AU 500s (ดำ-แดง), 625.00 
2748/3,AMSEL AMINO BILBERRY EXTRACT PLUS 30s, 244.00 
2748/4,AMSEL BIOTIN ZINC 30s, 187.00 
2748/6,AMSEL CALCIUM L-THREONATE collagen typeII 60s, 293.00 
2748/10,AMSEL FISH OIL mini cap เม็ดเล็ก 75s, 205.00 
2748/1,AMSEL L-ARGININE 40s, 132.00 
2748/2,AMSEL L-GLUTAMINE 800 30s, 207.00 
2748/12,AMSEL MAGNESIUM BISGLYCINATE PLUS 30s ช่วยนอนหลับ, 205.00 
2748/7,AMSEL MAGNESIUM PLUS 30s, 152.00 
2748/8,AMSEL MULTI VIT PLUS 40s, 208.00 
2748/11,AMSEL Vitamin C 500mg 30s, 132.00 
2748/5,AMSEL ZINC 30s (ขวด) รหัส 2748/5, 116.00 
2-956,AMTA 500 HK 500s, 676.00 
2249/25,AMTA 500mg 25x10s, 359.00 
2249,AMTA 500mg 50x10s, 705.00 
1445,AMXOL 30mg 10x10s, 74.00 
1445/1,AMXOL SYRUP 30mg/5ml 60ml, 17.25 
1082/3,ANALGIC-500 25x10s, 250.00 
1082/6,ANALGIC-500 50x10s แผงเปลือย, 450.00 
3061,ANAPRIL 20mg 10x10s, 97.00 
3062,ANAPRIL 5mg 10x10s, 57.75 
3061/2,ANAPRIL-S 20mg 10x10s **โฉมใหม่, 97.00 
3062/3,ANAPRIL-S 5mg 10x10s **โฉมใหม่, 57.75 
346/1,ANASIC BALM 25g (สูตรcounterpain warm), 21.50 
1800/4,ANB NASAL CONNECT จุกล้างจมูก, 83.00 
551,ANDROCUR 50mg 50s," 2,915.00 "
8293/10,ANDRO I-HERB mouth spray 18ml, 73.50 
3356/1,ANNOXEN-S 275mg 2x10s มีโปรซื้อเยอะ, 76.25 
1082/2,ANPUZZ 520 1x10s, 28.50 
76,ANTACIL 50x10s, 476.00 
74,ANTACIL GEL 1000ml (รสมิ้นท์) มี, 140.00 
75,ANTACIL GEL 240ml (รสมิ้นท์), 39.75 
75/1,ANTACIL GEL 240ml (รสส้ม), 39.75 
77,ANTACIL GEL 450ml (รสมิ้นท์), 70.42 
76/6,ANTACIL PLUS 50x10s, 813.00 
2035/1,ANTAFIT 200mg 50x10s, 645.00 
2068,ANTAZALLERGE R EYE DROPS 10ml *มีโปรซื้อเยอะ, 34.50 
3601/1,ANTENAC GEL [diclofenac] GPO 1% 30g มีโปรซื้อเยอะ, 29.75 
2435,ANTERGAN CREAM 10g, 24.00 
2435/1,ANTERGAN CREAM 25g, 47.50 
349/8,ANTINOL CAT 60s," 1,120.00 "
349/6,ANTINOL DOG 30s, 710.00 
349/7,ANTINOL DOG 60s," 1,120.00 "
237/4,ANTISPA INJECTION 50x1ml, 560.00 
07866/2,APIXABAN SANDOZ 2.5mg 6x10s," 1,830.00 "
07866/3,APIXABAN SANDOZ 5mg 6x10s," 1,842.00 "
07866/6,APIXA CCP 5mg 6x10s [ชุมชน], 805.00 
7866,APOLETS 75mg 3x10s, 287.00 
81,APRACUR NC 1x6s, 7.04 
19831/1,AQUA MARIS baby nasal spray 50ml อควา มาริส เบบี้ (ขวด), 243.00 
19831/6,AQUA MARIS CLASSIC nasal spray อควา มาริส (ขวด), 222.00 
19831/7,AQUA MARIS PROTECTO nasal spray อควา มาริส, 252.00 
19831/3,AQUA MARIS STRONG nasal spray 30ml อควา มาริส (ขวด), 243.00 
4208/9,ARCOXIA 120mg 1x5s **ราคาพิเศษ**, 226.00 
4206/9,ARCOXIA 60mg 1x5s, 186.00 
4207/9,ARCOXIA 90mg 1x5s **ราคาพิเศษ**, 186.00 
2741/2,ARICEPT EVESS 10mg 2x14s แถบแดง อัลไซเมอร์," 1,805.00 "
2741/3,ARICEPT EVESS 5mg 2x14s แถบฟ้า อัลไซเมอร์, 902.00 
3026/2,ARIDINE 10mg 10x10s, 53.50 
88,ARISTOCORT 0.02% 15g, 41.25 
87,ARISTOCORT A 0.1% 15g, 68.00 
1393/5,Arm Sling สายคล้องแขน #L แคนตัน อาร์ม สลิง, 53.00 
1393/4,Arm Sling สายคล้องแขน #M แคนตัน อาร์ม สลิง, 53.00 
1393/3,Arm Sling สายคล้องแขน #S แคนตัน อาร์ม สลิง, 53.00 
1393/8,Arm Sling อย่างดี สายคล้องแขน #L SOS, 95.00 
1393/7,Arm Sling อย่างดี สายคล้องแขน #M SOS, 95.00 
1547/1,AROTIKA BUG BALM 10x18g [สูตร ZAM-BUK], 868.00 
961335/2,AROTIKA COOL GEL 100g, 72.75 
961335/1,AROTIKA COOL GEL 35g, 29.00 
2-530/1,AROTIKA COOL SPRAY 60ml มีโปรซื้อเยอะ, 100.00 
2-528/2,AROTIKA PAIN RELIEF SPRAY 100ml, 143.00 
961335/3,AROTIKA RUB 100g, 145.00 
961335/5,AROTIKA Rub 15g น้ำเงิน, 29.00 
961335/4,AROTIKA Rub 35g น้ำเงิน, 58.00 
2-530/2,AROTIKA RUB LOTION SPRAY 60ml, 87.25 
51/1,Arotika Rub Lotion (สูตร AMMELTZ) 80ml อโรติกา รัป โลชั่น (ขวด), 142.50 
961335,AROTIKA WARM CREAM 35g, 58.25 
1835,ARTRODAR 3x10s, 506.00 
3795/8,ARTROFORT COMPLEX 30ซอง, 662.00 
72/1,ASATAB 81mg 100x10s (ควบคุม), 235.00 
3441/1,A SCALP LOTION 60ml, 91.00 
655/4,ASCEE 500mg 15s, 31.50 
3442/5,ASIABRON SYRUP 60ml (เปลือยสับปะรด), 12.50 
07915/1,ASIATAPP EXTENTABS 500s (เม็ดฟ้ากลมเคลือบน้ำตาล), 715.00 
557/2,ASIATAPP SYRUP 60ml เปลีอย (องุ่น) 1x50 ขย11 *มีโปรซื้อเยอะ, 15.50 
557/1,ASIATAPP SYRUP 60ml (องุ่น), 17.50 
835/2,ASIAZOLE 250mg 1000s, 421.00 
2-197/1,ASMASAL SDU 3x7s, 310.00 
2526,ASMASOLON 10x10s **ขึ้น202, 187.00 
4229/1,ASNATURE FISH OIL 30s, 124.50 
72/3,ASPENT-M 81mg 60s, 33.50 
8229/1,ASTAIR 4x7s, 151.00 
1009,ASUMOL 1000s (เม็ดกลมขาว) PARACETAMOL AU, 238.00 
1003,ASUMOL 1000s (เม็ดกลมฟ้า) บ ขาด, 238.00 
1010,ASUMOL 1000s (เม็ดกลมเหลือง) PARACETAMOL AU, 143.00 
1014,ASUMOL 325mg 1000s (เม็ดขาว), 145.00 
1014/1,ASUMOL 325mg 1000s (เม็ดส้มชมพู), 165.50 
1014/2,ASUMOL 325mg 10x10s (เม็ดขาว), 31.75 
1006/7,ASUMOL 500mg 20x10s (เม็ดเขียวยาว), 60.00 
4229,ATHRIL 250mg 80s, 102.00 
4400,ATHRIL POWDER 30ซองx3.95g, 233.00 
1610,ATORVASTATIN SANDOZ 10mg 30s, 500.00 
1611,ATORVASTATIN SANDOZ 20mg 30s, 690.00 
1612,ATORVASTATIN SANDOZ 40mg 30s กล่องเขียว **มีโปรซื้อเยอะถึงกพ69**, 864.00 
1611/1,ATORVIN 20MG 10x10s, 808.00 
1612/1,ATORVIN 40mg 10x10s," 1,065.00 "
4370,ATOZIN 1x6s, 47.50 
4370/10,ATOZIN 250mg 10x6s, 460.00 
1612/2,ATTOR-40mg 3x10s แอ็ททอร์-40, 297.00 
3002/9,A-TUSSIN 15mg 20x10s (เม็ดกลมเหลืองเคลือบ), 128.00 
3450/14,AUGMENTIN 1g 2x7s, 373.00 
3450,AUGMENTIN 1x10s, 226.00 
3450/2,AUGMENTIN ES 50ml, 486.50 
13353/39,AURAMED 2in1 COVID-19 ATK (กล่อง), 16.00 
13353/45,AURAMED atk 3in1 COVID-19 FLUA/B ATK (กล่อง), 17.25 
13353/46,AURAMED atk 4in1 COVID-19 FLUA/B RSV ATK (กล่อง), 41.00 
13353/38,AURAMED atk H.Pylori (HP) มีโปรซื้อเยอะ, 68.00 
3826/9,AURAMED PREG TEST MIDSTREAM ตรวจตั้งครรภ์ ปากกา, 17.00 
13353/47,AURAMED ชุดตรวจไวรัสตับอักเสบบีและซี 2in1, 37.00 
13353/48,AURAMED ชุดตรวจหนองในแท้/เทียม 2in1, 139.00 
113,AUREOMYCIN 250mg 1x10s, 49.50 
113/1,AUREOMYCIN OINTMENT 5GM, 31.00 
2070/1,AVAFAST 180 1x10s, 55.50 
2070/2,AVAFAST 60 1x10s, 24.00 
114-1,AVAMIGRAN 1x10s, 45.25 
118,AVAMYS 120doses, 419.00 
118/60,AVAMYS 60doses, 360.50 
2290/1,AXAMIN 250mg 500s เม็ดเหลือง-ส้ม, 873.00 
228/1,AXCEL FUSIDIC ACID CREAM 5g, 38.50 
3794/1,AXIAGO 20mg 2x7s, 412.00 
4370/4,AZITABB tablet 250 1x6s (azithromycin), 67.00 
2-890/1,AZITH CAPSULE 250mg 1x6s, 71.00 
2-668/5,AZITH ORAL SUSPENSION 15ml, 85.00 
4370/3,AZITHRO 250mg 1x6s, 49.25 
248,AZYCIN 6s, 66.00 
2323/7,B-100 VITAMIN B COMPLEX INJECTION 50x1ml, 217.00 
3900/3,BABINI HEAD TO TOE WASH 480ml, 118.50 
3900/1,BABINI OINTMENT 50g, 123.50 
3900/4,BABINI SOOTHING CREAM 15g, 111.00 
2452/2,BACHEU CREAM 5g, 52.00 
132/2,BACIDAL OINTMENT 5g, 46.25 
0108/2,Back Support L37-45นิ้ว พยุงหลัง มีหมอนรองกระดูกสันหลัง เข็มขัด [ดีเวลล์], 377.00 
0108/1,Back Support M 29-37นิ้ว พยุงหลัง มีหมอนรองกระดูกสันหลัง เข็มขัด [ดีเวลล์], 377.00 
108,Back Support S 22-29นิ้ว พยุงหลัง มีหมอนรองกระดูกสันหลัง เข็มขัด [ดีเวลล์], 377.00 
0108/3,Back Support XL45-53นิ้ว พยุงหลัง มีหมอนรองกระดูกสันหลัง เข็มขัด [ดีเวลล์], 377.00 
1526/7,BACLOFEN 10mg 20x10s, 208.00 
128,BACTACIN 30g, 26.25 
170/4,BACTEDENE GEL 10 g (หลอด) เบตาดีนเจล, 19.25 
2452/1,BACTEX OINTMENT 15g, 112.00 
2452,BACTEX OINTMENT 5g, 48.50 
4086,BACTICIN 5g มีโปรซื้อเยอะ, 27.75 
4333/11,BACTOCLAV-1000 2x7s, 88.00 
14428/1,Bain Gummy ฟิชออยส์ DHA70% กลิ่นส้ม 108g 24x2s, 98.50 
14428/2,BAINI GUMMY DHA70% 40.5gx12ซอง (กลิ่นส้ม ), 490.00 
3284/2,BAIN SYRUP DHA70% 150ml, 135.00 
2458/5,BAKAMOL 500mg 10x10s มีโปรซื้อเยอะ, 79.00 
2458/6,BAKAMOL 500mg ขวด100s, 68.00 
2-665/1,BAKAMOL SYRUP มีกล่อง 60ml (สตอเบอรี่), 29.00 
833/1,BALAMINE-500 3x10s มีโปรซื้อเยอะ, 37.00 
96181/1,BalanceActiv Gel 7x5ml [Lactic acid + Glycogen exeltis], 256.50 
101/21,BALENTIN 150mg 4x14s แคปซูลขาว, 525.00 
101/24,BALENTIN 75mg 4x14s แคปซูลขาว-แดง, 345.00 
2452/6,BANBACT OINTMENT 15g, 76.50 
2452/4,BANBACT OINTMENT 5g, 37.50 
8253/1,BANNER BRIGHT HI-B FISH OIL+VITAMIN B COMPLEX (น้ำเงิน) 30s, 231.00 
8254/1,BANNER BRIGHT HI-B FISH OIL+VITAMIN B COMPLEX (น้ำเงิน) 60s, 434.00 
136/1,BANNER GOLD PLUS MULTIVITAMINS+ZINC (ทอง) 30s, 231.00 
2441/1,BANNER GOLD PLUS MULTIVITAMINS+ZINC (ทอง) 60s, 432.00 
08350/1,BANNER SOY PROTEIN+LECITHIN ก.แดง 5x4s, 130.00 
8349,BANNER SOY PROTEIN+LECITHIN (แดง) 30s, 187.00 
8350,BANNER SOY PROTEIN+LECITHIN (แดง) 60s *ใหม่352, 285.00 
141/1,BANOCIN OINTMENT 10g, 24.00 
141,BANOCIN POWDER 10g บาโนซินผงโรยแผล **ขึ้น41, 37.75 
141/25,BANOCIN ผงโรยแผล ซอง12บ ก25ซอง*3g ลัง96 บาโนซิน (กล่อง), 118.00 
3313/3,BARON 0.25mg 10x10s, 66.00 
2094/4,BASINA รสมิ้นต์ 25x10s, 203.00 
2094/3,BASINA รสส้ม 25x10s, 212.00 
72/2,B-ASPIRIN 81mg 100x10s, 287.00 
1531/2,B-CIPROFLOXACIN 500 1x10s, 29.25 
14910/2,B CO-ED 100s, 30.00 
4107/1,B-COXIB 120mg 3x10s, 182.00 
4207/20,B-COXIB 90mg 3x10s, 139.00 
14910/3,B-COZE 100s, 354.00 
14910/4,B-COZE 6x10s, 245.00 
126,BEBIDOL 120ml, 32.91 
14910/8,BEECALFOR IM INJ 1x20ampules **ใหม่ 142บ, 126.00 
07857/17,BEE en PLUS บีเอ้น พลัส 15ml [ชุมชน] มีโปรซื้อเยอะ, 84.00 
3529,BEHISTIN 12mg 50x10s**ขายขาด, 372.00 
3528,BEHISTIN 6mg 50x10s **ขายขาด, 187.00 
153,BELCID 1000ml, 81.75 
152/1,BELCID FORTE 240ml ม่วง, 33.00 
152/3,BELCID GERD 12ซองx10ml, 117.00 
152/2,BELCID GERD 150ml, 145.00 
152,BELCID ขวดเขียว 240ml, 33.25 
2794/1,BELFESH 10x10s, 134.00 
1006/2,BELLA PARA 10x10s, 67.00 
1006/1,BELLA PARA 50x10s มีโปรซื้อเยอะ, 452.00 
164,BENDA 500 LEMON (มะนาว) 1x12s, 175.00 
163,BENDA 500 (เหลือง) 1x12s, 176.00 
163-1,BENDA SUSPENSION 30ml, 18.00 
781,BENZAC AC 2.5% 15g, 104.00 
784,BENZAC AC 2.5% 60g, 265.00 
786,BENZAC AC 5% 15g, 115.50 
789,BENZAC AC 5% 60g, 286.00 
15461,BEPANTHEN DAILY CONTROL MOISTURIZING 200ml บ เลิก, 398.00 
3901,BEPANTHEN FIRST AID 30g, 128.00 
3900,BEPANTHEN OINTMENT 30g, 136.00 
3908,BEPANTHEN OINTMENT 50g, 195.00 
3800,BEPANTHEN SENSIDERM 20g, 279.50 
3800/50,BEPANTHEN SENSIDERM 50g, 519.00 
2693/1,BERCLOMINE BABY DROPS 15ml, 33.25 
2693,BERCLOMINE SYRUP 60ml, 25.25 
2677,BERCLOMIN TAB 10s แบ่งขาย, 10.00 
2677/2,BERCLOMIN TAB 10x10s, 110.00 
07866/7,BERIVA 15mg 3x10s, 715.00 
07866/8,BERIVA 20mg 3x10s, 715.00 
79/1,BERLONTIN 100 10x10s, 170.00 
79/2,BERLONTIN 300 10x10s, 293.00 
79/3,BERLONTIN 600mg 10x10s, 476.00 
2050,BEROCCA FRUITY 15s, 168.75 
1133/2,BEROCCA IMMU D+ 15s [สูตร REDOXON], 147.00 
3523/2,BEROCCA ORANGE 12x2s (รสส้ม), 314.00 
3523,BEROCCA ORANGE 15s, 168.75 
3523/3,BEROCCA ORANGE 2x15s แพคคู่, 347.00 
1133/3,BEROCCA Sachet Elderberry Plus Choline&Zinc เสริมภูมิเด็ก2-7ปี, 184.00 
168,BERODUAL METERED AEROSOL 200doses 10ml, 303.50 
783/1,BESANTA 150mg 3x10s, 171.50 
783/2,BESANTA 300mg 3x10s, 566.00 
4040,BESTATIN 10mg 10x10s, 106.75 
4041,BESTATIN 20mg 10x10s, 145.75 
4042,BESTATIN 40mg 10x10s, 233.00 
172,BETADINE 15ml, 44.00 
173,BETADINE 30ml, 66.50 
178,BETADINE 500ml, 235.00 
714,BETADINE GARGLE 30ml, 145.75 
170,BETADINE OINTMENT 50g, 118.00 
715,BETADINE THROAT SPRAY 12ml, 145.50 
716,BETADINE THROAT SPRAY 25ml, 262.00 
3889,BETA-DIPO 15g, 38.25 
3889/2,BETA-DIPO 25g, 58.00 
3888,BETA-DIPO 5g, 21.50 
174,BETADRESS ผ้าก๊อซ ปลอดเชื้อ 2นิ้วx2นิ้ว, 72.00 
175,BETADRESS ผ้าก๊อซ ปลอดเชื้อ 3นิ้วx3นิ้ว, 108.00 
176,BETADRESS ผ้าก๊อซ ปลอดเชื้อ 4นิ้วx4นิ้ว, 157.00 
3099/20,BETAGLUCAN SHOT 3gx30s, 612.00 
3099/2,BETAGLUCAN SHOT 3gx7s, 198.00 
3529/1,BETAHIS 12mg 10x10s, 134.00 
180/1,BETALOL 10mg 10x10s, 48.00 
184/1,BETALOL 40mg 10x10s**ขายขาด, 76.00 
13115,BETAMED SOLUTION 15ml, 154.00 
13130,BETAMED SOLUTION 30ml, 192.50 
3414,BETAMETHASONE CREAM 15g, 24.00 
ม.ค.-45,BETAMETHASONE-N CREAM 15g, 39.50 
171,BETAMETHASONE-N CREAM 5g, 17.00 
2322,BETAMETH-N 500g, 281.00 
2321,BETAMETH-N CREAM 15g **ขึ้น24, 22.25 
2320/1,BETAMETH-N CREAM 5g GPO, 16.50 
2320,BETAMETH-N CREAM 5g มีโปรซื้อเยอะ **ขึ้น12.5, 11.50 
186,BETHASONE CREAM 15g, 29.50 
185,BETHASONE CREAM 5g, 15.50 
540,BETHASONE-N CREAM 15g, 32.00 
541,BETHASONE-N CREAM 5g, 17.00 
540/2,BETNESONE N-CREAM 15g, 24.75 
187,BETNOVATE CREAM 15g, 85.50 
191,BETNOVATE-N 15g, 98.00 
2293,BETNOVATE SCALP APPLICATION 30ml, 159.00 
3631,BETOSALIC OINTMENT 15g, 43.00 
3638,BETOSALIC OINTMENT 5g, 21.75 
14910/7,B & FOLIC 100s บีแอนด์โฟลิค, 35.75 
4338/3,B-FORTE tablet 3x10s (Vitamin B1 B6 B12) [ชุมชน], 100.00 
1978,B-GAS 240ml ขับลมในกระเพาะ, 42.50 
216/1,BICAHIS 20mg 1x10s, 75.00 
216/11,BILANOSE 20mg 1x10s [ชุมชน], 82.50 
216,BILAXTEN 20mg 1x10s, 133.50 
216/3,BILAXTEN KIDS 10mg เม็ดเคี้ยว 1x10s รสองุ่นแดง, 116.00 
216/12,BILAZ 20mg 1x10s, 74.00 
4056/2,BIMED TABLETS 1000s เม็ดสีม่วงกลม, 808.00 
4056/1,BIMED TABLETS 10x10s เม็ดสีม่วงกลม, 125.00 
8140/3,BIMO MAC EYE DROPS STERILE 0.2% 5ml, 125.00 
2-890/2,BINOZYT 250mg 1x6s, 113.00 
3217/13,BIO 5MAG PLUS 30s, 220.00 
1671/2,BIOCALM 10x10s, 114.00 
1671,BIOCALM 50mg 50x10s, 465.00 
1922/22,BIOCARE for KIDS PROPOLIS Elderberry plus mouth spray 20ml มีก้าน, 74.00 
1922/23,BIOCARE ผู้ใหญ่ PROPOLIS Elderberry plus mouth spray 20ml มีก้าน, 74.00 
3099/4,BIO C BETAGLUCAN PLUS CHEWY 30s, 180.00 
2375/2,BIO C Daily lmu 1000mg 120s [Blackmores], 625.00 
2377/6,BIO C Daily lmu 1000mg 30s [Blackmores], 229.50 
2376/6,BIO C Daily lmu 1000mg 60s [Blackmores], 392.00 
919120,BIOCOXIB 120mg 5x5s กล่องแดง, 367.00 
91990,BIOCOXIB 90mg 5x5s กล่องเทา, 360.00 
11301,BIOFLOR 250mg 1x10ซอง, 261.00 
11301/3,BIOFLOR 250mg เม็ด 2x5s, 261.00 
07857/12,BIOFRESH MOUTH SPRAY 15ml, 68.00 
07857/90,BIOFRESH MOUTH SPRAY 5ml, 41.00 
11301/2,BIOGAIA 10s (รสมะนาว), 345.00 
11301/5,BIOGAIA DROP 1x5ml, 771.00 
11301/7,BIOGAIA GASTRUS 1x10s, 403.00 
2140/7,BIO Kidde CALCIUM PLUS 1000mg 30s รสซ็อกโกแลต, 169.00 
3907/5,BIO NITE 1x10s (organic melatonin), 68.00 
3907/7,BIO NITE 3x10s (natural melatonin), 172.00 
944-1,BIO-OIL 125ml ใหญ่, 417.75 
944,BIO-OIL 60ml เล็ก 375บ ไบโอ-ออย, 253.00 
08045/5,BIOPHARM BIOASTAMIN PLUS 30s, 384.00 
14429,BIOPHARM CALCIUM GUMMY 24g 12x8s, 182.00 
14429/6,BIOPHARM CALCIUM GUMMY 60g 12x20s ซองใหญ่ **โปรดดูวันexp, 389.00 
14428,BIOPHARM FISH OIL GUMMY 24g 12x8s, 182.00 
14428/3,BIOPHARM FISH OIL GUMMY 60g 12x20s ซองใหญ่ **โปรดดูวันexp, 388.00 
14430,BIOPHARM GUMMY 40x1s รวม 4 รส **โปรดดูวันexp, 70.00 
14426,BIOPHARM MULTIVITAMIN GUMMY 24g 12x8s, 182.00 
14426/1,BIOPHARM MULTIVITAMIN GUMMY 60g 12x20s ซองใหญ่ **โปรดดูวันexp, 388.00 
14431,BIOPHARM SUGAR FREE FIBER GUMMY 24g 12x8s รสสตรอเบอร์รี่, 182.00 
14427,BIOPHARM VITAMIN C GUMMY 24g 12x8s, 182.00 
14427/1,BIOPHARM VITAMIN C GUMMY 60g 12x20s ซองใหญ่ **โปรดดูวันexp, 389.00 
4069/1,BIOPHARM ZINC PLUS 60s, 256.00 
1100,BIOPLAST ไม้พันสำลี ซอง100ก้าน Size L, 15.00 
1101,BIOPLAST ไม้พันสำลี ซอง100ก้าน Size M, 13.50 
1102,BIOPLAST ไม้พันสำลี ซอง100ก้าน Size S, 13.00 
3217/12,BIO SYN BIOME SHOT 15ซองx2.5g รสโยเกิร์ต, 280.00 
14910/6,BIOTAPLEX-BC 10x10s [vit B1-6-12 C], 154.00 
2-399/4,Biotin H+ 15s ไบโอติน เอช+, 162.00 
2-399/3,Biotin Zinc+ plus 900mg ขวดเขียว-ขาว ไบโอติน (ขวด90s), 297.00 
2-399/2,Biotin Zinc ขวดเขียว-ขาว 530บ ไบโอติน (ขวด90s), 238.00 
8212/3,BIOTRIL-S 1500 30ซอง (กลิ่นพีช), 399.00 
8212,BIOTRIL-S 1500 30ซอง (กลิ่นส้ม), 399.00 
2414,BIOVIT B2 1000s, 403.75 
1495/10,BIO-VIT C 60mg APPLE FLAVOR 50x20s รสแอปเปิ้ลเขียว, 233.00 
1495/8,BIO-VIT C 60mg BERRY FLAVOR 50x20s รสเบอร์รี่, 233.00 
1495/9,BIO-VIT C 60mg ORANGE FLAVOR 50x20s รสส้ม, 233.00 
1495/11,BIO-VIT C 60mg PINEAPPLE FLAVOR 50x20s รสสับปะรด, 233.00 
2-366,BIOZOLE 150mg 1x1s, 21.50 
2-366/1,BIOZOLE 200mg 5x10s, 519.00 
201/3,BISACODYL COATED TABLET 1000s (บิสซาโคดี้ลเม็ดเคลือบชมพู), 145.00 
201/2,BISACODYL COATED TABLET 1000s (บิสซาโคดี้ลเม็ดเหลือง), 142.00 
201/6,BISACODYL COATED TABLET 50x10s, 115.00 
912050/25,BISMUSALATE 25x10s, 545.00 
202/6,BISOLTAB 1x10s เม็ดกลมเขียวอ่อน, 10.15 
2903,BISOLVON EX 125ml, 97.00 
2-793,BISOLVON EX 60ml, 50.50 
2-791,BISOLVON PEDIATRIC 60ml (สตรอเบอรี่) **โปรดดูวัน exp, 45.50 
202/2,BISOLVON TABLETS 10x10s, 475.00 
4380/2,BLACK INHALER ยาดม PEPPERMINTเปเปอร์มินต์, 20.25 
2375,BLACKMORES BIO C 1000mg 150s, 774.00 
2379/15,BLACKMORES BIO C ACEROLA PLUS 1500mg 15s, 199.00 
2379,BLACKMORES BIO C ACEROLA PLUS 1500mg 40s, 171.00 
4585,BLACKMORES BIO CALCIUM+D3 10s, 45.00 
8205,BLACKMORES BIO CALCIUM+D3 60s, 239.00 
3733/2,BLACKMORES BIO FOLIC ACID 90s, 269.00 
3489,BLACKMORES BIO MAGNESIUM ADVANCE+D3 50s, 300.75 
3217,BLACKMORES BIOTIN H+ 60s, 539.00 
3487/30,BLACKMORES BIO ZINC A CHELATE 30s, 167.00 
3487,BLACKMORES BIO ZINC A CHELATE 90s, 354.00 
3989/2,BLACKMORES COENZYME Q10 2x30s แพคคู่ (แพค) บ หมด, 999.00 
3989/1,BLACKMORES COENZYME Q10 30s บ ขาด, 537.00 
27,BLACKMORES EVENING PRIMROSE OIL 1000mg 60s, 420.50 
31,BLACKMORES EXEC B S 120s, 684.00 
35,BLACKMORES EXEC B S 30s, 230.00 
32,BLACKMORES EXEC B S 60s, 376.00 
1211,BLACKMORES FISH OIL 1000mg 2x80s (แพค2ขวด), 708.00 
1211/1,BLACKMORES FISH OIL MINI 30s, 191.00 
1211/2,BLACKMORES FISH OIL TRIPLE Daily 60s บ ขาด, 765.00 
24-ก.พ.,BLACKMORES GINKGO 30s, 267.75 
2434/1,BLACKMORES GLUCOSAMINE 1500 30s PLANT-BASE แพ้อาหารทะเลทานได้, 800.00 
3728,BLACKMORES HYPERIFORTE 30s, 325.00 
4324/6,BLACKMORES JOIN PLUS COLLAGEN TYPE II 30s (ขวด), 499.00 
1841/15,BLACKMORES LUTEIN-VIS 60s, 559.00 
516-1/1,BLACKMORES MARINE COLLAGEN ABSOLUTE 30s (ขวด), 760.00 
08045/3,BLACKMORES MARINE COLLAGEN ABSOLUTE 60s," 1,417.00 "
3365/1,BLACKMORES MULTI B 120s, 507.00 
3365/5,BLACKMORES MULTI B 30s (แพค5ขวด) [Blackmores], 190.00 
3365,BLACKMORES MULTI B 60s, 337.00 
3550,BLACKMORES NATURETIME BUFFERED C 500mg 200s, 789.00 
4350,BLACKMORES NATURETIME BUFFERED C 500mg 31s, 145.50 
4351,BLACKMORES NATURETIME BUFFERED C 500mg 75s, 316.00 
3217/1,BLACKMORES PROBIOTICS+DAILY BALANCE 30s บ ขาด, 909.00 
1412400/9,Blendera MF 2.5kg **ขายขาด, 692.00 
769/10,BLISTEX LIP INFUSION RESTORE 3.7g ลิปมัน, 122.00 
769/1,BLISTEX MEDICATED BERRY LIP BALM 4.25g ลิปมัน กลิ่นเบอร์รี่, 97.50 
769/3,BLISTEX MEDICATED CLASSIC LIP BALM 4.25g ลิปมัน, 97.50 
769/2,BLISTEX MEDICATED MINT LIP BALM 4.25g ลิปมัน กลิ่นมิ้น, 97.50 
769/4,BLISTEX MEDICATED RASPBERRY LEMONNADE LIP BALM 4.25g ลิปมัน กลิ่นราสเบอร์รี่ เลมอน, 97.50 
216/2,BLIZTIN 20mg 1x10s, 75.25 
149,BLOPRESS 16 MG 4x7s, 975.00 
3947,BLOPRESS 8 MG 4x7s, 665.00 
3947/2,BLOPRESS PLUS 16 MG 4x7, 981.50 
3947/1,BLOPRESS PLUS 8 MG 4x7s, 666.00 
96120/1,BLUGEL 15g, 195.00 
4376,B.O.CAL 950mg 60s, 160.50 
3917/1,BOCYTIN CAPSULES 1x10s, 22.00 
207,BONJELA 15g, 169.50 
4377,B.O.S 250mg 100s, 253.00 
2152,BOSISTO S EUCALYPTUS OIL นกแก้ว 28ml, 79.75 
2154,BOSISTO S EUCALYPTUS OIL นกแก้ว 56ml, 136.25 
2153,BOSISTO S EUCALYPTUS OIL นกแก้ว 8.5ml, 34.75 
2156,BOSISTO S EUCALYPTUS SPRAY นกแก้ว 150ml, 125.50 
2150,BOSISTO S EUCALYPTUS SPRAY นกแก้ว 300ml, 192.50 
101180,BOSNUM 180 1x10s, 49.00 
10260/1,BOSNUM 60 1x10s มีโปรซื้อเยอะ, 25.25 
10260,BOSNUM 60mg 10x10s, 250.00 
1935/1,BOTAN โบตัน CANDY เก็กฮวย 16gx12ซอง, 163.00 
1935/2,BOTAN โบตัน CANDY ชะเอมมิ้นท์ 16gx12ซอง, 163.00 
1935,BOTAN โบตัน ตรากิเลน 3.4gx100ซอง (แผ่น)," 1,150.00 "
1936,Botan โบตัน ตลับ ขาว, 317.00 
4342,BOWA GEL 240ml, 32.50 
4342/1,BOWA เม็ด 2x10s รสมินท์, 29.00 
3810/1,BOZO SYRUP 60ml (รสสตอเบอร์รี่), 16.00 
3427,BRAND GINKGO BILOBA ซุปไก่สกัดสารสกัดจากใบแป๊ะก๊วย โสม 30s (ส้ม), 322.00 
3426,BRAND IRON ซุปไก่สกัดผสมวิตามินบีคอมเพล็กซ์ และธาตุเหล็ก 60s (เขียว), 322.00 
8379,BRAND ซุปไก่สกัด 39ml (ก.1ขวด), 27.50 
101/5,BRILLIOR 25mg 4x14s, 607.00 
101/2,BRILLIOR 75mg 4x14s," 1,519.00 "
1526/13,BRIXPAIN TABLET 50x10s (เม็ดส้มสี่เหลี่ยม), 299.00 
3002/10,BROCOF-X 10x10s, 165.00 
3006/5,BROMCOLEX 1000s เม็ดเหลือง, 121.00 
3006/4,BROMCOLEX 100x10s **ขึ้น210, 207.00 
3006/3,BROMHEXINE ELIXIR 60ml (รสสตอเบอรี่), 15.50 
3007/10,BROMHEX TABLETS 8mg 1000s (เม็ดเหลือง), 99.00 
3007/1,BROMHEX TABLETS 8mg 50x10s (เม็ดเหลือง), 127.00 
2-791/2,BROMMY SYRUP 60ml (สตรอเบอรี่), 15.92 
2-793/2,BROMSIL SYRUP 60ml (เปลือย), 17.50 
1778,BROMSO ELIXIR 60ml (เปลีอย), 11.75 
7885/2,BRONAL SYRUP 120ml *มีโปรซื้อเยอะ, 124.50 
7885/1,BRONAL SYRUP 60ml, 82.25 
5130,BRONCET EXPECTORANT SF 60ml (สับปะรด), 22.60 
1779,BRONCHOLINE SYRUP 60ml (เปลือย), 9.50 
471,BRONCOLIX EXPECTORANT 60ml, 12.33 
4282/11,BRONGO 40ml รสผลไม้รวม, 65.00 
4056,BRONPECT-D TABLETS 50x10s, 540.00 
1958/1,BROWN MIXTURE 180ml GPO ยาแก้ไอน้ำดำ มีซื้อเยอะ, 41.50 
1958/2,BROWN MIXTURE 450ml GPO ยาแก้ไอน้ำดำ มีซื้อเยอะ, 88.00 
1958,BROWN MIXTURE 60ml GPO ยาแก้ไอน้ำดำ, 21.25 
2700/2,BRUMED DROP 40mg/1ml 15ml (รสส้ม), 39.00 
2700/1,BRUMED-PL 60ml (เปลือยรสองุ่น), 28.50 
4411,BRUSOFT 400mg 6x10s เม็ดเจล **ขึ้น264, 249.00 
2-286,BRUSTAN 50x10s, 717.00 
1955,BRYGEL 240ml, 71.00 
1954,BRYGEL 50x10s, 524.00 
4946,BRYVIRAX CREAM 5gm, 15.00 
1461/1,BRYWOOD VAPERUB ตลับ5g, 18.00 
2269/2,B-SLIME 15ml [glycerine borax], 11.00 
2269/3,B-SLIME 30ml [glycerine borax], 16.25 
2-822,BUFENAC 25mg 100x10s, 194.00 
3243,BUFENAC FORTE 50mg 50x10s, 194.00 
262/1,BUFENAC GEL 30g, 20.00 
711/2,BUFLEX 200mg 50x10s, 247.00 
713,BUFLEX 400 500s มีโปรซื้อเยอะ, 345.00 
712,BUFLEX 400 50x10s, 406.00 
710,BUFLEX 600 500s, 469.00 
711,BUFLEX 600mg 25x10, 296.00 
2700,BUFLEX SYRUP 60ml, 18.25 
2700/3,BUFLEX SYRUP 60ml เปลือย, 15.25 
4288/1,BUKATEC 10mg 10x10s, 38.00 
4672/1,BUNOFEN GPO 60ml, 21.25 
76/1,BURAJEL A.M. 10x10s, 53.00 
2326/2,BURNOVA GEL 35g แผลไฟไหม้ น้ำร้อนลวก, 46.50 
2326,BURNOVA GEL PLUS 25g, 38.50 
2327,BURNOVA GEL PLUS 70g, 76.00 
2326/1,BURNOVA GEL PLUS DRAGON BLOOD 20g, 64.50 
237,BUSCOPAN 10x10s มีโปรซื้อเยอะ, 340.00 
982120/1,BUSOCORT 64mcg 6ml 120dose, 193.50 
982120,BUSONASE 64mcg 6ml, 127.00 
982120/3,BUSONINE-64 nasal spray 14ml, 94.75 
202/7,BUZETIN 10x10s [บูรพา], 50.00 
4945,B-W Lubricating Jelly 10g บี-ดับเบิ้ลยูเจลลี่, 25.00 
17-ม.ค.,BYEBYE-FEVER ADULT 3x2p, 69.50 
16/20,BYEBYE-FEVER CHILDREN 1x2s, 70.00 
16-ม.ค.,BYEBYE-FEVER CHILDREN 3x2p, 69.50 
9998/19,B-YOUNG ต้านอนุมูลอิสระ ชะลอความแก่ 100s [intervetta], 990.00 
414/2,CADEXCIN-N 4ml, 20.00 
3714/1,caduet 5mg/10mg 28s," 1,149.00 "
2016,CAFERGOT 1x10s, 57.00 
3439,CALAMINE LEOPARD BRAND 120ml, 22.00 
3440,CALAMINE LEOPARD BRAND 60ml *ใหม่17.25, 15.00 
3440/2,Calamine Lotion 60ml GPO, 28.50 
2244,CALAMINE SIRIBUNCHA 120ml, 26.00 
2245,CALAMINE SIRIBUNCHA 60ml, 16.25 
2140/2,CALCAP-1000 50x10s **ขึ้น289, 283.00 
2643/2,CALCI-D 1600mg 10x10s รสช็อกโกแลต เด็ก7ขวบขึ้นไปทานเพิ่มความสูง, 60.50 
2140/10,CALCIFEROL CAPSULES 10x10s, 316.00 
1420500,CALCIUM 625 500s (เม็ดเหลือง-น้ำตาล) **ขายขาด, 190.00 
2140/29,CALCIUM-LTREONATE เม็ดแคี้ยว 24x10s รสกีวี่ [GOOD FOR ALL], 550.00 
2140/27,CALCIUM-LTREONATE เม็ดแคี้ยว 24x10s รสชอคโกแลต [GOOD FOR ALL], 550.00 
2140/25,CALCIUM-LTREONATE เม็ดแคี้ยว 24x10s รสนม [GOOD FOR ALL], 550.00 
2140/28,CALCIUM-LTREONATE เม็ดแคี้ยว 24x10s รสผลไม้รวม [GOOD FOR ALL], 550.00 
2140/26,CALCIUM-LTREONATE เม็ดแคี้ยว 24x10s รสส้ม [GOOD FOR ALL], 550.00 
2140/9,CAL DHA BIO KIDDEE CHEWY TABLET รสช็อคโกแลต 12ซองx10s, 261.00 
2140/8,CAL DHA BIO KIDDEE CHEWY TABLET รสวนิลา 12ซองx10s, 261.00 
2748/21,CALLA PLUS 30s GOOD FOR ALL, 198.00 
2140/11,CALLY500 เม็ดเคี้ยว 500mg 24x7s รสโกโก้ (calcium l-treonate) *ใหม่409บ, 365.00 
2140/3,CAL-OS CHEW TABLET 500mg 30s, 74.00 
2140/14,CAL PLUS Complex Vits เม็ดเคี้ยว 500mg 60s รสผลไม้รวม เจริญอาหาร (calcium l-treonate+VIT-B), 228.00 
2140/13,CAL PLUS DHA เม็ดเคี้ยว 500mg 60s รสโกโก้ (calcium l-treonate+DHA), 228.00 
2140/15,CAL PLUS VEGETABLE เม็ดเคี้ยว 500mg 60s (calcium l-treonate+FIBER), 228.00 
2140/16,CAL PLUS VITAMIN C เม็ดเคี้ยว 500mg 60s (calcium l-treonate+VIT-C), 228.00 
2140/17,CAL PLUS YOGURT เม็ดเคี้ยว 500mg 60s ขับถ่าย (calcium l-treonate), 228.00 
2140/5,CALTAB 1500 10x10s, 118.50 
2140,CALTAB WITH VITAMIN D 30s, 47.00 
2956,CALTRATE 600mg 60s มีโปรซื้อเยอะ, 234.40 
3155,CALTRATE PLUS 120s มีโปรซื้อเยอะ, 536.50 
2643/1,CALTRATE PLUS 30s มีโปรซื้อเยอะ, 174.00 
2643,CALTRATE PLUS 60s มีซื้อเยอะ, 304.00 
3154,CALTRATE SILVER 50+ 120s มีโปรซื้อเยอะ, 585.00 
2644,CALTRATE SILVER 50+ 60s มีโปรซื้อเยอะ, 342.00 
2644/7,CALTRATE SILVER 50+ 7s, 100.00 
2968/2,CAL-UPS D 60s, 74.00 
2968/1,CAL-UPS JOIN 60s, 137.00 
4233,CALVIN PLUS D500 60s, 143.50 
2164/1,CAMBIC 7.5mg 10x10s, 176.00 
07857/16,CAMIL BEE MOUTH SPRAY 20ml SF คามิลล์ บี, 72.00 
07857/14,CAMIL KIZ MOUTH SPRAY 20ml, 72.00 
608/8,CAMOXTIN 457mg 70ml รสสับปะรด, 124.00 
1244/2,CANAMED HK 2x6s, 12.50 
255/1,CANASONE 0.5g 1s VT, 60.00 
4454/3,CANASONE 10g, 39.00 
4454,CANASONE C.B. 15g, 44.34 
4454/25,CANASONE C.B. 25g, 68.00 
4453,CANASONE C.B. 5g, 21.00 
2199,CANAZOL-BE CREAM 15g, 38.00 
2198,CANAZOL-BE CREAM 5g, 18.25 
2528,CANAZOL VAGINAL TABLETS 100mg 1x6s (เหลือง), 25.50 
3244,CANDEX CREAM 15g, 26.75 
867,CANDEX CREAM 5g, 14.00 
867/1,CANDEX-PLUS 5g, 15.25 
2530,CANDID EAR DROPS 15ml, 66.00 
2530/1,CANDID-V3 VT 200 mg, 23.50 
3314,CANDINOX 100mg 1x6s *ใหม่24บ, 15.45 
3313,CANDINOX 500mg 1s, 15.45 
3313/1,CANDINOX 500mg 1s มีไม้, 22.50 
2531,CANDIX 15ml (หยอดเล็บ) มีโปรซื้อเยอะ, 18.50 
96181,Canesbalance Gel 7x5ml [Bayer], 282.00 
256,CANESTEN ANTIFUNGAL CREAM 10g, 82.00 
257,CANESTEN ANTIFUNGAL CREAM 20g, 140.75 
259/15,CANESTEN O.D. ANTIFUNGAL CREAM 15g, 153.00 
259/5,CANESTEN O.D. ANTIFUNGAL CREAM 5g, 82.50 
255,CANESTEN VT 0.5g 1s, 169.00 
258,CANESTEN VT 100g 6s, 155.00 
1684,CANTON เขียว ผ้าก๊อซแคนตัน 2นิ้วx2นิ้ว, 31.00 
1685,CANTON เขียว ผ้าก๊อซแคนตัน 3นิ้วx3นิ้ว, 53.75 
2009,CANTON เขียว ผ้าก๊อซแคนตัน 4นิ้วx4นิ้ว, 79.00 
1685/2,CANTON น้ำเงิน ผ้าก๊อซ 3นิ้วx3นิ้ว, 59.00 
2009/2,CANTON น้ำเงิน ผ้าก๊อซ 4นิ้วx4นิ้ว, 87.00 
9998/50,CANVIROL 170MG 30s เพิ่มการทำงานเม็ดเลือดขาว, 575.00 
9998/51,CANVIROL 850MG 30s เพิ่มการทำงานเม็ดเลือดขาว," 1,450.00 "
2329,CAPIROX-20mg 1x10s, 18.25 
08033/10,CAPPLAICIN GEL 30g, 71.00 
8033,CAPSIKA-25 GEL 0.025% 100g, 132.00 
7833,CAPSIKA-25 GEL 0.025% 35g สีแดง, 66.00 
7833/4,CAPSIKA GEL 0.0125% 100g, 97.00 
7833/3,CAPSIKA GEL 0.0125% 15g, 40.00 
7833/1,CAPSIKA GEL 0.0125% 35g, 54.00 
2605/12,CARATEN 12.5 10x10s, 669.00 
2605/25,CARATEN 25mg 10x10s, 866.00 
2605,CARATEN 6.25mg 10x10s, 575.00 
3917/2,CARBOCYS TABLET 50x10s, 450.00 
1795/2,CARBOMED 250mg/5ml 60ml แกะ **ขึ้น19.5, 17.50 
261,CARBO-MINT 1000s ถ่านกัมมันต์ คาร์โบมินต์, 282.00 
787/3,CARBOTIN CAPSULE 500mg 20x10s, 407.00 
1814,CARDENOL10 1000s, 103.00 
9998/18,Cardi-B บำรุงหัวใจ 100s [intervetta]," 1,250.00 "
2-990/2,CARDIPLOT 10mg 10x10s, 291.00 
2998/2,CARDIPLOT 20mg 10x10s, 387.75 
4172/1,CARDOXA 2mg 10x10s, 94.25 
4215,CARDURA XL 3x10s, 675.00 
634/2,CARINOSE TABLET 10x10s [ชุมชน], 90.00 
1367/10,CARIPORE CLEAR TRANSPORE 4นิ้วx10หลาx3ม้วน, 320.00 
819,CATAFLAM 50mg 2x10s, 164.00 
2-128/1,CATALIN EYE DROP 15ml, 128.25 
708/1,CATANAC 50mg 25x10s **ขายขาด, 269.00 
3301,CATHERINE ก เขียว32ซอง (เก็กฮวย), 86.00 
3693/5,CAVILON CLEANSER SPRAY 236ml, 439.00 
3693/1,CAVILON DURABLE BARRIER CREAM 28g, 256.25 
3693/2,CAVILON DURABLE BARRIER CREAM 92g, 559.00 
3693/4,CAVILON FILM SPRAY 28ml, 654.00 
513-2/1,CAVUMOX 1000mg 5x3s, 161.00 
513-2,CAVUMOX SYRUP 156mg 60ml, 83.00 
2975,CB-400 1x1s *ใหม่6บ, 5.10 
2975/1,CB-400 1x3s *ใหม่16บ, 10.50 
2975/2,CB-400 1x6s *ใหม่26บ, 19.50 
269,CDR FORTOS 10s, 123.00 
268,CDR ORANGE 15s, 116.50 
267,CDR ORANGE 2x15s, 204.00 
655/2,CEE-1000mg 100s, 180.00 
655/6,CEE-1000mg SWEETLETS 3x10s (ก.3แผง), 83.50 
655/96,CEE-500mg SWEETLETS รสสับปะรด 1x10x10s (ก.10ซอง), 270.00 
1783/1,CEFEN 400L 1000s (เม็ดขาวยาว)**ขายขาด, 388.00 
2307/1,CEFEN 400P 1000s (เม็ดชมพู), 372.00 
9127050,CEFEN 400P 50x10s (เม็ดชมพู), 270.00 
2307,CEFEN 400Y 1000s (เหลืองยาว), 388.00 
9127050/1,CEFEN 600 50x10s เม็ดชมพูรี (ibuprofen) **ขายขาด, 388.00 
4319/2,CEFSPAN 100mg/5ml 30ml, 205.00 
99501/3,CEFTREX INJECTION 1vial+sw10ml, 38.50 
99501/2,CEFUROXIME [BLC] 250mg 10x10s, 864.00 
99501/1,CEFUROXIME [BLC] 500mg 10x10s," 1,436.50 "
2-608/4,CELCOX 200mg 1x10s, 41.75 
2-608,CELEBREX 200mg 10s (เปลือย), 230.00 
2-608/10,CELEBREX 200mg 1x10s มีกล่อง, 232.00 
2-608/15,CELEBREX 200mg 1x5s กล่องเดี่ยว (celecoxib) บ หมด, 117.00 
2609,CELEBREX 400mg 10s (เปลือย), 395.00 
2-609/4,CELEBREX 400mg 1x10s กล่องเดี่ยว, 366.00 
2-608/14,CELEBREX 400mg 1x5s กล่องเดี่ยว (celecoxib), 192.50 
2-608/5,CELECOXIB TO 200mg 1x10s, 41.00 
902500,CELIMOX 500mg25x10s (เม็ดชมพู-ขาว) มีโปรซื้อเยอะ, 239.00 
3676,CELLUFRESH LUBRICANT EYE DROPS 30หลอดx0.4ml, 252.00 
2-608/12,CELXIB 200mg 10x10s, 457.00 
2-608/11,CELXIB 200mg 1x10s กล่องเดี่ยว มีโปรซื้อเยอะ, 46.75 
2-608/13,CELXIB 400mg 1x10s กล่องเดี่ยว มีโปรซื้อเยอะ, 88.00 
2458,CEMOL 50x10s เม็ดกลม, 155.00 
2458/10,CEMOL 50x10s เม็ดขาวยาว, 155.00 
859,CEMOL กระปุก1000s (ขาว), 250.00 
859/10,CEMOL กระปุก1000s (ฟ้า-ขาว), 306.00 
2459,CEMOL ขวด100s (ขาว), 27.25 
2459-1,CEMOL ขวด100s (ฟ้า-ขาว), 28.25 
91250,CEMOL ขวด50s (ขาว), 14.25 
1783/2,CENBUFEN 400 1000s (เม็ดรีฟ้า) **ขายขาด, 388.00 
5128,CENCOPAN S 50x10s**ขายขาด, 420.00 
2060,CENTELLA CREAM ครีมบัวบก 10g, 24.00 
1375,CENTRUM BETA 100s, 665.00 
1374,CENTRUM BETA เซนทรัม นิว 30s, 220.50 
1379,CENTRUM SILVER 50+ 30s, 275.00 
1380,CENTRUM SILVER 50+ 90s, 746.00 
1374/5,CENTRUM STRESSTABS IRON 30s แดง มีโปรซื้อเยอะ, 216.00 
1374/6,CENTRUM STRESSTABS IRON 60s แดง มีโปรซื้อเยอะ, 384.00 
1374/3,CENTRUM STRESSTABS Zinc 30s น้ำเงิน, 213.50 
1374/4,CENTRUM STRESSTABS Zinc 60s น้ำเงิน มีโปรซื้อเยอะ, 384.00 
30325,CEPHADOL 25mg 20x10s มีโปรซื้อเยอะ, 373.00 
678/4,CEPHALEXIN 500mg เจ็ดดาว 50x10s ส้ม-เทา," 1,450.00 "
512-1/11,CEPHALEXIN-500 (ส้ม-เทา) 500s," 1,350.00 "
2583/10,CeraVe Blemish Control Cleanser 236ml, 362.00 
2583/56,CERAVE BRIGHTENING VIAMIN C CLEANSER 236ml, 360.00 
2583/14,CERAVE CREAM-to-FOAM Cleanser 100ml, 211.00 
2583/5,CERAVE DAILY MOISTURE LOTION 16OZ (473ml), 462.00 
2583/6,CERAVE DAILY MOISTURE LOTION 3OZ (88ml), 185.00 
2583/35,CERAVE DRY TOUCH FLUID SUN SCREEN 50 ml SPF50 PA++++ เขียว ผิวมัน, 569.00 
2583/9,CERAVE FACIAL MOISTURISING LOTION 52ml (PM), 443.00 
2583/21,CERAVE FACIAL MOISTURISING LOTION SPF50 52ml, 435.00 
2583/23,CERAVE FOAMING CLEANSER 16OZ (473ml), 503.00 
2583/3,CERAVE FOAMING CLEANSER 3OZ (88ml), 185.00 
2583/4,CERAVE FOAMING CLEANSER 8OZ (236ml), 345.00 
2583/47,CERAVE HYDRATANT SUN SCREEN SPF50+ 177 ml ผิวกาย, 630.00 
2583/46,CERAVE HYDRATANT SUN SCREEN SPF50+ 75 ml ผิวกาย, 375.00 
2583/22,CERAVE HYDRATING CLEANSER 16OZ (473ml), 425.00 
2583/1,CERAVE HYDRATING CLEANSER 3OZ (88ml), 140.00 
2583/2,CERAVE HYDRATING CLEANSER 8OZ (236ml), 305.00 
2583/24,CERAVE HYDRATING CREAM-TO-FOAM CLEANSER 473ml, 545.00 
2583/45,CERAVE HYDRATING FLUID SUN SCREEN 50 ml SPF50 PA++++ ฟ้า ผิวธรรมดา, 569.00 
2583/50,CERAVE HYDRATING HA WATER GEL 48ML, 475.00 
2583/27,CERAVE INTENSIVE MOISTURISING LOTION 236ml HYDRO-UREA5%, 440.00 
2583/26,CERAVE INTENSIVE MOISTURISING LOTION 3OZ (88ml) urea5%, 249.00 
2583/28,CERAVE INTENSIVE MOISTURISING LOTION 473ml HYDRO-UREA5%, 638.00 
2583/16,CERAVE MICELLAR CLEANSING WATER 295ml, 399.00 
2583/7,CERAVE MOISTURISING CREAM 1.69OZ (50ml), 144.00 
2583/8,CERAVE MOISTURISING CREAM 16OZ (454g), 572.00 
2583/19,CERAVE OIL CONTROL MOISTURISING Gel-CREAM 52ml, 437.00 
1249/1,CERAVE RETINOL SERUM 30ml, 507.00 
2583/11,CERAVE SA SMOOTHING CLEANSER 236ml, 364.00 
2583/12,CERAVE SA SMOOTHING CLEANSER 473ml, 527.00 
2583/20,CERAVE SA SMOOTHING CLEANSER 88ml, 185.00 
2583/15,CERAVE SKIN RENEWING VITAMIN C SERUM 30ml, 632.00 
2686/3,CEREMIN 100x10s (cinnarizine), 278.00 
2189/25,CERTAINTY BODY CLEANSING SPRAY 350ml ทำความสะอาดไม่ต้องล้างออก, 212.00 
12401,CESOLINE W 25mg 10s *มีโปรซื้อเยอะ, 11.75 
1300/98,CETAPHIL 118ml 4oz, 158.50 
1299,CETAPHIL 250ml, 278.75 
1298/3,CETAPHIL 473ml ขวดปั้ม, 430.00 
1298,CETAPHIL 500ml ขวดปั้ม, 430.00 
1299/1,CETAPHIL MOISTURIZING CREAM 100G, 184.00 
1299/2,CETAPHIL MOISTURIZING CREAM 50G, 128.50 
4288/5,CETIRIZINE TABLET 50x10s [medic], 129.50 
1535/5,CETIZAL 5mg 10x10s, 485.00 
1535/9,CETIZAL 5mg 1x10s, 48.00 
4288,CETRIZIN 50x10s, 248.00 
1289,CETRIZIN SYRUP 60ml (เปลีอย), 12.00 
4288/2,CETTEC 10mg 10x10s, 69.00 
2606,CETTEC SYRUP 100ml, 26.50 
1543/1,CEZA SYRUP 60ml, 34.75 
2377/4,C-FORCE 1000mg 100s, 290.00 
2377/2,C-FORCE 1000mg 30s, 114.00 
2377/5,C-FORCE 1000mg 6x10s, 207.00 
2-174,CHALKCAP-1000 10x10s, 191.00 
2002/2,CHILDREN PROTEMP SUPPO 120mg CHLIDREN 1x12s, 96.00 
1409,CHILDREN S TYLENOL 160mg 60ml (เชอรี่), 59.75 
2859/2,CHLOPHE CPM 2mg 50x10s, 113.00 
1985/1,CHLORAM OINTMENT 15g, 10.25 
2859/5,CHLORPHE CPM AU 50x10s, 45.00 
289,CHLORPHENIRAMINE CPM 1000s ไข่ปลา AU, 156.00 
287,CHLORPHENIRAMINE CPM AU 4mg 1000s, 32.00 
3266/1,CHLORPHENIRAMINE INJECTION 50x10x1ml GPO, 320.00 
3266/2,CHLORPHENIRAMINE INJECTION 50x1ml CPMฉีด, 179.00 
2859/1,CHLORPHENIRAMINE MALEATE CPM 10x10s, 45.75 
287/2,CHLORPHENIRAMINE MALEATE CPM TMAN 4mg 1000s เม็ดจุด, 108.00 
1771-1/3,CHLORPHENIRAMINE SYRUP 60ml (เปลือย) เอเชี่ยน (CPM) มีโปรซื้อเยอะ, 12.50 
1771-1/4,CHLORPHENIRAMINE SYRUP 60ml เอเชี่ยน (CPM), 14.00 
2859,CHLORPHEN-Y TABLETS CPM 100s, 6.60 
291,CHLOR-PYRAD 15g, 14.25 
2789,CHLOVAS-20mg 3x10s, 232.00 
2790,CHLOVAS-40mg 3x10s, 244.00 
2790/2,CHLOVAS-ZIS40mg 3x10s, 244.00 
1770,CHRONOL 25x4s, 237.00 
58/5,CICA-CARE 12x3cm SILICONE GEL SHEET ซิลิโคนเจล 12x3cm, 618.00 
58/6,CICA-CARE 12x6cm SILICONE GEL SHEET ซิลิโคนเจล 12x6cm," 1,157.00 "
1794/6,CICOUGH 100mg/5ml 60ml (รสสละ), 29.50 
1531/3,CIFLOXIN 500mg 1x10s, 63.50 
1846,CINNARIZINE 1000s, 188.00 
1846/1,CINNARIZINE 100x10s, 203.00 
1531/1,CIPFLOCIN 500mg FILM COATED TABLETS 1x10s, 21.00 
4220,CIPROCEP 500mg 10x10s, 154.00 
30615,CIRCADIN 2mg PROLONGED-RELEASE TABLETS 1x15s, 415.00 
3918,CISTEINE 100mg 60ml กล่องฟ้า (เชอรี่), 32.50 
3919,CISTEINE 250mg 60ml กล่องแดง (เชอรี่), 36.00 
3917,CISTEINE 375mg 1x12s, 27.67 
787/2,CISTEINE 500mg 1x10s, 38.75 
5509/2,CKM สูตรเย็น ยาเจลบรรเทาอาการปวดเมื่อย 1x12ซอง0.8ก, 119.25 
5509/1,CKM สูตรร้อน ยาเจลบรรเทาอาการปวดเมื่อย 1x12ซอง0.8ก, 119.25 
40092/11,CLACINA 5x14s GPO มีโปรซื้อเยอะ, 925.00 
3026/4,CLALERGY 50x10s, 233.00 
19831/2,Claricare 100ml bayer ISOTONIC sea water spray คาริแคร์, 168.00 
19831/4,Clariclear nasal spray 15ml [oxymetazoline0.05%], 123.00 
3026/3,CLARID 1x10s, 11.00 
634,CLARITYNE 1x10s, 129.00 
1326/2,CLARIUS 0.5mg SYRUP 60ml คลาเรียส ไซรัป, 65.00 
1326/10,CLARIUS 10x10s 0.5mg คลาเรียส เม็ดกลมฟ้า แผงอลู-อลู, 365.00 
1326/3,CLARIUS 1x10s 0.5mg คลาเรียส เม็ดกลมฟ้า แผงอลู-อลู, 40.00 
40092/12,CLARON 500mg 1x10s เม็ดรีเหลือง, 178.00 
634/3,CLATIDYNE-O 50x10s เม็ดกลมส้ม, 296.00 
654/19,Clavamox Drop (Amoxicillin+Clavulanate) 15ml, 154.00 
4333/3,CLAVICO 1000mg 2x10s, 178.00 
4333/4,Clavico-156 DRY [KRESS], 65.00 
4333/5,Clavico-228 DRY [KRESS], 105.00 
4333/6,Clavico-457 DRY [KRESS], 143.00 
4333/15,Clavico AMK [KRESS] 1000mg แบบกล่อง50x10s," 4,145.00 "
4333/7,Clavico AMK [KRESS] 375mg 2x10s, 114.25 
3555/5,CLENA Acne Face Wash 50ml, 64.50 
2491/20,CLENA DRAGON BLOOD ACNE SCAR GEL 7g, 97.00 
3818/7,CLENA EX ANTI MELASMA 15g ชมพู, 129.25 
3818/22,CLENA EX ULTRA ANTI MELASMA 15g, 143.00 
7781/1,CLENASCAR ACNE CLEAR BODY SPRAY 50ml, 77.50 
3555/4,Clenascar Acne Face Wash 50ml, 64.00 
2491/3,CLENASCAR ACNE SPOT GEL 7g เขียว, 64.75 
3555/1,CLENASCAR AURA CUSHION FOAM 50g, 57.75 
3818/15,CLENASCAR C 7g ขาวคาดส้ม, 137.00 
3818/16,CLENASCAR C GEL 15g ขาว-ส้ม, 278.25 
3818/4,CLENASCAR GEL 15g น้ำเงิน, 135.50 
3818/6,CLENASCAR GEL 7g น้ำเงิน, 68.50 
3818/12,CLENASCAR SENSICARE CREAM 20g, 129.50 
1501/5,CLENS 100 LENS DROPS, 117.00 
600111,CLINDA GPO 150mg 10x10s มีโปรซื้อเยอะ, 250.00 
3858/7,CLINDA GPO 300mg 10x10s มีโปรซื้อเยอะ, 311.00 
2-201,CLINDALIN GEL 5g, 34.00 
2-275,CLINDA-M 15ml มีโปรซื้อเยอะ, 42.25 
3858/4,CLINDAMAN-300 10x10s, 333.00 
2-275/2,CLINDAMAN LOTION 15ml, 19.75 
2-201/3,CLINDAMYCIN GEL 5g, 22.00 
3858/6,CLINDASTAR 300mg 10x10s, 279.00 
3858/3,CLINDA-VC 300mg 10x10s, 266.00 
1090/1,CLINDA-VC inj ฉีด, 26.50 
3858,CLINDAVID-300 10x10s, 270.00 
4298/1,CLINIBLU 50x10s (เม็ดสีเขียว), 719.00 
4672,CLINIBLU SUSPENSION 60ml, 32.25 
3002/5,CLINICOF (10x1x10s), 148.00 
3002/3,CLINICOF 50x10s, 590.00 
2013/1,CLINICOLD 10x10s, 145.75 
2013/50,CLINICOLD 50x10s, 589.00 
2-823/2,CLINICOLD SYRUP 120ml, 39.00 
2-823/1,CLINICOLD SYRUP 60ml, 23.50 
753/1,CLINIGEL Lubricating Jelly 50g, 35.00 
2-823/5,CLINIPECT SYRUP 250mg/60ml, 44.00 
839/15,CLINIVATE CREAM 15g, 24.25 
4055/5,CLINIVATE CREAM 5g, 12.25 
839,CLINIVATE-N CREAM 15g, 29.25 
839/35,CLINIVATE-N CREAM 35g, 58.50 
4055,CLINIVATE-N CREAM 5g, 14.75 
3891,CLINODERM CREAM 15g, 39.00 
3891/35,CLINODERM CREAM 35g, 77.75 
4058,CLINODERM CREAM 5g, 20.00 
2688/1,CLINOVIR 200mg 5x5s, 57.50 
2687/1,CLINOVIR 400mg 5x5s, 117.50 
2-980/1,CLINOVIR-800 7x5s, 206.50 
3384/3,CLINOVIR CREAM 5g, 29.00 
403/9,CLOBETATE CREAM 15g, 33.50 
403/10,CLOBETATE SCALP 30ml, 40.25 
3-008,CLOBET CREAM 10g, 32.00 
3-0010,CLOBET CREAM 15g, 47.00 
3-0011,CLOBET CREAM 30g, 91.50 
3-009,CLOBET CREAM 5g, 21.75 
2529/1,CLOMAZ-FORTE 500mg 1s ยาสอด, 13.00 
2177,Clonovate Cream TO 450g, 280.00 
07866/4,CLOPIDOGREL GPO 75mg 10x10s มีโปรซื้อเยอะ, 248.00 
07866/1,CLOPIDOGREL SANDOZ 75mg 2x14s, 489.00 
717/1,CLOPIROX SOLUTION 15ml, 74.00 
403/7,CLOSONE CREAM 25g, 58.00 
403/3,CLOTASOL 15g, 27.00 
403/2,CLOTASOL 5g, 14.00 
2199/1,CLOTRIBET-D CREAM 15g, 20.50 
433,CLOTRIDERM CREAM 20g ซื้อเยอะ, 15.75 
432,CLOTRIDERM CREAM 5g, 8.50 
2531/1,CLOTRIMED LOTION 13ml (หยอดเล็บ) มีโปรซื้อเยอะ **ขึ้น19.25, 18.00 
3959,CLOTRIN-B 15g, 24.75 
4091/4,CLOVER HEBS 60ml ยาแก้ไอ โคลเวอร์ เฮบ (ก.1ขวด), 15.50 
1551/1,CLOVIN CREAM 5g, 12.50 
2687/2,CLOVIRAX 400mg 7x10s (เม็ดชมพูอ่อน), 165.00 
813/1,CLOX 500 500s, 665.00 
813/2,CLOX 500 50x10s (ดำ-ส้ม), 677.00 
2273,CLOXA T.O. DRY FORTE 250 (เปลือย), 21.50 
513/3,COAMOX 125 DRY SYRUP 60ml (รสสตอเบอรี่) [ชุมชน], 23.25 
513/1,COAMOX 125 ORANGE 60ml (รสส้ม) [ชุมชน], 23.50 
513/4,COAMOX 250 ORANGE 60ml (รสส้ม) [ชุมชน], 37.25 
1690/1,COBAN สีเนื้อ เทปพันยืดหยุ่นได้ 2นิ้วx5หลา 3M, 82.00 
454/11,CO-DIOVAN 160mg/12.5 2x14s, 771.00 
454/10,CO-DIOVAN 80mg/12.5 2x14s, 618.00 
3907/3,CODIPHEN 50mg 1x10s [ชุมชน], 25.00 
3006/10,COHEXINE 50x10s [ชุมชน], 204.00 
4793,COHISTA 1000s (เขียว-เหลือง), 285.00 
4794,COHISTA 1000s (แดง-เหลือง), 285.00 
4796,COHISTA 1000s (เทา-ขาว), 285.00 
4795,COHISTA 1000s (ฟ้า-เหลือง), 323.00 
4333/1,COKLAV 1000mg 1x10s [ชุมชน], 80.00 
608/3,COKLAV 312 DRY SYRUP 60ml [ชุมชน], 98.00 
2-841,COLATUS 60ml, 24.00 
3767/1,COLAXIN-O SUSPENSION 125mg 60cc ขวดเปลือย รสส้ม, 27.50 
3767/2,COLAXIN-PL SUSPENSION 250mg 60cc (เปลือยรสองุ่น), 55.25 
317,COLCHICINE 0.6mg 10x10s, 452.00 
1787/1,COLCINE 50x10s, 758.00 
320/7,COLD HOT PACK [3M] HAPPY KIDS (ก.2ชิ้น), 159.00 
320,COLD HOT PACK [3M] MINI เด็ก (S 12.0x10.5cm), 67.00 
319,COLD HOT PACK [3M] ผู้ใหญ่ SIZE M 11x26ซม, 130.00 
323,COLD HOT PACK [T.CARE] A1 MINI มินิ 8x14 คูลฮอด ทีเเคร์ (มินิ) ลัง36 (กล่อง), 49.00 
322,COLD HOT PACK [T-CARE] A2 SMALL เล็ก 13x14 (ลัง24ชิ้น) คูลฮอด ทีแคร์, 56.50 
318,COLD HOT PACK [T.CARE] A3 ใหญ่ 11x26 คูลฮอด ทีแคร์ (ก.1ชิ้น), 82.25 
4416,COLLAGEN Coffee Nature gift (ชมพู) 180บ คอลลาเจนคอฟฟี่เนเจอร์กิ๊ฟ มีซื้อเยอะ, 107.50 
3595,COLOFAC 135mg 50s, 417.50 
3595/1,COLOFAC RETARD 200mg 3x10s, 489.50 
2794/2,COLPERMIN 10x10s, 812.00 
326,COMBIZYM 10x10s, 710.00 
330,CON CON 15ml, 39.25 
292,CONCOR 2.5mg 10x10s **ใหม่68, 61.50 
ก.พ.-93,CONCOR 5mg แผง10s **ใหม่92บ, 83.50 
2-93/3,CONCOR AM 5mg/10mg 3x10s, 326.00 
2-93/1,CONCOR AM 5mg/5mg 3x10s, 303.00 
3006/22,CONHEXINE 60ml, 20.00 
540/5,CONOVATE-N CREAM 15g [ชุมชน], 33.00 
4303/1,CONTROLOC 20mg 14s, 619.00 
4303,CONTROLOC 40mg 14s**ใหม่820, 816.00 
3693/6,CONVATEC ESENTA adhesive remove spray 50ml, 292.00 
654/25,Convenia inj Cefovecin Sodium ยาฉีด 10ml," 5,320.00 "
654/24,Convenia inj Cefovecin Sodium ยาฉีด 4ml," 2,650.00 "
3900/13,CONY COOLING TOWEL 3ผืน ผ้าเช็ดตัวลดไข้ผสมสมุนไพร, 98.00 
4308,COOL BABY 3x2p เด็กอ่อน0-24เดือน, 57.00 
4308/3,COOL BABY กล่อง6ซองx2p เด็กอ่อน0-24เดือน คูล-เบบี้, 101.50 
4309,COOL KIDS 3x2p เด็ก2ปีขึ้นไป มีโปรซื้อเยอะ, 56.00 
4309/1,COOL KIDS EXTRACOOL 3x2p เด็กโต2ปีขึ้นไป, 54.50 
4309/6,COOL KIDS SOFT COOLING GEL PILLOW คูล-คิดส์ (ซอง), 215.00 
4309/3,COOL KIDS กล่อง6ซองx2p เด็ก2ปีขึ้นไป คูล-คิดส์, 101.50 
4309/4,COOL Temp กล่อง6ซองx2p เด็กโต12ปีขึ้นไป คูล-แทมป์, 101.50 
8293,COPOLIS I-HERB mouth spray 18ml, 70.00 
1885/1,COPROFEN 50x10s (เม็ดรีเหลือง) [ชุมชน], 440.00 
1526/9,CORILAX 50x10s (เม็ดกลมขาว) [ชุมชน], 372.00 
1526/6,CORILAX TABLET 50x10s (เม็ดกลมชมพู) [ชุมชน], 374.00 
2-40/1,COROXIN 150mg 10x10s [ชุมชน], 145.00 
2-40/2,COROXIN 300mg 10x10s [ชุมชน], 260.00 
2458/8,COS464 25x10s คอส464, 310.00 
961505,COTREN CREAM 5g, 15.00 
96801,COTREN VAGINAL TABLET 1x1s, 21.50 
3002/19,COUGHDYL 10x10s (เม็ดแดงรี) soft capsule, 338.00 
1470,COUNTERPAIN COOL 120g, 132.00 
2342,COUNTERPAIN COOL 30g, 49.00 
2343,COUNTERPAIN COOL 60g, 78.00 
345,COUNTERPAIN PLUS 25g, 118.75 
345-1,COUNTERPAIN PLUS 50g, 201.00 
344,COUNTERPAIN WARM 120g, 124.75 
346,COUNTERPAIN WARM 30g, 41.75 
347,COUNTERPAIN WARM 60g, 70.75 
1157/1,COVIR 400mg 5x5s (acyclovir) [ชุมชน], 131.00 
1157/2,COVIR 5g (acyclovir) [ชุมชน], 27.00 
2-980/2,COVIR-800 7x5s [ชุมชน], 230.00 
3001/3,COX EXPECTORANT 60ml, 25.75 
349/2,COXIUM 1500mg 1x6x5s กล่องแดง, 294.00 
349,COXIUM 1500mg 30ซอง, 295.00 
348,COXIUM 500mg 10x10s, 220.00 
349/3,COXIUM S PLUS chondroitin 1500mg 30ซอง, 723.00 
2858,CPM CHLORPHENIRAMINE 100s AU, 5.25 
3266,CPM CHLORPHENIRAMINE INJECTION 10x1ml, 26.75 
283,CPM HISTATAB TABLETS 100s**ขายขาด, 7.00 
4092/4,CRAVIT 500 1x5s (levofloxacin), 372.00 
4092/6,CRAVIT OPHTHALMIC SOLUTION 0.5% 5ml, 125.00 
2532/1,CRAVIXIN 500mg 10x10s, 689.00 
4092/3,CRAXACIN 500 1x10s, 86.00 
2123,Cream 91E ครีม 91อี, 42.84 
233/3,CRE-O ครีโอ ปวดฟัน ตราคนตีเสือ 3cc, 16.50 
4051/1,CRESTATIN 10mg 3x10s, 194.00 
4636,CRESTATIN 20mg 3x10s, 258.00 
4051,CRESTOR ROSUVASTATIN 10mg 28s ส้ม," 1,063.00 "
4052,CRESTOR ROSUVASTATIN 20mg 28s ฟ้า," 1,499.00 "
4253/1,CROBREL MOIST OINTMENTPLUS 20g สีแดง, 60.00 
993400,CROSSA-400mg 10x10s, 130.00 
3694/1,CURAM 1000mg 2×6s, 142.00 
3694,CURAM 625mg 3x4s มีโปรซื้อเยอะ, 131.00 
2-608/2,CYBEC 200mg 1x10s, 58.00 
1188-1,CYBELE SCAGEL 19g, 258.00 
1188-2,CYBELE SCAGEL 4g, 71.00 
1188,CYBELE SCAGEL 9g, 142.00 
4471/4,CYBELE SCAGEL KIDS 4g, 70.75 
4471,CYBELE SCAGEL KIDS 9g, 142.00 
96710,CYBELE SCAGEL PLUS 10g, 208.00 
1188/1,CYBELE SCAGEL แพคคู่ 9g, 199.00 
4471/2,CYBELE แพคคู่ SCAGEL KIDS 2x9g, 198.00 
3-005/4,CYMET400 50x10s, 484.00 
33/3,CYPROHEPTADINE 1000s NL ขาวชมพู, 125.00 
33,CYPROHEPTADINE AU 1000s เม็ดกลมขาว, 75.00 
33/2,CYPROHEPTADINE TMAN1000s เม็ดกลมขาว, 87.00 
3002/12,CYPRONAM 60ml (องุ่น), 16.75 
3002/15,CYPRO SYRUP 60ml (สับปะรด) เปลือย, 13.00 
912/3,CYRIAMINE FORTE 1x10s (Vitamin B1-6-12) **ขายขาด, 159.00 
2907/3,CYSTALINE 600mg 10s **ขึ้น106.5, 100.00 
2907/4,CYSTALINE 600mg 5x4s, 156.50 
4228,CYTISINE GPO 1.5mg 10x10s, 595.00 
2748/20,C+ZINC 30s GOOD FOR ALL, 144.00 
2078/2,D5S 1000ml ไม่มีเซ็ต [ANB] (ขวด) รหัส 2078/2, 30.70 
2078/3,D5W 1000ml มีเซ็ต [ANB] (ขวด) รหัส 2078/3, 42.00 
2300/3,DAFLON 1000mg 3x10s **ขึ้น599, 576.50 
2300,DAFLON 500mg 2x15s **ขึ้น333, 283.50 
377/1,DAFOMIN 500mg 30x10s, 930.00 
377,DAFOMIN 500mg 3x10s, 127.00 
219,DAINOX 10x10s, 70.00 
3234/4,DAIVOBET OINTMENT 15g, 553.00 
2443,DALACIN T 1% 10ml มีโปรซื้อเยอะ, 81.00 
2011/3,DAMINATE 10x10s, 73.25 
922/3,DANDRIL SHAMPOO 100ml มีโปรซื้อเยอะ **ขึ้น68, 58.00 
858/3,DANTRON 8mg 10×10s," 1,062.00 "
375,DAONIL 5mg 10x10s, 296.00 
3002/2,D-COATE 50x10s, 520.00 
382/1,DECOLGEN 25x4s ขย2, 191.50 
382,DECOLGEN PRIN 25x4s **ขึ้น205, 194.00 
1841/11,DEEDAY BIO C & MTV & ELDERBERRY 120ml, 187.00 
1841/8,DEEDAY BioMAGNESIUM Plus Vitamins 30s, 145.50 
1841/5,DEEDAY BIOTIN PLUS ZINC 6*10s, 179.00 
1841/13,DEEDAY CoQ10 Plus RICE CERAMIDE 30s, 282.00 
4451/8,DEEDAY FIBER BOMB 1x10sachets (ก.10ซอง), 145.00 
1841/4,DEEDAY LUTI-BERRY MIXED 3x10s, 213.00 
1841/10,DEEDAY MULTIVITAMIN FORTE & OMEGA-3 PLUS LYSINE 120ml, 109.00 
1841/7,DEEDAY NIGHTS STORY 3x10s, 216.00 
1841/12,DEEDAY VITAMIN B PLUS L-CYSTEINE & TAURINE 3x10s, 187.00 
76/3,DEFOMIL 25x10s, 196.00 
3970,DEFUNGO CREAM 10g, 40.50 
3951/3,DEFUNGO VT 100mg 1x6s, 26.00 
3951/1,DEFUNGO VT 500mg 1x1s, 25.00 
3144/1,DEFURLIN DROPS 15ml, 28.25 
94950,DEGAS 50x10s แบ่งขาย มีโปรซื้อเยอะ, 7.25 
2525,DEGRAN 1x10s, 28.25 
1121000,DEHECTA 3gx20ซอง, 465.00 
4068/2,Dehec-z รสองุ่น 60ml ดีเฮก-ซี, 74.50 
3907/23,Deiter gummyXS เบริน 6x1x4s ราสป์เบอร์รีเลมอน, 169.00 
3907/22,Deiter gummyXS ปล็อก 6x1x4s โคลาเลมอน, 169.00 
669,DELTACARBON 1x10s เม็ดตอก, 22.20 
448/4,DENIM 50x10s, 148.75 
683/3,DENOX SPRAY 0.05% 10ml เด็ก1-11ปี, 70.00 
683/4,DENOX SPRAY 0.1% 10ml ผู้ใหญ่12ปีขึ้นไป, 81.00 
8210/1,DENTI-FIX เม็ดฟู่ทำความสะอาดฟันปลอม 1x12s [polident], 36.50 
2662/13,DENTISTE KID MAX FLUORIDE (รสผลไม้รวม) 20g ยาสีฟันเด็ก, 53.00 
2662/15,DENTISTE KID MAX FLUORIDE (รสผลไม้รวม) 60g ยาสีฟันเด็ก, 135.00 
2662/14,DENTISTE KID MAX FLUORIDE (รสสตอเบอร์รี่) 20g ยาสีฟันเด็ก, 53.00 
2662/16,DENTISTE KID MAX FLUORIDE (รสสตอเบอร์รี่) 60g ยาสีฟันเด็ก, 135.00 
2662/9,DENTISTE MOUTH SPRAY ZINC 10ml, 76.25 
2662/6,DENTISTE MOUTH SPRAY ZINC 20ml, 128.50 
2662/80,DENTISTE MOUTH SPRAY แอนโดรกราฟิส 3ml, 49.00 
2662/23,DENTISTE ORAL RINSE บ้วนปาก 100ml, 57.00 
2662/20,DENTISTE ORAL RINSE บ้วนปาก 200ml, 88.50 
2662/21,DENTISTE ORAL RINSE บ้วนปาก 450ml, 137.00 
2662/22,DENTISTE ORAL RINSE บ้วนปาก 700ml, 209.00 
2662,DENTISTE PLUS WHITE 100g ยาสีฟัน, 162.50 
2660,DENTISTE PLUS WHITE 160g, 226.00 
2660/1,DENTISTE PLUS WHITE 50g ยาสีฟัน, 98.00 
2662/3,DENTISTE PLUS WHITE MAX 100g ยาสีฟัน, 167.00 
2662/10,DENTISTE PLUS WHITE MAX 45g ยาสีฟัน, 79.25 
2662/26,DENTISTE PREMIUM CARE 100g ยาสีฟัน สีทอง เน้นปัญหาเหงือกอักเสบ, 216.00 
2662/4,DENTISTE SENSITIVE 100g ยาสีฟัน, 155.00 
2660/2,DENTISTE WHITE PREMIUM 100g ยาสีฟัน สีเงิน, 179.00 
941010/1,DEOLIN 40mg 1x10s, 13.75 
3248,DEPAKINE CHRONO 500mg 30s, 351.00 
2-784,DEPO-A INJECTIONS 10vialx3ml มีโปรซื้อเยอะ, 94.00 
390,DEPO-GESTIN INJECTIONS 10vialx3ml, 118.00 
2-784/4,DEPOMOXIE 150mg 3ml, 12.25 
3982,DEPYRET SYRUP DROPS 15ml, 25.50 
377/2,DERFALON-500 3x10s *มีโปรซื้อเยอะ, 97.50 
9996/6,DERMACORE COS Shampoo 1000ml ขวดแบ่ง 10 ขวด 100ml, 840.00 
9996/2,DERMACORE COS Shampoo 250ml, 237.00 
9996/4,DERMACORE COS Spray 100ml, 210.00 
9996/3,DERMACORE COS Spray 20ml, 120.00 
9996/5,DermaCore COS WIPE ทิชชู่เปียก30แผ่น, 43.50 
3859,DERMAHEU CREAM 15g, 58.25 
1539,DERMAHEU CREAM 25g, 86.25 
15391,DERMAHEU CREAM 50g, 160.50 
3860,DERMAHEU CREAM 5g, 28.75 
1142/1,DERMAKLARES 0.05% 10g, 51.25 
403/4,DERMAMAN CREAM 25g, 21.25 
403/20,DERMAMAN CREAM 5g, 9.50 
403/13,DERMAMAN OINTMENT 15g, 34.75 
403/14,DERMAMAN OINTMENT 5g, 17.50 
3818/3,DERMATIX ACNE SCAR 5g, 222.00 
96715,DERMATIX ULTRA GEL 15g, 694.00 
3818,DERMATIX ULTRA GEL 5g, 347.00 
3818/10,DERMATIX ULTRA GEL 9g, 564.00 
3818/8,DERMATIX ULTRA KIDS 5g, 358.00 
3818/9,DERMATIX WOUND CARE 20g, 178.50 
1899,DERMATOP CREAM 5g, 53.00 
393,DERMAZIN CREAM 25g, 63.00 
1833/1,DERMED 10x10s (เม็ดกลมเขียวอ่อน), 156.00 
4255/1,DERMISKIN MOISTURIZER SKIN OINTMENT 30g, 80.00 
3859/2,DERMIX-4 CREAM 15g, 53.00 
1539/1,DERMIX-4 CREAM 25g บ ขาด, 79.25 
340/1,DERMONAR LOTION 30ml, 55.00 
404,DERMOVATE 5g, 52.50 
402,DERMOVATE cream 100g, 585.00 
403,DERMOVATE cream15g, 147.75 
340,DERMOVATE SCALP APPLICATION 30ml, 183.00 
343,DERTEC CREAM 15g, 43.75 
342,DERTEC CREAM 5g, 20.25 
4454/1,DERZID-C CREAM 15g มีโปรซื้อเยอะ, 23.50 
4454/2,DERZID-N CREAM 15g มีซื้อเยอะ, 21.00 
954/3,DESLORA 5mg 1x10s, 51.25 
954/2,DESLORA SYRUP 60ml (รสผลไม้รวม) ซื้อเยอะ บ ขาด, 68.00 
953/11,DESLORATADINE 10x10s [zydus] บ ขาด, 335.00 
953/4,DESLORATADINE SANDOZ 1x10s, 116.00 
954/7,DESTA 1x10s, 48.75 
954/6,DESTA SYRUP 0.5mg/1ml 60ml (รสองุ่น), 88.00 
954/15,DESTA SYRUP SF 0.5mg/1ml 60ml (รสองุ่น), 103.00 
1528,DETAPAIN 2x10s, 28.00 
413,DETTOL ANTISEPTIC DISINFECTANT 1000ml, 534.00 
8158,DETTOL ANTISEPTIC DISINFECTANT 4000ml โฉมใหม่," 1,710.00 "
411,DETTOL ANTISEPTIC DISINFECTANT 500ml โฉมใหม่, 401.00 
406/2,DETTOL SPRAY 225ml กลิ่นลาเวนเดอร์ บ ขาด, 103.50 
406,DETTOL SPRAY 225ml ขวดขาว-ฟ้า ลัง12 (ขวด), 112.00 
961752,DETTOL WET WIPE 1x10sheets ทิชชู่เปียกเดทตอล, 31.00 
961752/1,DETTOL WET WIPE 1x50sheets ทิชชู่เปียกเดทตอล, 119.00 
3034,DEWAX EAR DROPS 15ml, 52.00 
1360/1,DEXOCORTE 15g มีโปรซื้อเยอะ, 62.50 
414,DEXOPH EYE - EAR DROPS 4ml, 21.50 
4255,DEXPANZEL ALLERG SKIN OINTMENT 30g, 103.50 
2250/5,DEXTIDERM 35g (สูตร Bepanthen Ointment), 65.00 
3002/7,DEXTRO COUGH SYRUP 60ml (รสองุ่น) **ขึ้น21, 20.50 
3002/20,DEXTRO TABLETS 1000s (เม็ดรีเขียว), 459.00 
3002/8,DEXTRO TABLETS 50x10s (เม็ดรีเขียว) **ขึ้น325, 320.00 
1326/4,DEZLO 5mg tablet 1x10s, 49.25 
953/10,DEZTANEX 10x10s, 351.00 
2250/4,DIABEDERM 10% 100g, 129.25 
2250/1,DIABEDERM 10% 150g, 145.50 
2261,DIABEDERM 10% 15g เขียว, 26.25 
2250,DIABEDERM 10% 35g เขียว, 52.00 
2250/2,DIABEDERM 10% 450g, 292.00 
08080/3,DIABEDERM 20% 100g, 161.75 
08080/1,DIABEDERM 20% 150g น้ำเงิน, 173.00 
8089,DIABEDERM 20% 15g น้ำเงิน, 32.00 
8080,DIABEDERM 20% 35g, 64.75 
2250/6,DIABEDERM 20% 450g, 346.00 
284/1,DIABEDERM LOTION 10% 200ml, 192.00 
1835/1,DIACERIC 50mg 3x10s (diacerein), 313.00 
425,DIAMICRON MR 60mg 30s **แจ้งปรับราคา, 439.00 
422,DIARINE 50x10s, 164.00 
424,DIASGEST 10x10s, 204.00 
2-822/1,DICLOFENAC 25mg 100x10s เม็ดกลมเหลือง [inpac pharma], 165.00 
3243/2,DICLOFENAC 25mg 50x10s (เม็ดกลมเหลือง) [ชุมชน], 244.50 
3243/1,DICLOFENAC 50mg 50x10s (เม็ดกลมเหลือง) [ชุมชน], 330.00 
262/2,DICLOGEL 30g, 25.25 
2670/1,DICLOSIAN ENTERIC COATED TABLETS 50mg 1x10s *มีโปรซื้อเยอะ, 9.90 
1524/2,DICLO SR-100 10x10s มีโปรซื้อเยอะ, 398.00 
80311,Dicloxacillin 250mg GPO 50x10s มีซื้อเยอะ," 1,018.00 "
3655/6,DICLOXACILLIN 500mg 50x10s (เขียวเหลือง) [ชุมชน], 890.00 
3655/12,Dicloxacillin 500mg GPO 50x10s มีซื้อเยอะ," 1,585.00 "
3-568,DICLOXACILLIN-NIDA 50x10s, 777.00 
3-568/1,DICLOXHIM DRY 125mg/5ml 60ml รสน้ำส้ม, 35.75 
3655/18,DICLOXILIN-500 40x10s ฟ้า-ขาว เจ็ดดาว, 910.00 
3655/19,DICLOXILIN-500 40x10s ส้ม-เหลือง เจ็ดดาว, 910.00 
3655,DICLOXILIN-500 42 50x10s, 759.00 
3655/11,DICLOXILIN 500 เอชเค 500s (เม็ดฟ้าขาว) ไดคลอกซ่า, 740.00 
3655/10,DICLOXILIN 500 เอชเค 50x10s (เม็ดฟ้าขาว) ไดคลอกซ่า, 760.00 
3655/2,DICLOXMAN-500 500s, 820.00 
3655/1,DICLOXMAN-500 CAPSULE 50x10s, 933.00 
3655/5,DICLOXMED 500 50x10s (เม็ดฟ้าขาว), 755.00 
1458/2,DIFAZT 1x10s Softgel เม็ดเหลือง, 46.75 
2669,DIFELENE 25mg 1x10s, 11.50 
2670,DIFELENE 50mg 1x10s, 18.75 
3028,DIFELENE GEL 100g, 85.75 
3030,DIFELENE GEL 15g, 18.75 
3031,DIFELENE GEL 30g, 32.25 
3029,DIFELENE GEL 60g, 59.00 
902/1,DIFENAC INJECTION 50ampx3ml, 210.00 
262/3,DIFENGESIC GEL 35g ไดเฟนจีสิค, 29.25 
2-791/1,DIFFCOF CHESTY COUGH SYRUP 200ml (รสฟอเรสต์ฟรุต), 108.00 
2-791/3,DIFFCOF DUAL ACTION CHESTY COUGH SYRUP 200ml (รสสตอเบอร์รี่), 123.75 
7893,DIFFERIN GEL 0.1% 15g, 365.00 
7893/30,DIFFERIN GEL 0.1% 30g, 578.00 
729/9,DIFFLAM FOR CHILDREN THROAT SPRAY SF 30ml, 218.00 
729,DIFFLAM FORTE THROAT SPRAY SF 15ml, 218.00 
8311/1,DIFFLAM HONEY & LEMON 1x12s, 40.00 
8311,DIFFLAM HONEY & LEMON 24ซองx8s, 498.00 
8311/2,DIFFLAM HONEY & LEMON 24ซองx8s, 498.00 
729/3,DIFFLAM HONEY&LEMON LOZENGES 2x8s (รสมะนาว), 153.50 
729/1,DIFFLAM LOZENGES 2x8s (รสมิ้นท์), 153.50 
8310/1,DIFFLAM ORANGE+VIT C 1x12s, 40.00 
8310,DIFFLAM ORANGE+VIT C 24ซองx8s, 498.00 
729/2,DIFFLAM WILD BERRY 24ซองx8s, 498.00 
729/7,DIFFLIS Herbal Spray 15ml, 95.50 
2035,DILANTIN 100mg 100s, 386.00 
2605/30,DILATREND 12.5MG 10x10S (BLUE)," 2,200.00 "
2605/31,DILATREND 25MG 10x10S (VIOLET)," 2,400.00 "
2605/32,DILATREND 6.25MG 10x10S (GREEN)," 1,780.00 "
447,DIMENHYDRINATE AU 1000s, 145.00 
448,DIMENHYDRINATE AU100x10s, 199.00 
448/1,DIMENHYDRINATE TABLET 100x10s, 240.00 
447/1,DIMENHYDRINATE TABLET T-MAN 1000s, 195.00 
3002/13,DIMOPHEN 25x10s (เม็ดเหลืองกลม), 299.00 
3002/14,DIMOPHEN 500s (เม็ดเหลืองกลม), 405.00 
99125/17,DINAC-FORTE 50mg 1000s (เม็ดกลมฟ้า), 315.00 
3034/2,DIOCTOL 10x10s stool softening laxative (docusate), 261.00 
2088,DIOSMIN 500mg 3x10s, 113.00 
2088/1,DIOSMIN 500mg 45x10s," 1,280.00 "
454,DIOVAN 160mg 28s แถบแดง, 724.00 
453,DIOVAN 80mg 28s แถบดำ, 577.50 
2240/2,DIOXZYE DROP 15ml (รสส้ม), 40.00 
8008/3,DIOXZYE MINT 80mg 10x10s (มิ้นท์), 129.00 
8008,DIOXZYE MINT 80mg 25x10s (มิ้นท์), 328.00 
8008/2,DIOXZYE MINT 80mg 50x10s, 652.00 
8008/4,DIOXZYE ORANGE 80mg 10x10s (ส้ม), 129.00 
8007,DIOXZYE ORANGE 80mg 25x10s (ส้ม), 328.00 
8007/1,DIOXZYE ORANGE 80mg 50x10s (ส้ม), 652.00 
812,DIPAZIDE 10x10s, 130.00 
457,DIPROSALIC OINTMENT 15g บ ขาด, 230.00 
458,DIPROSALIC OINTMENT 5g บ ขาด, 99.00 
2-402,DIPROTOP OINTMENT 5g, 79.00 
4366,DISOL 8mg 10x10s, 129.75 
3655/14,DIXOCILLIN 500mg 10x10s (ฟ้า-ขาว) สยาม แผงอลู, 417.00 
2252/4,D-LIFE OMEGA-3 PLUS LYSINE AND MTV 120ml [PATAR], 48.00 
1673/3,DOIZ 50mg 1x10s, 86.00 
1524/3,DOLONIL SR 100mg 10x10s [42], 332.00 
857/1,DOMERDON SUSPENSION 30ml (รสวนิลา), 12.25 
1826/4,DOMINOX 10mg 100x10s, 252.00 
2-400/1,DOMINOX LIQUID SUSPENSION 30ml, 11.25 
4321/2,DOMPERDONE SUSPENSION 30ml, 14.00 
1826/8,DOMPER-M 1000s เม็ดกลมขาว, 195.00 
1826/9,DOMPER-M 50x10s เม็ดกลมขาว, 195.00 
1826/10,DOMP-M 10mg 1000s Rx เม็ดกลมฟ้า [ชุมชน], 472.00 
1826/1,DOMP-M 10mg 50x10s [ชุมชน], 275.00 
1826/7,DOMP SUSPENSION 30ml [ชุมชน], 26.25 
4948,DONECEPT10 โดนีเซฟท์ 4x7s, 835.00 
3061/1,DOPASIAN FILM COATED 250mg 50x10s (เม็ดกลมฟ้า), 956.00 
2623,DOPROCT OINTMENT 10g, 58.25 
2622,DOPROCT SUPPOSITORY 1x10s, 56.50 
2-938,DORMIRAX 25 500s, 283.00 
2-410,DORMIRAX 25mg 10x10s, 118.00 
3655/7,DOROX 500mg 25x10s เม็ดส้ม-แดง, 473.00 
3246/1,DOSANAC 25mg 10x10s, 138.00 
3246,DOSANAC 25mg 1x10s โดซาแนค, 13.00 
3245/10,DOSANAC 50mg 10x10s, 247.00 
2-309/1,DOSANAC GEL 10g *มีโปรซื้อเยอะ, 15.00 
2-309,DOSANAC GEL 25g, 40.00 
2-310,DOSANAC GEL 50g, 60.25 
297,DOSATE 20mg 25x10s **ขายขาด, 122.00 
482/5,DOXIN 100mg 10x10s แคปซูลเขียว [42], 169.00 
482/4,DOXIN 100mg 500s แคปซูลเขียว (doxycycline), 385.00 
482/6,DOXIN CAPSULE 100mg 1000s (เม็ดเขียว), 722.00 
482/2,DOXIN CAPSULE 100mg 50x10s (เม็ดเขียว), 396.00 
482/7,DOXIN TABLET 100mg 1000s (เม็ดรีเหลือง), 869.00 
482/1,DOXIN TABLET 100mg 25x10s เม็ดตอกรีเหลือง, 334.00 
482/8,DOXYLCAP 100mg 500s แคปซูลน้ำเงิน (doxycycline), 579.00 
296/2,D-PRAZOL 1x14s, 30.50 
3818/5,DRAGON BLOOD SCAR CREAM 5g (หลอดเขียว), 114.00 
484,DRAMAMINE 10x10s, 141.00 
729/6,D THROAT 0.3% SPRAY 15ml กลิ่นมิ้นท์, 160.00 
729/4,D THROAT SPRAY 0.15% 15ml (กลิ่นมะนาว), 163.00 
729/5,D THROAT SPRAY 0.3% 15ml (กลิ่นมะนาว), 163.00 
729/8,D THROLIS KIDS SPRAY 10ml SF (รสส้ม) เด็ก6ขวบขึ้นไป, 104.00 
485/1,DULCOLAX 5mg 10x10s, 288.75 
61/94,DUODERM HYDROACTIVE GEL 3x30g ดูโอเดิร์ม, 607.00 
2-940/3,DUPHALAC 1000ml," 1,130.00 "
2-940,DUPHALAC 100ml, 126.50 
2-940/2,DUPHALAC 200ml, 232.00 
2025,DURAN 400mg 1x10s (เม็ดกลมชมพู), 18.75 
2024,DURAN 400mg 1x10s (เม็ดรีขาว), 18.50 
2024/1,DURAN 600mg 1x10s (เม็ดรีขาว), 25.25 
2021,DURAN 60ml (ส้ม), 27.09 
495,DUREX PLAY CLASSIC GEL 50ml, 94.25 
495/1,DUREX PLAY CLASSIC GEL แบบซองพกพา 3x5ml กล่องฟ้า, 40.50 
496,DUREX PLAY STRAWBERRY GEL 50ml, 144.00 
496/1,DUREX PLAY STRAWBERRY GEL ซองพกพา 3x5ml กล่องแดง, 48.00 
2505/1,DUSPATIN 135 10x10s, 290.00 
3007,DUTROSS 1x10s, 16.00 
3006,DUTROSS 60ml (ผลไม้รวม), 21.50 
3006/2,DUTROSS DM KIDS 60ml (รสผลไม้รวม), 31.00 
9993/11,DWELL DEET95 150ml กันยุง, 225.00 
9993/10,DWELL DEET95 75ml กันยุง, 135.00 
118/2,DYMISTA 120doses *โปรดดูวัน exp, 632.00 
99995/4,EAR PLUG ที่อุดหู EAR PUTTY silicone ปั้นได้ แนะนำขาย105, 74.00 
3034/1,EARWAX 15ml *ใหม่45.25, 38.00 
9110120,EBERIL 120 1x5s, 49.00 
911090,EBERIL 90mg 1x5s, 41.00 
9997/13,Eclean Ear Cleansing (millingtonia) กลิ่นดอกปีบ 118ml, 126.00 
9997/14,Eclean Ear Cleansing (sakura) กลิ่นซากุระ 118ml, 135.00 
3440/3,EDWARDS CALAMINE LOTION 55ml หน้าเด็ก, 31.00 
3440/1,EDWARDS CALAMINE LOTION 60ml, 17.50 
14211/8,EGG Albumen 60เม็ด โปรตีนไข่ขาวเม็ด [DWELL] 4เม็ด=ไข่ขาว1ฟอง, 275.00 
4798,EGG Albumin 400g ALQUABUMIN โปรตีนไข่ขาว ผง, 425.00 
14211/3,EGG Albumin 90s ALQUABUMIN โปรตีนไข่ขาวเม็ด, 429.00 
4211/5,EGG Albumin ALQUABUMIN โปรตีนไข่ขาว ผง 10ซอง*25gไข่ขาว8ฟอง, 225.00 
951/1,ELEVIT 30s เอเลวิต, 305.00 
3234/1,ELIDEL CREAM 1% 15g ยาอายุ2ปี**โปรดุวันexp, 765.00 
07866/5,Eliquis 5mg 6x10s," 3,575.00 "
1535/3,ELLEZIN 5mg 1x10s มีโปรซื้อเยอะ, 43.75 
2292,ELMETACIN SPRAY 50 ml, 124.00 
2581,ELOMET CREAM 0.1% 15g, 195.00 
2580,ELOMET CREAM 0.1% 5g, 92.00 
2581/1,ELOMET LOTION 30ml, 372.00 
2-627/4,EL บ๊วยเค็มอบแห้ง ขวดใหญ่ 50g, 16.25 
2-627/24,EL บ๊วยเชอร์รี (บ๊วยแดงแช่อิ่ม) ซองกลาง, 33.00 
2-627/21,EL บ๊วยผลไม้รวมมิตรสามรส ซองกลาง, 33.00 
2-627/23,EL บ๊วยมะนาว (มะนาวเค็ม) ซองกลาง, 33.00 
2-627/16,EL บ๊วยมะม่วงชะเอม (มะม่วงเค็มแห้ง), 16.25 
2-627/15,EL บ๊วยมะม่วงบ๊วย (มะม่วงมาเลย์หวานแห้ง) ขวดใหญ่ 50g, 16.25 
2-627/26,EL บ๊วยมะม่วงสไลด์ (มะม่วงสดแช่อิ่ม) ซองกลาง, 33.00 
2-627/14,EL บ๊วยมะละกอบ๊วย (มะละกอสามรสแห้ง) ขวดใหญ่ 50g, 16.25 
2-627/28,EL บ๊วยรสชาเขียว ซองกลาง, 33.00 
2-627/12,EL บ๊วยลูกท้ออบแห้ง (ลูกท้อเค็ม) ขวดใหญ่ 50g, 16.25 
2-627/27,EL บ๊วยลูกพรุนอบแห้ง ซองกลาง, 33.00 
2-627/25,EL บ๊วยลูกไหนสามรส ซองกลาง, 33.00 
2-627/10,EL บ๊วยเลมอนชิ้นดั้งเดิม (เลมอนแห้งสามรส) ขวดใหญ่ 50g, 16.25 
2-627/11,EL บ๊วยเลมอนชิ้นบ๊วย (มะนาวเค็ม) ขวดใหญ่ 50g, 16.25 
2-627/22,EL บ๊วยเลมอนสามรส (เลมอนแห้งสามรส) ซองกลาง, 33.00 
2-627/9,EL บ๊วยหวานอบแห้ง ขวดใหญ่ 50g, 16.25 
2-627/8,EL บ๊วยห้ารส ขวดใหญ่ 50g, 16.25 
2-627/20,EL มะม่วงบ๊วย (มะม่วงมาเลย์หวานแห้ง) ซองกลาง, 33.00 
200,EMULAX BISACODYL 1000s (เม็ดเหลือง), 133.00 
200/1,EMULAX BISACODYL 100s (เม็ดเหลือง), 322.00 
200/2,EMULAX น้ำ 240ml อีมูแลค, 28.50 
390/1,ENAF-150 10vialx3ml, 117.00 
517/1,ENALAPRIL 20mg 100x10s [ชุมชน], 650.00 
2378/1,ENALAPRIL 5mg 100x10s [ชุมชน], 365.00 
517,ENARIL 20mg 10x10s, 89.00 
2378,ENARIL 5mg 10x10s, 59.50 
3907/31,ENER+G WALKE UP gummy B6-12 6x1x10s รสมิกซ์เบอร์รี่ SF, 110.00 
515,ENO LEMON 4.3gx60ซอง (มะนาว) อีโน, 648.00 
514,ENO ORANGE 4.3gx60ซอง (ส้ม) อีโน, 648.00 
654/34,ENROPHAR150 10x10s, 940.00 
654/32,ENROPHAR15 10x10s, 720.00 
654/33,ENROPHAR50 10x10s, 820.00 
1465/31,Enteral Feeding Bag 500ml ถุงบรรจุอาหารแหลว PERMAX (ถุง), 11.00 
2196,EPIDUO (0.1%/2.5% Gel) 15g โปร4กพ-28มีค69 ลด5บ โปรดดูวัน exp, 522.00 
533/2,EPL 300mg 10x10s, 472.00 
520,EQUAL 1x50ซอง ซื้อเยอะ, 65.50 
1052/6,ERBATOP ADVANCE INTENSIVE LOTION 75ml (ก.1หลอด), 138.00 
1052/4,ERBATOP CREAM 25g สิงโต (ก.1หลอด), 233.00 
1052/3,ERBATOP CREAM 7g สิงโต (ก.1หลอด), 70.50 
1052/5,ERBATOP HAND CREAM SOOTHING CARE A.I. 50g ฟ้า, 137.00 
1052/2,ERBATOP SOOTHING CARE A.I. CREAM 50g ฟ้า (ก.1หลอด), 138.00 
2890,ERFUZIDE 30ml, 20.25 
2891,ERFUZIDE 60ml, 29.00 
2890/1,ERFUZIDE CAPSULES 10x12s, 216.00 
2964,EROXADE 150mg 10x10s **ขึ้น131, 120.00 
2-668/3,ERYTHROMYCIN ESTOLATE FOR ORAL SUSPENSION 60ml (เปลือยรสวนิลา), 21.50 
3186/3,ESPENAL 50mg 10x10s, 236.00 
529/2,ESPERSON CREAM 15g, 85.00 
529,ESPERSON CREAM 5g, 41.00 
1099,ESTROMON F.C. 0.625mg 10x10s, 444.00 
4208/1,ETOMED 120mg 3x10s กล่องแดง มีโปรซื้อเยอะ, 175.00 
4208/4,ETORICOXIB 120mg ALVOGEN 3x10s (etoricoxib), 289.00 
4207/5,ETORICOXIB 90mg ALVOGEN 3x10s expสั้น รอlotใหม่, 289.00 
4208/2,ETORICOXIB SANDOZ 120mg 1x10s มีโปรซื้อเยอะ, 165.00 
4207/4,ETORICOXIB SANDOZ 90mg 1x10s **มีโปรซื้อเยอะ ถึงกพ69, 148.00 
4208/8,ETOXIB-120mg 3x10s, 198.00 
4207/8,ETOXIB 90mg 3x10s exp รอlotใหม่, 163.00 
4208/3,ETROBAX 120mg 1x7s, 62.00 
4207/3,ETROBAX 90mg 1x7s มีโปรซื้อเยอะ, 47.50 
2583/29,EUCERIN AQUAPHOR BALM 80 ml, 339.00 
2583/30,EUCERIN AQUAPHOR LIP CARE 10 ML, 246.00 
3994/21,EUCERIN BABY WASH & SHAMPOO 400 ml, 461.00 
3994/28,EUCERIN BRIGHTENING BOOSTER ESSENCE 100ml," 1,039.00 "
3994/29,EUCERIN BRIGHTENING BOOSTER SERUM 30ml," 1,719.00 "
3994/26,EUCERIN BRIGHTENING CLEANSING FOAM 150ml, 603.00 
3994/27,EUCERIN BRIGHTENING CLEANSING GEL 200ml, 618.00 
3994/30,EUCERIN BRIGHTENING DAY 50ml," 1,451.00 "
3994/31,EUCERIN BRIGHTENING NIGHT 50ml," 1,451.00 "
3994/37,EUCERIN CORRECTING GEL TO FOAM 150ml, 574.00 
2582/18,EUCERIN ELASTICITY DAY 50ml," 2,059.00 "
2582/19,EUCERIN ELASTICITY NIGHT 50ml," 2,229.00 "
2582/16,EUCERIN HYALURON EPICELLINE SERUM 30ml," 1,915.00 "
2582/17,EUCERIN HYALURON MIST SPRAY 50ml, 170.75 
2583/36,EUCERIN LIP ACTIVE SPF20, 219.00 
3994/24,EUCERIN LOTION HYDRO SERUM 400ml, 439.00 
2582,EUCERIN LOTION sensitive 250ml. (ขวด), 272.00 
2583,EUCERIN LOTION sensitive 400ML ขวดปั้ม (ขวด), 429.00 
2582/9,EUCERIN OMEGA BALM 200ml, 775.00 
2582/8,EUCERIN OMEGA BATH & SHOWER OIL 400ml, 648.00 
2582/2,EUCERIN OMEGA face cream 50 ML, 729.00 
3994/22,EUCERIN PH5 FACIAL CLEANSER 400ml, 458.00 
2582/1,EUCERIN PH5 HYDRO BOOST CREAM 200ml, 304.00 
3994/23,EUCERIN PH5 LOTION F 400ml, 439.00 
3994/39,EUCERIN PURIFYING CLEANSER 200ml, 574.00 
3994/38,EUCERIN PURIFYING CLEANSER 75ml, 247.00 
2582/22,EUCERIN RADIANCE 3D SERUM 30ml," 2,639.00 "
2582/23,EUCERIN RADIANCE BOOSTING ESSENCE 100ml," 1,495.00 "
3994/25,EUCERIN SENSITIVE AQUAPORIN CREAM 50ml, 659.00 
3549/1,EUCERIN SHAMPOO THINNING 200ml, 427.00 
3684,EUCERIN SHOWER OIL ปั๊ม 400ML (ขวด), 567.00 
2582/15,EUCERIN SPOTLESS BRIGHTENING LOTION ชมพู 250ml (ขวด), 458.00 
2582/12,EUCERIN SUN ACNE OIL CONTROL SPF50+ 50ml," 1,076.00 "
2582/13,EUCERIN SUN BRIGHTENING SERUM SPF50+ 50ml," 1,076.00 "
3994/40,EUCERIN TRIPLE ACTION 40ml, 929.00 
2582/11,EUCERIN UREA REPAIR PLUS LOTION 400ml, 767.00 
2582/10,EUCERIN UREA REPAIR SHOWER GEL 400ml, 601.00 
3994,EUCERIN WASH 1000ML ขวดปั๊ม (ขวด), 642.00 
2579,EUCERIN WASHLOTION 200ML (ขวด) บ เลิก, 185.00 
3549,EUCERIN แชมพู dermo capilaire 250ml (ขวด) รหัส 3549, 299.00 
268/20,EUNOVA เม็ดฟู่ Acerola plus D3 15s รสลิ้นจี่ เน้นผิว (หลอด), 163.75 
268/21,EUNOVA เม็ดฟู่ Lutein plus C 15s รสส้ม เน้นสายตา (หลอด), 163.75 
268/22,EUNOVA เม็ดฟู่ MULTIVIT plus Magnesium & zinc 15s รสเลม่อน เน้นนอนหลับ (หลอด), 163.75 
141760/1,EUROFER-IRON SYRUP 120ml, 92.50 
141760,EUROFER-IRON SYRUP 60ml, 53.50 
535,EUTHYROX 100mcg 4x25s, 161.25 
536,EUTHYROX 50mcg 4x25s, 161.25 
14910/1,EVERFAME ALBION MAGZINOL 30g 3x10s, 237.00 
593/2,ExelFOS 3g 1sachet, 358.00 
454/3,EXFORGE 10/160mg 4x7s, 820.50 
454/1,EXFORGE 5/160mg 4x7s, 820.00 
454/2,EXFORGE HCT 10/160/12.5mg 28s, 879.00 
4127,EXIB 120mg 3x10s, 232.00 
4128,EXIB 60mg 3x10s, 211.00 
4126/1,EXIB 90mg 1x5s, 41.25 
4126,EXIB 90mg 3x10s, 215.00 
1190/5,exp01/26 SWISSE GRAPE-SEED 60s สวิสเซ **ราคาพิเศษ, 242.00 
823/1,exp03/25 MUCOSTAR SYRUP 60ml (พีช), 19.63 
2329/3,exp03/26 CYCLODEX 20mg 20s, 71.00 
2243,exp03/27 ยาคุม PROGYNOVA 2mg 3x28s มีล็อตเดียว, 498.00 
1001/3,exp04/26 ยาปวดเมื่อย [คุณสัมฤทธิ์] 60เม็ด (ขวด) *ขายขาด, 100.00 
14626/1,EXP07/26 MEGA NAT C YUMMY GUMMYZ 25x2s มีlotเดียว โปรดดูวัน exp, 83.00 
98115/4,exp08/25 SNAKE BRAND HERBAL RESCUE SPRAY SF 5ml **ราคาพิเศษ**, 38.00 
7858/9,exp10/26 VITA-C CHEWY รวมรส เยลลี่ 20sx17.5g, 155.00 
1412850/6,exp 10/26 บ มีlotเดียวNESTLE BOOST FIBER 800g (กระป๋อง), 767.00 
3792,exp11/25 TENOLOL 100mg 10x10s, 135.00 
4451/9,exp11/26 DEEDAY BIO C 500mg ผง 1x15sachets (ก.15ซอง), 152.00 
2127,exp11/26 RHINATHIOL KIDS 60ml (เชอรี่) โปรดดูวัน exp, 53.50 
1315/99,exp12/25 TEMPRA KIDS 60ml (สตอเบอรี่) **ราคาพิเศษ** ขายขาด, 25.00 
533/1,exp12/26 ESSENTIALE FORTE 300mg 9x10s, 975.00 
2966,exp12/26 POLYGOT 1x10s **ขายขาด, 14.50 
101/4,exp12/26 บ มี lot เดียว PREGABALIN SANDOZ 25mg 56s, 529.00 
101/11,exp2/2026 PREGABALIN SANDOZ 150mg 8x7s," 1,645.00 "
2788,exp5/26 บ มี lotเดียว LIPITOR 20mg 3x10s," 1,657.00 "
992150,exp6/26 บ มี lot เดียว FLUCOZOLE 150mg 1s, 25.75 
1290/1,exp7/27 SYMBICORT turbuhaler 160/4.5 120dose," 1,134.00 "
787/4,EXPETAN 375mg 50x10s [ยูนีซีน], 585.00 
4056/6,EXTORANT 50x10s เอ็กโทแรนท์, 354.00 
2026,EYEDEX EYE-EAR DROP 5ml, 35.25 
319/2,EYE GEL [TRB] cold hot pack เจลประคบร้อนเย็น, 45.00 
4203/3,EZB 10mg 3x10s, 369.75 
1754/5,EZERRA CLEANSER SAMPLE, 150.00 
1754,EZERRA CREAM 25g, 384.00 
1754/22,EZERRA EXTRA CLEANSER 500ML (ขวดใหญ่), 342.00 
1754/1,EZERRA PLUS CREAM 25g, 399.50 
4203/2,EZETIMIBE SANDOZ 10mg 3x10s, 894.00 
4203/4,EZETROL 10mg 3x10s บ มีlotเดียว โปรดดูวัน exp," 1,396.75 "
717/3,EZON-T OINTMENT 10g, 38.00 
717/2,EZON-T SOLUTION 10ml, 41.00 
2017/24,EZYVIT CAL MAG Z 30s แคล แมก ซี, 186.00 
2017/26,EZYVIT COLLAGEN10 30s คอลลาเจน10, 279.00 
2017/27,EZYVIT GROWBIOTIC GUMMY 30s โกรว์ไบโอติก, 250.00 
2017/25,EZYVIT OMEGA X 30sโอเมก้า เอกซ์, 475.00 
2-275/3,FACLINDA solution 15ml, 32.50 
296/100,FAD-40 TABLET 10x10s, 118.00 
3313/2,FADAVAG 500 VT 1s (เหน็บมีไม้), 28.75 
244/1,FADRIL LOTION 60ml, 15.25 
07857/7,FahAct PROPOLIS MOUTH SPRAY 20ml, 77.50 
953/5,FALATIEN 1x10s, 24.00 
954/1,FALATIEN JUNIOR 60ml (สับปะรด), 36.00 
3384/4,FALERM CREAM 5g, 18.00 
2291/1,FALETE 250mg 500s ฟาลีท, 670.00 
3763/1,FALETE 500mg 10x10s เทา-ครีม, 272.00 
3763/2,FALETE 500mg 500s เทา-ครีม," 1,180.00 "
296/94,FAMOC 20mg 10x10s (เม็ดกลมไข่ไก่), 126.75 
296/96,FAMOSIA F/C TABLETS 20mg 10x10s (เม็ดกลมส้มอิฐ), 61.50 
296/95,FAMOSIA F/C TABLETS 40 mg 10x10s, 77.00 
296/99,FAMOTAB 20 FC 1000s, 289.00 
2265,FANGO-BD CREAM 15g, 29.25 
4043,FANGO-BD CREAM 5g น้ำเงิน, 14.75 
195/15,FANGO CREAM 15g, 24.25 
195,FANGO CREAM 5g มีโปรซื้อเยอะ, 13.00 
296/102,FANIDINE-40 10x10s, 159.00 
2-54/6,FAR INFRARED PATCH SCENT SOS แผ่นแปะร้อนแก้ปวด 8x12cm(12ซองx2ชิ้น) กล่องสีชมพู, 249.00 
2-54/3,FAR INFRARED PATCH SOS แผ่นแปะร้อนแก้ปวด 8x12cm(12ซองx2ชิ้น), 281.00 
2-54/1,FAR INFRARED PATCH SOS แผ่นแปะร้อนแก้ปวด 8x12cm (4ซองx2ชิ้น), 94.00 
2-54/4,FAR INFRARED PATCH SOS แผ่นแปะร้อนแก้ปวด เข่าบ่าไหล่ 10.5x15.5cm(12ซองx2ชิ้น), 310.00 
2-54/2,FAR INFRARED PATCH SOS แผ่นแปะร้อนแก้ปวด เข่าบ่าไหล่ 10.5x15.5cm(4ซองx2ชิ้น), 103.00 
2-54/5,"FAR INFRARED PATCH SOS แผ่นแปะร้อนแก้ปวด ทรงกลมเฉพาะจุด 3x3cm,5x5cm (10ซองx6ชิ้น)", 170.00 
99501,FARMACEF 500 1x10s, 152.50 
678/5,FARMALEX 500mg 10x10s ส้ม-เทา, 342.00 
3002/4,FARTUSSIN 20x10s, 265.00 
4092/2,FASCAR 500mg 10x10s, 745.00 
13353/34,Fastep atk 2in1 น้ำเงิน 1test ลัง375 Covid (กล่อง), 17.50 
2-287,FASTUM GEL 30g, 77.50 
1543/3,FATEC SYRUP 100ml, 38.00 
228/2,FATICIN CREAM 5 g, 54.25 
567,FBC 1x100s, 62.00 
1321/8,FC1 พลาสเตอร์ผ้า ปิดแผล 12ชิ้น ลายสายรุ้ง (ก.12ชิ้น), 14.50 
3724/4,FEBUXOSTAT SANDOZ 80mg 3x10s," 1,485.00 "
2159/12,FEEL MOM Air Aromatherapy Spray 200ml สเปรย์ปรับอากาศหัวหอม, 134.00 
1922/16,FEEL MOM รีเฟรชชิ่ง เบบี้ ออยส์ เซรัม หอมแดง (หยด) 12ml, 78.00 
683/1,FEENOZE NASAL SPRAY 0.05%, 62.75 
2-55/2,FEITAS DICLOFENAC PATCH ปิดแก้ปวด เฟตัส (ซอง2ชิ้น) มีโปรซื้อเยอะ, 62.50 
2-55/7,FEITAS DICLOFENAC PATCH ปิดแก้ปวด เฟตัส (ซอง7ชิ้น), 185.00 
2329/2,FELCAM FILM COATED TABLETS 50x10s (เม็ดรีแดง), 253.00 
2302/1,FELOPINE 5mg 3x10s, 72.00 
91510/1,FELXICAM 10mg 1000s (สีขาวตัวD), 168.00 
91510/2,FELXICAM 10mg 1000s (สีขาวเลข5), 168.00 
91510/5,FELXICAM 10mg 1000s (สีส้มกลม), 168.00 
3601/3,FENACAINE INJ LBS (Diclofenac+Lidocaine) 2mlx50s, 275.00 
3601/2,FENAC DICLOFENAC ฉีด INJ LBS 3mlx10s, 47.00 
183,FENAFEX 180mg 1x10s, 62.50 
182,FENAFEX 60mg 1x10s, 29.10 
3694/4,FENAMAX [Tolfenamic acid] 10x8s, 825.00 
436,FENISTIL GEL 20g, 55.75 
567/4,FERCIROL 10x10s, 337.00 
2-334/2,FERLI-6 1000s, 292.75 
2-334/3,FERLI-6 50x30s, 593.00 
9998/12,Ferro-B 100s [intervetta], 575.00 
9998/21,Ferro-Boost 100ml [intervetta], 165.00 
567/1,FERROPRO สูตรFBC 1x100s, 37.00 
1082/1,FESPA 500mg 1x10s, 16.00 
2070/11,FEXOFAST-180mg 5x10s, 295.00 
10360,FEXOTINE 60mg 1x10s, 25.50 
3907/15,FIBER FLOW gummy 6x1x4s รสมะขามเปรี้ยว, 169.00 
3907/16,FIBER FLOW gummy 6x1x4s รสมิกซ์เบอร์รี่ มี, 169.00 
3907/13,FIBER FLOW gummy 6x1x4s รสแอปเปิ้ลเขียว, 169.00 
4451/1,FIBERMATE DAILY 60g, 152.00 
4451/7,FIBERMATE JELLY STRIP 15gx10s, 185.00 
911,FIBRIL 160mg 3x10s, 175.00 
1419/3,FICEF 100mg 1x10s (cefixime) สูตร SIXIME, 135.00 
242-1/2,FINASCAR 5mg 3x10s, 200.50 
242-1/3,FINASCIA 1mg 3x10s, 188.00 
242/1,FINASTERIDE 1mg 3x10s, 169.00 
242,FIRIDE 1mg 3x10s, 272.00 
242-1,FIRIDE 5mg 3x10s, 439.00 
578,FISHERMAN ซูการ์ฟรี เชอรี่ (แดง-ลาย) ฟิชเชอร์แมนส์, 28.25 
576,FISHERMAN ซูการ์ฟรี ซีตรัส CITRUS(เขียวอ่อน-ลาย) ฟิชเชอร์แมนส์, 28.25 
579,FISHERMAN ซูการ์ฟรี ดั้งเดิม (ฟ้า-ขาว) ฟิชเชอร์แมนส์ บ ขาด, 28.25 
585,FISHERMAN ซูการ์ฟรี แบล็คเคอร์แร้นท์ (ม่วง-ขาว) ฟิชเชอร์แมนส์, 28.25 
588,FISHERMAN ซูการ์ฟรี มิกซ์เบอร์รี่ (ม่วง-แดง-ขาว) ฟิชเชอร์แมนส์, 28.25 
582,FISHERMAN ซูการ์ฟรี มิ้นท์ (เขียว-ขาว) ฟิชเชอร์แมนส์, 28.25 
575,FISHERMAN ซูก้าร์ฟรี แมนดาริน (ส้ม-ลาย) ฟิชเชอร์แมนส์, 28.25 
577,FISHERMAN ซูการ์ฟรี สเปียร์มินทร์(เขียวเข้ม-ขาว)ฟิชเชอร์แมนส์, 28.25 
574,FISHERMAN ซูการ์ฟรี ฮันนี่ เลมอน (ส้มอ่อน-ขาว) ฟิชเชอร์แมนส์, 28.25 
581,FISHERMAN มิ้นท์ (เขียวล้วน) 38บ ฟิชเชอร์แมนส์, 28.25 
580,FISHERMAN ออริจินัล (ขาว) 38บ ฟิชเชอร์แมนส์, 28.25 
583,FISHERMAN อานิซีด (เหลือง) 38บ ฟิชเชอร์แมนส์, 28.25 
3250/45,FISH OIL salmon 1000mg 45s [VISTRA] วิสตร้า น้ำมันปลาแซลมอน, 127.00 
3250,FISH OIL salmon 75s [VISTRA] วิสตร้า น้ำมันปลาแซลมอน, 199.50 
3523/5,FIT-BEROC MIXBERRY 7s, 80.50 
3523/4,FIT-BEROC ORANGE 7s, 80.50 
972,Fit CEE สตรอ Strawberry กล่อง12ซอง ฟิต-ซี **ขายขาด, 66.00 
971,Fit CEE ส้ม Orange กล่อง12ซอง ฟิต-ซี (ก.12ซอง) **ขายขาด, 66.00 
970/3,Fit CEE องุ่น Grape กล่อง12ซอง ฟิต-ซี (ก.12ซอง) **ขายขาด, 66.00 
4324/5,FIT COLLAGEN 10000mg 15gx10s, 452.00 
2140/1,FIT I-CAL PLUS 30s, 237.00 
1152,FITNE ชา ดั้งเดิม เล็ก (2gx10ซอง) 51บ ฟิตเน่ แพค6แบ่งขาย, 40.17 
3217/9,FIT POSTBIOTIC [PROBIOTIC+INULIN] SF 30ซองx2g, 865.00 
3217/2,FIT PROBIOTIC SHOT SF 30ซองx2g, 556.00 
07857/10,FITT ANDROLIS MOUTH SPRAY 15ml, 77.00 
3217/3,FIT-ZN ZINC AMINO ACID CHELATE 30ซองx2g, 210.00 
2-726/99,FLAMIC GEL 10g, 17.00 
2-726,FLAMIC GEL 25g, 43.75 
2-726/2,FLAMIC GEL 50g, 62.25 
2425,FLANIL CREAM 100g, 62.50 
2426,FLANIL CREAM 30g, 22.00 
2427,FLANIL CREAM 60g, 39.50 
2505,FLAVORIN 100mg 10x10s, 186.00 
2805,FLAVORIN 100s, 167.75 
2429,FLEMEX 10s, 28.00 
722,FLEMEX 120ml, 79.00 
721,FLEMEX 60ml, 47.50 
2907/1,FLEMEX-AC OD 600mg 1x10s, 131.75 
726,FLEMEX KIDS 60ml, 40.00 
3117/10,FLEMING 1000mg 10x10s, 755.00 
3117/1,FLEMING 1000mg 1x10s, 91.25 
607/3,FLEMING 228.5mg 70ml, 81.50 
608/1,FLEMING 457mg 70ml, 115.00 
720/3,Flemomile Spray 10ml เฟลมโมมายล์ (ก.1ขวด), 67.00 
5878/11,FLEX4 5test เทสหมา Zoetis," 1,450.00 "
99125/11,FLEXY TAB 50mg 500s (เม็ดกลมม่วง) บ ขาด, 175.00 
2-668/1,FLOCTIL 100 DRY **ขึ้น78, 74.00 
2-668/2,FLOCTIL 200 DRY **ขึ้น97, 92.00 
4369,FLOCTIL 250 1x6s, 49.00 
11301/1,FLORACTO 2x7s บ ขาด, 126.00 
1652,Flora ฟลอร่า 2x15s, 82.00 
2-179,FLORA ยาสตรี ฟลอร่า 450ml มีโปรซื้อเยอะ, 163.00 
349/4,FLOWAMED POWDER 1500mg 30ซองx3.95g, 175.00 
4221/50,FLOXCIPRO 500 50x10s มีโปรซื้อเยอะ, 524.00 
4221,FLOXCIPRO 500mg 10x10s, 139.00 
2-814/1,FLOXIMED 400 50x10s, 682.00 
4092/20,FLOXY EAR DROP 0.3% 5ml, 183.50 
2991,FLUCOZOLE 200mg 5x10s, 739.00 
1107,FLUDAN CAPSULES 50x10s, 376.00 
2991/1,FLUDIZOL 200mg 10x5s, 163.00 
4282,FLUIFORT 120ml, 189.00 
4282/1,FLUIFORT SACHET ซอง 2.7g แบ่งขาย, 40.00 
92301,FLUIMUCIL A 200 SF 30ซองx1g, 193.00 
593,FLUIMUCIL A 600mg 10s, 144.00 
593/3,FLUIMUCIL inj ฉีด300 mg/ 3ml 1x5amp, 167.00 
1209,FLUNAGEN 1000s, 246.00 
1208,FLUNAGEN 50x10s, 193.00 
186/1,FLUNOBATE-N CREAM 15g, 43.25 
97415,FLUOPH EYE DROPS 0.1% 5ml, 51.25 
1132/1,FLUOXINE 10s (เม็ดเขียวเหลือง), 6.15 
1208/1,FLURIN 100x10s (flunarizine) เม็ดเทา-แดง มีโปรซื้อเยอะ, 345.00 
97415/1,FML EYE DROP 0.1% 5ml, 85.50 
99995/5,FOAM EAR PLUG ที่อุดหู แบบโฟม (ก.2คู่) แนะนำขาย90, 60.75 
632/3,FOD [friend of drinker] แก้แฮงค์ 5x3s *มีโปรซื้อเยอะ, 326.00 
2-334,FOLIC ACID TABLETS 5mg 1000s, 305.00 
2-334/6,FOLIC ACID TABLETS 5mg 1000s CP *ใหม่384บ, 355.00 
2-334/7,FOLIC ACID TABLETS 5mg 100x10s CP, 392.00 
2-334/5,Folic F 400mcg 200s GPO, 95.25 
2-334/4,FOLIC TABLET 5mg 100s CPL **ขายขาด, 21.00 
2-334/1,FOLIC TABLET 5mg 100x10s**ขายขาด มีโปรซื้อเยอะ, 3.50 
3733/1,FOLIVIT 100s มีโปรซื้อเยอะ, 75.25 
1339/2,FORBIOTIN CAPSULES 250mg 1000s (ชมพู-ฟ้า) [42], 675.00 
2436/1,FORLAX SF 20ซองx10g (รสส้มโอ), 266.00 
3008/2,FORMALIN 37% 450ml สหการ (formaldehyde), 49.50 
4000/1,FORXIGA 10mg 3x10s," 1,495.00 "
1420500/1,FOSAMAX PLUS 70mg/5600IU," 1,370.00 "
593/4,FOSFOMICINA 3g 1sachet, 300.00 
1121000/1,FOTAGEL 20mlx20ซอง รสเมล่อน, 425.00 
1121000/2,FOTAGEL 20mlx6ซอง รสเมล่อน, 129.00 
1132/9,FOXETIN 20mg TABLET GPO 50x10s เม็ดตอกสีเขียวหักได้, 443.00 
957/6,FRESH CLEAR EYE WASH 10x10ml ล้างตา, 25.25 
957/5,FRESH CLEAR EYE WASH 10x20ml ล้างตา, 68.00 
225,FUCICORT CREAM 15g, 207.50 
226,FUCICORT CREAM 5g แดง-เหลือง, 99.00 
227,FUCIDIN CREAM 15g, 174.00 
228,FUCIDIN CREAM 5g, 87.25 
229,FUCIDIN H CREAM 5g แดง-ดำ, 97.00 
3072,FUCIDIN SODIUM FUSIDATE OINT 2% 15g ส้ม, 174.00 
3071,FUCIDIN SODIUM FUSIDATE OINT 2% 5g ส้ม, 87.25 
228/6,FUDIC-B CREAM 15g, 86.50 
228/5,FUDIC-B CREAM 5g, 42.75 
228/4,FUDIC CREAM 15g, 72.75 
228/3,FUDIC CREAM 5g, 36.50 
2495,FUGACAR 500mg 1x1s (รสผลไม้), 27.00 
2039,FULVIN 500 500s," 1,104.00 "
605,FUNGAZOL 200mg 25x10s, 458.00 
605/1,FUNGAZOL SHAMPOO 150ml, 118.75 
3314/12,FUNGICON 100mg 1x6s *ใหม่25.75, 23.50 
540/7,FUNGICON CREAM 15g CP, 25.00 
2920,FUNGIDERM 500mg 1s, 29.25 
687,FUNGIDERM-B CREAM 10g, 28.00 
686,FUNGIDERM-B CREAM 20g *มีโปรซื้อเยอะ, 51.25 
688,FUNGIDERM-B CREAM 5g, 17.00 
688/1,FUNGIDERM CREAM 5g, 17.00 
2921,FUNGIDERM VT 100mg 6s, 34.40 
540/4,FUNGI-M CREAM 10g, 20.00 
97225,FUNGINOX 2% 25ml, 137.00 
3894/3,FURANO 6x4s กลิ่นกุหลาบ ชมพู เม็ดฟู่ทำความสะอาดฟันปลอม, 81.00 
3894/2,FURANO 6x4s กลิ่นชาเขียว ซองเขียว เม็ดฟู่ทำความสะอาดฟันปลอม, 81.00 
3894/1,FURANO 6x4s กลิ่นมิ้นท์ เม็ดฟู่ทำความสะอาดฟันปลอม, 81.00 
1989,FURETIC 40mg 10x10s, 208.00 
1989/2,FURETIC 500mg 10x10s, 599.00 
1817/1,FURIDE 40mg 500s (furosemide), 167.00 
1817/2,FURIDE 500mg 10x10s (furosemide), 246.00 
1989/1,Furosemide GPO 40mg 500s มีซื้อเยอะ, 167.00 
1817,FUROSIC 40mg 500s, 126.00 
2890/2,FUROX 30ml (nifuroxazide) ฟูรอกซ์, 24.25 
2891/1,FUROX 60ml (nifuroxazide) ฟูรอกซ์, 40.50 
228/7,FUSIDERM CREAM 5g, 38.00 
1391/6,FUTURO POSTURE ADJUSTABLE CORRECTOR พยุงไหล่และหลัง ADJ, 435.00 
2-136,FYBOGEL ORANGE 1x10sachet, 193.00 
80/22,GABANIL 300mg 10x10s film-coated, 265.00 
80/23,GABANIL 600mg 10x10s film-coated, 469.00 
79,GABAPENTIN GPO 100mg 10x10s, 170.00 
80,GABAPENTIN GPO 300mg 10x10s, 290.00 
551/1,GALE 50mg 1x10s, 246.00 
2325/3,GALVUS MET 50/1000 6x10s," 1,289.00 "
1673,GANATON 50mg 1x10s, 150.50 
2289,GANOSPEC 500mg 1x10s, 40.50 
178450,GANO ยาน้ำ ว่านชักมดลูก 500cc 290บ กาโน่, 136.00 
25139/3,GAPENTIN 300mg 10x10s [ชุมชน], 285.00 
611,GARAMYCIN CREAM 15g, 100.00 
751/1,GARUTO 1x10s, 15.25 
2693/2,GAS-MED PLUS 60ml, 19.25 
1673/1,GASMOTIN 5mg 3x10s, 410.00 
296/8,GASTER 20mg 2x7s แกสเตอร์ ชมพู-เทา, 34.50 
948240,GASTRO-BISMOL 240ml (รสส้ม), 97.00 
947240,GASTRO-BISMOL 240ml (รสสสละ), 97.00 
912050,GASTRO-BISMOL 524 1x10s, 43.50 
2-553/11,GASTROSEC 1x14s, 25.00 
2527,GASZYM 10x10s *ราคาพิเศษ* *ใหม่270บ, 261.00 
2-369/1,GAUZE Dressing ตาข่ายเคลือบพาราฟิน 10x10CM sos กล่อง10แผ่น, 105.00 
174-1,Gauze รถพยาบาล ผ้าก๊อซพันสำเร็จรูป ซอง8แผ่น 2นิ้วx2นิ้ว *ใหม่47บ, 37.25 
175-1,Gauze รถพยาบาล ผ้าก๊อซพันสำเร็จรูป ซอง8แผ่น 3นิ้วx3นิ้ว *ใหม่83บ, 66.75 
176-1,Gauze รถพยาบาล ผ้าก๊อซพันสำเร็จรูป ซอง8แผ่น 4นิ้วx4นิ้ว *ใหม่ 133บ, 106.50 
5558,GAVISCON ADVANCE PEPPERMINT แดง 24x10ml, 702.00 
5557,GAVISCON ADVANCE แดง PEPPERMINT 150ml, 336.00 
5554,GAVISCON DUAL ACTION 150ml, 324.00 
5556,GAVISCON DUAL ACTION 24x10ml **ใหม่ 613.50, 609.00 
5555,GAVISCON DUAL ACTION TABLET 250mg 2x8s, 195.00 
5551,GAVISCON LIQ PEPPERMINT GSL150ml, 252.00 
5552,GAVISCON SUSPENSION MINT 12x10ml, 265.00 
24-ธ.ค.,G+ BALANCE ตรา ซิสส์ 3x10s, 295.00 
1412400/10,GEN-DM 2.5kg นมผู้ป่วยเบาหวาน เจ็น-ดีเอ็ม **ขายขาด," 1,455.00 "
540/1,GENTA-BETASONE CREAM 15g, 46.00 
541/1,GENTA-BETASONE CREAM 5g, 19.00 
2845,GENTADERM CREAM 5g, 19.00 
418,GENTEAL 10ml บ เลิก, 130.50 
418/1,GENTEAL GEL 10g, 162.00 
19003,GENTIAN VIOLET LP 15ml, 4.08 
3861/1,GENTIAN VIOLET LP 450ml, 33.25 
1352/1,GENTIAN VIOLET SAHAKARN 15ml, 6.50 
1910,GENTREX CREAM 5g, 21.75 
683/5,GESTAL DROPS 0.025% 10ml, 45.50 
683/2,GESTAL SPRAY 0.05% 10ml **ขึ้น60, 49.75 
3-005/3,G.I.- 400 10x10s (cimetidine) มีโปรซื้อเยอะ, 141.50 
13353/33,GICA atk 3in1 FLU A/B+COVID ส้ม (กล่อง) *ขายขาด, 45.00 
13353/40,GICA atk 6in1 FLUA/B COVID-19/mp+ RSV/ ADENO+HMPV, 83.00 
13353/3,GICA ATK COVID-19 Nasal/Saliva/Oral Swab เขียว **ขายขาด, 25.00 
1871/1,GK24 (เกร็กคู) กล่องเล็ก 1 เม็ด, 58.00 
1872/1,GK24 (เกร็กคู) กล่องใหญ่ 4s, 217.00 
1872/11,GKK24 (เกร็กคู) กล่องใหญ่ 4s, 217.00 
8140,GLAUCO-OPH EYE DROPS 0.5% *ขายขาด, 99.00 
3238/2,GLIPIMED 5mg 10x10s, 48.75 
4776,GLIPTIN 100mg 3x10s, 389.00 
626/1,GLUCOLES-500 TABLET 100x10s, 367.00 
624,GLUCOLIN 400g กลูโคลิน, 138.00 
626,GLUCOPHAGE 500mg 10s, 21.25 
625,GLUCOPHAGE 850mg 10s, 37.25 
623,GLUCOPHAGE XR 1000mg 3x10s, 258.00 
629,GLUCOPHAGE-XR 750mg 2x15s, 225.00 
2434,GLUCOSA 1500 POWDER (LEMON) 30ซอง (รสมะนาว) มีโปรซื้อเยอะ, 245.00 
2434/5,GLUCOSA 1500 POWDER SF 30ซอง มีโปรซื้อเยอะ, 245.00 
2434/3,GLUCOSA 1500 POWDER (รสส้ม) 30ซอง มีโปรซื้อเยอะ, 245.00 
2434/2,GLUCOSA-500 10x10s มีโปรซื้อเยอะ, 245.00 
501/1,GLUCOSE ANB (ฉีด) 50% 50cc, 20.50 
501/3,GLUCOSE TPD (ฉีด) 50% 50cc, 20.50 
349/1,GLUCOTRIL 1500mg 30ซองx4g, 193.00 
4000/4,GLUCOVIA 100mg 2x14s, 389.00 
3795/7,GLUTRIL 1500mg 30ซองx3.95g [ชุมชน], 232.00 
3795/12,GLUTRIL-cap 500mg 3x10s [ชุมชน], 80.50 
3238/4,GLYCEDIAB 5mg 10x10s [ชุมชน], 81.00 
3238/5,GLYCEDIAB 5mg 50x10s [ชุมชน], 315.00 
91,GLYCERIN SUPPOSITORIES FOR ADULTS 1x12แท่ง (ผู้ใหญ่), 55.00 
92,GLYCERIN SUPPOSITORIES FOR INFANTS 1x12แท่ง (เด็ก), 48.50 
92/1,GLYCERIN SUPPOSITORIES FOR INFANTS 6×2s กล่องซอง (เด็ก) มีโปรซื้อเยอะ, 57.50 
2-791/4,GLYCERYL GUAIACOLATE 100mg/5ml 60ml (เชอร์รี่) เปลือย, 13.75 
3907/11,G NITE gummy 6x1x4s รสราสป์เบอร์รี่, 169.00 
3907/12,G NITE gummy 6x1x4s รสองุ่นเคียวโฮ, 169.00 
3907/30,G NITE gummy MAGNESIUM 6x1x4s รสมิกซ์เบอร์รี่ SF, 169.00 
3907/19,G NITE KIDS gummy 6x1x6s รสสตรอว์เบอร์รี, 169.00 
2266/1,G NITE XS L-CARNITINE GUMMY 6x1x4s รสพีช, 169.00 
3449/22,GOOD FOR ALL ALCOHOL HAND SPRAY 1000ml [food grade], 58.00 
3449/21,GOOD FOR ALL ALCOHOL HAND SPRAY 100ml [food grade], 24.50 
3449/25,GOOD FOR ALL ALCOHOL HAND SPRAY 5000ml [food grade], 250.00 
3449/20,GOOD FOR ALL ALCOHOL HAND SPRAY 500ml [food grade], 65.00 
08045/11,GOOD FOR ALL BALANCE Synbiotics ปรับสมดุลลำไส้ 3x10s, 199.00 
1504/34,GOOD FOR ALL FOCUS T 5gx10ซอง กลิ่นโคล่า ช่วยเพิ่มสมาธิ, 133.00 
08045/13,GOOD FOR ALL GOOD MULTI B GABA ความจำ 3x10s, 199.00 
08045/10,GOOD FOR ALL GOOD ZEEP เมลาโทนินธรรมชาติ ช่วยนอนหลับ 3x10s, 199.00 
08045/12,GOOD FOR ALL LYCO PLUS ผิวพรรณ กระเพาะปัสสาวะอักเสบ ต่อมลูกหมาก 3x10s, 199.00 
2140/20,GOOD FOR ALL MAGNE CARE 60s, 237.00 
632/4,GOOD READY แก้แฮงค์ 25x3s [GOOD FOR ALL], 999.00 
1845/1,GOOSE-NAZINE 50x10s, 159.00 
317/1,GOUTIC 0.6mg 50x10s (colchicine), 297.00 
317/2,GOUTICHINE 0.6mg 10x10s (colchicine), 99.00 
021/2,GPO ALCOHOL Ethyl Alcohol Solution 70% 450ml, 51.00 
1930/1,GPO ALCOHOL Ethyl Alcohol Solution 70% 60ml, 10.75 
242-1/1,GPO-FINAX 5mg 3x10s, 226.00 
3828/1,GPO METH CASSETTE ชุดทดสอบสารเสพติดเมทแอมเฟตามีน แบบตลับหยด (มีอุปกรณ์), 810.00 
3828/2,GPO METH STRIP ชุดทดสอบสารเสพติดเมทแอมเฟตามีน แบบแผ่นทดสอบ (ไม่มีอุปกรณ์), 545.00 
903500/5,GPO MOX CAPSULES 250mg 50x10s, 790.00 
903500/4,GPO MOX CAPSULES 500mg 50x10s (เม็ดดำ-เหลือง) *มีโปรซื้อเยอะ," 1,168.00 "
1071/1,GRAFADEX EYE DROPS 5ml (gentamicin), 24.50 
96610,GRAMMIXIN CREAM 10g, 29.75 
3835,GREATER CA-R-BON 10x10s, 141.50 
2189/24,G SURE PLUS กระดาษทิชชูเปียก ห่อ50ชิ้น 250mmx250mm, 38.50 
5556/3,GUTTRU DUAL 12ซองx10ml, 120.00 
5554/1,GUTTRU DUAL 150ml, 221.00 
5556/1,GUTTRU DUAL 24ซองx10ml, 370.00 
4410/2,GY FEMININE HYGIENIC GEL 190ml สูตรเย็น, 62.00 
4899,GYNACAP ไกน่าแคป (ITRACONAZOLE 100mg) 1x4s, 39.25 
636,GYNECON VT 20x5s, 281.75 
636/2,GYNECON VT ยาสอด 1x7s, 21.00 
636/20,GYNESTIN 200 VT ยาสอด 1x3s, 28.00 
835/6,GYNOGENA 1x4s (tinidazole) มีโปรซื้อเยอะ, 24.00 
640,HAEMOVIT 100s, 70.25 
640/1,HAEMOVIT ACTIVE 31s สูตรโสมสกัด, 290.00 
641,HAEMOVIT-GOLD 31s, 195.00 
3441,HAFIF SHAMPOO 50ml, 43.00 
133302,HAIRKO HAIR TONIC 60ml [BKD] สเปรย์บำรุงเส้นผม หนังศีรษะ ไม่ต้องล้างออก (ก.1ขวด), 147.00 
1174/10,HAIRMAZZ 5% 60ml, 255.00 
3026/6,HALODIN 50x10s, 279.00 
2266/4,HANDY HERBS ENER-G 1x24x2s, 315.00 
2266/3,HANDY HERBS ถังเช่าสกัด 1x12x2s, 315.00 
2266/2,HANDY HERBS ถังเช่าสกัด 1x24x2s, 630.00 
4312,HARNAL OCAS 0.4mg 3x10s **ขายขาด, 925.00 
4153,HARTSORB 5mg 10x10s, 118.00 
4434,HASHI BABY DROP น้ำเกลือหยดจมูก 4ml เขียว, 39.00 
4433,HASHI BABY DROP น้ำเกลือหยดจมูก 4ml ฟ้า, 43.50 
1156,HASHI GENTLE FORMULAR REFILL น้ำเกลือสูตรอ่อนโยน 1.7g 30s เขียว, 57.50 
3628,HASHI ORIGINAL FORMULAR REFILL 2.8g 30s ฟ้า, 58.00 
1155/1,HASHI PLUS ชุดอุปกรณ์ล้างจมูก+น้ำเกลือสูตรอ่อนโยน 1.7g 15s ชมพู, 150.50 
1155,HASHI PLUS ชุดอุปกรณ์ล้างจมูก+น้ำเกลือสูตรอ่อนโยน 1.7g 15s ฟ้า, 150.50 
4430,HASHI SALINE SPRAY 30ml ฟ้า, 91.50 
2760,HAWKSONE 20mg 1x10s, 12.17 
3827/4,HCG STRIP ตรวจตั้งครรภ์ (จุ่ม) สีฟ้า, 6.00 
334/3,HEALIS LUMBAR LS BACK SUPPORT เข็มขัดพยุงหลัง L 30-36นิ้ว, 355.00 
334/2,HEALIS LUMBAR LS BACK SUPPORT เข็มขัดพยุงหลัง M 26-30นิ้ว, 355.00 
334/4,HEALIS LUMBAR LS BACK SUPPORT เข็มขัดพยุงหลัง XL 36-42นิ้ว, 355.00 
654,HECIN LICE KILLER CREAM 20g ครีมกำจัดเหาเฮซิน, 33.00 
3824/6,HEIDI 200mg 20x10s, 269.00 
3824/8,HEIDI 400mg 20x10s, 498.00 
232/6,HEIDI 60ml รสส้ม สยาม (ibuprofen), 48.00 
2300/4,HEMOLON 3x10s, 106.00 
4798/7,HEMOMIN BLEND รสวนิลลา 400g แทนมื้ออาหาร, 340.00 
4798/4,HEMOMIN รสกาแฟ EGG Albumen ผง 400g, 586.00 
4798/3,HEMOMIN รสช็อกโกแลต EGG Albumen ผง 400g, 586.00 
4798/1,HEMOMIN รสวนิลลา EGG Albumen ผง 400g, 586.00 
4798/5,HEMOMIN รสสตอว์เบอร์รี่ EGG Albumen ผง 400g, 586.00 
4798/2,HEMOMIN รสออริจินอล จืด EGG Albumen ผง 400g, 586.00 
14024,HEPACAP 10x10s, 495.00 
4470,HEPALAC 100ml มีโปรซื้อเยอะ, 76.50 
4470/3,HEPALAC 200ml, 115.00 
9998/5,Hepaphos 10x10s บำรุงตับ," 1,220.00 "
4470/4,HEPATOLAC 1000ml, 385.00 
4470/1,HEPATOLAC 100ml **ราคาพิเศษ**, 63.50 
4470/2,HEPATOLAC 10x15ml (lactulose), 97.00 
172202/2,Herbal one garlicการ์ลิค กระเทียม [อ้วยอัน] 100s 300บ (แพค6ขวด), 193.00 
172202,HERBAL ONE กระชายขาว สกัด [อ้วยอัน] 60s 300บ (แพค6ขวด), 144.00 
172202/14,Herbal one กระชายดำ 100s [อ้วยอัน], 145.50 
172202/1,Herbal one เซซามิน งาดำ [อ้วยอัน] 60s 400บ (แพค6ขวด), 191.75 
3931/6,HERBAL ONE ตรีผลา [อ้วยอัน] 100s, 97.00 
246/2,HERBAL ONE น้ำมันรำข้าวและจมูกข้าว [อ้วยอัน] 500มก 60s 500บ โอโรซา, 212.00 
172202/6,Herbal one ใบบัวบกสกัด Gotu Kola [อ้วยอัน] 60s 300บ (แพค6ขวด), 144.00 
172202/12,Herbal one พรมมิ [อ้วยอัน] 60s 360บ (แพค6ขวด), 175.00 
172202/8,Herbal one พลูคาว [อ้วยอัน] 100s 240บ (แพค6ขวด), 117.00 
172202/7,Herbal one เพชรสังฆาต [อ้วยอัน] 100s 180บ (แพค6ขวด), 86.00 
172201,Herbal one มะระขี้นก สกัด [อ้วยอัน] ขวด100s 300บ (แพค6ขวด) ขวด, 144.00 
4193/2,Herbal one รางจืด 100s [อ้วยอัน], 96.00 
172202/9,Herbal one ว่านชักมดลูก [อ้วยอัน] 100s 200บ (แพค6ขวด), 96.00 
632/2,Herbal one เห็ดหลินจือ 100s [อ้วยอัน], 240.00 
172202/11,Herbal one อบเชย [อ้วยอัน] 100s 200บ (แพค6ขวด), 97.00 
172202/10,Herbal one โอโคเบอร์รี่ สายตา [อ้วยอัน] 60s 300บ (แพค6ขวด), 144.00 
1308/1,HEROMYCIN 250mg 1x10s, 21.50 
1308/4,HEROMYCIN 250mg 1x4s ก.25แผง, 205.00 
1304/2,HEROMYCIN ฮีโร่ 500mg 1x10s, 33.50 
4497/1,HERPENON 800 10x10s, 445.00 
1551/2,HERPENON CREAM 5g, 16.75 
2579/1,HEXENE 100ml, 43.00 
2579/12,HEXENE 450ml, 161.50 
2579/3,HEXENE 45ml **ขึ้น23.50, 22.50 
2579/4,HEXENE 5000ml (ขวดลิตร), 900.00 
2579/2,HEXENE 500ml (ขวดปั๊ม), 117.00 
653,HEXIN 1x4s ยาถ่ายพยาธิตัวตืด, 16.25 
3677/1,HIALID 0.1% 5ml มีโปรซื้อเยอะ, 143.00 
3677/3,HIALID 0.3% 5ml สีเขียว, 277.00 
3677/2,HIALID MINI 0.1 0.4mlx30s, 292.00 
3677/4,HIALID MINI 0.3% 0.4mlx30s, 479.00 
1498,HICEE 100mg 40x4s, 192.00 
1500,HICEE 100mg SWEETLETS 200s, 136.00 
670,HICEE 100mg SWEETLETS 50s, 54.50 
655,HICEE SWEETLETS 500mg 10หลอดx15s, 587.00 
655/5,HICEE VITAMIN C 500mg 4x15s, 236.00 
2931,HIDIL 300mg 10x10s, 192.00 
2932,HIDIL 600mg 10x10s, 336.00 
2-140/4,HIDRASEC 100mg 1x10s **ขึ้น275, 273.00 
2-140/3,HIDRASEC PEDIATRIC 30mg 1x16ซอง (ผง), 507.00 
5128/4,HIGAN 50x10s กลมขาว, 628.00 
663,HIRUDOID CREAM 10g แดง, 75.75 
659,HIRUDOID CREAM 20g แดง, 131.00 
661,HIRUDOID CREAM 40g แดง, 202.00 
2490,HIRUDOID FORTE CREAM 10g, 120.50 
2501,HIRUDOID FORTE CREAM 20g, 202.00 
2506,HIRUDOID FORTE CREAM 40g น้ำเงิน, 313.00 
660,HIRUSCAR ANTI-ACNE ADVANCE SPOT GEL 10g, 235.00 
4699,HIRUSCAR ANTI-ACNE ADVANCE SPOT GEL 4g, 127.00 
665/2,HIRUSCAR KIDS GEL 10G เด็ก, 185.50 
2493,HIRUSCAR POST ACNE 10g ฟ้า-ขาว, 217.00 
2492,HIRUSCAR POST ACNE 5g ฟ้า-ขาว, 147.50 
657,HIRUSCAR SILICONE PRO 10g, 347.00 
656,HIRUSCAR SILICONE PRO 4g, 207.50 
664/1,HIRUSCAR ULTRA GEL 20g ฟ้า-เหลือง, 385.00 
665/1,HIRUSCAR ULTRA GEL 5g ฟ้า-เหลือง, 137.00 
283/1,HISTADINE 1x10s ฮีสทาดีน บ.ขาด, 12.00 
667,HISTA-OPH EYE DROPS 12x5ml, 325.00 
3279/3,HISTIGO-16 6x10s blister, 189.00 
3279/4,HISTIGO-24 2x10s, 125.00 
1304/1,HK-MYCIN 500mg 1x10s, 30.25 
2377/7,HOF BIO VITAMIN C 1000mg 3x10s HOF, 129.00 
1156/1,HOF CARE Isokean refill น้ำเกลือ 2.16gx30s ฟ้า (ก.30ซอง), 57.00 
1156/2,HOF CARE Isokean refillพร้อมขวดน้ำเกลือ 2.16gx20s ฟ้า, 137.00 
403/12,HOFVATE 15g, 29.50 
404/1,HOFVATE 5g, 12.00 
1872/3,HOF ZER 1x10s (บำรุงชาย), 428.00 
1829/1,HOM TESTOCAPS 3x10s, 259.50 
3717/3,HOREN 140mg 1x10s TNP เม็ดแดง, 116.75 
2795,HOT WATER BOTTLE BIG กระเป๋าน้ำร้อน 36.3x21.7cm, 66.00 
2795/1,HOT WATER BOTTLE SMALL กระเป๋าน้ำร้อน 26.5x16cm, 60.00 
405/1,HYATEAR 20หลอดx 0.3ml, 239.00 
405/5,HYATEAR 5หลอดx 0.45ml, 70.50 
4396,HYCARE SENS ถุงมือ ไฮแคร์เซนส์ 1x100p size M, 116.00 
1495/3,HY-C VITAMIN C 50mg 36x20s รสสตรอเบอร์รี่, 288.00 
1495/4,HY-C VITAMIN C 50mg 36x20s สับปะรด, 288.00 
639,HYDROCHLOROTHIAZIDE HCTZ 50mg 1000s (ฟ้า), 187.00 
638,HYDROCHLOROTHIAZIDE HCTZ 50mg 1000s (เม็ดส้ม), 187.00 
8002,HYDROCHLOROTHIAZIDE HCTZ GPO 25mg 50X10s, 175.00 
7938,HYDROCHLOROTHIAZIDE HCTZ GPO 50mg 50x10s, 260.00 
3008/1,HYDROGEN PEROXIDE LP 6% 450ml เสือดาว *ใหม่24.50, 20.00 
1965,HYDROGEN PEROXIDE SOLUTION 30ml ศิริบัญชา ไฮโดรเจน, 5.67 
1966,HYDROGEN PEROXIDE SOLUTION 450ml ศิริบัญชา ไฮโดรเจน, 20.25 
1967,HYDROGEN PEROXIDE SOLUTION 60ml ศิริบัญชา ไฮโดรเจน, 6.50 
1771-1/2,HYDROX-10mg 100x10s (เม็ดกลมขาว), 175.00 
2-410/3,HYDROX-25 50x10s (เม็ดรีขาว), 240.00 
2-410/4,HYDROX-25 TABLET 1000s (เม็ดรีฟ้า), 310.00 
2-410/2,HYDROX-25 TABLET 50x10s (เม็ดรีฟ้า), 238.00 
1771-1,HYDROXYZINE-FC 10mg 100x10s, 156.00 
1771,HYDROXZINE-FC 10mg 1000s, 127.50 
3062/1,HYLES 100mg 10x10s, 518.50 
2022,HYOSCINE STAR SYRUP 30ml, 17.50 
2022/2,HYOSMAN LIQUID 30ml, 14.50 
237/1,HYOZIN 50x10s, 618.00 
1815,HYPODERMIC NEEDLE 18Gx1 1/2 เข็มฉีดยา (ก.100ชิ้น)[NIPRO], 55.00 
1811,HYPODERMIC NEEDLE 18Gx1 เข็มฉีดยา (ก.100ชิ้น)[NIPRO], 55.00 
2015,HYPODERMIC NEEDLE 20Gx1 1/2 เข็มฉีดยา (ก.100ชิ้น)[NIPRO], 55.00 
2011,HYPODERMIC NEEDLE 20Gx1 เข็มฉีดยา (ก.100ชิ้น)[NIPRO], 55.00 
2115,HYPODERMIC NEEDLE 21Gx1 1/2 [NIPRO] เข็มฉีดยา (ก.100ชิ้น), 55.00 
211,HYPODERMIC NEEDLE 21Gx1 [NIPRO] เข็มฉีดยา (ก.100ชิ้น), 55.00 
2215,HYPODERMIC NEEDLE 22Gx1 1/2 [NIPRO] เข็มฉีดยา (ก.100ชิ้น), 55.00 
2211,HYPODERMIC NEEDLE 22Gx1 [NIPRO] เข็มฉีดยา (ก.100ชิ้น), 55.00 
2315,HYPODERMIC NEEDLE 23Gx1 1/2 [NIPRO] เข็มฉีดยา (ก.100ชิ้น), 51.50 
2311,HYPODERMIC NEEDLE 23Gx1 [NIPRO] เข็มฉีดยา (ก.100ชิ้น), 55.00 
2415,HYPODERMIC NEEDLE 24Gx1 1/2 [NIPRO] เข็มฉีดยา (ก.100ชิ้น), 55.00 
2414,HYPODERMIC NEEDLE 24Gx1 1/4 [NIPRO] เข็มฉีดยา (ก.100ชิ้น), 55.00 
2411,HYPODERMIC NEEDLE 24Gx1 [NIPRO] เข็มฉีดยา (ก.100ชิ้น), 55.00 
2515,HYPODERMIC NEEDLE 25Gx1 1/2 [NIPRO] เข็มฉีดยา (ก.100ชิ้น), 55.00 
2511,HYPODERMIC NEEDLE 25Gx1 [NIPRO] เข็มฉีดยา (ก.100ชิ้น), 55.00 
2615,HYPODERMIC NEEDLE 26Gx1/2 [NIPRO] เข็มฉีดยา (ก.100ชิ้น), 55.00 
2611,HYPODERMIC NEEDLE 26Gx1 [NIPRO] เข็มฉีดยา (ก.100ชิ้น), 55.00 
2715,HYPODERMIC NEEDLE 27Gx1/2 [NIPRO] เข็มฉีดยา (ก.100ชิ้น), 55.00 
2711,HYPODERMIC NEEDLE 27Gx1 [NIPRO] เข็มฉีดยา (ก.100ชิ้น), 55.00 
676,IBIAMOX 500mg 2x10s, 93.25 
674,IBIAMOX DRY [SIAM] 125mg, 59.50 
2081,IBILEX SUSPENSION 125mg/5ml 60ml, 64.50 
4298,IBROFEN 400 FC 50x10s, 382.00 
3847,IBROFEN 600 25x10s มีโปรซื้อเยอะ, 287.00 
308,IBROFEN SYRUP 60ml (เปลือย), 12.75 
3824/1,IBUCAP 400mg 1x10s, 46.00 
3536,IBUCET 500s, 504.00 
3824/2,IBUCIN 400mg 25x10s (เม็ดเจลส้ม)," 1,090.00 "
3824/3,IBUCIN-R 200mg 25x10s (เม็ดเจลฟ้า), 795.00 
232/1,IBUKIDS 60ml, 16.50 
232/4,IBUKRESS suspension 100mg 60ml, 20.75 
232/10,IBUMAN-100 60ml (รสส้ม), 16.25 
3824/7,IBUMAN-200 TABLET 100x10s (เม็ดกลมชมพู), 455.00 
3824/12,IBUMAN-400 TABLET 100x10s (เม็ดกลมชมพู), 800.00 
286/3,IBUMAN-400 TABLET 500s (เม็ดรีชมพู), 370.00 
286/4,IBUMAN 600mg 500s (เม็ดรีขาว), 578.00 
286/2,IBUMAN-PLUS 400mg 40x10s (เม็ดรีม่วง) **ขึ้น665, 635.00 
286/1,IBUMAN-PLUS 400mg 500s (เม็ดรีม่วง), 656.00 
9113400/1,IBUPAC 400 50x10s (เม็ดรีชมพู), 258.00 
4298/2,IBUPROFEN 400 50x10s, 340.00 
3536/4,IBUSTAR FORTE 400mg 500s (กลมเหลือง), 369.00 
3536/1,IBUSTAR FORTE 400mg 500s (รีขาว), 369.00 
3536/2,IBUSTAR FORTE 400mg 500s (รีส้ม), 369.00 
3536/3,IBUSTAR FORTE 400mg 500s (รีเหลือง), 369.00 
3824/9,IBUTAMOL10x10s เม็ดรีเหลือง, 152.00 
787/1,I-CETIN 500mg 25x10s, 580.00 
3919/1,I-COF 375mg 25x10s, 445.00 
726/1,I-COF KID100mg 60ml (เชอรี่), 30.50 
726/6,I-COF SYRUP 250mg/5ml 60ml (เชอรี่), 33.00 
2554,ICORIN KIDS 60ml (รสสละ), 31.00 
4107,ICOXIB 120mg 3x10s, 199.00 
4075/1,ICOXIB 90mg 3x10s, 155.50 
2417/4,ICOZOLE 100mg 25x4s มีโปรซื้อเยอะ, 433.00 
232/2,I FEN SYRUP 60ml (ขวดเปลีอยรสส้ม), 13.75 
232/3,I FEN SYRUP 60ml (มีกล่องส้ม) มีโปรซื้อเยอะ, 20.00 
4359/1,I-HERB OTC ยาอมสมุนไพร ไอ-เฮิร์บ 20x18s, 365.00 
4359/3,I-HERB SUGAR FREE HERBAL CANDY ซองซิบ ยาอม 52.8g 12x8s (ก.12ซอง), 201.00 
4359,I-HERB ยาอมสมุนไพร ไอ-เฮิร์บ OTC 12x3x6s, 255.00 
726/7,I-KIDS CALCIUM POPS อมยิ้ม รสช็อกโกแลต, 112.00 
726/8,I-KIDS CALCIUM POPS อมยิ้ม รสสตรอว์เบอร์รี, 112.00 
726/4,I-KIDS ELDERBERRY (ก.10s) อมยิ้ม, 97.00 
726/10,I-KIDS FIBER+C+B HONEY GRAPE, 112.00 
726/9,I-KIDS FIBER+C+B HONEY ORANGE, 112.00 
726/2,I-KIDS HONEY COLA (ก.10ชิ้น) อมยิ้ม, 97.00 
726/5,I-KIDS HONEY LIME อมยิ้ม (ก.10s), 97.00 
726/3,I-KIDS HONEY SALA LIME (ก.10s) อมยิ้ม, 97.00 
07857/8,I-KIDS MOUTH SPRAY 15ml สตอเบอรี่, 136.50 
07857/9,I-KIDS MOUTH SPRAY 15ml ส้ม, 135.50 
682,ILIADIN DROPS 0.025% (เด็ก), 77.25 
681,ILIADIN DROPS 0.05% (ผู้ใหญ่), 78.00 
683,ILIADIN SPRAY 0.05% (ผู้ใหญ่), 129.00 
2059,IMODIUM 2mg 20x6s, 625.00 
2553/4,INAL SYRUP 60ml (รสสละ), 67.50 
3401/99,incNV บัตรกำนัล โลตัส 100บ, 100.00 
693/3,INDOHIM 25mg 1000s (เขียวเหลือง), 415.00 
693/2,INDOHIM 25mg 100x10s (เม็ดเขียวเหลือง), 545.00 
694/6,INDOMED ROTA 1000s (กลมส้มเคลือบ), 245.00 
693,INDOMETHACIN AU 1000s (ขาว-ฟ้า), 187.00 
694,INDOMETHACIN CAPSULES HK 1000s (ขาว-ฟ้า) มีโปรซื้อเยอะ, 162.00 
2002/1,INFANTS PROTEMP SUPPOSITORIES 80mg INFANTS กล่อง12แท่ง, 82.50 
1412,INFANTS TYLENOL DROP 15ml, 40.75 
97405,Inf-Oph EYE Drops 1% 5ml บ ขาด, 41.50 
1526/14,INGESIC 50X10s, 278.00 
2-197/2,INHALEX FORTE 21sx4ml, 329.00 
2-369/4,INNISORB TIGERPLAST 10cm (ซอง1ชิ้น) แผ่นดูดซับชนิดไม่มีกาว, 199.00 
1374/2,INTERPHARMA MAGNESIUM PLUS B COMPLEX 86g 20s มะนาว, 114.25 
1374/1,INTERPHARMA MULTIVITAMIN 90g 20s ส้ม, 95.00 
1374/7,INTERPHARMA VITAMIN C 1000mg 20s ส้ม, 95.00 
4207/7,INTORICOXIB 90mg 1x7s, 106.75 
3693,INTRASITE gel 25g เจลเรียกเนื้อ, 195.00 
1783-1,I-PROFEN 400 1000s (กลมชมพู) **ขึ้น482, 463.00 
1783/3,I-PROFEN 400 50x10s (เม็ดกลมครีม) แผงfoil **ขึ้น285, 280.00 
1783/6,I-PROFEN 400 50x10s (เม็ดกลมครีม) แผงใส, 285.00 
1783/4,I-PROFEN 400mg 50x10s (กลมชมพู) [OSOT] **ขึ้น329, 302.00 
1783/5,I-PROFEN 400mg 50x10s (กลมชมพู) [OSOT] แผงใส **ขึ้น329, 285.00 
4153/3,Isosorbide Dinitrate GPO 10mg 50x10s มีโปรซื้อเยอะ, 314.00 
2417/1,ITRA 100mg 25x4s, 459.00 
2417/8,Itraconazole GPO 100mg 10x10s มีซื้อเยอะ, 759.00 
2417/2,ITRAFUNGAL 100mg 10x10s, 382.00 
2417/5,ITRAZOLE 100mg 25x4s, 440.00 
2169/1,IVER-6 tab 2x6s, 620.00 
2553,IVORIN 60ml, 42.00 
1349/1,Iyafin 25x4s [Dextro CPM GG], 156.00 
1349/2,IYAFIN JUNIOR PE 30ml (ผลไม้รวม), 18.50 
1349/3,IYAFIN JUNIOR PE 60ml (ผลไม้รวม), 27.25 
1349/4,IYAFIN JUNIOR PE 60ml (สตอเบอร์รี่), 27.25 
509,Ize Jelly Balm ไอซ์ เจลลิบาล์ม 12x7g, 189.50 
4000/2,JANUMET 50/1000 8x7s อายุยา2ปี *ขายขาด **โปรดดูวัน exp," 1,445.00 "
4000/3,JANUMET 50/500 8x7s," 1,445.00 "
4000/10,JANUMET XR 100/1000 mg 28s," 1,599.00 "
4000,JANUVIA 100mg 4x7s อายุยา2ปี *ขายขาด **โปรดดูวัน exp," 1,445.00 "
9113400/3,JAPROLOX 60mg 2x10s (เม็ดกลมขาว), 142.00 
2325/4,JARDIANCE 10mg 30s," 1,833.50 "
2325/5,JARDIANCE 25mg 30s," 2,696.50 "
2325/8,JARDIANCE DUO 5mg/1000mg 60s," 1,833.50 "
3530/10,JELLY COOL 3ซองx2s [kool fever], 66.00 
1280/13,JELLY ME CUTI APPLE CIDER SF กลิ่นมิกซ์เบอร์รี่ ลดบวม ขับโซเดียม, 172.00 
1280/12,JELLY ME CUTI COLLAGEN SF กลิ่นสตรอว์เบอร์รี, 172.00 
1280/11,JELLY ME CUTI HIGH FIBER SF กลิ่นแอปเปิ้ลเขียวและแบล็กเคอร์แรนต์, 172.00 
1280/7,JELLY ME KIDS CALCIUM L-THREONATE4800mg SF กลิ่นโยเกิร์ต, 237.00 
1280/8,JELLY ME KIDS TUNA OIL 500mg DHA58mg SF กลิ่นโคล่า, 237.00 
1280/9,JELLY ME KIDS VEGGY MIX FIBER2500mg SF กลิ่นครีมโซดา, 237.00 
15103/2,JOHNSONS BABY CREAM 100ml, 111.00 
15103/1,JOHNSONS BABY CREAM 50ml, 75.50 
15102/2,JOHNSONS BABY LOTION 100ml, 62.00 
15102/3,JOHNSONS BABY LOTION 200ml บ หมด, 109.00 
15102/1,JOHNSONS BABY LOTION 50ml, 34.00 
15101/2,JOHNSONS BABY OIL 125ml บ หมด, 82.25 
15101/1,JOHNSONS BABY OIL 50ml, 43.75 
ก.พ.-26,JOINT 20mg 1x10s, 13.50 
349/5,JOINTFLEX 1500mg 30ซอง (รสส้ม), 262.00 
970/1,KAL-CEE GRAPE 10s (องุ่น), 44.25 
970,KAL-CEE ORANGE 10s (รสส้ม), 44.25 
970/2,KAL-FORTE 20s (รสส้ม), 123.00 
4324/4,KAL-G 150g COLLAGEN TYPE II, 494.00 
954/5,KALIDIN SYRUP 5mg 60ml (องุ่น), 22.00 
769/8,K.A. LIP BALM 3.5g กลิ่น Menthol, 18.50 
769/7,K.A. LIP BALM 3.5g ลิปมัน Pure, 18.50 
769/6,K.A. LIP BALM 3.5g ลิปมัน กลิ่นผลไม้รวม, 18.50 
769/5,K.A. LIP BALM 3.5g ลิปมัน กลิ่นสตอเบอร์รี่, 18.50 
769/9,K.A. LIP BALM 3.5g ลิปมัน กลิ่นส้ม, 18.50 
2140/6,KAL-KIDS CHEW TABLET 625mg 30s, 150.00 
1280/16,KALLEO เม็ดอม รสส้ม 20mg 15ซองx50s, 149.50 
720,KAMILLOSAN M 15ml **ราคาพิเศษถึงมิย69**, 137.00 
207/1,KAMISTAD GEL N 10g มีโปรซื้อเยอะ, 84.25 
723,KANAMYCIN MEIJI 250mg 10x10s, 310.00 
922/1,KANDEX SHAMPOO 100ml, 61.00 
2116,KANOLONE 50ซองx1g, 228.50 
2118,KANOLONE INJECTIONS OR INFUSIONS 5ml, 59.20 
4124,KANOLONE LOTION 30ml, 17.25 
2-742,KANOLONE LOTION 60ml, 29.50 
2117,KANOLONE ORAL PASTE 5g, 20.25 
922/4,KARA SHAMPOO 100ml, 66.00 
97305,KARY UNI OPHTHALMIC SUSPENSION 5ml มีโปรซื้อเยอะ, 69.40 
9998/23,KatSAMe 30s: Vitamin C & E for cat, 575.00 
3993,KELA CREAM 15g, 30.75 
2310,KELA CREAM 5g, 16.75 
2812,KELA LOTION 30ml, 23.25 
2811,KELA LOTION 60ml, 35.25 
2035/2,KELEP500 6x10s (levetiracetam)," 1,069.00 "
320/5,KENKOU COLD HOT PACK เจลประคบร้อนเย็น EYE MASK COMPACT SIZE, 149.00 
320/4,KENKOU เด็กชาย COLD HOT PACK เจลประคบร้อนเย็น, 87.00 
320/2,KENKOU ไดโนเสาร์ COLD HOT PACK เจลประคบร้อนเย็น, 89.75 
320/3,KENKOU เป็ด COLD HOT PACK เจลประคบร้อนเย็น, 89.75 
320/6,KENKOU วาฬ COLD HOT PACK เจลประคบร้อนเย็น, 87.00 
5128/6,KENYA-GEL 500s, 495.00 
5128/5,KENYA-GEL 50x10s, 556.00 
4056/5,KENYA-I TABLETS 50x10s เคนยา-ไอ, 455.00 
2998/1,KERDICA 20mg 10x10s, 375.00 
96505,KETAZON CREAM 2% 5g, 40.25 
80259/1,KETAZON SHAMPOO 100ml, 95.50 
80259/2,KETAZON SHAMPOO 200ml, 183.00 
80259,KETAZON SHAMPOO 50ml, 52.00 
4941/1,KETONAZOLE 200mg 25x10s, 395.00 
4941,KETONAZOLE CREAM 2% 5g, 17.00 
4941/2,KETORAL 200mg 10x10s [ชุมชน], 194.00 
1174/21,KHAOKHO CONDITIONER เขาค้อ ทะเลภู ครีมนวดมะกรูดและใบบัวบก 160ml 89บ, 65.00 
1174/23,KHAOKHO CONDITIONER เขาค้อ ทะเลภู ครีมนวดมะพร้าวและอะโวคาโด 185ml139บ, 100.00 
1174/25,KHAOKHO CONDITIONER เขาค้อ ทะเลภู ครีมนวดอัญชันและเฮนน่า 160ml 89บ, 65.00 
1174/20,KHAOKHO SHAMPOO เขาค้อ ทะเลภู แชมพูมะกรูดและใบบัวบก 180ml 89บ, 65.00 
1174/22,KHAOKHO SHAMPOO เขาค้อ ทะเลภู แชมพูมะพร้าวและอะโวคาโด 220ml 139บ, 100.00 
1174/24,KHAOKHO SHAMPOO เขาค้อ ทะเลภู แชมพูอัญชันและเฮนน่า 180ml 89บ, 65.00 
1999,KIT-F DROPS 15ml *ใหม่ 15.50บ, 14.75 
2662/12,KIZUMI KIDS MOUTH SPRAY 15ml กระบองเพชร, 88.00 
2662/25,KIZUMI MOUTH SPRAY 15ml กระบองเพชร, 88.00 
1684-1,Klean Gauze ผ้าก๊อซ 2นิ้วx2นิ้ว, 26.00 
1685-1,Klean Gauze ผ้าก๊อซ 3นิ้วx3นิ้ว, 48.50 
2009-1,Klean Gauze ผ้าก๊อซ 4นิ้วx4นิ้ว, 64.00 
2-พ.ย.,KLEAN&KARE NORMAL KARE NSS น้ำเกลือจุกแหลม 1000ml, 44.50 
1799/200,KLEAN&KARE NORMAL KARE NSS น้ำเกลือจุกแหลม 200ml, 32.25 
1798,KLEAN&KARE NORMAL KARE NSS น้ำเกลือปากกว้าง ดัมเบล 1000ml <=50, 32.00 
1798/1,KLEAN&KARE NORMAL KARE NSS น้ำเกลือปากกว้าง ดัมเบล 500ml, 27.25 
1800,KLEAN&KARE จุกล้างจมูกคลีนแอนด์แคร์ 1x2p, 24.25 
1735/3,KLEANLOCK เทปผ้าล๊อค 1นิ้วx10หลา, 20.50 
1735/4,KLEANLOCK เทปผ้าล๊อค 2นิ้วx10หลา, 40.00 
3903/10,KLEAN MASK 4ชั้น LF99 หน้ากาก FISH MASK 1x25s (สีขาว), 41.00 
3903/11,KLEAN MASK 4ชั้น LF99 หน้ากาก FISH MASK 1x25s (สีดำ), 41.00 
3903/7,KLEAN MASK LF99 หน้ากาก 1x10ชิ้น (สีเขียว), 17.25 
3903/3,KLEAN MASK LF99 หน้ากาก 1x10ชิ้น (สีเทา), 17.25 
3903/4,KLEAN MASK LF99 หน้ากาก 1x10ชิ้น (สีพีช), 17.25 
3903/5,KLEAN MASK LF99 หน้ากาก 1x10ชิ้น (สีม่วง), 17.25 
3903/6,KLEAN MASK LF99 หน้ากาก 1x10ชิ้น (สีเหลืองอ่อน), 17.25 
3903/8,KLEAN MASK LF99 หน้ากาก เด็ก 1x10ชิ้น (สีชมพู), 17.25 
3903/9,KLEAN MASK LF99 หน้ากาก เด็ก 1x10ชิ้น (สีฟ้า), 17.25 
3905/1,KLEAN MASK หน้ากาก 1x3x20ซอง, 85.00 
131850,KLEAN MASK หน้ากาก 1x50ชิ้น (เด็ก สีขาว), 33.00 
131850/2,KLEAN MASK หน้ากาก 1x50ชิ้น (เด็ก สีดำ), 33.00 
3906,KLEAN MASK หน้ากาก 1x50ชิ้น (สีขาว), 33.00 
3905,KLEAN MASK หน้ากาก 1x50ชิ้น (สีเขียว), 33.00 
3903,KLEAN MASK หน้ากาก 1x50ชิ้น (สีชมพู), 33.00 
13950,KLEAN MASK หน้ากาก 1x50ชิ้น (สีดำ), 33.00 
3906/1,KLEAN MASK หน้ากาก 1x50ชิ้น (สีฟ้า), 33.00 
1800/2,KLEANNASAL จุกล้างจมูก 1x2px10, 18.00 
2-98/1,KLEANPORE เทปแปะผ้าก๊อซ 1/2นิ้วx10หลา, 103.00 
2-98/2,KLEANTRANS เทปแปะผ้าก๊อซ 1/2นิ้วx10หลา, 103.00 
2-98/4,KLEANTRANS เทปแปะผ้าก๊อซ 1/2นิ้วx2.5หลา, 46.00 
1731/4,KLEANTRANS เทปแปะผ้าก๊อซ 1นิ้วx10หลา, 191.00 
1731/1,KLEANTRANS เทปแปะผ้าก๊อซ 1นิ้วx5หลา, 103.00 
3858/1,KLINDAMYCIN-300 10x10s, 288.00 
403/1,KLOBECORT CREAM 15g, 36.00 
403/6,KLOBECORT MILKY LOTION 10g มีโปรซื้อเยอะ, 46.00 
403/11,KLOBECORT MILKY LOTION 30g มีโปรซื้อเยอะ, 95.00 
07857/13,KMP REFRESHING MOUTH SPRAY 12ml, 55.00 
4333/8,KOACT 1000mg 20x5s [BIOPHARM], 762.00 
4333/9,KOACT 1000mg กเล็ก 2x5s [BIOPHARM], 83.00 
3530/1,KOOL FEVER Children Refreshing Mint, 75.75 
3530,KOOL FEVER-extra-cool 50mmx130mm 3ซองx2s, 75.50 
3524,KOOL FEVER ชมพู baby 40MMx90MM 3ซองx2s คูลฟีเวอร์, 75.50 
3526,KOOL FEVER (เด็ก) 50mmx110mm 3ซองx2s คูลฟีเวอร์, 75.50 
3525,KOOL FEVER ผู้ใหญ่ 50mmx130mm 3ซองx2s คูลฟีเวอร์ (กล่อง), 75.50 
3524/1,KOOL PATCH baby NEOPLAST 0-2years, 67.50 
3524/2,KOOL PATCH NEOPLAST อายุ2ปีขึ้นไป, 67.00 
3442/4,KOPH-S 60ml (เปลือย) มีโปรซื้อเยอะ, 15.75 
3795/1,KOSAMINE 1500mg 30ซอง, 397.00 
751,KREMIL 20x10s, 337.50 
752,KREMIL-S 20x10s, 394.00 
970/4,KRESS B-C 100s, 52.50 
1933/3,KRESS-B cream 20g, 44.75 
1933/2,KRESS-B cream 5g, 16.75 
5130/1,Kresscanyl 60ml Expectorant, 22.00 
1419/7,KRESSCLOR 125mg/5ml 60ml DRY SYRUP, 82.00 
1419/5,KRESSCLOR 250mg 10x10s, 455.00 
1419/8,KRESSCLOR 250mg/5ml 60ml DRY SYRUP, 132.50 
1419/4,KRESSCLOR 500mg 10x10s, 719.00 
787/5,KRESSCOLET 375mg 25x10s, 335.00 
3232/5,KRESSCORT 0.02% 5g, 12.75 
3232/4,KRESSCORT 0.1% 5g, 14.75 
3514/1,KRESSDERM 200mg 20x10s, 392.00 
3655/9,KRESSDIXA-500mg 25x10s (ส้มครีม), 689.00 
2426/1,KRESSEN CREAM 25g, 17.25 
2426/2,KRESSEN CREAM 50g, 24.50 
602/1,KRESSFLOX 400mg 50x10s ***โปร4กพ-28มีค69 ลด30บ, 670.00 
4333/13,KRESSFLURIZELIUM 50x10s ดำ-แดง, 223.00 
3278/1,KRESS-HISTINE 24mg 10x10s บ ขาด, 307.00 
2022/3,KRESSHYCIN syrup 60ml มีโปรซื้อเยอะ, 31.50 
678/2,Kresslex 125 dry 60ml เปลือย, 20.50 
679/1,Kresslex 250 dry 60ml, 33.00 
678/1,KRESSLEX-500mg 25x10s, 692.00 
3232/6,KRESSLOG ORALPASTE ป้ายปาก 5g, 20.00 
1933/1,KRESSLOTION 60ml, 26.00 
91860/5,KRESSMOL-120 SYRUP 60ml เครสมอล น้ำเขียว, 19.25 
91860/4,KRESSMOL-120 SYRUP 60ml เครสมอล น้ำแดง, 19.25 
91860/1,KRESSMOL-250 SYRUP 60ml, 22.25 
91860/2,KRESSMOL 500 50x10s เม็ดขาวยาว, 249.00 
902500/4,KRESSMOX-500 25x10s (เม็ดเขียว-ฟ้า), 435.00 
902500/3,KRESSMOX-500 25x10s (เม็ดชมพู-ขาว), 435.00 
902500/6,KRESSMOX DRY SYRUP 125mg/5ml รสสตรอเบอร์รี่, 21.00 
902500/5,KRESSMOX DRY SYRUP 125mg/5ml รสส้ม, 21.00 
902500/7,KRESSMOX FORTE DRY SYRUP 250mg/5ml รสส้ม, 27.00 
857/2,KressPerdone syrup 60ml, 22.00 
857/3,KRESSPERDONE syrup 60ml เปลือย มีโปรซื้อเยอะ, 17.75 
2-553/1,KRESS PRAZOLE 1x10s, 16.50 
2-40/3,KRESSROXIM 300 20x10s, 455.00 
4288/6,KRESSTEC 10mg 50x10s มีโปรซื้อเยอะ, 245.00 
3442/2,KRESSVENT SYRUP SF 60ml, 19.00 
2377/9,Kress Vitamin C1000 Bio 100s, 365.00 
2377/8,Kress Vitamin C1000 Bio 60s, 192.00 
1409/1,KRESS VIT C 25mg 1000s GRAPE (องุ่น), 94.00 
1490-2/9,KRESS VIT C 25mg 1000s LEMON (มะนาว), 94.00 
1490-2/10,KRESS VIT C 25mg 1000s LYCHEE (ลิ้นจี่), 94.00 
1490-2/1,KRESS VIT C 25mg 1000s ORANGE (ส้ม), 92.00 
1490-1/1,KRESS VIT C 25mg 1000s STRAWBERRY (สตรอเบอร์รี่), 94.00 
1495-1/3,KRESS VIT C GRAPE 25mg 50ซองx35s, 274.00 
1495-1/4,KRESS VIT C ORANGE 25mg 50ซองx35s, 274.00 
1495-1/2,KRESS VIT C STRAWBERRY 25mg 50ซองx35s, 274.00 
2273/1,KRESSXALIN-125 60ml รสสละ, 21.00 
4333/12,KRESSXALIN-500 25x10s ส้มดำ, 460.00 
4188/7,K-TEC SYRUP 100ml มีกล่อง, 35.00 
4188/10,K-TEC SYRUP 60ml มีกล่อง, 22.00 
1573,KWAN LOONG ยาน้ำมันกวางลุ้ง 15ml, 62.25 
1572,KWAN LOONG ยาน้ำมันกวางลุ้ง 28ml, 92.00 
1575,KWAN LOONG ยาน้ำมันกวางลุ้ง 3ml, 18.50 
1571,KWAN LOONG ยาน้ำมันกวางลุ้ง 57ml, 139.50 
753,K-Y LUBRICATING JELLY STERILE 42g, 150.00 
250,K-Y LUBRICATING JELLY STERILE 82g, 215.00 
2367/2,K-ZUVA 10mg 3x10s, 323.00 
2367/3,K-ZUVA 20mg 3x10s, 555.00 
4273,LAC-OPH 10ml, 26.25 
3482,LACTACYD care ชมพู 150ml ใหญ่ แลคตาซิด สวีทฟลอร่า (ขวด) **ขึ้น111, 107.00 
1586,LACTACYD care ชมพู 60ml เล็ก แลคตาซิด สวีทฟลอล่า (ขวด) **ขึ้น61, 55.00 
3482/2,LACTACYD extra milky เหลือง 150ml ใหญ่ แลคตาซิด มีซื้อเยอะ, 118.50 
3482/1,LACTACYD Extra sensitive ชมพูอ่อน 150ml, 124.50 
3482/3,LACTACYD soft&silky ม่วง 150ml ใหญ่ แลคตาซิด **ขึ้น111, 106.25 
8133,LADI PLUS spray 6ml แรด (ขวด) ขาดยาว, 99.00 
2-940/4,LAEVOLAC 100ml, 79.00 
221/2,LALA Lotion 0.1% 60ml กลิ่นมะลิ, 27.50 
2027,LAMAZONE CREAM 10g, 36.00 
2915,LAMISIL cream 15g (น้ำเงิน), 228.00 
2914,LAMISIL cream 7.5g บ หมด, 124.50 
921/4,LANA ลาน่า แชมพูปิดผมขาว สีน้ำตาลเข้ม (ก.12ซอง), 272.00 
3-153/2,LANZAAR 100mg 10x10s, 291.00 
3-153/10,LANZAAR 50mg 10x10s, 192.00 
3994/11,LA ROCHE ANTHELIOS SPF50+ HYDRATING CREAM ฟ้า 50ml PA4+ บ ขาด, 916.00 
3994/9,LA ROCHE ANTHELIOS SPF50+ INVISIBLE FLUID เหลือง 50ml (ก.1ขวด), 914.00 
3994/8,LA ROCHE ANTHELIOS SPF50+ OIL CONTROL FLUID เขียว 50ml PA4+ (ก.1ขวด), 916.00 
3994/10,LA ROCHE ANTHELIOS SPF50+ OIL CONTROL GEL CREAM เขียว 50ml PA4+ (ก.1หลอด), 914.00 
3994/20,LA ROCHE ANTHELIOS UV AIR SERUM SUNSCREEN สีฟ้า 50ml (ก.1ขวด), 789.00 
3994/60,LA ROCHE ANTHELIOS UVMUNE400 SPF50+ ANTI-DARK SPOTS FLUID 50ML PA4+ ขวดม่วง, 975.00 
3994/14,LA ROCHE CICAPLAST BAUME B5 100ml (หลอด), 687.50 
3994/15,LA ROCHE CICAPLAST BAUME B5 15ml (หลอด) บ ขาด, 205.00 
3994/16,LA ROCHE CICAPLAST BAUME B5 40ml (หลอด), 387.00 
3994/18,LA ROCHE CICAPLAST BAUME B5 SPF50 40ml, 575.00 
3994/7,LA ROCHE EFFACLAR DUO(+) 7.5ml (หลอด), 157.50 
3994/6,LA ROCHE EFFACLAR DUO(+M) 40ml (หลอด), 687.50 
3994/2,LA ROCHE EFFACLAR GEL 200ml (หลอด), 596.00 
3994/1,LA ROCHE EFFACLAR GEL 50ml, 189.00 
3994/35,LA ROCHE EFFACLAR SERUM 10ML, 310.00 
3994/3,LA ROCHE EFFACLAR SERUM 30ML (ก.1ขวด), 896.00 
2583/60,LA ROCHE EFFACLAR SUPRAMOLECULAR OIL & PORES JELLY CLEANSER 200ml, 475.00 
3994/17,LA ROCHE HYALU B5 SERUM 30ml (ก.1ขวด)," 1,079.00 "
3994/13,LA ROCHE LIPIKAR GEL LAVANT 400ml (ขวด), 286.00 
2582/20,LA ROCHE MELA B3 BODY LOTION 200 ML, 439.00 
2582/25,LA ROCHE MELA B3 SERUM 10 ML, 475.00 
1535/7,LAZINE 5mg 10x10s, 402.00 
1535/6,LAZINE 5mg 1x10s มีโปรซื้อเยอะ, 40.25 
2-608/16,LEBREX (CELCOX) 200mg 10x10s, 455.00 
4092/11,LEFLOXIN 0.5% 5ml (levofloxacin), 69.00 
4092/12,LEFLOXIN 1x10s (levofloxacin), 161.00 
1920,LEFTOSE 30mg 10x10s มีโปรซื้อเยอะ, 194.00 
355,LEFTOSE 30mg 50x10s มีโปรซื้อเยอะ, 959.00 
3717/2,LEGALON 140mg 4x10s, 647.00 
172/1,LEOPOVIDONE 12x15ml, 283.00 
928/450,LEOPOVIDONE 450ml, 126.00 
928,LEOPOVIDONE GEL 20g, 46.00 
2035/6,LEPPA 250mg 3x10s [berlin], 203.00 
2035/5,LEPPA 500mg 6x10s [berlin], 585.00 
1535/2,LERES 5mg 1x10s, 61.00 
2688/3,LERMEX 200mg 5x5s, 54.25 
99150/1,LESFLAM 50 10x10s, 118.00 
2035/3,LETTA500 6x10s (levetiracetam)," 1,179.00 "
1535/11,LEVOCET 5mg 1x10s [ชุมชน], 54.00 
1535/12,LEVOCETIN 5mg 1x10s มีโปรซื้อเยอะ, 53.00 
1920/1,LEVTRIZIN เลฟตริซิน (levocetirizine) 1x10s, 59.50 
934/1,LEXFOR 400mg 1x6s, 14.25 
128/4,Likacin gel 5% 30g, 272.00 
1651,LILLY 7 ลิลลี่ยาระบายมะขามแขก 1x30s *มีโปรซื้อเยอะ, 61.75 
3858/5,LINCOCILIN INJECTION 300mg/10ml, 23.75 
3858/2,LINCOCILIN INJECTIONS OR INFUSIONS 2ml, 13.00 
3858/8,LINCOMYCIN INJECTION 2mlx50amp, 318.00 
1526/8,LIOBAC 10mg 20x10s, 226.00 
769,LIP CARE เภสัชกร ลิปแคร์ ลัง80 (ก.24ตลับ), 162.00 
2824,LIPITOR 10mg 3x10s," 1,235.00 "
2787,LIPITOR 40mg 3x10s มีโปรซื้อเยอะ exp9/2027," 2,143.00 "
1610/10,LIPOSTAT 10mg 3x10s, 132.00 
1610/20,LIPOSTAT 20mg 3x10s, 165.00 
2931/2,LIPOTHIN 200mg 30x10s, 657.00 
2323/2,LIPRIKAINE 30g, 262.00 
170/2,LIQUIPLAST ฟิล์มเคลือบปิดแผล 10g, 144.00 
2471,LISTERINE COOL MINT 100ml (ขวด), 25.00 
08117/1,LISTERINE COOL MINT 250ml (ขวด), 61.50 
324/1,LISTERINE COOL MINT 750ml 2ขวด แพคคู่, 178.00 
324,LISTERINE COOL MINT 750ml แถม250ml, 123.00 
777,LISTERINE ORIGINAL 100ml (ขวด), 30.50 
778,LISTERINE ORIGINAL 250ml (ขวด), 67.50 
776,LISTERINE ORIGINAL 750ml (ขวด), 133.00 
980,LISTERINE TARTAR PROTECTION 250ml (ขวด), 69.00 
982,LISTERINE TARTAR PROTECTION 750ml, 128.50 
7777,LISTERINE TOTAL 100ml (ขวด), 31.00 
8376,LISTERINE TOTAL 750ml แถม 250ml (ขวด), 130.00 
9998/15,Livo-B บำรุงตับ 100s [intervetta]," 1,175.00 "
2998/10,LIVTATIN 2mg 10x10s, 800.00 
296/11,LOACID 50x10s บ ขาด, 278.00 
1236/4,LOBENATE OINTMENT 20g สีฟ้า (FULLEXT), 63.00 
4257/2,LOBENATE OINTMENT 20G สีเหลือง (NETTLE), 62.00 
3-384/10,LOCOA 40mg transdermal patch 1x4s, 175.00 
94610,LOKIT 20mg 10x10s, 64.50 
2059/1,LOMIDE 2mg 10x10s, 95.75 
13330/1,LONGMED CLIP CAP หมวกคลุมผม แบบตัวหนอน 1x100p (สีขาว), 58.00 
13330/2,LONGMED CLIP CAP หมวกคลุมผม แบบตัวหนอน 1x100p (สีเขียว), 58.00 
13330/4,LONGMED CLIP CAP หมวกคลุมผม แบบตัวหนอน 1x100p (สีฟ้า), 58.00 
319/1,LONGMED COLD HOT PAD BIG เจลประคบร้อนเย็น 25x10cm, 72.00 
320/1,LONGMED COLD HOT PAD SMALL เจลประคบร้อนเย็น 12x10.5cm, 38.50 
1681-1,LONGMED CONFORMING Gauze ผ้าก๊อซ 2นิ้ว, 49.00 
1682-1,LONGMED CONFORMING Gauze ผ้าก๊อซ 3นิ้ว, 77.50 
1683-1,LONGMED CONFORMING Gauze ผ้าก๊อซ 4นิ้ว, 93.00 
1683-1/2,LONGMED CONFORMING GAUZE ผ้าก๊อซ 6นิ้ว, 101.00 
1183,LONGMED OVULATION TEST STRIP ชุดทดสอบหาวันตกไข่ 5test (จุ่ม), 99.00 
1383/7,LONNAGEL ORAL PASTE 25x1g กลิ่นเชอรี่, 179.50 
1383/9,LONNAGEL ORAL PASTE 25x1g กลิ่นเป๊ปเปอร์มิ้น, 179.50 
1383/8,LONNAGEL ORAL PASTE 25x1g กลิ่นส้ม, 179.50 
1383/4,LONNAGEL ORAL PASTE 5g กลิ่นเชอรี่, 28.75 
1383/5,LONNAGEL ORAL PASTE 5g กลิ่นเป๊ปเปอร์มิ้น, 28.75 
1383/6,LONNAGEL ORAL PASTE 5g กลิ่นส้ม, 28.75 
3026/5,LORADINE10mg 10x10s, 106.00 
3026/100,LORANOX 10mg 100x10s, 418.00 
3026/1,LORANOX 10mg 20x10s, 93.00 
782,LORANTA 100mg 3x10s, 197.00 
783,LORANTA 50mg 3x10s, 144.00 
634/1,LORINOSE 1x10s [ชุมชน], 25.25 
1326,LORIUS SYRUP 60ml, 83.75 
3026/10,LORSEDIN 10mg 10x10s, 149.75 
2-940/1,LOSALAC SYRUP 100ml, 73.00 
3312/1,LOSARTAN GPO 100mg 20x15s มีซื้อเยอะ, 401.00 
3312,LOSARTAN GPO 50mg 20x15s, 335.00 
3509,LOTEMP 120mg 60ml (สตอเบอรี่), 23.50 
3508,LOTEMP FORTE 250mg 60ml (ส้ม), 27.25 
3361/3,L-S SUPPORT พยุงหลังส่วนเอว size 2XL 42-50นิ้ว [Triple-D] เข็มขัด รัดหลังส่วนเอว, 360.00 
3361/5,L-S SUPPORT พยุงหลังส่วนเอว size 3XL 47-53นิ้ว [Triple-D] เข็มขัด รัดหลังส่วนเอว, 360.00 
337/3,L-S SUPPORT พยุงหลังส่วนเอว size L 34-38นิ้ว [Triple-D], 360.00 
337/4,L-S SUPPORT พยุงหลังส่วนเอว size M30-34นิ้ว [Triple-D], 360.00 
336/3,L-S SUPPORT พยุงหลังส่วนเอว size XL 38-42นิ้ว [Triple-D], 360.00 
654/30,LUCY LICE KILLER CREAM 30ml แถมหวี ครีมกำจัดเหา, 90.00 
1841,LUTEINA 60s, 138.00 
1841/1,LUTEINA VIZ 30s [TMAN] ลูทีน่า วิซ (ก.1ขวด), 229.00 
101/25,LYBALIN 25mg 56s กล่องชมพู มีโปรซื้อเยอะ, 311.00 
101/1,LYBALIN 75mg 56s กล่องเขียว, 559.00 
961505/2,LYMA CREAM 15g, 22.50 
ก.พ.-79,LYMARIN CREAM 15g, 45.50 
ก.พ.-80,LYMARIN CREAM 5g, 22.00 
1174/4,LYO ANTI-HAIR LOSS CONDITONER 200ml **ขายขาด, 254.00 
1174/3,LYO ANTI-HAIR LOSS SHAMPOO 200ml **ขายขาด, 254.00 
1174/6,LYO HAIR COLOR SHAMPOO (BLACK) 1x6ซอง **ขายขาด, 210.00 
1174/7,LYO HAIR COLOR SHAMPOO (DARK BROWN) 1x6ซอง **ขายขาด, 210.00 
1174/9,LYO HAIR COLOR SHAMPOO (GOLDEN BROWN) 1x6ซอง **ขายขาด, 210.00 
1174/8,LYO HAIR COLOR SHAMPOO (RED BROWN) 1x6ซอง **ขายขาด, 210.00 
1174/5,LYO HAIR TONIC 30ml **ขายขาด, 239.00 
101/6,LYRICA 25mg 4x14s," 1,115.00 "
101,LYRICA 75mg 4x14s มีโปรซื้อเยอะ," 2,895.00 "
233,M16 PATAR 75 FOR TOOTHACHE ตราปืน 3cc มีโปซื้อเยอะ, 16.50 
62/1,M 4x7ซม แดง พลาสเตอร์ กันน้ำ SOS 38บ (กล่อง), 23.00 
60/1,M 4X7ซ.ม. ผ้าก๊อซพร้อมใช้ เอสโอเอส พลัส SOS Plus แพค10 (กล่อง), 22.25 
43,MAALOX ALUM MILK 240ml, 62.00 
8159/2,MAASS มาศศ กระชายขาว สเปรย์ 15ml (ก.1ขวด), 68.00 
2-940/5,MAC-CALAC 100ml รสมะนาว ทานง่าย, 76.50 
76/4,MACHTO 50x10s, 276.00 
75/10,MACHTO SSS 240ml (รสมิ้นท์) ANTACID, 29.00 
3002/22,MACROTAP NT 1x10s softgel สีเขียว, 83.00 
2-990,MADIPLOT 10mg 10s, 102.50 
2998,MADIPLOT 20mg 10s, 151.00 
2017/22,MAG-CAL 1x30s MaxxLife ตะคริว ไมเกรน กระดูก, 479.00 
804,MAGESTO-F 1000s (เหลี่ยมเหลือง), 588.00 
803,MAGESTO-F 100s, 69.50 
2017/21,MAGNESIUM COMPLEX CEO FACTORY 40s ช่วยนอนหลับ, 363.00 
2017/20,MAGNESIUM PLUS 60s MaxxLife ตะคริว ไมเกรน *ใหม่356บ, 339.00 
944240,MALUGEL-S 240ml *ใหม่44บ, 39.75 
3988/1,MAMARINE BIO-C PLUS ELDERBERRY AND BETA-GLUCAN 30s, 169.00 
1280/4,MAMARINE BIO-C Plus Multivitamin Jelly รสส้ม [เจ็ดดาว], 218.00 
3988/5,MAMARINE DHA2GO 1x10ซอง ผง รสส้ม, 140.00 
3285/2,MAMARINE KIDS BIO-C PLUS ELDERBERRY 120ml, 271.00 
3285/3,MAMARINE KIDS BIO-C PLUS ELDERBERRY 60ml, 143.00 
3285/1,MAMARINE KIDS BOOSTER BIO-C PLUS MULTIVITAMIN 120ml, 245.00 
3285/4,MAMARINE KIDS BOOSTER BIO-C PLUS MULTIVITAMIN 60ml, 126.00 
3285/5,MAMARINE KIDS FORTE OMEGA-3 PLUS LYSINE 60ml น้ำเงิน, 64.50 
3988/3,MAMARINE KIDS OMEGA3-DHA FISHCAPS 60s, 269.00 
3284/1,MAMARINE KIDS OMEGA-3 ORIGINAL 120ml ฟ้า, 67.50 
2252/1,MAMARINE KIDS OMEGA-3 PLUS LYSINE 120ml น้ำเงิน, 123.00 
3988/2,MAMARINE MOM OMEGA-3 PLUS L-LYSINE AND MULTIVITAMIN 30s, 283.00 
4451/6,MAMARINE PRO FIBER ขวด60g, 149.75 
141510/2,MAMARINE PURE COLLA 100g คลอลาเจน จากญี่ปุ่น, 204.00 
141510/3,MAMARINE PURE COLLA 10x10g คอลลาเจน จากญี่ปุ่น, 203.00 
3988/4,MAMARINE SENIOR OMEGA3-PLUS GINSENG GINKGO LEAF GOJI BEERY 30s, 283.00 
248/1,MANAZITH CAPSULE 1x6s, 61.75 
4358/1,MANAZITH DRY SYRUP 200mg/5ml 15ml (รสเชอรี่), 95.00 
3450/1,MANCLAMINE 1000 10x10s, 852.00 
607/1,MANCLAMINE 228 70ml (สตรอเบอรี่), 77.50 
607/2,MANCLAMINE 312 70ml (ส้ม), 85.00 
607/6,MANCLAMINE 457 70ml (ส้ม), 114.50 
607/7,MANCLAMINE ES 50ml (ส้ม), 153.00 
9110120/1,MANCOXIB-120 1x5s (etoricoxib), 56.00 
9110120/2,MANCOXIB-120 3x10s (etoricoxib), 263.00 
4128/1,MANCOXIB-60 3x10s, 187.00 
9110120/4,MANCOXIB-90 1x5s, 48.50 
9110120/3,MANCOXIB-90 3x10s (etoricoxib), 223.00 
99125/1,MANFENAC 25mg 1000s (เม็ดแดงกลมเคลือบ), 103.00 
1088/1,MANIDERM CREAM 5g **ขึ้น51, 34.00 
512/1,MANMOX-250 DRY SYRUP 60ml (เปลือยส้ม), 20.25 
512/3,MANMOX-250 DRY SYRUP 60ml (เปลือยองุ่น), 20.25 
512-1/1,MANMOX-250 DRY SYRUP 60ml (มีกล่องส้ม), 24.50 
512-1/2,MANMOX-250 DRY SYRUP 60ml (มีกล่ององุ่น), 24.50 
4288/3,MANTAB 50x10s, 280.00 
2961,MANTIL TABLET 50x10s, 102.00 
1345/1,MAR BABY NOSE spray ม่วง 100ml มาร์ สเปรย์ (ก.1ขวด), 212.75 
3694/2,MARBOFLOX-20 1x10s, 199.00 
3694/3,MARBOFLOX-80 1x8s, 295.00 
19831,MARIMER 100ml เด็ก baby daily nasal hygiene-ISOTONIC seawater spary มาริเมอร์, 286.00 
8133/1,MARLAD LOTION มาร์แลด-โลชั่น 3ml แรด เลิกจำหน่าย, 30.00 
1345,MAR PLUS SPRAY 5% 20ml มีโปรซื้อเยอะ, 183.00 
1345/2,MAR SOFT SPRAY 125ml, 223.00 
1987,MARWIN SPRAY น้ำมันยา ตรามาร์วิน สเปรย์ 20g, 37.50 
1986,MARWIN น้ำมันยา ตรามาร์วิน 70ml, 40.50 
346/2,MASABALM 30g, 17.75 
3835/2,MASACARBON 260mg 10x10s, 126.50 
1004,MASAGA cream 30g มาสซาก้า, 17.50 
1004/1,MASAGA cream 60g มาสซาก้า, 33.50 
13950/2,MASK หน้ากากอนามัย level3 1x50p สีขาว ใช้ทางการแพทย์ Maxxlife **ขายขาด, 35.25 
13950/3,MASK หน้ากากอนามัย level3 1x50p สีเขียว ใช้ทางการแพทย์ Maxxlife **ขายขาด, 35.25 
13950/4,MASK หน้ากากอนามัย level3 1x50p สีฟ้า ใช้ทางการแพทย์ Maxxlife **ขายขาด, 35.25 
13950/10,MASK หน้ากากอนามัยแบบซอง level3 1x10p สีขาว ใช้ทางการแพทย์ Maxxlife **ขายขาด, 15.00 
13950/11,MASK หน้ากากอนามัยแบบซอง level3 1x10p สีเขียว ใช้ทางการแพทย์ Maxxlife **ขายขาด, 15.00 
1519/3,MAXAVIT 10x10s สูตรVITOP, 549.00 
91181,MAXIDENE 10mg 1000s, 272.00 
1872/2,MAXMA PLUS 1x4s (บำรุงชาย), 160.00 
1872/4,MAXMA PLUS 60s (บำรุงชาย)," 1,379.00 "
172202/21,MaxxLife สาหร่ายเกลียวทอง 100s, 285.00 
1673/4,MAZT 5mg 3x10s, 192.50 
50/1,M-BREX 60ml, 98.00 
2292/1,M-CIN 50ml, 87.00 
1787/3,M-COLCHICINE 10x10s โทลชิซิน 2M, 55.00 
382/2,McXY-Cold 12x1x10s แม็กซี่-โคลด์, 117.75 
957/11,McXY KLEAR เซ็ตล้างจมูก น้ำเกลือ syringe จุกซิลิโคน 10x20ml, 51.00 
957/10,McXY KLEAR เซ็ตล้างจมูก น้ำเกลือ syringe จุกซิลิโคน 5x20ml, 37.00 
1360/3,M-DIVATE CREAM 10g เอ็ม-ไดเวท, 26.75 
1360/4,M-DIVATE CREAM 30g เอ็ม-ไดเวท *ราคาใหม่, 53.00 
2015,MEBO CREAM 10g, 84.50 
2015/1,MEBO CREAM 40g, 282.00 
29,MECOBAL 50x10s, 568.00 
833/3,MECOBIN 25x10s, 353.00 
457/3,MECYLIC OINTMENT 15g, 50.00 
833/4,MECZE 500mcg 3x10s มีซื้อเยอะ, 57.50 
1690,MEDELAS ELASTIC BANDAGE ผ้ายืดพันเคล็ด 2นิ้วx5หลา, 82.00 
1691,MEDELAS ELASTIC BANDAGE ผ้ายืดพันเคล็ด 3นิ้วx5หลา, 116.00 
1692,MEDELAS ELASTIC BANDAGE ผ้ายืดพันเคล็ด 4นิ้วx5หลา, 155.00 
1691/2,MEDELAS ELASTIC BANDAGE ผ้ายืดพันเคล็ด 6นิ้วx5หลา, 201.00 
3870,MEDERMA INTENSE SCAR GEL 10g **โปรดดูวัน exp, 310.00 
3869,MEDERMA INTENSE SCAR GEL 20g, 568.25 
4471/6,MEDERMA Scar gel KIDS 20g (ก.1หลอด), 379.25 
1684/1,MedGauzeSterile ซองละ1ชิ้น ผ้าก๊อซ สเตอร์ไรด์ 2นิ้วx2นิ้ว, 97.50 
1685/1,MedGauzeSterile ซองละ1ชิ้น ผ้าก๊อซ สเตอร์ไรด์ 3นิ้วx3นิ้ว, 139.00 
1681-1/1,Medical CONFORMING Gauze ผ้าก๊อซ 2นิ้ว, 3.10 
1255,MEDICCOXIB 200mg 10x10s, 381.00 
1535/8,MEDICET 1x10s, 53.25 
4092/5,MEDICFLOX 500mg 1x10s *โปรดดูวัน exp, 72.50 
1072/1,MEDIC NOR 400mg 10x10s มีโปรซื้อเยอะ, 132.00 
10360/2,MEDIFAST 180 1x10s, 60.50 
10360/1,MEDIFAST 60mg 10x10s, 176.00 
13294/7,MEDIFIX แผ่นปิดแผลใยสังเคราะห์ 10cmx10m, 102.00 
13294/1,MEDIFIX แผ่นปิดแผลใยสังเคราะห์ 10cmx1m, 18.50 
13294/8,MEDIFIX แผ่นปิดแผลใยสังเคราะห์ 15cmx10m, 142.00 
3636,MEDMAKER LIP BALM NOURISH & PROTECT 4.8g (ตลับ), 34.00 
3633,MEDMAKER M-SOFT CREAM 20g, 47.75 
3632,MEDMAKER M-SOFT CREAM 50g, 100.00 
2-81/1,MEDMAKER PURE PETROLEUM JELLY BABY 50g วาสลีนชมพู มีโปรซื้อเยอะ, 32.50 
151103/1,MEDMAKER U-REPAIR CREAM 30g มีโปรซื้อเยอะ, 59.00 
151103/3,MEDMAKER U-REPAIR CREAM 50g ซื้อเยอะ, 90.00 
151103,MEDMAKER U-REPAIR INTENSIVE CREAM 30g ซื้อเยอะ, 70.50 
151103/2,MEDMAKER U-REPAIR INTENSIVE CREAM 50g มีโปรซื้อเยอะ, 107.00 
3630,MEDMAKER VITAMIN E CREAM 5.5% 20g, 50.50 
3629,MEDMAKER VITAMIN E CREAM 5.5% 50g, 104.00 
91171,MEFA 500 1000s, 606.00 
91171/50,MEFA 500 50x10s **โฉมใหม่, 396.00 
91171/1,MEFA 500mg 12x10s **โฉมใหม่, 170.00 
718,MEFAMED 500 500s มีโปรซื้อเยอะ, 235.00 
1605,MEFAMED 500mg 25x10s, 146.00 
1605/5,MEFENSTAR FORTE 500mg 500s เม็ดรีเขียว, 375.00 
1605/4,MEFENSTAR FORTE 500mg 500s เม็ดรีเหลือง, 375.00 
1605/2,MEFENSTAR FORTE 500mg 50x10s เม็ดรีเขียว, 465.00 
1605/3,MEFENSTAR FORTE 500mg 50x10s เม็ดรีเหลือง, 465.00 
133101/3,MEGA ALCOHOL COTTON BALL สำลีชุบแอลกอฮอล์ 10แผงx8ก้อน ซีเมด, 56.00 
2-820/1,MEGA ALERTEN 100 BIOEMULCAP 3x10s [CoQ10 100mg], 545.00 
08045/1,MEGA ASTAX 6mg 3x10s, 361.00 
2677/1,MEGA AVARIN 1x10s, 59.00 
2968,MEGA CALCIUM-D 60s, 177.50 
2968/5,MEGA CALCIUM-D 90s, 259.00 
2968/3,MEGA CALCIUM D WITH SOY GERM 30s, 374.00 
1504/33,MEGA DHA100 FISH OIL 200mg 30s, 97.00 
912-1/1,MEGA DIAVIT 1x10s, 85.00 
1458/1,MEGA DOFLAM 1x10s, 73.50 
07857/20,MEGA EUGICA COLD MOUTH SPRAY 30ml บรรเทาอาการหวัด, 158.00 
07857/6,MEGA EUGICA HERBAL MOUTH SPRAY 10ml, 69.25 
2553/2,MEGA EUGICA IVY SYRUP 100ml, 143.00 
2553/3,MEGA EUGICA IVY SYRUP 20x5ml, 162.00 
1222,MEGA EVENING PRIMROSE OIL 1000mg 100s, 362.00 
1222/1,MEGA EVENING PRIMROSE OIL 1000mg 30s EPO, 122.50 
4410/1,MEGA FEMIFLORA 100ml (กลิ่นกุหลาบ) Probiotic, 136.00 
3733/3,MEGA FERROTONE [iron+folic acid+b12] 1x10s, 44.50 
1504,MEGA FISH OIL 1000mg 100s, 335.00 
1504/30,MEGA FISH OIL 1000mg 30s, 112.50 
4324/3,MEGA FLEXIGEN HYDROLYSATE COLLAGEN 10gx15s, 489.00 
3795/4,MEGA FLEXSA-500 3x10s, 152.00 
3795/9,MEGA FLEXSA Plus ผง 1500 15s, 452.00 
3795/11,MEGA FLEXSA ผง รสส้ม 1500 31s, 452.00 
4365,MEGA GARLIC OIL 100s, 101.00 
2741,MEGA GINKGO BILOBA 60s, 181.50 
4336/1,MEGA GINSOMIN 20x8s," 1,026.00 "
3824,MEGA GOFEN 400mg 1x10s, 81.00 
3824/17,MEGA GOFEN LIQUIZ 100mg/5ml 60ml, 92.50 
2-783/1,MEGA GOGAZ 200mg 1x10s, 28.00 
1507,MEGA GRAPE SEED EXTRACT 20mg 60s, 281.00 
2415/1,MEGA IICARE 3x10s **ราคาพิเศษ ไม่มีบาร์โค้ด**, 188.00 
2415/5,MEGA IICARE DAILY 3x10s, 415.00 
2-820,MEGA LECITHIN 1200mg 100s, 242.00 
2-820/2,MEGA LECITHIN 1200mg 30s, 76.75 
3716/1,MEGA LIVOTONE 200mg 10x10s," 1,202.00 "
953/3,MEGA LOREZE CLEARCAP 10mg 1x10s, 83.00 
8888,MEGA MUCLEAR 600mg 10s, 117.00 
2527/2,MEGA MULTIZYME 1x4s, 58.00 
1288/4,MEGA NAPROFAZT 250mg 1x10s, 98.00 
891,MEGA NAT B 100s, 550.00 
892,MEGA NAT B 40s, 226.00 
3101,MEGA NAT C 150s, 530.00 
3099,MEGA NAT C 30s, 169.00 
3099/99,MEGA NAT C 30s [ทะเบียนอาหาร], 169.00 
3100,MEGA NAT C 60s, 234.00 
3099/1,MEGA NAT-C ESTER 1000mg 30s, 199.00 
8141/2,MEGA NAT D 5000 iu 3x10s, 608.00 
8141,MEGA NAT D 60s, 378.00 
1505,MEGA NATURAL VITAMIN E 100iu 100s, 202.00 
1509,MEGA NATURAL VITAMIN E 200iu 60s, 201.50 
1511,MEGA NATURAL VITAMIN E 400iu 30s, 203.00 
1519/1,MEGA NUTRIVITA DAILY 1x10s, 83.00 
2415/2,MEGA OPTIVIT 30s MEGA, 397.00 
3907/1,MEGA PHENZ 1x10s, 82.00 
4410/4,MEGA PROBIOTIC DROPS 8ml เด็ก0-6เดือน, 597.00 
3825/1,MEGA REGENEZ 3x10s, 285.00 
242-1/13,MEGA STERCIA-5 5mg 3x10s, 382.00 
242-1/12,MEGA STERZAR 1mg 4x7s, 249.00 
1504/32,MEGA TINY CAP FISH OIL 500mg 30s, 116.00 
3795/3,MEGA VIAFLEX 1500mg 30ซอง, 280.00 
171530/3,MEGA VIRUNO ฟ้าทะลายโจรสกัด 60mg 3x5s, 126.00 
1492,MEGA VITAMIN A 25000IU 100s, 72.00 
4068/1,MEGA ZINCOMIN 20mg 60s, 207.00 
2-127/2,MEGA ZIRIN CLEARCAP 10mg 1x10s, 83.00 
99501/5,MEIACT 200MG 2x10s," 1,135.00 "
99501/6,MEIACT FINE GRANULES 0.5g *ใหม่18.25, 16.50 
902500/2,MEIXIL CAPSULES 50x10s (เม็ดชมพู-ขาว)," 1,690.00 "
56042/2,Melamii Anti Melasma Spot Corrector 15g, 295.50 
56042/3,Melamii Anti Melasma Spot Corrector 35g, 522.00 
4228/121,MELCAM 7.5mg 1x10s, 32.00 
3818/20,MELLODERM-HQ 2% ฝ้า 7g ชมพู, 52.50 
3818/21,MELLODERM-HQ 4% ฝ้า 7g ม่วง, 58.75 
2164/15,MELOBIC-15 10x10s, 418.00 
2164,MELOBIC-7.5 10x10s, 240.00 
419/1,MEL-OD 15mg 10x10s, 217.00 
419,MEL-OD 7.5mg 10x10s, 149.00 
4202/10,MELOX 15mg 10x10s, 714.00 
4202/11,MELOX 15mg 1x10s, 63.75 
4228/11,MELOX 7.5mg 1x10s ซื้อเยอะ, 43.25 
826,MENTHOLATUM 28g เล็ก 60บ เมนโทลาทัม (ขวด), 40.00 
1624,MENTHOLATUM 85g ใหญ่, 85.75 
3459/1,MEPAGYL 400mg 1x10s, 26.00 
827,MEPTIN 50mg 10x10s **ขึ้น635, 423.00 
2-305,MEPTIN MINI 25mg 10x10s **ขึ้น470, 314.00 
3005,MEPTIN SYRUP 60ml **ขึ้น62, 47.50 
4267/5,MERA 100x10s (เม็ดเขียวเหลี่ยม), 584.00 
831,MERISLON 12mg 3x10s, 105.00 
828,MERISLON 6mg 3x10s, 57.50 
7977,MERLIN 50x10s, 212.00 
3279/2,MERTIGO 12mg 10x10s, 118.00 
3279/1,MERTIGO 6mg 10x10s, 59.00 
2300/5,MESLON 1000 10x10s, 592.00 
2300/1,MESLON 500mg 10x10s, 312.00 
4197/1,MESTO-T/F 10x10s (เหลี่ยมขาว), 78.25 
4197,MESTO-T/F 500s (เหลี่ยมขาว) มีโปรซื้อเยอะ, 264.00 
941010/3,METEOSPASMYL 3x10s, 265.00 
2325/7,METFOR-500 10x10s, 44.00 
2325/2,METFORMIN 500mg 50x10s, 171.00 
2325/50,METFORMIN 50x10s [Inter Pharma], 219.00 
2325,METFORMIN GPO 50x10s มีซื้อเยอะ, 326.00 
3003,METHOPINE 1000s, 590.00 
3002,METHOPINE 50x10s, 409.00 
833,METHYCOBAL 500mcg 3x10s, 157.50 
2-93/2,METOPROLOL 100mg 10x10s, 262.00 
4013,METRIZOLE-200 1000s, 345.00 
835/5,METRIZOLE-400 50x10s [42], 283.00 
786/8,METROGYL GEL 1% 10g, 75.50 
3459,METROLEX 400mg 10x10s, 132.00 
835,METRONIDAZOLE 400 50x10s, 240.50 
237/5,MET-SIL INJECTION 50x2ml, 330.00 
890/2,METZODIN NASAL SPRAY 10ml, 50.00 
4203/7,MEVALOTIN 40mg 3x10s, 965.00 
1072/3,M-FLOX-400 10x10s foil, 153.00 
4203/5,MIBEAZ 10mg 3x10s, 225.00 
2085/2,MIBI COTTON BALL ตราลองเมด สำลีก้อน 40g บ ขาด, 12.33 
4297,MICARDIS 40mg 30s, 646.00 
4432,MICARDIS 80mg 30s, 860.00 
2-80/1,Miconazole Cream 2% GPO 5g, 15.20 
9997/4,MicrocynAH Ear Rinse ทำความสะอาดหู 120 ml, 440.00 
9997/7,MicrocynAH Oral Care Spray 120 ml ขวดแบ่ง 6ขวด 20 ml, 675.00 
9997/2,MicrocynAH Wound & Skin care Hydrogel 60ml, 460.00 
9997/3,MicrocynAH Wound & Skin care Spray 500 ml ขวดแบ่ง 25 ขวด 20ml," 1,447.00 "
9997/1,MicrocynAH Wound & Skin care Spray 59 ml, 329.00 
838,MICROPORE 1/2x10หลา ไมโครพอร์, 527.00 
626/2,MIFORMIN 500mg 50x10s, 288.00 
626/3,MIFORMIN 850mg 25x10s, 288.00 
91110,MIGANA 40x10s, 800.00 
91110/1,MIGRANO 1x10 มีโปรซื้อเยอะ, 20.50 
2/9/2001,MILK OF MAGNESIA C.B. 240ml *ใหม่31.50บ, 27.50 
2-ก.ย.,MILK OF MAGNESIA GPO MOM 240ml, 36.50 
2-ส.ค.,MILK OF MAGNESIA GPO MOM 450ml, 57.25 
1970/9,Milky tab plus colostrum 60s, 255.00 
667/10,MILLIOPH EYE DROP 10ml, 28.00 
1501/20,MILTEAR 30x1ml, 139.00 
1501/1,MILTEAR MD 10ml, 63.25 
1673/2,MIMOSA 5 3x10s, 255.00 
3238/3,MINIBIT 5mg 50x10s, 350.00 
844,MINIDIAB 5mg 2x15s, 101.00 
4037/1,MINRA 1x10s, 18.60 
3144,MINRA INFANT DROPS 15ml, 30.50 
3143,MINRA SYRUP 60ml (เขียวส้ม), 24.00 
3142,MINRA SYRUP 60ml (ม่วงองุ่น), 24.50 
2-1009,MINUS-SUN SPF 40PA+++ IVORY 30g, 183.00 
2-1008,MINUS-SUN SPF 40PA+++ WHITE 30g, 184.50 
2-553/10,MIRACID 10x10s, 172.75 
2-553,MIRACID 1x14s มีโปรซื้อเยอะ, 33.25 
152/4,MIRGEAL GEL 20ซองx15ml รสบลูเบอร์รี่ เมอร์จีล เจล **ขึ้น659, 613.00 
03108/1,MIST CARMINATIVE MEDICPHARMA 240ml, 17.50 
2133/1,MITJECT TUBERCULIN LDS SYRINGE 1mL 27Gx0.5นิ้ว, 225.00 
1293/1,MITJECT U-100 INSULIN SYRINGE 1mL 29Gx0.5นิ้ว, 245.00 
11301/6,MITOMAX FOR MEDIUM & LARGE DOGS : Syn-Biotic, 525.00 
11301/4,MITOMAX FOR SMALL DOGS : Syn-Biotic 30s, 310.00 
1174/12,MI-X 3% 60ml (minoxidil), 236.00 
3108,MIXT CARMINATIVE GPO 180ml, 20.50 
3109,MIXT CARMINATIVE GPO 450ml, 59.00 
847,MM MILK OF MAGNESIA SUSPENSION 240ml (เชอรี่) MOM, 22.00 
846,MM MILK OF MAGNESIA SUSPENSION 240ml (มิ้นท์) MOM, 22.00 
850,MOBIC 7.5mg 10x10s, 101.00 
851,MODURETIC 10s, 20.00 
4092/18,MOFLOXIN 400 MG 1x5s, 240.00 
339,MOLAX-M 10x10s, 124.75 
339/1,MOLAX SUSPENSION 30ml, 44.00 
2581/3,MOMATE CREAM 0.1% 15g, 91.00 
2580/1,MOMATE CREAM 0.1% 5g, 42.50 
2580/4,MOMESONE CREAM 0.1% 15g, 92.00 
2580/2,MOMESONE CREAM 0.1% 5g, 43.00 
3449/5,MOMETASONE 50mcg 140dose exp5/2026, 282.00 
3449/4,MOMETASONE SANDOZ 50mcg 140dose, 515.00 
2687/10,MONIRAX 400mg 14x5s, 270.00 
2687/11,MONIRAX 800mg 7x5s, 230.00 
93110/7,MONKAST-10 2x14s เม็ดเคี้ยว, 209.00 
93110/8,MONKAST-5 2x14s เม็ดเคี้ยว, 125.50 
93110/9,MONLAKAST 10mg 4x7s มอนลาคาส, 170.00 
8229,MONTEK 10mg 2x14s **ซื้อเยอะ, 292.00 
8229/2,MONTEK 10mg 4*7s มีโปรซื้อเยอะ, 292.00 
93110/4,MONTELUKAST GPO 10mg 10x10s, 344.00 
93110/1,MONTIGET 10mg 2x7s, 75.00 
93110/3,MONTIGET CHEWABLE 5mg 2x7s กล่องเขียว, 205.00 
93110/2,MONTULAIR 10mg 10x10s, 505.00 
3338/1,MONTULAIR 4 ORAL GRANULES 28ซอง บ หมด, 346.00 
593/1,MONUROL 3G 1sachet, 375.00 
296/10,MOPRIX 20mg 1x14s, 43.00 
9994/2,MOSSI GUARD สติ๊กเกอร์กันยุง (30ซองx2ชิ้น) [TMAN], 255.00 
1825,MOTIDOM-M 500s, 136.00 
1826,MOTIDOM-M 50x10s, 153.00 
858,MOTILIUM-M 10mg 3x10s, 100.60 
3267,MOTIVAN INJECTION 50ampx1ml, 252.00 
2734/3,MOVENT 30mg 50x10s เม็ดรีขาว [ชุมชน], 295.00 
904500/1,MOX-C 500 50x10s (ชมพู-ม่วง), 920.00 
904500,MOXCILLIN 500 MG 50x10s (เม็ดฟ้าอ่อน-ฟ้าแก่), 537.00 
903500/6,MOXCILLIN AU 50x10s (เม็ดฟ้า-เทา), 454.00 
654/28,MOXCLAVET 125 30x7s," 1,430.00 "
654/29,MOXCLAVET 250 30x7s," 1,950.00 "
654/31,MOXCLAVET 500 30x7s," 2,950.00 "
654/26,MOXCLAVET 62.5 30x7s," 1,210.00 "
654/27,MOXCLAVET DROP (Amoxicillin+Clavulanate) 15ml, 105.00 
513,MOXILIN-125 DRY SYRUP (เปลือยวานิลลา), 20.50 
513-1,MOXILIN-125 DRY SYRUP (มีกล่องวานิลลา), 20.50 
512-4,MOXILIN-250 DRY SYRUP (เปลือย สตอเบอรี่), 20.50 
512,MOXILIN-250 DRY SYRUP (เปลือยส้ม), 20.50 
512-2,MOXILIN-250 DRY SYRUP (มีกล่องสตอเบอรี่), 25.50 
512-1,MOXILIN-250 DRY SYRUP (มีกล่องส้ม), 25.50 
1305/3,MOXILIN 500mg [42] 50x10s (เม็ดแดง-เหลือง), 490.00 
1305/1,MOXILIN CAPSULES 500mg [42] 50x10s (เม็ดเขียว-ฟ้า), 530.00 
1305,MOXILIN CAPSULES 500mg 50x10s (เม็ดฟ้า-เทา), 459.00 
903500/3,MOXIPHARM 500mg 50x10s (เม็ดฟ้า-เทา), 535.00 
904500/2,MOX-TAB 500 50x10s (เม็ดตอกสีขาว), 920.00 
903025/1,MOX-TAB 875mg 10x10s (เม็ดตอกขาว), 409.00 
903025,MOXY 500 25x10s (เม็ดฟ้า-เทา), 252.00 
903500/1,MOXY 500 500s (ฟ้า-เทา), 462.00 
903500,MOXY 500 HK 50x10s (เม็ดฟ้า-เทา), 462.00 
4202/1,M.P.OSOTH 15mg 10x10s, 182.00 
2-777,MUAY CREAM 100g มวย ครีม มีโปรซื้อเยอะ, 77.00 
2100,MUAY CREAM 30g มวย ครีม, 33.50 
1136/200,MUAY PERFORMANCE COOL SPRAY น้ำมันมวย สเปรย์ สูตรเย็น 200ml, 134.50 
1136/41,MUAY PERFORMANCE COOL SPRAY น้ำมันมวย สเปรย์ สูตรเย็น 50ml, 53.00 
3002/11,MUCHES-200 10x10s, 60.50 
3-379,MUCIL 200mg 30ซองx3g, 60.50 
2436/2,MUCILAX 10x5g รสบ๊วย, 105.00 
3-380,MUCIL GRANULES 100mg 30ซองx5g, 51.00 
2431,MUCILIN ORANGE FLAVOUR 30ซองx5g, 225.00 
2436/3,MUCILIN SF 10x5g (รสมิกซ์เบอร์รี่), 79.00 
2436,MUCILIN SF 10x5g (รสส้ม), 79.00 
2416,MUCOCIN 1000s, 76.50 
1795/3,MUCODIC 30mg/5ml 60ml กระต่าย, 13.75 
2234/1,MUCOLID 1x10s, 14.50 
2234,MUCOLID 30mg10s (เปลือย) *มีโปรซื้อเยอะ, 14.25 
822,MUCOLID JUNIOR 60ml (บลูเบอร์รี่ ), 28.50 
823,MUCOLID JUNIOR 60ml (สตรอเบอรี่), 27.50 
1803/1,MUCOLID SF 200 60ซองx3g, 234.00 
1804/1,MUCOLID SF 600 30ซองx7g, 309.00 
71,MUCOLID SYRUP 60ml, 27.50 
1445/5,MUCONOR 30mg NL 25x10s, 151.00 
862/1,MUCOSOLVAN 30mg 10x10s, 570.00 
2734/1,MUCOSTAR 30mg 100x10s มีโปรซื้อเยอะ, 382.00 
2734/2,MUCOSTAR 30mg 1x10s, 38.20 
1803/2,MUCOTIC 200mg 50ซองx5g (รสเมล่อน), 116.00 
1803/3,MUCOTIC HD SF 600 50ซองx5g (รสส้ม), 272.00 
1795/10,MUFLEX 50x10s, 469.00 
1795/1,MUFLEX 60ml (เปลือย), 14.50 
2017/15,MULTIVITAMIN TABLETS GPO1000s ยาเม็ดวิตามินรวม, 399.00 
3285/13,MUNO POWDER Kids 28g/70ml elderberry (ก.1ขวด), 124.00 
1526/12,MUSCLOFEN 10mg (baclofen) 50x10s, 789.00 
08074/5,MUSLEXAC 1000s เม็ดกลมส้ม, 339.00 
08074/1,MUSLEXAC 50x10s เม็ดกลมส้ม, 242.00 
855,MUSTAB 10x10s, 80.00 
865,MUSTAB 500s (กลมชมพู), 197.00 
61/13,MX1 คละไซส์ T1x2 TMx2 กล่อง10ซอง [SOS] พลาสเตอร์ใส ปิดแผล กันน้ำ 4ชิ้น, 217.00 
4886/1,MYBACIN OTC LEMON 20x8s, 171.00 
4886,MYBACIN OTC MINT 20x8s, 171.00 
20999,MYBACIN OTC MINT 70x8s, 587.00 
4886/4,MYBACIN OTC ORAGE 20x8s, 171.00 
2097,MYBACIN THROAT MINT แพค70ซองx10s, 487.00 
4886/6,MYBACIN ZINC CHERRY มายบาซิน 20x10s, 149.00 
4886/2,MYBACIN ZINC HONEY LEMON น้ำผึ้งมะนาว 20x10s, 149.00 
4886/3,MYBACIN ZINC HONEY LEMON น้ำผึ้งมะนาว 40x10s, 288.00 
2301/1,MYBACIN ZINC LEMON 40x10sบ ขาด, 288.00 
2301,MYBACIN ZINC LEMON 70x10s, 487.00 
2098/1,MYBACIN ZINC ORANGE 40x10s, 288.00 
2098,MYBACIN ZINC ORANGE 70x10s, 487.00 
3835/1,MYCARBON 260mg 10x10s, 126.50 
872/1,MYCOCHLORIN-T 250mg สามธง 3ธง 10x10s, 452.00 
921/5,MYCORAL CREAM 5g, 14.00 
872/2,MYCOSAMTHONG 60ml, 40.50 
922/5,MYCO SHAMPOO 100ml, 44.50 
870/1,MYCOZOLE-B CREAM 15g, 24.25 
870,MYDA-B CREAM 15g, 31.67 
868,MYDA-B CREAM 25g, 49.25 
869,MYDA-B CREAM 5g, 15.00 
870/2,MYDA BS CREAM 15g, 32.25 
869/1,MYDA BS CREAM 5g, 15.00 
868/1,MYDA POWDER 20g, 23.50 
3-70/2,MYDA SHAMPOO 100ml ไมด้า แชมพู, 49.00 
3-70/1,MYDA SHAMPOO 50ml ไมด้า แชมพู, 31.00 
มี.ค.-69,MYDA SOAP สบู่ ไมด้า ซัลเฟอร์ 2.5% 30g, 20.50 
มี.ค.-70,MYDA SOAP สบู่ ไมด้า ซัลเฟอร์ 2.5% 80g, 35.00 
1753,MYDERMIC CREAM 15g, 27.00 
1122/2,MYDERM QUAD CREAM 15g, 47.75 
1122/1,MYDERM QUAD CREAM 5g มีโปรซื้อเยอะ, 21.75 
879/100,MYDOCALM 50mg 100x10s," 1,605.00 "
879/2,MYDOCALM 50mg 1x10s กล่อง, 16.75 
880,MYDOCALM FORTE 150mg 10x10s, 416.00 
880/1,MYDOCALM FORTE 150mg กล่องเล็ก 1x10s, 43.00 
2471/3,MYFLUORIDE MYBACIN JUNIOR ORANGE 250ml, 45.25 
2471/1,MYFLUORIDE MYBACIN JUNIOR STRAWBERRY 250ml, 45.25 
2099/11,MYHERBAL MYBACIN TROSPRAY 15ml, 88.75 
2099/2,MYHERBAL MYBACIN WITH FATALAIJONE EXTRACT SPRAY 15ml, 101.00 
2099,MYHERBAL MYBACIN WITH MANGOSTEEN EXTRACT SPRAY 15ml, 101.00 
2099/3,MYHERBAL MYBACIN WITH MANGOSTEEN EXTRACT SPRAY 4.5ml, 42.50 
2099/1,MYHERBAL MYBACIN WITH ZINC SPRAY 15ml, 87.50 
293/1,MYKODERM POWDER 75g, 118.50 
2457,MYLOM DROPS 15ml, 37.75 
260/1,MYMOL 325mg 1000s (กลมขาว), 174.00 
1064,MYMOL 500mg 100s (ฟ้า-ขาว), 29.00 
1064/2,MYMOL 500mg 100x10s (กลมขาว), 420.00 
1064/1,MYMOL B.P.O. 500mg 100s (ขาวรี), 41.00 
260,MYMOL WHITE-BLUE 1000s (ขาว-ฟ้า), 180.00 
2535,MYOGESIC 50x10s, 249.00 
3186,MYONAL 50mg 3x10s มีโปรซื้อเยอะ, 196.00 
2-801,MYOPAS 1000s (เม็ดรีจุดเขียว), 395.00 
2-801/2,MYOPAS 1000s (เม็ดรีจุดแดง), 395.00 
2-801/4,MYOPAS 100x10s (กล่องขาวแดง), 435.00 
2-801/3,MYOPAS 100x10s (เม็ดรีจุดเขียว), 435.00 
2-801/6,MYOSPA 500s (เม็ดฟ้ารี) บ ขาด, 351.00 
2-801/5,MYOSPA 50x10s (เม็ดรีฟ้า), 409.00 
2597,MYOXAN 50x10s, 254.00 
3449/12,MYSEPTIC ALCOHOL HAND GEL GREEN TEA 60ml, 10.00 
3449/15,MYSEPTIC MOUTHWASH ฟ้าทะลายโจร 250ml, 51.00 
2096/10,MYSEPTIC MYBACIN ZINC APPLE LOZENGE SF 9.4g 10s, 10.90 
2094/10,MYSEPTIC MYBACIN ZINC SF 20x10s รสสตอว์เบอร์รี่, 175.00 
2094/2,MYSEPTIC MYBACIN ZINC SF HIGH VIT C & COQ10 20x10s รสองุ่นมะนาว, 175.00 
2094/5,MYSEPTIC MYBACIN ZINC SF Honey Lemon น้ำผึ้งมะนาว 70x10s, 486.00 
2094/1,MYSEPTIC MYBACIN ZINC SF LUTEIN & BILBERRY 20x10s, 175.00 
1805,MYSOVEN 100mg 60ซองx5g, 100.50 
1803,MYSOVEN 200mg 60ซองx3g, 201.00 
1804,MYSOVEN 600mg 30ซองx7g, 259.00 
13292/1,N1 60x70mm TIGERPLAST TRANSPARENT WATERPROOF, 39.00 
13292/2,N2 60x100mm TIGERPLAST TRANSPARENT WATERPROOF, 44.50 
13292/3,N3 80x100mm TIGERPLAST TRANSPARENT WATERPROOF, 55.25 
13292/4,N4 100x120mm TIGERPLAST TRANSPARENT WATERPROOF, 64.75 
4267/2,NABESAC 1000s (เม็ดเขียวเหลี่ยม), 345.00 
4267/1,NABESAC 1000s (เม็ดส้มรี), 345.00 
4267/6,NABESAC 1000s (เม็ดเหลี่ยมสีม่วง), 345.00 
4267/4,NABESAC 50x10s (เม็ดเขียวเหลี่ยม), 252.00 
4267/3,NABESAC 50x10s (เม็ดส้มรี), 252.00 
2907,NAC LONG 600mg 10s NACLONG, 148.00 
91490,NACOXIB-90mg 1x10s มีโปรซื้อเยอะ, 79.00 
91490/5,NACOXIB 90mg 1x5s มีโปรซื้อเยอะ, 40.00 
319/3,NANOMED COLD HOT PACK เจลประคบร้อนเย็น เนื้อผ้า รุ่น CSI-CH-I 160, 78.00 
3826/7,NANO PREG TEST CASSETTE 1s ตรวจตั้งครรภ์ ตลับหยด, 19.25 
3826/6,NANO PREG TEST MIDSTREAM 1s ตรวจตั้งครรภ์ ปากกา, 34.00 
2-128,NAPHCON-A 15ml, 90.50 
887,NAPPY-HIPPO 25g **ขึ้น, 33.50 
888,NAPPY-HIPPO 5g **ขึ้น, 13.50 
1229/2,NAPROSIAN 250mg 1x10s, 16.25 
1229/1,NAPROSIAN 250mg 25x10s (เม็ดกลมเหลือง), 325.00 
1288/6,NAPROXEN 250 10x10s เม็ดเขียวหกเหลี่ยม [ชุมชน], 194.00 
1288/1,NAPROXEN 250 25x10s, 315.00 
1229/3,Naproxen GPO 250mg 50x10s มีซื้อเยอะ, 634.00 
3516,NASACORT AQ 120 doses, 440.00 
1800/3,NASAL KIT [ANB] ไซริงค์20ml+จุกล้างจมูก, 26.00 
1922/5,NASAL STRIPS 1.8x5.8cm แผ่นแปะจมูก sos, 25.50 
1155/4,NASIC CLEANSE 250ml ชุดอุปกรณ์ล้างจมูก+น้ำเกลือ2.25gx10s, 168.00 
1155/5,NASIC CLEANSE REFILL น้ำเกลือ2.25gx30s, 92.00 
4037,NASIFED BPO 10x10s, 88.25 
4036,NASIFED BPO 50x10s, 389.00 
2-628/1,NASIN 250mg 500s, 347.00 
2-821,NASOLIN P.L. 1x10s, 16.25 
2-823,NASOLIN P.L. 60ml, 24.25 
890,NASOL SPRAY 15ml, 77.00 
3449,NASONEX AQUEOUS NASAL SPRAY 140dose, 758.00 
3449/2,NASONEX AQUEOUS NASAL SPRAY 60dose, 443.00 
3449/3,NASOSPRAY 140 doses **ขึ้น430, 390.00 
2-823/4,NASOTAPP SYRUP 60ml (องุ่น) [ชุมชน], 20.50 
2-821/2,NASOTAPP TABLET 10x10s [ชุมชน], 118.00 
2-821/1,NASOTAPP TABLET 50x10s [ชุมชน], 603.00 
2968/4,NAT CAL PLUS 3x10s ผงกระดูกวัว [MEGA], 523.00 
1501,NATEAR 10ml, 82.00 
1503,NATEAR UD 28หลอดx0.8ml, 191.00 
2901,NATEAR UD 7หลอดx0.8ml, 52.50 
893,NATRILIX SR 1.5mg 3x10s, 270.00 
2-399,NATURE BALANCE BIOTIN ไบโอติน 60S 450บ (ขวด), 245.00 
08466/4,NATURE BITE นมอัดเม็ด รสช็อคโกแลต 10x10s ซอง12.5g, 71.00 
08466/5,NATURE BITE นมอัดเม็ด รสสตอ 10x10s ซอง12.5g, 71.00 
08466/3,NATURE BITE นมอัดเม็ด รสหวาน 10x10s, 71.00 
4417,NATUREGIFT COFFEE PLUS เนเจอร์กิฟกาแฟโสมสูตรต้นตำรับ มีโปรซื้อเยอะ, 96.50 
4416-1,NATUREGIFT EXTRA COFFEE Q10 PLUS เนเจอร์กิฟกาแฟเอ็กซ์ตร้าคอฟฟี่ Q10 พลัส มีซื้อเยอะ, 116.50 
1700/1,NATUREHINZZ CREAM 30g, 61.00 
448/3,NAVAMED TABLETS 50x2s, 133.00 
883,NECK&SHOULDER RUB 50g ดำ, 133.00 
881,NECK&SHOULDER RUB BOOST 50g แดง, 138.50 
02615/1,NEEDLE 26x1 1/2 [WEGO] เข็มฉีดยา (ก.100ชิ้น), 45.00 
02615/2,NEEDLE 30x1/2 [WEGO] เข็มฉีดยา (ก.100ชิ้น), 55.00 
3778,NELAPINE 20 SR 3x10s, 96.00 
2-530/5,Neobun Cool Spray 45ml, 52.00 
2-53/2,NEOBUN-GEL COOL 7x10cm (ซอง2ชิ้น), 35.75 
2-53/1,NEOBUN-GEL WARM 7x10cm (ซอง2ชิ้น), 35.75 
2-53/3,NEOBUN Menthol Plaster 11x8cm 6ซอง*3ชิ้น (กล่อง), 106.00 
2-53/4,NEOBUN Menthol Plaster 13x12cm 6ซอง*2ชิ้น, 210.00 
ก.พ.-53,NEOBUN ปิดแก้ปวด ก.20ซอง, 337.00 
4350/61,NEOCA C 1000mg 30s, 177.00 
4350/60,NEOCA C 1000mg 60s, 262.00 
4324/1,NEOCA COXIUP FAZ 30s, 294.00 
4041/1,NEOCA GARCININ 1x10s (นีโอก้า การ์ซินิน), 74.50 
14730,NEOCA GARLIC น้ำมันกระเทียม 30s, 92.00 
141030,NEOCA LUTEIN COMPLEX 18.03g 30s, 278.00 
3063/2,NEOCA Smatab 30s นีโอก้า สมาแทป, 240.00 
2321/1,NEODEX CREAM 15g, 18.50 
2987,NEOFENAC-50 50x10s, 192.00 
4229/2,NEOFUSION FISH OIL 30s, 124.50 
1645,NEO-PENOTRAN FORTE 1x7s, 312.00 
2763,NEOPHEN 1000s, 109.00 
1564/6,Neoplast ALCOHOL PAD 200ซอง, 139.00 
1321/7,NEOPLAST CLEAR PLASTIC BANDAGE 100s พลาสเตอร์ใส(กล่อง), 45.00 
2373,NEOPLAST-S 1x100p พลาสเตอร์ผ้า มีโปรซื้อเยอะ, 36.25 
1846/2,NEORICIN 1000s, 124.00 
3371,NEOTICA 20mg 1x10s มีโปรซื้อเยอะ, 15.50 
904,NEOTICA BALM CREAM 100g, 92.00 
906,NEOTICA BALM CREAM 30g, 35.25 
905,NEOTICA BALM CREAM 60g, 65.75 
909,NEOTICA COOL 30g, 36.25 
909/60,NEOTICA COOL 60g, 62.75 
ก.พ.-41,NEROXIN 300mg10x10s, 237.00 
101/7,NERVICA75 เนอร์วิกา 4x14s (pregabalin), 402.00 
101/16,NERVICAเนอร์วิกา 150 4x14s (pregabalin), 587.00 
80/24,NERVIN 300mg 10x10s, 192.00 
1412850/5,NESTLE BOOST GLUCOSE CONTROL 800g ไม่มีน้ำตาลทราย, 915.00 
1412850/4,NESTLE BOOST OPTIMUM 800g, 814.00 
1412850/15,NESTLE BOOST ธัญพืช 800g (กระป๋อง), 767.00 
1412850/8,NESTLE NUTREN JUNIOR 400g (กระป๋อง), 415.00 
1412850/11,NESTLE PEPTAMEN 400g, 795.00 
1412850/14,NESTLE S-26 GOLD HA 380g ขาว-ทอง-ม่วง ภูมิคุ้มกัน, 372.00 
1412850/9,NESTLE S-26 GOLD LACTOSE FREE 400g ทอง-ฟ้า (กระป๋อง), 310.00 
13172,Net Gauze ผ้าก๊อซฝ้าย 2นิ้วx2นิ้ว, 27.00 
13173,Net Gauze ผ้าก๊อซฝ้าย 3นิ้วx3นิ้ว มี22/4, 48.00 
13174,Net Gauzeผ้าก๊อซฝ้าย 4นิ้วx4นิ้ว มี22/4, 71.00 
4024/6,NEUGABA 300mg 6x10s, 295.00 
80/3,NEUPENTIN 300mg 10x10s, 202.00 
80/4,NEUPENTIN 400mg 10x10s เม็ด, 345.00 
80/5,NEUPENTIN 600mg 10x10s, 421.00 
101/17,NEURICA 150mg [เบอร์ลิน], 952.00 
101/18,NEURICA 75mg [เบอร์ลิน], 592.00 
912,NEUROBION 25x10s มีโปรซื้อเยอะ," 1,264.00 "
912-1,NEUROBION 5x10s, 260.50 
912-1/3,NEUROBION 6x10s, 271.00 
4024,NEURONTIN 100mg 10x10s," 1,558.00 "
4024/3,NEURONTIN 300mg, 869.00 
3249,NEUVIPLEX 3x10s, 45.00 
2-459,NEWBORN 150g ใหญ่ ศรีจันทร์, 35.00 
2-459/1,NEWBORN BABY 50g ศรีจันทร์, 38.00 
678/3,New Kresslex 125 dry 60ml, 24.50 
903500/14,new MOXCILLIN 500mt AU 500s (เขียว-ฟ้า), 453.00 
914,NEWPHARVIT PLUS 100s, 93.75 
915,NEWPHARVIT TABLETS 100s, 66.25 
8145,NEXCARE ACNE 12dots กล่องชมพู แผ่นแปะสิว, 59.00 
8145/4,NEXCARE ACNE 30dots กล่องฟ้า แผ่นแปะสิวแบบบาง, 86.00 
8145/10,NEXCARE ACNE DRESSING 4x7s กล่องสีม่วง, 44.00 
319/7,NEXCARE COLD HOT THERAPY PACK MASK, 120.00 
3794,NEXIUM 20mg 14s, 519.00 
3793,NEXIUM 40mg 14s, 749.00 
3906/5,NEXT HEALTH MASK หน้ากากอนามัย3ชั้น 1x50p สีขา, 36.50 
3905/5,NEXT HEALTH MASK หน้ากากอนามัย3ชั้น 1x50p สีเขียว, 36.50 
3903/1,NEXT HEALTH MASK หน้ากากอนามัย3ชั้น 1x50p สีชมพู, 36.50 
13950/1,NEXT HEALTH MASK หน้ากากอนามัย3ชั้น 1x50p สีดำ, 36.50 
131450/2,NEXT HEALTH MASK หน้ากากอนามัย3ชั้น 1x50p สีฟ้า, 36.50 
50006,NEXT HEALTH PRO GLOVES ถุงมือมีแป้ง L, 106.00 
50005,NEXT HEALTH PRO GLOVES ถุงมือมีแป้ง M, 106.00 
50004,NEXT HEALTH PRO GLOVES ถุงมือมีแป้ง S, 106.00 
1667/5,NEXT HEALTH THERMOMETER DIGITAL NH-201 ปรอทปลายอ่อน, 50.00 
119/3,NICLOSAMIDE 500mg 1000s นิโคลซาไมล์," 1,010.00 "
119/2,NICLOSAMIDE 500mg 25x4s, 169.00 
3-384,NICOMILD-2 7x9s หมากฝรั่งเลิกบุหรี่, 236.00 
3-384/1,NICORETTE COOLMINT 2mg 15s, 109.00 
3-384/2,NICORETTE COOLMINT 4mg 15s, 163.50 
3-384/3,NICORETTE INVISIPATCH 10mg 7s, 680.25 
3-384/4,NICORETTE INVISIPATCH 15mg 7s, 680.25 
3-384/5,NICORETTE INVISIPATCH 25mg 7s, 680.25 
3778/1,NIFELAT-R 20MG 10x10s, 139.00 
924-1,NIKARIN ORAL GEL 10g, 32.25 
292/1,NIKP-Bisoprolol 2.5mg 10x10s, 332.00 
2-93/4,NIKP-Bisoprolol 5mg 10x10s, 438.00 
4092/7,NIKP-LEVOFLOXACIN OPHTHALMIC SOLUTION 0.5%, 102.50 
2-990/1,NIKP-Manidipine 10mg 10x10s [madiplot], 485.00 
2998/3,NIKP-Manidipine 20mg 10x10s [madiplot] **ขึ้น595, 510.00 
2998/8,NIKP-Pitavastatin 2mg 10x10s," 1,542.00 "
1832,NINAZOL CREAM 5g, 20.50 
1251,NINAZOL SHAMPOO 100ml, 51.50 
1833,NINAZOL TABLETS 10x10s, 154.00 
2133/10,NIPRO IV CATHETER 18Gx1.1/4นิ้ว เขียว, 568.00 
2133/11,NIPRO IV CATHETER 22Gx1นิ้ว ฟ้า, 568.00 
2133/9,NIPRO IV CATHETER 24Gx1นิ้ว, 568.00 
2133/8,NIPRO IV CATHETER 24Gx3/4นิ้ว, 568.00 
2133/6,NIPRO SCALP VEIN 24Gx3/4นิ้ว ม่วง, 269.00 
2133/7,NIPRO SCALP VEIN 25Gx3/4นิ้ว ส้ม, 269.00 
2133/2,NIPRO TUBERCULIN SYRINGE 1mL TB 27Gx0.5นิ้ว ถอดหัวได้, 259.00 
2133,NIPRO U-100 INSULIN SYRINGE IN 27Gx0.5นิ้ว, 259.00 
2133/5,NIPRO U-100 INSULIN SYRINGE IN 29Gx0.5นิ้ว, 259.00 
13620/4,NIPRO สายน้ำเกลือ IV SET AIRVENT 0.8x38mm 20Drops/ml, 12.00 
13620/3,NIPRO สายน้ำเกลือ IV SET INFUSION 0.8x38mm 20Drops/ml, 14.00 
3907/10,NITE CAP 50mg 10x10s, 313.00 
128/20,NITROFURANTION 100mg 50x10s [inpac pharma]," 1,075.00 "
917-1,NIZORAL CREAM 15g **ใหม่130บ, 127.00 
923/1,NIZORAL DERMA DAILY SHAMPOO รังแค 200ml, 318.00 
922,NIZORAL SHAMPOO 100ml, 193.00 
923,NIZORAL SHAMPOO 200ml, 345.00 
921/1,NIZORAL SHAMPOO 2% SOLUTION 50ซองx6ml, 479.00 
921,NIZORAL SHAMPOO 50ml, 111.50 
1043/1,Nizzy Spray 18ml ISOTONIC Daily nasal spray Klean&Kare (ขวด), 56.00 
482,N.L DOXY CAPSULES 50x10s, 370.00 
875,N.L GESIC BALM 30g, 17.25 
1072,NOFLOX-400 10x10s, 121.00 
2212,NOFLOX-400 500s (เม็ดขาว), 444.50 
1526/5,NOPAN 50x10s (เม็ดกลมส้ม), 228.00 
3177,NORA 1x10s บ ขาด, 37.50 
4701,NORA CREAM 10g, 36.50 
4700,NORA CREAM 5g บ ขาด, 23.25 
1526/19,NORAPHEN 500s เม็ดรีเหลือง, 292.00 
1526/20,NORAPHEN 50x10s เม็ดรีเหลือง, 435.00 
3623,NORA SHAMPOO 100ml, 131.00 
3622,NORA SHAMPOO 50ml บ ขาด, 76.25 
2135,NORCA 10x10s, 212.00 
1072/4,NORFCIN-400 1x12x10s (norfloxacin), 182.00 
4056/4,NORFED 1000s เม็ดกลมฟ้า, 685.00 
4056/7,NORFED 100x10s เม็ดกลมฟ้า, 735.00 
933/1,NORFLOX-100 500s, 155.00 
933/2,NORFLOX-200 500s, 255.00 
934/20,NORFLOXACIN 400mg 1x6s [ชุมชน] บ ขาด, 14.25 
934/21,NORFLOXACIN 400mg 50x10s [ชุมชน], 755.00 
933,NORFLOXIN 400 500s (เม็ดชมพู), 507.00 
935,NORFLOXIN 400mg 10x10s, 139.00 
934,NORFLOX OSOTH 400mg 10x10s, 141.00 
602,NORFLOX RX 400mg 25x10s, 371.00 
1072/2,NORFLOXSTAR 400 50x10s, 611.00 
1526,NORGESIC 2x10s, 57.00 
2415/4,NORMAGUT 1x10s MEGA, 185.00 
07903/5,NORMETEC 10/40mg 30s, 875.00 
07903/3,NORMETEC 5/20mg 30s, 589.00 
07903/7,NORMETEC 5/40mg 30s, 875.00 
2135/1,NORTERONE 10x10s, 235.00 
3140/4,Nortriptyline GPO 25mg 100x10s," 1,592.00 "
2-129/1,NORVASC 10mg 3x10s *โปรดูวัน exp, 919.00 
2-129,NORVASC 5mg 3x10s รอ lot. ใหม่, 572.00 
2-814/21,NORXACIN 400mg 1x8s, 41.75 
8118,NOSE FROSSY NEBULIZER 0.05% 14ml, 53.50 
919120/1,NOSMEN 120mg 1x5s, 84.00 
2-560,NOXA 20 1x10s, 10.50 
1769,NOXZY 1x4s, 6.42 
2078/8,NSS 0.9% AMPULE sos 5mlx10s น้ำเหลือแบบหลอด, 32.00 
2078/5,NSS 0.9% SODIUM CHLORIDE AMPULE 10ml ป้ายชมพู, 7.00 
2078/4,NSS 0.9% SODIUM CHLORIDE AMPULE 3ml ป้ายฟ้า, 5.25 
2078/9,NSS 0.9% SODIUM CHLORIDE INJECTION น้ำเกลือฉีด 100ml OSUKA, 16.50 
2078/1,NSS 0.9% SODIUM CHLORIDE INJECTION น้ำเกลือป้ายเหลือง 100ml, 16.20 
2078,NSS SODIUM CHLORIDE IRRIGATION น้ำเกลือปากกว้างป้ายเหลือง 1000ml, 30.60 
2078/6,NSS ฉลากแดง 0.9% 100ml SODIUM CHLORIDE INJECTION น้ำเกลือฉีด ANB, 15.00 
1798/10,NSS น้ำเกลือปากกว้าง SOS ดัมเบล 1000ml, 36.00 
4207/17,NUCOXIA 90mg 3x10s, 141.50 
945,NUELIN-SR 200mg 100s, 197.00 
1174/11,NUHAIR-3 60ml ขวดแก้ว, 427.00 
1174/1,NUHAIR-5 30ml ขวดแก้ว, 279.00 
1174,NUHAIR-5 60ml ขวดแก้ว, 491.00 
1174/2,NUHAIR ANTI-HAIR FALL SHAMPOO 200ml, 124.00 
3708/11,NUOSIC 50x10s เม็ดกลมชมพู, 355.00 
3708/10,NUOSIC 50x10s เม็ดสี่เหลี่ยมเขียว, 355.00 
4267,NURASIC 500s, 204.00 
3708,NURASIC 50x10s, 229.75 
232,NUROFEN FOR CHILDREN 60ml, 122.00 
1886,NUROFEN ZAVANCE 400mg 1x10s, 135.50 
1763,NURSE ตรานางพยาบาล สำลีก้อน 10g, 4.95 
1757,NURSE ตรานางพยาบาล สำลีก้อน 40g, 13.25 
3-พ.ค.,NURSE ตรานางพยาบาล สำลีก้อน ขนาด0.35g 450g, 93.00 
1756,NURSE ตรานางพยาบาล สำลีแผ่น 40g, 17.35 
1758,NURSE ตรานางพยาบาล สำลีม้วน 120g, 32.25 
1759,NURSE ตรานางพยาบาล สำลีม้วน 25g, 7.50 
08045/17,NUTRA ASTA ASTAXANTHIN 6mg 30s, 336.00 
9998/30,NUTRA KRILLoil 30s บำรุงข้อต่อ [omega3], 399.00 
2-399/1,NUTRIV BIOTIN ZINC PLUS 30s *ใหม่ 218.75, 204.00 
949,NUTROPLEX OLIGO PLUS 100ml **ขึ้น152, 142.00 
2162/2,NYST ORAL SUSPENSION 12ml *ใหม่36.50, 34.00 
3600/100,N-ZEN 50mg 100x10s," 1,320.00 "
3600,N-ZEN 50mg 12x10s, 166.00 
13282/4,N-zen Band ยืดได้ [ทีซี] มีหูแขวน 5cm*2m คละสี (ก12ชิ้น แบ่งขาย) (อัน), 23.50 
13282/1,N-zen FirstBand 1นิ้ว*5หลา ผ้าพันแผล ยึดติดเอง [ทีซี] สีน้ำตาล (ม้วน), 29.25 
13282/2,N-zen FirstBand 2นิ้ว*5หลา ผ้าพันแผล ยึดติดเอง [ทีซี] คละสี (ม้วน) มีซื้อเยอะ, 48.25 
13282/3,N-zen FirstBand 3นิ้ว*5หลา ผ้าพันแผล ยึดติดเอง [ทีซี] คละสี (ม้วน), 58.00 
3601,N-ZEN GEL 1% 30g, 28.00 
3602,N-ZEN GEL 1% 60g, 41.75 
951,OBIMIN-AZ 60s, 213.00 
2189/6,O.B.PROCOMFORT REGULAR ผ้าอนามัยแบบสอด 1x8ชิ้น, 59.50 
2189/5,O.B.PROCOMFORT SUPER ผ้าอนามัยแบบสอด 1x8ชิ้น, 69.25 
296/14,OCID 1x10 20mg (omeprazole), 17.00 
296/13,OCID IV INJ 40mg (omeprazole) บ ขาด, 45.00 
468/10,OcuFRESH DP 10ml, 65.00 
405/2,OCUSOFT LID SCRUB ORIGINAL FOAM 50ml, 285.00 
405/3,OCUSOFT LID SCRUB PLUS FOAM 50ml, 433.00 
405/4,OCUSOFT plus pad 1x30s Lid scrub, 539.00 
1099/1,OESTROGEL 80g [17B estradiol], 245.00 
1531/4,OFACIN 200mg 10x10s, 123.50 
1531/5,OFLOCEE 200mg 10x10s, 215.00 
9-ก.พ.,OILATUM GENTLE CLEANSING HEAD TO TOE WASH 300ml ปลาหมึก, 207.00 
9-มี.ค.,OILATUM SOOTHING MOISTURE RICH CREAM 200g กระต่าย บ ขาด, 209.00 
07903/6,OLMETEC 20mg 30s (olmesartan), 589.00 
07903/2,OLMETEC 40mg 30s (olmesartan), 835.00 
7903,OLMETEC PLUS 20/12.5mg 30s, 608.00 
3595/6,OMACOR 1000mg 28s," 1,017.00 "
3708/2,OMADINE 500s (เม็ดรีชมพูไข่), 236.00 
681/4,OMELIN NASAL Spray 0.05% (oxymetazoline), 46.00 
296,OMEPRAZOLE GPO 10x10s, 67.00 
296/4,OMESAN 1000s (ส้ม-เหลือง) มีโปรซื้อเยอะ, 595.00 
296/3,OMESAN 50x10s (เม็ดส้ม-เหลือง) *มีโปรซื้อเยอะ, 413.00 
296/12,OMESEC 20mg 2x7s, 25.25 
296/6,OMEZOLE 20mg 1x14s โอมีโซล, 21.00 
ก.พ.-60,OMICAP 20mg 10x10s มีโปรซื้อเยอะ บ ขาด, 56.50 
3450/5,O-MOXTIN ES 50ml รส STRAWBERRY, 271.00 
1412400/6,ONCE DIALYZE 400g วนิลลา (Otsuka) นมโรคไต ระยะล้างไต, 379.00 
5556/2,ONE GERD 12ซองx10ml **ใหม่224, 113.00 
5554/2,ONEGERD 150ml, 134.00 
954/9,ONELORA SYRUP 60ml SF รสสตอเบอร์รี่ Rx, 79.00 
3,one-six-twelve 100s [GPO] (ขวด), 59.00 
93960,ONE-SIX-TWELVE FORTE 25x10s, 455.00 
1543/9,ONE-TREX 10x10s วัน-เทร็กซ์, 79.00 
1543/2,ONE-TREX SYRUP 60ml, 16.75 
858/2,ONSIA 4mg 1×10s, 96.50 
858/1,ONSIA 8mg 1×10s, 123.50 
4358,ONZET POWDER FOR ORAL SUSPENSION 200mg/5ml 15ml (เชอรี่), 85.50 
296,OPADOPH 0.1% 5ml, 168.00 
4204/1,OPHTOCIN 0.3% 5ml, 89.00 
1839,OP-IZE ANB 110ml ล้างตา (ขวด), 28.50 
3285/6,O PLUS 120ml (ส้ม) **ขึ้น53, 48.50 
957,OPPLIN STERILE EYE WASH 100ml, 26.00 
2806,OPSA-HIS STERILE EYE DROP, 23.50 
959,OPSAR 100ml กลาง ออฟซ่าร์ ล้างตา, 25.00 
1792,OPSARDEX EYE EAR DROPS 5ml มี, 21.00 
1785,OPSAR หยอดตา สีฟ้า, 16.25 
1502,OPSIL-A 10ml, 32.00 
2399,OPSIL TEARS 10ml, 33.00 
4338/2,OPTAMIN 3x10s, 409.00 
07942/1,OPTI-FREE PURE MOIST 90ml [ALCON] (ก.1ขวด), 116.50 
7942,OPTI-FREE REPLENISH 300ml [ALCON] (ก.1ขวด), 205.50 
3678/4,OPTIVE FUSHION 10ml, 302.00 
3678/5,OPTIVE FUSHION UD 30x0.4ml, 397.00 
3678/3,OPTIVE MD 15ml, 155.00 
3676/3,OPTIVE UD LUBRICANT EYE DROPS 30หลอดx0.4ml, 267.00 
1985/2,OPTIVIS oph ointment ป้ายตา 5g (Chloramphenicol), 15.25 
1383/1,ORACORTIA 5g ป้ายปาก, 34.25 
1383/2,ORACORTIA ซอง 1g ป้ายปาก (triamcinolone) รสมิ้น, 10.00 
1526/10,ORANO 50x10s, 436.00 
133101/1,OREX STERICOTT สำลีชุบแอลกอฮอล์ 1x8s, 8.25 
1564/7,OREX STERIPAD 100ซอง 4x8cm, 92.00 
1564/8,OREX STERIPAD 200ซอง 4x8cm, 186.00 
2634,ORMIST 1x10s, 17.25 
2635,ORMIST 60ml (รสเชอรี่), 31.00 
3708/1,ORNADINE 50x10s (เม็ดรีชมพูไข่), 276.00 
567/3,OROFER 5x2x10s, 745.00 
1526/60,ORPHENA-50 10x10s (เม็ดกลมขาว) [ชุมชน], 91.00 
2-631,O-SID CAPSULE 1x14s, 57.00 
1526/11,OSPHRINE 50mg 10x10s, 95.00 
2469/1,OSTAREN 50mg 1000s, 425.00 
3795/5,OSTEOTIN 1500mg 30ซอง, 205.00 
3795/6,OSTEOTIN 500mg 10x10s, 199.00 
2367/1,OTAGIL 10mg 3x10s, 250.00 
9997/6,Otosense Ear Cleansing Solution ทำความสะอาดหู-กำจัดไรหู 100ml, 190.00 
9997/5,Otosense Ear Cleansing Solution ทำความสะอาดหู-กำจัดไรหู 50ml, 110.00 
6,OTRIVIN CHILD SPRAY 0.05%10ml (เด็ก), 124.75 
7,OTRIVIN SPRAY 0.1% (ผู้ใหญ่) *มีโปรซื้อเยอะ, 133.25 
3563,OTSUKA SODIUM CHLORIDE IRRIGATION NSS น้ำเกลือปากกว้าง 1000ml, 31.50 
2405/3,OXECURE ACNE DEFENSE PREBIO SERUM 20ml, 256.00 
7781,OXECURE BODY ACNE SPRAY 50ml, 151.00 
7781/2,OXECURE BODY ACNE SPRAY 50ml แถม Sulfur soap, 150.00 
2082/2,OXECURE BODY WASH PH5.5 400ml, 287.75 
1446/1,OXECURE DAILY SUNSCREEN SPF 50+ 30g บ เลิก, 165.00 
2081/3,OXECURE SULFUR SOAP 100g, 103.00 
682/1,OXY DROP 10ml, 30.00 
2916/1,OXYMET 0.025% 10ml บ ขาด, 25.50 
2916,OXYMET 0.05% 15ml, 31.00 
216/10,OXYNOSE SPRAY 0.05% 10ml [ชุมชน], 58.25 
7-ม.ค.,OXY SPRAY 15ml, 59.50 
13293/1,P1 60x70mm SOFT PAD, 32.50 
1321/2,P1 (SOS MM01 มินเนี่ยน) พลาสเตอร์PE ปิดแผล 8ชิ้น Plaster MINIONS (กล่อง) บ ขาด, 12.50 
1321/15,P1 (SOS MM02 มินเนี่ยน) พลาสเตอร์PE ปิดแผล 8ชิ้น Plaster MINIONS, 12.50 
13293/2,P2 60x100mm SOFT PAD, 32.50 
13293/3,P3 80x100mm SOFT PAD, 39.00 
13293/4,P4 100x120mm SOFT PAD, 39.00 
345/1,PAINELIEF COOL GEL 30g มีโปรซื้อเยอะ, 65.00 
345/2,PAINELIEF COOL GEL 60g มีโปรซื้อเยอะ, 103.00 
91212/2,PAINEX 200mg 3x10s, 143.75 
2-608/1,PAINEX 400mg 3x10s, 229.00 
91171/2,PAINNOX 50x10s, 429.00 
2-726/3,PAINZA CREAM 50g, 52.00 
4124/2,PALOC LOTION 30ml, 17.00 
2091,PANADOL ACTIFAST 1x10s, 35.50 
2090,PANADOL CHILDREN 250mg/5ml 60ml (รสส้ม), 57.00 
4303/3,PANTOPRAZOLE T.O. 40mg 14s, 342.00 
4303/5,PANTOR 20mg 3x10s, 491.00 
4303/4,PANTOR 40mg 3x10s, 652.00 
1006/5,PARACAP325mg 50x10s, 232.00 
1006,PARACAP500mg 50x10s มีโปรซื้อเยอะ, 374.00 
1005,PARACAP ขวด100s, 50.25 
1005/50,PARACAP ขวด50s, 32.00 
1006/6,PARACE BLUE 500mg 100x10s เม็ดรีฟ้า *ใหม่465, 422.00 
859/1,PARACETAMOL 500mg 1000s (ฟ้ารี) [inpac pharma], 242.00 
2002,PARACETAMOL 500mg AU 100s (เม็ดขาวกลม)**ราคาพิเศษ**, 19.75 
1316/3,PARACETAMOL SYRUP 120mg/5ml 60 ml SSP เหลือง, 15.00 
1316/2,PARACETAMOL SYRUP เจ็ดดาว 250mg/5ml หน้าเด็ก รสเชอร์รี่, 21.25 
2459/4,PARACETAMOL TABLETS 1000s (เม็ดขาว) SSP, 215.00 
1064/3,PARACETAMOL TABLETS 100s (ฟ้า-ขาว) ssp *มีโปรซื้อเยอะ บ ขาด, 18.75 
2459/3,PARACETAMOL TABLETS 100s (เม็ดขาว) ssp มีโปรซื้อเยอะ, 16.75 
4003/1,PARACETAMOL TABLETS 50x10s (ฟ้า-ขาว), 192.50 
2206,PARACETAMOL TABLETS NL 1000s (ชมพู-เหลือง), 274.00 
2458/2,PARACETAMOL TABLETS เยาวราช 50x10s (เม็ดฟ้า-ขาว), 268.50 
1/1/2459,PARACETAMOL TABLETS เยาวราช ขวด100s (เม็ดฟ้า-ขาว), 30.00 
2-510,PARADINE 500s, 174.75 
2091/2,PARA FAST ACTIV 500mg 25x10s มีโปรซื้อเยอะ, 363.00 
2458/7,PARAGEN 500mg 50x10s, 236.00 
2078/7,PARAMOL INJECTION พาราฉีด 300mg/ml 2mlx50s บ เลิก, 315.00 
1202/2,PARICHAT SENNA ปาริฉัตร 3x10s มะขามแขก (ก.3แผง), 27.75 
4272,PARIET 20mg 1x14s, 596.00 
1709/10,Pastel JELLY BALM 8g, 33.50 
00296/1,PATADAY 0.2% 2.5ml, 395.00 
2725,PATAR COD LIVER OIL 1000s, 439.00 
1570,PATAR COD LIVER OIL 60s ตับปลา, 45.25 
1431/1,PATAR UNISON ENEMA สวนทวาร 10x20ml, 55.50 
2458/3,PATBLU 100s (เม็ดกลม), 55.75 
2458/1,PATBLU 50x10s, 353.00 
731,PAYAYOR CREAM 10g ครีมพญายอ, 20.00 
4092/10,PEMIROX Potassium 0.1% OPHTHALMIC : ตาอักเสบ, 100.00 
1022,"PENCILLIN ANB 500,000 เพนวี 5แสน *มีโปรซื้อเยอะ", 17.10 
4172,PENCOR 2mg 10x10s, 193.00 
4172/4,PENCOR 4mg 10x10s, 266.00 
296/97,PEPDENAL-40mg 20x10s, 205.00 
296/101,PEPFAMIN 20mg เหลี่ยมเหลือง 10x10s, 167.50 
4380/3,PEPPERMINT FIELD BALM GEL 8G สีฟ้า (ตลับ), 39.25 
1038,PERIACTIN 50x10s, 392.00 
1826/5,PERIDONE 500s (ขาวสี่เหลี่ยม) [บูรพา], 106.50 
1826/6,PERIDONE 50x10s (ขาวสี่เหลี่ยม) [บูรพา], 165.00 
2-529,PERSKINDOL CLASSIC GEL 100ml เหลือง มีโปรซื้อเยอะ, 189.00 
2-528,PERSKINDOL CLASSIC SPRAY 150ml (เหลือง), 215.00 
2-531,PERSKINDOL COOL GEL 100ml ฟ้า มีโปรซื้อเยอะ, 180.00 
2-530,PERSKINDOL COOL SPRAY 250ml (ฟ้า) มีโปรซื้อเยอะ, 194.00 
50050/1,Peurii anti acne gel 8g, 164.00 
2405/4,Peurri Acne Cleanser 100ml ล้างหน้า, 174.50 
711/4,P-FEN 600 เม็ดรีสีฟ้า 50x10s, 575.00 
3824/18,P-FEN PLUS 10x10s, 178.00 
4221/1,PHARPROXIN 500mg 10x10s เม็ดรีชมพู [ชุมชน], 263.00 
2011/2,PHEMINE 25x10s, 192.00 
4205/2,PHENODEX inj ฉีด 1mlx50s, 165.00 
3633/2,PHILOSOFT LEGBEAU 25g สีชมพู เส้นเลือดขอด, 137.00 
3633/1,PHILOSOFT PLUS 50g สีม่วง ทาส้นเท้าแตก, 108.00 
2261/5,PHILOSOFT UREA-MOIST CREAM 60g, 84.00 
3859/1,PHIL VOLTE CREAM 10g, 30.50 
681/1,PHINDROZ NASAL Spray 0.05% 10ml, 60.50 
1050,PHYSIOGEL DAILY MOISTURE คลีนเซอร์ น้ำ 150ml ฟิสิโอเจล, 185.00 
1052/1,PHYSIOGEL SOOTHING CARE A.I. CREAM 100ml แดง, 821.00 
1052,PHYSIOGEL SOOTHING CARE A.I. CREAM 50ml แดง, 536.50 
2624/1,PHYTO CARE GPO ไฟโตแคร์ ขมิ้นชัน 500mg แคปซูล 10x10s, 142.00 
1108/2,PINRONE 5mg10x10s, 263.00 
3-005/2,PIPCIMET400 50x10s, 680.00 
1186,PIPFORMIN 500 50x10s, 225.00 
1819,PIP MINOX 5mg 100s, 107.00 
1289/1,PIPNASO SYRUP 60ml (เปลือย), 12.50 
3777,PIRCAM 20mg 1x10s มีโปรซื้อเยอะ, 22.00 
912206/1,PIROCK-20 1000s (เม็ดฟ้า-เหลือง), 357.00 
912206/2,PIROCK-20 1x10s (เม็ดฟ้า-เหลือง) มีโปรซื้อเยอะ, 9.50 
912206/3,PIROCK-20 50x10s (เม็ดฟ้า-เหลือง), 287.00 
91510/6,PIROXHIM FORTE 20mg 1000s (เม็ดสีชมพูยาว), 435.00 
91510/8,PIROXHIM FORTE 20mg 1000s (เม็ดสีฟ้า-เหลือง), 435.00 
2-371/2,PIROXICAM 20mg 500s Rx เม็ดยาวแดง [ชุมชน], 327.00 
2-371/1,PIROXICAM 20mg 50x10s เม็ดยาวแดง [ชุมชน], 412.00 
2-371,PIROXICAM-FORTE 20mg 1x10s *มีโปรซื้อเยอะ, 9.75 
912204/1,PIROX-MAN 10mg 1000s (กลมขาวD), 142.00 
912203,PIROX-MAN 10mg 1000s (เม็ดกลมสีส้ม), 142.00 
912205,PIROX-MAN 10mg 1000s (เม็ดกลมสีเหลืองC), 142.00 
912204,PIROX-MAN 10mg 1000s (เม็ดรีสีม่วงR), 143.00 
912206,PIROX-MAN 10mg 1000s (เม็ดสี่เหลี่ยมสีเหลือง), 142.00 
2-726/4,PIROXONE 20mg 50x10s, 399.00 
2-726/1,PIROXONE GEL 30g, 24.50 
17715/2,PLAIRENIX CREAM 30g KMP, 57.00 
177100,PLAIVANA CREAM 100g ไพลวาน่า, 194.00 
17715,PLAIVANA CREAM 15g ไพลวาน่า, 39.00 
17735,PLAIVANA CREAM 35g ไพลวาน่า, 84.00 
17715/4,PLAIVANA SPRAY 100ml ไพลวาน่า, 145.00 
2838/3,PLANIL 2X GEL 30g 130บ, 70.50 
3475,PLAVIX 14s," 1,175.00 "
2303,PLENDIL 10mg 30s **ขึ้น510, 505.00 
2302,PLENDIL 5mg 30s, 362.00 
101/14,POBALIN 150 8x7s, 365.00 
101/12,POBALIN 50 8x7s, 199.00 
101/22,POBALIN 75 8x7s, 278.00 
07969/1,POCKET TABLES BOX [Dr.phillips] ดร.ฟิลิป ที่ตัดยาเม็ด แบ่งเม็ดยา, 35.00 
2159,POLAR SPRAY 280ml ยูคาลิป สเปรย์ ฝาฟ้า [ตราหมี] (ขวด), 185.00 
2159/3,POLAR SPRAY 80ml ยูคาลิป สเปรย์ ฝาฟ้า [ตราหมี], 90.00 
2159/6,POLAR SPRAY 80ml รุ่นInnocence ยูคาลิป สเปรย์ ฝาขาว [ตราหมี], 90.00 
4366/1,POLIBROXOL 50x10s, 188.50 
1531/6,POLI-CIFLOXIN 250mg 50x10s, 665.00 
1531/7,POLICIFLOXIN 500mg 10x10s, 199.00 
4150/1,POLICOXIA 60 3x10s, 121.00 
4150/2,POLICOXIA 90 3x10s, 149.00 
3893/1,POLIDENT FLAVOUR FREE 20g กาวติดฟันปลอม, 92.25 
3893,POLIDENT FRESH MINT 20g กาวติดฟันปลอม, 92.25 
3894,POLIDENT FRESH MINT 60g กาวติดฟันปลอม, 214.00 
3894/4,POLIDENT MAX HOLD&SEAL MILD MINT 40g 12hr, 212.00 
8210/2,POLIDENT PRO RETAINER 30s, 143.50 
8210,POLIDENT เม็ดฟู่ทำความสะอาด 30s, 119.25 
1116,POLIDINE SOLUTION 10% 30ml, 172.00 
1115,POLIDINE SOLUTION 10% 450ml, 114.00 
1535/14,POLILERGY 5mg 10x10s (levocetirizine), 345.00 
1535/13,POLILERGY 5mg 1x10s (levocetirizine), 40.25 
2-410/5,POLIZINE 25mg 25x10s (hydroxyzine), 173.00 
4158,POLKA CRACKED HEEL CREAM 25g, 41.25 
128/1,POLYCIN OINTMENT 20g, 20.00 
1071,POLY-OPH EYE DROPS 12x5ml, 282.00 
3140/1,POLYTANOL 10mg 50x10s **ขายขาด, 153.00 
1082,PONSTAN 500 1x10s *มีโปรซื้อเยอะ, 43.00 
8074,PORMUS 50x10s มีโปรซื้อเยอะ, 441.00 
753/2,POSE-JEL 50g สูตร K-Y, 36.50 
4451/5,Poshmedica โพรไบโอติก c Hair มังคุด (ก.6ซอง), 146.50 
4451/3,Poshmedica ไฟเบอร์ มะขาม 15000mg (ก.6ซอง), 114.00 
4451/4,Poshmedica ไฟเบอร์ มะนาว (ก.6ซอง), 148.00 
2135/2,POSPOND 1x10s, 38.50 
172/2,POVIDINE T.MAN SOLUTION 15ml, 135.00 
173/2,POVIDINE T.MAN SOLUTION 30ml, 200.00 
173/3,POVIDINE [บุคคโล] 12x30ml, 196.00 
4196/1,Povidone-iodine 12x15ml ตราพระเจดีย์ มีโปรซื้อเยอะ, 129.00 
1116/1,Povidone lodine Solution GPO 10% 30ml, 34.25 
2620,POX 109 1x10s, 19.50 
3047,POY-SIAN พิมเสนน้ำ ตราโป๊ยเซียน (ขวดแบนแก้ว) 12x3cc, 172.00 
3048,POY-SIAN พิมเสนน้ำ ตราโป๊ยเซียน (ลูกกลิ้ง) 12x5ml, 291.00 
3046,POY-SIAN พิมเสนน้ำ ตราโป๊ยเซียน (สำลี) 12x8cc, 213.50 
1709,POY-SIAN ยาดม ตราโป๊ยเซียน (หลอด), 14.17 
3694/6,Prabenguard for Cats 10x10s, 130.00 
3694/5,Prabenguard Plus for Dogs 20s, 145.00 
3430/1,PRASIKON 600mg 100s, 590.00 
5169,PRECARE CASSETTE ชุดตรวจครรภ์ (ชนิดหยด), 16.00 
5168,PRECARE ชุดตรวจครรภ์ (ชนิดจุ่ม) (ก.แดง) บ ขาด, 7.50 
101/3,PRECIUS 75mg 6x10s BKD, 349.00 
97415/2,PRED FORTE EYE DROP 1% 5ml, 89.00 
1088,PREDNISOLONE CREAM GPO 15g, 24.25 
1086,PREDNISOLONE-N CREAM 15g, 33.75 
1086/1,PREDNISOLONE TABLETS 5mg 500s (เม็ดชมพู5เหลี่ยม), 230.00 
97504,Pred Oph EYE-EAR Drops 4ml **แบ่งขาย, 27.50 
101/9,PREGABALIN SANDOZ 75mg 8x7s *มีโปรซื้อเยอะ ถึงมิย69**," 1,022.00 "
101/8,PREGABALIN TEVA 75mg 4x14s มีโปรซื้อเยอะ, 429.00 
3555/2,PREME NOBU CLEANSING GEL 30g, 86.50 
3555/3,PREME NOBU CLEANSING GEL 75g, 173.00 
3554,PREME NOBU FOAM 100g เขียว, 169.00 
3556,PREME NOBU FOAM 30g เขียว, 61.00 
3555,PREME NOBU FOAM 50g เขียว, 96.50 
3557/1,PREME NOBU NATURAL C WHITE 15g บ ขาด, 103.75 
3662,PREME NOBU PINK NATURAL FACE FOAM 100g, 168.00 
3662/1,PREME NOBU PINK NATURAL FACE FOAM 30g, 60.50 
3662/3,PREME NOBU PINK NATURAL FACE FOAM 50g, 96.00 
2-132,PRENOLOL 100mg 10x10s, 97.00 
ก.พ.-27,PRENOLOL 25mg 10s, 4.75 
ก.พ.-28,PRENOLOL 50mg 10x10s, 52.75 
101/13,PRERICA 75mg 6x10s มีโปรซื้อเยอะ, 542.00 
2648/15,PREVACID FDT 15 2x14s, 971.00 
2648/1,PREVACID FDT 30 2x14s มีโปรซื้อเยอะ," 1,715.00 "
1108,PRIMOLUT-N 5mg 2x15s มีโปรซื้อเยอะ, 166.00 
4000/11,PRISTIQ 50MG TABS 2X14s," 1,489.00 "
669/1,PRO ABS 50x10s (charcoal+Magnesium+belladonna+peppermint oil), 535.00 
3217/6,PROBAC7 INTERPHARMA 2gx10ซอง, 395.00 
3217/7,PROBAC7 INTERPHARMA 2gx30ซอง," 1,210.00 "
9114500,PROBUFEN 400 500s (เม็ดกลมชมพู), 273.00 
131,PROBUFEN 400mg 50x10s (เม็ดกลม ชมพู) มีโปรซื้อเยอะ, 280.00 
9113400,PROBUFEN 400mg 50x10s (เม็ดรี ชมพู), 280.00 
710/1,PROBUFEN 600 500s (กลมชมพู), 440.00 
711/1,PROBUFEN 600 50x10s มีโปรซื้อเยอะ, 445.00 
2838/2,PROBUFEN GEL 25g, 36.50 
4427,PROCTASE-P CAPSULES 50x10s **ราคาพิเศษ**, 834.00 
1112,PROCTOSEDYL OINTMENT 15g, 179.00 
3467/1,PROCTYL OINTMENT 10g *ใหม่74บ, 71.00 
3467,PROCTYL SUPPOSITORIES 1x10s, 82.75 
2245/10,PROPOKIDS DINOGANIC REFRESHING MOUTH SPRAY รสน้ำผึ้งมะนาว 15ml, 99.00 
2245/9,PROPOKIDS DINOGANIC REFRESHING MOUTH SPRAY รสสตรอเบอร์รีน้ำผึ้ง 15ml, 99.00 
726/11,PROPOLIZ CANDY POP รสน้ำผึ้งมะนาว 1x10s, 135.00 
7858/6,PROPOLIZ DENTE MOUTH WASH 150ml, 73.00 
07857/3,PROPOLIZ EXTHERB LOZENGE 1x15x8s เม็ดอม, 345.00 
07857/5,PROPOLIZ KID-MOUTH SPRAY 10ml, 78.50 
07857/15,PROPOLIZ KID-MOUTH SPRAY 15ml แบบมีก้าน [T.MAN], 110.00 
7857,PROPOLIZ MOUTH SPRAY 15ml, 80.25 
07857/2,PROPOLIZ PLUS EXTHERB SPRAY 15ml, 107.00 
8159/3,PROPOLIZ X mouth spray กระชายขาว หญ้าดอกขาว กานพลู 15cc *ขายขาด* โพรโพลิซ, 112.00 
8159,PROPOLIZ กระชายขาว สเปรย์ [TMAN] 15cc *ขายขาด* โพรโพลิซ (ก.1ขวด), 106.75 
1945,PROPRANOLOL GPO 10mg 50x10s, 249.00 
2-801/7,PROSPA 500s (PINK เม็ดรีชมพู) กลิ่นสตรอเบอร์รี่, 278.00 
2553/1,PROSPAN COUGH SYRUP 100ml มีโปรซื้อเยอะ, 159.00 
4108,PROSTAT 1mg 3x10s, 179.00 
4108/1,PROSTAT 5mg 3x10s, 220.00 
4172/2,PROSTATIN 2mg 50x10s, 187.00 
2002/3,PROTEMP SUPPOSITORIES 250mg กล่อง12แท่ง, 99.50 
2002/4,PROTEMP SUPPOSITORIES 325mg กล่อง12แท่ง, 111.00 
14211/14,PRO T MIX WHEY PROTEIN 30gx15ซอง (กลิ่นซีเรียล), 918.00 
14211/13,PRO T MIX WHEY PROTEIN 30gx7ซอง (กลิ่นซีเรียล), 433.00 
3234/13,PROTOPIC OINTMENT 0.03% 10g," 1,176.00 "
3234/2,PROTOPIC OINTMENT 0.1% 10g," 1,269.00 "
172202/18,PROTRIVA BLACK SEEDS งาดำสกัดเย็น 30s (ขวด) โปรทริว่า, 221.00 
1249,PROVAMED ACNE RETINOL-A GEL 10g, 108.25 
8096,PROVAMED ACNE SPOT GEL 10g, 108.25 
2748,PROVAMED GLUTA SERUM 30ml, 204.00 
3951,PROVAMED SCAR SILICONE 10g, 236.00 
2759,PROVAMED SUN FACE SPF 50+ PA++++ BEIGE 30g, 180.50 
2758,PROVAMED SUN FACE SPF 50+ PA++++ WHITE 30g, 180.25 
2754,PROVAMED VITAMIN E CREAM SERUM 50g, 124.00 
3217/5,PROZEUS 15 SF probiotic 30ซองx2g, 724.00 
3217/10,PROZEUS 15 SF probiotic ก.เล็ก10ซองx2g, 243.50 
3217/15,PROZEUS PINK SF probiotic เน้นเรื่องผิว ภูมิ ลำไส้ 10ซองx2g รสมิกซ์เบอร์รี่, 243.50 
3217/14,PROZEUS PINK SF probiotic เน้นเรื่องผิว ภูมิ ลำไส้ 30ซองx2g รสมิกซ์เบอร์รี่, 724.00 
2794,PUDIN HARA พูดิน ฮาร่า 10x10s มีโปรซื้อเยอะ บ ขาด, 144.00 
982120/2,PULMICORT RESPULE 0.5mg/2ml (budesonide), 775.00 
982120/5,PULMICORT RESPULE 1mg/2ml (budesonide) อายุยา2ปี," 1,020.00 "
194/12,PURICAS ADVANCE FORMULA ANTI-ACNE GEL 10g, 183.00 
8949,PURICAS DRAGON Blood Scar Gel 3g, 83.00 
194/14,PURICAS DRAGON Blood Scar Gel 8g, 209.00 
194/3,PURICAS Intensive Dark Spot &Ance Scar Gel 8g, 245.00 
194/4,PURICAS Medical Scar Healing Gel silicone 9g, 295.00 
194/9,PURICAS PLUS ADVANCED DRAGON BLOOD C&E SCAR GEL 9g, 265.00 
194/8,PURICAS SCAR GEL 20g, 479.50 
3724/2,PURIDE พูไรด์ 100mg 10x10s, 84.00 
3724/1,PURIDE พูไรด์ 100mg 50x10s, 396.00 
4196,PURIDINE 15mlx12ขวด, 172.00 
4198,PURIDINE 30ml, 212.00 
3005/1,PUROXAN 100 mg/5 ml 100ml, 99.75 
3005/2,PUROXAN 400mg 10x10s," 1,392.00 "
403/5,P-VATE CREAM 15g, 31.25 
404/2,P-VATE CREAM 5g, 18.00 
101/20,PYGABA 150 4x14s (pregabalin), 515.00 
91860/3,PYRACON FORTE SYRUP 250mg 60ml, 27.50 
2-665/2,PYRACON LIQUID 120mg 60ml (สตอเบอรี่), 18.25 
1352,PYRAD-VIOLET 12x15ml *ใหม่7.75บ, 5.92 
3861,PYRAD-VIOLET 450ml สหการ, 39.50 
2459/2,PYRANAR 10x10s (กลมขาว), 69.50 
2459/1,PYRANA ขวด100s (ขาว), 51.50 
9998/20,QCER Powerful Antioxidant & Anticancer 30s [intervetta], 565.00 
3170,Q-C LUBRICATING JELLY 50g, 28.50 
1132/12,QUANTIA 25mg 3x10s, 390.00 
4092/16,QUILLIAN 400 MG 1x5s, 272.00 
4272/1,RABEPRAZOLE SANDOZ 20mg 14s, 344.00 
3795/10,RADIAN G 1500mg รสองุ่น 30ซองx3.95g เรเดียน จี, 329.00 
3186/2,RALEXA 50mg 3x10s, 69.00 
1006/3,RAMOL 100x10s (paracetamol), 315.00 
1006/4,RAMOL SUSPENTION 120mg 60ml มีโปรซื้อเยอะ, 18.25 
2459/5,RAMOL ขวด100s (เม็ดขาวรี) (paracetamol) *มีโปรซื้อเยอะ, 18.25 
4392/1,RANCELEX 200mg 1x10s มีโปรซื้อเยอะ, 48.50 
4392,RANCELEX 200mg 3x10s, 137.00 
668,RANCLAV 1g 10x2s มีโปรซื้อเยอะ, 135.50 
668/1,RANCLAV 1g 3x4s มีโปรซื้อเยอะ, 75.50 
607/4,RANCLAV DRY 228.5mg 70ml (โยเกิรตสตอเบอรี่), 105.00 
607/5,RANCLAV DRY 457mg 70ml (โยเกิรตสตอเบอร์รี่) มีโปรซื้อเยอะ, 125.00 
4338/10,RAVIT-FORT 3x10s [บูรพา], 37.15 
2377/16,REAL ELIXIR ALFA CHLOROPHYLL 100g, 293.00 
2377/15,REAL ELIXIR ALFA CHLOROPHYLL 5gx6ซอง, 105.00 
2377/21,REAL ELIXIR ASTAXANTHIN 6mg 30s, 287.00 
2377/18,REAL ELIXIR COLLAGEN TYPEII 30s, 276.00 
2377/23,REAL ELIXIR MULTI VITAMIN A-Z ADVANCE 30s, 161.00 
2377/11,REAL ELIXIR ODOURLESS FISHL OIL 1000MG 30s, 105.00 
2377/20,REAL ELIXIR SESAME OIL 500mg 30s ต้านการอักเสบ ลดปวด, 165.00 
2377/17,REAL ELIXIR VITAMIN B COMPLEX PLUS GINKGO 30s, 192.00 
2377/10,REAL ELIXIR Vitamin C 1000mg 30s, 99.00 
2377/22,REAL ELIXIR YES CARE 30s, 357.00 
2377/19,REAL ELIXIR ZINC COLLA 30s, 256.00 
3818/13,REBAC SILICONE GEL 15g, 568.00 
3818/11,REBAC SILICONE GEL 5g, 274.00 
4338,RE-B FORTE 10x10s, 318.00 
4338/12,RE-B FORTE 50x10s," 1,465.00 "
1110/3,REDUCOF 1x10s, 55.00 
1110/6,REDUCOF ก ใหญ่ 3แผงx10s, 145.00 
1800/11,REFILLS FLUSH เกลือผงล้างจมูก 30s, 52.00 
96181/2,REGELLE GEL 6x6.5g, 526.25 
2913/1,REGROWTH DROP 2% 15ml, 37.00 
2910/1,REGROWTH SPRAY 2% 50ml, 145.00 
801,RELPAX 40mg 1x2s, 206.00 
4055/1,REMETHAN 100 R 100mg 3x10s, 89.00 
4188/4,RENTEX TABLETS 25x10s, 84.00 
467,RENU FRESH 120ml, 69.50 
466,RENU FRESH 355ml แถม 60ml, 197.50 
465,RENU FRESH 60ml, 49.50 
468,RENU MUTI LUBRICANT 8ml บ ขาด เข้ามีค69, 97.50 
2-477/1,REPACIN F.C. TABLETS 10x10s, 385.00 
2-477,REPARIL-DRAGEES 20mg 10x10s, 515.00 
1137,REPARIL-GEL N 10g *โปรดดูวันexp06/27, 63.75 
1138,REPARIL-GEL N 20g *โปรดดูวันexp6/2027 ไม่รับคืน, 102.50 
1139,REPARIL-GEL N 40g, 195.00 
1137/1,REPARIL Ice-Spray 200 ml, 235.00 
2292/10,RESTz SPRAY 50 ml, 92.50 
2913,RETEN FIVE DROP 30ml, 129.00 
2910,RETEN FIVE SPRAY 60ml, 259.00 
2911,RETEN SPRAY 100ml, 185.00 
654/7,REVOLUTION PLUS Spot-On แมว 2.6 - 5 kg สีส้ม, 570.00 
654/8,REVOLUTION PLUS Spot-On แมว 5.1 - 10 kg สีเขียว, 640.00 
654/6,REVOLUTION PLUS Spot-On ลูกแมว 1.25 - 2.5 kg สีเหลือง, 440.00 
654/1,REVOLUTION Spot-On 0-2.5 kg สีชมพู, 545.00 
654/2,REVOLUTION Spot-On แมว 2.6-7.5 kg สีน้ำเงิน, 640.00 
654/5,REVOLUTION Spot-On สุนัข 10-20 kg สีแดง, 745.00 
654/3,REVOLUTION Spot-On สุนัข 2.6-5 kg สีม่วง, 615.00 
654/4,REVOLUTION Spot-On สุนัข 5.1-10 kg สีน้ำตาล, 695.00 
3795/2,RHEUTRIL-1500 SF 30ซอง (กลิ่นส้ม) *ใหม่215, 192.00 
2126/1,RHINALAX 250mg 60ml, 19.75 
2126,RHINALAX-B 60ml, 17.50 
2926/3,Rhinobun gel Ice Blue พลาสเตอร์เจลเย็น เล็ก 7x10ซม (กล่อง20ซอง) ซอง2ชิ้น (ซอง), 25.50 
3991/2,Rhinobun gel Red Chilli พลาสเตอร์เจลร้อน เล็ก 7x10ซม ซอง2ชิ้น (ซอง), 23.75 
2-530/4,RHINOBUN ICY SPRAY COOL 150ml เขียว, 148.50 
2-55/1,Rhinobun Plaster 10แผ่น ปิดแก้ปวด โรโนบัน, 270.00 
2-127/4,RHINOCET 1x10s, 81.75 
3954,RHINOCORT AQUA 64mcg 120doses, 319.00 
2011,RHINOTAPP 1000s, 308.00 
2013-1,RHINOTAPP 50x10s, 217.00 
2012,RHINOTAPP INFANT DROPS 15ml, 17.75 
557,RHINOTAPP SYRUP 60ml, 18.34 
4288/15,RHITECIN TABLET 10x10s [42], 51.00 
246,RICE-BRAN ใหม่ 1000mg 40S vistra วิสตร้า น้ำมันรำข้าว (ขวด) บ เลิกผลิต, 273.00 
654/20,Rimadyl 25 mg (Carprofen) 60s, 490.00 
654/21,Rimadyl 75 mg (Carprofen) 60s, 990.00 
654/23,Rimadyl inj Carprofen 50 mg/ml ยาฉีด 20 ml," 1,110.00 "
4314/1,RISPERDAL 1mg/1ml 30ml, 979.00 
786/2,ROBAZ GEL 0.75% 30g, 352.00 
912206/5,ROCXI-10 1000s (เม็ดขาวกลมไข่จิ้งจก), 340.00 
912206/6,ROCXI-20 1000s (เม็ดชมพูกลมไข่จิ้งจก), 482.00 
2-40/6,ROMED 150 mg 10x10s MEDIC PHARMA, 111.00 
2-40/4,ROMED 300 mg 10x10s MEDIC PHARMA, 210.00 
3002/6,ROMIVON 10x10s (เม็ดเจลม่วงรี), 522.00 
80/1,RONTIN 300mg 10x10s, 314.00 
80/2,RONTIN 600mg 10x10s มีโปรซื้อเยอะ, 627.00 
4051/3,ROSETTA 10mg 3x10s, 259.00 
4631/1,ROSETTA 20mg 3x10s, 287.00 
1095,ROSIL ( 1% TOPICAL SOLUTION), 39.75 
2367,ROSUVASTATIN SANDOZ 10mg 2X14s **มีโปรซื้อเยอะ, 709.00 
2366,ROSUVASTATIN SANDOZ 20mg 28s, 877.00 
2933,ROTHRICIN 150mg 1x10s, 33.00 
4051/4,ROVAS 10mg 3x10s ส้ม [ชุมชน], 240.00 
4051/5,ROVAS 20mg 3x10s ฟ้า [ชุมชน], 285.00 
2696,ROWATINEX 10x10s **ขึ้น485, 495.00 
3230,ROXCIN 150mg 10x10s, 182.00 
1802,ROXIFEN CAPSULES 10mg 1000s แดง-ฟ้า, 257.00 
1801,ROXIFEN FORTE CAPSULES 20mg 500s, 212.00 
2213,ROXIFEN GEL 25g, 20.50 
ก.พ.-40,ROXTHRIN 150mg 10x10s, 153.00 
14211/4,ROYAL-D WHEY PROTEIN 30gx15ซอง (รสช็อกโกแลต), 455.00 
14211/6,ROYAL-D WHEY PROTEIN 50gx10ซอง (รสวนิลลา), 455.00 
4776/2,RYBELSUS 14mg 3x10s **ขายขาด," 8,045.00 "
4776/1,RYBELSUS 7mg 3x10s **ขายขาด," 8,030.00 "
62/4,S1-B ก๊อซพร้อมใช้ SOS 3x7cm 10แผ่น (แพค10กล่อง), 20.00 
59,S2 6x7ซ.ม พลาสเตอร์ ดูดซับ SOS 36บ Plaster แพค10 (กล่อง5แผ่น), 26.00 
62/3,S2x2 ก๊อซพร้อมใช้ SOS 8x8cm 1x4แผ่น, 30.50 
60,S3 6x10ซ.ม พลาสเตอร์ ดูดซับ [SOS] Plaste (กล่อง4แผ่น), 28.50 
63/2,S3x3 ก๊อซพร้อมใช้ SOS 12x12cm 3แผ่น (แพค10กล่อง), 36.00 
3442/6,SABUMOL Syrup GPO 60ml, 16.75 
1535/1,SALAZINE 500mg 10x10s, 365.00 
1851/1,SALBUTAMOL โอสถ 1000s, 113.50 
2-197/3,SALDA INHALE 20sx2.5ml, 216.00 
4249,SALICIN SHAMPOO 60ml, 99.00 
3442,SALMOL EXPECTORANT 60ml, 16.00 
3442/1,SALMOL SYRUP 60ml, 16.00 
251/2,SALONPAS 42mmx65mm 20s, 65.75 
251,SALONPAS 42mmx65mm 20x10แผ่น, 675.00 
251/1,SALONPAS 42mmx65mm 4ซองx10แผ่น *ใหม่126บ, 119.00 
251/3,SALONPAS CREAM 30g, 39.25 
3717,SAMARIN 140mg 10x10s, 509.45 
3716,SAMARIN 70mg 10x10s, 276.00 
2561,SAMBEE 3B B1 6 12 100x10s, 402.00 
2562,SAMBEE B 1 6 12 1000s, 362.00 
3285/11,SAMBUCOL BLACK ELDERBERRY 24s **ขึ้น237, 235.00 
3285/10,Sambucol gummy 50เม็ด blackelderberry (ขวด) **ขึ้น282, 274.00 
3285/9,Sambucol mini 120ml black elderberry (ก.1ขวด) **ขึ้น282, 274.00 
3285/12,Sambucol original น้ำ adult 120ml blackelderberry (ก.1ขวด) **ขึ้น282, 274.00 
9998/25,SAMe100 30s : Glutathione&Alpha-Lipoic Acid (for Small Dog), 590.00 
9998/26,SAMe300 30s : Glutathione&Alpha-Lipoic Acid (for Large Dog), 590.00 
4319/3,SAMNIR 1x10s แซมเนียร์ (cefdinir), 135.50 
4319/1,SAMNIR SUSPENSION 125mg/5ml 30ml, 143.50 
2-575,SARA 100s (เม็ดกลม), 106.25 
2-573,SARA 100s (เม็ดรี), 105.50 
2-577,SARA 100x10s (เม็ดกลม), 973.00 
2-574,SARA 20x10s (เม็ดกลม), 193.50 
2-576,SARA 20x10s (เม็ดรี), 194.00 
2-573/2,SARA 50s (เม็ดกลม), 64.50 
2-573/1,SARA 50s (เม็ดรี), 64.50 
2-578,SARA 50x10s (เม็ดรี), 485.00 
2818,SARA INFANT DROPS 15ml (องุ่น), 28.75 
2-667,SARA SYRUP 120mg/5ml 60ml ทับทิม (GRENADINE), 29.00 
2-665,SARA SYRUP 120mg/5ml 60ml สตอเบอรี่ (STRAWBERRY), 29.00 
2-666,SARA SYRUP 160mg/5ml 60ml องุ่น (GRAPE), 31.50 
2672,SARA SYRUP 250mg/5ml 60ml รสส้ม (ORANGE), 36.00 
91860,SARA SYRUP 250mg/5ml 60ml สตอเบอรี่เด็กโต (STRAWBERRY), 36.25 
2838/1,SATOGESIC GEL 35g, 176.00 
4410,SAUGELLA ATTIVA 100ml (เขียว), 101.00 
4410/3,SAUGELLA ATTIVA 250ml (เขียว), 203.00 
4409,SAUGELLA DERMOLIQUIDO 100ml (น้ำเงิน), 82.50 
4408/1,SAUGELLA GIRL 100ml เด็ก3ปีขึ้นไป (ชมพู), 92.00 
4408,SAUGELLA POLIGYN 100ml (ชมพู), 118.00 
8145/1,Scagel Acne Patch ก.12ชิ้น แผ่นแปะสิว (ก.12ชิ้น), 24.00 
8145/3,Scagel Acne Patch ก.20ชิ้น แผ่นแปะสิวรูปดาวและหัวใจ 59บ (ก.20ชิ้น), 30.75 
2491/4,SCAR & SPOT GEL 5g ANB, 75.25 
1305/4,S-CLAV 1000mg แผงเดี่ยว 1x10s (เม็ดขาว), 82.00 
513-2/2,S-CLAV 156mg DRY 60ml [SSP], 62.00 
4333/20,S-CLAV 228 DRY 70ml [SSP], 69.75 
1305/6,S-CLAV 375mg 2x10s (เม็ดขาว), 102.00 
513-2/3,S-CLAV 457mg DRY 60ml [SSP], 135.00 
2022/1,SCOPAS ELIXIR 30ml (เปลือยสับปะรด), 15.50 
1193,SCOTT [MTV] 119บ (กล่องส้ม กลาง 200ml ลัง24ขวด) สก๊อต (ก.1ขวด), 86.00 
216/14,SEA PLUS SPRAY 5% 30ml [ชุมชน] สูตร mar-plus, 87.50 
2178,SEATIDINE 400 500s, 632.00 
2377/14,SEAWEED CALCIUM 31s [SNAKE BRAND], 186.00 
2-410/6,SEDRA-25mg 10x10s (hydroxyzine), 118.00 
2-726/5,SEFDENE 20mg 50x10s เม็ดกลมแดง, 478.00 
1198/2,SELEDERM SHAMPOO 30ml (กลิ่นมะลิ), 26.00 
1197/1,SELEDERM SHAMPOO 60ml (มะลิ), 44.25 
1199-1,SELFIDE 120ml, 68.50 
1198-1,SELFIDE 30ml, 25.75 
1197-1,SELFIDE 60ml, 40.75 
1199/3,SELLON SHAMPOO 2.5% 120ml, 105.00 
1198/1,SELLON SHAMPOO 2.5% 40ml, 52.25 
1132/10,SELROTINE 50mg 3x10s สยาม, 192.00 
1199,SELSUN 120ml, 208.00 
1198,SELSUN 30ml, 81.50 
1197,SELSUN 60ml, 127.00 
2943/2,SENHAMI LOZENGES ยาอมเซนฮามี่ 12x20s, 404.00 
1202,SENOKOT 60s, 166.00 
1202/1,SENOLAX 3x20s, 59.50 
3279,SERC 16mg 3x20s, 425.00 
3278,SERC 24mg 1x20s, 226.00 
3592,SERETIDE ACCUHALER (50/250), 582.00 
4098,SERETIDE EVOHALER (25/125), 561.00 
3580,SERETIDE EVOHALER (25/50), 467.00 
1203/1,SERGOLINE 30mg 3x10s, 242.00 
1204,SERMION 10mg 2x25s *โปรดดูวัน exp มีโปรซื้อเยอะ, 411.00 
1203,SERMION 30mg 30s กล่องเหลือง **โปรดดูวัน exp มีโปรซื้อเยอะ, 706.00 
1132/8,SEROQUEL 25mg 3x10s **ขึ้น1040," 1,035.00 "
1132/2,SERTRALINE GPO 50mg 2x15s, 113.00 
1132/3,SERTRALINE SANDOZ 50mg 3x10s, 284.00 
3886/10,SETIN 10mg 10x10s, 206.00 
3886,SETIN 1x10s, 17.00 
3886/12,SETIN SYRUP รสสตอเบอร์รี่ 60ml, 57.25 
2252,SEVEN-SEAS [MTV] LYSINE 100ml เซเว่นซี ไลซีน, 145.00 
3284,SEVEN-SEAS [MTV] OCEAN GOLD (OMEGA-3) 100ml, 135.25 
3285,SEVEN-SEAS [MTV] รูปส้ม 120ml เซเว่นซี, 101.00 
2335/6,SEWA INSAM ESSENCE 8mlx6ซอง (น้ำตบ), 202.00 
482/3,SIADOCIN capzule 100mg 1x10s (doxycycline), 31.00 
801/2,SIAGRAN 50mg 1x4s, 87.25 
679,SIALEXIN 250mg 10x10s, 302.00 
678,SIALEXIN 500mg 10x10s, 508.00 
3767,SIALEXIN SUSPENSION 125mg, 54.00 
3721,SIAMFORMET 500mg 10x10s, 103.75 
3722,SIAMFORMET 850 mg 10x10s, 194.00 
294,SIAMIDINE 400mg 10x10s, 129.75 
3411,SIA-MOX 500mg 1x10s, 25.00 
3219,SIA-MOX SYRUP 250mg 60ml, 65.00 
3308,SIARIZINE 25mg 10x10s, 104.00 
4172/3,SIDORY 4mg 3x10s, 325.00 
1212,SIDUOL 3x10s, 108.00 
1794/5,SIFLEX SYRUP 100 60ml รสราสเบอร์รี่, 43.75 
1794/4,SIFLEX SYRUP 250 60ml รสผลไม้รวม, 47.50 
681/2,SIFRIN NEBULIZER 0.05% 15ml, 47.00 
681/3,SIFRIN PEDIATRIC NEBULIZER 0.025% 15ml (เด็ก), 47.25 
4000/5,Siglivia 100mg 3x10s, 457.00 
พ.ค.-58,SILVERDERM CREAM 25g, 28.25 
5-450,SILVERDERM CREAM 450g, 306.00 
58/1,SILVEX CREAM 25g, 40.50 
87/1,SIMACORT CREAM 0.1% 10g, 30.75 
2-783/4,SIMCOMAG TABLETS 1000s, 405.00 
2082/1,SIMCONE DROP 15ml, 23.25 
2-783,SIMCONE-T 80mg 50x10s, 299.00 
3734,SIMOYIAM 5mg 10x10s, 114.50 
654/12,SIMPARICA 10-20 kg สุนัข สีฟ้า, 648.00 
654/9,SIMPARICA 1.3-2.5 kg สุนัข สีเหลือง, 470.00 
654/13,SIMPARICA 20-40 kg สุนัข สีเขียว, 740.00 
654/10,SIMPARICA 2.5-5 kg สุนัข สีม่วง, 515.00 
654/11,SIMPARICA 5.1-10 kg สุนัข สีน้ำตาล, 556.00 
654/17,SIMPARICA TRIO 10-20 kg สุนัข สีฟ้า, 695.00 
654/14,SIMPARICA TRIO 1.25-2.5 kg สุนัข สีเหลือง, 515.00 
654/18,SIMPARICA TRIO 20-40 kg สุนัข สีเขียว, 795.00 
654/15,SIMPARICA TRIO 2.5-5 kg สุนัข สีม่วง, 565.00 
654/35,SIMPARICA TRIO 40.1-60 kg สุนัข สีน้ำตาลเข้ม **ราคาพิเศษ**, 700.00 
654/16,SIMPARICA TRIO 5-10 kg สุนัข สีน้ำตาล, 605.00 
1805/1,SIMUCIN 100 50ซองx5g, 269.00 
99125/19,SINCLONAC 25mg 1000s (เม็ดกลมเหลือง), 110.00 
99125/20,SINCLONAC 50mg 1000s (เม็ดกลมส้ม), 173.00 
356/1,SINGKAST 4mg 4x7s, 385.00 
3340,SINGULAIR 10mg 28s," 1,192.00 "
3339,SINGULAIR 5mg 28s, 745.00 
3338/2,SINGULAIR CHEWABLE 4mg 4x7s, 745.00 
13190/2,SinocareAQmaxIII เครื่องตรวจน้ำตาลในเลือด (เครื่อง), 320.00 
1667/7,Sinocare เครื่องวัดอุณหภูมิอินฟราเรด AET-R1D1 ประกัน1ปี มีโปรซื้อเยอะ, 360.00 
2021/1,SINPROFEN 100mg/5ml 60ml (ส้ม), 15.00 
131/2,SINPROFEN 400mg 500s (เม็ดกลมชมพู), 195.00 
131/1,SINPROFEN 400mg 50x10s (เม็ดกลมชมพู) มีโปรซื้อเยอะ, 221.00 
7915,SINUFEN 1000s (ขาวลาย), 272.00 
7957,SINUFEN 25x10s มีโปรซื้อเยอะ, 132.00 
7-มี.ค.,SINULAN FORTE SPRAY ALLERGY 15ml, 262.00 
7-ก.พ.,SINULAN FORTE SPRAY EXPRESS VIRUS CLEANER 15ml, 262.00 
8134/1,SIPRA LOTION 3ml, 22.75 
1419/1,SIXIME CAPSULE 1x10s, 139.25 
3747/15,SKINFECT-B CREAM 15g, 29.25 
3747/5,SKINFECT-B CREAM 5g, 14.75 
3747,SKINFECT CREAM 15g, 24.25 
3746,SKINFECT CREAM 5g, 12.25 
2740,SKINOREN CREAM 30g **ราคาพิเศษ**, 469.00 
1872/7,SMART ME CREAM 20g ยานวดผู้ชาย, 240.00 
2-140/2,SMECTA GO 12ซองx3g (คาราเมลโกโก้), 303.00 
2-140/1,SMECTA ORANGE-VANILLA 10ซองx3g (ส้ม) มีโปรซื้อเยอะ, 153.00 
2-140/6,SMECTA STRAWBERRY 10ซองx3g สเมคต้า มีโปรซื้อเยอะ, 153.00 
2405,SMOOTH E ACNE GEL 7g, 128.00 
2405/1,SMOOTH E ACNE HYDROGEL PLUS 10g, 176.00 
2405/5,SMOOTH E ACNE SCAR 7g, 219.00 
2-514,SMOOTH E BABYFACE FOAM 120g 4fl.oz, 219.75 
2108,SMOOTH E BABYFACE FOAM 240g 8fl.oz, 354.25 
2-513,SMOOTH E BABYFACE FOAM 30g 1fl.oz, 66.00 
2109,SMOOTH E BABYFACE FOAM 60g 2fl.oz, 133.75 
2401/2,SMOOTH E BABYFACE GEL 165ml 5.5fl.oz, 246.00 
2401/1,SMOOTH E BABYFACE GEL 45ml 1.5fl.oz, 79.25 
2401,SMOOTH E BABYFACE GEL 99ml 3.3fl.oz, 163.00 
2401/3,SMOOTH E BABY FACE HYDRATION FOAM 40g, 76.75 
2401/4,SMOOTH E BABY FACE HYDRATION FOAM 80g, 155.00 
4363,SMOOTH E BABYFACE SCRUB 36g 1.2fl.oz, 73.00 
4364,SMOOTH E BABYFACE SCRUB 66g 2.2fl.oz, 125.50 
08045/8,SMOOTH E CAPSULE FACE LIFT 1x12s, 205.00 
2521,SMOOTH E CREAM 100g, 491.50 
2406,SMOOTH E CREAM 15g, 157.00 
2330-1,SMOOTH E CREAM 40g, 268.00 
2-532,SMOOTH E CREAM 7g, 86.00 
3911,SMOOTH E CREAM PLUS-WHITE 10g, 87.00 
3912,SMOOTH E CREAM PLUS-WHITE 30g, 202.25 
3914,SMOOTH E CREAM PLUS-WHITE 60g, 316.75 
3/1/2330,SMOOTH E DRY SKIN REPAIR 9.5% MAX UREA 180ml, 437.00 
2583/40,SMOOTH E EXTRA SENSITIVE CLEANSING WATER 100ml, 129.75 
2583/41,SMOOTH E EXTRA SENSITIVE CLEANSING WATER 200ml, 236.00 
2108/5,SMOOTH E GLUTA B3 CELLULAR BRIGHT 13G, 246.00 
2108/6,SMOOTH E GLUTA B3 CELLULAR BRIGHT 30G, 428.00 
2335,SMOOTH E GOLD CREAM 12g 0.4fl.oz, 112.00 
2334,SMOOTH E GOLD CREAM 30g 1.0fl.oz, 259.00 
2330,SMOOTH E GOLD CREAM 65g 2.2fl.oz, 570.00 
2333,SMOOTH E GOLD FOAM 45g 1.5fl.oz, 108.00 
2332,SMOOTH E GOLD FOAM 4fl.oz 120g, 282.00 
170/3,SMOOTH E LIQUID PLASTER ฟิล์มเคลือบปิดแผล 4ml, 65.50 
2415/6,SMOOTH E OPTI O 20s บำรุงสายตา, 459.00 
2108/7,SMOOTH E PHA-AHA ACNE SPOT&PORE SMOOTH 13G, 245.00 
2108/8,SMOOTH E PHA-AHA ACNE SPOT&PORE SMOOTH 30G, 429.00 
2108/9,SMOOTH E RETINOL DEEP WRINKLE REPAIR 13G, 269.00 
2108/10,SMOOTH E RETINOL DEEP WRINKLE REPAIR 30G, 502.00 
8231/3,SMOOTH E SCAR SHEET ซิลิโคนเจลแผลเป็น, 82.00 
8231/4,SMOOTH E SCAR SHEET ซิลิโคนเจลแผลเป็น 3ชิ้น, 218.00 
1/1/2330,SMOOTH E SKIN WHITE THERAPIE 100ml 3.4fl.oz, 180.25 
2/1/2330,SMOOTH E SKIN WHITE THERAPIE 200ml 6.8fl.oz, 280.00 
3895-1,SMOOTH E SUN SPF 50+ 15g กันแดด สีขาว, 215.50 
3895,SMOOTH E SUN SPF 50+ 15g กันแดด สีเบจ, 215.50 
08045/6,SMOOTH E TELOLIFE 1000mg 60s ริ้วรอย, 735.00 
2583/42,SMOOTH E ULTRA-LIGHT CLEANSING OIL SERUM 100ml, 224.00 
2583/43,SMOOTH E ULTRA-LIGHT CLEANSING OIL SERUM 200ml, 409.00 
3902,SMOOTH E WHITE BABYFACE CREAM 12g, 88.00 
3909,SMOOTH E WHITE BABYFACE CREAM 30g, 206.00 
3896,SMOOTH E WHITE BABYFACE FOAM 120g 4fl.oz, 219.00 
3896/1,SMOOTH E WHITE BABYFACE FOAM 180g 6fl.oz, 278.00 
3898,SMOOTH E WHITE BABYFACE FOAM 30g 1.0fl.oz, 70.50 
3897,SMOOTH E WHITE BABYFACE FOAM 60g 2fl.oz, 127.50 
3419,SMOOTH E WHITE BABYFACE SERUM 0.4fl.oz 12g, 260.50 
3420,SMOOTH E WHITE BABYFACE SERUM 24g 0.8fl.oz, 430.00 
2108/3,SMOOTH E WHITE BABY FACE SPOTCLEAR FOAM 140g, 269.00 
2108/4,SMOOTH E WHITE BABY FACE SPOTCLEAR FOAM 180g, 327.00 
3898/1,SMOOTH E WHITE BABY FACE SPOTCLEAR FOAM 40g, 79.00 
2108/2,SMOOTH E WHITE BABY FACE SPOTCLEAR FOAM 80g, 155.00 
2405/7,SMOOTH E ครีมซอง ACNE HYDROGEL PLUS 5gx6s, 285.00 
2405/6,SMOOTH E ครีมซอง SCAR TRI PEPTIDE + HYA 5gx6s, 279.00 
08045/7,SMOOTH LEEP 576mg 10s ช่วยนอนหลับ เสริมภูมิ, 227.00 
08045/9,SMOOTH LEEP 576mg 30s ช่วยนอนหลับ เสริมภูมิ, 627.00 
655/10,SMOOTH LIFE BIO C CANDY CHEWABLE 1000mg 1x14s รสส้ม, 148.00 
655/13,SMOOTH LIFE BIO C CANDY CHEWABLE 120mg 1x14s รสส้ม, 35.50 
513/2,S-MOX 125 DRY SYRUP (เปลือยส้ม), 13.25 
513/6,S-MOX 125 DRY SYRUP (มีกล่องส้ม)(amoxicillin), 15.00 
512/4,S-MOX FORTE 250 60ml (เปลือยส้ม) ***โปร4กพ-28มีค69 ซื้อ12 ลด12บ, 18.50 
512/5,S-MOX FORTE 250 60ml (มีกล่องส้ม), 25.50 
98115/3,SNAKE BRAND HERBAL andrographis SPRAY SF 15ml, 91.00 
98115/5,SNAKE BRAND HERBAL EXTRA FRESH SPRAY SF 15ml เฮอร์เบิ้ล สเปรย์, 76.00 
98115/1,SNAKE BRAND HERBAL NIGHT TIME SPRAY SF 15ml มีโปรซื้อเยอะ, 76.00 
98115,SNAKE BRAND HERBAL RESCUE SPRAY SF 15ml, 76.00 
1844,SOBELIN 1000s, 254.00 
1845,SOBELIN 50x10s, 170.00 
4,SODAMINT FRX 1000s (เม็ดกลมขาว) บ ขาด, 93.00 
4-ม.ค.,SODIUM BICARBONATE 400g ล้างผัก อันอันโอสถ, 45.00 
1331000,SOFCLENS NSS น้ำเกลือป้ายฟ้า 1000ml, 43.25 
133100,SOFCLENS NSS น้ำเกลือป้ายฟ้า 100ml, 23.75 
133500,SOFCLENS NSS น้ำเกลือป้ายฟ้า 500ml, 32.50 
9994,Soffell Spray กลิ่นส้ม 30cc เล็ก ซอฟเฟล-สเปรย์ **ขายขาด, 27.75 
9992,Soffell Spray กลิ่นส้ม 80cc ใหญ่ **ขายขาด, 59.00 
9993,Soffell Spray ขวดชมพู 30cc เล็ก **ขายขาด, 27.75 
9991,Soffell Spray ฟลอร่า 80cc ใหญ่ ซอฟเฟล-สเปรย์ **ขายขาด, 59.00 
9998,Soffell ซอง กลิ่นฟลอร่า 8มล แพค24ซอง ซอฟเฟล (ซอง) **ขายขาด มีโปรซื้อเยอะ, 3.17 
9995,Soffell ซอฟเฟลโลชั่นทากันยุง กลิ่น ฟลอร่า 60ml **ขายขาด, 43.00 
1501/3,SOFTEAR 10ml ซอฟเทียร์ (hypromellose), 39.00 
1501/4,SOFTEAR 5ml ซอฟเทียร์ (hypromellose), 34.50 
489,SOFTIP ไม้พันสำลี ซอง100ก้าน Size L, 13.00 
487,SOFTIP ไม้พันสำลี ซอง100ก้าน Size M, 12.50 
486,SOFTIP ไม้พันสำลี ซอง100ก้าน Size S, 11.70 
787,SOLMAX 500mg 1x10s มีโปรซื้อเยอะ **ขึ้น40, 36.50 
1794,SOLMAX FORTE 60ml **ขึ้น67, 61.50 
1795,SOLMAX KIDS 60ml **ขึ้น61, 56.00 
1558,SOLUFEN 400 1x10s มีโปรซื้อเยอะ **ขึ้น48, 42.75 
1288/2,SONAP 275mg 10x10s, 173.00 
1288/5,SONAP 275mg 500s เม็ดรีฟ้า, 785.00 
1288/3,SONAP FORTE 550mg 10x10s **ขึ้น340, 299.00 
1526/25,SONERIPER M 50mg 25x10s **ขายขาด, 113.00 
1229,SOPROXEN 275mg 10x10s **ราคาพิเศษ**, 174.00 
403/8,SORIVATE CREAM 15g, 29.50 
1564/3,SOS ALCOHOL PAD 3.8x8.3cm 20ซอง, 19.00 
3525/2,SOS COOLING GEL PATCH KITTY BABY 4x9cm แผ่นเจลลดไข้ เปลี่ยนสี, 57.25 
1667/19,SOS Non-contact Infrared Thermometer Kitty รุ่น FT-F32, 695.00 
3525/1,SOS PLUS COOLING GEL PATCH 5x12cm แผ่นเจลลดไข้ เปลี่ยนสี, 66.00 
1321/3,SOS PLUS P1 KTM01 PE PLASTER พลาสเตอร์PEปิดแผล HELLO KITTY 1.9x7.2cmx8ชิ้น, 12.50 
1321/16,SOS PLUS P1 KTM02 PE PLASTER พลาสเตอร์PEปิดแผล HELLO KITTY 1.9x7.2cmx8ชิ้น, 12.50 
132403,SOS PLUS เครื่องวัดความดันสอดแขวน รุ่น FT-C26-Y (ประกัน 7ปี)," 5,500.00 "
941010,SPACOVIN 40mg 10x10s, 98.00 
879/1,SPAMUS TABLETS 100x10s (เม็ดกลมฟ้า), 555.00 
237/3,SPASCOPAN 500s ขาวกลม, 580.00 
941010/2,SPASVERINE 10x10s, 628.00 
237/2,SPATYL 10mg 1x10s, 24.25 
76/5,SPAXID 20x10s, 335.00 
2417/6,SPAZOL 100mg 25x4s," 1,130.00 "
4001,SPECTRABAN SPF 50+ 20g, 181.00 
1244,SPECTRIM SUSPENSION 60ml (เปลือย), 12.00 
2-386/2,SPEK MOUTH SPRAY COOL, 111.00 
2-603,SPORAXYL CREAM 15g, 39.00 
2417/7,SPORNAR 100mg 10x10s, 481.00 
2417,SPORNAR 100mg 25x4s, 480.00 
3514,SPOROXYL 200mg 10x10s, 195.00 
1750/3,SRICHAND BARRIER BOOST Soothing Gel Cream 6x10ml, 172.00 
1750/4,SRICHAND PDRN Gel Cream 6x10ml, 172.00 
1750/1,SRICHAND Skin Moisture Burst Gel Cream 10ml, 161.00 
1750/5,SRICHAND SUN Lotion 6x7ml, 120.00 
1750/6,SRICHAND SUN Lotion กัดแดด เนื้อบาง 6x7ml, 128.00 
1750/2,SRICHAND SUPER C Brightening Gel Cream 6x10ml, 172.00 
1750/7,SRICHAND ตลับ ออริจินัล มาร์ก 3ตลับx20กรัม, 152.00 
1490-2/5,SSP AS C GRPAE VIT C 25mg 1000s (องุ่น) (กระปุก), 93.00 
1490-2/3,SSP AS C ORANGE VIT C 25mg 1000s (ส้ม) (กระปุก), 93.00 
1490-2/6,SSP AS C PINEAPPLE VIT C 25mg 1000s (สับปะรด), 93.00 
1490-2/4,SSP AS C STRAWBERRY VIT C 25mg 1000s (สตรอเบอร์รี่) (กระปุก), 95.00 
3827/8,S-SURE ตรวจตั้งครรภ์ (หยด), 11.25 
232/5,STARBUFEN 60ml *มีโปรซื้อเยอะ, 19.00 
4333/2,STARCLAV 1000mg 2x7s, 128.75 
4333/14,STARCLAV 625mg 2x10s, 198.00 
869/3,STARDA-BE CREAM 15g, 36.25 
869/4,STARDA-BE CREAM 25g, 52.00 
869/2,STARDA-BE CREAM 5g, 17.00 
99125/24,STAREN 25mg 1000s (เม็ดกลมม่วง), 272.00 
99125/18,STAREN 50mg 1000s (เม็ดกลมชมพูอมม่วง), 359.00 
99125/21,STAREN 50mg 1000s (เม็ดกลมเหลือง), 359.00 
99125/22,STAREN 50mg 100x10s (เม็ดกลมชมพูอมม่วง), 542.00 
99125/23,STAREN 50mg 100x10s (เม็ดกลมเหลือง), 542.00 
1526/1,STARGESIC 1x10s (เม็ดหกเหลี่ยมขาว), 12.00 
1526/15,STARGESIC 50x10s (เม็ดหกเหลี่ยมขาว), 335.00 
512-1/12,STARLEX-500 (เขียวอ่อน-เขียวแก่) 500s," 1,350.00 "
4124/1,STARLONE LOTION 30ml, 18.00 
4124/3,STARLONE LOTION 60ml, 26.25 
1526/3,STARMOL PLUS 1000s (เขียวหกเหลี่ยม), 535.00 
1526/4,STARMOL PLUS 100x10s (เม็ดหกเหลี่ยมเขียว), 636.00 
512-1/5,STARMOX DRY SYRUP 125 (มีกล่องรสสตอเบอรี่), 19.75 
512-1/4,STARMOX DRY SYRUP 125 (มีกล่องรสส้ม), 19.75 
512-1/6,STARMOX DRY SYRUP 125 (มีกล่องรสองุ่น), 19.75 
512-1/3,STARMOX FORTE DRY SYRUP 250 (มีกล่องรสส้ม), 27.00 
512-1/7,STARMOX tab 250mg (เม็ดตอกขาว) 1000s, 990.00 
512-1/8,STARMOX tab 500mg (เม็ดตอกขาว) 500s, 950.00 
4288/8,STARTEC SYRUP 100ml เจ็ดดาว, 42.00 
4288/9,STARTEC SYRUP 60ml เจ็ดดาว, 24.25 
1800/10,STARTER KIT FLUSH ชุดอุปกรณ์ล้างจมูก+เกลือ14ซอง, 152.00 
8212/2,STARTRIL-S 1500 10ซอง (กลิ่นส้ม), 72.00 
8212/1,STARTRIL-S 1500 30ซอง (กลิ่นส้ม), 230.00 
4188/6,S-TEC SYRUP 60ml เปลือย, 15.00 
4188/5,S-TEC SYRUP 60ml มีกล่อง, 21.50 
4188/3,S-TEC TABLETS 1X10s (cetirizine) มีโปรซื้อเยอะ, 7.70 
3278/16,STEI 16mg 1x10s, 28.50 
3278/3,STEI 24mg 10x10s, 388.00 
2489,STERI-DRESS สเตอริ-เดรส (ชุดทำแผล) กล่อง12ชุด (กล่อง), 172.00 
2286,Sterile eye pad ผ้าปิดตา ก.25ชิ้น (กล่อง), 117.00 
3827/7,S-TEST ตรวจตั้งครรภ์ (จุ่ม), 7.25 
879/3,S-TOLZEN 50mg 50x10s, 327.00 
3693/3,STOMAHESIVE PASTE 56.7g Convatec กาวติดแป้น, 269.00 
3501,STREPSILS CHESTY COUGH 1x8s มีโปรซื้อเยอะ, 49.25 
3502,STREPSILS CHESTY COUGH LOZENGE 2x12s มีโปรซื้อเยอะ **ใหม่93.25, 93.00 
2543,STREPSILS CITRUS LEMON SUGAR FREE 24x6s, 545.00 
2540/1,STREPSILS CITRUS LEMON SUGAR FREE 2x8s, 83.25 
1263/1,STREPSILS COOL 2x12s, 83.25 
1259,STREPSILS COOL HHR 24x8s, 545.00 
4038,STREPSILS DRY COUGH 1x8s ซื้อเยอะ **ขึ้น50, 49.25 
1264/1,STREPSILS HONEY&LEMON 2x12s **ขึ้น84, 80.00 
1260,STREPSILS HONEY&LEMON HHR 24x8s, 545.00 
2540-1,STREPSILS MAXIPLUZZ 24x6s," 1,252.00 "
3170/1,STREPSILS MAXIPLUZZ สเตร็ปซิล แม็กซี่-พลัส 16s **ขึ้น101, 102.00 
2541,STREPSILS MAXPRO 24x8s," 1,666.00 "
2541/1,STREPSILS MAXPRO 2x8s **ขึ้น130, 128.00 
2542/1,STREPSILS MAXPRO DIRECT SPRAY 15ml, 185.00 
1262/1,STREPSILS ORANGE+VITAMIN C 2x12s, 83.25 
1258,STREPSILS ORANGE+VITAMIN C HHR 24x8s, 545.00 
1265/1,STREPSILS ORIGINAL 2x12s, 83.25 
1261,STREPSILS ORIGINAL HHR 24x8s, 540.00 
2729,STREPSILS THROAT IRRITATION & COUGH 24x8s," 1,177.00 "
2729/1,STREPSILS THROAT IRRITATION & COUGH 2x12s, 91.50 
1269,STUGERON 25mg 3x10s, 86.00 
2686/1,STUGIN 50x10s, 194.00 
819/1,SUBSYDE-CR 100mg 2x10s, 100.00 
1419/2,SUCRAFEN 1g 25x10s," 1,291.00 "
13620/5,Suction Catheters สายดูดเสมหะ SK MAX 4.0mmx50cm 12FR ขาว (เส้น), 4.00 
13620/6,Suction Catheters สายดูดเสมหะ SK MAX 4.7mmx50cm 14FR เขียว (เส้น), 4.00 
13620/7,Suction Catheters สายดูดเสมหะ SK MAX 5.3mmx50cm 16FR ส้ม (เส้น), 4.00 
1754/2,SUDOCREM 125g, 271.00 
1754/4,SUDOCREM MOISTURIZING CREAM 10g, 102.00 
1754/3,SUDOCREM NATURALS NAPPY CREAM 30g, 271.00 
811,SUGRIL 5mg 10x10s, 74.00 
1244/1,SULFOMETH SUSPENSION 60ml (เปลือย), 12.75 
3228,"SULTRIM NL 1000s เม็ดขาวรี ซัลตริม [SFM,TMP]", 375.00 
801/1,SUMIGRAN 50mg 1x6s [ชุมชน] มีโปรซื้อเยอะ, 62.00 
1108/1,SUNOLUT TABLET 5mg 10x10s บ ขาด, 305.00 
1803/4,SUPENAC 200mg 50ซอง (รสส้ม), 172.00 
2452/7,SUPIROCIN CREAM 15g (mupirocin), 91.25 
2452/5,SUPIROCIN CREAM 5g exp รอlotใหม่, 42.75 
3361/2,SUPPORT พยุงหลัง #2XL 42-46นิ้ว [Triple-D] เข็มขัด รัดเอว, 360.00 
3361/4,SUPPORT พยุงหลัง #3XL 48-54นิ้ว [Triple-D] เข็มขัด รัดเอว, 360.00 
3361/10,SUPPORT พยุงหลัง size 3XL 48-54นิ้ว [VITAL] เข็มขัด รัดเอว, 360.00 
337/2,SUPPORT พยุงหลัง size L 30-36นิ้ว [Triple-D] เข็มขัด รัดเอว, 360.00 
337/7,SUPPORT พยุงหลัง size L 30-36นิ้ว[VITAL] เข็มขัด รัดเอว, 375.00 
336/2,SUPPORT พยุงหลัง size XL 36-42นิ้ว [Triple-D] เข็มขัด รัดเอว, 360.00 
336/6,SUPPORT พยุงหลัง size XL 36-42นิ้ว [VITAL] เข็มขัด รัดเอว, 375.00 
3361/6,SUPPORT พยุงหลัง size XXL 38-42นิ้ว [VITAL] รัดเอว, 375.00 
337/5,SUPPORT พยุงหลังส่วนเอว size M 30-34นิ้ว [VITAL] เข็มขัด, 375.00 
3595/5,SUPRALIP NT 145mg 3x10s, 655.00 
4068/5,SURBEX-ZINC 4x7s เซอร์เบค-ซิงค์ [abbott], 275.00 
2367/4,SUROTIN 10mg 3x10s, 175.50 
2367/5,SUROTIN 20mg 3x10s, 177.00 
4092/14,SVOZ EYE DROP 0.5% 5ml, 68.50 
1290,SYMBICORT turbuhaler 160/4.5 60dose, 749.00 
1288,SYNFLEX 10x6s, 535.00 
3285/20,SYN-O-VITS 4L แกลลอน, 425.00 
3285/7,SYN-O-VITS 60ml, 24.00 
3285/16,SYN-O-VITS FORTE 120ml รส blueberry, 111.00 
3285/17,SYN-O-VITS FORTE 15ml รส blueberry ขวดเปลือย, 10.00 
24/13,SYN PRO FIBER 12000mg รสกีวี่-แอปเปิ้ล ตรา ซิสส์ 15gx10s, 282.00 
10,SYRINGE 10cc (ก.100อัน) [NIPRO], 229.00 
0010/1,SYRINGE 10ml ไม่มีเข็ม (ก.100ชุด) [เยโซเมด], 179.00 
20,SYRINGE 20cc (ก.50อัน)[NIPRO], 202.00 
0020/1,SYRINGE 20ml ไม่มีเข็ม (ก.50ชุด) [เยโซเมด], 169.00 
3,SYRINGE 3cc (ก.100อัน) [NIPRO], 132.00 
003/1,SYRINGE 3ml ไม่มีเข็ม (ก.100ชุด) [เยโซเมด], 115.00 
50,SYRINGE 50cc [NIPRO] หัวกลาง (ก.30อัน), 362.00 
050/1,SYRINGE 50cc [NIPRO] หัวข้าง (ก.30อัน), 329.00 
5,SYRINGE 5cc (ก.100อัน)[NIPRO], 152.00 
005/1,SYRINGE 5cc ไม่มีเข็ม (ก.100ชุด) [เยโซเมด], 120.00 
07943/1,SYSTANE COMPLETE EYE DROPS 5ml ม่วง, 227.00 
7943,SYSTANE ULTRA EYE DROPS 10ml, 150.00 
421/1,SYSTANE ULTRA (MDPF) preservative-free 10ml เขียว, 296.00 
421,SYSTANE ULTRA (UD) 28หลอดx0.5ml, 316.00 
1297,SYSTRAL CREAM 10g, 31.50 
1296,SYSTRAL CREAM 25g, 69.00 
1535/20,SYTREX 1x10s, 11.25 
61/6,T1 2.5x5.6ซม [SOS DINO] พลาสเตอร์ใส ปิดแผล กันน้ำ 6ชิ้น PLASTER (ก.10ซอง), 142.00 
61/10,T1 2.5x5.6ซม [SOS KTP02 KITTY] พลาสเตอร์ใส ปิดแผล กันน้ำ 6ชิ้น PLASTER คิดตี้ (ก.6แผ่น), 20.00 
61,T1 2.5x5.6ซม พลาสเตอร์ กันน้ำ SOS 32บ (แพค10กล่อง), 20.00 
61/1,T1 2.5x5ซม [SOS minions] MP01 พลาสเตอร์ใส ปิดแผล กันน้ำ 6ชิ้น Plaster มินเนี่ยน ขาด, 20.00 
61/11,T1 2.5x5ซม [SOS minions] MP02 พลาสเตอร์ใส ปิดแผล กันน้ำ 6ชิ้น Plaster (กล่อง), 20.00 
62,T2 6x7ซม พลาสเตอร์ กันน้ำ SOS 36บ (แพค10กล่อง), 25.50 
62/2,T2x2 พลาสเตอร์ กันน้ำ SOS 8x8cm 3แผ่น (แพค10กล่อง), 30.25 
63,T3 6x10ซม พลาสเตอร์ กันน้ำ SOS 45บ (แพค10กล่อง), 28.50 
63/1,T3x3 พลาสเตอร์ กันน้ำ SOS 12x12cm 2แผ่น (แพค10กล่อง), 36.00 
64,T4 10x25ซม พลาสเตอร์ กันน้ำ SOS (กล่อง), 80.00 
3234/3,TACINOL CREAM 0.02% 15g, 23.25 
3232/3,TACINOL CREAM 0.1% 15g, 24.50 
221/3,TACINOL LOTION 0.1% 60ml, 33.25 
1382/1,TACINOL ORAL PASTE 1gx20ซอง, 153.00 
2417/3,TACOROL 100mg 25x4s, 425.00 
3234,T.A. CREAM 0.02% 15g **ขึ้น19.5, 19.00 
3233,T.A. CREAM 0.02% 5g **ขึ้น13, 12.50 
3232,T.A. CREAM 0.1% 15g **ขึ้น20.5, 19.00 
3232/1,T.A. CREAM 0.1% 500g, 236.00 
3231,T.A. CREAM 0.1% 5g **ขึ้น13.5, 12.50 
221/1,T.A. Lotion 0.1% 30ml สหแพทย์, 19.25 
2-232,TANAKAN 2x15s **ราคาพิเศษ**, 215.00 
3923,TANDERON 500s กลมชมพู, 315.00 
690,TANZARIL 100mg 3x10s, 119.50 
689,TANZARIL 50mg 3x10s, 66.25 
1291,TAPAZOLE 5mg 100s, 199.00 
3805,TARA-PLUS CREAM 15g, 33.25 
4149/1,TARATEN CREAM 15g, 23.50 
1199/2,TAR Body Wash 120ml กลิ่นLAVENDER, 127.50 
1199/4,TAR Body Wash ขวดปั้ม 250ml กลิ่นLAVENDER, 206.00 
4092/8,TARIVID OPHTHALMIC OINTMENT 0.3% 3.5g, 167.00 
902,TARJENA INJECTION 50ampx3ml, 192.00 
1199/1,TAR SHAMPOO 120ml (กลิ่นซีตรัส), 104.00 
2134,TAUGLICOLO 10x10s, 124.00 
2134/1,TAUGLICOLO 50ml รสผลไม้รวม, 45.00 
2-386/1,TAVIPEC 3x10s [SPIKE LAVENDER OIL], 181.00 
1308,TC-MYCIN 250mg 1x10s **ขึ้น26.25, 23.60 
1304,TC-MYCIN 500mg 1x10s **ขึ้น41.25, 37.00 
1307,TC-MYCIN OINTMENT 10g, 18.25 
3676/5,TEAR MAC 10ml สูตร cellufresh **ขายขาด**, 77.00 
3676/4,TEAR MAC SD 30หลอดx0.4ml [สูตร cellufresh], 169.00 
1306,TEARS NATURALE FREE 32sx0.8ml, 324.00 
1309,TEARS NATURALE II 15ml, 120.50 
2741/1,TEBONIN FORTE 120mg 2x15s, 733.00 
2961/1,TEDIUM CAPSULES 10x10s (แคปซุลเขียวเข้ม-อ่อน), 36.00 
3350,TEGADERM 3M เล็ก 10ซอง*3ชิ้น [A1] ทีก้าเดิร์ม (ซอง), 30.00 
2070,TELFAST 180mg 1x10s, 215.00 
2071,TELFAST 60mg 1x10s, 83.50 
2-823/3,TELFAST ORAL SUSPENSION 60ml, 129.00 
4253,TELLUS-5 MOIST OINTMENT 20g, 60.00 
1316/8,TEMPRA COOLING PATCH 8x1x2s, 163.00 
1314,TEMPRA DROPS SYRUP 15ml (องุ่น), 37.50 
1316/6,TEMPRA FIZZ เม็ดฟู่ 500mg (รสส้ม) 3x4s, 75.00 
1316,TEMPRA FORTE SYRUP 60ml (รสสตอเบอรี่), 44.75 
1316/1,TEMPRA FORTE SYRUP 60ml (ส้ม), 44.75 
1315,TEMPRA KIDS SYRUP 60ml (สตอเบอรี่), 37.75 
4228/12,TENAX 20mg 10x10s, 209.00 
457/2,TENOSALIC OINTMENT 15g, 43.75 
458/1,TENOSALIC OINTMENT 5g, 16.75 
1734/3,Teotape 1นิ้วx10หลา (กระบอก12ม้วน) [NEOTAPE], 370.00 
1732/3,Teotape 2นิ้วx10หลา (กระบอก6ม้วน) [NEOTAPE] ลัง กระบอก, 370.00 
1735/2,Teotape กล่องเดี่ยว 2นิ้วx10หลา แพค6กล่อง แบ่งขาย, 68.50 
9997/11,TE-OTICLEAN : Ear & Skin Cleanser ทำความสะอาดหู-กำจัดไรหู 115ml, 199.00 
512-1/9,TEPLEXIN tab 250mg (เม็ดตอกขาวกลม) 500s, 990.00 
512-1/10,TEPLEXIN tab 500mg (เม็ดตอกขาวกลม) 500s," 1,490.00 "
9997/10,TEP-PLUS : Ear & Skin Cleanser ทำความสะอาดหู-กำจัดไรหู 115ml, 272.00 
9997/12,TEP-PLUS : Ear & Skin Cleanser ทำความสะอาดหู-กำจัดไรหู 30ml, 147.00 
135,TEPTHAI ORIGINAL เทพไทย ยาสีฟันสมุนไพร รส ดั้งเดิม 70g, 79.00 
529/1,TERACORTE CREAM 15g, 58.00 
471/1,TERBROSIN 10x10s [ชุมชน], 110.00 
5130/2,TERBU EXPECTORANT 60ml [ชุมชน], 23.75 
1780,TERBUTALINE 1000s [TO], 153.00 
1334/2,TERBUTALINE SULFATE INJ ยาฉีด 0.5mg/1ml 50amp, 575.00 
1334,TERBUTALINE TABLETS 100x10s, 188.00 
3002/99,TERCO-D 500s, 402.00 
3002/1,TERCO-D 50x10s, 430.00 
1330/1,TERRAMYCIN 3.5g เปลือย, 25.50 
1330,TERRAMYCIN 3.5g มีกล่อง แถบชมพู **ขึ้น39.5, 38.25 
1829,TESTOS 40mg 3x10s มีโปรซื้อเยอะ, 315.00 
1335,TETRACYCLINE 250mg 1000s (ดำแดง) AU, 480.00 
1339,TETRACYCLINE CAPSULES 250mg 1000s HK (ดำแดง), 475.00 
1338,TETRACYCLINE HYDROCHLORIDE CAPSULES 250mg 1000s (ส้มเหลือง), 476.00 
1339/1,TETRASIN 250mg 1000s (ดำแดง) SSP, 470.00 
2-369/2,THERASORB ALGI PLUS HYDROPHILIC DRESSING 10x10x0.5cm บ ขาด, 90.00 
3247,THERMAPLAS เทอร์ม่าพลาส 165บ ก.5แผ่น (กล่อง), 131.50 
3247/2,THERMAPLAS เทอร์ม่าพลาส ลดอาการปวดบ่า ซอง3แผ่น **ราคาพิเศษ**, 90.00 
3247/1,THERMAPLAS เทอร์ม่าพลาส ลดอาการปวดประจำเดือน ซอง3แผ่น **ราคาพิเศษ**, 70.00 
2017/35,THIAMINE VITAMIN B1 ROTA (รูปสามเหลี่ยมชมพูเคลือบ) 1000s, 245.00 
1794/2,THROATSIL-CBS 100 60ml (รสราสเบอร์รี่), 16.50 
1794/1,THROATSIL-CBS 250 60ml (รสราสเบอร์รี่), 18.50 
4424,THROATSIL HONEY & LEMON 24ซองx8s, 294.00 
4415,THROATSIL ORANGE+VIT C 24ซองx8s, 294.00 
4415/12,THROATSIL ORANGE+VIT C 2x12s, 40.25 
4414/1,THROATSIL PLUS 24x8s (รสเมนทอล), 355.00 
1349,TIFFY DEY 25x4s *ใหม่205, 191.50 
491,TIFFY DEY SYRUP 30ml, 20.00 
1348,TIFFY DEY SYRUP 60ml, 31.50 
2718/1,TIFFYRUB 20g, 46.50 
2719,TIFFYRUB 40g, 76.00 
2717,TIFFYRUB 6g, 16.50 
51/2,TIGER BALM LOTION 80ml (ก.1ขวด), 142.00 
1717,TIGER BALM OINTMENT-HR ยาหม่องตราเสือ เอชอาร์ (ขาว) 10g, 42.67 
1718,TIGER BALM OINTMENT-HR ยาหม่องตราเสือ เอชอาร์ (ขาว) 19.4g, 59.17 
1714,TIGER BALM OINTMENT-HR ยาหม่องตราเสือ เอชอาร์ (ขาว) 30g, 74.75 
1716,TIGER BALM OINTMENT-HR ยาหม่องตราเสือ เอชอาร์ (แดง) 10g, 43.00 
1719,TIGER BALM OINTMENT-HR ยาหม่องตราเสือ เอชอาร์ (แดง) 19.4g, 59.17 
1715,TIGER BALM OINTMENT-HR ยาหม่องตราเสือ เอชอาร์ (แดง) 30g, 74.75 
1715/1,TIGER BALM SOFT12x25G กลิ่นลาเวนเดอร์, 884.00 
2374/3,TIGERPLAST Animal Kingdom พลาสเตอร์ ไทเกอร์พลาส 10x8ชิ้น, 108.00 
1321/14,TIGERPLAST PLASTER 19x56mm พลาสเตอร์ (สีใส) 1x10s เทนโซพลาสติก, 9.00 
1391/8,TIGERPLAST WRIST EXTRA COMFORT SUPPORT พยุงข้อมือสปอร์ตปรับกระชับได้ ADJ, 178.00 
1685/40,Tigerplast ผ้าก๊อซ4Ply 2x2นิ้ว Gauze ก.12ซอง, 71.75 
1321/11,Tigerplast พลาสเตอร์ปิดแผล พลาสติก (สีใส) 300แผ่น Plaster, 159.00 
1353/1,TIMAZOL 10x10s, 93.00 
1353,TIMAZOL 50x10s, 385.00 
8308,TIME ORAL ULCER PATCH 3x2s แผ่นแปะแผลร้อนใน, 94.00 
1048,TIMI CREAM 15g, 38.50 
1049,TIMI CREAM 5g, 16.50 
8140/2,TIMO-MAC EYE DROPS STERILE 0.5% 5ml (timolol), 55.00 
2635/2,TIZINE SYRUP 60ml บ ขาด, 12.50 
201/4,T.MAN-LAX 1000s (เม็ดกลมไข่ไก่), 250.00 
201/5,T.MAN-LAX 100x10s (เม็ดกลมไข่ไก่), 385.00 
2-863/1,T.MAN LOTION 30ml, 22.00 
835/4,T.M.DAZOLE 25x4s, 142.00 
4205,TOBRADEX 5ml, 129.50 
4205/1,TOBRADEX OINTMET 3.5g, 91.50 
4204,TOBREX 5ml โปรดดูวัน exp, 116.00 
2942,TOFAGO 1x10s, 23.00 
3446-1,TOFLEX 125 DRY (เปลือย), 23.25 
3442-1,TOFLEX 250 DRY (เปลีอย), 36.00 
3447,TOFLEX 500mg 10x10s, 247.00 
1787,TOLCHICINE 10x10s, 52.00 
879/5,TOLPER-S 50mg 25x10s, 125.00 
1091/4,TOMEI ANTI-ACNE CREAM PLUS 7-in-1 9g, 109.25 
1090,TOMEI CLINDAI GEL 5g, 33.50 
1671/3,TOMUSOL 50mg 50x10s กลมชมพู บ ขาด, 302.00 
1359,TONAF 1% CREAM 15g แดง, 58.00 
1358,TONAF 1% CREAM 5g แดง, 27.75 
1357,TONAF 2% CREAM 15g เขียว, 69.75 
1356,TONAF 2% CREAM 5g เขียว, 34.75 
1354,TONAF-B CREAM 5g, 31.00 
4227,TONY LOTION 30ml, 18.67 
4438,TONY LOTION 60ml, 30.00 
4056/3,TOPAMINE 50x10s **ขายขาด, 342.00 
14212/7,TOP EGG Albumen 30เม็ด โปรตีนไข่ขาวเม็ด 5เม็ด=ไข่ขาว2ฟอง, 186.00 
14211/7,TOP EGG Albumen 60เม็ด โปรตีนไข่ขาวเม็ด 5เม็ด=ไข่ขาว2ฟอง (ขวด) มีโปรซื้อเยอะ, 343.00 
1360,TOPICORTE 15g, 120.50 
1361,TOPICORTE 5g, 52.50 
1360/2,TOPOXY CREAM 10g, 47.75 
1382/7,T-Ora PASTE 5g ป้ายปาก [trinolone], 21.50 
1382/6,T-Ora PASTE ซอง 25ซองx1g [trinolone], 142.00 
4207/2,TORCOZIA 90mg 1x5s [ชุมชน] มีโปรซื้อเยอะ, 45.50 
4207/11,TORIXIB 60mg 3x10s, 186.00 
4207/10,TORIXIB 90mg 10x10s, 779.00 
4207/15,TORIXIB 90mg 1x5s, 46.00 
2-286/1,TORRAFEN FORTE 1x10s, 24.25 
2728,TORRENT 1x10s, 14.50 
2300/2,T-OSMIN 25x10s, 835.00 
947240/1,TOTRAL กระต่ายบิน ก.20ซองx30ml รสสตรอเบอรรี่ โปรดดูวัน exp, 525.00 
4432/3,TRAJENTA 5mg 30s," 1,480.00 "
3763,TRAMIC 500mg 10x10s, 391.00 
221,TRAM LOTION 30ml, 21.67 
1933,TRAM LOTION 60ml, 36.50 
1383/3,TRAMSILONE ORAL PASTE 0.1% 5g, 24.25 
3676/2,TRANCELTEAR 10หลอดx0.8ml, 67.25 
3676/1,TRANCELTEAR 30หลอดx0.8ml, 205.25 
1771-1/5,TRANDROZINE 25mg 1000s (กลมเหลือง), 397.00 
1771-1/1,TRANDROZINE SYRUP 60ml (ส้ม), 15.50 
2291,TRANSAMIN 250mg 100s **ขึ้น265, 261.00 
3763/3,TRANSAMIN 500mg 10x10s เม็ดตอกขาว ไดอิจิ, 569.50 
3763/4,TRANSAMIN ฉีด Inj 50mg/ml 5mlx50s ไดอิจิ," 1,475.00 "
2291/13,TRANSIC 250mg 500s แคปซูลขาว, 741.00 
1369,TRAVOCORT CREAM 10g, 116.50 
1371,TRAVOGEN CREAM 10g, 116.00 
3140/5,TRAZODONE 50mg 25x10s, 450.00 
1363,TREX-250 10x10s **ใหม่ 131.50, 116.00 
3232/7,Triamcinolone Cream 0.1% GPO 15g, 22.00 
3231/1,Triamcinolone Cream 0.1% GPO 5g, 13.00 
3595/4,TRILIPIX 135mg 3x10s, 851.00 
1382/15,TRINOLONE CREAM 0.1% 15g, 16.25 
1381,TRINOLONE-KIDS ORAL PASTE 25ซองx1g, 148.75 
1383,TRINOLONE ORAL PASTE 5g, 25.50 
1382,TRINOLONE ซอง 25ซองx1g, 149.50 
3249/1,TRIO-B 3x10s มีโปรซื้อเยอะ, 83.00 
1504/31,TRIPLE MEGA FISH OIL 1000mg 30s [MEGA], 278.00 
4313,TRIPNATOL 10mg 1000s (กลมชมพู), 140.00 
4314,TRIPNATOL-25 NL 500s, 141.00 
4893,TRIPSYLINE 25mg 1000s, 452.00 
91490/6,TRISTAN 90mg 20x1x3s, 522.00 
2323/8,TRIVIT-B VITAMIN B COMPLEX INJECTION 50x3ml, 262.00 
4270,TRUSLEN COFFEE PLUS 10x16g **ขายขาด, 64.00 
8140/1,TRUSOPT 2% 5ml, 537.50 
51/3,TUPTIM KAEW 60g หัวลูกกลิ้งสแตนเลส ทับทิมแก้ว, 144.00 
2-863,T.V. LONE LOTION 30ml, 15.83 
2-864,T.V. LONE LOTION 60ml, 24.25 
4432/2,TWYNSTA 80mg/10mg 30s, 860.00 
4432/1,TWYNSTA 80mg/5mg 30s, 860.00 
1410,TYLENOL 500 20x10s, 233.00 
1409-1,TYLENOL 500mg 100s, 127.00 
1409-1/1,TYLENOL 500 ขวด50s, 64.00 
1408,TYLENOL 8 HOUR 1x10s, 35.50 
2162,TYSTATIN ORAL SUSPENSION 12ml, 32.50 
2250/3,UDEA 10% 30g มีโปรซื้อเยอะ, 50.50 
08080/2,UDEA 20% 30g, 63.00 
1671/1,UDOCALM 50mg 10x10s, 60.50 
1111/5,UECOF CD ยาน้ำแก้ไอ ยู อี คอฟ ผสมมะขามป้อม กลิ่นน้ำผึ้งเลมอน 120ml (เหลือง), 30.25 
1111,UECOF CD ยาน้ำแก้ไอ ยู อี คอฟ มะขามป้อม 120ml (แดง), 30.25 
1111/2,UECOF CD ยาน้ำแก้ไอ ยู อี คอฟ มะขามป้อม 60ml, 17.25 
1111/10,UECOF FOR KIDS mouth spray แก้ไอเด็ก ยู อี คอฟ 15ml (สตอเบอรี่), 76.00 
1111/6,UECOF FOR KIDS ยาน้ำแก้ไอเด็ก ยู อี คอฟ 60ml (สตอเบอรี่), 23.50 
07857/22,UECOF Herbal Mouth Spary 15ml, 76.00 
1111/1,UECOF OS ยาน้ำแก้ไอ ยู อี คอฟ ผสมมะขามป้อม 120ml (ฟ้า), 30.25 
1110/4,UECOF SF ยู อี คอฟ ยาอมผสมสมุนไพร 20x20s (กลิ่น ซีตรัส ซี), 429.00 
1110/2,UECOF SF ยู อี คอฟ ยาอมผสมสมุนไพร 20x20s (กลิ่นน้ำผึ้งผสมเลมอน), 429.00 
1110/5,UECOF SF ยู อี คอฟ ยาอมผสมสมุนไพร 20x20s (กลิ่นส้มยุสุ), 429.00 
1110/9,UECOF SF ยู อี คอฟ ยาอมผสมสมุนไพร 20x20s (กลิ่นเสาวรส), 429.00 
1110,UECOF SF ยู อี คอฟ ยาอมผสมสมุนไพร 20x20s (สูตรดั้งเดิม รสมะขามป้อม), 429.00 
1110/7,UECOF SF ยู อี คอฟ ยาอมผสมสมุนไพร กล่องเล็ก20x6s (กลิ่นน้ำผึ้งผสมเลมอน), 159.00 
1110/8,UECOF SF ยู อี คอฟ ยาอมผสมสมุนไพร ก.เล็ก20x6s (สูตรดั้งเดิม รสมะขามป้อม), 159.00 
1419,ULCEFATE 1g 10x10s, 705.00 
7996,ULCEFATE SUSPENSION 20ซองx5ml, 477.75 
7976/1,ULCEFATE SUSPENSION 240ml, 490.00 
7976,ULCEFATE SUSPENSION 60ml, 145.75 
1417,ULGASTRIN 42s, 106.50 
754/2,ULSAMET 400 500s, 585.00 
754/1,ULSAMET 400 50x10s, 624.00 
1420/3,ULTRACARBON N.F. 5x10s, 297.00 
1420/2,ULTRACARBON X 5x10s, 249.00 
9113400/2,UMAFEN-400 50x10s (ibuprofen), 309.00 
3900/6,UMBILI Anti&After B-BALM SOOTHING BALM 5g ยุงกัด, 51.00 
3900/12,UMBILI BABY GEL มหาหิงค์ กลิ่น original 30g, 81.00 
2159/11,UMBILI CHUN CHUN GOOD DAY SPRAY ปรับอากาศ 250ml สเปรย์หัวหอม, 154.00 
2159/13,UMBILI CHUN CHUN GOOD NIGHT SPRAY ปรับอากาศ 100ml สเปรย์หัวหอม, 92.00 
2159/10,UMBILI CHUN CHUN GOOD NIGHT SPRAY ปรับอากาศ 250ml สเปรย์หัวหอม, 154.00 
3900/11,UMBILI CHUN CHUN HERBAL TOWEL 4ผืน ผ้าเช็ดตัวลดไข้, 121.00 
1922/13,UMBILI GOOD NIGHT SERUM อัมบิลี่ ฉุนฉุน ออร์แกนิก ออยล์ 12ml สีม่วง, 94.00 
2159/15,UMBILI ORGANIC MITE SPRAY ดักฝุ่น 250ml, 133.00 
2245/14,UMBILI TOOTH & GUM FINGER WIPES 20ชิ้น ผ้าเช็ดเหงือกทารก รสgrape, 89.00 
2245/13,UMBILI TOOTH & GUM FINGER WIPES 20ชิ้น ผ้าเช็ดเหงือกทารก รสstrawberry, 89.00 
2245/1,UMBILI แป้งน้ำ คาลาไมล์ calamine 100ml, 78.00 
2245/2,UMBILI สเปรย์กันยุง กลิ่น citrus อ่อนโยน G6PDใช้ได้, 66.00 
2245/3,UMBILI สเปรย์กันยุง กลิ่น lavender อ่อนโยน G6PDใช้ได้, 66.00 
1922/7,UMBILI อัมบิลี่ ฉุนฉุน ออร์แกนิก เจนเทิล ออยล์ 10ml สีชมพู, 94.00 
1922/6,UMBILI อัมบิลี่ ฉุนฉุน ออร์แกนิก ออยล์ 12ml สีฟ้า หายใจโล่ง, 94.00 
1922/10,UMBILI อัมบิลี่ ชิ่วชิ่ว สติกเกอร์กันยุง หายใจโล่ง 1x10s กลิ่น citrus สีส้ม, 56.00 
1922/9,UMBILI อัมบิลี่ ชิ่วชิ่ว สติกเกอร์กันยุง หายใจโล่ง 1x10s กลิ่น lavender สีม่วง, 56.00 
1922/15,UMBILI อัมบิลี่ สติกเกอร์หัวหอม สีน้ำเงิน GOOD NIGHTหายใจโล่ง 1x10s, 56.00 
1922/14,UMBILI อัมบิลี่ สติกเกอร์หัวหอม สีฟ้า GOOD DAY หายใจโล่ง 1x10s, 56.00 
91110/3,UMEGOT 1x10, 19.75 
1771/1,UNIRAX-PINK 10mg NL 1000s เม็ดกลมชมพู, 110.00 
4244,UNIREN SPRAY 60ml **ขึ้น142.5, 133.75 
1430,UNISON ENEMA สวนทวาร 10x10ml (เด็ก) **ขึ้น75, 69.25 
1431,UNISON ENEMA สวนทวาร 10x20ml (ผู้ใหญ่), 79.75 
1985,UNISON OINTMENT 15g, 14.25 
1429,UNISON U-ENEMA สวนทวาร 100ml, 21.25 
5128/2,UNSPASIC 50x10s, 479.00 
4110/2,URIEF 4mg 3x10s, 432.00 
1465/29,Urine Bag 2000ml ถุงเก็บปัสสาวะ เทล่าง SK MAX วาวล์หมุนพร้อมสายคาด (ถุง), 18.00 
1465/28,Urine Bag 2000ml ถุงเก็บปัสสาวะ เทล่าง วาวล์หมุนพร้อมสายคาด (ถุง), 21.00 
3717/8,URSOLIN 250mg 10x10s, 908.00 
2505/2,U-SPA 100mg 10x10s, 210.00 
2505/3,U-SPA 200mg 10x10s, 330.00 
812/5,UTMOS 15mg 10x10s, 247.00 
812/3,UTMOS 15mg 3x10s, 72.00 
812/4,UTMOS 30mg 10x10s, 388.00 
812/2,UTMOS 30mg 3x10s, 115.00 
624/1,UTO GLUCOSE 50% 454g, 52.75 
2561/2,V1-6-12 1000s วิตามินบี1-6-12 one-six-twelve (กระปุก) **ขึ้น462, 445.00 
2561/1,V1-6-12 100x10s วิตามินบี1-6-12 one-six-twelve (ก.100แผง), 482.00 
5878/9,VACCINE DEFENSOR RABIES (พิษสุนัขบ้า), 27.00 
5878/3,VACCINE Felocell 4 (ไข้หัดแมว), -   
5878/2,VACCINE Felocell CVR (ไข้หัดแมว), -   
5878/1,VACCINE FIP Primucell (เยื่อบุท้องอักเสบ), 235.00 
5878/7,VACCINE Vanguard (Feline Felv) ลูคีเมีย, 180.00 
5878/6,VACCINE Vanguard HTLP 5CV-L (5 โรคสุนัข+Corona), -   
5878/5,VACCINE Vanguard HTLP 5/L (5 โรคสุนัข+กระตุ้นภูมิ), -   
5878/8,VACCINE Versican DHPPi+L4R (6 โรคสุนัข Lepto+Rabies), -   
636/1,VAGICIN VT 1x5s **ขึ้น30.50 บ ขาด, 24.00 
636/10,VAGICIN VT 3x10s, 146.00 
835/1,VAGILAN 200mg 1000s, 203.00 
3414/5,VALERBET CREAM 5g, 10.00 
3414/6,VALERBET-N CREAM 15g, 33.00 
3414/7,VALERBET-N CREAM 5g, 13.75 
2276/3,VALOVIR-500 TABLETS 500mg 1x10s เม็ดขาวรี, 429.00 
2276/2,VALOVIR-500 TABLETS 500mg 5x10s เม็ดขาวรี," 2,050.00 "
454/4,Valsartan GPO 160mg 3x10s (DIOVAN), 124.00 
2276/1,VALTREX TABLETS 500mg 1x10s, 835.00 
9610100,Vaseline 100g [Pure Jelly] วาสลีน (กระปุก), 105.00 
961150,Vaseline 50g [Aloe vera Jelly] วาสลีน, 69.00 
ก.พ.-81,Vaseline 50g MEDMAKER [2M] 60บ วาสลีน, 32.50 
961050,Vaseline 50g [Pure Jelly Original] วาสลีน, 69.00 
3018,VASTAREL MR 35mg 60s, 543.00 
2-783/2,V-CAP 150mg 10x10s, 113.00 
2323/3,V-C INJECTION 250mg/1ml 10ampx2ml, 34.00 
2335/9,VC VIT C WHITENING CREAM 7gx10ซอง (น้องฉัตร) **ขายขาด, 303.00 
2-477/2,VECIN TABLETS 20mg 3x10s, 85.00 
99125/2,VEENAC 25 1000s (เม็ดสีเขียว), 245.00 
99150/3,VEENAC 50 1000s (เม็ดกลมม่วง), 450.00 
99150/2,VEENAC 50 1000s (เม็ดสีเขียว), 446.00 
886,VEET PURE HAIR REMOVALCREAM ALOEVERA 25g, 116.50 
884,VEET PURE HAIR REMOVAL CREAM SHEABUTTER 25g, 116.50 
2532/2,VEFLOX 500mg 1x10s [ชุมชน], 101.00 
2532/3,VEFLOX 750mg 1x10s [ชุมชน], 128.00 
448/2,VENSIX 25x4s (แคปซูล ม่วง-ขาว), 119.00 
1455,VENTOLIN EVOHALER 200doses, 185.00 
28-มิ.ย.,VERMIXIDE SUSPENSION 10ml, 20.00 
28-พ.ค.,VERMIXIDE TAB 200mg 2s, 7.65 
330/2,VERRUMAL SOLUTION 13ml (ทาหูด), 205.50 
448/5,VERTAMIN 10x10s (สามเหลี่ยมสีเขียว) ไดเมน, 185.00 
99125/3,VESCONAC 25 1000s (เม็ดกลมชมพู), 124.00 
99125/4,VESCONAC 25 1000s (เม็ดกลมเหลือง), 124.00 
99125/5,VESCONAC 50 1000s (เม็ดรีชมพู), 229.00 
99125/6,VESCONAC 50 1000s (เม็ดรีส้ม), 229.00 
296/98,VESMO-20 1000s, 274.00 
414/1,VESOPH EYE - EAR DROPS 5ml, 17.50 
1826/3,VESPERIDONE 1000s, 143.00 
1826/2,VESPERIDONE 10mg 50x10s, 105.00 
1082/5,VESTAN 500 500s, 226.00 
1082/4,VESTAN 500mg 25x10s, 175.00 
9998/8,VF plus core- Bio Post&Prebiotic เขียวเข้ม 30Sachets*12g, 323.00 
9998/11,VF plus core- Blood Care แดง 30Sachets*12g, 323.00 
9998/2,VF plus core- Feline Vitality : ดูแลภาพรวม ทอง 30Sachets*12g, 323.00 
9998/9,VF plus core- Fiber Gut Health& Hairball ครีม 30Sachets*12g, 323.00 
9998/7,VF plus core- JC Complex : บำรุงข้อต่อ เขียว 30Sachets*12g, 323.00 
9998/6,VF plus core- KC Complex : สำหรับโรคไต ส้ม 30Sachets*12g, 323.00 
9998/1,VF plus core- Lysine : กระตุ้นภูมิ เหลือง 30Sachets*12g, 323.00 
9998/10,VF plus core - Skin support : บำรุงขน ชมพู 30Sachets*12g, 323.00 
9998/4,VF plus core- Tuna with Amino Acids : บำรุงร่างกาย เสริมสร้างกล้ามเนื้อ แดงเข้ม 30Sachets*12g, 323.00 
9998/3,VF plus core- Urinary & Calming : ลดความเครียด ม่วง 30Sachets*12g, 323.00 
2713,V-giff น้ำ เล็ก 300cc 239 วีกี๊ฟ, 135.00 
2714,V-giff น้ำ ใหญ่ 500cc 295บ วีกี๊ฟ (ขวด), 199.00 
2712,V-GIFF วี-กิ๊ฟ 30s, 182.75 
3795,VIARTRIL-S 1500mg 30ซอง *โปรซื้อเยอะ," 1,082.00 "
912-1/2,VIBEE 10x10s [สูตร NEUROBION], 231.00 
268/10,Viboosta เม็ดฟู่ Acerola Cherry plus 12x7s ภูมิต้านทาน ไวบูสต้า (หลอด), 55.50 
268/8,Viboosta เม็ดฟู่ Colla Cal D ก.12x7s ผิว กระดูก ข้อ ไวบูสต้า *มีโปรซื้อเยอะ, 55.50 
268/9,Viboosta เม็ดฟู่ Magnesium plus 7s รสองุ่นเคียวโฮ ไวบูสต้า *มีโปรซื้อเยอะ, 55.50 
268/11,Viboosta เม็ดฟู่ Multivit 7s เหนื่อยล้า ไวบูสต้า *มีโปรซื้อเยอะ, 55.00 
268/15,Viboosta สีครีม เม็ดฟู่ POSTIC FIBER 20s ไวบูสต้า, 77.00 
268/3,Viboosta สีชมพู เม็ดฟู่ Acerola Cherry plus 20s ภูมิต้านทาน ไวบูสต้า, 77.00 
268/1,Viboosta สีฟ้า เม็ดฟู่ Colla Cal D 20s ผิว กระดูก ข้อ ไวบูสต้า, 77.00 
268/5,Viboosta สีม่วง เม็ดฟู่ Magnesium plus 20s รสองุ่นเคียวโฮ ไวบูสต้า, 77.00 
268/7,Viboosta สีส้ม เม็ดฟู่ C-FORCE 20s ภูมิต้านทาน ไวบูสต้า, 77.00 
268/2,Viboosta สีส้ม เม็ดฟู่ Lutein plus 20s สายตา ไวบูสต้า, 77.00 
268/12,Viboosta สีเหลือง เม็ดฟู่ ENZY 20s รสมะนาว ไวบูสต้า, 77.00 
268/4,Viboosta สีเหลือง เม็ดฟู่ Multivit 20s เหนื่อยล้า รสสับปะรด ไวบูสต้า, 77.00 
654/22,VibraVet 100 Pastes (Doxycycline) แบ่งขาย มีโปรซื้อเยอะ, 165.00 
2582/6,VICHY DERCOS 2in1 ANTI-DANDRUFF SHAMPOO 200ml แถบสีส้ม, 389.00 
2582/5,VICHY DERCOS ANTI-DANDRUFF SHAMPOO 200ml, 405.00 
2582/7,VICHY DERCOS ENERGY+ AMINEXIL SHAMPOO 200ML (สูตรผมร่วง) สีแดง, 349.00 
2582/4,VICHY LIFT ACTIV B3 SERUM 30ml (ขวด)," 1,219.00 "
2582/3,VICHY MINERAL89 BOOSTER SERUM 50ml (ขวด) **ขึ้น942 โปร27มค-11มีค69 ลด30บ, 889.00 
1459,VICKS BABY BALSAM 50g วิคส์ เบบี้, 214.00 
1460,VICKS ขวด25g วิคส์, 95.25 
1462,VICKS ขวด50g วิคส์, 182.00 
1463,VICKS ตลับ10g วิคส์, 41.75 
1461,VICKS ตลับ5g วิคส์, 23.00 
1260/1,Vicks อม HONEY&LEMON 24x8s, 722.00 
1260/2,Vicks อม HONEY&LEMON 2x12s *โปรดดูวันexp, 75.25 
1258/1,Vicks อม ORANGE 24x8s *โปรดดูวัน exp, 722.00 
1258/2,Vicks อม ORANGE 2x12s *โปรดดูวัน exp, 75.25 
2802,VICLOVIR 1g [NL] (ก.10ซอง), 52.00 
4404,VIDISIC GEL 10g, 128.00 
2071/2,VIFAS 180mg 1x10s ไวฟาส (fexofenadine) *มีโปรซื้อเยอะ, 105.00 
2071/1,VIFAS 60mg 1x10s ไวฟาส (fexofenadine), 48.50 
2-404,VILERM 10ซองx1g, 118.00 
2688,VILERM 200mg 5x5s, 152.75 
2687,VILERM 400mg 14x5s, 619.00 
2-980,VILERM 800mg 7x5s กล่องชมพู, 434.00 
3384,VILERM CREAM 5g มีโปรซื้อเยอะ, 46.25 
1851,VIOLIN 1000s เม็ดกลมชมพู, 117.00 
3442/3,VIOLIN SYRUP 60ml (เปลือย), 12.00 
155200/1,Virgin coconut oil น้ำมันมะพร้าว 100% 200cc 395บ [maxx life], 168.00 
2276,VIROGON 200mg 5x5s กล่องฟ้า, 97.75 
1486,VIROGON 400mg 7x10s กล่องชมพู, 350.00 
1485,VIROGON 800mg 7x5s กล่องม่วง, 350.00 
2688/2,VIROVIR SUSPENSION 200mg/5ml 60ml, 104.50 
405/11,VISLUBE 0.18% 10ml ไม่มีสารกันเสีย เปิดแล้วอยู่ได้3เดือน, 395.00 
405,VISLUBE 0.18% 20sx0.45ml, 348.00 
4323,VISTRA ACEROLA CHERRY 45s, 240.00 
516-1/2,VISTRA ADVANCED ELASTIN PEPTIDE PLUS COLLAGEN 5000mg 12gx10s, 335.00 
8045,VISTRA ASTAXANTHIN 4mg PLUS VITAMIN E [VISTRA](30s), 348.00 
08045/2,VISTRA ASTAXANTHIN 6mg PLUS VITAMIN E 30s (ขวด), 472.00 
4340/1,VISTRA BACOPA EXTRACT 30s วิสตร้า, 172.00 
151,"VISTRA B-COM , mineral 30s วิสตร้า บี-คอมเพล็กซ์ (ขวด)", 132.50 
3995,VISTRA B-COMPLEX PLUS GINSENG 30s, 206.00 
2415,VISTRA BILBERRY EXTRACT PLUS LUTEIN 30s, 291.00 
3988/6,VISTRA BIO-C 1000mg 30s วิสตร้า ไบโอ ซี สูตรใหม่อาหารเสริม, 173.00 
3988,VISTRA BIO-C 30s 325บ วิสตร้า ไบโอ ซี BIO C (ขวด), 197.50 
4324,VISTRA BON-ACTIV UC-II 40mg (COLLAGENTYPE II) 30s, 523.00 
2749/1,Vistra Calplex Calcium 600mg Menaquinone-7 30s, 151.50 
3989,VISTRA COENZYME Q10 30mg 30s โค-เอนไซม์, 141.50 
4323/1,VISTRA CRANBERRY 600mg 30s แครนเบอร์รี่, 224.75 
4451/2,VISTRA DT DAILY FIBER 7000mg 1x10sachets, 103.25 
2640,VISTRA E.P.O Evening Primrose Oil วิสตร้า น้ำมันอีฟนิ่งพริมโรส 75s (ชมพู), 228.25 
24-ม.ค.,VISTRA GINKGO 120mg 30s, 175.00 
2/1/4322,VISTRA GLUTA COMPLEX 1000 30s, 472.00 
4322-1,VISTRA GLUTA COMPLEX 800 30s, 387.50 
1/1/4322,VISTRA GOTU KOLA EXTRACT PLUS ZINC 30s มีโปรซื้อเยอะ, 175.00 
2266,VISTRA L-CARNITINE 30s, 229.75 
4439,VISTRA LECITHIN-soy 1200mg 90s 320บ วิสตร้า เลซิติน, 182.00 
13-ม.ค.,"VISTRA MAGNESIUM PLUS B1,B6 & B12 30s", 155.00 
516-1,VISTRA MARINE COLLAGEN 1300 30s, 300.50 
2749/2,VISTRA SOY GERM POWDER 30s, 383.00 
4340,VISTRA TOMATO EXTRACT PLUS BETA-CAROTENE 30s, 342.00 
1374/8,VISTRA VITAL-PRO MULTIVITAMINS Ultra plus 30s (multivitamins), 214.00 
4068,VISTRA ZINC 15mg 45s, 155.00 
1190,VISTRA วิสตร้า GRAPE-SEED เกรปซีด 30cap, 199.50 
181,VITA 1+6+12 1000s *มีโปรซื้อเยอะ, 377.00 
14910,VITABION 10x10s, 240.00 
1280/5,Vita-C 25mg LUTEIN BERRY PLUS เม็ดอม รสสตอเบอร์รี่ รูปหัวใจ 50ซองx30s [TMAN], 235.00 
1280/6,Vita-C 25mg เม็ดอม รสส้ม 25mg 25ซองx30s [TMAN] (ก.50ซอง), 113.00 
1280/3,Vita-C 50mg เม็ดอม รสส้ม 10ซองx100s [TMAN], 390.00 
1519/2,VITACAP ZN 30s, 121.00 
14429/2,VITA C CALCIUM GUMMY 12x40g (BLACK CURRANT) รสแบล็คเคอเรนท์, 301.00 
14429/3,VITA C CALCIUM GUMMY 12x40g (COLA) รสโคล่า, 301.00 
14429/1,VITA C CALCIUM GUMMY 12x40g (MUSCAT GRAPE) รสองุ่นมัสแคท, 301.00 
14429/4,VITA C CALCIUM GUMMY 12x40g (ORANGE) รสส้ม, 301.00 
14429/5,VITA C CALCIUM GUMMY 12x40g (STRAWBERRY) รสสตรอเบอร์รี่, 301.00 
726/12,VITA-C CANDY POP รสส้ม 1x10s อมยิ้ม, 123.00 
726/14,VITA-C CANDY POP แอปเปิ้ลเขียว 1x10s อมยิ้ม, 123.00 
1280/2,Vita-C Jelly strip รสส้ม[TMAN] 1x10s, 73.00 
14626,VITA-C MULTI FRUIT GUMMY LUTEIN BILBERRY EXTRACT 20mg 1x24s กล่องแดง, 158.00 
1590,VITA-C VITAMIN C TABLET 25mg 1000s (มะนาว), 97.00 
1490-1,VITA-C VITAMIN C TABLET 25mg 1000s (สตรอเบอรี่) มีโปรซื้อเยอะ, 111.00 
1493,VITA-C VITAMIN C TABLET 25mg 1000s (ส้ม) มีโปรซื้อเยอะ, 97.00 
4533,VITA-C VITAMIN C TABLET 25mg 1000s (สับปะรด) มีโปรซื้อเยอะ, 97.00 
1490,VITA-C VITAMIN C TABLET 25mg 1000s (องุ่น) มีโปรซื้อเยอะ, 97.00 
1490/2,Vita-C เม็ดอม องุ่น 25mg 25ซองx30s [TMAN], 113.00 
1841/3,Vitalux Plus with LUTEIN 30s 500บ ไวตาลักซ์ พลัส (ขวด), 307.00 
2017/51,VITAMATE BIOTIN 3000mcg 30s, 259.00 
7995,"VITAMIN A CAPSULES 25,000IU 100s [PATAR]", 47.25 
2323/5,VITAMIN B12 INJECTION 1000mcg/1ml 1x10ml, 25.75 
2323/6,VITAMIN B12 INJECTION 1000mcg/1ml 50x1ml, 233.00 
2561/4,VITAMIN B1 6 12 1000s เม็ดกลมชมพูอ่อน, 415.00 
2561/3,VITAMIN B1 6 12 100x10s เม็ดกลมชมพูอ่อน, 510.00 
2017,VITAMIN B B-COMPLEX AU (แดง) 1000s บี-คอมเพล็กซ์ ลัง100 (กระปุก) บ ขาด, 110.00 
2017/12,VITAMIN B B-COMPLEX GPO 1000s บี-คอมเพล็กซ์, 262.00 
2017/16,VITAMIN B B-COMPLEX PICCO (ชมพูกลมเคลือบ) 1000s, 282.00 
2017/30,VITAMIN B B-COMPLEX ROTA (กลมแดงเคลือบ) 1000s, 209.00 
2017/31,VITAMIN B B-COMPLEX ROTA (กลมเหลืองเคลือบ) 1000s, 209.00 
2017/32,VITAMIN B B-COMPLEX ROTA (ไข่แดงเคลือบ) 1000s, 225.00 
2017/34,VITAMIN B B-COMPLEX ROTA (รูปไตเขียวเคลือบ) 1000s, 245.00 
2017/33,VITAMIN B B-COMPLEX ROTA (รูปไตน้ำตาลเคลือบ) 1000s, 245.00 
2017/13,VITAMIN B TABLETS COMPOUND STRONG 1000s (เคลือบกลมส้มอิฐ ), 155.50 
2377/12,VITAMIN C 1000mg 31s [SNAKE BRAND] ระคายเคืองกระเพาะน้อย, 153.00 
2053,Vitamin C 500mg GPO 100s, 182.00 
2323/4,VITAMIN C INJECTION 250mg/1ml 50ampx2ml, 208.00 
2377/13,VITAMIN C+ZINC 1000mg 31s [SNAKE BRAND] ระคายเคืองกระเพาะน้อย, 177.00 
2252/2,VITAMIN PLUS LYSINE 100ml MTV, 48.25 
2252/3,VITAMIN PLUS LYSINE 60ml MTV, 42.00 
3889/1,VITARA BETA-C 15g, 36.50 
3994/50,VITARA CICA&E CREAM GEL 25g, 96.00 
2-201/1,VITARA CLINDA GEL 15g, 47.25 
2-201/2,VITARA CLINDA GEL 7g, 26.00 
786/3,VITARA E CREAM 25g, 59.00 
786/4,VITARA E CREAM 50g, 103.50 
07857/21,VITARA PROPOLIS PLUS MOUTH SPRAY 12ml ฟ้าทะลายโจร, 94.00 
786/7,VITARA SE GEL FOR SCAR E60X 15g, 135.25 
786/6,VITARA SE GEL FOR SCAR E60X 5g, 66.50 
3951/2,VITARA Silicone Scar Plus SPF 9g, 185.50 
3951/4,VITARA ULTRA Silicone Scar 9g, 186.50 
4338/1,"VIT-B 1,6,12 FORTE 5x10s [vit B1-6-12]", 165.00 
1495-1,VIT C 25 FRX รวมรส กล่อง60ซองx30s วิตามิน ซี, 218.00 
655/3,VIT C-MILE 500mg 1x15s มีโปรซื้อเยอะ, 37.25 
1496,VIT C ส้ม 50mg 1000s [PATAR VIT C เม็ด] วิตามิน ซี (ขวด), 114.50 
1495,VIT C ส้ม 50mg 1000s สหการ วิตามิน ซี (ขวด), 122.00 
1497,VIT C สับปะรด 50mg 1000s [PATAR VIT C เม็ด] วิตามิน ซี (กระปุก) มีโปรซื้อเยอะ, 114.50 
2643/4,VIT-D3 droups 800iu/ml, 48.50 
1519,VITOP 10x10s บ ขาด, 392.00 
4051/2,VIVACOR 10mg 2x14s, 777.00 
4051/8,VIVACOR 20mg 2x14s, 936.25 
2017/14,VIVAMIN MTV (กลมชมพูเคลือบ) 500s, 165.00 
3285/8,VIVARINE SYRUB 60ml, 32.75 
3285/15,VIVARINE SYRUP 120ml, 61.25 
3384/5,VIVAX CREAM 15g, 29.75 
3384/2,VIVAX CREAM 5g, 16.50 
4403,VIVIDRIN EYE DROPS 10ml, 127.00 
9117400,VIZO 400mg 14x5s, 262.75 
9117800,VIZO 800mg 7x5s, 259.00 
3384/1,VIZO CREAM 5g, 27.50 
207/4,V.NOLONE 10 INJECTIONS OR INFUSIONS 1ml, 12.25 
207/3,V.NOLONE 10 INJECTIONS OR INFUSIONS 5ml, 47.00 
4092/13,VOCIN 500 10x10s, 748.00 
4092/1,VOCIN 500 1x10s, 98.75 
4244/1,VOLCLONAC SPRAY 60ml โปร12มี-11เมย69 ลด5บ, 102.50 
99125/9,VOLTA 25mg 1000s (เม็ดกลมเหลือง), 125.00 
708,VOLTAREN 25mg 3x10s โปรดูวัน exp, 143.50 
2837,VOLTAREN EMULGEL 100g, 411.00 
2836,VOLTAREN EMULGEL 10g, 67.50 
2838,VOLTAREN EMULGEL 25g มีโปรซื้อเยอะ, 145.75 
2887,VOLTAREN EMULGEL 50g มีโปรซื้อเยอะ, 261.00 
2887/10,VOLTAREN EMULGEL DOUBLE STRENGTH 30g, 219.00 
1524,VOLTAREN SR 100mg 3x10s, 632.00 
1521,VOLTAREN SR 75mg 3x10s, 394.00 
99125/10,VOLTA-T.M. 25mg 100x10s (เม็ดกลมเหลือง), 162.00 
99125/7,VOLTA-T.M. 50mg 1000s (เม็ดกลมเหลือง), 155.00 
99125/8,VOLTA-T.M. 50mg 100x10s (เม็ดกลมเหลือง), 235.00 
447/4,VOMEN Blue เม็ดสามเหลี่ยมฟ้า 50mg 1000s, 267.00 
447/5,VOMEN YELLOW เม็ดสามเหลี่ยมเหลือง 50mg 1000s เมารถ, 265.00 
4790,VOMITIL-M 10mg 1x10s, 5.75 
25139/4,VOPAR 10x10s, 772.00 
25139/1,VULTIN 100mg 10x10s, 172.50 
25139,VULTIN 300mg 10x10s, 265.00 
25139/2,VULTIN 400mg 10x10s, 422.00 
2370,W1 60x70mm TIGERPLAST TRANSPARENT WATERPROOF, 33.75 
2370/1,W2 60x100mm TIGERPLAST TRANSPARENT WATERPROOF, 32.50 
13291/3,W3 80x100mm TIGERPLAST TRANSPARENT WATERPROOF, 39.25 
13291/4,W4 100x120mm TIGERPLAST TRANSPARENT WATERPROOF, 42.00 
9999/15,WALKER 615 อุปกรณ์ช่วยหัดเดินอะลูมิเนียม แบบพับไม่ได้, 388.00 
9998/14,WALKER AWB-S สีน้ำตาล อุปกรณ์ช่วยหัดเดินอะลูมิเนียม แบบพับได้, 899.00 
9999/28,WALKER อุปกรณ์ช่วยเดิน วอล์กเกอร์ 4 ขา พับได้ FY-915L HEALTH IMPACT, 680.00 
13290/1,WF 19x40mm TIGERPLAST TRANSPARENT WATERPROOF, 23.25 
1518,Wii-TOP MULTIVITAMINS & MINERALS 10x10s, 222.00 
9993/6,Wildlives insect block deet 28 50ml กันยุง (ขวด) บ ขาด, 57.00 
9993/7,Wildlives insect block deet 95 50ml เข้าป่า (ขวด) บ ขาด เข้า ตค69, 131.50 
670/10,WISH C 25mg รสลิ้นจี่ 50x20s [Patar], 150.50 
670/9,WISH C 25mg รสองุ่น 50x20s [Patar], 150.50 
5878/10,WITNESS FIV FelV 10test เทสแมว," 2,200.00 "
13353/4,WONDER ATK COVID-19 2in1 เขียว, 15.00 
13353/5,WONDER ATK FLUA/B COVID-19 3in1 ส้ม *ขายขาด, 32.00 
633,WOODWARDS GRIPE WATER 148ml, 114.50 
1391/9,WRIST SUPPORT SOS พยุงข้อมือสปอร์ตปรับกระชับได้ ADJ, 200.00 
13290/2,WS 25x72mm TIGERPLAST TRANSPARENT WATERPROOF, 23.25 
4092/15,XALECIN 500 10x10s, 797.00 
3724,XANDASE 100mg 10s, 11.25 
3723,XANDASE 300mg 10s, 29.25 
2721,XARATOR 10mg 30s กล้องฟ้า มีโปรซื้อเยอะ, 509.00 
2722,XARATOR 20mg 3x10s มีโปรซื้อเยอะ, 643.00 
2720,XARATOR 40mg 30s กล่องเทา, 803.00 
4110,XATRAL XL 10mg 30s, 871.00 
1999/1,XEBRAMOL drop 15ml paracetamol, 19.00 
1003/1,XEBRAMOL PARACETAMOL 500 mg 1000s (เม็ดรีเขียว) กลิ่นใบเตย, 279.00 
1003/2,XEBRAMOL เม็ดกลมฟ้าขาว PARACETAMOL 500 mg 1000s กลิ่นมิ้นท์, 279.00 
3098,XENICAL 1x21s, 703.00 
4000/8,XIGDUO XR 10mg/1000mg 4x7s," 1,503.00 "
4000/9,XIGDUO XR 5mg/1000mg 8x7s," 1,698.00 "
4257,X PERT NETTLE GEL 20g, 67.00 
4221/51,XYROCIN-500 50x10s (ciprofloxacin) บ ขาด, 610.00 
1535,XYZAL 1x10s, 128.00 
3063,Y-GINK วาย-กิง 3x10s, 185.50 
1832/2,ZALAIN CREAM 20g, 147.00 
1832/1,ZALAIN CREAM 5g, 54.25 
1832/3,ZALAIN VAGINAL TABLET 1s 300mg, 155.00 
28-ก.ค.,Zalben 400mg 12x1s, 84.50 
1547,ZAM-BUK HR 18g แซม-บัค เอชอาร์, 34.75 
1545,ZAM-BUK HR 36g แซม-บัค เอชอาร์, 61.50 
1546,ZAM-BUK HR 8g แซม-บัค เอชอาร์, 22.75 
3595/2,ZANIDIP 10mg 2x14s, 552.00 
3595/3,ZANIDIP 20mg 2x14s, 839.00 
1085/1,ZARINE 1x28s [สูตร ANNA แอนนา], 15.50 
954/10,ZARIUS 1x10s, 45.75 
954/4,ZARIUS SYRUP 60ml, 57.00 
1540,Z-BEC 60s, 312.00 
953/6,Z-DEEN 10mg 1x10s, 41.50 
2169/3,ZEBEN 10ml รสสตอเบอร์รี่, 43.00 
296/5,ZEFXON INJECTION 40mg 1vialx1ml, 79.50 
1598,ZEMA CREAM 10g, 29.00 
1598/15,ZEMA CREAM 15g, 43.00 
1599,ZEMA CREAM 5g, 19.25 
1600,ZEMA LOTION 15ml, 211.00 
1600/30,ZEMA LOTION 30ml, 29.00 
4370/1,ZEMAX 250 1x6s, 45.25 
4188,ZENSIL 1x10s **มีโปรซื้อเยอะ**, 13.25 
4188/11,ZENSIL ใหญ่ 10x10s, 98.00 
1550,ZENTEL 400g 1x1s, 37.25 
28-เม.ย.,ZENTOZIDE 600mg 1x4s, 39.00 
540/3,ZERINA CREAM 15g, 24.75 
1289/3,ZERMED 10x10s, 56.00 
1289/2,ZERMED SYRUP 60ml กล้วยหอม (เปลือย), 14.50 
801/3,ZEROTAN 40mg 1x2s, 121.00 
4203/6,ZETTROL 10mg 10x10s, 762.00 
4203/10,ZETTROL 10mg 3x10s, 232.00 
1551,ZEVIN 10ซองx1g, 95.00 
1552,ZEVIN 200mg 5x5s, 81.25 
1552/1,ZEVIN 400mg 7x10s, 392.00 
1552/2,ZEVIN 800mg 7x5s, 357.00 
1554,ZEVIN CREAM 10g, 94.25 
1553,ZEVIN CREAM 3g, 35.00 
3676/60,Z FRESH 30หลอดx0.4ml, 182.00 
2894,ZIMMEX 10mg 3x10s กล่องแดง, 26.00 
2895,ZIMMEX 20mg 3x10s กล่องน้ำเงิน, 39.00 
2896,ZIMMEX 40mg 3x10s กล่องน้ำตาล, 77.50 
2905,ZIMVA 10mg 10x10s, 57.00 
2906,ZIMVA 20mg 10x10s, 98.75 
1506,ZIMVA 40mg 10x10s, 164.00 
2-938/1,ZINE PIP 25 500s (เม็ดรีฟ้า), 210.50 
2-410/1,ZINE PIP 25mg 10x10s (เม็ดรีฟ้า), 63.50 
2-890,ZITHROMAX 250mg 1x6s, 414.00 
2-668,ZITHROMAX POWDER FOR ORAL SUSPENSION 200mg/5ml, 199.50 
3907/14,Z-NITE Plus 1gx14ซอง (lemon balm & chamomile), 225.00 
91212,ZOBREX 1x10s, 49.75 
1154,ZOCOVIN 200mg 5x5s, 63.00 
1157,ZOCOVIN 400mg 7x10s, 186.00 
1132/5,ZOLOFT 100mg 3x10s," 1,469.00 "
1132/6,ZOLOFT 50mg 3x10s," 1,168.00 "
1132/4,ZOLOFT ODT 50mg 3x10s รอ lot ใหม่," 1,255.00 "
4092/9,ZOMOXIN EYE DROP 0.5% 5ml, 128.75 
19831/5,Zumi mist baby nasal spray 60ml (ขวด), 129.00 
1800/9,ZUMI NASAL KIT ชุดอุปกรณ์ล้างจมูก [syringe20ml+จุกล้างจมูก], 25.25 
1800/7,ZUMI soft จุกล้างจมูกนุ่ม 1x12p, 235.00 
1800/5,ZUMI จุกล้างจมูก 1x2p, 21.50 
408/2,ZURTHOL 250ml 168บ [สูตร Dettol] เซอร์ทอล (ขวด), 79.50 
531,ZURTHOL 5ลิตร 1345บ [สูตร Dettol] เซอร์ทอล (แกลลอน), 788.00 
410/1,ZURTHOL 60ml 57บ [สูตร Dettol] เซอร์ทอล (ขวด), 32.00 
412/1,ZURTHOL 750ml 356บ [สูตร Dettol] เซอร์ทอล (ขวด), 206.00 
2606/2,ZUU 2s (ผลิตภัณฑ์อาหารเสริมตรา ซู่) 2s **ใหม่68บ, 19.00 
2606/1,ZYDON SYRUP 60ml, 19.00 
4221/2,ZY FOPRO 500 25x10s, 401.00 
101/15,ZYLIN 25mg 3x10s, 113.00 
101/10,ZYLIN 75mg 3x10s, 161.00 
1236/3,ZYLON oil 10cc เล็ก 60บ เจลเรียกเนื้อ สมุนไพร *ใหม่43บ, 42.00 
1236/2,ZYLON oil 25cc ใหญ่ 120บ เจลเรียกเนื้อ (ขวด), 75.00 
1289/4,ZYMED SYRUP 60ml รสราสเบอร์รี่ผสมเชอร์รี่, 21.25 
9996/1,Zymox Healthy Skin : LP3 Enzyme Shampoo 355ml สีเหลือง, -   
88/15,ZYNO 0.02% 15g, 19.50 
88/5,ZYNO 0.02% 5g, 9.75 
87/2,ZYNO 0.1% 15g, 24.50 
87/5,ZYNO 0.1% 5g, 12.25 
4188/2,ZYRITINE TABLETS 10x10s, 61.00 
2-127/3,ZYRRIZIN-G 10mg 50x10s เม็ดกลมเขียว, 255.00 
2-127,ZYRTEC 1x10s, 98.00 
1543,ZYRTEC 75ml, 97.00 
3278/4,ZYSTINE 24mg 10x10s, 362.00 
2606/3,ZYTINE SYRUP 60ml กลิ่นสับปะรด, 26.00 
4188/1,ZYTIZINE F/C TABLETS 1X10s, 16.50 
2606/4,ZYTIZINE SYRUP 60ml เปลือย รสราสเบอรี่ Asian *มีโปรซื้อเยอะ, 13.25 
2606/5,ZYTIZINE SYRUP 60ml มีกล่อง รสราสเบอรี่ Asian มีโปรซื้อเยอะ, 17.50 
30520,กระดาษเช็ดแว่นตา ฟูกิฟูกิ ญี่ปุ่น FukiFuki 69บ (ก.10ซอง), 48.50 
2189/18,กระดาษทิชชูเปียก Baby Love Natural Wipe ห่อ20ชิ้น, 21.00 
2189/8,กระดาษทิชชูเปียก CERTAINTY WIPE ห่อ50ชิ้น, 85.00 
2189/19,กระดาษทิชชูเปียก ไลฟ์รี่ ห่อ50ชิ้น 235mmx115mm, 85.00 
2189/70,กระดาษทิชชูเปียก อันอัน ห่อ50ชิ้น 200mmx300mm, 50.00 
7131/99,กระบอกน้ำ SMOOTH E, 150.00 
6099/1,กระบอกน้ำเทมปร้าฟีซซ์ เก็บความเย็นอย่างดี, 250.00 
6099/2,กระบอกน้ำเทมปร้าสีขาว เก็บความเย็นอย่างดี, 250.00 
8888/3,กระบอกน้ำอย่างดี คละสี miracid, 199.00 
2048,กระบอกปัสสาวะ Urinal ลัง50 (ใบ), 50.00 
16700/20,กระปุกออมสิน ยาดมสมุนไพร ตราหนุมาน เขียว 5gx3s, 118.00 
6839/99,กระเป๋า Counterpain เฟสทีฟ ไซส์ S, 200.00 
7199/1,กระเป๋า Ezerra (ผ้าสีม่วง), 100.00 
7364,กระเป๋า Trave / Kit Bag, -   
6919/2,กระเป๋ากระสอบ เสือ สีเหลือง, 300.00 
6919/11,กระเป๋าคาดเอววิ่ง perskindol สีน้ำเงิน, 300.00 
3115/98,กระเป๋าเครื่องสำอางสีม่วงอ่อน ยาคุม NEXTSTELLIS, 100.00 
7452,กระเป๋าช้อปปิ้งคิตตี้ size L, 300.00 
7008,กระเป๋าช้อปปิ้งคิตตี้ size S, 100.00 
2795/3,กระเป๋าน้ำร้อนไฟฟ้า dwell (ก.1ชิ้น), 119.00 
2795/2,กระเป๋าน้ำร้อนไฟฟ้าเล็ก ไต้หวัน ตั้งเต็มจิตต์ เล็ก (ใบ), 179.00 
7251,กระเป๋าผ้า canvas KREMIL, 150.00 
7441,กระเป๋าผ้า dermatix พับได้สีน้ำเงิน, 200.00 
6755/1,กระเป๋าผ้าเซียงเพียงอิ๊ว ใบใหญ่, 100.00 
6919,กระเป๋าผ้า เสือขาว-ดำ, 150.00 
405/10,กระเป๋าพับได้ VISLUBE สีน้ำเงิน, 200.00 
99999/9,กระเป๋าเหรียญ tempra, 20.00 
6516,กระเป๋าเหรียญ คละแบบ คละลาย, 20.00 
7482,กล่องข้าว DUO FOOD BOX, 200.00 
726/20,"กล่องดินสอ I-KIDS อมยิ้มx4s [elder,cola,lime,sala]", 43.50 
7454,กล่องดินสอ minion ลายน่ารัก, 300.00 
61/7,กล่องดินสอ พลาสเตอร์ปิดแผล SOS KITTY set4ขนาด 11ชิ้น มีโปรซื้อเยอะ, 47.50 
61/8,กล่องดินสอ พลาสเตอร์ปิดแผล SOS MINONS set4ขนาด 11ชิ้น มีโปรซื้อเยอะ, 47.50 
1321/9,กล่องสไลด์ SOS PLUS MB PLASTER พลาสเตอร์PE4ชิ้น พลาสเตอร์T1 2ชิ้น HELLO KITTY ก.6ชิ้น, 17.50 
1321/12,กล่องสไลด์ SOS PLUS MB PLASTER พลาสเตอร์PE4ชิ้น พลาสเตอร์T1 2ชิ้น MINIONS ก.6ชิ้น, 17.50 
3894/90,กล่องใส่รีเทนเนอร์ FURANO คละสี, 80.00 
5771,กล่องใส่อาหาร super lock, 150.00 
7550,กล่องใส่อาหารตราเสือ, 200.00 
13290/4,กันน้ำคละขนาด 8แผ่น TIGERPLAST TRANSPARENT WATERPROOF, 35.00 
4270/3,กาแฟ ดำ Royal Black Coffee ผสมเห็ดหลินจีอสกัดและวิตามิน, 48.75 
1039,การบูร ผง ตราต้นสน (ห่อ1กิโล), 285.00 
1039/1,การบูร ผง อย่างดี ตราตั้งเต็มจิตต์ โหล (ก.12ขวด) 1039/1, 160.75 
1039/12,การบูรหอม (ชนิดซองเติม) 30g BOTOBEL, 34.00 
1039/11,การบูรหอม (ชนิดถุงหอม) 40g BOTOBEL, 43.00 
8210/3,กาวติดฟันปลอม DENTI-FIX 40g [polident], 119.50 
1002,กำลังช้างสาร [คุณสัมฤทธิ์] (ขวด60s) รุ่นใหม่มีอย., 237.00 
1076,กุมารกาไก่ 300ml, 25.00 
1871,เกร็กคู กล่องเล็ก 1 เม็ด Grekcu (ก.1เม็ด), 52.00 
1872/10,เกร็กคู กล่องใหญ่ 6s โฉมใหม่, 325.00 
2389/10,เกลือแร่ BIO-LYTE ผลไม้รวม 25gx25s, 74.00 
2389/11,เกลือแร่ BIO-LYTE ส้ม 25gx25s, 67.00 
974/2,เกลือแร่ CERA-ors CMED ส้ม (กล่อง100ซอง) ORS, 163.00 
2389/3,เกลือแร่ CERA ผมไม้รวม (กล่องใหญ่50ซอง), 164.00 
2389/2,เกลือแร่ CERA ส้ม (กล่องใหญ่50ซอง ลัง12กล่อง), 161.00 
815,เกลือแร่ DECHAMP 50ซองx20g (รสส้ม), 144.00 
975/1,เกลือแร่ DELYTE ORS 10x10ซอง (ส้ม), 389.00 
1270/2,เกลือแร่ D-LYTE ORANGE FLAVOUR 50ซองx20g (รสส้ม), 170.00 
2389/12,เกลือแร่ HIGA กลิ่นส้ม [สูตร Royal-D] 1x50ซอง, 160.00 
2389/1,เกลือแร่ NEO-LYTE รสส้ม (กล่องใหญ่50ซอง) ลัง12กล่อง นีโอ-ไลท์, 124.00 
2389/4,เกลือแร่ NEO-LYTE รสส้ม นีโอ-ไลท์ กล่องเล็ก25ซอง, 62.00 
916,เกลือแร่ NEW TOWER 50x20g 8บ นิว ทาวเวอร์ ลัง24ก (กล่อง), 159.00 
2512,เกลือแร่ OLYNE-DEK โอไลน์ เด็ก (ส้ม), 149.00 
1268/1,เกลือแร่ ORAS [รสส้ม] ออราส (ก.25ซอง), 118.00 
973,เกลือแร่ OREDA R.O. 100ซองx3.3g (ขาวจีด), 157.00 
974,เกลือแร่ OREDA R.O. 100ซองx3.3g (รสส้ม) ORS, 157.00 
975,เกลือแร่ OREDA R.O. 16.5gx50ซองใหญ่ (ส้ม), 224.00 
1875/2,เกลือแร่ ORS-ซีฟาม 100ซอง ซองเล็ก (ส้ม), 259.00 
1875,เกลือแร่ ORS-ซีฟาม 50ซอง (ส้ม), 192.00 
974/3,เกลือแร่ OSRA R.O. 5.5gx50ซอง (ส้ม) ORS, 87.00 
2389,เกลือแร่ ROYAL-D กลิ่นผลไม้รวม [Royal-D] 1x50ซอง, 160.00 
1270,เกลือแร่ SEA-LYTE 50ซองx20g (รสส้ม), 123.00 
1267,เกลือแร่ STRONK-K 25gx25ซอง (รสผลไม้รวม) **ใหม่83บ, 73.50 
1268,เกลือแร่ STRONK-K 25gx25ซอง (รสส้ม ดั้งเดิม), 75.00 
2747,เกลือแร่ TONK-KKK 25gx25ซอง (รสส้ม), 73.50 
974-1,เกลือแร่ T.O.S. ORS POWDER 100ซองx4g (รสส้ม), 155.00 
974/10,เกลือแร่ X-L OREDA ก.เล็ก 5.5gx10ซอง ORS (ส้ม), 19.00 
974/50,เกลือแร่ X-L OREDA ก.ใหญ่ 5.5gx50ซอง ORS (ส้ม), 89.00 
1270/3,เกลือแร่ผสมวิตามิน D-LYTE COMPLEX 50ซองx25g (รสส้ม), 185.00 
9999/5,เก้าอี้นั่งถ่าย HEALTH IMPACT พับได้รุ่น FY894 รับน้ำหนักได้100kg โครงสร้างเหล็กชุบ," 1,250.00 "
9999/22,เก้าอี้นั่งถ่ายพร้อมอาบน้ำค่อมชักโครกได้ รุ่น W-15 รับน้ำหนักได้100kg โครงเหล็ก," 2,040.00 "
9999/23,เก้าอี้นั่งถ่ายพร้อมอาบน้ำมีล้อ รุ่น W-03 (สีขาว) 100kg โครงสร้างอะลูมีเนียมอัลลอย," 2,620.00 "
9998/22,เก้าอี้นั่งถ่ายพร้อมอาบน้ำ รุ่น CA616L รับน้ำหนักได้100kg โครงอลูมิเนียม," 1,430.00 "
9999/20,เก้าอี้นั่งถ่ายพร้อมอาบน้ำ รุ่น W-01ST รับน้ำหนักได้100kg โครงสร้างเหล็ก," 1,599.00 "
9999/21,เก้าอี้นั่งถ่ายพร้อมอาบน้ำ รุ่นW-01 (สีขาว)รับน้ำหนักได้100kg โครงอะลูมีเนียมอัลลอย," 1,750.00 "
1917,แก้ไข้ เด็ก ตรางู 60ml (เหลือง), 24.25 
7416,แก้วเก็บความเย็น ALINAMIN, 300.00 
7450,แก้วเก็บความเย็น NOVAMED อย่างดี, 200.00 
7453,แก้วน้ำมีฝา kitty/minion ลายน่ารัก, 300.00 
3115/99,แก้วเยติ ยาคุม NEXTSTELLIS 28s, 100.00 
1916,แก้หวัด เด็ก ตรางู 60ml (ม่วง), 24.50 
4091/10,แก้ไอ i-HERB OTC 100ml ไอ-เฮิร์บ, 27.75 
4091/1,แก้ไอ i-HERB OTC 60ml ไอ-เฮิร์บ (ก.1ขวด), 21.50 
3398/3,แก้ไอ ขันตี จอมทอง 100ml, 36.00 
3398/4,แก้ไอ คอร์ไรคอฟ มะขามป้อม 120ml KMP เปลือย, 22.00 
3398/10,แก้ไอ คอร์ไรคอฟ มะขามป้อม 60ml KMP เปลือย, 10.00 
3398/2,แก้ไอ คีมเหล็ก 100ml, 25.25 
1950/1,แก้ไอ เด็ก ตรางู 60ml (ชมพู), 23.75 
1962/2,แก้ไอ น้ำดำ 60ml Brown mixture [บีเอ็ลฮัว], 16.50 
1950,แก้ไอน้ำดำ ตรางู 60ml (ก.1ขวด), 19.00 
5124,แก้ไอ แป๊ะลี้ มะแว้ง 60cc 65บ, 30.75 
3379,แก้ไอ มะแว้ง น้ำ 60cc [อ้วยอัน] 50บ (ก.1ขวด), 24.00 
1932,แก้ไอ โยคี ศิริ 120cc 37บ (ก.1ขวด), 16.25 
2005/1,แก้ไอ เสือ11ตัว, 35.00 
1893,แก้ไอ เสือดาว น้ำดำ 120ml *ใหม่22.50, 21.00 
1892,แก้ไอ เสือดาว น้ำดำ 180ml ขนาดพิเศษ (ขวด), 26.75 
1962,แก้ไอ เสือดาว น้ำดำ 60ml (ก.1ขวด), 16.25 
1962/3,แก้ไอ เสือดาว น้ำผึ้งมะนาว 120cc (ก.1ขวด), 30.50 
1962/1,แก้ไอ เสือดาว น้ำผึ้งมะนาว 60cc, 26.50 
1962/4,แก้ไอ เสือดาว มะขามป้อม 60cc, 12.25 
4175,แก้ไอ แสงดาว มะขามป้อม 120cc, 16.00 
4176,แก้ไอ แสงดาว มะขามป้อม 60cc, 9.25 
2904,แก้ไอ แสงสว่าง ตราค้างคาว 60cc, 12.17 
3398,แก้ไอ อภัยภูเบศร์ มะขามป้อม 120ml, 26.00 
3398/5,แก้ไอ อภัยภูเบศร์ มะขามป้อม 60ml, 16.25 
2215,แก้ไอ อ้วยอัน เด็ก 60cc กล่องเหลือง มิสเตอร์เฮิร์บ (ก.1ขวด), 21.75 
4271/4,ขมิ้นชัน [ค้างคาว] 100s ขวด, 53.75 
151560/7,ขมิ้นชันแคปซูล 10x10s [KMP] (ก.10แผง), 98.00 
4271/1,ขมิ้นชัน [ดอกบัวหลวง บุญส่ง] ขวด60s 60บ (แพค12ขวด), 24.50 
17251/4,ขมิ้นชันตราดอกว่าน 100s [ขาวละออ], 64.50 
17251/1,ขมิ้นชันผสมพริกไทยดำ เคอร์มิน500 พลัส 100s [ขาวละออ] *ปรับขึ้น มิย69, 96.50 
4274,ขมิ้นชัน พลัส สกัด [อ้วยอัน] ขวด60s 200บ (ขวด), 98.00 
4271,ขมิ้นชัน [อ้วยอัน] ขวด100s (แพค12ขวด) (ขวด), 57.75 
2808/2,ขมิ้นผงแท้ ตราใบแก้ว 400g, 57.00 
2808/1,ขมิ้นผงแท้ ตราใบแก้ว ซอง10g, 3.40 
2809,ขมิ้นผงแท้ ตราโพธิ์แก้ว 150g, 30.75 
2810,ขมิ้นผงแท้ ตราโพธิ์แก้ว 400g, 67.00 
2808,ขมิ้นผงแท้ ตราโพธิ์แก้ว ซอง8g, 3.50 
1390/1,ข้อเท้า L ANNIEGRIP BY TRIPLE-D ANKLE, 77.00 
1388/1,ข้อเท้า M ANNIEGRIP BY TRIPLE-D ANKLE, 77.00 
1389/1,ข้อเท้า S ANNIEGRIP BY TRIPLE-D ANKLE, 77.00 
13911,ข้อเท้า XL ANNIEGRIP BY TRIPLE-D ANKLE, 77.00 
1391/2,ข้อมือ L ANNIEGRIP BY TRIPLE-D WRIST, 77.00 
1392/2,ข้อมือ M ANNIEGRIP BY TRIPLE-D WRIST, 77.00 
1393/2,ข้อมือ S ANNIEGRIP BY TRIPLE-D WRIST, 77.00 
1393/9,ข้อมือ SS ANNIEGRIP BY TRIPLE-D WRIST, 77.00 
1391/4,ข้อมือ XL ANNIEGRIP BY TRIPLE-D WRIST, 77.00 
1395/2,ข้อศอก ฟ้า size L (24-26) Anniegrip elbow [triple-D] แอนนี่กริบ, 77.00 
1395/1,ข้อศอก ฟ้า size M (20-24) Anniegrip elbow [triple-D] แอนนี่กริบ, 77.00 
1396/1,ข้อศอก ฟ้า size S (16-20) Anniegrip elbow [tripl [triple-D] แอนนี่กริบ **ใหม่75.50 มีซื้อเยอะ, 77.00 
1395/3,ข้อศอก ฟ้า size XL (26-30) Anniegrip elbow [triple-D] แอนนี่กริบ **ใหม่75.50 มีโปรซื้อเยอะ, 77.00 
161205,(ขาว) 100g ยาหม่อง โอสถทิพย์ (ขวด), 42.00 
161205/1,(ขาว) 200g ยาหม่อง โอสถทิพย์ จัมโบ้, 65.00 
1581,ขี้ผึ้ง 29A 29เอ, 105.00 
1582/30,ขี้ผึ้ง 7ดาว สีชมพู ใหญ่ 30g มีโปรซื้อเยอะ, 27.50 
2852,ขี้ผึ้ง Analgesic [GPO] แก้ปวดบวม, 20.00 
1582/3,ขี้ผึ้งKP88 เคพี88 12x7.5g, 105.00 
13301/2,ขี้ผึ้ง สำหรับคนจัดฟัน (ตลับม่วง) รสบลูเบอรี่ ดร.ฟิลิป (แพค2ตลับ), 45.00 
13301/3,ขี้ผึ้ง สำหรับคนจัดฟัน (ตลับใส) รสมะนาว ดร.ฟิลิป DENTAL WAX (แพค2ตลับ), 45.00 
13301/1,ขี้ผึ้ง สำหรับคนจัดฟัน (ตลับใส) รสมินท์ ดร.ฟิลิป DENTAL WAX (แพค2ตลับ), 45.00 
1582,ขี้ผึ้งสีชมพู-40 7ดาว เล็ก 12g 55บ เจ็ดดาว (แพค12ก.) มีโปรซื้อเยอะ, 21.50 
13191/1,เข็มเจาะ ตรวจวัดน้ำตาล (ก.ใหญ่50ชิ้น) [Sinocare SafeAQ และ SafeAQmaxIII] (ก50อัน), 25.00 
011/3,เข็มเจาะเลือด Accu-Chek Safe-T-Pro Uno 200ชิ้น (กล่อง), 760.00 
1403/2,เข่า L ANNIEGRIP BY TRIPLE-D KNEE, 91.00 
1404/2,เข่า M ANNIEGRIP BY TRIPLE-D KNEE, 91.00 
1405/2,เข่า S ANNIEGRIP BY TRIPLE-D KNEE, 91.00 
1403-1/1,เข่า XL ANNIEGRIP BY TRIPLE-D KNEE, 91.00 
1878,เขากุย อ้วยอัน ขาว ลังใหญ่144 (ยกลัง12ข), 405.00 
161204,(เขียว) 100g ยาหม่อง โอสถทิพย์ ใหญ่ [แม่กุหลาบ], 42.00 
161205/3,(เขียว) 200g ยาหม่อง โอสถทิพย์ จัมโบ้, 65.00 
13190/60,ครบเซ็ท เครื่องตรวจน้ำตาลในเลือด SinocareAQmaxIII ประกัน5ปีรวมเข็ม50แผ่นตรวจ50พร้อมปากกาเจาะ(ชุด), 545.00 
13190/50,ครบเซ็ท เครื่องตรวจน้ำตาลในเลือดSinocareประกัน5ปีรวมเข็ม50แผ่นตรวจ50พร้อมปากกาเจาะ(ชุด), 329.00 
655/11,ครีมกันแดดแบบกิน SMOOTH LIFE SUN DAY 360 ซัน เดย์ 360 1450mg 1x15s รอlotใหม่, 352.00 
663/10,เครื่องคิดเลข HIRUDOID, 200.00 
999/98,เครื่องชั่งน้ำหนักอัจฉริยะ ดิจิตัล PROSPER, 365.00 
9999/95,เครื่องพ่นยาdwell รุ่น AXD-307 รูปหมี (เครื่อง)," 1,050.00 "
9999/97,เครื่องพ่นยา PROSPER รุ่น PN-102 ปรับระดับความแรงได้, 705.00 
9999/96,เครื่องพ่นยาyuwell รุ่น 405A (เครื่อง) มีโปรซื้อเยอะ, 770.00 
132402/8,เครื่องวัดความดัน CITIZEN CH-452-AC สาย รัด22ถึง32cm ประกัน7ปี โปร10-31มีค69 ลด50บ, 935.00 
132402/13,เครื่องวัดความดัน HEALTH IMPACT รุ่นDBP-1318 สายรัด22ถึง36cm มีเสียง ประกัน5ปี, 495.00 
1181/2,เครื่องวัดความดัน OMRON 7156A ไม่มีบลูทูธ ประกัน5ปี (เครื่อง)," 1,935.00 "
1181/20,เครื่องวัดความดัน OMRON 7156 ไม่มีบลูทูธ ประกัน5ปี (เครื่อง)," 1,935.00 "
1181/1,เครื่องวัดความดัน OMRON HEM 7120 [22ถึง33cm] adaptor พร้อม ถ่าน ประกัน5ปี(เครื่อง)," 1,275.00 "
1181/11,เครื่องวัดความดันOMRON HEM 7183 [L 22ถึง42cm]adaptorพร้อมถ่าน ฟ้า ประกัน5ปี (เครื่อง)," 1,450.00 "
1181/10,เครื่องวัดความดันOMRON HEM 7183 [M 22ถึง33cm]adaptorพร้อมถ่าน ฟ้า ประกัน5ปี (เครื่อง)," 1,280.00 "
132402/6,เครื่องวัดความดัน yuwell รุ่นYE 660B สายรัด22ถึง33cm ประกัน5ปี (เครื่อง), 540.00 
132402/4,เครื่องวัดความดัน yuwell รุ่นYE660D สายรัด22ถึง33cm ประกัน5ปี (เครื่อง), 499.00 
132402/7,เครื่องวัดความดัน yuwell รุ่นYE 660E สายรัด22ถึง45cm มีเสียงไทย ประกัน5ปี, 709.00 
132402/3,เครื่องวัดความดัน กล่องแดง AMA รุ่น FT C03 สายรัด L 24-48cm [SOS plus] ประกัน 7ปี (เครื่อง), 760.00 
132402/5,เครื่องวัดความดัน กล่องน้ำเงิน รุ่นU80NH สายรัด22-42cm sizeL [SOS plus]ประกัน7ปี(เครื่อง), 825.00 
132402/9,เครื่องวัดความดัน รุ่น AES-U111 สายรัด22-42cm [Sinocare]ประกัน1ปี (เครื่อง) *ใหม่ 545, 518.00 
132402/12,เครื่องวัดความดัน รุ่นC03 สายรัด22-40cm [Maxxlife] ประกัน1ปี, 825.00 
132402/10,เครื่องวัดออกซิเจน PORSPER ประกัน2ปี (เครื่อง), 460.00 
132402/11,เครื่องวัดออกซิเจน YIMI LIFE ประกัน1ปี YM201, 388.00 
132402/15,เครื่องวัดออกซิเจน yuwell รุ่นYX110 ประกัน2ปี หน้าจอขาว (เครื่อง), 499.00 
132402/16,เครื่องวัดอุณหภูมิแบบอินฟาเรด yuwell รุ่นYT-2 ประกัน2ปี ยิงหน้าผาก, 760.00 
707,แคปซูลเปล่า CAPSULE เบอร์ 0 ใส ถุง1000s (ถุง), 97.00 
707/1,แคปซูลเปล่า CAPSULE เบอร์ 0 ใส ถุง1000s (ถุง), 97.00 
707/2,แคปซูลเปล่า CAPSULE เบอร์ 1 ใส ถุง1000s (ถุง), 97.00 
4005,จับเลี้ยงชง ปลาเบ็ด 5x10g, 39.00 
2150-1,จิงโจ้ 300ml EUCALYPTUS SPRAY KANGAROO, 188.00 
2152-1,จิงโจ้ oil 28ml EUCALYPTUS OIL KANGAROO, 68.50 
2154-1,จิงโจ้ oil 56ml EUCALYPTUS OIL KANGAROO, 125.00 
2153-1,จิงโจ้ oil 8.5ml EUCALYPTUS OIL KANGAROO, 32.25 
1329,จิ่วเจิ้งปู่เซินเจียวหนัง 1x6s **ใหม่174, 171.00 
1329/1,จิ่วเจิ้งปู่เซินเจียวหนัง ซอง1เม็ด (ซอง) รหัส 1329/1, 25.00 
1329/2,จิ่วเจิ้งปู่เซินเจียวหนัง เอสวัน 1x6s รุ่นใหม่ มีทะเบียนยา, 173.00 
1800/1,จุกล้างจมูก ANB [แบบนุ่ม] ก.1ชิ้น, 24.50 
13402,จุกล้างจมูก SOFCLENS TNP ก.2ชิ้น (ยกกล่อง12x2ชิ้น) 45บ (ก.2ชิ้น), 24.50 
1674,ชวนป๋วยปี่แปกอ 150ml, 91.00 
1676,ชวนป๋วยปี่แปกอ 300ml, 144.00 
1675,ชวนป๋วยปี่แปกอ 75ml, 61.50 
1670,ชวนป๋วยปี่แปกอ ซอง 6x10ml, 61.50 
6662/1,ช้อนส้อม nutroplex oligo, 20.00 
3319,ชิกหลี่ซั้ว หลอดไฟ (กล่อง), 316.00 
13191/50,ชุด DUO แผ่นตรวจน้ำตาล50 เข็มเจาะ50 วัดน้ำตาล (ชุดใหญ่50+50) [Sinocare Safe AQ] (ชุด), 280.00 
13353/37,ชุดตรวจ AURAMED atk 6in1 FLUA/B COVID RSV ADENO HMPV, 73.00 
101916,ชุดตรวจ ไข้หวัดใหญ่ A/B และเชื้อ RSV (กล่อง1ชุด) มีโปรซื้อเยอะ, 46.50 
19062,ชุดตำราหลวง GPO 7รายการ (กล่อง), 67.00 
1102/1,ชุดทำแผลปลอดเชื้อ BIOPLAST 1x12s Dressing Set, 115.00 
2488,ชุดทำแผล ปลอดเชื้อ ลองเมด (ยกกล่อง12ชุด ลัง24กล่อง) KLEANSET (กล่อง), 110.00 
1800/6,ชุดปฐมพยาบาลเบื้องต้น M1 FIRST AID KITS SOS พลาสเตอร์24ชิ้น (ก.1ชุด), 36.00 
302050,ซองกระดาษ ใส่ยา มัด100ใบ ถุงกระดาษ (มัด) มีโปรซื้อเยอะ, 12.00 
61/14,ซองกันน้ำสงกรานต์แบบหนา DINO (ชิ้น) 61/14, 49.00 
302050/12,ซองหนัง FBC แม่เหล็ก คละสี, 100.00 
99995/1,ซิลิโคนอุดหู 3M NRR.25db Reusable Earplugs 1คู่ (ก.1ชิ้น) รหัส 99995/1 ล, 70.25 
3460,โซดาผง อ๊าค 227g [สหการ] แพค6, 20.50 
2189/33,โซฟี แอล sofe aile แผ่นซึมซับปัสสาวะ 50cc 6ห่อx10ชิ้น มีโปรซื้อเยอะ, 313.00 
2-96/1,ไซริงค์แก้ว 50cc [NR] HIIGH BOROSILICATE GLASS SYRINGE, 185.00 
1606/1,ดอกไม้ขาว เขียว 10ml (ก.1ขวด), 65.50 
1606,ดอกไม้ขาว น้ำเงิน 5ml ใหญ่ (ก.1ขวด) **ขายขาด, 43.50 
1601/3,ด่างทับทิม เกล็ด ตราคนตีเสือ 400g, 165.00 
1603,ด่างทับทิม ค้างคาว ลัง4 (ปอนด์), 107.00 
2-336,ด่างทับทิม ค้างคาว เล็ก (ขวด), 8.17 
1601/1,ด่างทับทิม วิทยาศรม 10g, 122.00 
7202,ดินสอสี tempra, 100.00 
1607,ดูดน้ำมูก หัวพลาสติก canton แพค12 (ใบ) รหัส 1607, 18.50 
13353/9,ตรวจโควิด [Flowflex] ก.เขียว 2in1 1test ลัง240 ATK COVID-19, 31.00 
13352/21,ตรวจโควิดGOLDEN ATK COVID-19 1:1, 19.00 
13352/10,ตรวจโควิดHip 2in1 1test ATK COVID-19, 13.25 
13352/12,ตรวจโควิดLOC 2in1 1test ATK COVID-19, 17.00 
13352/14,ตรวจโควิดSingclean (WILBUR) 2in1 1test ATK COVID-19 **ขายขาด, 15.50 
3826,ตรวจตั้งครรภ์ เขียวหยด LONGMED pregnancy, 10.80 
3827/2,ตรวจตั้งครรภ์ (จุ่ม) Origin [ทรูไลน์เมด] ลัง600 (ก.1ชุด), 6.00 
3826/8,ตรวจตั้งครรภ์ ตรวจอายุครรภ์ ปากกา NANO Pregnancy GESTATION AGE, 91.00 
3827,ตรวจตั้งครรภ์ ฟ้าจุ่ม LONGMED pregnancy รหัส 3827, 6.80 
3826/2,ตรวจตั้งครรภ์ (หยด) Origin [ทรูไลน์เมด] แพค10ก**ราคาพิเศษ, 9.70 
3828/8,ตรวจสารเสพติด CHEMTRUE ยาบ้า จุ่ม กล่องเดี่ยว แพค10ก พร้อมถ้วยเก็บปัสสาวะ, 16.50 
3828/10,ตรวจสารเสพติด CHEMTRUE ยาบ้า หยด กล่องเดี่ยว **มีโปรซื้อเยอะ, 18.75 
3828/6,ตรวจสารเสพติด กระท่อม KRA (หยด) 165บ [MAG น้ำเงิน], 95.00 
3828/51,ตรวจสารเสพติด กล่องน้ำเงิน 3in1 ยาบ้า กระท่อม กัญชา, 141.00 
3828/52,ตรวจสารเสพติด กล่องม่วง 2in1 ยาบ้า ยาเค, 73.00 
3828/3,ตรวจสารเสพติด กัญชา THC (หยด) 150บ [MAG กล่องเขียว] แพค10, 41.50 
3828/7,ตรวจสารเสพติด เคตามีน KET (หยด) 165บ [MAG เทา], 49.00 
3828/4,ตรวจสารเสพติด โคเคน COC (หยด) 165บ [MAG กล่องฟ้า], 46.50 
3828/5,ตรวจสารเสพติด มอร์ฟิน MOR (หยด) 165บ [MAG กล่องแดง], 46.50 
3828/50,ตรวจสารเสพติด ยาบ้า จุ่ม Strip MAG กล่อง50ชุด พร้อมถ้วยเก็บปัสสาวะ, 585.00 
3828,ตรวจสารเสพติด ยาบ้า หยด MAG ตลับสีม่วง แพค10 (กล่อง), 19.75 
90001,ตลับใส่ยา 7ช่อง สีดำ ตลับยา, 15.00 
90002,ตลับใส่ยากลม 8ช่อง สีขาว ตลับยา, 17.00 
90004,ตลับใส่ยา พร้อมกล่อง มี7วันx3ช่อง สีดำ ตลับยา, 140.00 
2593/1,ตะไคร้หอม กันยุง สเปรย์ [เมอร์ซี่] 120ml 90บ (ขวด), 61.00 
9999/31,เตียงคนไข้ มือหมุน 2ไกร์ ราวสไลด์ โครงสร้างเหล็กคาร์บอน รุ่น M201-J รับน้ำหนักได้260กก," 11,500.00 "
9999/32,เตียงคนไข้ มือหมุน 3ไกร์ ราวสไลด์ เสา โต๊ะ โครงสร้างเหล็กคาร์บอน รุ่น M301-C," 16,500.00 "
7467,ถุงกระสอบหมอหมอมี ใบใหญ่, 200.00 
1632,ถุงซิบ Rx กลาง 7x10ซม. (ห่อ*100ใบ) [กระสอบ300ห่อ] (ห่อ), 11.10 
1631,ถุงซิบ Rx เล็ก 6x8ซม (ห่อ*100ใบ) [กระสอบ400ห่อ] (ห่อ), 10.40 
1633,ถุงซิบ Rx ใหญ่ 8x12ซม (ห่อ*100ใบ) [กระสอบ200ห่อ] (ห่อ), 15.50 
2797,ถุงซิบ (สีชาทึบ) 7x10ซม ห่อ1กิโล [กระสอบ25กิโล] (กิโล), 111.00 
2796,ถุงซิบ (สีชาทึบ) 8x12ซม ห่อ1กิโล, 111.00 
131510,ถุงซิบ (ใส) 10x15ซม ห่อ1กิโล [กระสอบ25กิโล] (กิโล), 122.00 
131217,ถุงซิบ (ใส) 12x17ซม ห่อ1กิโล, 122.00 
131320,ถุงซิบ (ใส) 13x20ซม ห่อ1กิโล, 122.00 
132030,ถุงซิบ (ใส) 20x30ซม ห่อ1กิโล, 122.00 
3883/35,ถุงซิบ (ใส) 3x5ซม ห่อ1กิโล [กระสอบ25กิโล] (1กิโล), 175.00 
3883,ถุงซิบ (ใส) 4x6ซม (จิ๋ว) ห่อ1กิโล, 125.00 
13155,ถุงซิบ (ใส) 5x7ซม ห่อ1กิโล (กิโล), 125.00 
130608,ถุงซิบ (ใส) 6x8ซม ห่อ1กิโล, 125.00 
130608/7,ถุงซิบ (ใส) 7x10ซม ห่อ1กิโล (กระสอบ25กิโล) (กิโล), 122.00 
130812,ถุงซิบ (ใส) 8x12ซม ห่อ1กิโล, 122.00 
1398/13,ถุงน่องเส้นเลือดขอด size L DUOMED CALF Open TOE CALF Cl.2 36-42cm *ใหม่1350," 1,192.00 "
1398/12,ถุงน่องเส้นเลือดขอด size M DUOMED CALF Open TOE CALF Cl.2 32-38cm," 1,350.00 "
1398/11,ถุงน่องเส้นเลือดขอด size S DUOMED CALF Open TOE CALF Cl.2 28-34cm *ใหม่ 1350," 1,179.00 "
1398/14,ถุงน่องเส้นเลือดขอด size XL DUOMED CALF Open TOE CALF Cl.2 40-46cm *ใหม่ 1350," 1,210.00 "
1398/15,ถุงน่องเส้นเลือดขอด size XXL DUOMED CALF Open TOE CALF Cl.2 42-50cm *ใหม่1350," 1,179.00 "
8292/1,ถุงมือ L ไม่มีแป้ง 100ชิ้น NITRILE สีฟ้า PP CARE GLOVES มีโปรซื้อเยอะ, 106.00 
8291/1,ถุงมือ M ไม่มีแป้ง100ชิ้น NITRILE สีฟ้า PP CARE GLOVES มีโปรซื้อเยอะ, 106.00 
50004/1,ถุงมือ S 100ชิ้น FREELOX GLOVES ฟรีล็อค, 82.00 
8289/1,ถุงมือ S ไม่มีแป้ง 100ชิ้น NITRILE สีฟ้า PP CARE GLOVES มีโปรซื้อเยอะ, 106.00 
2702/1,ถุงมือ ซาโตรี่ L (SATORY GLOVES), 103.00 
2704/6,ถุงมือซาโตรี่ L ไม่มีแป้ง 100ชิ้น GLOVES กล่องน้ำตาล, 117.00 
2703/1,ถุงมือ ซาโตรี่ M (SATORY GLOVES), 103.00 
2704/5,ถุงมือซาโตรี่ M ไม่มีแป้ง 100ชิ้น GLOVES กล่องน้ำตาล, 117.00 
2704/1,ถุงมือ ซาโตรี่ S (SATORY GLOVES), 103.00 
2704/4,ถุงมือซาโตรี่ S ไม่มีแป้ง 100ชิ้น GLOVES กล่องน้ำตาล, 117.00 
2705/1,ถุงมือ ซาโตรี่ XS (SATORY GLOVES), 103.00 
2702/2,ถุงมือ โปรโกลฟ L (PRO GLOVES), 95.00 
2703/2,ถุงมือ โปรโกลฟ M (PRO GLOVES), 95.00 
2704/2,ถุงมือ โปรโกลฟ S (PRO GLOVES) * บ ขาด, 95.00 
8292,ถุงมือ ไม่มีแป้ง L ไนไตร สีดำ (KLEANGLOVE NITRILE BLACK), 106.00 
8287,ถุงมือ ไม่มีแป้ง L ไนไตร สีฟ้า (KLEANGLOVE NITRILE PASTEL BLUE), 106.00 
8291,ถุงมือ ไม่มีแป้ง M ไนไตร สีดำ (KLEANGLOVE NITRILE BLACK), 106.00 
8288,ถุงมือ ไม่มีแป้ง M ไนไตร สีฟ้า (KLEANGLOVE NITRILE PASTEL BLUE), 106.00 
8290,ถุงมือ ไม่มีแป้ง S ไนไตร สีดำ (KLEANGLOVE NITRILE BLACK), 106.00 
8289,ถุงมือ ไม่มีแป้ง S ไนไตร สีฟ้า (KLEANGLOVE NITRILE PASTEL BLUE), 106.00 
8295,ถุงมือ ไม่มีแป้ง XL ไนไตร สีดำ (KLEANGLOVE NITRILE BLACK), 106.00 
8294,ถุงมือ ไม่มีแป้ง XL ไนไตร สีฟ้า (KLEANGLOVE NITRILE PASTEL BLUE), 106.00 
3760/6,ถุงมือ ศรีตรังโกลฟส์ size L (SRI TRANG GLOVES), 102.00 
3760/5,ถุงมือ ศรีตรังโกลฟส์ size M (SRI TRANG GLOVES), 102.00 
3760/4,ถุงมือ ศรีตรังโกลฟส์ size S (SRI TRANG GLOVES), 102.00 
3760/7,ถุงมือ ศรีตรังโกลฟส์ size XS (SRI TRANG GLOVES), 102.00 
1/5/3760,ถุงมือ ไฮแคร์เซนส์ size M (HYCARE SENS), 37.50 
3096/1,ถุงยาง APOLLO 49mm (ก.100ชิ้น) อพอลโล, 310.00 
3096/2,ถุงยาง APOLLO MAJOR 52mm (ก.100ชิ้น) อพอลโล, 345.00 
493/1,ถุงยาง DUREX AIRY CONDOM แอรี่ 52mm 2EA/BOX, 63.25 
494/1,ถุงยาง DUREX CHOCOLATE 52.5mm 1x3p, 58.50 
2980,ถุงยาง DUREX COMFORT 56mm 1x3p, 70.00 
2453,ถุงยาง DUREX EXCITA 53mm 1x3p, 44.50 
493,ถุงยาง DUREX FETHERLITE 52.5mm 1x3p, 65.00 
3096,ถุงยาง DUREX KINGTEX 49mm 1x3p, 35.00 
4302,ถุงยาง DUREX LOVE 52.5mm 1x3p, 35.00 
745/1,ถุงยาง DUREX PROTECT 52.5mm 1x3p, 36.50 
739,ถุงยาง DUREX SENSATION 52mm 1x3p, 58.50 
494,ถุงยาง DUREX STRAWBERRY 52.5mm 1x3p, 58.50 
493/9,ถุงยาง DUREX TH DUAL PLEASURE 56mm 1x3p, 85.25 
745,ถุงยาง DUREX TH PERFORMA 52mm 1x3p, 65.50 
762,ถุงยาง LifeStyles Fantasy (52mm) (ก.3ชิ้น), 18.00 
760,ถุงยาง LifeStyles Intouch (52mm) กล่อง3ชิ้น แพคโหล (ก.3ชิ้น.) บ เลิก, 21.00 
765,ถุงยาง LifeStylesLoveTime (52mm) ชลอการหลั่ง [benzocaine 4.5%] (ก3ชิ้น), 21.00 
768,ถุงยาง LifeStyles MAX (54mm)12 (ก.3ชิ้น), 21.00 
764,ถุงยาง LifeStyles Mixed Berry (49mm) กล่อง3ชิ้น (ก.3ชิ้น) บ เลิก, 20.25 
766,ถุงยาง LifeStyles sensitive (52mm) (ก.3ชิ้น), 21.25 
763-1,ถุงยาง LifeStyles Studded (52mm) (ก.3ชิ้น), 21.25 
2621,ถุงยาง SILKE ซิลค์ ขนาด49มม สีแดง (ก.3ชิ้น), 7.75 
0-2,ถุงหิ้ว พลาสติก เล็ก (แพค50ใบ) 0-2, 16.00 
2292/5,เถาวัลย์เปรียง 200mg GPO 6x10s, 486.00 
2292/3,เถาวัลย์เปรียง อภัยภูเบศน์ 70s (ขวด), 61.50 
1646,ทัมใจ ผง 100ซอง (ก.100ซอง) บ ขาด, 156.00 
2460,ทิงเจอร์ไอโอดีน วิทยาศรม 15ml, 102.50 
2461,ทิงเจอร์ไอโอดีน วิทยาศรม 30ml, 151.00 
30100/1,ทิชชู่ Biocoxib, 20.00 
30100/2,ทิชชู่ pop-up SOLMAX, 25.00 
961753/1,ทิชชู่ เปียก 1x20s G SurePlus 200x160mm, 6.75 
961753/4,ทิชชู่ เปียก 1x20s OVIVA organic baby wipes 200x150mm มีโปรซื้อเยอะ, 20.50 
961753/5,ทิชชู่ เปียก 1x20s PAULINE 200x140mm, 23.50 
961753/2,ทิชชู่ เปียก 1x40s G SurePlul 200x160mm มีฝาล็อก มีโปรซื้อเยอะ, 14.50 
961753/3,ทิชชู่ เปียก 1x80s G SurePlul 200x160mm มีฝาล็อก มีโปรซื้อเยอะ, 26.00 
4233/99,ทิชชู่เปียก rebac, 20.00 
6982/98,ทิชชู่เปียก คละแบบ, 20.00 
2189/65,ทิชชูเปียก คุริโนะ KURINO Baby Wipes Extra ห่อม่วง60แผ่น, 30.00 
99999/99,ทิชชู่เปียก เทมปร้า, 20.00 
30100,ทิชชู่ พรีม แอนนี่ลินท์ คาเมลล่า Tissue ซื้อเยอะ (ลัง36กล่อง), 15.00 
07969/10,ที่ตัดเม็ดยา GALE, 29.00 
9999/98,ที่นอนลมไฟฟ้า ปั๊มลม แบบรังผึ้ง 100x243x6.5cm Altem (ชิ้น)," 1,545.00 "
9999/99,ที่นอนลมไฟฟ้า ปั๊มลม แบบลอน22ลอน 90x200x9cm Altem (ชิ้น)," 3,760.00 "
5167,ที่ปั้มนมก้านโยก (ชนิดเก็บ) บ ขาด, 178.00 
999,ที่ห้อยพวงกุญแจ TEVA, 30.00 
93110/6,โทมอนท์ 10mg 4x7s, 205.00 
93110/5,โทมอนท์ 5g เคี้ยว CHEWABLE 5mg 4x7s บ เลิก, 339.00 
1565,ธาตุน้ำขาวตราไทยนคร 200ml, 46.50 
1565/2,ธาตุน้ำขาวตราไทยนคร 50ml, 14.50 
1565/1,ธาตุน้ำขาวตราไทยนคร ซอง 24x15ml, 144.50 
1563/1,ธาตุน้ำขาวตราองค์การ 200ml *ใหม่42.50, 41.00 
1565/4,ธาตุน้ำขาวห่านคู่ 200ml **ราคาพิเศษ, 40.00 
19042,ธาตุน้ำแดง [GPO] 180ml, 31.00 
124850/11,นม COLOSURE 400g รสวนิลลา, 375.00 
124850/12,นม COLOSURE 800g รสวนิลลา, 735.00 
124850/10,นม COLOSURE กล่อง 50gx6ซอง รสวนิลลา, 359.00 
121403/2,นม Ensure 380g Almond (Plant based), 445.00 
1412400/1,นมEnsure 400g ช็อคโกแลต (ลัง24กระป๋อง) เอนชัวร์ (กระป๋อง), 445.00 
121403/1,นมEnsure 400g รสกาแฟ เอนชัวร์ (กระป๋อง), 445.00 
121403/3,นม Ensure Gold 380g Almond (Plant based), 480.00 
2412850/5,นม Ensure Gold 800g Almond (Plant based), 875.00 
121403/4,นม Ensure Gold 800g กาแฟ (ลัง12) เอนชัวร์ ซื้อเยอะ (กระป๋อง) มีโปรซื้อเยอะ *ใหม่840, 820.00 
124850/1,นม Ensure Gold 800g ธัญพืช หวานน้อย เอนชัวร์ (กระป๋อง)มีโปรซื้อเยอะ *ใหม่840, 820.00 
1412850/1,นม Ensure Gold 800g วานิลลา เอนชัวร์ (กระป๋อง) มีโปรซื้อเยอะ **ใหม่840, 820.00 
125850/1,นม Ensure Gold 850g รสซ๊อกโกแลต เอนชัวร์ (กระป๋อง) มีโปรซื้อเยอะ *ใหม่840, 820.00 
1412850/12,นม Ensure Gold AdvancePro 380g Chocolate, 468.00 
121402,นม Ensure Gold AdvancePro380g กาแฟ, 467.00 
1412850/13,นม Ensure Gold AdvancePro 380g ธัญพืช เอนชัวร์ (กระป๋อง), 480.00 
1412400,นม Ensure Gold AdvancePro380g วานิลลา เอนชัวร์ **โฉมใหม่, 480.00 
2412850/2,นม Ensure Gold Advance Pro 800g Chocolate, 875.00 
2412850/4,นม Ensure Gold Advance Pro 800g กาแฟ, 875.00 
224850/1,นม Ensure Gold Advance Pro 800g ธัญพืช หวานน้อย, 875.00 
2412850/1,นม Ensure Gold Advance Pro 800g วานิลลา, 875.00 
224850/8,นม Ensure Gold Advance Pro กล่อง 370gx3ถุง ธัญพืช," 1,155.00 "
2412850/7,นม Ensure Gold Advance Pro กล่อง 370gx3ถุง วานิลลา," 1,155.00 "
124850/9,นม Ensure Gold กล่อง 370gx3ถุง Almond (Plant based)," 1,155.00 "
1412400/2,นม Entrasol Platinum 400g วานิลลา เอนทราซอล (กระป๋อง), 276.00 
1412400/4,นม Entrasol Platinum 800g วานิลลา เอนทราซอล, 542.00 
126850/7,นม Glucerna Plus ธัญพืช 800g (ลัง12) กลูเซอนา พลัส **ใหม่1125," 1,069.00 "
126850/4,นม Glucerna SR วานิลลา 380g (กระป๋อง), 582.00 
126850/8,นม Glucerna SR วานิลลา 800g (ลัง12) กลููเซอนา เอสอาร์ (กระป๋อง) **ใหม่1125," 1,069.00 "
2412850/3,นม Glucerna กล่อง 370gx3ถุง วานิลลา กลูเซอน่า (ก.3ถุง) **ใหม่ 1475บ," 1,400.00 "
1412850/3,นม Glucerna กล่อง 400gx3ถุง วานิลลา กลูเซอน่า (ก.3ถุง) **ใหม่ 1475บ," 1,400.00 "
1412400/3,นม Neo-Mune 400g มะเร็ง วานิลลา นีโอ-มูน **ขายขาด, 411.00 
1412400/5,นม ONCE Renal 400g วนิลลา (Otsuka) อาหารสูตรคนก่อนล้างไต **ขายขาด, 298.00 
1970/5,นมอัดเม็ด FIT DHA Lysine รสโกโก้ [Tuna Oil Complex] 10gx12ซอง, 241.50 
1970/6,นมอัดเม็ด รสช็อกโกแลต ก.น้ำตาล [Milky D เจ็ดดาว] 24ซอง*8s มิวกี้ดี (ก.24ซอง) มี, 169.00 
1970/8,นมอัดเม็ด รสช็อคโกแลต ก.น้ำตาล [Milk Milk] 24ซองx15s (ก.24ซอง), 271.00 
1970/4,นมอัดเม็ด รสนม ก.น้ำเงิน [Milky D เจ็ดดาว] 24ซอง*8s มิวกี้ดี (ก.24ซอง), 169.00 
1970/3,นมอัดเม็ด รสนมชมพู ก.ชมพู [Milky D เจ็ดดาว] 24ซอง*8s มิวกี้ดี (ก.24ซอง), 169.00 
1970/2,นมอัดเม็ด รสมอลต์ ก.น้ำตาลอ่อน [Milky D เจ็ดดาว] 24ซอง*8s มิวกี้ดี (ก.24ซอง), 169.00 
1970/7,นมอัดเม็ด รสหวาน ก.น้ำเงิน [Milk Milk] 24ซองx15s (ก.24ซอง), 271.00 
1398/6,น่อง ชมพู size L (24-26) Anniegrip CALF [triple-D] แอนนี่กริบ, 95.00 
1398/5,น่อง ชมพู size M (20-24) Anniegrip CALF [triple-D] แอนนี่กริบ, 95.00 
1398/4,น่อง ชมพู size S (16-20) Anniegrip CALF [triple-D] แอนนี่กริบ (กล่อง), 95.00 
1398/7,น่อง ชมพู size XL (26-30) Anniegrip CALF [triple-D] แอนนี่กริบ, 95.00 
1685/4,นางพยาบาล ผ้าก๊อซ8Ply 2x2นิ้ว Gauze 20x5s, 63.50 
1685/3,นางพยาบาล ผ้าก๊อซ8Ply 3x3นิ้ว Gauze 20x5s, 88.50 
1685/5,นางพยาบาล ผ้าก๊อซ8Ply 4x4นิ้ว Gauze 20x5s, 134.50 
1762/2,นางพยาบาล สำลีก้าน 100ก้านใหญ่ COTTON BUD, 7.75 
1762/4,นางพยาบาล สำลีก้านกระปุก 100ก้านใหญ่ COTTON BUD, 14.50 
1762/3,นางพยาบาล สำลีก้านเล็ก 100ก้านเล็ก จิ๋ว mini COTTON BUD, 10.00 
1183/1,นาโนเมด OVULATION TEST STRIP ชุดทดสอบหาวันตกไข่ 5test 230บ (จุ่ม), 79.00 
131810/2,น้ำกลั่น 1000ml ดัมเบล Aqua kare swi (ขวด) รหัส 131810/2, 31.00 
131810/4,น้ำกลั่น 1000ml ดัมเบล เขียว SWI (ขวด) ไทยนคร, 28.50 
131810/3,น้ำกลั่น 1000ml ดัมเบล ฟ้า SWIR (ขวด), 31.50 
1799,น้ำเกลือจุกแหลม 100ml KLEAN&KARE NORMAL KARE NSS, 25.25 
2-440,น้ำเกลือจุกแหลม 500mlKLEAN&KARE NORMAL KARE NSS, 36.00 
131811,น้ำเกลือ ถุุง1000ml ARI ป้ายเหลือง [TNP] (ถุง), 42.50 
131811/1,น้ำเกลือ ถุุง1000ml Lactate Ringer (LR) ป้ายเหลือง [ANB] (ถุง), 42.25 
131811/2,น้ำเกลือ ถุุง1000ml NSS0.9% ISOTONIC ป้ายแดง [ANB] (ถุง), 30.00 
1155/2,น้ำเกลือล้างจมูก CLEANOZE ชุดอุปกรณ์ล้างจมูก แถม เกลือ 2.265gx5s, 85.00 
1155/3,น้ำเกลือล้างจมูก CLEANOZE รีฟิลเกลือ 2.265gx20s (กล่อง), 85.00 
1664,น้ำเกลือ วิทยาศรม 120ml, 141.50 
16924,น้ำมันเขียว [แม่กุหลาบ] 20cc ใหญ่, 78.00 
16905,น้ำมันเขียว [แม่กุหลาบ] 3cc เล็ก, 212.00 
16124,น้ำมันเขียว แม่มะลิ 24ml, 64.50 
16105,น้ำมันเขียว แม่มะลิ 5ml, 18.50 
16124/1,น้ำมันตรากุ้งคู่ 28cc (ขวด), 98.00 
2292/4,น้ำมันตราวังว่าน สเปรย์ปวดเมื่อย 60cc (ก.1ขวด), 135.00 
1653,น้ำมันมวย กลาง 60cc, 63.25 
3390,น้ำมันมวย จิ๋ว 15cc, 23.75 
18009,น้ำมันมวย ปอนด์ 450cc, 265.00 
1654,น้ำมันมวย เล็ก 30cc, 38.83 
1136/40,น้ำมันมวย สเปรย์ 40cc, 52.25 
1655,น้ำมันมวย ใหญ่ 120cc, 96.00 
2464,น้ำมันมะกอกบริสุทธิ์ วิทยาศรม 60ml, 31.84 
2-565,น้ำมันมะกอกหอม [ค้างคาว] 450cc ปอนด์ ฝาปั๊ม เอสเซ้นซ์ โอลีฟ ออยล์ (ขวด), 69.25 
2464-1,น้ำมันมะกอกหอม [ค้างคาว] 60cc โอลีฟ ออยล์ (ขวด), 10.25 
1704,น้ำมันมะกอกหอม [ศิริ] 60cc, 20.00 
2077,น้ำมันยาตรานกอินทรีย์ 12ml **ขึ้น59, 55.50 
2028,น้ำมันยาตรานกอินทรีย์ 3ml **ขึ้น24.75, 24.50 
2076/11,น้ำมันยาตรานกอินทรีย์ 3ml สูตร2, 25.75 
2076,น้ำมันยาตรานกอินทรีย์ 6ml, 35.50 
1727,น้ำมันยูคาลิปตัส วิทยาศรม 15ml, 405.00 
19004,น้ำมันยูคาลิปตัส วิทยาศรม 30ml, 599.00 
246/1,น้ำมันรำข้าวและจมูกข้าวอินทรีย์ [RICE-BRAN อภัยฯ] 740มก 60s (ขวด), 373.00 
2-249,น้ำมันละหุ่ง บริสุทธิ์ วิทยาศรม 60ml, 17.25 
16624,น้ำมันสีน้ำตาล เลียงผา [แม่กุหลาบ] 20cc ใหญ่, 79.00 
16605,น้ำมันสีน้ำตาล เลียงผา [แม่กุหลาบ] 3cc เล็ก, 212.00 
2245/15,น้ำมันหอมระเหย 5ml OZP FRESH AROMA OIL, 95.00 
2245/8,น้ำมันหอมระเหย หอมแดง DINOGANIC 10ml, 75.00 
16424,น้ำมันเหลือง [แม่กุหลาบ] สูตรไพล 20cc ใหญ่, 79.00 
16424/1,น้ำมันเหลือง [แม่กุหลาบ] สูตรไพล 3cc, 212.00 
16224,น้ำมันเหลือง [สมถวิล] 24cc ใหญ่, 91.00 
16204,น้ำมันเหลือง [สมถวิล] 4ml เล็ก (หน่วย/แพค12ข), 440.00 
16205,น้ำมันเหลือง [สมถวิล] ลูกกลิ้ง 5ml เล็ก (หน่วย/แพค12ขวด), 580.00 
16700/28,น้ำมันเหลือง หงส์สุวรรณ 4ml, 21.50 
953/1,บ ขาด DEZTANEX 1x10s มีโปรซื้อเยอะ, 69.75 
4149/2,บ้วนปาก C-20 1000ml (แดง), 190.00 
4148/10,บ้วนปาก C-20 180ml (เขียว), 53.00 
4148,บ้วนปาก C-20 180ml (แดง), 38.75 
4149,บ้วนปาก C-20 360ml (แดง), 55.00 
4148/13,บ้วนปาก C-20 45ml (แดง), 36.00 
8175,บ้วนปาก C-20 BLUE SALLY 180ml (สีฟ้า), 42.50 
8175/1,บ้วนปาก C-20 BLUE SALLY 45ml (สีฟ้า), 30.50 
4148/2,บ้วนปาก C-20 PLUS 180ml (เขียว) รุ่นใหม่, 53.00 
555/2,บังแดด(หน้าต่างรถ) TRB, 15.00 
161205/2,บาล์ม วิทยาศรม 100g, 95.25 
1002/1,แบล็ค อดัม กำลังช้างสาร [คุณสัมฤทธิ์] (ขวด60s) **ขายขาด, 237.00 
2058,ใบบัวบก 70s [อภัย] 140บ (แพค10) ซื้อเยอะ (ขวด) มีโปรซื้อเยอะ, 93.00 
151560/5,ใบมะขามแขก แคปซูล 10x10s [KMP] (ก.10แผง), 98.00 
151560/10,ใบมะขามแขก แคปซูล 1x10s อภัยภูเบศน์ (ก.1แผง), 17.25 
151560/4,ใบมะขามแขก แคปซูล 60s [KMP] (ก.1ขวด), 53.00 
1660/8,ปรอท Digital BL-T920 Thermometer คละลาย, 65.75 
1660/9,ปรอท Digital BL-T920 Thermometer ลายกบ, 65.75 
1660/7,ปรอท Digital BL-T920 Thermometer ลายเป็ด, 65.75 
1667/9,ปรอท digital KITTY HKT01 สีชมพู SOS BT-A21CN, 121.00 
1667/8,ปรอท digital KITTY HKT02 สีแดง SOS BT-A21CN, 121.00 
2500/3,ปรอทแก้ว วัดไข้ CRW-1108 [ไร้สารปรอท แม็กดีซีน] กล่อง25ชิ้น (ชิ้น) รหัส 2500/3, 36.50 
2500,ปรอทแก้ว วัดไข้ [ลองเมด Thermometer LONGTEMP] (ก.12อัน) รหัส 2500, 327.00 
1667/120,ปรอท ดิจิตอล DIGITAL THERMOMETER รุ่น DMT-412 ปลายแข็ง, 56.50 
1667/11,ปรอท ดิจิตอล OMRON DIGITAL THERMOMETER รุ่น MC-246, 182.00 
1667/1,ปรอท ดิจิตอล กล่องฟ้า SOS plus BT-A11CN DIGITAL, 74.00 
1667/13,ปรอท ดิจิตอล ปลายอ่อน HEALTH IMPACT Digital Thermometer รุ่นDMT-4320 คละสี *มีโปรซื้อเยอะ, 78.75 
1667,ปรอท ดิจิตอล ปลายอ่อน กล่องแดง SOSรุ่นBT-A21CN 149บ CLINICAL DIGITAL (อัน), 79.00 
1667/6,ปรอท ดิจิตอล ปลายอ่อน นาโนเมด รุ่นdT-04 DIGITAL THERMOMETER, 78.75 
1660,ปรอท-ลองเมด Digital (กล่อง50อัน) Thermometer (อัน), 63.00 
1667/20,ปรอทวัดไข้ดิจิตอล Medtech รุ่นKFT-04 ประกัน2ปี, 65.00 
1667/14,ปรอทวัดไข้ดิจิตอล อินฟารเรด HuBDIC FS-300 ประกัน1ปี, 599.00 
1667/12,ปรอทวัดไข้ดิจิตอล อินฟารเรด HuBDIC HFS-1000 ประกัน1ปี, 486.00 
2500/1,ปรอทวัดไข้ [แอลซีซี CLINICAL Thermometer ] ขายยกกล่อง12อัน, 325.00 
14049,ประดงพระสังข์ 49บ กล่อง40เม็ด (แพค12กล่อง), 365.00 
60/99,เปลือย M 4X7ซ.ม. ซอง2แผ่น ผ้าก๊อซพร้อมใช้ เอสโอเอส พลัส SOS Plus**ราคาพิเศษ ขายขาด, 12.00 
8387/1,เป่าคอ แตงโม ซานจินซีกวาซวน 3g แผลในปากและลิ้น มีโปรซื้อเยอะ, 99.00 
1073,แป้งโยคี 1997 ศิริ 100g (ใหญ่) (แพค6ขวด), 19.25 
194100,แป้งโยคีในรัศมีวงกลม 100g, 14.75 
1940,แป้งโยคีในรัศมีวงกลม 60g, 11.25 
53,แป้งโยคี ศิริ 1997 60g (ขวด), 15.75 
132504/5,แปรงซอกฟัน 3M, 102.00 
132504/1,แปรงซอกฟัน DENTAL PRO size1 0.7mm ก.10ชิ้น หัวตรง, 102.00 
132504/2,แปรงซอกฟัน DENTAL PRO size2 0.8mm 160บ ก.10ชิ้น หัวตรง, 102.00 
132504/3,แปรงซอกฟัน DENTAL PRO size3 1.0mm 160บ ก.10ชิ้น หัวตรง, 102.00 
132504/4,แปรงลิ้น DENTAL PRO TOUNGE BRUSH คละสี ของญี่ปุ่น ขนแปรงนุ่ม, 89.00 
132504/6,แปรงสีฟันเด็ก HELLO KITTY ไฟกระพริบ ลิขสิทธิ์แท้, 76.00 
3063/1,แปะก๊วย 30s 220บ [ขาวละออ] (ขวด), 133.50 
1039/2,ผงกำมะถัน sulfur powder 250g, 40.00 
1039/3,ผงกำมะถัน sulfur powder 350g อันอันโอสถ, 44.00 
3-566,ผงโยคี 1997 ศิริบัญชา 60g, 16.75 
1685-1/1,ผ้าก๊อซ 3นิ้วx3นิ้ว PROGAUZE Mesh24x20 [ลองเมด], 49.50 
7484,ผ้าขนหนู LOCOA สีเหลืองส้ม, 100.00 
3755/99,ผ้าขนหนูผืนเล็ก, 50.00 
6756/5,ผ้าเช็ดนาโน ตราเสือ, 100.00 
13282/5,ผ้าพันแผล [BSN] ไม่มีกาว ยึดติดเอง 2.5cm x 2m [Easifix Elastic], 57.00 
13282/6,ผ้าพันแผล [BSN] ไม่มีกาว ยึดติดเอง 4cm x 2m [Easifix Elastic] (ม้วน), 68.75 
13282/15,ผ้าพันแผล ยึดติดเอง คละสี 2นิ้วx5หลา Co-Adhesive bandage sos [Easifix] (ก.12ม้วน), 475.00 
13282/16,ผ้าพันแผล ยึดติดเอง คละสี 3นิ้วx5หลา Co-Adhesive bandage sos ก.6ม้วน *แปลงหน่วย [Easifix], 285.00 
13282/12,ผ้าพันแผล ยึดติดเอง สีเนื้อ 1นิ้ว x 5หลา Co-Adhesive bandage sos [Easifix], 26.25 
13282/13,ผ้าพันแผล ยึดติดเอง สีเนื้อ 2นิ้ว x 5หลา Co-Adhesive bandage sos [Easifix], 45.75 
13282/14,ผ้าพันแผล ยึดติดเอง สีเนื้อ 3นิ้ว x 5หลา Co-Adhesive bandage sos [Easifix], 59.00 
23361/5,ผ้ารัดหน้าท้องหลังคลอดชนิดเปิดหน้า REDIGRIP VELCROทบ2ชั้น size L สะโพก41-50นิ้ว, 399.00 
23361/4,ผ้ารัดหน้าท้องหลังคลอดชนิดเปิดหน้า REDIGRIP VELCROทบ2ชั้น size M สะโพก34-40นิ้ว, 387.00 
23361/8,ผ้ารัดหน้าท้องหลังคลอดชนิดเปิดหน้า REDIGRIP VELCROทบ2ชั้น size S สะโพก25-33นิ้ว, 312.00 
23361/6,ผ้ารัดหน้าท้องหลังคลอดชนิดเปิดหน้า REDIGRIP VELCROทบ2ชั้น size XL สะโพก51-58นิ้ว, 422.00 
23361/7,ผ้ารัดหน้าท้องหลังคลอดชนิดเปิดหน้า REDIGRIP VELCROทบ2ชั้น size XXL สะโพกมากกว่า58นิ้ว, 455.00 
2189/26,ผ้าอ้อมเด็กแรกเกิด BabyLove เทป NB 32ชิ้น, 121.00 
2189/62,ผ้าอ้อมผู้ใหญ่ CERTAINTY CDP แบบกางเกง ซึมซับมาก4.5แก้ว 450cc #L สีส้ม ห่อ10ชิ้น, 168.00 
2189/63,ผ้าอ้อมผู้ใหญ่ CERTAINTY CDP แบบกางเกง ซึมซับมาก4.5แก้ว 450cc #M สีส้ม ห่อ10ชิ้น, 168.00 
2189/64,ผ้าอ้อมผู้ใหญ่ CERTAINTY CDP แบบกางเกง ซึมซับมาก4.5แก้ว 450cc #XL สีส้ม ห่อ8ชิ้น, 168.00 
2189/17,ผ้าอ้อมผู้ใหญ่ CERTAINTY CSP แบบกางเกง ซึมซับมาก6แก้ว 600cc #M สีเขียว ห่อ11ชิ้น, 292.75 
2189/15,ผ้าอ้อมผู้ใหญ่ CERTAINTY CSP แบบกางเกง ซึมซับมาก6แก้ว 600cc #XL สีเขียว ห่อ9ชิ้น, 292.75 
2189/16,ผ้าอ้อมผู้ใหญ่ CERTAINTY CSP แบบกางเกง ซึมซับมาก9แก้ว 900cc #L สีเขียว ห่อ11ชิ้น, 292.75 
2189/13,ผ้าอ้อมผู้ใหญ่ CERTAINTY CTT แบบเทป #L สีฟ้า ห่อ28ชิ้น, 426.00 
2189/10,ผ้าอ้อมผู้ใหญ่ CERTAINTY CTT แบบเทป #L สีฟ้า ห่อ9ชิ้น, 167.00 
2189/9,ผ้าอ้อมผู้ใหญ่ CERTAINTY CTT แบบเทป #M สีฟ้า ห่อ10ชิ้น, 146.00 
2189/60,ผ้าอ้อมผู้ใหญ่ CERTAINTY CTT แบบเทป #M สีฟ้า ห่อ32ชิ้น, 426.00 
2189/12,ผ้าอ้อมผู้ใหญ่ CERTAINTY CTT แบบเทป #M สีฟ้า ห่อ34ชิ้น, 434.00 
2189/14,ผ้าอ้อมผู้ใหญ่ CERTAINTY CTT แบบเทป #XL-XXL สีฟ้า ห่อ24ชิ้น, 429.00 
2189/11,ผ้าอ้อมผู้ใหญ่ CERTAINTY CTT แบบเทป #XL-XXL สีฟ้า ห่อ8ชิ้น, 167.00 
2189/23,ผ้าอ้อมผู้ใหญ่ feelfree แบบเทป #L 38-58นิ้ว ห่อ10ชิ้น (ห่อ), 174.00 
2189/22,ผ้าอ้อมผู้ใหญ่ feelfree แบบเทป #M 28-44นิ้ว ห่อ10ชิ้น, 145.00 
2189/51,ผ้าอ้อมผู้ใหญ่ G SURE PLUS แบบเทป #L เอว40-55นิ้ว ห่อ10ชิ้น, 132.00 
2189/52,ผ้าอ้อมผู้ใหญ่ G SURE PLUS แบบเทป #XL เอว50-65นิ้ว ห่อ10ชิ้น, 143.00 
2189/29,ผ้าอ้อมผู้ใหญ่ กางเกงอันอันสลิม #L 40-56นิ้ว ห่อ10ชิ้น (ห่อ), 170.00 
2189//61,ผ้าอ้อมผู้ใหญ่ กางเกงอันอันสลิม #M 32-44นิ้ว ห่อ11ชิ้น (ห่อ), 170.00 
2189//60,ผ้าอ้อมผู้ใหญ่ กางเกงอันอันสลิม #XL 52-68นิ้ว ห่อ10ชิ้น (ห่อ), 180.00 
2189/38,ผ้าอ้อมผู้ใหญ่ ไลฟ์รี่ JUMBO (ขายยกลัง) แบบกางเกง ซึมซับ4แก้ว #XL 35-50นิ้ว ห่อสีขาว, 655.00 
2189/42,ผ้าอ้อมผู้ใหญ่ ไลฟ์รี่ JUMBO (ขายยกลัง) แบบกางเกง ซึมซับ6แก้ว #L 29-40นิ้ว ห่อสีขาว16ชิ้นx3ห่อ มี, 689.00 
8.85111E+12,ผ้าอ้อมผู้ใหญ่ ไลฟ์รี่ JUMBO (ขายยกลัง) แบบกางเกง ซึมซับ6แก้ว #XL 35-50นิ้ว 14ชิ้นx3ห่อ มี, 689.00 
2189/37,ผ้าอ้อมผู้ใหญ่ ไลฟ์รี่ JUMBO แบบกางเกง ซึมซับ4แก้ว #M 23-34นิ้ว, 299.00 
2189/35,ผ้าอ้อมผู้ใหญ่ ไลฟ์รี่ JUMBO แบบกางเกง ซึมซับ4แก้ว #XL 35-50นิ้ว, 299.00 
2189/49,ผ้าอ้อมผู้ใหญ่ ไลฟ์รี่ JUMBO แบบกางเกง ซึมซับ6แก้ว #L 29-41นิ้ว ห่อ16ชิ้น, 288.00 
2189/50,ผ้าอ้อมผู้ใหญ่ ไลฟ์รี่ JUMBO แบบกางเกง ซึมซับ6แก้ว #M 23-34นิ้ว, 288.00 
2189/48,ผ้าอ้อมผู้ใหญ่ ไลฟ์รี่ JUMBO แบบกางเกง ซึมซับ6แก้ว #XL 35-50นิ้ว ห่อ14ชิ้น, 288.00 
2189/40,ผ้าอ้อมผู้ใหญ่ ไลฟ์รี่ JUMBO (ยายยกลัง) แบบกางเกง ซึมซับ4แก้ว #M 23-34นิ้ว ห่อสีขาว, 655.00 
2189/44,ผ้าอ้อมผู้ใหญ่ ไลฟ์รี่ JUMBO (ยายยกลัง) แบบกางเกง ซึมซับ6แก้ว #M 23-34นิ้ว 18ชิ้นx3ห่อ มี, 689.00 
2189/30,ผ้าอ้อมผู้ใหญ่ ไลฟ์รี่ REGULAR แบบกางเกง ซึมซับ4แก้ว ห่อ10+2 #M 23-34นิ้ว, 187.00 
2189/31,ผ้าอ้อมผู้ใหญ่ ไลฟ์รี่ REGULAR แบบกางเกง ซึมซับ4แก้ว ห่อ10+2ชิ้น #L 29-40นิ้ว, 187.00 
2189/32,ผ้าอ้อมผู้ใหญ่ ไลฟ์รี่ REGULAR แบบกางเกง ซึมซับ4แก้ว ห่อ8+2ชิ้น #XL 35-50นิ้ว, 187.00 
2189/46,ผ้าอ้อมผู้ใหญ่ ไลฟ์รี่ REGULAR แบบกางเกง ซึมซับ6แก้ว ห่อ10ชิ้น #L 29-41นิ้ว, 185.00 
2189/47,ผ้าอ้อมผู้ใหญ่ ไลฟ์รี่ REGULAR แบบกางเกง ซึมซับ6แก้ว ห่อ11 #M 23-34นิ้ว, 185.00 
2189/45,ผ้าอ้อมผู้ใหญ่ ไลฟ์รี่ REGULAR แบบกางเกง ซึมซับ6แก้ว ห่อ9ชิ้น #XL 35-50นิ้ว, 185.00 
13191/5,แผ่น ตรวจวัดน้ำตาล 50ชิ้น AQmaxIII [Sinocare], 345.00 
13191/4,แผ่น ตรวจวัดน้ำตาล (ก.50ชิ้น) [Sinocare Safe AQ] (กล่อง), 245.00 
2926/5,แผ่นปิดกันยุง ตราเสือ MOSQUITO REPELLENT PATCH 1x10s, 91.75 
61/95,แผ่นแปะแผลกดทับ DUODERM CGF 10x10cm, 525.00 
61/99,แผ่นแปะแผลกดทับ Mepilex 10x10cm กล่อง5แผ่น, 249.00 
61/98,แผ่นแปะแผลกดทับกันน้ำ Mepilex border flex 10x10cm กล่อง5แผ่น, 281.00 
61/97,แผ่นแปะแผลกดทับฆ่าเชื้อ Mepilex Ag 10x10cm, 594.50 
61/96,แผ่นแปะแผลกดทับฆ่าเชื้อกันน้ำ Mepilex border Ag 10x10cm, 432.00 
2189/7,แผ่นรองซับ 6ชั้น #L 45x70ซม Gsure plus ห่อ10ชิ้น, 60.00 
2189/4,แผ่นรองซับ CERTAINTY CBS L-XL ห่อ10ชิ้น (ห่อ), 85.50 
2189/21,แผ่นรองซับ Feelfree L 45x70cm ห่อ10ชิ้น ฟีลฟรี, 76.00 
2189/20,แผ่นรองซับ Feelfree XXL 60x90cm ห่อ8ชิ้น ฟีลฟรี, 89.00 
2189/2,แผ่นรองซับ Softex gel #L ห่อ10ชิ้น, 83.00 
2189/3,แผ่นรองซับ Underpad 60x90cm ห่อ10ชิ้น, 71.00 
2189/41,แผ่นเสริมซึมซับ ไลฟ์รี่ ซึมซับ3แก้ว 60ชิ้น (ห่อ), 265.00 
1821/3,พยุงข้อเท้า L FUTURO ANKLE COMFORT SUPPORT, 253.00 
4321,พยุงข้อเท้า L FUTURO ANKLE WRAPAROUND, 257.00 
1821/2,พยุงข้อเท้า M FUTURO ANKLE COMFORT SUPPORT, 253.00 
1820,พยุงข้อเท้า M FUTURO ANKLE WRAPAROUND, 259.00 
1821/1,พยุงข้อเท้า S FUTURO ANKLE COMFORT SUPPORT, 253.00 
1821,พยุงข้อเท้า S FUTURO ANKLE WRAPAROUND, 257.50 
1391/10,พยุงข้อมือ ADJ FUTURO WRIST NIGHT SUPPORT, 445.00 
1391/7,พยุงข้อมือปรับกระชับได้ ADJ FUTURO WRIST SUPPORT STRAP **ใหม่175, 165.00 
1391/3,พยุงข้อมือสปอร์ตปรับกระชับได้ ADJ FUTURO WRIST SPORT SUPPORT, 209.00 
1822/3,พยุงเข่าเสริมแกนอลูมิเนียม เข่า L (36-40ซม) HEALIS, 302.00 
1822/2,พยุงเข่าเสริมแกนอลูมิเนียม เข่า M (32-36ซม) HEALIS, 278.00 
1822/1,พยุงเข่าเสริมแกนอลูมิเนียม เข่า S (28-32ซม) HEALIS, 278.00 
1822/4,พยุงเข่าเสริมแกนอลูมิเนียม เข่า XL (40-44ซม) HEALIS, 302.00 
1822/5,พยุงเข่าเสริมแกนอลูมิเนียม เข่า XXL (44-48ซม) HEALIS, 302.00 
1391/5,พยุงนิ้วหัวแม่มือ S/M FUTURO THUMB DELUXE STABILIZER, 549.50 
0947/5,พยุงหลัง มีสาย 2XL 42-47นิ้ว HONORE Back Support, 359.00 
0947/6,พยุงหลัง มีสาย 3XL 47-57นิ้ว HONORE Back Support, 359.00 
335/5,พยุงหลัง มีสาย L 30-36นิ้ว HEALIS LUMBAR BACK SUPPORT, 355.00 
0947/3,พยุงหลัง มีสาย L 30-36นิ้ว HONORE Back Support, 359.00 
0947/2,พยุงหลัง มีสาย M 24-30นิ้ว HONORE Back Support, 359.00 
335/4,พยุงหลัง มีสาย M 26-30นิ้ว HEALIS LUMBAR BACK SUPPORT, 355.00 
335/3,พยุงหลัง มีสาย S 20-26นิ้ว HEALIS LUMBAR BACK SUPPORT, 355.00 
0947/4,พยุงหลัง มีสาย XL 36-42นิ้ว HONORE Back Support, 359.00 
335/7,พยุงหลัง มีสาย XXL 42-48นิ้ว HEALIS LUMBAR BACK SUPPORT, 355.00 
1824/4,พยุงหัวเข่า L 41-46cm TIGERPLAST KNEE EXTRA COMFORT SUPPORT, 205.00 
1824,พยุงหัวเข่า L FUTURO KNEE COMFORT SUPPORT, 265.00 
1824/5,พยุงหัวเข่า M 36-41cm TIGERPLAST KNEE EXTRA COMFORT SUPPORT, 205.00 
1823,พยุงหัวเข่า M FUTURO KNEE COMFORT SUPPORT, 263.00 
1824/7,พยุงหัวเข่า S 31-36cm TIGERPLAST KNEE EXTRA COMFORT SUPPORT, 205.00 
1822,พยุงหัวเข่า S FUTURO KNEE COMFORT SUPPORT, 263.00 
1824/6,พยุงหัวเข่า XL 46-51cm TIGERPLAST KNEE EXTRA COMFORT SUPPORT, 205.00 
1824/3,พยุงหัวเข่า XL FUTURO KNEE COMFORT SUPPORT, 263.00 
1824/2,พยุงหัวเข่าปรับกระชับได้ ADJ FUTURO KNEE SPORT SUPPORT, 689.00 
1824/1,พยุงหัวเข่าสริมแกนด้านข้าง ADJ FUTURO KNEE PERFORMANCE STABILIZER, 777.00 
4321/1,พยุงอุ้งเท้า รองช้ำ ปรับกระชับได้ ADJ FUTURO FOOT THERAPEUTIC ARCH SUPPORT, 624.00 
172202/15,พรมมิ BRAHMI [GPO] 60s (ขวด), 299.00 
14035,พร-ยาเป่าคอ ตรากาไก่ 2g, 10.59 
1321/4,พลาเตอร์ สีเนื้อ (ก.เขียว10ซองx5ชิ้น) Rhinoplastic ไรโนพลาสสติก, 44.00 
2926/2,พลาสเตอร์ counterpainCOOL เย็น 10ซองx4แผ่น, 531.75 
3991/1,พลาสเตอร์ counterpainWARM ร้อน 10ซองx4แผ่น (ก.10ซอง), 531.75 
61/9,พลาสเตอร์ NEOPLAST KIDS DINO มีตัวยา 1.9x5.6cm 1x10x6s, 93.00 
7516/1,พลาสเตอร์ Pastel บรรเทาปวด สูตรเย็น 7x10cm ซอง2แผ่น, 199.00 
7516,พลาสเตอร์ Pastel บรรเทาปวด สูตรร้อน 7x10cm ซอง2แผ่น, 199.00 
13290/3,พลาสเตอร์ WS5 5.0x7.2cm TIGERPLAST TRANSPARENT WATERPROOF (ก.10ซอง), 132.00 
2927,พลาสเตอร์บรรเทาปวด ตราเสือ (สูตรเย็น) 10x14cm, 57.50 
2926,พลาสเตอร์บรรเทาปวด ตราเสือ (สูตรเย็น) 7x10cm, 43.00 
3992,พลาสเตอร์บรรเทาปวด ตราเสือ-อาร์ดี (สูตรร้อน) 10x14cm, 57.50 
3991,พลาสเตอร์บรรเทาปวด ตราเสือ-อาร์ดี (สูตรร้อน) 7x10cm, 43.00 
132601/1,พลาสเตอร์ปิดดวงตา 3M OPTICLUDE 47.5x63.5mm (กล่อง20ซอง), 101.00 
132601,พลาสเตอร์ ปิดตา E2 เด็ก 5x7.5cm (กล่อง10ซอง) SOS EYE PAD, 75.00 
132602,พลาสเตอร์ ปิดตา E5 ผู้ใหญ่ 5.8x8.3cm SOS EYE PAD (ก10ซอง), 84.50 
61/4,พลาสเตอร์ ปิดแผล กันน้ำ 2.6x5.7ซม 6ชิ้น [3M MAX HOLD] PLASTER แม็กโฮลด์ (ก.6ชิ้น), 25.00 
1321/10,พลาสเตอร์ ผ้า 19x60mm (ก.แดง10ซองx10ชิ้น) Rhinoplast ไรโนพลาสท์, 33.50 
2373/1,พลาสเตอร์ผ้า Rhinoplast-S (ก100ชิ้น) ไรโนพลาสต์ (กล่อง), 34.25 
1320,พลาสเตอร์ (ผ้า) เทนโซพลาส 100ชิ้น Plaster Tensoplast, 64.25 
2374,พลาสเตอร์ ผ้า เสือ 100ชิ้น TIGERPLAST ไทเกอร์พลาส (กล่อง) มีโปรซื้อเยอะ, 33.50 
2374-1,พลาสเตอร์ ผ้า เสือ *โฉมใหม่ 100ชิ้น TIGERPLAST ไทเกอร์พลาส (กล่อง) มีโปรซื้อเยอะ, 35.00 
1321/1,พลาสเตอร์ พลาสติก 19x72mm (ก.ฟ้า10ซองx5ชิ้น) Rhinoplastic ไรโนพลาสติก, 43.00 
2374/12,พลาสเตอร์พลาสติก PLASTIC PLASTER ก8ชิ้น [TIGERPLAST] Kuromi, 18.50 
2374/11,พลาสเตอร์พลาสติก PLASTIC PLASTER ก8ชิ้น [TIGERPLAST] MyMelody Kuromi, 18.50 
2374/13,พลาสเตอร์พลาสติกกันน้ำ KUROMI FILM PLASTER 5ชิ้นx10ซอง KUROMI [TIGERPLAST], 201.00 
62/5,พลาสเตอร์ลายMINIONS T-M MST01 4x7ซม พลาสเตอร์กันน้ำ SOS ก.3แผ่น, 23.00 
1321,พลาสเตอร์ (สีเนื้อ) 100แผ่น เทนโซพลาสติก Plaster Tensoplastic, 74.00 
1321/6,พลาสเตอร์ สีเนื้อ (ก.เขียว100แผ่น) Rhinoplastic ไรโนพลาสติก, 44.00 
1321/5,พลาสเตอร์ สีใส กล่องฟ้า100แผ่น Rhinoplastic ไรโนพลาสติก, 44.00 
172202/16,พลูคาวสกัด พลัส ขาวละออ 60s (ก.1ขวด), 234.00 
16700/18,พิมเสน ตราหนุมาน ขาว 100g, 290.00 
16700/14,พิมเสน ตราหนุมาน ขาว 2gx12s, 127.00 
3048/1,พิมเสนน้ำลูกกลิ้ง ห้าม้า 7ml, 265.00 
4189,เพชรสังฆาต 70s [อภัย] 140บ (ขวด), 91.00 
17251/2,เพชรสังฆาตตราดอกว่าน 100s [ขาวละออ], 83.00 
2150/1,แพคคู่ BOSISTO S EUCALYPTUS SPRAY นกแก้ว 300ml 2 แถม 75ml 1ขวด, 389.00 
2583/31,แพคคู่ CERAVE DAILY MOISTURE LOTION 16OZ (473ml) x2, 780.00 
2583/25,แพคคู่ CERAVE MOISTURISING CREAM 16OZ (454g) x2, 955.00 
2583/51,แพคคู่ CERAVE SA SMOOTHING CLEANSER 473ml, 879.00 
3994/19,แพคคู่ LA ROCHE CICAPLAST BAUME B5 100ml x2," 1,115.00 "
2582/35,แพคคู่ VICHY DERCOS ENERGY+ AMINEXIL SHAMPOO 200ML+CONDITIONER (สูตรผมร่วง) สีแดง, 652.00 
1841/99,แพคโปร DEEDAY BioMAGNESIUM Plus Vitamins 30s 2 กล่อง แถม BIOC500mg 2gx15s, 292.00 
1922/11,โพรโพลิส พลัส เมาท์ สเปรย์ Elderberry propolis plus mouth spray 15ml มีโปรซื้อเยอะ, 84.00 
151560,ฟ้าทะลายโจร ขวดน้ำเงิน สกัด 500mg 60s 180บ [อ้วยอัน] แพค6, 86.50 
1125,ฟ้าทะลายโจร แคปซูล 350mg PHYTO CARE GPO ไฟโตแคร์ 10x10s, 100.50 
3930,ฟ้าทะลายโจร แคปซูล 350mg ก3x10s [อ้วยอัน], 29.00 
171530,ฟ้าทะลายโจร แคปซูล สกัด 500mg ก.3x10s [อ้วยอัน], 43.50 
171530/4,ฟ้าทะลายโจร แคปซูล สกัด 50s ขาวละออ, 70.00 
2192,ฟ้าทะลายโจร ชนิดเม็ด ตราใบห่อ 70s, 13.50 
171530/2,ฟ้าทะลายโจร สกัด 20mg แอนดร็อกซิล ANDROXSIL 10x10s [KMP], 325.00 
171530/1,ฟ้าทะลายโจร สกัด 20mg แอนดร็อกซิล ANDROXSIL 45s, 144.50 
171530/5,ฟ้าทะลายโจร สกัด 60mg แอนดร็อกซิล ANDROXSIL 3x5s, 145.50 
151560/1,ฟ้าทะลายโจร สกัด ฝาเขียว 500mg 45s 270บ [อ้วยอัน], 131.00 
3571,ฟ้าทะลายโจร [อภัย] 400mg 60s, 52.00 
07857/11,ฟ้าทะลายโจร อภัย เม้าท์ สเปรย์ 15ml ABHAI MOUTH SPRAY, 67.00 
3931,ฟ้าทะลายโจร [อ้วยอัน] ขวด100s (ขวด) รหัส 3931, 57.75 
62/6,ฟิมม์ใสกันน้ำ Sterile 6x7ซม KSG Plase W1 ก.เล็ก5ชิ้น (กล่อง12ก.เล็ก), 339.00 
3349,ฟิลม์ปิดแผลกันน้ำ TEGADERM 3M ใหญ่ 10x12cm [A2] (10ซองx3ชิ้น) ทีก้าเดิร์ม (ซอง), 63.00 
3349/1,ฟิลม์ใสกันน้ำ sterile 10x12cm KSG Plast ใหญ่ W2 ก.เล็ก5ชิ้น (กล่อง6ก.เล็ก), 269.00 
1136/201,มวย MUAY COOLING HYDROGELแผ่นเจลประคบเย็น 1x6x2s, 175.00 
1701/1,มหาหิงค์ แบบลูกกลิ้ง 60ml อันอัน, 22.00 
24,มหาหิงค์ ลูกกลิ้ง 60ml [ศิริ] (ขวด) รหัส 024, 27.25 
1701,มหาหิงค์ วี.เอส. แบบลูกกลิ้ง วิทยาศรม 60ml, 31.25 
1696,มหาหิงคุ์ วิทยาศรม120ml, 37.25 
1700,มหาหิงคุ์ วิทยาศรม 60ml *ใหม่ 22บ, 21.50 
2041,มะขามแขก [อ้วยอัน] ขวด100s NDD (ขวด), 57.50 
1867/2,มะระขี้นก 500mg 10x10s KMP, 98.00 
1867,มะระขี้นก 500mg 70s [อภัย], 118.00 
17251/3,มะระขี้นกตราดอกว่าน 100s [ขาวละออ], 118.00 
1867/1,มะรุม 450mg 100s KMP, 110.00 
2-627,มะแว้ง GPO รสบ๊วย (กล่องส้ม) 20ซอง, 116.00 
13301/30,เม็ดฟู่ทำความสะอาดรีเทนเนอร์ AUTHO PRO 1x30s กลิ่นแอปเปิ้ล [polident], 35.50 
2662/27,เม็ดอมดับกลิ่นปาก SUKKIRI BY DENTISTE LOVE MINT 20s, 65.75 
2662/28,เม็ดอมดับกลิ่นปาก SUKKIRI BY DENTISTE LOVE MINT 50s, 155.00 
1110/10,เม็ดอมสมุนไพร ตราอาปาเช่ รสเชอร์รี่ SF 25x12s, 385.00 
1110/1,เม็ดอมสมุนไพร ตราอาปาเช่ รสมะขามป้อม SF 25x12s, 385.00 
3-452,แม่เลื่อน 1 อยู่ไฟ 99บ เหลือง, 56.75 
3-451,แม่เลื่อน 2 คาวปลา แดง 99บ, 57.00 
9999/14,ไม้ค้ำศอก FA-010, 348.00 
132503,ไม้จิ้มฟัน มีไหมขัดฟัน สีขาว กล่อง50อัน [ดร ฟิลลิป] FLOSS UP มีโปรซื้อเยอะ, 28.00 
132504,ไม้จิ้มฟัน มีไหมขัดฟัน สีเขียวมิ้นท กล่อง50อัน [ดร ฟิลลิป] FLOSS UP มีโปรซื้อเยอะ, 28.00 
9999/29,ไม้เท้า 1 ขา หัวค้อน รุ่น FY920L, 125.00 
9999/17,ไม้เท้า 3 ขา FA-013 รหัส 9999/17, 290.00 
9999/26,ไม้เท้า 3 ขา ขาโก่ง รุ่น ALK526, 290.00 
9999/27,ไม้เท้า 3 ขา รุ่น DY05926, 250.00 
9999/18,ไม้เท้า 4 ขา FA-014, 295.00 
9999/24,ไม้เท้าก้านร่ม HEALTH IMPACT ปรับได้ สูง64-97cm รุ่นFY9281L, 155.00 
9999/19,ไม้เท้าก้านร่ม สูง78-88cmรุ่น 712/914, 155.00 
9998/17,ไม้เท้าค้ำยัน ACL-S size L (160-198cm), 520.00 
9998/16,ไม้เท้าค้ำยัน ACM-S size M (125-160cm), 520.00 
9999/25,ไม้เท้าตัว C HEALTH IMPACT ปรับได้ สูง76-99cm รุ่นFY928L, 125.00 
2045,ยากวาดใบโพธิ์ 10บ รุ่นใหม่ (ซอง), 9.09 
2122,ยากวาดสมานลิ้น ขาวละออ ชนิดผง 36ซอง, 205.25 
1576,ยากษัยเส้น ตราเด็กในพานทอง ชนิดกล่อง 1x25s, 22.50 
3333,ยากษัยเส้น ตราเด็กในพานทอง ชนิดแคปซูล 1x10s, 16.00 
1577,ยากษัยเส้น ตราเด็กในพานทอง ชนิดซอง 1x5s, 6.08 
1577/1,ยากษัยเส้น ตราหัวเสือ ชนิดซอง 1x6s, 5.00 
01076/1,ยากุมารเด็กในพานทอง 250ml [บุญส่ง], 30.50 
2214,ยาแก้หวัด เด็ก 60cc [อ้วยอัน] กล่องม่วง มิสเตอร์เฮิร์บ (ก.1ขวด), 38.50 
2-627/6,ยาแก้ไอเด็ก ตราการบูร 60cc กลิ่นน้ำผึ้งมานูก้า, 19.00 
4167,ยาแก้ไอ ตราอาปาเช่ รสดั้งเดิม 60ml, 15.34 
4166,ยาแก้ไอ ตราอาปาเช่ สูตรมะขามป้อม 60ml, 15.34 
2-627/3,ยาแก้ไอ ผสมมะขามป้อม 120cc KMP (ก.1ขวด), 29.50 
2-627/2,ยาแก้ไอ ผสมมะขามป้อม 60cc KMP (ก.1ขวด), 18.25 
2-627/7,ยาแก้ไอฟ้าทะลายโจร ตราการบูร ผสมมะขามป้อม 60cc, 25.00 
2-627/5,ยาแก้ไอ มะขามป้อมผสมฟ้าทะลายโจร 60cc KMP, 37.00 
3398/7,ยาแก้ไอ มะขามป้อม วังหลัง 120ml ขวดส้ม, 26.00 
1939,ยาแก้ไอโยคี ตราโยคีในรัศมีวงกลม 60ml, 11.34 
24035,ยาแก้ไอวิริยะ 60ml, 32.25 
4089/5,ยาแก้ไอสมุนไพร ตราไอยสวรรค์ สูตร2 120ml มีโปรซื้อเยอะ, 25.50 
4089/6,ยาแก้ไอสมุนไพร ตราไอยสวรรค์ สูตร2 60ml มีโปรซื้อเยอะ, 18.00 
1656,ยาขมชง น้ำเต้าทอง กล่องฟ้า5ซอง, 48.00 
1943,ยาขมชนิดเม็ด ตราใบห่อ 70s, 22.00 
1657,ยาขมต้ม น้ำเต้าทอง กล่องฟ้ากล่อง10ซอง, 90.00 
1944,ยาขมใบห่อ ซอง (แพค25ซอง) ลัง2000ซอง (ซอง), 4.00 
2044/1,ยาขมเม็ด ตราตะขาบ ซอง15เม็ด (ซอง15เม็ด), 12.75 
1659,ยาขมเม็ด น้ำเต้าทอง 10บ กล่อง25ซอง (ลัง20), 225.00 
151560/8,ยาขมิ้นชันแคปซูล 100s [KMP] (ก.1ขวด), 59.00 
2850,ยาเขียวชนิดผง ตราใบห่อ (ซอง), 3.75 
2851,ยาเขียว ตราใบห่อ [ชนิดเม็ด] (ก.50แผง) **โฉมใหม่, 249.00 
2044,ยาเขียวใบโพธิ์ 14บ (ซอง) รหัส 2044, 9.09 
2043,ยาเขียว (เม็ด) ดอกบัว สูตร2, 5.00 
248500,ยาเขียว สามฤดู เข้มข้น 10s, 27.25 
2848,ยาเขียวสามฤดู ตราปลาคู่ ชนิดผง (ซองแดง), 11.58 
2849,ยาเขียวสามฤดู ตราปลาคู่ ชนิดเม็ด (ซองเขียว), 11.58 
938,ยาคุม ANAMAI 28s มีโปรซื้อเยอะ, 20.25 
1085,ยาคุม ANNA 28s มีโปรซื้อเยอะ **ขึ้น27.25, 26.75 
2502/1,ยาคุม ANNIE 21s, 55.75 
4405,ยาคุม ANNYLYN 21s, 85.75 
4406,ยาคุม ANNYLYN 28s, 85.75 
2,ยาคุม BELARA 21s, 280.00 
95521,ยาคุม BERIZ 21s, 73.00 
95621,ยาคุม CAMELLA 21s, 70.15 
95628,ยาคุม CAMELLA 28s, 70.15 
809,ยาคุม CERAZETTE 28s **ใหม่184บ, 183.00 
2236,ยาคุม CYCLO-PROGYNOVA 21s, 166.50 
438,ยาคุม DAFNE 35 21s, 90.00 
3934/8,ยาคุม DERAREZ 21s เดอราเรซ [สูตรYASMIN], 229.00 
534,ยาคุม DERMOOTH 21s, 59.25 
2502,ยาคุม DIANE-35 21s, 158.75 
3780,ยาคุม DIORA 21s, 35.25 
3781,ยาคุม DIORA 28s, 35.25 
1622,ยาคุม EVRA 1x3แผ่น, 445.00 
548,ยาคุม EXLUTON 28s, 96.25 
808/2,ยาคุม FEMINE 30 28s, 43.50 
3934/2,ยาคุม GVEZA 21s (drospirenone+ethinylestradiol) สูตรyasmin TEVA, 197.00 
253/1,ยาคุม HERZ 28s, 225.00 
2-673,ยาคุม JENY-F.M.P. 28s มีโปรซื้อเยอะ, 20.00 
2509/1,ยาคุม JUSTIMA 21s, 209.00 
40/2,ยาคุม LESCILON 21s, 83.00 
41/1,ยาคุม LESCILON 28, 81.00 
4868,ยาคุม LIPZ 21s, 221.00 
4869,ยาคุม LIPZ ED 28s โปรดูวัน exp, 221.00 
802,ยาคุม MARGARET X.O. 28s, 66.00 
802/1,ยาคุม MARGRET PINK 21s, 67.50 
2423,ยาคุม MARNON 28s 50x10s แบ่งขาย *มีโปรซื้อเยอะ, 8.50 
807,ยาคุม MARVELON 21s, 99.00 
808,ยาคุม MARVELON 28s, 99.00 
2509,ยาคุม MELODIA 21s, 243.00 
40,ยาคุม MERCILON 21s, 154.50 
41,ยาคุม MERCILON 28s, 154.50 
836,ยาคุม MICROGYNON 30 ED, 54.75 
3115,ยาคุม MINIDOZ 28s, 137.00 
399,ยาคุม MINNY 21s, 86.50 
398,ยาคุม MINNY 28s *มีโปรซื้อเยอะ, 86.50 
4294,ยาคุม MINOZ 28s, 79.25 
3934/3,ยาคุม MONAS 21s, 220.00 
3115/1,ยาคุม NEXTSTELLIS 28s, 460.00 
40/1,ยาคุม NOVYNETTE 21s, 74.25 
8014,ยาคุม OC-35 21s มีโปรซื้อเยอะ, 86.00 
3934/1,ยาคุม OILEZZ 22s, 259.00 
3457/1,ยาคุม ONJEL 20 28s, 79.75 
2-744,ยาคุม PREME 21s, 85.75 
2-745,ยาคุม PREME 28s, 85.75 
2243/1,ยาคุม PROGYNOVA 1mg 3x28s, 472.00 
4284,ยาคุม R-DEN 28s, 25.75 
807/1,ยาคุม RITA 21s, 39.25 
808/1,ยาคุม RITA 28s, 39.25 
2502/2,ยาคุม SASHA 21s สูตร DIANE-35, 61.00 
809/1,ยาคุม SLINDA 28s, 317.00 
397,ยาคุม SUCEE 21s, 82.50 
395,ยาคุม SUCEE 28s, 82.50 
243,ยาคุม SYNFONIA 28s, 274.00 
3934,ยาคุม YASMIN 21s, 328.00 
253,ยาคุม YAZ 28s, 364.00 
3934/10,ยาคุม ZONIA 28s โซเนีย [สูตรYAZ], 243.00 
2-784/6,ยาคุมฉีด1เดือน CYCLOFEM INJECTIONS OR INFUSIONS 0.5% Vials, 91.00 
2-784/5,ยาคุมฉีด1เดือน DEPO MONAT 0.5mlx20Vials, 62.00 
2-784/8,ยาคุม ฉีด1เดือน MEDEVET 10x3ml, 112.00 
597,ยาคุมฉุกเฉิน ABCA NORPAK 1x2s, 13.25 
2-551,ยาคุมฉุกเฉิน MADONNA 1x2s, 15.00 
2432/2,ยาคุมฉุกเฉิน MADONNA ONE 1x1s, 15.00 
2432,ยาคุมฉุกเฉิน MAPLE FORTE 1x1s, 16.42 
2430/1,ยาคุมฉุกเฉิน MARY PINK 1x2s, 11.00 
2432/6,ยาคุมฉุกเฉิน O-DOTT ONE 1x1s, 17.50 
2432/3,ยาคุมฉุกเฉิน TANSY ONE 1x1s, 39.25 
2432/4,ยาคุมฉุกเฉิน VENUZ ONE 1x1s, 12.00 
205,ยาแคปซูลขมิ้นชัน 60s [อภัยภูเบศ], 52.50 
0205/1,ยาแคปซูลขมิ้นชัน แผง1x10s [อภัยภูเบศ], 11.15 
151560/6,ยาแคปซูลเพชรสังฆาต 10x10s [KMP] (ก.10แผง), 116.00 
151560/11,ยาแคปซูลเพชรสังฆาต 500mg [KMP] 60s, 65.00 
3571/2,ยาแคปซูลฟ้าทะลายโจร ตราอภัยภูเบศร 400mg 1x10s, 13.00 
99995/2,ยางอุดหูลดเสียง (แพค1คู่), 69.75 
1592,ยาชง ตรางามระหง 30ซองx60g, 60.25 
1709/3,ยาดม DBU Pastel POCKET 25บ พาสเทล (หลอด), 17.25 
1709/4,ยาดม DBU Pastel หลอดใส Translucent พาสเทล, 19.50 
4942,ยาดม FROSSY ฟรอสซี่ หลอด, 12.50 
1709/9,ยาดม MINZZ ตรามินซ์ 29บ (ก.1หลอด) คละสี, 23.00 
1709/19,ยาดม Pastel รุ่นฟรุ้ตตี้ กลิ่น ตะไคร้, 21.25 
1709/18,ยาดม Pastel รุ่นฟรุ้ตตี้ กลิ่น น้ำมันผิวส้ม, 21.25 
1709/16,ยาดม Pastel รุ่นฟรุ้ตตี้ กลิ่น มะม่วง, 21.25 
1709/15,ยาดม Pastel รุ่นฟรุ้ตตี้ กลิ่น มิกซ์เบอร์รี่, 21.25 
1709/17,ยาดม Pastel รุ่นฟรุ้ตตี้ กลิ่น วานิลลา, 21.25 
1708,ยาดม PEPEX (สีแดง) 10บ (หลอด) รหัส 1708, 5.65 
4380,ยาดม PEPPERMINTเปเปอร์มินต์, 17.50 
2159/16,ยาดม UMBILI INHALANT 1ml คละสี, 25.50 
1449,ยาดม VAPEX เล็ก 5ml วาเป็กซ์ แพค6 (ก.1ขวด), 28.25 
1448,ยาดม VAPEX วาเป็กซ์ 2IN1 (หลอด), 19.25 
1450,ยาดม VAPEX ใหญ่ 14ml (ลัง16โหล) วาเป็กซ์ (ก.1ขวด), 62.75 
1905,ยาดม เซียงเพียวอิ๊ว สูตร2, 17.50 
16700/5,ยาดม ตรา คุณเปรมา 8g ขวดแก้ว, 27.75 
16700/4,ยาดม ตรา คุณเปรมา 8g ขวดพลาสติกหนา มีโปรซื้อเยอะ, 27.00 
1709/11,ยาดม ตราไผ่คู่, 6.00 
1709/12,ยาดม ตราไผ่คู่ 2in1, 12.50 
2285/1,ยาดมตราเสือ 2in1 บ ขาด, 14.75 
1709/5,ยาดม ถ้วยทอง ลาเวนเดอร์ (หลอด) รหัส 1709/5, 14.50 
1709/6,ยาดม ถ้วยทอง เลมอน (หลอด) รหัส 1709/6, 14.50 
1709/7,ยาดม ถ้วยทอง สีฟ้า (หลอด) รหัส 1709/7, 14.50 
3048/2,ยาดมน้ำ มีเฮิร์บ หมอมี ลูกกลิ้ง10mlx5pcs, 332.00 
16700/1,ยาดมผสมสมุนไพร ตราแม่กุหลาบห้าม้า 15g, 19.50 
4380/5,ยาดมลูกกลิ้ง PEPPERMINT FEILD BLACK HERBAL INHALER 5ccx6s, 217.00 
1709/8,ยาดม สมุนไพร Pastel กลิ่น ดอกบัว 5g (กระปุก), 25.50 
4380/4,ยาดมสมุนไพร PEPPERMINT FEILD BLACK HERBAL INHALER [airpod], 212.00 
16777,ยาดมสมุนไพร ตรามังกร (อ้วยอัน), 21.25 
16700/2,ยาดมสมุนไพร ตรา หงษ์ไทย สูตร1 สีเขียว แบบหลอด 3ml (ก.12หลอด), 312.00 
16700/13,ยาดมสมุนไพร ตราหนุมาน เขียว 2gx12s, 105.00 
16700/15,ยาดมสมุนไพร ตราหนุมาน เขียว 5g, 19.00 
16700/19,ยาดมสมุนไพร ตราหนุมาน เขียว 5g พร้อมจุกฝายาดม, 34.00 
16700/3,ยาดม สมุนไพร วังว่าน 8g แพค6 (ขวด) รหัส 16700/3, 27.00 
16700/25,ยาดมสมุนไพร หงส์ไทย ขาว 8g พิมเสน, 31.50 
16700,ยาดมสมุนไพร หงส์ไทย สูตร2 เขียว 40g ปริมาณยาข้างขวด10g หงษ์ไทย, 35.50 
16700/16,ยาดมสมุนไพร หงส์ไทย สูตร2 เขียว 5g หงษ์ไทย, 31.00 
16700/10,ยาดมสมุนไพร หงส์ไทย เหลือง 5g หงษ์ไทย, 31.50 
16700/27,ยาดมสมุนไพร หงส์สุวรรณ สูตร2 5g, 25.50 
16700/26,ยาดม หงส์สุวรรณ ขาว 5g พิมเสน, 25.50 
2007,ยาดองเหล้าตราเสือ 11 ตัว ขวดแก้ว (ขวด), 18.00 
1946,ยาตราใบแก้ว ชนิดเม็ด ใบห่อ 70s, 21.75 
22038,ยาตรีนิสิงเห ตราหมอมี 300ml, 69.00 
22037,ยาตรีนิสิงเห ตราหมอมี 600ml, 129.00 
2-111,ยาถ่าย 123 10x10s *มีโปรซื้อเยอะ, 460.00 
2041/1,ยาถ่ายท้องผูกสองสี่ 24 10x10s KMP (ก.10แผง), 239.00 
1710/6,ยาธาตุ 4 ตรากิเลน 180ml, 35.00 
1710/1,ยาธาตุ 4 ตรากิเลน 300ml, 46.50 
17111/2,ยาธาตุ 4 ตรากิเลน 450ml, 65.50 
17111/3,ยาธาตุ 4 ตรากิเลน 60ml, 16.25 
431,ยาธาตุจอมทอง 300ml, 36.50 
1563,ยาธาตุน้ำขาวตรากระต่ายบิน 200ml *ขายขาด, 58.25 
1562,ยาธาตุน้ำขาวตรากระต่ายบิน 50ml *ขายขาด, 22.50 
1563/2,ยาธาตุน้ำขาวตรากระต่ายบิน ปอนด์ 450ml *ขายขาด, 104.50 
1710/4,ยาธาตุน้ำแดง 8 ตราเยาวราช 240ml, 26.50 
1712,ยาธาตุ น้ำแดง วิทยาศรม 300ml **ขึ้น31.50, 28.25 
1713,ยาธาตุ น้ำแดง วิทยาศรม 500ml **ขึ้น41.75, 38.25 
4046/1,ยานวด เซียงเพียวอิ๊ว 100g ร้อน, 91.00 
4046/2,ยานวด เซียงเพียวอิ๊ว 32g ร้อน, 32.25 
4046/3,ยานวด เซียงเพียวอิ๊ว 62g ร้อน siangpure relief cream, 55.00 
23071,ยานัตถ์ หมอชิต 10กรัม กล่อง36ขวด ลัง10 (กล่อง), 567.00 
23069,ยานัตถุ์หมอมี 1x30ขวด, 523.00 
23069/1,ยานัตถุ์หมอมี และ กล้อง, 235.00 
1877,ยาน้ำแก้ตัวร้อนเขากุย กวางแดง กล่องน้ำตาล 200ml, 37.50 
2-26/1,ยาน้ำแก้ปวดเมื่อย ตราสิงห์ตีกลอง 150มล โปร5สค67จนสินค้าหมด ลด8บ/ขวด, 20.00 
2-793/1,ยาน้ำแก้ไอเด็ก FENESIN GPO 60ml, 16.00 
4860,ยาน้ำแก้ไอ ตราเสือ 11ตัว สูตร 11(มะแว้ง) 60cc, 16.50 
4088/1,ยาน้ำแก้ไอมะขามป้อม ตราไอยรา 120ml (เขียว), 31.50 
4088,ยาน้ำแก้ไอมะขามป้อม ตราไอยรา 60ml (เขียว), 17.00 
4091/2,ยาน้ำแก้ไอมะแว้ง ตราไอยรา 120ml (แดง) (ก.1ขวด), 31.50 
4091,ยาน้ำแก้ไอมะแว้ง ตราไอยรา 60ml (แดง), 18.75 
4091/3,ยาน้ำแก้ไอมะแว้ง ตราไอยรา อะฮ่า (ก.1ขวด) **ราคาพิเศษ**, 16.50 
4090,ยาน้ำแก้ไอมะแว้ง ไลท์ ตราไอยรา 60ml (ขาว), 21.75 
1937,ยาน้ำแก้ไอ โยคี ศิริ 60cc 27บ (ก.1ขวด), 11.25 
1111/11,ยาน้ำแก้ไอ สมุนไพร หมอมี กลิ่นยูสุ 60ml *โปรดดูวันexp, 22.50 
1111/8,ยาน้ำแก้ไอ สมุนไพร หมอมี มะขามป้อม 60ml, 22.50 
1111/89,ยาน้ำแก้ไอ สมุนไพร หมอมี มะขามป้อม 60ml *ขายขาด โปรดดูวัน exp, 22.50 
1978/1,ยาน้ำขับลมในกระเพาะ ตราคีมเหล็ก 240ml, 31.50 
2010,ยาน้ำตราเสือ 11 ตัว สูตร111 150cc ขวดพลาสติก แพค10ขวด (ขวด), 19.00 
987,ยาน้ำ ทวิน เขากวางอ่อน 500cc 395บ- (ก.1ขวด), 267.00 
1565/3,ยาน้ำ ไบโอขาว 240ml ยาสามัญประจำบ้าน (สุตร Belcid Forte), 25.00 
3398/6,ยาน้ำ มะขามป้อม วังหลัง 60ml ขวดฟ้า ฟาร์มาฮอฟ บ หมด, 10.75 
4045/1,ยาน้ำมันวังว่าน 22cc (ก.1ขวด) รหัส 4045/1, 102.00 
4045/3,ยาน้ำมันวังว่าน 55cc (ก.1ขวด) รหัส 4045/3, 136.50 
4045/2,ยาน้ำมันวังว่าน ลูกกลิ้ง 8cc (ขวด), 40.00 
4089/7,ยาน้ำสเปรย์ ตราไอยสวรรค์ 15ml มีโปรซื้อเยอะ, 69.00 
16524,ยาน้ำ สมุนไพร ตรารวงข้าว24ml *มีโปรซื้อเยอะ *ใหม่58บ, 56.00 
1909/1,ยาบำรุงร่างกาย ตราพญานาค ผู้ชาย 100cc, 16.50 
1909,ยาบำรุงร่างกาย ตราพญานาค ผู้ชาย 150cc, 20.25 
14047,ยาประสระน้ำนม ตราพารา (ฟ้า) (กล่อง24ซอง), 911.00 
106,ยาปอคุณเอี๊ยะบ๊อ 250ml, 54.00 
792,ยาปอคุณเอี๊ยะบ๊อ 500ml, 107.00 
2292/7,ยาปัถวี หมอมี สูตร 2 สเปรย์ปวดเมื่อย 26ml, 67.00 
3535,ยาผง ดองเหล้าตรา 9 เหรียญ, 9.67 
2001,ยาผงตราเสือ 11 ตัว สูตร11 (หน้าซองสีฟ้า) (ซอง), 13.59 
14035/1,ยาผงเป่าคอ ตราไก่ดำ 5g, 24.25 
1680,ยาผงพิเศษ ตราร่มชูชีพ มีโปรซื้อเยอะ, 341.00 
3534,ยาแผ่น ดองเหล้าตรา 9 เหรียญ, 9.67 
1001/5,ยาพรีม่าเดย์ 450mg 3x10s (ก.3แผง) [KMP], 76.75 
2-64/1,ยาเม็ดช้ำใน 30เม็ด 99บ ตรามือรับเหรียญทอง, 43.75 
ก.พ.-64,ยาเม็ดช้ำใน 4เม็ด 30บ โหล ทิพะอี้ **178ใหม่ (ก.4เม็ด), 14.75 
2-64/2,ยาเม็ดเซียวทีตัน ตราเหรียญแดง 120เม็ด 200g, 48.50 
1593,ยาเม็ด ตรางามระหง 80s, 36.50 
52,ยาเม็ดบรรเทาริดสีดวงทวารหนัก ตราปลามังกร 200s, 56.75 
1418,ยาเม็ดบรรเทาริดสีดวงทวารหนัก สามก๊ก 150s, 54.50 
1418/1,ยาเม็ดบรรเทาริดสีดวงทวารหนักสามก๊ก SAMKOK DRAFT 500mg 2x15s, 135.00 
17251/6,ยาเม็ดมะขามแขกตราดอกว่าน 100s [ขาวละออ], 83.00 
2172,ยาเม็ดลี้บ้วนซัว ตราตกเบ็ด 100s, 36.50 
1618,ยาเม็ดลี้บ้วนซัว ตราตกเบ็ด 300s, 91.00 
1617,ยาเม็ดลี้บ้วนซัว ตราตกเบ็ด 50s, 19.50 
846/1,ยาระบาย TS MOM MILK OF MAGNESIA 240ml MM (มิ้นท์) มีโปรซื้อเยอะ, 24.00 
2-64/3,ยาสตรีกิมโกยทิซิ่ว 240cc (ก.1ขวด), 59.00 
2-64/4,ยาสตรีกิมโกยทิซิ่ว 450cc (ก.1ขวด), 117.00 
1651/1,ยาสตรีชนิดแคปซูล ไซซี มาดาม มาดาม XISHI 60s, 720.00 
2619,ยาสตรีนิสิงเห จอมทอง 300ml, 43.42 
2618,ยาสตรีนิสิงเห จอมทอง 750ml, 81.00 
1907,ยาสตรีเพ็ญภาค 180ml, 28.00 
1908,ยาสตรีเพ็ญภาค 300ml **ราคาใหม่, 39.50 
1906,ยาสตรีเพ็ญภาค สกัด ชนิดแคปซูล 30s, 65.00 
4429,ยาสตรีเพ็ญภาค สูตร 2 180ml, 29.25 
22040,ยาสตรี เล่งคุณ สูตร 2 (สีทอง) 250cc 85บ บ เลิก, 42.75 
2662/30,ยาสีฟัน SENSODYNE MULTI CARE 100g, 167.00 
24050/1,ยาสีฟัน YUUU 120g [advance probiotic & pine needle], 113.00 
มี.ค.-81,ยาสีฟัน รุ่งอรุณ **ขายขาด, 9.41 
24050,ยาสีฟัน วิเศษนิยม (ซอง), 13.00 
2167,ยาหม่องขาว เซียงเพียวอิ๊ว บาล์ม 12g, 28.00 
1858,ยาหม่อง ตราถ้วยทอง ชนิดขวด 12g, 22.25 
1855,ยาหม่อง ตราถ้วยทอง ชนิดขวด 22g, 38.75 
206,ยาหม่อง ตราถ้วยทอง ชนิดขวด 50g, 72.00 
1859,ยาหม่อง ตราถ้วยทอง ชนิดตลับ 2g, 64.00 
1857,ยาหม่อง ตราถ้วยทอง ชนิดตลับ 4g, 129.00 
1860,ยาหม่อง ตราถ้วยทอง ชนิดตลับ 8g, 213.00 
206/1,ยาหม่อง ตราถ้วยทองสูตรสมุนไพร 50g เขียว, 73.00 
1750,ยาหม่อง [ตราลิง] 18g ขวดใหญ่พิเศษ, 32.08 
1746,ยาหม่อง [ตราลิง] 4g ตลับกลาง, 129.00 
1749,ยาหม่อง [ตราลิง] 8g ตลับใหญ่, 214.00 
1747,ยาหม่อง [ตราลิง] ขวด12g, 22.34 
1709/26,ยาหม่องแท่ง Pastel กลิ่น น้ำมันผิวส้ม, 37.50 
1709/25,ยาหม่องแท่ง Pastel กลิ่น มะม่วง, 37.50 
1709/24,ยาหม่องแท่ง Pastel กลิ่น มิกซ์เบอร์รี่, 37.50 
1854,ยาหม่องนํ้า ตราถ้วยทอง 3ml, 16.75 
1850,ยาหม่องนํ้า ตราถ้วยทอง 7ml, 31.00 
1850/1,ยาหม่องนํ้า ตราถ้วยทองลูกกลิ้ง 7ml, 33.25 
1709/22,ยาหม่องน้ำ Pastel กลิ่น ตะไคร้, 30.00 
1709/20,ยาหม่องน้ำ Pastel กลิ่น น้ำมันผิวส้ม, 30.00 
1709/21,ยาหม่องน้ำ Pastel กลิ่น มิกซ์เบอร์รี่, 30.00 
1709/23,ยาหม่องน้ำ Pastel กลิ่น เมนทอล, 30.00 
1904,ยาหม่องน้ำ เซียงเพียวอิ๊ว สูตร1 (แดง) 25ml, 101.25 
1903,ยาหม่องน้ำ เซียงเพียวอิ๊ว สูตร1 (แดง) 3ml, 19.75 
1902,ยาหม่องน้ำ เซียงเพียวอิ๊ว สูตร1 (แดง) 7ml, 37.25 
1902/1,ยาหม่องน้ำ เซียงเพียวอิ๊ว สูตร1 ลูกกลิ้ง (แดง) 5ml, 33.00 
4044,ยาหม่องน้ำ เซียงเพียวอิ๊ว สูตร2 (ขาว) 25ml, 101.25 
4046,ยาหม่องน้ำ เซียงเพียวอิ๊ว สูตร2 (ขาว) 3ml, 19.75 
4045,ยาหม่องน้ำ เซียงเพียวอิ๊ว สูตร2 (ขาว) 7ml, 37.25 
1902/2,ยาหม่องน้ำ เซียงเพียวอิ๊ว สูตร2 ลูกกลิ้ง (ขาว) 5ml, 33.00 
4045/5,ยาหม่องน้ำ ตรางู ลูกกลิ้ง กลิ่นลาเวนเดอร์ 5ml Medicated oil LAVENDER SCENT, 36.25 
4045/4,ยาหม่องน้ำ ตรางู สีแดง ลูกกลิ้ง 5ml Snake Brand Medicated oil, 36.25 
5004/1,ยาหม่องไพล ตราแม่กุหลาบ 50g, 48.25 
4511,ยาหม่อง ไพลสด ตราหมอเอี้ยง 50g มีซื้อเยอะ, 55.25 
5004/5,ยาหม่องยาหม่องสูตรเย็น เถาเอ็นอ่อน ตราวังพรม 50กรัม สีส้ม, 55.25 
5003/4,ยาหม่องวังว่าน 100g (ก.1ขวด), 171.00 
5003/2,ยาหม่องวังว่าน 30g (ก.1ขวด), 67.00 
5003/1,ยาหม่องวังว่าน 50g (ก.1ขวด), 102.00 
5003/3,ยาหม่องวังว่าน 8g (ก.1ขวด), 24.50 
16400,ยาหม่อง ว่านเหงือกปลาหมอ สูตรเย็น (แม่มะลิ) 50g, 64.50 
5004/6,ยาหม่องสูตรเย็น ตะไคร้หอม ตราวังพรม 50กรัม สีม่วง, 55.25 
5004/4,ยาหม่องสูตรเย็น สีฟ้า ตราวังพรม 50กรัม, 53.50 
5004/3,ยาหม่องสูตรเย็น สูตรพิมเสน ตราวังพรม 50กรัม สีชมพู, 55.25 
5004/2,ยาหม่องเสลดพังพอน ตราแม่กุหลาบ 50g, 44.50 
4510,ยาหม่อง เสลดพังพอน ตราหมอเอี้ยง 50g มีโปรซื้อเยอะ, 55.25 
2166,ยาหม่องเหลือง เซียงเพียวอิ๊ว บาล์ม 12g, 28.00 
1658,ยาหวานชง น้ำเต้าทอง กล่องเหลือง5ซอง มีโปรซื้อเยอะ, 46.00 
4509,ยาหอมแก้ลม108 ตราหมอเอี้ยง 35g, 25.50 
2437,ยาหอม เด็กในพาน 6g (เล็ก) 14บ (ก.1ขวด), 8.71 
1722/3,ยาหอม ตรา5เจดีย์ ซอง 3g, 3.00 
1721,ยาหอม ตรา5เจดีย์ (เบอร์1) 25g (กล่อง12ขวด), 290.00 
1722,ยาหอม ตรา5เจดีย์ (เบอร์2) 9g (กล่อง12ขวด), 124.00 
1864,ยาหอมตราเด็กในพานทอง 17g, 16.50 
1863,ยาหอมตราเด็กในพานทอง 1ซองx3g, 3.67 
23029,ยาหอมตราเด็กในพานทอง 37g, 26.00 
12-ม.ค.,ยาหอม เทพจิตร เล็ก 5540กรัม[ตรา5ม้า] เล็ก ก24หลอด, 378.00 
12-มี.ค.,ยาหอม เทพจิตร ใหญ่ [ตรา5ม้า] กล่อง12หลอด, 502.00 
12-ก.พ.,ยาหอมเม็ด เวชพงศ์ 150s, 37.00 
2202,ยาหอม ฤาษีทรงม้า (ซอง) มีโปรซื้อเยอะ, 3.42 
2204,ยาหอม ฤาษีทรงม้า เบอร์ 1 (กลาง), 16.17 
1411,ยาหอม ฤาษีทรงม้า เบอร์ 2 (เล็ก), 14.67 
2203,ยาหอม ฤาษีทรงม้า ใหญ่พิเศษ, 24.00 
171760/8,ยาหอมลูกอินทร์ ชนิดผง 8g, 80.00 
171760/9,ยาหอมลูกอินทร์ ชนิดเม็ด 8g, 75.00 
151560/2,ยาห้าราก แคปซูล 50s [KMP] (ก.1ขวด), 65.00 
17251/5,ยาห้ารากสกัด 60s [ขาวละออ], 83.50 
23047,ยาเหลืองแก้ทราง ค้างคาว แท่ง, 6.58 
4955,ยาอม commic brywood 10s, 8.00 
2943/3,ยาอม GOLDEN THROAT LOZENGE 2x6s, 29.00 
2943,ยาอม กำกิกเผี่ยง (1กล่องใหญ่ มีกล่องเล็ก12ก.), 440.00 
25052/2,ยาอมแก้ไอตราตะขาบ 5 ตัว ซอง30เม็ด ตะไคร้ (ซอง) มีโปรซื้อเยอะ, 13.00 
25052/1,ยาอมแก้ไอตราตะขาบ 5 ตัว ซอง30เม็ด บ๊วย (ซอง), 13.15 
25052,ยาอมแก้ไอตราตะขาบ 5 ตัว ซอง40เม็ด ดั้งเดิม (ซอง) มีโปรซื้อเยอะ, 13.00 
16700/12,ยาอมแก้ไอ สมุนไพร เฮงเฮง 1x12ซอง, 135.00 
25054,ยาอม [ตะขาบ5ตัว] ตลับ (รสบ๊วย) (ตลับ), 25.50 
25055,ยาอม [ตะขาบ5ตัว] ตลับ (รสมิ้นท์) (ตลับ), 25.50 
25053,ยาอม [ตะขาบ5ตัว] ตลับ (รสสมุนไพร ดั้งเดิม), 25.50 
4089/2,ยาอมผสมตรีผลา [ไอยรา] 10x8s IYARA TRIPHALA LOZENGE, 138.00 
2-627/1,ยาอมผสมมะแว้ง รสบ๊วย (กล่องแดง) KMP, 107.00 
4089/3,ยาอมผสมมะแว้ง [ไอยรา] รสเปลือกส้ม (ก.20ซอง), 315.00 
4089/1,ยาอมผสมมะแว้ง [ไอยรา] รสมะนาว (ก.20ซอง) **ใหม่387บ, 315.00 
3397,ยาอม มะขามป้อม (สูตร2) [อภัยภูเบศร] ซอง40s เขียว (แพค), 8.00 
1618/1,ยาอมไรซ่าคอฟ RHIZAKOF Lozenges 20x10s, 149.00 
25052/9,ยาอมสมุนไพรเซียงเพียว 24ซองx30s, 337.00 
2383,ยาอมสมุนไพร ตรามังกรทอง บ๊วยเค็ม อ้วยอัน เหลือง, 434.00 
2922,ยาอมสมุนไพร ตรามังกรทอง บ๊วยเค็ม อ้วยอัน เหลือง, 130.00 
2385,ยาอมสมุนไพร ตรามังกรทอง เปลือกส้ม (กระปุก60หลอด)[อ้วยอัน] ส้ม, 434.00 
2925,ยาอมสมุนไพร ตรามังกรทอง เปลือกส้ม (ถาด18ขวด)[อ้วยอัน] ส้ม, 130.00 
2919,ยาอมสมุนไพร ตรามังกรทอง มะขามป้อม (ถาด18ขวด)[อ้วยอัน] เขียวอ่อน, 130.00 
2384,ยาอมสมุนไพร ตรามังกรทอง มะนาว (กระปุก60หลอด)[อ้วยอัน] เขียว, 434.00 
2923,ยาอมสมุนไพร ตรามังกรทอง มะนาว (ถาด18ขวด)[อ้วยอัน] เขียว, 130.00 
2386,ยาอมสมุนไพร ตรามังกรทอง มะแว้ง (กระปุก60หลอด)[อ้วยอัน] ม่วง, 434.00 
3395,ยาอมสมุนไพร ตรามังกรทอง มะแว้ง (ถาด18ขวด)[อ้วยอัน] ม่วง, 130.00 
2924,ยาอมสมุนไพร ตรามังกรทอง รวม3รส (ถาด18ขวด)[อ้วยอัน] เขียว ส้ม เหลือง, 130.00 
4089/4,ยาอมสมุนไพร ตราไอยสวรรค์ 20x15s, 260.00 
4089,ยาอมสมุนไพร ผสมมะแว้ง ตราไอยรา รสบ๊วย 20x15s, 315.00 
4089/8,ยาอมไอยรา LITE ตรีผลา 15x8s SF LOZENGE (ก.15ซอง), 349.00 
2159/2,ยูคาลิป สเปรย์ ฝาขาว รุ่นInnocence 280ml [polar ตราหมี], 185.00 
19002,เยนเชี่ยนไวโอเลต วิทยาศรม 15ml, 84.00 
19001,เยนเชี่ยนไวโอเลต วิทยาศรม 30ml, 101.00 
9998/24,รถเข็นผู้ป่วย HEALTH IMPACT วีลแชร์ เหล็กชุบสี FY809 มีเบรคมือ ล็อคล้อ," 2,620.00 "
9998/13,รถเข็นผู้ป่วย วีลแชร์ เหล็กชุบโครเมียม 24S-D มีเบรคมือ ล็อคล้อ," 2,250.00 "
9999/13,รถเข็นผู้ป่วย วีลแชร์ เหล็กชุปโครเมียม FIC-211HGL TAVEL," 2,570.00 "
2085/3,รถพยาบาล สำลีก้อน 100g, 31.25 
2085/1,รถพยาบาล สำลีก้อน 20g ขนาด0.35g ห่อ20g *ใหม่10บ, 8.50 
2085,รถพยาบาล สำลีก้อน 40g *ใหม่17บ, 13.50 
2083,รถพยาบาล สำลีก้อน ขนาด0.35g 450g *ใหม่143บ, 129.00 
1762,รถพยาบาล สำลีก้าน 100ก้านใหญ่ 22g COTTON BUD *ใหม่18.25บ, 11.00 
1762/1,รถพยาบาล สำลีก้านเล็ก 100ก้านเล็ก KIDDY COTTON BUD *ใหม่17.75, 12.25 
1765/3,รถพยาบาล สำลีแผ่น 3x4นิ้ว 450g *ใหม่150บ, 133.00 
1765/1,รถพยาบาล สำลีแผ่น 4x4นิ้ว 450g *ใหม่157บ, 130.00 
1765/2,รถพยาบาล สำลีแผ่น 4x6นิ้ว 450g *ใหม่157บ, 130.00 
1765,รถพยาบาล สำลีแผ่น 50g *ใหม่25บ, 19.50 
1765-1,รถพยาบาล สำลีแผ่นรีดข้าง 50g *ใหม่33บ, 26.50 
1766/2,รถพยาบาล สำลีม้วน 150g *ใหม่44, 39.50 
1764,รถพยาบาล สำลีม้วน 200g *ใหม่59บ, 48.50 
1766,รถพยาบาล สำลีม้วน 25g *ใหม่13.25บ, 10.20 
1766/1,รถพยาบาล สำลีม้วน 80g *ใหม่29บ, 24.50 
6401,ร่ม เคาน์เตอร์เพน, 200.00 
65159,ร่มพับได้ NATEAR สีกรมท่า, 200.00 
9999/45,ร่มพับ ไทลินอล 8ชั่วโมง, 100.00 
6082/1,ร่มสั้นเซียงเพียวอิ๊ว, 200.00 
7549,ร่มสั้นตราเสือ ดำ-เหลือง, 200.00 
20016,ระดมพล 300ml *มีโปรซื้อเยอะ, 43.25 
2712/1,รากสามสิบ ขวด60เม็ด 490บ [V-giff] เข้มข้น วีกี๊ฟ (ขวด), 230.75 
1001/7,รากสามสิบ [คุณสัมฤทธิ์] 60เม็ด *มีโปรซื้อเยอะ ขายขาด, 237.00 
999/1,รากสามสิบ ฟอกโลหิต เม็ด [สิงห์แดง] 60s (ขวด), 149.00 
8144/1,รากสามสิบ ยาน้ำ 1แพคมี3ขวดx300ml [คุณสัมฤทธิ์] **โฉมใหม่ ขายขาด, 127.00 
4193/1,รางจืด 100s [ขาวละออ] (ขวด), 78.25 
4193,รางจืด 70s [อภัย] 90บ (ขวด70s), 58.50 
13190/1,รุ่น Smart เครื่องตรวจวัดน้ำตาลในเลือด Sinocare safe AQ พร้อมปากกาเจาะ, 290.00 
921/3,ลาน่า แชมพูปิดผมขาว สีดำธรรมชาติ (ก.12ซอง), 272.00 
151560/12,ลีออน ยาบรรเทาอาการริดสีดวงทวารหนัก 3x10s, 78.00 
3-61/3,ลูกเจี๊ยบ BECARE NATURAL SPONGE [LONGMED] บีแคร์ ฟองน้ำอนามัย (ชิ้น), 35.00 
4193/3,ลูกใต้ใบ 100s [ขาวละออ] บำรุงตับ, 82.00 
1111/99,ลูกประคบสมุนไพร KLINE คลายน์ (อัน), 47.50 
2229/1,ลูกยางดูดน้ำมูกซิลิโคน NATUR [NASAL ASPIRATOR], 48.00 
2229,ลูกยางดูด หัวยาง Rubber Ball ดูดน้ำมูก ก.สีฟ้า, 20.25 
1737,ลูกยาง เบอร์ 10 Rubber syringe ball (กล่อง), 93.00 
1736,ลูกยาง เบอร์ 1 Rubber syringe ball (กล่อง), 45.00 
1738,ลูกยาง เบอร์ 2 Rubber syringe ball (กล่อง), 52.00 
1739,ลูกยาง เบอร์ 3 Rubber syringe ball (กล่อง), 56.00 
1740,ลูกยาง เบอร์ 4 Rubber syringe ball (ก.1ใบ), 61.00 
1741,ลูกยาง เบอร์ 5 Rubber syringe ball (กล่อง), 66.00 
1742,ลูกยาง เบอร์ 6 Rubber syringe ball (ใบ), 73.00 
1743,ลูกยาง เบอร์ 7 Rubber syringe ball (กล่อง), 82.00 
1744,ลูกยาง เบอร์ 8 Rubber syringe ball (กล่อง), 84.00 
1745,ลูกยาง เบอร์ 9 Rubber syringe ball (กล่อง), 89.00 
1962/5,ลูกอม รสน้ำผึ้งมะนาว เสือดาว 1x10s *ใหม่20บ, 18.50 
2922/1,ลูกอมส้มมือ รสบ๊วย จี้กงแดน 40g, 39.00 
151560/9,ลูทีน 417mg 60s [KMP] (ขวด), 136.00 
3647,เล่งคุณเอี๊ยะบ๊อ 500ml, 60.00 
1476,ว่านชักมดลูกจอมใจ 30s, 153.00 
1469,ว่านชักมดลูก จอมใจ น้ำ กล่องฟ้า เล็ก 300cc 225บ มีโปรซื้อเยอะ, 152.00 
1468,ว่านชักมดลูกจอมใจ น้ำ กล่องฟ้า ใหญ่ 750cc, 303.00 
5122,ว่านชักมดลูก เอี๊ยะบ่อเช่า C&L 20cap, 112.00 
5123,ว่านชักมดลูก เอี๊ยะบ่อเช่า C&L 40s, 184.50 
5121,ว่านชัก เอี๊ยะบ่อเช่า C&L เล็ก 350cc, 177.00 
5121/1,ว่านชัก เอี๊ยะบ่อเช่า C&L เล็ก 350cc สูตร2 สีทอง, 364.00 
5120,ว่านชัก เอี๊ยะบ่อเช่า C&L ใหญ่ 750cc 550บ (ขวด), 315.00 
5120/1,ว่านชัก เอี๊ยะบ่อเช่า C&L ใหญ่ 750cc สูตร2 สีทอง (ขวด), 685.00 
08466/7,ไวท์ฟาร์ม นมอัดเม็ด รสกล้วย ซอง14s [WHITE FRAM] (ก10ซอง), 85.00 
08466/2,ไวท์ฟาร์ม นมอัดเม็ด รส ช็อคโกแลต ซอง14s [WHITE FRAM] (ก10ซอง), 85.00 
08466/6,ไวท์ฟาร์ม นมอัดเม็ด รสโยเกิร์ต PROBIOTIC ซอง14s [WHITE FRAM] (ก10ซอง), 182.25 
08466/1,ไวท์ฟาร์ม นมอัดเม็ด รสสตอเบอร์รี่ ซอง14s [WHITE FRAM] (ก10ซอง), 84.00 
8466,ไวท์ฟาร์ม นมอัดเม็ด รสหวาน ซอง14s [WHITE FRAM] (ก10ซอง), 85.00 
1751,สตรีเบนโล เล็ก 180cc, 29.00 
1752,สตรีเบนโล ใหญ่ 280cc, 35.50 
22042,สตรีเล่งคุณ หลังคลอด สูตร2 285บ ขวดฟ้า 500ml รากต้นนมวัว ไม่มีแอลกอฮอล์ (ก.1ขวด), 123.00 
2245/7,สติกเกอร์กันยุง DINOGANIC 2x10s, 95.00 
1922/12,สติกเกอร์โพลาร์ POLAR STICKER KLEAR AIR 4ชิ้นx6ซอง, 168.00 
2245/60,สติกเกอร์ลายน่ารัก sanrio 2 แผ่น, 200.00 
1922/4,สติ๊กเกอร์หัวหอมกระชาย OZP 6ชิ้น *มีโปรซื้อเยอะ, 48.50 
1922/3,สติ๊กเกอร์หัวหอม กล่องเขียว 6ชิ้น Anti Virus (ลัง100ก) Happy Noz (กล่อง) **ขายขาด, 63.00 
1922/1,สติ๊กเกอร์หัวหอม กล่องฟ้า 6ชิ้น Anti Bac (ลัง100กล่อง) Happy Noz **ขายขาด, 63.00 
1922,สติ๊กเกอร์หัวหอม กล่องม่วง 6ชิ้น (กล่อง) Happy Noz **ขายขาด, 63.00 
1922/2,สติ๊กเกอร์หัวหอม กล่องส้ม 6ชิ้น Clove oil (ลัง100กล่อง) (กล่อง) Happy Noz **ขายขาด, 63.00 
2245/6,สติกเกอร์หัวหอมแดง DINOGANIC 1x10s, 95.00 
8888/88,สแตน MUCLEAR, 150.00 
9,สบู่ ACNE-AID BAR OIL CONTROL 100g, 176.00 
มี.ค.-67,สบู่ BENNETT-Extrawhite เบนเนท-เอ็กซ์ตร้าไวท์ 55บ (ก.1ก้อน), 40.00 
มี.ค.-65,สบู่ BENNETT VIT C&E ส้ม เบนเนท (ก้อน), 36.00 
มี.ค.-62,สบู่ BENNETT VIT E เบนเนทผสมวิตามินอี 42บ ขาว (ก้อน), 33.00 
มี.ค.-63,สบู่ BENNETT ขมิ้น เหลือง เบนเนท 42บ (ก้อน), 33.00 
มี.ค.-68,สบู่ BENNETT เบนเนท มะละกอ แพค12ก้อน (ก้อน), 33.00 
มี.ค.-64,"สบู่ BENNETT เบนเนท, ว่าน ฟ้า 42บ (ก้อน)", 33.00 
มี.ค.-66,สบู่ BENNETT อโรม่า เบนเนท (ก้อน), 33.00 
มี.ค.-71,สบู่ bijou Acne Defense Detox ดีท็อกซ์ ป้องกันสิว ซัลเฟอร์ 2.5% 30g, 37.50 
9-ม.ค.,สบู่ OILATUM SOAP BAR 100g (ก้อน), 162.00 
9-เม.ย.,สบู่ TG11 SOAP 80g (ก้อน), 18.50 
9993/1,สเปรย์กันยุง เขียว 30cc [เมอร์ซี่] กลิ่นฟลอร่า [Soffell] แพค4ขวด (ขวด), 19.25 
2926/6,สเปรย์กันยุง ตราเสือ MOSQUITO REPELLENT AEROSOL SPRAY 120ml มีโปรซื้อเยอะ, 91.75 
9994/1,สเปรย์กันยุง ส้ม 30cc [เมอร์ซี่] กลิ่นเฟรช แพค4ขวด (ขวด), 19.25 
25057,สเปรย์แก้ไอ [ตะขาบ5ตัว] 20ml (ลัง6โหล) (ขวด), 83.50 
4148/11,สเปรย์บ้วนปาก C-20 PLUS 30ml (เขียว) คน/แมว, 71.00 
4148/12,สเปรย์บ้วนปาก C-20 PLUS 30ml (แดง) คน/หมา, 59.75 
5006,สมุนไพรวังพรม ยาหม่องผสมไพล สูตร2 (เหลือง) 100g, 99.25 
5002,สมุนไพรวังพรม ยาหม่องผสมไพล สูตร2 (เหลือง) 20g, 31.75 
5004,สมุนไพรวังพรม ยาหม่องผสมไพล สูตร2 (เหลือง) 50g, 53.50 
5005,สมุนไพรวังพรม ยาหม่องผสมเสลดพังพอน สูตร2 (สีเขียว) 100g, 99.25 
5001,สมุนไพรวังพรม ยาหม่องผสมเสลดพังพอน สูตร2 (สีเขียว) 20g, 31.75 
5003,สมุนไพรวังพรม ยาหม่องผสมเสลดพังพอน สูตร2 (สีเขียว) 50g, 53.50 
13620/1,สายน้ำเกลือ [ANB] IV SET INFUSION 21g*1.5นิ้ว 0.8x38mm 20Drops/ml (ลัง500) (ถุง), 11.00 
13620/2,สายน้ำเกลือ[GREETMED] IV SET INFUSION 20Drops=1mL±0.1mL(1g±0.1g) (ถุง), 9.00 
13620/8,สายน้ำเกลือ [zanative] IV SET INFUSION 21g*1.5นิ้ว 20Drops/ml, 8.25 
72153,สายให้อาหาร เบอร์14 SILICONE STOMACH TUBE (ชิ้น), 219.00 
71163,สายให้อาหาร เบอร์16 SILICONE STOMACH TUBE (ชิ้น), 199.00 
1465/30,สายออกซิเจน Adult (Size L) Disposble Nasal Oxygen Cannula (ถุง) บ ขาด, 16.00 
133101/2,สำลีชุบแอลกอฮอล์ JP Care 1x100แผงx8s, 492.00 
172202/20,สุภาพโอสถ 4MIX OIL 30s, 138.00 
172202/19,สุภาพโอสถ BLACK SESAME OIL + RICE BRAN OIL งาดำสกัดเย็น 30s, 137.00 
2000,เสือ 11 ตัว [แผ่น] (ซอง) รหัส 2000, 15.92 
5494,เสื้อยีด MOTILIUM สีขาว, 200.00 
7539,เสื้อยีดคอกลม tylenol 8hr, 200.00 
4488,เสื้อยีดคอกลม สีแดง tylenol, 200.00 
1926-1,แสงสว่างตราค้างคาว ผง ลัง60 (ซอง), 6.53 
17241,หญ้าหนวดแมว สกัด 60s 150บ [ขาวละออ] (ขวด), 78.25 
1465/2,หน้ากาก N95 สีขาว ซอง1ชิ้น กล่อง30ชิ้น [NEXT HEALTH], 93.00 
3905/9,หน้ากาก กระดาษ ไทย สีเขียว 50ชิ้น [Medimask] **ขึ้น68, 64.00 
1465/25,หน้ากากพ่นยา Medical Nebulizers (ถุง) รหัส 1465/25, 62.00 
1465/26,หน้ากากพ่นออกซิเจนพร้อมถุง Adult (XL) Oxygen Masks with Bag (ถุง), 62.00 
1465/27,หน้ากากพ่นออกซิเจนพร้อมถุง Children (S) Oxygen Masks with Bag (ถุง), 62.00 
1465/5,หน้ากาก สีขาว KF94 4ชั้น กล่อง25ชิ้น [MEDMASK 3D ซีเมด] ใช้ทางการแพทย์ (กล่อง), 76.00 
1465/6,หน้ากาก สีขาว MEDMASK 3D กล่อง30ชิ้น, 76.00 
1465/7,หน้ากาก สีดำ KF94 4ชั้น กล่อง25ชิ้น [MEDMASK 3D ซีเมด] ใช้ทางการแพทย์ (กล่อง), 76.00 
5164/1,หน้ากากอนามัย 3D mask สีขาว LOC pm2.5 10x10s, 24.00 
1465/21,หน้ากากอนามัย 3M 1x50s สีเขียว, 72.00 
5164/2,หน้ากากอนามัย 3ชั้น mask สีขาว ซองเดี่ยว 1x50s LOC PURE CARE, 39.00 
1465/22,หน้ากากอนามัย KN95 mask สีโอรส ก.10ชิ้น [Maxxlife], 112.00 
6919/10,หมวก perskindol สีน้ำเงิน, 300.00 
6919/1,หมวก เสือขาว-ดำ FC BAYERN, 300.00 
16800,หม่องอำพันทอง แม่มะลิ (สีเหลือง) มีโปรซื้อเยอะ, 64.50 
7211/1,หมอนรองคอ counterpain, 300.00 
1861,หม้อนอนพลาสติก B-01 (ใบ), 125.00 
1861/2,หม้อนอนพลาสติกอย่างดี dwell รับน้ำหนักได้100kg, 106.00 
1861/3,หม้อนอนพลาสติกอย่างดี เปิดฝาได้ dwell รับน้ำหนักได้100kg, 135.00 
2104/1,หมากหอม เยาวราช ซอง4.5g รุ่นใหม่, 307.00 
2103/2,หมากหอม เยาวราช ตลับดีบุก 5.5g กล่อง12ตลับ, 188.00 
2103/1,หมากหอม เยาวราช ใหญ่ 11.4g กล่อง20ตลับพลาสติก แบ่งขาย, 14.25 
632/1,หลินจือสกัดพลัสซี 60s [ขาวละออ], 224.00 
4193/4,เหงือกปลาหมอ 100s [ขาวละออ] น้ำเหลืองไม่ดี, 109.00 
632,เห็ดหลินจือ [อ้วยอัน] (ขวด100) รหัส 632, 193.00 
161202,(เหลือง) 100g ยาหม่อง โอสถทิพย์ ใหญ่, 42.00 
161203,(เหลือง) 200g ยาหม่อง โอสถทิพย์ จัมโบ้ [5 ม้า], 65.00 
2662/5,ไหมขัดฟัน DENTISTE 50+10เมตร (ชิ้น), 64.00 
2662/8,ไหมขัดฟันชนิดด้าม 3M 30s, 36.00 
132501,ไหมขัดฟัน ดร.ฟิลิป รสบับเบิลกัม 55หลา DENTAL FLOSS (กล่อง2โหล) (อัน), 31.50 
132502,ไหมขัดฟัน ดร.ฟิลิป รสมิ้นท์ 55หลา DENTAL FLOSS ก.24 (อัน), 31.50 
2662/7,ไหมขัดฟันด้ามจับ DENTISTE 40s (กล่อง), 48.50 
17251,อบเชย 100s 220บ [ขาวละออ] (ขวด), 138.00 
17251/10,อบเชย 100s KMP แก้วมังกร, 112.00 
0205/10,อภัยบี กลีบบัวแดง 70s [อภัยภูเบศ], 166.00 
0205/11,อภัยบี-เมล่อน มะระขี้นก 70s ลดระดับน้ำตาลในเลือด, 188.50 
7858/5,อม COMFY LOZENGE เม็ด 1x10x8s ผสมขิง กลิ่นน้ำผึ้งมะนาว มิ้นท์ (ก.10กล่อง), 140.00 
7858/3,อม PROPOLIZ Chewy Vit C 60mg เม็ดเคี้ยว 10x8s (ก.10กล่อง), 152.00 
7858,อม PROPOLIZ LOZENGE 10x8s กลิ่นน้ำผึ้งและขิง, 138.00 
7858/2,อม PROPOLIZ Mixs เม็ด 1x15x15s SF ชะเอมเทศ ซีตรัส (ก.15ซอง), 235.00 
7858/1,อม PROPOLIZ [Vit C] 60mg เม็ด 10x8s โพรโพลิซ มะขามป้อม ซีตรัส ขิง (ก.10ซอง), 138.00 
7858/4,อม PROPOLIZ X LOZENGE เม็ด 1x15x8s SF น้ำผึ้งมะนาว (ก.15ซอง), 345.00 
3097,อ้วยอันโอสถ YA COZZ ยาคอส 500mg 30s, 38.75 
4335,อ้วยอันโอสถ ยาแคปซูลขมิ้นชัน อ้วยอัน 3x10s, 29.50 
2042,อ้วยอันโอสถ ยาใบมะขามแขก ชนิดแคปซูล 400mg 30s, 29.00 
1412850/20,อาหารครบถ้วน HOF PRO HMB PLUS ไม่มีน้ำตาลทราย 850g, 689.00 
2157/15,อุทัยทิพย์ ใหม่ ตรากิเลน เล็ก 15cc (ขวด), 33.00 
171760/2,อุทัยประสิทธิ์ 100s แก้น้ำหลืองเสีย, 166.00 
171760/10,อุทัยประสิทธิ์ 100s ประสะเจตพังคี, 166.00 
171760/7,อุทัยประสิทธิ์ 100s ประสะน้ำนม, 166.00 
171760/4,อุทัยประสิทธิ์ 200s อำมฤควาที, 119.50 
171760/6,อุทัยประสิทธิ์ 20s ธรณีสันฑะฆาต, 53.00 
171760/3,อุทัยประสิทธิ์ 75s ธรณีสันฑะฆาต, 165.00 
171760/5,อุทัยประสิทธิ์ สบู่ทองพันชั่ง 100g, 60.00 
2-755,อุทัยหมอมี สูตร2 60ml, 31.00 
3441/2,เอาท์คัม OUTCOME 60ml เหา, 115.00 
10,แอมโมเนียหอม วิทยาศรม 15ml, 112.00 
2-607,แอมโมเนียหอม วิทยาศรม 30ml, 150.00 
