รหัสสินค้า,ชื่อสินค้า,ราคา
1190001,3M CAVILON DURABLE CREAM 28G,261.00
1190002,3M CAVILON DURABLE CREAM 92G,559.00
1190003,3M CAVILON NO STING FILM SPRAY 28ML,654.00
1190004,3M CAVILON NO-RINSE SKIN CLEANSER 236ML,456.00
1190006,ACCU-CHEK ACTIVE SET,990.00
1190007,ACCU-CHEK ACTIVE STRIP 25'S,424.00
1190009,ACCU-CHEK FASTCLIX 24'S (GUIDE) เข็ม,88.00
1190010,ACCU-CHEK GUIDE SET (WIRELESS),2170.00
1190012,ACCU-CHEK GUIDE STRIP 25'S,444.00
1190014,ACCU-CHEK INSTANT STRIP 25'S,429.00
1190017,ACCU-CHEK SOFTCLIX LANCETS 200'S เข็ม,530.00
1190018,ACCU-CHEK SOFTCLIX 25'S เข็ม,81.00
1190019,ACCU-CHEK SOFTCLIX PEN+LANCETS 25'S,545.00
1190020,ALCON NAPHCON-A 15ML,92.00
1190022,ALCON TEARS NATURALE FREE 0.03OZx32'S,315.00
1190023,DURATEARS 3.5G,107.00
1190024,GENTEAL GEL 10G,162.00
1190026,SYSTANE ULTRA E/D 10ML,153.00
1190027,SYSTANE ULTRA UD 0.5MLx28'S,322.00
1190028,VITALUX PLUS 30'S,303.00
1190029,PRED FORTE 1% 5ML,88.00
1190033,CELLUFRESH UD 0.4ML 30TUB,252.00
1190034,COMBIGAN ED 5ML (ALLERGAN),405.00
1190036,FML LIQUIFILM 5ML,87.00
1190037,LUMIGAN EYE DROP 0.01% 3ML,387.00
1190038,RELESTAT 5ML (ALLERGAN),282.00
1190040,CRESTOR 10MG 2x14'S,1065.00
1190041,CRESTOR 20MG 2x14'S,1590.00
1190042,FORXIGA 10MG 3x10'S (BLISTER),1550.00
1190044,SYMBICORT TURBU 160/4.5 120D,1160.00
1190045,SYMBICORT TURBU 160/4.5 60D,795.00
1190049,NEXIUM 20MG 2x7'S,540.00
1190050,NEXIUM 40MG 2x7'S,760.00
1190051,PLENDIL 10MG 30'S,507.00
1190053,PLENDIL 5MG 30'S,362.00
1190056,ZESTRIL 10MG 2x14'S,374.00
1190057,NAPROSYN LE 250MG 10x10'S,750.00
1190058,SYNFLEX 275MG 10x6'S,575.00
1190061,CYBELE SCAGEL 9G,145.00
1190063,CYBELE SCAGEL KIDS 9G,142.00
1190065,ACTEWOUND 4x6CM 2'S,141.00
1190066,ACTEWOUND 7x15CM 1PCS,285.00
1190069,SOS THERMOMETER DIGITAL (BLUE),84.00
1190070,"SOS ผ้าก๊อซ S SERIES 2x2"" (8x8CM) 4'S",31.00
1190071,"SOS ผ้าก๊อซ S SERIES 2x4"" (9x15CM) 3'S",55.00
1190072,"SOS ผ้าก๊อซ S SERIES 3x3"" (12x12CM) 3'S",35.75
1190073,"SOS ผ้าก๊อซ S2 1.25x1.5"" (6x7CM) 5'S",27.00
1190074,"SOS ผ้าก๊อซ S3 1.25x2.75"" (6x10CM) 4'S",29.50
1190076,"SOS ผ้าก๊อซ S SERIES 2x6"" (10x20CM) 2'S",54.00
1190077,SOS ผ้าก๊อซ S1-B (3x7CM) 10'S,22.00
1190078,"SOS พลาสเตอร์กันน้ำ T SERIES 2x2"" (8x8CM) 3'S",31.00
1190079,"SOS พลาสเตอร์กันน้ำ T SERIES 2x4"" (9x15CM) 2'S",53.00
1190080,"SOS พลาสเตอร์กันน้ำ T SERIES 2x6"" (10x20CM) 2'S",68.00
1190081,SOS พลาสเตอร์กันน้ำ T1 (2.5x5.6CM) 10'S,21.00
1190082,"SOS พลาสเตอร์กันน้ำ T2 1.25x1.5"" (6x7CM) 3'S",26.00
1190083,"SOS พลาสเตอร์กันน้ำ T3 1.25x2.75"" (6x10CM) 2'S",29.50
1190084,"SOS พลาสเตอร์กันน้ำ T4 2x7.75""(10x25CM) 2'S",80.00
1190085,SOS พลาสเตอร์ปิดแผล P1 KITTY (KTM01) 8'S,14.00
1190088,BEPANTHEN FIRST AID 30G,128.00
1190089,BEPANTHEN OINTMENT 30G,135.00
1190090,BEPANTHEN OINTMENT 50G,192.00
1190091,BEPANTHEN SENSIDERM CREAM 20G,280.00
1190092,BEROCCA FRUITY FLAVOUR 15'S,171.00
1190093,BEROCCA ORANGE FLAVOUR 15'S,171.00
1190094,CANESTEN CREAM 10G,83.00
1190095,CANESTEN CREAM 20G,142.00
1190096,CANESTEN O.D. CREAM 10G,139.00
1190098,CANESTEN VT.0.5G 1'S,168.00
1190099,CDR 15'S (ORANGE),119.00
1190100,CDR FORTOS 10'S (เม็ดฟู่),122.00
1190101,CLARITYNE 10MG 1x10'S,131.00
1190103,GARAMYCIN CREAM 0.1% 15G,102.00
1190106,VAPEX 14CC (L),64.00
1190107,VAPEX 2IN1 12x1PCS,235.00
1190108,VAPEX 5CC (S),29.50
1190109,ZAMBUK 36G,63.00
1190110,ZAMBUK HR 24x18G (M),36.00
1190111,ZAMBUK HR 48x8G (S),24.00
1190112,ANDROCUR 50MG 5x10'S,586.00
1190113,AVELOX 400MG 5'S,562.00
1190114,CIPROBAY 500MG 3x10'S,1930.00
1190116,CYCLO-PROGYNOVA 21'S,165.00
1190118,MICROGYNON 30 ED 28'S,54.00
1190120,PROGYNOVA 1MG 3x28'S,475.00
1190121,PROGYNOVA 2MG 3x28'S,493.00
1190123,DIANE 35 21'S,162.00
1190126,YASMIN 21'S,339.00
1190127,YAZ 28'S,376.00
1190128,EUCERIN ANTI-DANDRUFF GEL SHAMPOO 250ML,414.00
1190130,EUCERIN BABY WASH SHAMPOO 400ML,449.00
1190131,EUCERIN DERMO CAPILLAIRE MILD SHAMPOO 250ML,297.00
1190145,EUCERIN LIP ACTIVE 4.8G,214.00
1190148,EUCERIN PH5 HYDRO SERUM 400ML,425.00
1190149,EUCERIN PH5 LOTION SENSITIVE 250ML,267.00
1190150,EUCERIN PH5 LOTION SENSITIVE 400ML,422.00
1190151,EUCERIN PH5 LOTION-F SKIN 400ML,426.00
1190152,EUCERIN PH5 SENSITIVE FACIAL CLEANSER 400ML,442.00
1190154,EUCERIN PH5 SHOWER OIL 400ML,549.00
1190156,EUCERIN PH5 WASH LOTION 1000ML,627.00
1190158,EUCERIN PH5 WASH LOTION 400ML,294.00
1190159,EUCERIN PRO ACNE A.I. MATT FLUID 50ML,742.00
1190161,EUCERIN PRO ACNE A.I. TREATMENT 40ML,824.00
1190171,EUCERIN SUN DRY TOUCH BODY SPF50 200ML,1040.00
1190176,EUCERIN SUN DRY TOUCH ACNE OIL CONTROL 50ML,1046.00
1190178,EUCERIN SUN HYDRO ULTRA-LIGHT FLUID SPF50 50ML,897.00
1190179,EUCERIN SUN FACE SPF50 CREAM 50ML,970.00
1190181,EUCERIN SUN SERUM AGE REPAIR 50ML,1046.00
1190183,EUCERIN THINNING HAIR SHAMPOO 250ML,412.00
1190184,EUCERIN ULTRA AQUA PORIN GEL CREAM 50ML,634.00
1190193,EUCERIN ULTRA Q10X NIGHT 50ML,1009.00
1190204,BLACKMORES ASTAXANTHIN 6MG PLUS 30'S,444.00
1190205,BLACKMORES BILBERRY 2500MG 60'S,455.00
1190210,BLACKMORES BIO-E 250IU 60'S,376.00
1190211,BLACKMORES BIO-E 500IU 60'S,588.00
1190213,BLACKMORES BIOTIN H+ 60'S,532.00
1190215,BLACKMORES BUFFERED-C 500MG 200'S,777.00
1190216,BLACKMORES BUFFERED-C 500MG 31'S,148.00
1190217,BLACKMORES BUFFERED-C 500MG 75'S,322.00
1190218,BLACKMORES BIO CALCIUM+D3 500MG 120'S,455.00
1190221,BLACKMORES CO-Q10 30'S,549.00
1190222,BLACKMORES CRANBERRY 15000+C 60'S,424.00
1190223,BLACKMORES ECHINACEA FORTE 60'S,422.00
1190224,BLACKMORES EVENING PRIMROSE OIL1000MG 60'S,415.00
1190225,BLACKMORES EXEC-B 120'S,654.00
1190226,BLACKMORES EXEC-B 60'S,364.00
1190227,BLACKMORES FISH OIL 1000MG 2x80'S (VALUE PACK),694.00
1190228,BLACKMORES FISH OIL1000MG 80'S,388.00
1190230,BLACKMORES GINKGO 30'S,255.00
1190231,BLACKMORES GLUCOSAMINE 500MG 90'S,770.00
1190232,BLACKMORES GRAPE SEED FORTE 12000MG 30'S,492.00
1190233,BLACKMORES HYPERIFORTE 30'S,327.00
1190236,BLACKMORES LECITHIN 1200MG 100'S,344.00
1190237,BLACKMORES LIQUID ECHINACEA 50ML,385.00
1190238,BLACKMORES LUTEIN-VIS 60'S,559.00
1190243,BLACKMORES MULTI ACTIVE 30TAB,247.00
1190245,BLACKMORES MULTI-B 120'S,507.00
1190246,BLACKMORES MULTI-B 60'S,322.00
1190251,BLACKMORES OMEGA DHA 60'S,714.00
1190258,BSN EASIFIX 2.5CMx2M (ผ้าพันแผลกาวในตัว),57.00
1190259,BSN EASIFIX 4CMx2M (ผ้าพันแผลกาวในตัว),67.00
1190260,BSN FIXOMULL STRETCH 10CMx10M,440.00
1190261,BSN FIXOMULL STRETCH 10CMx2M,79.00
1190262,BSN FIXOMULL STRETCH 5CMx10M,199.00
1190263,DILATREND 12.5MG 10x10'S (BLUE),2200.00
1190264,DILATREND 25MG 10x10'S (VIOLET),2400.00
1190265,DILATREND 6.25MG 10x10'S (GREEN),1780.00
1190266,XENICAL CAP 120MG 21'S,717.00
1190267,"DUODERM CGF 4x4"" 5PCS",520.00
1190269,CONVATEC แป้นอ่อนโมลเดเบิลคอนเว็กซ์ เบอร์ 57(ใหญ่),1630.00
1190271,CONVATEC ถุงอุจจาระปลายเปิด ขุ่น 57มม,589.00
1190272,ARICEPT EVESS 10MG 2x14'S,1830.00
1190273,ARICEPT EVESS 5MG 2x14'S,930.00
1190275,GLAKAY 15MG 3x10'S,355.00
1190276,MERISLON 12MG 3x10'S,108.00
1190277,MERISLON 6MG 3x10'S,59.00
1190278,METHYCOBAL 500MG 3x10'S,160.00
1190279,MYONAL 50MG 3x10'S,197.00
1190280,PARIET 10MG 14'S,460.00
1190281,PARIET 20MG 14'S,589.00
1190282,SATOGESIC GEL 35G,184.00
1190283,SIDUOL 3x10'S,109.00
1190284,URIEF 4MG 3x10'S,434.00
1190286,FLORDIS GINSANA G115 30'S,455.00
1190298,ENO LEMON STRIPS 60SACHETS,645.00
1190300,ENO ORANGE STRIPS 60SACHETS,645.00
1190301,FENISTIL GEL 20G,58.00
1190303,LAMISIL CREAM 15G,228.00
1190307,OTRIVIN SPRAY 0.05% 10ML (CHILD),127.00
1190308,OTRIVIN SPRAY 0.1% 10ML (ADULT),136.00
1190309,PANADOL 500MG 15x10'S,160.00
1190310,PANADOL 6-12 60ML (ORANGE),58.00
1190312,PANADOL ACTIFAST 10'S,37.00
1190313,PHYSIOGEL DMT CLEANSER 150ML,197.00
1190314,PHYSIOGEL DMT CLEANSER 500ML,463.00
1190315,PHYSIOGEL DMT CLEANSER 900ML,584.00
1190316,PHYSIOGEL DMT CREAM 75ML,429.00
1190317,PHYSIOGEL SOOTHING CARE AI CREAM 50ML,590.00
1190319,POLIDENT FRESH MINT ครีมติดฟันปลอม 20G,86.00
1190320,POLIDENT FRESH MINT ครีมติดฟันปลอม 60G,217.00
1190322,SCOTT'S EMULSION 200ML (ORANGE),86.00
1190325,SENSODYNE DEEP CLEAN 160G,171.00
1190326,SENSODYNE FRESH MINT 100G (GREEN),115.00
1190328,SENSODYNE MULTI CARE 100G (GOLD),115.00
1190330,SENSODYNE RAPID ACTION 100G,172.00
1190331,SENSODYNE GENTLE WHITENING 100G (WHITE),115.00
1190336,VOLTAREN DOUBLE EMULGEL 30G,221.00
1190337,VOLTAREN EMULGEL 100G,410.00
1190338,VOLTAREN EMULGEL 10G,68.00
1190339,VOLTAREN EMULGEL 25G,145.00
1190340,VOLTAREN EMULGEL 50G,259.00
1190341,PROVAMED ACEROLA-C NIGHT BOOSTER 15ML,166.00
1190342,PROVAMED ACEROLA-C SERUM 15ML,153.00
1190343,PROVAMED ACEROLA-C WHIP FOAM 80G,78.00
1190344,PROVAMED ACNE RETINOL-A GEL 10G,116.00
1190345,PROVAMED ACNE SPOT GEL 10G,111.00
1190347,PROVAMED ACNICLEAR CLEANSING WATER 200ML,220.00
1190348,PROVAMED ANTI ACNE FACIAL TONER 120ML,68.00
1190349,PROVAMED ANTI ACNE FACIAL TONER 200ML,147.00
1190350,PROVAMED ACNICLEAR MOISTURE SERUM 30ML,216.00
1190351,PROVAMED ACNICLEAR PORE MATT 15G (ยกเลิก),204.00
1190354,PROVAMED ALOE VERA GEL 150G (L),141.00
1190355,PROVAMED ALOE VERA GEL 50G,74.00
1190357,PROVAMED ANTI MELASMA SPOT 15G,212.00
1190362,PROVAMED BABINI ARNICA GEL 15G,118.00
1190365,PROVAMED BABINI COOL PATCH 6+2ชิ้น (เด็ก),80.00
1190366,PROVAMED BABINI HEAD TO TOE WASH 480ML,129.00
1190367,PROVAMED BABINI OINTMENT 50G,132.00
1190369,PROVAMED BABINI SOOTHING CREAM 15G,118.00
1190373,PROVAMED DERMA SOOTHING CREAM 30G,300.00
1190375,PROVAMED GLUTA BRIGHT SKIN BOOSTER 200ML,205.00
1190377,PROVAMED HYA FLASH SERUM 15ML,165.00
1190379,PROVAMED SCAR ZONE STRETCH MARK 200G,210.00
1190380,PROVAMED S ULTRA ZONE CREAM 10G,141.00
1190386,PROVAMED SOLARIS BODY SPF50 100ML,176.00
1190390,PROVAMED SUN FACE SPF50 30G (สีเนื้อ),188.00
1190391,PROVAMED SUN SPF50 30G (สีขาว),188.00
1190394,PROVAMED VITAMIN-E FACIAL CREAM 50G,129.00
1190397,TRUSLEN COFFEE BLOC 10SACHET,98.00
1190398,TRUSLEN COFFEE BURN 10SACHET,98.00
1190400,TRUSLEN COFFEE PLUS 40SACHET,254.00
1190403,TRUSLEN PLUS GREEN COFFEE BEAN 10SACHET,78.00
1190410,JANSSEN IMODIUM 2MG 20x6'S,630.00
1190416,RESOLOR 1MG 4x7'S,854.00
1190417,RESOLOR 2MG 4x7'S,1420.00
1190419,SPORAL 100MGx4CAPS,141.00
1190420,STUGERON 3x10'S,88.00
1190421,TOPAMAX 100MG 60'S,2220.00
1190422,TOPAMAX 25MG 60'S,854.00
1190423,TOPAMAX 50MG 60'S,1420.00
1190424,EVRA 3แผ่น (ยาคุมแปะผิว),437.00
1190425,LISTERINE COOL MINT 100ML (BLUE),27.00
1190426,LISTERINE COOL MINT 250ML (BLUE),60.00
1190429,LISTERINE COOL MINT 750ML+250ML,126.00
1190430,LISTERINE COOL MINT 2x750ML (TWIN PACK),176.00
1190431,LISTERINE ORIGINAL 100ML (YELLOW),34.00
1190432,LISTERINE ORIGINAL 250ML (YELLOW),69.00
1190434,LISTERINE ORIGINAL 750ML (YELLOW),132.00
1190439,LISTERINE TARTAR 750ML+250ML,149.00
1190445,O.B. REGULAR 8'S,64.00
1190446,NICORETTE 2MG 7x15'S,700.00
1190447,NICORETTE 4MG 7x15'S,1045.00
1190448,PREGAINE CLEAR GEL SHAMPOO 200ML,147.00
1190449,RHINOCORT AQUA 64MCG,316.00
1190450,TYLENOL 500MG 100'S,121.00
1190451,TYLENOL 500MG 20x10'S,237.00
1190452,TYLENOL 8HR 650MG 10'S,37.00
1190453,TYLENOL DROP 15ML (GRAPE),42.00
1190454,TYLENOL SUSP 60ML (CHERRY),62.00
1190455,DAIVOBET OINTMENT 15G,622.00
1190456,DAIVONEX OINTMENT 30G,650.00
1190457,FUCICORT CREAM 15G (RED-YELLOW),207.00
1190458,FUCICORT CREAM 5G (RED-YELLOW),99.00
1190459,FUCIDIN CREAM 15G (RED),174.00
1190460,FUCIDIN CREAM 5G (RED),88.00
1190461,FUCIDIN-H 5G (RED-BLACK),98.00
1190462,FUCIDIN OINT 15G (ORANGE),174.00
1190463,FUCIDIN OINT 5G (ORANGE),88.00
1190464,FUCITHALMIC ED 5G,100.00
1190465,ONE-ALPHA 0.25MCG 10x10'S,825.00
1190466,PROTOPIC OINTMENT 0.1% 10G,1265.00
1190475,HERBESSER 30MG 100x10'S,47.50
1190476,HERBESSER R 100MG 10x10'S,1032.00
1190477,HERBESSER R 200MG 10x10'S,1645.00
1190478,HERBESSER SR 90MG 10x10'S,985.00
1190479,FLEMEX 50x10'S,29.40
1190481,FLEMEX AC OD 600MG 5x2'S (เม็ดฟู่),141.00
1190482,FLEMEX KIDS 60ML,44.00
1190483,FLEMEX SYRUP 120ML (L),81.00
1190484,FLEMEX SYRUP 60ML (S),49.50
1190485,HIRUDOID CREAM 10G,80.00
1190486,HIRUDOID CREAM 20G,134.00
1190487,HIRUDOID CREAM 40G,206.00
1190488,HIRUDOID FORTE CREAM 10G,124.00
1190489,HIRUDOID FORTE CREAM 20G,204.00
1190490,HIRUDOID FORTE CREAM 40G,317.00
1190495,HIRUDOID MILD CREAM 50G,272.00
1190500,HIRUSCAR POST ACNE GEL 10G,230.00
1190501,HIRUSCAR POST ACNE GEL 5G,156.00
1190502,HIRUSCAR SILICONE PRO 10G,346.00
1190503,HIRUSCAR SILICONE PRO 4G,209.00
1190507,COLCHICINE 0.6MG 10x10'S,454.00
1190508,COMBIF AR 3x10'S,440.00
1190511,ELMETACIN SPRAY 50ML,130.00
1190513,FLUOMIZIN VAGINAL 10MGx6'S,164.00
1190514,KEFLEX SUSPENSION 125MG 60ML,78.00
1190515,TAPAZOLE 5MG 100'S,191.00
1190516,CONCOR 2.5MG 10x10'S,63.00
1190517,CONCOR 5MG 10x10'S,84.00
1190521,GLUCOPHAGE 500MG 50x10'S,22.00
1190522,GLUCOPHAGE 850MG 30x10'S,36.50
1190523,GLUCOPHAGE XR 1000MG 3x10'S,258.00
1190524,GLUCOPHAGE XR 750MG 2x15'S,226.00
1190525,LODOZ 2.5MG/6.25MG 3x10'S,260.00
1190526,ILIADIN 0.025% DROP 10ML (CHILD),78.00
1190527,ILIADIN 0.05% DROP 10ML (ADULT),78.00
1190528,ILIADIN 0.05% SPRAY 10ML (ADULT),131.00
1190531,NEUROMET 5x10'S,257.00
1190532,SEVEN SEAS 120ML,102.00
1190533,SEVEN SEAS OCEAN GOLD 100ML,135.00
1190534,SEVEN SEAS+LYSINE 100ML,144.00
1190536,ALCON AZOPT 1% 5ML,480.00
1190537,ALCON DUOTRAV ED 2.5ML,685.00
1190538,ALCON MAXITROL OINT 3.5G,92.00
1190539,ALCON PATADAY 2.5ML,379.00
1190541,ALCON TOBRADEX EYE DROP 5ML,136.00
1190542,ALCON TOBRADEX OINT 3.5G,94.00
1190543,ALCON TOBREX EYE DROP 0.3% 5ML,120.00
1190544,ALCON TRAVATAN BAK-FREE 2.5ML,592.00
1190545,ALCON VIGAMOX 0.5% 5ML,182.00
1190547,ISOPTO CARPINE 2% 15ML,87.00
1190549,BETADINE 15ML (S),44.50
1190550,BETADINE 30ML (L),67.50
1190551,BETADINE 500ML,236.00
1190553,BETADINE GARGLE 30ML,147.00
1190554,BETADINE OINTMENT 50G,122.00
1190555,BETADINE THROAT SPRAY 12ML,147.00
1190556,BETADINE THROAT SPRAY 25ML,260.00
1190558,CATAFLAM 25MG 2x10'S,97.00
1190559,CATAFLAM 50MG 2x10'S,169.00
1190561,VOLTAREN SR 100MG 3x10'S,637.00
1190562,VOLTAREN SR 75MG 3x10'S,399.00
1190563,VOLTFAST 50MG 3x3 SACHETS,79.00
1190565,VISTRA 3WHEY PROTEIN PLUS VANILLA 15SAC,950.00
1190566,VISTRA 3WHEY PROTEIN+CHOCOLATE 15SAC,885.00
1190569,VISTRA ACEROLA CHERRY 100'S (M),540.00
1190570,VISTRA ACEROLA CHERRY 150'S (L),778.00
1190571,VISTRA ACEROLA CHERRY 45'S (S),242.00
1190573,VISTRA ASTAXANTHIN 4MG 30'S,372.00
1190576,VISTRA ASTAXANTHIN 6MG 30'S,460.00
1190577,VISTRA BACOPA EXTRACT 300MG 30'S,185.00
1190579,VISTRA B-COMPLEX PLUS GINSENG 30'S,220.00
1190580,VISTRA B-COMPLEX PLUS MINERALS 30'S,138.00
1190581,VISTRA BETA GLUCAN PLUS 30'S,410.00
1190583,VISTRA BILBERRY EXTRACT PLUS LUTEIN 30'S,306.00
1190584,VISTRA BILBERRY EXTRACT PLUS LUTEIN 60'S,542.00
1190586,VISTRA BIO-C 1000MG 100'S (L),504.00
1190588,VISTRA BIO-C 1000MG 30'S (S),195.00
1190593,VISTRA CLA&L-CARNITINE 1100MG 30'S,449.00
1190595,VISTRA COENZYME Q10 30MG 30'S,148.00
1190596,VISTRA COENZYME Q10 30MG 60'S,255.00
1190601,VISTRA COLLAGEN DIPEPTIDE PLUS VIT-C 30'S,350.00
1190606,VISTRA CRANBERRY 600MG 30'S,237.00
1190607,VISTRA DIMPLITE 30'S,590.00
1190608,VISTRA DT DAILY FIBER 7000MG 10SAC,102.00
1190609,VISTRA EVENING PRIMROSE OIL 1000MG 75'S,231.00
1190612,VISTRA GINKGO 120MG 30'S,177.00
1190616,VISTRA GLUTA COMPLEX PLUS 1000MG 30'S,484.00
1190617,VISTRA GLUTA COMPLEX PLUS 800MG 30'S,382.00
1190618,VISTRA GOTU KOLA EXTRACT PLUS ZINC 30'S,179.00
1190620,VISTRA GRAPE SEED 60MG 30'S,202.00
1190622,VISTRA KIWI EXTRACT 30'S,316.00
1190623,VISTRA L-ARGININE PLUS 1000MG 60'S,575.00
1190624,VISTRA L-CARNITINE 500MG PLUS 3L 60'S,435.00
1190625,VISTRA L-CARNITINE 500MG PLUS 3L 30'S,240.00
1190626,VISTRA L-CYSTEINE PLUS BIOTIN 30'S,244.00
1190627,VISTRA LIVOTOX 30'S,299.00
1190629,VISTRA MAGNESIUM COMPLEX PLUS 30'S,157.00
1190630,VISTRA MARINE COLLAGEN 1300MG 30'S,297.00
1190632,VISTRA MARINE COLLAGEN 10000MG (ORANGE),460.00
1190633,VISTRA MARINE COLLAGEN 10000MG (STRAWBERRY),460.00
1190636,VISTRA MULTIVITAMINS&MINERAL 50'S,270.00
1190637,VISTRA ODORLESS FISH OIL 100'S,225.00
1190638,VISTRA ODORLESS FISH OIL 75'S,172.00
1190640,VISTRA PLANT AMIPRO PLUS VITAMIN-B 30'S,159.00
1190643,VISTRA REGOW 30'S,263.00
1190646,VISTRA RICE BRAN OIL 1000MG 40'S,272.00
1190648,VISTRA SALMON FISH OIL 1000MG 75'S,198.00
1190649,VISTRA SALMON FISH OIL 1000MG 100'S,249.00
1190651,VISTRA SOY LECITHIN 1200MG PLUS VIT-E 90'S,191.00
1190652,VISTRA TOMATO EXTRACT PLUS BETA 30'S,344.00
1190653,VISTRA VAGINY 30'S,344.00
1190654,VISTRA WHEY PROTEIN PLUS 255G 15SAC,279.00
1190655,VISTRA ZINC 15MG 45'S,155.00
1190656,นม NESTLE THICKEN UP-CLEAR 125MG,494.00
1190658,นม NESTLE BOOST OPTIMUM 800G (VANILLA),770.00
1190659,นม NESTLE ISOCAL 850G,587.00
1190662,นม NESTLE NUTREN JUNIOR 400G,414.00
1190663,นม NESTLE PEPTAMEN VANILLA 400G,790.00
1190664,นม ORAL IMPACT 5x74G (นมผู้ป่วยมะเร็ง),860.00
1190679,BOTAN 100'S (แผ่น),1164.00
1190680,BOTAN MINT BALL 20ตลับ (BLUE),400.00
1190681,BOTAN MINT BALL 20ตลับ (NANOICE),388.00
1190682,BOTAN MINT BALL 20ตลับ (VIOLET),388.00
1190683,BOTAN ORIGINAL 24ตลับ (WHITE),314.00
1190685,กฤษณากลั่น ยาแก้ปวดท้อง ตรากิเลนน้ำ 15มล,58.50
1190686,ยาแก้ปวด ทัมใจเปรี้ยว 100ซอง (ผง),160.00
1190690,COMBIZYM TAB 10x10'S,715.00
1190692,MEBO 10G (S),88.00
1190693,MEBO 40G (L),295.00
1190695,BIOFLOR 250MG 2x5'S,238.00
1190696,BIOFLOR POWDER 250MG 10SAC,238.00
1190697,CIRCADIN 2MG 15'S,425.00
1190698,METEO SPASMYL 3x10'S,242.00
1190699,NIZORAL SHAMPOO 100ML,195.00
1190700,NIZORAL SHAMPOO 200ML,346.00
1190701,NIZORAL SHAMPOO 50ML,115.00
1190706,OXE'CURE SULFUR SOAP 100G,105.00
1190707,OXE'CURE SULFUR SOAP 30G,37.00
1190708,BONJELA GEL 15G,163.00
1190710,CARDIPRIN 100MG 3x30'S,237.00
1190716,DETTOL 500ML,287.00
1190721,FYBOGEL 10'S,189.00
1190722,GAVISCON DUAL 150ML (PINK) (น้ำ),329.00
1190723,GAVISCON DUAL 24x10ML (PINK)(ซอง),604.00
1190724,GAVISCON DUAL TABLETS 2x8'S (PINK) (แผง),197.00
1190725,GAVISCON LIQUID 150ML (GREEN) (น้ำ),254.00
1190726,GAVISCON SUSPENSION MINT 12x10ML (GREEN) (ซอง),265.00
1190728,GLUCOLIN 400G,136.00
1190729,KY JELLY 42G (S),151.00
1190730,KY JELLY 82G (L),215.00
1190733,NUROFEN SYRUP 60ML (ORANGE),123.00
1190735,NUROFEN ZAVANCE 400MG 1x10'S,137.00
1190738,SENOKOT 3x20'S,151.00
1190739,STREPSILS CHESTY COUGH 12x24'S,95.00
1190740,STREPSILS CHESTY COUGH 24x8'S,1215.00
1190741,STREPSILS COOL 12x24'S (BLUE),87.00
1190742,STREPSILS COOL 24x8'S (BLUE),612.00
1190745,STREPSILS HONEY LEMON 12x24'S (YELLOW),85.00
1190746,STREPSILS HONEY LEMON 24x8'S (YELLOW),612.00
1190747,STREPSILS MAXIPLUZZ 12x16'S,102.00
1190748,STREPSILS MAXIPLUZZ 24x6'S,1290.00
1190749,STREPSILS MAXPRO DIRECT SPRAY 15ML,192.00
1190750,STREPSILS MAXPRO HONEY LEMON 16'S,131.00
1190751,STREPSILS MAXPRO HONEY LEMON 24x8'S,1695.00
1190752,STREPSILS ORANGE VIT-C 12x24'S,85.00
1190753,STREPSILS ORANGE VIT-C 24x8'S,612.00
1190754,STREPSILS ORIGINAL 12x24'S (RED),85.00
1190755,STREPSILS ORIGINAL HHR 24x8'S (RED),612.00
1190756,STREPSILS SF CITRUS LEMON 12x16'S,87.00
1190757,STREPSILS SF CITRUS LEMON 24x6'S,612.00
1190758,STREPSILS THROAT IRR 24'S,93.50
1190759,STREPSILS THROAT IRR 24x8'S,1195.00
1190761,VEET 25G (ครีมกำจัดขน) (BLUE),114.00
1190762,VEET 25G (ครีมกำจัดขน) (PINK),114.00
1190764,RENU FRESH 120ML,71.00
1190766,RENU FRESH 60ML,51.00
1190767,RENU LUBRICATING 8ML,94.00
1190769,VIDISIC GEL 10G,128.00
1190770,VIVIDRIN EYE DROPS 10ML (หยอดตา),129.00
1190771,MADOPAR 250MG 100'S,1225.00
1190772,MADOPAR HBS 125MG 100'S,860.00
1190777,ARTROFORT COMPLEX 30'S,664.00
1190785,ELIDEL CREAM 15G,760.00
1190786,LEGALON 140MG 4x10'S,658.00
1190790,REPARIL GEL-N 10G,64.00
1190791,REPARIL GEL-N 20G,102.00
1190792,REPARIL GEL-N 40G,197.00
1190794,REPARIL TAB 20MG 10x10'S,509.00
1190795,SAUGELLA ATTIVA 100ML (GREEN),111.00
1190796,SAUGELLA DERMOLIQUID 100ML (BLUE),88.00
1190797,SAUGELLA POLIGYN 100ML (PINK),128.00
1190798,URALYT-U 280G,510.00
1190799,VIARTRIL-S 1500MG 30'S (POWDER),1090.00
1190800,VIARTRIL-S 500MG 90'S,990.00
1190804,DERMATOP CREAM 15G,97.00
1190805,DERMATOP CREAM 5G,52.50
1190806,ESPERSON CREAM 0.25% 15G,93.00
1190807,ESPERSON CREAM 0.25% 5G,40.00
1190810,TOPICORTE 0.25% 15G (L),122.00
1190811,TOPICORTE 0.25% 5G (S),55.00
1190814,AMARYL 2MG 3x10'S (GREEN),385.00
1190818,APROVEL 150MG 2x14'S,570.00
1190819,APROVEL 300MG 2x14'S,740.00
1190820,CO-APROVEL 150/12.5MG 2x14'S,710.00
1190821,CO-APROVEL 300/12.5MG 2x14'S,930.00
1190822,CO-PLAVIX 75MG/75MG 3x10'S,2450.00
1190823,CORDARONE 200MG 2x15'S,584.00
1190824,DAONIL 5MG 10x10'S,298.00
1190825,DEPAKINE 200MG 40'S (เม็ด),179.00
1190826,DEPAKINE 200MG 60ML (น้ำ),251.00
1190827,DEPAKINE CHRONO 500MG 30'S,360.00
1190829,LANTUS SOLOSTAR 3MLx5PEN (แช่เย็น),3555.00
1190830,LASIX 40MG 500'S,1540.00
1190831,LASIX 500MG 10x10'S,2500.00
1190832,PLAVIX 75MG 14'S,1169.00
1190835,TRITACE 10MG 3x10'S,855.00
1190836,TRITACE 2.5MG 10x10'S,1060.00
1190837,TRITACE 5MG 3x10'S,485.00
1190838,XATRAL XL 10MG 1x30'S,875.00
1190840,BISOLVON PEDIATRIC 60ML (CHILD),48.50
1190842,BISOLVON-EX 125ML (L),100.00
1190843,BISOLVON-EX 60ML (S),54.00
1190844,BUSCOPAN 10x10'S,342.00
1190855,LACTACYD EXTRA SENSITIVE 150ML (LIQUID),123.00
1190856,LACTACYD EXTRA SENSITIVE 60ML (LIQUID),60.00
1190869,NASACORT AQ SPRAY 55MCG/DOSE,444.00
1190874,PROCTOSEDYL OINTMENT 15G,179.00
1190875,PROCTOSEDYL SUPPO 12'S,151.00
1190876,RHINATHIOL KIDS 60ML,54.00
1190877,TELFAST 180MG 10'S,220.00
1190878,TELFAST 60MG 10'S,88.00
1190880,CORALAN 5MG 4x14'S (SERVIER),2330.00
1190881,COVERSYL ARGININE 5MG 30'S,472.00
1190882,DAFLON 500MG 2x15'S,286.00
1190884,DIAMICRON MR 60MG 2x15'S,397.00
1190885,NATRILIX SR 3x10S,272.00
1190886,VASTAREL MR 35MG 2x30'S,493.00
1190888,DUREX COMFORT 56MM 12x3'S,70.00
1190889,DUREX DUAL PLEASURE 56MM 12x3'S,895.00
1190890,DUREX EXCITA 53MM 12x3'S,47.00
1190891,DUREX EXPLORE 52.5MM 6x3P,37.00
1190892,DUREX FETHERLITE 52.5MM 12x3'S,62.00
1190893,DUREX FETHERLITE ULTIMA 52MM 12x3'S,65.00
1190894,DUREX KINGTEX 49MM 12x3'S,31.00
1190895,DUREX KINGTEX BIG BOX 49MM 6x12'S,123.00
1190897,DUREX LOVE 52.5MM 12x3'S,36.00
1190898,DUREX PERFORMA 52.5MM 12x3'S,66.00
1190899,DUREX PLAY GEL 50ML,102.00
1190900,DUREX SENSATION 52MM 12x3'S,68.00
1190901,DUREX STRAWBERRY 52.5MM 12x3'S,61.00
1190902,GRIPE WATER 148ML (L),116.00
1190904,KAMISTAD ORAL GEL 10G,87.00
1190905,MAR PLUS 5% NASAL SPRAY 20ML,187.00
1190907,OILATUM SOAP 100G,166.00
1190908,STADA METOPROLOL 100 10x10'S,325.00
1190909,COUNTERPAIN COOL 120G,133.00
1190910,COUNTERPAIN COOL 30G,50.50
1190911,COUNTERPAIN COOL 60G,79.00
1190912,COUNTERPAIN PLUS 25G,118.00
1190913,COUNTERPAIN PLUS 50G,196.00
1190914,COUNTERPAIN WARM 120G (ร้อน),125.00
1190915,COUNTERPAIN WARM 30G (ร้อน),42.50
1190916,COUNTERPAIN WARM 60G (ร้อน),72.00
1190917,DRAMAMINE 50MG 10x10'S,145.00
1190918,TEMPRA DROP 15ML (GRAPE),38.50
1190919,TEMPRA FORTE 60ML (ORANGE),46.00
1190920,TEMPRA FORTE 60ML (STRAWBERRY),46.50
1190921,TEMPRA KIDS 60ML (ORANGE),39.00
1190922,TEMPRA KIDS 60ML (STRAWBERRY),38.50
1190923,ALINAMIN EX PLUS 120'S,642.00
1190924,ALINAMIN EX PLUS 60'S,405.00
1190925,ALINAMIN-F FOIL 10x10'S,267.00
1190926,CONTROLOC 20MG 14'S,605.00
1190927,CONTROLOC 40MG 14'S,780.00
1190928,HICEE 500MG 10x15'S,595.00
1190929,HICEE 100MG 50'S (ขวด),57.00
1190930,HICEE 100MG 200'S (ขวด),143.00
1190931,HICEE 100MG FOIL 40x4'S (แผง),197.00
1190932,HICEE 500MG 4x15'S,242.00
1190939,ACTOS 15MG 3x10'S,1420.00
1190946,MADIPLOT 10MG 10x10'S,105.00
1190947,MADIPLOT 20MG 10x10'S,132.00
1190948,TERUMO SYRING 10ML (NO LANCET),214.00
1190949,"TERUMO SYRING 1CC 27Gx1/2"" พร้อมเข็มอินซูริน (ส้มขาว)",305.00
1190950,"TERUMO SYRING 1CC 29Gx1/2"" พร้อมเข็มอินซูริน (ส้มขาว)",325.00
1190952,TERUMO SYRING 3ML (NO LANCET),139.00
1190953,TERUMO SYRING 50ML 20'S (BLUE),15.00
1190954,TERUMO SYRING 50ML 20'S (ให้อาหาร) (GREEN),440.00
1190955,TERUMO SYRING 5ML (NO LANCET),185.00
1190956,NISSEI เครื่องวัดความดัน ต้นแขน รุ่น DS-11,1030.00
1190958,TERUMO MEDISAFE EX (FREE STRIP+LANCET),1630.00
1190959,TERUMO MEDISAFE EX STRIP+LANCET 30'S (PINK),464.00
1190960,TERUMO MEDISAFE FITSMILE (FREE STRIP+LANCET),1630.00
1190961,TERUMO MEDISAFE FITSMILE STRIP+LANCET 30'S (BLUE),464.00
1190964,ปลอกแขนเครื่องวัดความดันW100(22CM-32CM),445.00
1190969,MEIJI MEIACT 100MG 10x10'S,2930.00
1190970,MEIJI MEIACT 200MG 2x10'S,1150.00
1190971,MEIJI MEIACT FINE GRANULES 0.5G 120SACHET,16.17
1190972,MEIJI DICLEX CAPSULES 500MG 50x10'S,400.00
1190974,MEIJI PROCTASE-P 50x10'S,176.00
1190975,MEIJI KANAMYCIN 10x10'S,364.00
1190976,MEIJI MIOTIN SYRUP 60ML,104.00
1190977,NECK&SHOULDER BOOST 50G (RED),139.00
1190978,NECK&SHOULDER RUB 50G (YELLOW),134.00
1190979,TIGER BALM FEVER PATCH 5x11CM 3x2'S,83.00
1190980,TIGER BALM INHALER 2ML,15.00
1190981,ครีมนวดบรรเทาปวด ตราเสือ 30กรัม,52.50
1190982,น้ำมันกวางลุ้ง 15มล (กลาง),61.50
1190983,น้ำมันกวางลุ้ง 28มล (ใหญ่),91.00
1190984,น้ำมันกวางลุ้ง 3มล (เล็ก),18.50
1190985,น้ำมันกวางลุ้ง 57มล (ใหญ่พิเศษ),138.00
1190986,พลาสเตอร์แก้ปวดเสือ(เย็น) 10x14CM สีเขียว 24ซองใหญ่,58.00
1190987,พลาสเตอร์แก้ปวดเสือ(เย็น) 7x10CM สีเขียว 24ซองเล็ก,43.50
1190988,พลาสเตอร์แก้ปวดเสือ(ร้อน) 10x14CM สีแดง 24ซองใหญ่,58.00
1190989,พลาสเตอร์แก้ปวดเสือ(ร้อน) 7x10CM สีแดง 24ซองเล็ก,43.50
1190990,พลาสเตอร์แก้ปวดหลังตราเสือ 10x14CM สีเหลือง 24ซองใหญ่,59.50
1190991,ยาน้ำมันตราเสือ 28มล,88.00
1190992,ยาหม่อง ตราเสือ 10กรัม (สีแดง),45.00
1190993,ยาหม่อง ตราเสือ 19.4กรัม (สีแดง),62.00
1190994,ยาหม่อง ตราเสือ 30กรัม (สีแดง),78.00
1190995,ยาหม่อง ตราเสือ เอชอาร์ 10กรัม (สีขาว),45.00
1190996,ยาหม่อง ตราเสือ เอชอาร์ 19.4กรัม (สีขาว),61.50
1190997,ยาหม่อง ตราเสือ เอชอาร์ 30กรัม (สีขาว),78.00
1191045,VICKS BABY BALSAM 50G,213.00
1191046,VICKS VAPORUB (60x10G) (L),44.00
1191047,VICKS VAPORUB 25G (S),96.00
1191048,VICKS VAPORUB 50G (L),182.00
1191049,VICKS VAPORUB 5G (S),25.00
1191052,AQUA MARIS BABY 50ML,243.00
1191053,AQUA MARIS CLASSIC 30ML,225.00
1191054,AQUA MARIS STRONG 30ML,243.00
1191055,CHLOR PYRAD 12x15G (ป้ายแผล),15.50
1191056,DETAPAIN 2x10'S,28.50
1191057,FRX 15ML (ยาเหลือง),75.00
1191059,FRX CALPEX 500MG 100x10'S,344.00
1191060,FRX CARMINATIVE 450CC,42.00
1191063,FRX FAVOVAS 450G,157.00
1191064,FRX GENTIAN VIOLET SAHAKARN 30ML,102.00
1191065,FRX LUCINAR CREAM 5G,40.00
1191066,FRX NORFOX 400MG 10x10'S (FOIL),192.00
1191067,FRX OMESEC 20MG 2x7'S,26.00
1191068,FRX POVIDONE 15ML,167.00
1191069,FRX POVIDONE 400ML,158.00
1191070,FRX GENTIAN VIOLET PYRAD-VIOLET 15ML,71.00
1191071,FRX GENTIAN VIOLET PYRAD-VIOLET 450ML,48.00
1191072,FRX VIT-C 25MG 50x30'S (GRAPE),194.00
1191073,FRX VIT-C 25MG 50x30'S (ORANGE),202.00
1191074,FRX VIT-C 25MG 50x30'S (STRAWBERRY),194.00
1191075,FRX VIT-C 25MG 60x30'S (MIX),230.00
1191076,FRX VIT-C 50MG 1000'S (ORANGE),132.00
1191077,FRX VIT-C 50MG 1000'S (ORANGE) (แยกซอง),148.00
1191078,FRX แอมโมเนีย 30ML,142.00
1191079,FRX แอมโมเนีย 450ML,86.00
1191080,FRX ชุดเวชภัณฑ์ 7 รายการ,50.00
1191082,FRX ยาธาตุน้ำขาว 200ML,33.00
1191083,IBUTAMOL 400MG 10x10'S (ORANGE),155.00
1191084,OPTIVIS OINT 12x5G (ป้ายตา),15.00
1191085,SODAMINT FRX 300MG 1000'S,97.00
1191087,กางเกง CERTAINTY PANTS #L 20ชิ้น,449.00
1191088,กางเกง CERTAINTY PANTS #M 20ชิ้น,449.00
1191089,กางเกง CERTAINTY PANTS #XL 16ชิ้น,449.00
1191096,FAIRE STRAWBERRY 49MM 12x3'S (RED),280.00
1191097,FAIRE VISA 49MM 3'S (GREEN),169.00
1191098,FLUOCARIL BI-FLUORE ZERO% ALCOHOL 500ML,92.00
1191099,FLUOCARIL MOUTH SPRAY 15CC,105.00
1191100,NATUREGIFT COFFEE 21 10SACHET,90.00
1191101,ยาสีฟัน FLUOCARIL 150G (+แถมแปรง),52.00
1191102,NUTRAMIGEN LGG 400G,745.00
1191103,แผ่นยางปูกันเปื้อน HOSPRO H-DS021,78.00
1191106,DAFNE 35 21'S,90.00
1191108,MELODIA 21'S,243.00
1191109,MINIDOZ 28'S,137.00
1191111,SYNFONIA 28'S,274.00
1191112,TANSY ONE 1'S,43.00
1191113,FAVOTAN 5/100MG 3x10'S,944.00
1191114,FAVOTAN 5/50MG 3x10'S,787.00
1191118,KARISMA COTTON BUDS 100 PCS (TWIN PACK),20.00
1191119,KARISMA COTTON PADS COMPRESSED 50G 100'S,39.00
1191120,"KARISMA COTTON PADS KING SIZE 3x4"" 100G",42.00
1191121,KARISMA COTTON PADS ROUND 80PCS,37.50
1191122,"KARISMA COTTON STICK 6"" 5x5PCS (L)",40.00
1191123,KARISMA HYGIENE WIPES 12x12'S,212.00
1191124,HEPACAP 10x10'S (RED),495.00
1191125,ASPENT 300MG 1000'S,476.00
1191126,ASPENT-M 81MG 1000'S (UNICHEM),285.00
1191127,ASPENT-M 81MG 60'S (UNICHEM),35.00
1191128,DEWAX EAR DROP 15ML,52.00
1191129,FBC 20x100'S,66.00
1191131,GASZYM 10x10'S,265.00
1191133,MYLOM DROP 15ML,39.00
1191136,VERCEF 125MG/5ML 60ML,90.00
1191137,VERCEF 250MG/5ML 60ML,155.00
1191138,COSOPT ED 5ML,464.00
1191139,CRAVIT EYE DROP 0.5% 5ML,125.00
1191140,DIQUAS OPH. SOL 3% 5ML,252.00
1191141,HIALID 0.1% 5ML,145.00
1191142,KARY UNI ED 5MLx10'S,690.00
1191143,PEMIROX 0.1% 5MLx10'S,985.00
1191144,TAFLOTAN OPHT 2.5ML,479.00
1191145,TIMOPTOL 0.5% 5ML,242.00
1191146,TRUSOPT 2% 5ML,564.00
1191147,BACTIGRAS 10CM 10'S,185.00
1191148,CICA CARE 3x12CM 1'S (S),545.00
1191149,CICA CARE 6x12CM 1'S (M),1175.00
1191150,INTRASITE GEL 25G,203.00
1191151,OPSITE WATERPROOF PLASTER 6.5x5CM 3PCS,47.00
1191189,TANZARIL 100MG 3x10'S (GREEN),130.00
1191190,TANZARIL 50MG 3x10'S,68.00
1191203,CALCIFEROL VITAMIN D2 20000IU 10x10'S,318.00
1191204,EMULAX 1000'S (L),133.00
1191205,EMULAX 12x100'S (S),27.50
1191207,EMULAX MOM น้ำ 240ML ตรางู (ขวดเปลือย),30.50
1191209,PAINELIEF COOL GEL 30G,69.00
1191210,PAINELIEF COOL GEL 60G,106.00
1191211,SKETOLENE SPRAY 40ML (YELLOW),34.00
1191212,SKETOLENE SPRAY 60ML (GREEN),54.50
1191214,ยาแก้ไข้เด็กตรางู 12x60มล,26.50
1191216,ยาแก้ไอน้ำดำ ตรางู 120มล,27.00
1191217,ยาแก้ไอน้ำดำ ตรางู 60มล,22.00
1191218,BILAXTEN 20MG 1x10'S,144.00
1191220,DERMATIX ULTRA GEL 15G,730.00
1191221,DERMATIX ULTRA GEL 5G,359.00
1191222,DERMATIX ULTRA GEL 9G,570.00
1191225,FASTUM GEL 30G,79.00
1191226,FASTUM GEL 50G,112.00
1191227,KAMILLOSAN-M 15CC,142.50
1191228,LANOXIN 0.25MG 1000'S,862.00
1191229,LANOXIN PG 0.0625MG 300'S,250.00
1191231,NACLONG 600MG 10'S,151.50
1191233,NEBILET 5MG 2x14'S,680.00
1191238,SYSTRAL CREAM 10G,32.00
1191239,SYSTRAL CREAM 25G,69.00
1191240,ZYLORIC 100MG 4x25'S,530.00
1191241,ZYLORIC 300MG 10x10'S,140.00
1191242,BELARA 21'S,282.00
1191246,DUPHALAC 100ML (น้ำ),127.00
1191247,DUPHALAC 200ML (น้ำ),232.00
1191248,GANATON 50MG 10'S,154.00
1191249,ISOPTIN SR 240MG 2x15'S,657.00
1191251,KLACID 500MG 10'S,537.00
1191253,KLACID MR 500MG 7'S,384.00
1191254,SERC 16MG 3x20'S,427.00
1191255,SERC 24MG 20'S,228.00
1191256,SUPRALIP NT 145MG 3x10'S,654.00
1191257,ZANIDIP 10MG 2x14'S (RED),554.00
1191258,ZANIDIP 20MG 2x14'S (BLUE),839.00
1191280,BERODUAL FORTE 4ML 20D,650.00
1191281,BERODUAL INHALER 10ML 200D,303.00
1191282,JARDIANCE 10MG 3x10'S,1650.00
1191284,MICARDIS 40MG 3x10'S,650.00
1191285,MICARDIS 80MG 3x10'S,860.00
1191286,MICARDIS PLUS 40/12.5MG 3x10'S,650.00
1191287,MICARDIS PLUS 80/12.5MG 3x10'S,860.00
1191288,MOBIC 7.5MG 10x10'S,102.00
1191290,TRAJENTA 5MG 3x10'S,1510.00
1191291,TWYNSTA 80/5MG 30'S,870.00
1191292,น้ำมันยูคาลิปตัส ตรานกแก้ว 28มล,84.00
1191293,น้ำมันยูคาลิปตัส ตรานกแก้ว 56มล,142.00
1191294,น้ำมันยูคาลิปตัส ตรานกแก้ว 8.5มล,38.00
1191295,น้ำมันยูคาลิปตัส ตรานกแก้ว สเปรย์ 150มล,136.00
1191296,น้ำมันยูคาลิปตัส ตรานกแก้ว สเปรย์ 300มล,200.00
1191298,HARNAL OCAS 0.4MG 3x10'S,925.00
1191299,OESTROGEL 0.06% 80G,248.00
1191301,CRAVIT 500MG 5'S,370.00
1191302,JAPROLOX 60MG 2x10'S,137.00
1191304,MEVALOTIN PROTECT 40MG 3x10'S,970.00
1191305,BENZAC AC GEL 2.5% 15G,108.00
1191306,BENZAC AC GEL 2.5% 60G,265.00
1191307,BENZAC AC GEL 5% 60G,288.00
1191308,BENZAC AC GEL 5% 15G,117.00
1191317,CETAPHIL MOIST.CREAM 453G (กระปุก),630.00
1191321,DIFFERIN GEL 0.1% 15G,367.00
1191322,DIFFERIN GEL 0.1% 30G,579.00
1191323,ROBAZ 0.75% 30G,355.00
1191324,ALLERNIX 10MG 1x10'S,34.50
1191325,ASMASOLON 10x10'S,191.00
1191326,ASPILETS 81MG 20x10'S,120.00
1191328,DECOLGEN PRIN 25x4'S,193.00
1191329,KREMIL 20x10'S (GREEN),325.00
1191330,KREMIL-S 20x10'S (ORANGE),385.00
1191331,NUTROPLEX OLIGO+ 100ML,141.00
1191332,NUTROPLEX OLIGO+ 60ML,88.00
1191333,OBIMIN-AZ 60'S,198.00
1191334,SOLMAX 500MG FOIL 25x10'S,36.00
1191335,SOLMAX FORTE 60ML,64.00
1191336,SOLMAX KIDS 60ML,58.00
1191337,GSK AMOXIL 500MG 2x10'S,110.00
1191340,GSK AUGMENTIN 1G 1x10'S,236.00
1191341,GSK AUGMENTIN ES 50ML,500.00
1191343,GSK AUGMENTIN SYRUP 228MG 70ML,310.00
1191344,GSK AUGMENTIN SYRUP 457MG 70ML,487.00
1191345,GSK AVAMYS NASAL SPRAY 27.5MCG 120D,420.00
1191346,GSK AVODART 0.5MG 3x10'S,1265.00
1191349,GSK BECONASE AQUEOUS NASAL SPRAY 200D,208.00
1191350,GSK BETNOVATE CREAM 15G,87.00
1191351,GSK BETNOVATE SCALP 30ML,159.00
1191352,GSK BETNOVATE-N 15G,101.00
1191353,GSK DERMOVATE CREAM 100G,598.00
1191354,GSK DERMOVATE CREAM 15G,148.00
1191355,GSK DERMOVATE CREAM 5G,54.00
1191356,GSK DERMOVATE OINTMENT 5G,59.00
1191357,GSK DERMOVATE SCALP 30ML,190.00
1191358,GSK FLIXONASE NASAL SPRAY 120D,440.00
1191359,GSK IMIGRAN 50MG 2'S,257.00
1191361,GSK SERETIDE ACCU 50/250MCG 60D,575.00
1191362,GSK SERETIDE EVO 25/125MCG 120D,570.00
1191363,GSK SERETIDE EVO 25/50MCG 120D,492.00
1191365,GSK VENTOLIN EVOHALER 100MCG 200D,187.00
1191367,GSK ZENTEL 400MG 1'S,37.00
1191368,GSK ZOVIRAX 200MG 5x5'S,1036.00
1191370,GSK ZOVIRAX CREAM 5G,400.00
1191371,XYZAL 5MG 1x10'S,132.00
1191372,KEPPRA 250MG 3x10'S,670.00
1191375,ZYRTEC 10MG 10'S,99.00
1191376,ZYRTEC SYRUP 75ML,98.00
1191378,ELLGY H2O ARR LOTION 250G,164.00
1191380,EZERRA CREAM 25G (S),384.00
1191381,EZERRA CREAM 50G (L),577.00
1191382,EZERRA EXTRA GENTLE CLEANSER 150ML,130.00
1191383,EZERRA LOTION 150ML,390.00
1191384,DIFFLAM FORTE THROAT SPRAY 15ML,218.00
1191385,DIFFLAM HONEY&LEMON 24x8'S,502.00
1191386,DIFFLAM MINT FRESH SF 2x8'S,154.00
1191387,DIFFLAM ORANGE+VIT-C 24x8'S,502.00
1191388,DIFFLAM SOLUTION 100ML,109.00
1191389,DIFFLAM WILD BERRY 24x8'S,502.00
1191390,NORGESIC 2x10'S,57.50
1191391,NUELIN SR 200MG 5x20'S,200.00
1191392,HUMALOG MIX 25 100IU/ML LILLY (แช่เย็น),1360.00
1191393,HUMULIN 70/30 100IU LILLY (10ML) (แช่เย็น),345.00
1191397,MEGA ALERTEN 100MG 3x10'S,550.00
1191398,MEGA ALERTEN 50MG 30'S,470.00
1191399,MEGA ASTAX 4MG 3x10'S,295.00
1191402,MEGA BETACAR-15 60'S,252.00
1191406,MEGA CALCIUM-D WITH SOY GERM 30'S,373.00
1191407,MEGA CALCIUM-D 60'S,180.00
1191408,MEGA CALCIUM-D 90'S,264.00
1191409,MEGA CHOLEZZ SOFTGEL 3x10'S,520.00
1191411,MEGA CLA ADVANCE 3x10'S,465.00
1191412,MEGA COSANOL 30'S,311.00
1191415,MEGA DOFLAM 50MG 1x10'S,74.00
1191416,MEGA D-TOXI 30'S,320.00
1191417,MEGA ECHINAX 10x10'S,920.00
1191418,MEGA EUGICA COFF 15x8'S,284.00
1191419,MEGA EUGICA MOUTH SPRAY 10ML,71.50
1191420,MEGA EVENING PRIMROSE OIL 1000MG 100'S,362.00
1191421,MEGA EVENING PRIMROSE OIL 1000MG 200'S,715.00
1191422,MEGA FEMOSA 3x10'S,393.00
1191423,MEGA FIBER 30SACHET,515.00
1191424,MEGA FISH OIL 1000MG 100'S,340.00
1191425,MEGA FISH OIL 1000MG 200'S,642.00
1191426,MEGA FLEXIGEN 15SACHET,492.00
1191427,MEGA FLEXSA 1500MG 31SACHET,450.00
1191428,MEGA FLEXSA 500MG 3x10'S,159.00
1191429,MEGA GARLIC OIL 100'S,103.00
1191432,MEGA GINSOMIN 20x8'S,1040.00
1191437,MEGA GRAPE SEED EXTRACT 20MG 60'S,288.00
1191438,MEGA GRAPE SEED HS 30'S,620.00
1191440,MEGA HI-GREEN 3x10'S,300.00
1191441,MEGA II CARE 3x10'S,206.00
1191442,MEGA II CARE 4x30'S (SET B),759.00
1191444,MEGA LECITHIN 1200MG 100'S,248.00
1191445,MEGA LECITHIN 1200MG 200'S,468.00
1191446,MEGA LIPO-X 3x10'S,284.00
1191448,MEGA LOREZE 1x10'S,84.00
1191451,MEGA MAXX OMEGA-3 60'S (+FISH OIL 30'S),424.00
1191452,MEGA MUCLEAR 10'S,122.00
1191453,MEGA MULTILIVES 30'S,584.00
1191454,MEGA MULTIZYME 4'S,59.00
1191455,MEGA NAPROFAZT 1x10'S,99.00
1191457,MEGA NAT-B 100'S,552.00
1191458,MEGA NAT-B 40'S,236.00
1191459,MEGA NAT-C 1000MG 150'S,535.00
1191460,MEGA NAT-C 1000MG 30'S,178.00
1191461,MEGA NAT-C 1000MG 60'S,237.00
1191462,MEGA NAT-C ESTER 1000MG 30SACHET,204.00
1191463,MEGA NAT-C YUMMY GUMMYZ 25x2'S,84.00
1191465,MEGA NAT-E 400IU 30'S,334.00
1191466,MEGA NORMAGUT 10'S,231.00
1191467,MEGA OPTIVIT 30'S,400.00
1191468,MEGA PRO AMINO 10SACHET,665.00
1191469,MEGA PRODEFENZ 30SACHET,735.00
1191472,MEGA PYNOCARE WHITE 2x10'S,550.00
1191473,MEGA REGENEZ 3x10'S,290.00
1191474,MEGA REGENEZ HAIR TONIC 30ML,177.00
1191477,MEGA RIVITA 4x30'S (3+1) (SET B),1270.00
1191478,MEGA SAMETTO 3x10'S,484.00
1191479,MEGA ULTRAPRO CHOCOLATE 900G,1430.00
1191480,MEGA ULTRAPRO VANILLA 900G,1430.00
1191481,MEGA STERCIA 5MG 3x10'S (PROSCAR),414.00
1191482,MEGA STERZAR 1MG 4x7'S (PROPECIA),264.00
1191484,MEGA ULTRAPRO ISOLATE CHOCOLATE 900G,1710.00
1191486,MEGA VALIAN-X 12x10'S,94.00
1191487,MEGA VIAFLEX 1500MG 30SACHET,292.00
1191488,MEGA VITAMIN-A 25000IU 100'S,73.00
1191489,MEGA VITAMIN-E 100IU 100'S,204.00
1191490,MEGA VITAMIN-E 200IU 60'S,202.00
1191491,MEGA VITAMIN-E 400IU 30'S,204.00
1191492,MEGA WHEY-S 1x10ซอง,655.00
1191493,MEGA ZEMAX SX 3x10'S,310.00
1191494,MEGA ZEMAX SX 3x10'S (SET A) (SPECIAL PACK),880.00
1191495,MEGA ZINCOMIN 60'S,210.00
1191497,AERIUS 5MG 10'S,250.00
1191499,CERAZETTE 28'S,184.00
1191500,COZAAR 100MG 3x10'S (BLUE),930.00
1191501,COZAAR 50MG 2x15'S,885.00
1191502,EXLUTON 28'S,98.00
1191503,EZETROL 10MG 3x10'S,1400.00
1191504,FORTZAAR 100/25MG 3x10'S,1008.00
1191505,HYZAAR 50/12.5MG 2x15'S,885.00
1191506,JANUMET 50/1000MG 8x7'S,1440.00
1191507,JANUMET 50/500MG 8x7'S,1440.00
1191509,MARVELON 21'S,100.00
1191510,MARVELON 28'S,100.00
1191511,MERCILON 21'S,155.00
1191512,MERCILON 28'S,155.00
1191513,NASONEX NASAL SPRAY 0.05% 140D,760.00
1191514,NASONEX NASAL SPRAY 0.05% 60D,444.00
1191515,SINGULAIR 10MG 4x7'S,1200.00
1191517,SINGULAIR 4MG 4x7'S,755.00
1191518,SINGULAIR 5MG 4x7'S,755.00
1191519,VYTORIN 10MG/10MG 3x10'S (BLUE),1535.00
1191520,VYTORIN 10MG/20MG 3x10'S (RED),1745.00
1191521,FOSAMAX PLUS 70MG/5600IU 4'S,1350.00
1191522,PROPECIA 1MG 4x7'S,1190.00
1191527,DIPROSALIC OINTMENT 15G,230.00
1191528,DIPROSALIC OINTMENT 5G,101.00
1191529,DIPROSONE CREAM 15G,141.00
1191530,DIPROTOP OINTMENT 5G,81.00
1191531,ELOMET CREAM 15G,195.00
1191532,ELOMET CREAM 5G,93.00
1191533,ELOMET LOTION 0.1% 30ML,369.00
1191534,LIVIAL 28'S,919.00
1191536,QUADRIDERM CREAM 15G,185.00
1191537,QUADRIDERM CREAM 5G,85.00
1191539,ZOCOR 20MG 2x15'S,1388.00
1191540,COOL BABY PATCH 6'S,71.00
1191542,CO-DIOVAN 160/12.5MG 2x14'S,785.00
1191543,CO-DIOVAN 160/25MG 2x14'S,824.00
1191544,CO-DIOVAN 80/12.5MG 2x14'S,625.00
1191545,DIOVAN 160MG 2x14'S,732.00
1191546,DIOVAN 80MG 2x14'S,585.00
1191549,EXFORGE HCT 10/160/12.5MG 4x7'S,890.00
1191550,EXFORGE HCT 5/160/12.5MG 4x7'S,824.00
1191551,GALVUS 50MG 4x14'S,1200.00
1191552,GALVUS MET 50/1000MG 6x10'S,1290.00
1191553,GALVUS MET 50/500MG 6x10'S,1290.00
1191554,LIORESAL 10MG 5x10'S,820.00
1191563,NEURONTIN 100MG 10x10'S,157.00
1191564,NEURONTIN 300MG 3x10'S,875.00
1191567,XALACOM ED 2.5ML (แช่เย็น),624.00
1191568,XALATAN ED 0.005% 2.5ML (แช่เย็น),535.00
1191569,นม FRESUBIN 300G (เวย์โปรตีนไอโซเลตชนิดผง),695.00
1191570,CALTRATE 600MG 60'S (BLUE),240.00
1191571,CALTRATE PLUS 120'S (VIOLET),542.00
1191573,CALTRATE PLUS 60'S (VIOLET),307.00
1191574,CALTRATE SILVER 50+ 120'S (PINK),605.00
1191575,CALTRATE SILVER 50+ 60'S (PINK),341.00
1191576,CENTRUM 100'S,668.00
1191577,CENTRUM 30'S,228.00
1191579,CENTRUM LUTEIN&LYCOPENE 30'S,220.00
1191580,CENTRUM LUTEIN&LYCOPENE 90'S,605.00
1191581,CENTRUM SILVER FG 30'S,278.00
1191582,CENTRUM SILVER FG 90'S,748.00
1191587,CENTRUM STRESSTABS IRON 30'S (RED),217.00
1191588,CENTRUM STRESSTABS IRON 60'S (RED),381.00
1191589,CENTRUM STRESSTABS ZINC 30'S (BLUE),217.00
1191590,CENTRUM STRESSTABS ZINC 60'S (BLUE),381.00
1191591,Z-BEC 60'S,323.00
1191594,ALDACTONE 25MG 10x10'S,320.00
1191595,ARISTOCORT 0.02% 15G (GOLD),47.00
1191596,ARISTOCORT-A 0.1% 15G (BLACK),72.00
1191597,DALACIN 300MG 2x10'S,484.00
1191598,DALACIN-T 10ML,82.00
1191599,DIFLUCAN 150MG 1'S,168.00
1191603,LOPID 300MG 6x10'S,450.00
1191604,LOPID 600MG 6x10'S,885.00
1191605,LOPID O.D. 900MG 3x10'S,570.00
1191606,MINIDIAB 5MG 2x15'S,104.00
1191607,OLMETEC 20MG 3x10'S,598.00
1191608,OLMETEC 40MG 3x10'S,834.00
1191614,PFIZER NORMETEC 5/20MG 3x10'S,610.00
1191615,PFIZER NORMETEC 5/40MG 3x10'S,880.00
1191616,PFIZER ZITHROMAX 250MG 6'S,420.00
1191618,PFIZER ZITHROMAX SYRUP 200MG/5ML 15ML,210.00
1191619,PONSTAN 500MG 25x10'S,44.50
1191620,TERRAMYCIN 3.5G (BOX),43.00
1191621,TERRAMYCIN 3.5G (NO BOX),26.00
1191624,SANDOZ AMOKSIKLAV (2X) 1000MG 2x5'S,117.00
1191630,SANDOZ BINOZYT 250MG 6'S (ZITHROMAX),116.00
1191631,SANDOZ CLOPIDOGREL 75MG 2x14'S (PLAVIX),505.00
1191632,SANDOZ CURAM 1000MG 6x2'S,167.00
1191636,SANDOZ DERMAZIN CREAM 25G,67.00
1191640,SANDOZ EZETIMIBE 10MG 3x10'S (EZETROL),898.00
1191641,SANDOZ GABAPENTIN 100MG 10x10'S,524.00
1191642,SANDOZ GABAPENTIN 300MG 10x10'S,86.00
1191643,SANDOZ MOMETASONE NS 0.05% 140D (NASONEX),527.00
1191644,SANDOZ PREGABALIN 25MG 8x7'S,539.00
1191645,SANDOZ PREGABALIN 75MG 8x7'S,1045.00
1191646,SANDOZ RABEPRAZOLE 20MG 2x7'S (PARIET),337.00
1191647,SANDOZ ROSUVASTATIN 10MG 2x14'S (CRESTOR),729.00
1191648,SANDOZ ROSUVASTATIN 20MG 2x14'S (CRESTOR),889.00
1191650,SANDOZ SIRDALUD 2MG 10x10'S,624.00
1191651,SANDOZ SIRDALUD 4MG 3x10'S,354.00
1191652,MENTHOLATUM 28G,40.00
1191653,MENTHOLATUM 85G,86.00
1191654,SELSUN 120CC (L),211.00
1191655,SELSUN 30CC (S),84.00
1191656,SELSUN 60CC (M),128.00
1191658,MEPTIN 50MCG 10x10'S,427.00
1191659,MEPTIN MINI 25MCG 10x10'S,312.00
1191660,MEPTIN SYRUP 5MCG 60ML,48.50
1191662,OTSUKA STERILE WATER 1000ML (น้ำกลั่น),34.00
1191663,OTSUKA น้ำเกลือ N.S.S. 1000ML (ORANGE),33.00
1191664,PLETAAL 50MG 10x10'S,173.00
1191666,นม AMINOLEBAN-ORAL 450G,520.00
1191667,นม BLENDERA-MF 2.5KG,680.00
1191670,นม NEO-MUNE MELON 400G,412.00
1191671,นม NEO-MUNE VANILLA 400G,409.00
1191672,นม PAN ENTERAL VANILLA 400G,248.00
1191673,CARDURA 1MG 10x10'S,112.50
1191674,CARDURA 2MG 10x10'S,132.00
1191675,CARDURA 4MG 10x10'S,185.00
1191676,CARDURA XL 4MG 3x10'S,674.00
1191677,CELEBREX 200MG 10x10'S,231.00
1191679,CELEBREX 400MG 6x10'S,2400.00
1191680,DILANTIN 100MG 100'S,393.00
1191681,EFEXOR XR 37.5MG 7'S,310.00
1191682,EFEXOR XR 75MG 2x14'S,1400.00
1191683,LIPITOR 10MG 3x10'S,1220.00
1191684,LIPITOR 20MG 3x10'S,1654.00
1191685,LIPITOR 40MG 3x10'S,2150.00
1191686,LIPITOR 80MG 3x10'S,2350.00
1191687,LYRICA 150MG 4x14'S,3880.00
1191688,LYRICA 25MG 4x14'S,1065.00
1191689,LYRICA 75MG 4x14'S,570.00
1191690,PFIZER XARATOR 10MG 3x10'S,514.00
1191691,PFIZER XARATOR 20MG 3x10'S,645.00
1191692,PFIZER XARATOR 40MG 3x10'S,785.00
1191693,RELPAX 40MG 2'S,210.00
1191694,SERMION 10MG 2x25'S,407.00
1191695,SERMION 30MG 2x15'S,698.00
1191697,ZOLOFT 50MG 3x10'S,1170.00
1191700,PERSKINDOL CLASSIC GEL 100ML,194.00
1191701,PERSKINDOL CLASSIC SPRAY 150ML,223.00
1191702,PERSKINDOL COOL GEL 100ML,183.00
1191703,PERSKINDOL COOL SPRAY 250ML,204.00
1191704,น้ำมันมวย 120มล (ใหญ่),91.00
1191705,น้ำมันมวย 15มล (จิ๋ว),23.00
1191706,น้ำมันมวย 30มล (เล็ก),37.00
1191707,น้ำมันมวย 450มล (ปอนด์),250.00
1191708,น้ำมันมวย 60มล (กลาง),60.00
1191711,มวยครีม 12x100กรัม (ใหญ่),72.50
1191712,มวยครีม 12x30กรัม (เล็ก),32.00
1191713,REGRO PROTECTIVE CONDITIONER 170ML,165.00
1191714,REGRO PROTECTIVE SHAMPOO 200ML (TWIN PACK),278.00
1191715,BIOPHARM ALBEN 200MG 50x2'S,378.00
1191716,BIOPHARM ALBEN 10ML (น้ำ),17.50
1191717,BIOPHARM AMXOL 10x10'S,75.00
1191718,BIOPHARM AMXOL SYRUP 60ML,19.00
1191723,BIOPHARM BELCID FORTE SUSP 240ML,35.00
1191724,BIOPHARM BELCID SUSP 240ML,35.00
1191725,BIOPHARM BIO VIT-C BERRY 50ซองx20'S,239.00
1191726,BIOPHARM BIO VIT-C ORANGE 50ซองx20'S,239.00
1191728,BIOPHARM BIOCOXIB 90MG 5x5'S (ARCOXIA),420.00
1191729,BIOPHARM BIOCALM 50MG 100x10'S,10.50
1191730,BIOPHARM BIOTRIL-S 1500MG 30ซอง,415.00
1191731,BIOPHARM CALVIN GOLD 60'S,512.00
1191733,BIOPHARM GUMMY CALCIUM 60G (VIOLET),35.50
1191735,BIOPHARM GUMMY MULTIVITAMIN 60G (RED),35.50
1191736,BIOPHARM GUMMY VIT-C 60G (ORANGE),35.50
1191739,BIOPHARM BIOZOLE 150MG 1x1'S (VIOLET),23.75
1191740,BIOPHARM BIOZOLE 200MG 5x10'S (WHITE-VIOLET),535.00
1191741,BIOPHARM CLARID 1x10'S (CLARITYNE),12.00
1191742,BIOPHARM CLOBET CREAM 10G,35.00
1191743,BIOPHARM CLOBET CREAM 5G,23.50
1191744,BIOPHARM COTREN CREAM 5G (BIOLAB),15.00
1191745,BIOPHARM ENARIL 20MG 10x10'S,92.00
1191746,BIOPHARM ENARIL 5MG 10x10'S,62.00
1191747,BIOPHARM FLANIL CREAM 100G,66.00
1191748,BIOPHARM FLANIL CREAM 30G,24.00
1191749,BIOPHARM FLANIL CREAM 60G,42.00
1191750,BIOPHARM FLUDAN CAPSULES 5MG 50x10'S,380.00
1191751,BIOPHARM FUNGAZOL 200MG 25x10'S,19.50
1191754,BIOPHARM LIVALO 2MG 10x10'S,2190.00
1191755,BIOPHARM LOTEMP 60ML (STRAWBERRY),26.00
1191756,BIOPHARM LOTEMP FORTE 60ML (ORANGE),29.50
1191757,BIOPHARM MADONNA 2'S,22.00
1191760,BIOPHARM MILK MILK 24x15'S (SWEET),284.00
1191762,BIOPHARM MINNY 21'S,90.00
1191763,BIOPHARM MINNY 28'S,90.00
1191765,BIOPHARM ROXCIN 150MG 10x10'S,186.00
1191766,BIOPHARM SALMOL EXPECTORANT 60ML (BLUE),18.50
1191767,BIOPHARM SALMOL SYRUP 60ML (PINK),18.50
1191768,SENNA 2x20'S,31.50
1191769,SENNA 50'S (ขวด),23.00
1191770,BIOPHARM SUCEE 21'S,87.00
1191771,BIOPHARM SUCEE 28'S,87.00
1191773,BIOPHARM ZEVIN 200MG 5x5'S,84.00
1191774,BIOPHARM ZEVIN 400MG 7x10'S,455.00
1191775,BIOPHARM ZEVIN CREAM 10G,100.00
1191776,BIOPHARM ZEVIN CREAM 1Gx10SAC,100.00
1191777,BIOPHARM ZEVIN CREAM 3G,36.50
1191779,งามระหง ขมิ้นชัน 100แคปซูล (ขวด),69.00
1191781,งามระหง ฟ้าทะลายโจร 100แคปซูล,80.00
1191783,งามระหง มะรุม โมรินกา 100แคปซูล,85.00
1191784,งามระหง ยาเม็ด 80เม็ด,38.00
1191785,งามระหง ยาชง 30ซอง,59.50
1191787,ยาอม ตราอินทนนท์ 24x15เม็ด,522.00
1191788,BERLIN AMLOPINE 10MG 10x10'S,210.00
1191789,BERLIN AMLOPINE 5MG 10x10'S,157.00
1191790,BERLIN BESTATIN 10MG 10x10'S,112.00
1191791,BERLIN BESTATIN 20MG 10x10'S,149.00
1191792,BERLIN BESTATIN 40MG 10x10'S,240.00
1191793,BERLIN MIRACID 20MG 1x14'S,35.50
1191794,BERLIN PRENOLOL 100MG 10x10'S,99.00
1191795,BERLIN PRENOLOL 25MG 50x10'S,4.70
1191796,BERLIN PRENOLOL 50MG 10x10'S,56.00
1191797,BERLIN SOPROXEN 275MG 10x10'S (SYNFLEX),182.00
1191798,BERLIN ANAPRIL 20MG 10x10'S,102.00
1191799,BERLIN ANAPRIL 5MG 10x10'S,61.00
1191800,BERLIN APOLETS 75MG 3x10'S (PLAVIX),295.00
1191801,BERLIN BEGESIC 30G,28.00
1191802,BERLIN CARATEN 12.5MG 10x10'S,679.00
1191803,BERLIN CARATEN 25MG 10x10'S,874.00
1191804,BERLIN CARATEN 6.25MG 10x10'S,588.00
1191805,BERLIN BETALOL 10MG 100x10'S,5.00
1191806,BERLIN BETALOL 40MG 100x10'S,8.00
1191807,BERLIN FLEMING 1000MG 10x10'S,1125.00
1191808,BERLIN FLEMING 1000MG 1x10'S,95.00
1191809,BERLIN DILIZEM 30MG 10x10'S,157.00
1191810,BERLIN DUSPATIN 135 FOIL 10x10'S,297.00
1191811,BERLIN FIBRIL 160MG 3x10'S (SUPRALIP),177.00
1191812,BERLIN HEPALAC 100ML,80.00
1191813,BERLIN HIDIL CAP 300MG 10x10'S,197.00
1191814,BERLIN HIDIL TAB 600MG 10x10'S,337.00
1191815,BERLIN HYLES 25MG 10x10'S,138.00
1191816,BERLIN ISOTRATE 10MG 50x10'S,346.00
1191818,BERLIN MIRACID 20MG 10x10'S,178.00
1191819,BERLIN MONOLIN 20MG 10x10'S,142.00
1191820,BERLIN MUCILIN 5Gx30'S (ORANGE),254.00
1191823,BERLIN MUCILIN-SF 5Gx10'S,90.00
1191824,BERLIN MUCILIN-SF 5Gx10'S (MIXBERRY),90.00
1191826,BERLIN NELAPINE 20MG SR 3x10'S,100.00
1191828,BERLIN SAMARIN 140MG 10x10'S,535.00
1191829,BERLIN SAMARIN 70MG 10x10'S,279.00
1191830,BERLIN URSOLIN 250MG 10x10'S,914.00
1191835,SIAM ANTAZALLERGE EYE DROPS 10x10ML,42.00
1191836,SIAM AZITH 250MG 6'S (ZITHROMAX),117.00
1191837,SIAM AZITH DRY 200MG/5ML 15ML,138.00
1191838,SIAM CAVUMOX 1G 5x3'S,165.00
1191842,SIAM CAVUMOX SYRUP 457MG 70ML,148.00
1191843,SIAM CIFLOXIN 250MG 10x10'S,382.00
1191844,SIAM CIFLOXIN 500MG 10'S,67.00
1191845,SIAM DEFUNGO VT 0.1Gx6'S,27.00
1191846,SIAM DEFUNGO VT 0.5Gx1'S,28.00
1191847,SIAM DIASGEST 10x10'S,204.00
1191848,SIAM DIPAZIDE 5MG 10x10'S (MINIDIAB),134.00
1191849,SIAM DITIZEM 30MG 10x10'S,198.00
1191852,SIAM DOSANAC GEL 25G,42.50
1191853,SIAM EYEDEX EYE-EAR DROPS 10x5ML,36.00
1191854,SIAM FIRIDE 1MG 3x10'S (PROPECIA),277.00
1191855,SIAM FIRIDE 5MG 3x10'S (PROSCAR),360.00
1191856,SIAM FLAMIC 10MG 10x10'S (BLUE),142.00
1191857,SIAM FLAMIC GEL 25G,45.00
1191858,SIAM FLUCOZOLE 150MGx1'S (แผง),27.00
1191859,SIAM FLUCOZOLE 200MG 5x10'S,754.00
1191860,SIAM FURETIC 40MG 10x10'S (แผง),215.00
1191861,SIAM GRAMMIXIN CREAM 10G,31.50
1191862,SIAM HARTSORB 5MG 10x10'S,119.00
1191863,SIAM HEIDI 400MG 20x10'S (WHITE),498.00
1191865,SIAM IBIAMOX 500MG 2x10'S,94.00
1191867,SIAM IBIAMOX SYRUP 250MG/5ML 60ML,70.00
1191868,SIAM IBILEX 500MG 10x10'S,790.00
1191869,SIAM IBILEX SYRUP 125MG/5ML 60ML,68.00
1191870,SIAM KETAZON SHAMPOO 100ML,99.00
1191871,SIAM LEFLOXIN 500MG FOIL 10'S,247.00
1191872,SIAM LORANTA 100MG 3x10'S,197.00
1191873,SIAM LORANTA 50MG 3x10'S,147.00
1191875,SIAM MELOX 7.5MG 10'S (BLUE),47.00
1191876,SIAM METROLEX 400MG 10x10'S,132.00
1191877,SIAM MOLAX SUPENSION 30ML,46.00
1191878,SIAM MOLAX-M 10x10'S,130.00
1191879,SIAM NEUVIPLEX 3x10'S,50.50
1191880,SIAM NORXACIN 400MG 1x8'S,44.00
1191881,SIAM OFLOXIN 200MG 10x10'S,443.00
1191882,SIAM O-SID 20MG 14'S,64.00
1191884,SIAM SAMNIR 100MG 10'S,138.00
1191885,SIAM SIADOCIN DOXYCYCLINE 1x10'S,33.00
1191886,SIAM SIALEXIN 500MG 10x10'S,525.00
1191887,SIAM SIALEXIN SUSPENSION 125MG 60ML,55.00
1191888,SIAM SIAMFORMET 500MG 10x10'S,107.00
1191889,SIAM SIAMFORMET 850MG 10x10'S,194.00
1191890,SIAM SIAMIDINE 400MG 10x10'S,134.00
1191891,SIAM SIAMOX 250MG 10x10'S,205.00
1191892,SIAM SIAMOX 500MG 1x10'S,28.00
1191894,SIAM SIAMOX SYRUP 250MG 60ML,67.00
1191895,SIAM SIARIZINE 25MG 10x10'S,105.00
1191896,SIAM SIMOYIAM 5MG 10x10'S,115.00
1191897,SIAM SUGRIL 5MG 10x10'S,76.00
1191898,SIAM TAUGLICOLO 10x10'S,127.00
1191900,SIAM TENOLOL 100MG 10x10'S,176.00
1191901,SIAM TENOLOL 50MG 10x10'S,117.00
1191902,SIAM ULCEFATE 1G 10x10'S,714.00
1191903,SIAM ULCEFATE SUSP 240ML,498.00
1191904,SIAM ULCEFATE SUSP 60ML,150.00
1191905,SIAM ULCEFATE SUSP 20x5ML (ซอง),487.00
1191906,SIAM VILERM 200MG 5x5'S,136.00
1191907,SIAM VILERM 400MG 14x5'S,654.00
1191908,SIAM VILERM 800MG 7x5'S,460.00
1191909,SIAM VILERM CREAM 1Gx10SAC,156.00
1191910,SIAM VILERM CREAM 5G,50.00
1191913,TO ALBATEL 100'S,118.00
1191914,TO ALLORIC 100MG 500'S,210.00
1191915,TO ALLORIC 100MG 50x10'S,240.00
1191916,TO AMICO 1x1000'S (YELLOW),238.00
1191917,TO AMILOZIDE 500'S,225.00
1191918,TO AMILOZIDE 50x10'S,5.50
1191919,TO ATHRIL 250MG 500'S,525.00
1191920,TO ATHRIL 250MG 80'S,112.00
1191921,TO ATHRIL 30'S (POWDER),217.00
1191922,TO AZITHRIN 1x6'S (ZITHROMAX),76.00
1191925,TO BACOTAN SYRUP 30ML (NO BOX),13.00
1191926,TO BETOSALIC OINTMENT 15G,48.00
1191927,TO BETOSALIC OINTMENT 5G,24.00
1191930,TO BROMSO 1000'S (WHITE),149.00
1191931,TO BROMSO 60ML (NO BOX),12.00
1191932,TO CANAZOL CREAM 450G,230.00
1191933,TO CANAZOL CREAM 5G,198.00
1191935,TO CANAZOL VAGINAL 6'S (YELLOW),25.42
1191936,TO CANAZOL-BE CREAM 15G,39.00
1191937,TO CANAZOL-BE CREAM 450G,300.00
1191938,TO CANAZOL-BE CREAM 5G,19.50
1191939,TO CARDELOC 50x10'S,7.00
1191940,TO CARDENOL 10MG 1000'S,110.00
1191941,TO CARDENOL 40MG 1000'S,210.00
1191942,TO CETRIZIN 10MG 10x10'S (S),65.00
1191943,TO CETRIZIN 10MG 50x10'S,250.00
1191944,TO CETRIZIN SYRUP 60ML,12.00
1191946,TO CINNARIZINE 100x10'S,2.20
1191947,TO CINNARIZINE CONTAINS 1000'S,195.00
1191948,TO CIPROCEP 250MG 10x10'S,110.00
1191949,TO CIPROCEP 500MG 10x10'S,160.00
1191950,TO CLONOVATE CREAM 15G,47.00
1191951,TO CLONOVATE CREAM 450G,280.00
1191952,TO CLONOVATE CREAM 5G,24.00
1191953,TO COLOGEN 1000'S,370.00
1191954,TO DAFOMIN 500MG 3x10'S (S),122.00
1191955,TO DAFOMIN 500MG 30x10'S (L),945.00
1191956,TO DESEC 20MG 2x10'S (แผง),33.00
1191957,TO DOXYCLATE 100MG 500'S (GREEN),384.00
1191958,TO FLAVORIN 100'S,172.00
1191959,TO FLAVORIN 10x10'S,190.00
1191960,TO FLUNCO 200MG 5x10'S (BLUE-WHITE),230.00
1191961,TO FLUOXINE 20MG 50x10'S,6.50
1191962,TO GENTADERM CREAM 5G,21.00
1191963,TO GLUCOLYTE 500MG 500'S,154.00
1191964,TO GLUCOLYTE 500MG 50x10'S,190.00
1191965,TO GLUCOLYTE 850MG 300'S,160.00
1191967,TO H.D.T.Z. 1000'S (ORANGE),189.00
1191968,TO HALODIN 60ML (NO BOX),12.00
1191969,TO HALODIN FOIL 50x10'S,250.00
1191970,TO HARIFIN 5MG 3x10'S (PROSCAR),255.00
1191971,TO HARIFIN-1 3x10'S,159.00
1191973,TO IBROFEN 200MG 1000'S (ขวด) (ชมพูกลม),310.00
1191974,TO IBROFEN 400MG 500'S (PINK),310.00
1191975,TO IBROFEN 400MG 50x10'S (PINK),360.00
1191976,TO IBROFEN 600MG 25x10'S,320.00
1191977,TO IBROFEN SYRUP 60ML (น้ำ) (NO BOX),13.00
1191978,TO IMPELIUM 2MG 1000'S,225.00
1191979,TO KELA CREAM 15G,32.00
1191980,TO KELA CREAM 450G,240.00
1191981,TO KELA CREAM 5G,17.50
1191982,TO KELA LOTION 30ML,24.00
1191983,TO KELA LOTION 60ML,36.50
1191984,TO KELA PLUS 5G (GREEN),17.50
1191985,TO KENO ORAL PASTE 5G,27.00
1191986,TO KONOVID 200MG 10x10'S (BLUE),160.00
1191987,TO LEVTRIZIN 5MG 1x10'S (XYZAL),53.00
1191988,TO MECOBAL 500MCG 50x10'S (METHYCOBAL),580.00
1191989,TO MELOBIC 15MG 10x10'S (แผง),390.00
1191990,TO MELOBIC 7.5MG 50x10'S (แผง),898.00
1191991,TO MELOBIC 7.5MG 10x10'S (แผง),260.00
1191992,TO MERLIN 6MG 50x10'S (MERISLON),4.60
1191993,TO MISOVAN 500'S (WHITE),160.00
1191994,TO MOTIDOM-M 500'S (WHITE),138.00
1191995,TO MOTIDOM-M FOIL 50x10'S,157.00
1191996,TO MUCIL 100MG 30'S,51.00
1191997,TO MUCIL 200MG 30'S,61.00
1191998,TO MUFLEX 50x10'S,470.00
1191999,TO MUPORIN OINTMENT 5G,43.00
1192000,TO MYOXAN 50x10'S,253.00
1192001,TO NIL 5MG 1000'S (WHITE),130.00
1192002,TO NIL 5MG 100x10'S,2.00
1192003,TO NINAZOL 100'S,135.00
1192004,TO NINAZOL CREAM 10G,32.00
1192005,TO NINAZOL CREAM 5G,21.00
1192006,TO NINAZOL SHAMPOO 100CC,52.00
1192007,TO NINAZOL10x10'S,155.00
1192008,TO NORFLOXIN 400MG 100'S,125.00
1192009,TO NORFLOXIN 400MG 10x10'S,145.00
1192010,TO NSS 0.9% 100x5ML (ยาฉีด),355.00
1192011,TO NURASIC 450MG 500'S,202.00
1192012,TO NURASIC 50x10'S,233.00
1192013,TO NURO-B FOIL 30x10'S,534.00
1192014,TO OLFOVEL 500MG 10'S,105.00
1192015,TO PARA PEDIATRIC 60ML (RED) (NO BOX),14.00
1192016,TO PIROXICAM 10MG 1000'S (ขวด) (WHITE),260.00
1192017,TO PRAZOSIN 1MG 250'S,92.00
1192018,TO PTU 50MG 1000'S (WHITE),430.00
1192020,TO RESPIMOL INHALER 200D (พ่น) (VENTOLIN),75.00
1192022,TO RETEN FIVE 30ML (BLUE),138.00
1192023,TO RETEN FIVE SPRAY 60ML (BLUE),265.00
1192024,TO RETEN SPRAY 100ML (PURPLE),185.00
1192025,TO RHUMANOL GEL 20G,22.00
1192026,TO ROXIFEN 10MG 1000'S (ขวด) (BLUE-RED),260.00
1192027,TO ROXIFEN FORTE 20MG 500'S,260.00
1192028,TO ROXIFEN GEL 25G,22.00
1192029,TO ROXTHRIN 150MG 10x10'S,154.00
1192030,TO SELFIDE 120ML (L),70.00
1192031,TO SELFIDE 30ML (S),27.00
1192032,TO SELFIDE 60ML (M),50.00
1192033,TO SILVERDERM CREAM 25G,29.00
1192034,TO SILVERDERM CREAM 450G,300.00
1192036,TO SOBELIN 50x10'S,170.00
1192037,TO SOBELIN CONTAINS 1000'S,260.00
1192039,TO SPECTRIM FORTE 50x10'S,8.80
1192040,TO SPECTRIM SUSPENSION 60ML,12.00
1192041,TO TARAXIN 10MG 1000'S,172.00
1192042,TO TARAXIN 10MG 100x10'S,213.00
1192043,TO TARAXIN 25MG 500'S,260.00
1192044,TO TERBUTALINE 1000'S (WHITE),164.00
1192045,TO TICLODIN 250MG 10x10'S,365.00
1192046,TO TILNOXCAM 10x10'S,130.00
1192047,TO TODACIN 300MG 10x10'S,310.00
1192048,TO TODESAAR 16MG 3x10'S (BLOPRESS),470.00
1192049,TO TODESAAR 8MG 3x10'S (BLOPRESS),340.00
1192050,TO TOFEXO 60MG 5x10'S,140.00
1192051,TO TOFLEX 500MG 10x10'S,249.00
1192052,TO TOFLEX DRY 250MG 60ML (NO BOX),37.00
1192053,TO TOLCHICINE 100x10'S,462.00
1192054,TO TOLCHICINE 10x10'S,60.00
1192055,TO TONIZEP 5MG 2x14'S,420.00
1192057,TO TOPRELIN 25MG 4x14'S,210.00
1192058,TO TOPRELIN 75MG 4x14'S,520.00
1192059,TO TRAMIC 500MG 10x10'S,388.00
1192060,TO TYSTATIN SUSP. 12CC,33.00
1192061,TO ULCEMET 200MG 500'S,282.00
1192063,TO ULCEMET 400MG 500'S,513.00
1192064,TO ULCEMET 400MG 50x10'S,450.00
1192065,TO ULFAMET 20MG 500'S,195.00
1192066,TO VIOLIN 2MG 1000'S (PINK) (VENTOLIN),143.00
1192067,TO VOLNAC 25MG 1000'S,120.00
1192068,TO ZETOFEN 500'S,220.00
1192069,TO ZOCOVIN 200MG 5x5'S,68.00
1192070,TO ZOCOVIN 400MG 7x10'S,190.00
1192072,TO AMOXI 250MG 1000'S (GREEN-BLUE),639.00
1192073,TO AMOXI 500MG 500'S (GREEN-BLUE),485.00
1192074,TO AMOXI 500MG 500'S (YELLOW-BROWN),485.00
1192075,TO AMOXI 500MG 50x10'S (GREEN-BLUE),525.00
1192076,TO AMOXI 500MG 50x10'S (YELLOW-BROWN),525.00
1192077,TO AMOXI DRY 125MG 60ML (NO BOX),15.00
1192078,TO AMOXI DRY 125MG 60ML ORANGE (BOX),19.00
1192079,TO AMOXI DRY 125MG 60ML ORANGE (NO BOX),14.00
1192080,TO AMOXI DRY FORTE 250MG 60ML (BOX),24.00
1192081,TO AMOXI DRY FORTE 250MG 60ML (NO BOX),19.50
1192082,TO AMPICILLIN 500MG 500'S (RED-BLACK),693.00
1192083,TO CLOXA 500MG 500'S (ORANGE-BLACK),610.00
1192084,TO CLOXA DRY 125MG 60ML (NO BOX),18.00
1192085,TO DICLOCILLIN 250MG 500'S (BLUE-WHITE),438.00
1192086,TO DICLOCILLIN 500MG 250'S (BLUE-WHITE),420.00
1192088,ยาบำรุงร่างกาย ตราพญานาค 150มล,20.00
1192089,ยาสตรี เพ็ญภาค 180มล (เล็ก),27.50
1192090,ยาสตรี เพ็ญภาค 180มล (สูตร2),29.50
1192091,ยาสตรี เพ็ญภาค 30แคปซูล,65.50
1192092,ยาสตรี เพ็ญภาค 300มล (ใหญ่),38.50
1192093,ALLERGIS STERILE EYE DROPS 5ML (หยอดตา),29.00
1192094,ANNA 50x28'S,1170.00
1192095,ANTERGAN CREAM 12x10G,25.00
1192096,ANTERGAN CREAM 12x5G,17.50
1192099,CANASONE C.B. CREAM 12x15G,45.50
1192100,CANASONE C.B. CREAM 12x5G,21.50
1192101,CISTEINE 100MG INFANT 60ML (BLUE),33.00
1192102,CISTEINE 250MG CHILDREN 60ML (RED),37.00
1192103,NASOLIN PL 24x10'S,16.50
1192104,NEOTICA 10MG 25x10'S (WHITE-GREEN),9.00
1192105,NEOTICA 20MG 10'S,16.00
1192106,NEOTICA BALM 100G,96.00
1192107,NEOTICA BALM 30G,38.00
1192108,NEOTICA BALM 60G,70.00
1192109,NEOTICA COOL 30G,37.00
1192110,ANAMAI 50x28'S,22.00
1192111,ANTACIL 50x10'S,477.00
1192112,ANTACIL GEL 1000ML,142.00
1192113,ANTACIL GEL 240ML,41.00
1192114,ANTACIL GEL 450ML,71.00
1192116,DIOXZYE 80MG 25x10'S (MINT),335.00
1192117,NORA SHAMPOO 100ML,130.00
1192118,NORA SHAMPOO 50ML,77.00
1192119,PREME 21'S,87.00
1192120,PREME 28'S,87.00
1192121,PREME NOBU ACNE 5G,51.00
1192122,SARA 12x60ML (ORANGE),38.00
1192123,SARA 12x60ML (STRAWBERRY),30.00
1192124,SARA 20x10'S (FOIL) (เม็ดรี),194.50
1192125,SARA 500MG 100'S (เม็ดรี),107.00
1192126,SARA 50x10'S (BLISTER),11.00
1192127,SARA 50x10'S (FOIL),9.85
1192128,ยาดม ท่านเจ้าคุณ 2มลx12หลอด,185.00
1192129,BEBIDOL 12x120ML,33.50
1192130,BENDA 500 12x1'S (YELLOW),176.00
1192131,BENDA 500 12x1'S (LEMON) (GREEN),176.00
1192132,BENDA น้ำ 30ML (MIXED FRUIT),18.25
1192133,BETA-DIPO 15G,40.00
1192134,BETA-DIPO 25G,60.00
1192135,BETA-DIPO 5G,23.00
1192136,BOWA GEL 240ML,35.00
1192137,DIORA 21'S (PINK),35.50
1192138,DIORA 28'S (BLUE),35.50
1192139,DURAN 400MG 10'S (ชมพูกลม),22.00
1192140,JENNY F.M.P. 50x28'S,21.50
1192142,ORMIST SYRUB 60ML (CETIRIZINE),32.00
1192143,SARA 100x10'S (FOIL) (เม็ดกลม),9.85
1192144,SARA 120MG/5ML 60ML (ทับทิม),29.50
1192145,SARA 160MG/5ML 60ML (GRAPE),32.50
1192146,SARA 20x10'S (FOIL) (เม็ดกลม),196.00
1192147,SARA 500MG 100'S (เม็ดกลม),107.00
1192148,SARA INFANT DROPS 15ML (GRAPE),30.00
1192149,PREME NOBU NATURAL FACE FOAM 100G,175.00
1192150,PREME NOBU NATURAL FACE FOAM 30G,62.00
1192151,PREME NOBU NATURAL FACE FOAM 50G,97.00
1192152,ANNYLYN 12x21'S (ORANGE),86.50
1192153,ANNYLYN 12x28'S (VIOLET),86.50
1192154,DERMAHEU CREAM 15G,59.00
1192155,DERMAHEU CREAM 25G,88.00
1192156,DERMAHEU CREAM 5G,30.00
1192157,DIFELENE 1% GEL 100G,87.00
1192158,DIFELENE 1% GEL 30G,32.00
1192159,DIFELENE 1% GEL 60G,59.00
1192160,DIFELENE 25MG 10'S (BLUE),13.00
1192161,DIFELENE 50MG 10'S (RED),20.00
1192162,R-DEN 28'S,28.00
1192163,TIFFY DEY 25x4'S,192.00
1192164,TIFFY RUB 20G (ขวด),47.50
1192165,TIFFY RUB 40G (ขวด),77.00
1192166,TORRENT 450MG 10'S (NORGESIC),14.50
1192167,TRAM LOTION 30ML,22.00
1192169,ยาธาตุน้ำขาว ไทยนคร 200มล,49.00
1192172,ยาสมุนไพรคุณสัมฤทธิ์ รากสามสิบ 60แคปซูล,285.00
1192175,ANB น้ำเกลือ KLEAN&KARE 100ML (S),25.00
1192176,ANB น้ำเกลือ KLEAN&KARE 1000ML (XL),48.00
1192177,ANB น้ำเกลือ KLEAN&KARE 500ML (L),36.50
1192178,ANB น้ำเกลือ N.S.S. 1000ML (ปากกว้าง),34.00
1192179,ANB D5S 1000CC+SET,43.00
1192180,ANB D5S1/2 1000CC+SET,43.00
1192181,ANB D5S1/2 500CC+SET,37.00
1192183,ANB KLEAN&KARE NIZZY SPRAY 18ML,58.00
1192185,ANB PEN-V 500000IU 2x6'S,18.00
1192186,ANB SENSI PLUS 100ML,44.00
1192187,ANB SENSI PLUS 500ML,128.00
1192188,ANB STERILE WATER 1000ML (น้ำกลั่น),34.00
1192190,ANB DEPOGESTIN 3ML (ยาคุมกำเนิดแบบฉีด),19.00
1192191,ANB IZE JELLI BALM 12x7G,194.00
1192192,ANB OP-IZE EYE WASH 110ML,29.50
1192193,GPO AMITRIPTYLINE 10MG 50x10'S,205.00
1192194,GPO AMITRIPTYLINE 25MG 50x10'S,322.00
1192195,GPO BETAMETHASONE CREAM 15G,27.00
1192196,GPO BETAMETHASONE CREAM 5G,15.00
1192197,GPO BETAMETHASONE-N CREAM 15G,44.00
1192199,GPO FOLIC ACID 5MG 1000'S,329.00
1192202,GPO LOSARTAN 50MG 20x15'S,325.00
1192203,GPO MILK OF MAGNESIA (M.O.M.) 240ML,44.00
1192204,GPO MILK OF MAGNESIA (M.O.M.) 450ML,61.00
1192205,GPO MIXT. CARMINATIVE 180ML,22.00
1192206,GPO MIXT. CARMINATIVE 450ML,65.00
1192207,GPO OMEPRAZOLE 20MG 10x10'S,76.00
1192209,GPO PREDNISOLONE-N CREAM 15G,39.00
1192210,GPO QUININE SULPHATE 300MG 1000'S,2820.00
1192211,GPO SODIUM FLUORIDE 100'S,46.00
1192213,GPO VIT B1-B6-B12 500'S (PINK),225.00
1192214,GPO VITAMIN-C 500MG 100'S,192.00
1192215,GPO ยาแก้ไอน้ำดำ 60ML,24.00
1192216,GPO ยาตำราหลวง,70.00
1192217,GPO ยาธาตุน้ำแดง 180ML,32.00
1192221,KAL-G 150G,495.00
1192222,KURAMI SHAMPOO SENSITIVE 125ML,121.00
1192225,NEOBUN 20x10'S,340.00
1192227,NEOBUN GEL COOL 5x2'S,183.00
1192231,NEOPLAST 100PCS (CLEAR),68.00
1192233,NEOPLAST ALCOHOL PAD 200'S,144.00
1192234,NEOPLAST KOOL PATCH 6PADS (ADULTS&CHILDREN),67.00
1192235,NEOPLAST-S ผ้า 1x100PCS,40.00
1192243,"NEOTAPE ผ้า 1""x10YDS สีขาว 12ROLLS (กระบอก)",410.00
1192244,"NEOTAPE ผ้า 1""x5YDS สีเนื้อ 12ROLLS (น้ำตาล)",392.00
1192245,"NEOTAPE ผ้า 1""x5YDS สีขาว 12ROLLS (น้ำเงิน)",392.00
1192246,"NEOTAPE ผ้า 0.5""x10YDS สีเนื้อ 12ROLLS (น้ำตาล)",325.00
1192247,"NEOTAPE ผ้า 0.5""x10YDS สีขาว 12ROLLS (น้ำเงิน)",272.00
1192248,"NEOTAPE ผ้า 2""x10YDS สีขาว 6ROLLS (กระบอก)",395.00
1192249,"NIPRO SYRING+NEEDLE 1ML+27x1/2""",244.00
1192250,NIPRO SYRINGE 10ML,210.00
1192251,NIPRO SYRINGE 20ML,195.00
1192252,NIPRO SYRINGE 3ML,130.00
1192253,NIPRO SYRINGE 5ML,152.00
1192254,"เข็ม NIPRO 18Gx1""",53.00
1192255,"เข็ม NIPRO 18Gx1.1/2""",53.00
1192256,"เข็ม NIPRO 20Gx1""",53.00
1192257,"เข็ม NIPRO 21Gx1""",53.00
1192258,"เข็ม NIPRO 22Gx1""",53.00
1192259,"เข็ม NIPRO 23Gx1""",53.00
1192260,"เข็ม NIPRO 23G x1.1/2""",53.00
1192261,"เข็ม NIPRO 24Gx1""",53.00
1192262,"เข็ม NIPRO 24Gx1.1/2""",53.00
1192263,"เข็ม NIPRO 25Gx1""",60.00
1192264,"เข็ม NIPRO 26Gx1/2""",53.00
1192265,"เข็ม NIPRO 27Gx1/2""",53.00
1192266,ยาไม่ต้องอยู่ไฟ ตราพารา แม่เลื่อน 240มล,56.00
1192267,ยาขับน้ำคาวปลา ตราพาราแม่เลื่อน 300มล,56.00
1192268,ยาประสระน้ำนม ตราพารา 24x25เม็ด,452.00
1192270,ยาสตรีบัวแก้ว ตราพารา สูตร 2 300มล,65.00
1192271,น้ำมันนกอินทรีย์ เบอร์ 3 3มล (เล็ก),23.00
1192272,น้ำมันนกอินทรีย์ เบอร์ 1 12มล (ใหญ่),58.00
1192273,น้ำมันนกอินทรีย์ เบอร์ 2 6มล (กลาง),34.50
1192274,CESOLINE-W 25MG 50x10'S,585.00
1192277,SYRINGE แก้ว 10CC,46.00
1192278,SYRINGE แก้ว 50CC KBM (ให้อาหาร) (หัวกลาง),203.00
1192279,TP VITAMIN B12 100MCG 1000'S (RED),244.00
1192281,กอเอี๊ยะปิดฝี ตราแมวกงจักร์ 100แผ่น,207.00
1192282,ขวดบรรจุยา 30มล (1ออนซ์) 100ขวด,120.00
1192283,ขวดบรรจุยา 60มล (2ออนซ์) 100ขวด,154.00
1192284,น้ำมันเหลืองตราสมถวิล 24มล,86.00
1192285,ยาสตรี อายูร่าพิ้งค์เลดี้ 500มล,98.00
1192286,HAEMOVIT 100'S,70.50
1192287,HAEMOVIT GOLD 31'S,197.00
1192290,ยาธาตุน้ำขาว กระต่ายบิน 200มล (กลาง),58.00
1192291,ยาธาตุน้ำขาว กระต่ายบิน 50มล (เล็ก),22.00
1192293,"3M COBAN 1""x5YDS (สีเนื้อ)",34.00
1192294,"3M COBAN 3""x5YDS (สีเนื้อ)",56.00
1192295,3M COLD HOT PACK (MAXI),245.00
1192296,3M COLD HOT PACK (MINI),67.00
1192297,"3M COLD HOT PACK 4x10"" (M)",134.00
1192298,3M EARPLUGS ที่อุดหูโฟม 4คู่,49.00
1192300,"3M MICROPORE 0.5""x10YDS (24ROLLS)",550.00
1192302,"3M MICROPORE 1""x10YDS (12ROLLS)",535.00
1192303,3M OPTICLUDE 6.35x4.75CM 20PCS (JUNIOR),103.00
1192304,3M OPTICLUDE 8.2x5.7CM 20PCS (REGULAR),135.00
1192309,"3M TRANSPORE 0.5""x10YDS (24ROLLS)",535.00
1192310,"3M TRANSPORE 0.5""x2.5YDS (12ROLLS)",91.00
1192311,"3M TRANSPORE 0.5""x5YDS (12ROLLS)",199.00
1192313,"3M TRANSPORE 1""x10YDS (12ROLLS)",515.00
1192318,3M แผ่นซับสิว 18ชิ้น (รุ่นมาตรฐาน) (แพ็คใหม่),59.00
1192325,"FUTURO ANKLE 7-8"" (S)",254.00
1192326,"FUTURO ANKLE 8-9"" (M)",254.00
1192327,"FUTURO ANKLE 9-10"" (L)",254.00
1192331,"FUTURO KNEE 12-14.5"" (S)",260.00
1192332,"FUTURO KNEE 14.5-17"" (M)",260.00
1192333,"FUTURO KNEE 17-19.5"" (L)",260.00
1192334,"FUTURO KNEE 19.5-22"" (XL)",260.00
1192335,"FUTURO WRIST SUPPORT 5.5-9.5"" (ปรับได้)",171.00
1192336,BYE BYE FEVER ADULT 3x2PCS,72.00
1192337,BYE BYE FEVER CHILDREN 3x2PCS,72.00
1192338,SALONPAS 20x10'S,34.00
1192339,SALONPAS CREAM 30G,41.00
1192340,SALONPAS PAIN RELIEF PATCH 3x10'S,687.00
1192341,SALONPAS PAIN RELIEF PATCH 5'S,109.00
1192343,CEFSPAN ORAL SUSPENSION 100MG/5ML 30ML,222.00
1192344,OSSIUM 200MG 10x10'S,405.00
1192345,VITAMINE C-WILL 500MG 50'S,360.00
1192346,เซโรงัง 100เม็ด (ใหญ่),197.00
1192347,เซโรงัง 50เม็ด (เล็ก),144.00
1192348,ถุงยาง SILKE 48x3ชิ้น,350.00
1192349,ยาหม่อง เสลดพังพอน ตราวังพรม 100กรัม,101.00
1192350,ยาหม่อง เสลดพังพอน ตราวังพรม 50กรัม,55.00
1192351,ยาหม่อง สูตรไพล ตราวังพรม 100กรัม,101.00
1192352,ยาหม่อง สูตรไพล ตราวังพรม 50กรัม,55.00
1192353,ศิริบัญชา ALCOHOL 12x180CC,18.50
1192354,ศิริบัญชา ALCOHOL 12x30CC,75.00
1192355,ศิริบัญชา ALCOHOL 12x60CC,8.50
1192356,ศิริบัญชา ALCOHOL 450 มล.,34.00
1192358,ศิริบัญชา ALCOHOL GEL 40G,18.00
1192359,ศิริบัญชา ALCOHOL GEL 450G,72.00
1192361,ศิริบัญชา ALCOHOL SPRAY 240CC,39.00
1192362,ศิริบัญชา ALCOHOL SPRAY 30CC,26.00
1192364,ศิริบัญชา CALAMINE LOTION 120CC,23.00
1192366,ศิริบัญชา CALAMINE LOTION 450CC,57.00
1192367,ศิริบัญชา CALAMINE LOTION 60CC,182.00
1192368,ศิริบัญชา HYDROGEN 12x30CC,55.00
1192369,ศิริบัญชา HYDROGEN 12x60CC,77.00
1192370,ศิริบัญชา HYDROGEN 450CC,19.00
1192371,ศิริบัญชา PURIDINE 12x15CC,162.00
1192372,ศิริบัญชา PURIDINE 12x30CC,195.00
1192374,ศิริบัญชา TINCTURE IODINE 450CC,129.00
1192375,ศิริบัญชา แป้งโยคี (1997) 100กรัม,83.00
1192376,ศิริบัญชา แป้งโยคี (1997) 6x60กรัม,74.00
1192378,ศิริบัญชา ด่างทับทิม 10กรัม 1x12ขวด,129.00
1192379,ศิริบัญชา ด่างทับทิม 400กรัม,180.00
1192380,ศิริบัญชา น้ำมันมะกอก 120มล,28.00
1192381,ศิริบัญชา น้ำมันมะกอก 12x30มล,84.00
1192382,ศิริบัญชา น้ำมันมะกอก 450มล,73.00
1192383,ศิริบัญชา น้ำมันมะกอก 60มล,21.00
1192384,ศิริบัญชา น้ำมันมะกอก โอลีน-อี 12x120มล,29.50
1192385,ศิริบัญชา น้ำมันมะกอก โอลีน-อี 12x60มล,25.00
1192386,ศิริบัญชา ผงโยคี 6x60กรัม,65.00
1192390,ศิริบัญชา มหาหิงค์ 60มล,13.00
1192391,ศิริบัญชา มหาหิงค์ลูกกลิ้ง 60มล,26.00
1192392,ศิริบัญชา ยาแก้ไอ โยคี 12x120มล,15.50
1192393,ศิริบัญชา ยาแก้ไอ โยคี 12x60มล,14.00
1192396,ศิริบัญชา ยาอมผสมมะขามป้อมแสงดาว 18ซอง,250.00
1192398,DENTISTE PLUS WHITE 160G (L) (+ของแถม),232.00
1192399,DENTISTE LOVE MINT 20'S (ลูกอม),69.00
1192400,DENTISTE PLUS WHITE 100G (S),162.00
1192401,DENTISTE PLUS WHITE 120G (PUMP) (M),222.00
1192403,DENTISTE ULTRA SENSITIVE 100G,155.00
1192404,PRO SKIN MARYLN CAPSULES 12'S,135.00
1192406,SMOOTH E A+ ANTI-MELASMA WHITE FOAM 4OZ,240.00
1192407,SMOOTH E ACNE HYDROGEL 7G,127.00
1192408,SMOOTH E ACNE HYDROGEL PLUS 10G,174.00
1192409,SMOOTH E BABY FACE CLEANSING GEL 1.5OZ,79.00
1192410,SMOOTH E BABY FACE CLEANSING GEL 3.3OZ,161.00
1192411,SMOOTH E BABY FACE CLEANSING GEL 5.5OZ,244.00
1192412,SMOOTH E BABY FACE FOAM 1OZ (GREEN),66.00
1192413,SMOOTH E BABY FACE FOAM 2OZ (GREEN),133.00
1192414,SMOOTH E BABY FACE FOAM 4OZ (GREEN),220.00
1192415,SMOOTH E BABY FACE FOAM 8OZ (GREEN),354.00
1192416,SMOOTH E BABY FACE SCRUB NIS 4OZ (GREEN),212.00
1192417,SMOOTH E BABY FACE SCRUB NIS 1.2OZ (GREEN),73.00
1192418,SMOOTH E BABY FACE SCRUB NIS 2.2OZ (GREEN),126.00
1192419,SMOOTH E CREAM (GREEN) 100G,486.00
1192420,SMOOTH E CREAM (GOLD) 12G/0.4OZ,109.00
1192421,SMOOTH E CREAM (GREEN) 15G,156.00
1192422,SMOOTH E CREAM (GOLD) 30G/1OZ,255.00
1192423,SMOOTH E CREAM (GREEN) 40G,267.00
1192424,SMOOTH E CREAM (GOLD) 65G/2.2OZ,485.00
1192425,SMOOTH E CREAM (GREEN) 7G,87.00
1192426,SMOOTH E CREAM PLUS WHITE 10G,93.00
1192427,SMOOTH E CREAM PLUS WHITE 30G,209.00
1192428,SMOOTH E CREAM PLUS WHITE 60G,325.00
1192429,SMOOTH E EXTERNAL 12'S (GREEN),205.00
1192430,SMOOTH E EXTERNAL 3'S (GREEN),56.00
1192432,SMOOTH E FACIAL FOAM 1.5OZ (GOLD),106.00
1192433,SMOOTH E FACIAL FOAM 4OZ (GOLD),277.00
1192435,SMOOTH E MAKEUP CLEANSING WATER 300ML,336.00
1192436,SMOOTH E MEN BABYFACE FOAM 1.2OZ,69.00
1192437,SMOOTH E MEN BABYFACE FOAM 2.5OZ,125.00
1192438,SMOOTH E MEN BABYFACE FOAM 4OZ,190.00
1192439,SMOOTH E MIRACLE CAPSULE 12'S (GOLD),325.00
1192440,SMOOTH E PERFECT EYE SOLUTION 15ML (GOLD),363.00
1192441,SMOOTH E PHYSICAL SPF50 15G (BEIGE),211.00
1192442,SMOOTH E PHYSICAL SPF50 15G (WHITE),211.00
1192443,SMOOTH E PHYSICAL SPF50 40G (BEIGE),544.00
1192444,SMOOTH E PHYSICAL SPF50 40G (WHITE),544.00
1192446,SMOOTH E SCAR SERUM 7G,226.00
1192447,SMOOTH E SKIN THERAPIE LOTION 100ML,148.00
1192448,SMOOTH E SKIN THERAPIE LOTION 200ML,255.00
1192449,SMOOTH E WHITE BABYFACE CREAM 0.4OZ,92.00
1192450,SMOOTH E WHITE BABYFACE CREAM 1OZ,210.00
1192451,SMOOTH E WHITE BABYFACE FOAM 1OZ,73.00
1192452,SMOOTH E WHITE BABYFACE FOAM 2OZ,127.00
1192453,SMOOTH E WHITE BABYFACE FOAM 4OZ,218.00
1192454,SMOOTH E WHITE BABYFACE FOAM 6OZ,283.00
1192455,SMOOTH E WHITE BABYFACE SCRUB 1.2OZ,85.00
1192456,SMOOTH E WHITE BABYFACE SCRUB 2.2OZ,150.00
1192457,SMOOTH E WHITE BABYFACE SCRUB 4.0OZ,262.00
1192458,SMOOTH E WHITE BABYFACE SERUM 0.4OZ,256.00
1192459,SMOOTH E WHITE BABYFACE SERUM 0.8OZ,422.00
1192460,SMOOTH E WHITE THERAPIE LOTION 100ML,164.00
1192461,SMOOTH E WHITE THERAPIE LOTION 200ML,290.00
1192462,SMOOTH E WHITENING TONER 150ML,197.00
1192463,GREATER BREWER YEAST 300MG 1000'S,360.00
1192465,GREATER FUNGIDERM-B 12x10G,29.75
1192466,GREATER FUNGIDERM-B 12x20G,53.00
1192467,GREATER FUNGIDERM-B 12x5G,18.00
1192468,GREATER GASTAB 1000'S,205.00
1192469,GREATER BETHASONE 12x15G (GREEN),31.00
1192470,GREATER BETHASONE 12x5G (GREEN),16.00
1192471,GREATER BETHASONE-N 12x15G (ORANGE),32.50
1192472,GREATER BETHASONE-N 12x5G (ORANGE),17.50
1192473,GREATER CA-R-BON CHARCOAL 10x10'S,144.00
1192474,GREATER MIFORMIN 500MG 50x10'S,295.00
1192475,GREATER MIFORMIN 850MG 25x10'S,288.00
1192476,GREATER MYDERMIC CREAM 15G,28.00
1192477,GREATER MUCOLID 30MG 50x10'S,14.50
1192478,GREATER MUCOLID JUNIOR SYRUP 60ML (STRAWBERRY),28.00
1192479,GREATER MUCOLID SYRUP 120ML,45.00
1192480,GREATER MUCOLID SYRUP 60ML,28.00
1192481,GREATER MYBACIN COOL MINT MOUTHWASH 250ML,40.00
1192482,GREATER MYBACIN COOL MINT MOUTHWASH 750ML,84.00
1192483,GREATER MYBACIN ZINC LEMON 140x10'S (PIP),980.00
1192484,GREATER MYBACIN ZINC ORANGE 140x10'S (PIP),980.00
1192485,GREATER MYBACIN ORIGINAL MOUTHWASH 750ML,84.00
1192486,GREATER MYBACIN THROAT MINT 140x10'S (PIP),980.00
1192487,GREATER MYBACIN THROAT MINT 40x10'S (YELLOW),286.00
1192489,GREATER MYBACIN ZINC 40x10'S (LEMON) (GREEN),286.00
1192490,GREATER MYBACIN ZINC 40x10'S (ORANGE),286.00
1192491,GREATER MYSOLONE-N CRAEM 15G,23.50
1192492,GREATER MYSOVEN 100MG 60'S,102.00
1192493,GREATER MYSOVEN 200MG 60'S,202.00
1192494,GREATER MYSOVEN 600MG 30'S,260.00
1192498,MAXXLIFE ASTAXANTIHIN 6MG 30'S,815.00
1192499,MAXXLIFE BEYOND PLUS SCARGEL 10G,130.00
1192500,MAXXLIFE BIO VEGGIE 30x5'S (FREE 3x5'S),420.00
1192502,MAXXLIFE CALCIUM BORON 60'S,340.00
1192503,MAXXLIFE CLA+PLUS 30'S,580.00
1192504,MAXXLIFE COCONUT OIL 1000ML,490.00
1192505,MAXXLIFE COCONUT OIL 200ML,165.00
1192506,MAXXLIFE COCONUT OIL 500ML,290.00
1192507,MAXXLIFE DETOXZY 10'S,147.00
1192508,MAXXLIFE FEMINIE 30'S,725.00
1192509,MAXXLIFE GD-1 SPIRULINA 100'S,297.00
1192510,MAXXLIFE GUMMY VEGGY 48'S,189.00
1192511,MAXXLIFE IRON AMINO ACID CHELATE 30'S,345.00
1192514,MAXXLIFE ISOTINA 30'S,719.00
1192515,MAXXLIFE KELOSIL SCAR GEL 10G,310.00
1192516,MAXXLIFE LAXXA 10'S,80.00
1192517,MAXXLIFE LESURY 30'S,659.00
1192518,MAXXLIFE LUCY SCALP 30ML,110.00
1192519,MAXXLIFE LILYSHINE 30'S,460.00
1192520,MAXXLIFE MAG-CAL 30SACHETS,460.00
1192521,MAXXLIFE MAGNISIUM PLUS 60'S,350.00
1192522,MAXXLIFE MULTI MINERAL 30'S,200.00
1192523,MAXXLIFE NASIC CLEAN 100ML+SALT 10'S,138.00
1192524,MAXXLIFE NASIC CLEAN 250ML+SALT 10'S,155.00
1192525,MAXXLIFE NASIC SALT 30'S,94.00
1192527,MAXXLIFE ORAL SPRAY PLUS Q10 15ML,118.00
1192529,MAXXLIFE PEPTIDE COLLAGEN 110G (FISH),950.00
1192530,MAXXLIFE PLANT STEROL Q10 60'S,580.00
1192532,MAXXLIFE RICE BRAN OIL 2x30'S,365.00
1192533,MAXXLIFE SILUET PEPTIDE 30'S,296.00
1192535,MAXXLIFE ULTRA 8 OIL SOFTGEL 30'S,490.00
1192537,MAXXLIFE ZINC 30'S,345.00
1192541,TENSOPLAST ผ้า 1x100PCS,65.50
1192542,TENSOPLAST ผ้า 20'S (กล่องเล็ก),29.00
1192543,TENSOPLASTIC 1x100PCS (BROWN),75.00
1192544,TENSOPLASTIC 5SIZE 20PCS (CLEAR),31.00
1192545,TENSOPLASTIC 5SIZE 20PCS (NUDE),31.00
1192548,TENSOPLASTIC CLEAR 100PCS (CLEAR),82.00
1192549,TENSOPLASTIC JUMBO 5'S,30.50
1192550,TENSOPLAST-L 100PCS (ผ้า),94.00
1192551,TENSOPLAST-L 20PCS,30.50
1192552,TIGERPLAST WATERPROOF 1SIZE 15PCS,40.00
1192553,TIGERPLAST WATERPROOF 4SIZE 15PCS (สีเนื้อ),38.00
1192554,น้ำมันยูคาลิปตัส ตราจิงโจ้ 28มล,69.00
1192555,น้ำมันยูคาลิปตัส ตราจิงโจ้ 56มล,124.00
1192556,น้ำมันยูคาลิปตัส ตราจิงโจ้ 8.5มล,33.50
1192557,THERMA PLAST HEAT PAD 9.5x13CM,28.00
1192558,TIGERPLAST CARIFIX STRETCH 10CMx1M (เทปปิดแผล),36.00
1192559,TIGERPLAST ผ้า 1x100ชิ้น,38.00
1192562,น้ำมันยูคาลิปตัส ตราจิงโจ้ สเปรย์ 300มล,192.00
1192563,JASON'S CLASSIC 12x10'S (RED),180.00
1192564,JASON'S CLASSIC 50G (RED),58.00
1192565,JASON'S HERBAL 24x10'S (GREEN),13.50
1192566,JASON'S HERBAL 50G (GREEN),58.00
1192567,JASON'S HONEY LEMON 12x10'S (YELLOW),178.00
1192568,JASON'S HONEY LEMON 50G (YELLOW),58.00
1192569,ยาขม ตราน้ำเต้าทอง 10ซอง (ต้ม),90.50
1192570,ยาขมเม็ด ตราน้ำเต้าทอง 25x4เม็ด,225.00
1192571,ยาขมชง ตราน้ำเต้าทอง 5ซอง (สีฟ้า),46.00
1192572,ยาหวานชง ตราน้ำเต้าทอง 5ซอง (กล่องสีส้ม),45.50
1192573,อ้วยอัน เฮอร์บัลวัน เห็ดหลินจือสกัด 100เม็ด,246.00
1192575,ยาบำรุงร่างกาย ยาเม็ด ตราไก่ดำ 14เม็ด 1x12กล่อง,10.00
1192576,อ้วยอัน เถาวัลย์เปรียงสกัด 100แคปซูล,118.00
1192577,อ้วยอัน เพชรสังฆาต 100แคปซูล,90.00
1192578,อ้วยอัน เห็ดหลินจือ 100แคปซูล,195.00
1192579,อ้วยอัน เห็ดหลินจือ 30แคปซูล,88.00
1192580,อ้วยอัน เฮอร์บัลวัน กวาวเครือขาว 100แคปซูล,120.00
1192581,อ้วยอัน เฮอร์บัลวัน งาดำ 60แคปซูล,198.00
1192582,อ้วยอัน เฮอร์บัลวัน รางจืด 100แคปซูล,98.00
1192583,อ้วยอัน ใบมะขามแขก 100แคปซูล,60.00
1192584,อ้วยอัน ใบมะขามแขก 30แคปซูล,30.00
1192585,อ้วยอัน กระชายดำ 100แคปซูล,150.00
1192586,อ้วยอัน กวาวเครือแดง 100แคปซูล,148.00
1192587,อ้วยอัน ขมิ้นชัน 100แคปซูล,60.00
1192588,อ้วยอัน ขมิ้นชัน 30แคปซูล,32.00
1192589,อ้วยอัน ขมิ้นชันพลัส KAMINCHAN PLUS 60'S,98.00
1192590,อ้วยอัน ตรีผลา 100แคปซูล,100.00
1192591,อ้วยอัน ตังถั่งเฉ่า พลัส 3x10แคปซูล,245.00
1192592,อ้วยอัน น้ำมันรำข้าว โอไรซา 60แคปซูล,218.00
1192593,อ้วยอัน พรมมิ 60แคปซูล,176.00
1192594,อ้วยอัน พริกไทยดำ 100แคปซูล,90.00
1192595,อ้วยอัน พลูคาวสกัด 100แคปซูล,120.00
1192596,อ้วยอัน ฟ้าทะลายโจร 100แคปซูล,60.00
1192597,อ้วยอัน ฟ้าทะลายโจร 3x10แคปซูล,32.00
1192598,อ้วยอัน ยาน้ำแก้ไอ มะแว้งสูตรไม่มีน้ำตาล 60มล,27.00
1192599,อ้วยอัน มะระขี้นก 100แคปซูล,148.00
1192600,อ้วยอัน มะรุม 100แคปซูล,99.75
1192601,อ้วยอัน ยาแก้ไอมะขามป้อม 60มล,25.50
1192602,อ้วยอัน ยาคอส 30แคปซูล,40.00
1192603,อ้วยอัน ยาคอส 6x10แคปซูล,102.00
1192604,อ้วยอัน ยาน้ำแก้ไอ มะแว้งน้ำเชื่อม 60มล,25.50
1192605,อ้วยอัน ยาน้ำแก้ไอเด็ก 60มล,267.00
1192606,อ้วยอัน ยาน้ำแก้ร้อนใน เขากุย 240มล,37.00
1192607,อ้วยอัน ยาริดส์ 100แคปซูล,100.00
1192608,อ้วยอัน ยาริดส์ 30แคปซูล,40.00
1192609,อ้วยอัน ว่านชักมดลูก 100แคปซูล,98.00
1192610,อ้วยอัน ส้มแขก การ์ซีเนีย 100แคปซูล,90.00
1192611,อ้วยอัน อบเชยเทศ 100แคปซูล,100.00
1192612,MR.HERB 15x20'S (TUBTIM),180.00
1192613,MR.HERB จินเจอร์ 15x20เม็ด,180.00
1192614,ยาอมสมุนไพร มังกรทอง บ๊วย-เปลือกส้ม-มะนาว 18หลอด,132.00
1192615,ยาอมสมุนไพร มังกรทอง บ๊วย-เปลือกส้ม-มะนาว 60หลอด,434.00
1192616,ยาอมสมุนไพร มังกรทอง ฟ้าทะลายโจร 18หลอด,132.00
1192617,ยาอมสมุนไพร มังกรทอง รสเปลือกส้ม 18หลอด,132.00
1192618,ยาอมสมุนไพร มังกรทอง รสเปลือกส้ม 60หลอด,434.00
1192619,ยาอมสมุนไพร มังกรทอง รสกานพลู 18หลอด,132.00
1192620,ยาอมสมุนไพร มังกรทอง รสบ๊วยเค็ม 18หลอด,132.00
1192621,ยาอมสมุนไพร มังกรทอง รสบ๊วยเค็ม 60หลอด,434.00
1192622,ยาอมสมุนไพร มังกรทอง รสมะแว้ง 18หลอด,132.00
1192623,ยาอมสมุนไพร มังกรทอง รสมะแว้ง 60หลอด,445.00
1192624,ยาอมสมุนไพร มังกรทอง รสมะขามป้อม 18หลอด,132.00
1192625,ยาอมสมุนไพร มังกรทอง รสมะนาว 18หลอด,132.00
1192626,ยาอมสมุนไพร มังกรทอง รสมะนาว 60หลอด,434.00
1192627,LYMARIN CREAM 12x15G,47.00
1192628,LYMARIN CREAM 12x5G,25.00
1192629,MEDMAKER PURE PETROLEUM JELLY 50G,35.00
1192630,MEDMAKER PURE PETROLEUM JELLY 50G (TUBE),35.00
1192631,MEDMAKER U1 CREAM 30G,61.00
1192632,MEDMAKER U2 CREAM 30G,74.00
1192633,MEDMAKER VITAMIN-E 5.5% CREAM 20G (S),53.00
1192634,MEDMAKER VITAMIN-E 5.5% CREAM 50G (L),107.00
1192635,MEDMAKER M-SOFT UREA CREAM 20G,51.00
1192636,MEDMAKER M-SOFT UREA CREAM 50G,105.50
1192637,BRAND'S GINKGO 30'S (แปะก๊วย),344.00
1192638,BRAND'S VITAMIN-B COMPLEX 60'S (ธาตุเหล็ก),337.00
1192640,BRAND'S MUSHROOM 65MLx8BT,439.00
1192641,BRAND'S VETA BERRY 12x42ML,362.00
1192646,BRAND'S 70MLx6BT (L) (รังนก),805.00
1192647,EQUAL CLASSIC SWEET TASTE 100SACHETS,145.00
1192648,EQUAL CLASSIC SWEET TASTE 50SACHETS,83.00
1192649,EQUAL CLASSIC TABLETS 100'S,85.00
1192651,FISHERMAN ANISEED 24x25G (YELLOW),590.00
1192652,FISHERMAN SF BLACKCURRANT 24x25G (VIOLET-WHITE),675.00
1192653,FISHERMAN MINT 24x25G (GREEN),675.00
1192654,FISHERMAN ORIGINAL 24x25G (WHITE),590.00
1192655,FISHERMAN SF CHERRY 24x25G (RED-WHITE),675.00
1192656,FISHERMAN SF CITRUS 24x25G (GREEN-YELLOW),675.00
1192657,FISHERMAN SF HONEY LEMON 24x25G (GOLD-WHITE),675.00
1192658,FISHERMAN SF MANDARIN 24x25G (ORANGE-WHITE),675.00
1192659,FISHERMAN SF MINT 24x25G (GREEN-WHITE),675.00
1192660,FISHERMAN SF MIXED BERRIES 24x25G (VIOLET-RED),675.00
1192662,FISHERMAN SF SPEARMINT 24x25G (GREEN-WHITE),675.00
1192663,PEPPERMINT BALM STICK 6G,44.00
1192664,PEPPERMINT FIELD BALM GEL 8G (ตลับ),40.50
1192669,ยาดม เซียงเพียว สูตร 2 12x2มล (แดง),216.00
1192670,ยาดม เป๊ปเปอร์มิ้นท์ ฟิลด์ 12x1อัน,212.00
1192671,ยาหม่อง เซียงเพียว 12กรัม (แดง),264.00
1192672,ยาหม่อง เซียงเพียว 12กรัม (ขาว),345.00
1192673,ยาหม่องน้ำ เซียงเพียวอิ๊ว สูตร1 (แดง) 3มล,21.00
1192674,ยาหม่องน้ำ เซียงเพียวอิ๊ว สูตร1 (แดง) 7มล,40.00
1192675,ยาหม่องน้ำ เซียงเพียวอิ๊ว สูตร1 (แดง) 25มล,102.00
1192676,ยาหม่องน้ำ เซียงเพียวอิ๊ว สูตร2 (ขาว) 25มล,103.00
1192677,ยาหม่องน้ำ เซียงเพียวอิ๊ว สูตร2 (ขาว) 3มล,21.00
1192678,ยาหม่องน้ำ เซียงเพียวอิ๊ว สูตร2 (ขาว) 7มล,38.50
1192679,JINTAN NUDE 1x20SAC (BLUE),48.00
1192684,ROWATINEX 10x10'S,490.00
1192685,"รถพยาบาล ผ้าก๊อซ 2""x2"" 10x8ชิ้น",39.50
1192686,"รถพยาบาล ผ้าก๊อซ 3""x3"" 10x8ชิ้น",69.00
1192687,"รถพยาบาล ผ้าก๊อซ 4""x4"" 10x8ชิ้น",110.00
1192689,รถพยาบาล สำลีแผ่น 50กรัม,21.50
1192691,รถพยาบาล สำลีก้อน 25กรัม (กระปุก),26.00
1192692,รถพยาบาล สำลีก้อน 40กรัม,14.50
1192693,รถพยาบาล สำลีก้อน 0.35/450กรัม (ถุงใหญ่),124.00
1192694,รถพยาบาล สำลีก้อน 1.40/450กรัม (ถุงใหญ่),124.00
1192695,รถพยาบาล สำลีก้อนชุบแอลกอฮอล์ 12x8ก้อน,111.00
1192696,รถพยาบาล สำลีซอง 12กรัม (50ซองเล็ก),312.00
1192697,รถพยาบาล สำลีปั่นหู 100ก้านเล็ก (ถุง),13.50
1192698,รถพยาบาล สำลีม้วน 200กรัม,52.00
1192699,อภัยภูเบศร์ แชมพู อัญชัน 300มล,68.00
1192701,อภัยภูเบศร์ ขมิ้นชันขวด 60แคปซูล,56.00
1192702,อภัยภูเบศร์ ครีมนวดผม อัญชัน 300มล,70.00
1192703,อภัยภูเบศร์ ตะไคร้หอมกันยุง สูตร1 120มล,88.00
1192704,อภัยภูเบศร์ ฟ้าทะลายโจร 60แคปซูล,58.00
1192705,อภัยภูเบศร์ ยาแก้ไอมะขามป้อม เล็ก 60มล,19.00
1192706,อภัยภูเบศร์ ยาแก้ไอมะขามป้อม ใหญ่ 120มล,29.00
1192707,อภัยภูเบศร์ ยาแคปซูลเพชรสังฆาต 70แคปซูล,100.00
1192708,อภัยภูเบศร์ ยาแคปซูลบอระเพ็ด 70แคปซูล,65.00
1192709,อภัยภูเบศร์ ยาแคปซูลบัวบก 70แคปซูล,98.00
1192710,อภัยภูเบศร์ ยาแคปซูลมะระขี้นก 70แคปซูล,128.00
1192711,อภัยภูเบศร์ ยาแคปซูลหญ้าปักกิ่ง 70แคปซูล,128.00
1192712,อภัยภูเบศร์ ยาครีมพญายอ 10กรัม,22.00
1192715,PIP ALBEN 2'S,6.00
1192716,PIP ALBEN 50x2'S (BIG BOX),198.00
1192717,PIP ALLO 100MG 10x10'S (ZYLORIC),71.00
1192718,PIP CHICINE 10x10'S (COLCHICINE),70.00
1192720,PIP CLOMABET CREAM 15G (L),24.50
1192721,PIP CLOMABET CREAM 5G (S),14.00
1192722,PIP FENAC 25MG 1000'S,139.00
1192723,PIP FENAC 25MG 50x10'S,154.00
1192725,PIP KETO 10x10'S (แผง),142.00
1192726,PIP MINOX 5MG 100'S,103.00
1192727,PIP NASO 10MG 10x10'S,44.00
1192728,PIP NASO 10MG 50x10'S,231.00
1192729,PIP NASO SYRUP 60ML,22.00
1192732,PIP ZOVIVIR 400MG 7x10'S,233.00
1192736,GANO 500 1x10'S,41.00
1192737,ยาแก้ปวด ป๊อก 109 10เม็ด,20.00
1192738,สบู่ซอฟร์ตี้ สูตรสิว-ฝ้า 12x110กรัม,31.50
1192739,สบู่ซอฟร์ตี้ สูตรกาแฟ 12x110กรัม,31.50
1192742,สติกเกอร์หัวหอม HAPPY NOZ 1x6'S (TEA TREE OIL) (BLUE),70.00
1192743,สติกเกอร์หัวหอม HAPPY NOZ 1x6'S (ONION OIL) (PURPLE),70.00
1192747,ยาน้ำสกัด โสมเกาหลี ตังกุยจับ 500มล,525.00
1192748,EMLA 5% CREAM 30G,645.00
1192749,XYLOCAINE JELLY 2% 30G,145.00
1192750,XYLOCAINE SPRAY 10% 50ML,504.00
1192751,DECHAMP 50x20G (LEMON) (เกลือแร่),146.00
1192752,DECHAMP 50x20G (ORANGE) (เกลือแร่),146.00
1192753,ยาหอม ตรา5เจดีย์ เบอร์1 12x25กรัม,295.00
1192754,ยาหอม ตรา5เจดีย์ เบอร์2 12x9กรัม,127.00
1192755,ยาหอม ตรา5เจดีย์ 12x3กรัม (ซอง),37.00
1192756,ยาหอม ตรา5เจดีย์ 1กรัม 1x12(หลอด),33.00
1192757,หม่องขาว ตรา5เจดีย์ (ใหญ่),157.00
1192758,PRIM PERFECT LAXATIVE DETOX 10'S,105.00
1192759,ยาสีฟันสมุนไพร พริมเพอเฟคเฮอเบอทูธเพส,34.00
1192760,FOLIC ACID FOIL 100x10'S (CENTRAL POLY),4.50
1192761,HISTATAB 4MG 100'S,6.70
1192763,วาย-กิง กิงโก บิโลบา 3x10เม็ด (แปะก๊วย),185.00
1192765,LEXEMIN CAP 300MG 10x10'S,1120.00
1192768,LESFLAM 50MG 10x10'S,126.00
1192769,MYDOCALM 50MG 100x10'S,16.60
1192770,MYDOCALM 50MG 1x10'S,19.00
1192771,PENCOR 2MG 10x10'S (CARDURA),214.00
1192772,PENCOR 4MG 10x10'S (CARDURA),257.00
1192773,RE-B FORT 10x10'S,309.00
1192776,MS BENYL EXPEC 60CC (STRAWBERRY),16.00
1192777,MS LORACINE 10MG 10x10'S (CLARITYNE),62.00
1192778,MS ANUFEN 200MG 1000'S (เหลืองกลม),375.00
1192779,MS ANUFEN 400MG 1x500'S (เหลืองรี),379.00
1192780,MS ASOVON SYRUP 60ML,14.00
1192781,MS DIMENHYDRINATE 1000'S,245.00
1192782,MS METRONIDAZOLE 250MG 1000'S (เหลืองกลม),333.00
1192783,MS PIROX 20MG 1000'S,299.00
1192784,MS PROSPA 500'S (ORANGE) (NORGESIC),282.00
1192785,MS PROSPA 500'S (PINK) (NORGESIC),282.00
1192786,MS PROSPA 500'S (VIOLET) (NORGESIC),282.00
1192787,MS PROXINOR 400MG 10x10'S (PINK),133.00
1192788,MS VEENAC 25MG 1000'S (ม่วงกลม),225.00
1192789,MS VEENAC 50MG 1000'S (ส้มกลม),420.00
1192790,MS VEENAC 50MG 50x10'S (ส้มกลม),287.50
1192791,MS REGROWTH TOPICAL 15ML,45.00
1192792,FLAVON 10x10'S,384.00
1192794,หมากหอมเยาวราช 50ซอง,315.00
1192796,น้ำผึ้งเวชพงศ์ 120มล,56.00
1192797,น้ำผึ้งเวชพงศ์ 325มล,122.00
1192798,น้ำผึ้งเวชพงศ์ 565มล,192.00
1192799,น้ำผึ้งเวชพงศ์ 760มล,252.00
1192802,VESCO V-C INJECTION VIT-C 10x2CC,36.00
1192803,ZEALOSE 6 SACHETS,90.00
1192804,เปลเล่ แป้งทากันยุง 30กรัม (เล็ก),147.00
1192805,เปลเล่ แป้งทากันยุง 70กรัม (ใหญ่),234.00
1192806,ยาแก้ไอ มะแว้งผสมแปะลี้ 60มล,32.50
1192807,ว่านชักมดลูกผสมเอี๊ยะบ่อเช่า C&L 350มล,179.00
1192808,ว่านชักมดลูกผสมเอี๊ยะบ่อเช่า C&L 750มล,326.00
1192809,ว่านชักมดลูกผสมเอี๊ยะบ่อเช่า แคปซูล C&L 20เม็ด,114.00
1192811,VASELINE PETROLEUM JELLY 50G,69.00
1192812,VASELINE PETROLEUM JELLY 50G (ALOE VERA),70.00
1192813,VASELINE PETROLEUM JELLY 50G (COCO BUTTER),71.00
1192814,AU ASUMOL 1000'S (ORANGE),145.00
1192816,AU CPM 1000'S (ไข่ปลา),157.00
1192817,AU CPM 4MG 1000'S (กระปุก),34.50
1192818,AU CPM 4MG 100'S (ขวดเล็ก),6.75
1192819,AU CYPRO 1000'S (WHITE),75.00
1192820,AU DIMEN 1000'S,166.00
1192821,AU DIMEN 100x10'S,2.50
1192822,AU INDOMETHACIN 25MG 1000'S (BLUE-WHITE),194.00
1192826,AU ASUMOL 500MG 100'S,31.00
1192828,AU VITAMIN-B COMPLEX 1000'S (RED),110.00
1192833,ยาสตรี วีกิ๊ฟ 30แคปซูล,190.00
1192834,ยาสตรีน้ำ วีกิ๊ฟ 300มล,138.00
1192835,ยาสตรีน้ำ วีกิ๊ฟ 500มล,208.00
1192838,BAIN SYRUP DHA 70% 150ML,147.00
1192840,CELXIB 200MG 10x10'S (CELEBREX),51.00
1192850,ZE-OIL 60'S (GOLD),449.00
1192851,น้ำมันมะพร้าวสกัดเย็น เน้นท์ 1000มล (หัวปั้ม),460.00
1192852,น้ำมันมะพร้าวสกัดเย็น เน้นท์ 100มล,80.00
1192853,น้ำมันมะพร้าวสกัดเย็น เน้นท์ 200มล,155.00
1192854,น้ำมันมะพร้าวสกัดเย็น เน้นท์ 500มล,260.00
1192855,MP BLACK SESAME OIL 500MG 60'S (งาดำ),350.00
1192857,MP ยาสตรี AREE-ORY 30'S,350.00
1192859,CALSUM FORTE 1000MG 100'S,82.00
1192861,FENAFEX 180MG 1x10'S,63.00
1192862,FENAFEX 60MG 1x10'S,30.00
1192863,MECYLIC OINTMENT 15G,53.00
1192864,NAPPYHIPPO CREAM 25G,33.50
1192865,NAPPYHIPPO CREAM 5G,13.50
1192866,SENOLAX 3x20'S (SENOKOT),57.00
1192867,SONAP 275MG 10x10'S (SYNFLEX),155.00
1192868,THYROSIT 100MCG 50x10'S (ELTROXIN),4.75
1192870,TOPOXY CREAM 10G (TOPICORT),47.00
1192871,HIE NEW BORN 200G (แป้งเด็ก),46.00
1192872,BP DIARINE 2MG 50x10'S,162.00
1192874,BP MYMOL 100'S (ขาวกลม),26.00
1192876,BP NASIFED BPO 10x10'S,92.00
1192881,BP TOPAMINE 50x10'S,324.00
1192882,BUFENAC 25MG 1000'S,177.00
1192883,BUFENAC 25MG 100x10'S,199.00
1192884,BUFENAC FORTE 50MG 500'S,178.00
1192885,BUFENAC FORTE 50MG 50x10'S,203.00
1192886,BUFLEX SYRUP 60ML (ORANGE),19.50
1192887,DORMIRAX 25MG 10x10'S,120.00
1192888,DORMIRAX 25MG 500'S (VIOLET),287.00
1192889,RHINALAX-B SYRUP KIDS 60ML(CHEERY),18.50
1192890,CANTON BREAST PUMP PLASTIC,36.00
1192891,ถาดนับยา,187.00
1192894,T-CARE COLD HOT PACK GEL 12x26CM,85.00
1192895,T-CARE COLD HOT PACK GEL 8x14CM (MINI),49.00
1192896,แก้วตวงยา 30ซีซี,92.00
1192897,โกร่งบดยา ขนาด 5ซม (12x1ชุด),23.00
1192898,โกร่งบดยา ขนาด 7ซม,33.00
1192899,โกร่งบดยา ขนาด 9ซม,41.50
1192900,ไซริงค์ บอล เบอร์ 1 30มล,45.00
1192901,ไซริงค์ บอล เบอร์ 10 360มล,86.00
1192902,ไซริงค์ บอล เบอร์ 2 45มล,48.00
1192903,ไซริงค์ บอล เบอร์ 3 65มล,47.00
1192904,ไซริงค์ บอล เบอร์ 4 90มล,48.00
1192905,ไซริงค์ บอล เบอร์ 5 120มล,51.00
1192906,ไซริงค์ บอล เบอร์ 6 150มล,65.00
1192907,ไซริงค์ บอล เบอร์ 7 200มล,71.00
1192908,ไซริงค์ บอล เบอร์ 8 240มล,76.00
1192909,ไซริงค์ บอล เบอร์ 9 300มล,81.00
1192911,กระเป๋าน้ำร้อน 0.7ลิตร (เล็ก),78.00
1192912,กระเป๋าน้ำร้อน 2ลิตร (ใหญ่),89.00
1192913,กระเป๋าพยาบาลสะพาย (ใบเล็ก) ขนาด 6x12x8 นิ้ว,318.00
1192914,ชามรูปไต แสตนเลส 6นิ้ว 172x95x34มม,87.00
1192915,ที่ตัดยา NIKO NIKO,64.00
1192923,ลูกยางดูดน้ำมูกเด็ก หัวยาง 1x12อัน,18.50
1192924,แคนตัน สำลีปั่นหู 12x100ก้าน (ถุง),102.00
1192925,สำลีม้วนแอ็บซอร์เบนท์ 12x25กรัม (ฟ้าเล็ก),100.00
1192927,หม้อนอนสแตนเลส อย่างดี,770.00
1192928,"ผ้าก๊อต ABSORBENT 2x2"" 10x10PACKS",36.00
1192929,"ผ้าก๊อต ABSORBENT 3x3"" 10x10PACKS",59.00
1192930,"ผ้าก๊อต ABSORBENT 4x4"" 10x10PACKS",92.00
1192931,MECZE 500MCG 3x10'S (METHYCOBAL),60.00
1192932,MYCODERM-C 75G,126.00
1192933,N95 3D หน้ากากอนามัย 4ชิ้น/ซอง (UNICHARM) M,68.00
1192934,SAFEX 100ML (DUPHALAC),85.00
1192936,ผ้าอนามัยแบบห่วง แซนนิต้า 35ซม 10แผ่น,29.00
1192937,EUROFER SYRUP 120ML,98.00
1192938,EUROFER SYRUP 60ML,57.00
1192939,FORLAX 10Gx20'S,242.00
1192943,ZALAIN CREAM 20G,152.00
1192944,ZALAIN CREAM 5G,57.00
1192945,ZALAIN VAG 300MG 1'S (เหน็บ),158.00
1192947,BRONAL SYRUP 60ML,87.00
1192948,FLUIFORT SYRUP 120ML,191.00
1192951,FLUSH REFILLS 2.25Gx30'S,50.00
1192956,PUROXAN 400MG 10x10'S,1384.00
1192961,BIO OIL SKINCARE OIL 125ML,405.00
1192962,BIO OIL SKINCARE OIL 60ML,245.00
1192964,CLINDA-M 15ML (L),43.00
1192965,MINUS SUN SPF40 30G (WHITE),182.00
1192966,MINUS SUN SPF40 30G (IVORY),182.00
1192967,NATURE BALANCE BIOTIN 600MCG 60'S (PAN),248.00
1192968,NATURE BALANCE ZINC 15MG 90'S (PAN),155.00
1192970,ยาฟอกโลหิต ตราสิงห์แดง 500มล,140.00
1192971,ยาฟอกโลหิต ตราสิงห์แดง รากสามสิบ 4x10แคป,144.00
1192974,ASEPSO HYGIENICFRESH 80G,22.00
1192975,ASEPSO SOAP ORIGINAL 80G,22.00
1192976,PURICAS DRAGON BLOOD SCAR GEL 8G,219.00
1192977,SUN CLARA 30'S (ORANGE),415.00
1192980,ก.ย.15 โลชั่นกันยุง 40มล (น้ำเงิน),29.50
1192981,ก.ย.15 โลชั่นกันยุง มิลค์กี้ 12x50กรัม (ชมพู),30.50
1192982,ก.ย.15 โลชั่นกันยุง ลาเวนเดอร์ 12x50กรัม (ม่วง),30.50
1192986,ยาน้ำสมุนไพร ตรารวงข้าว 24มล,53.00
1192987,ยาสีฟันสมุนไพร เทพไทย สูตรดั้งเดิม 30กรัม,46.00
1192988,ยาสีฟันสมุนไพร เทพไทย สูตรดั้งเดิม 70กรัม,80.00
1192989,ยาสีฟันสมุนไพร เทพไทย สูตรมิกซ์ฟรุ๊ต 30กรัม,46.00
1192990,ยาสีฟันสมุนไพร เทพไทย สูตรมิกซ์ฟรุ๊ต 70กรัม,80.00
1192991,ยาสีฟันสมุนไพร เทพไทย สูตรสเปียร์มิ้นท์ 30กรัม,46.00
1192992,ยาสีฟันสมุนไพร เทพไทย สูตรสเปียร์มิ้นท์ 70กรัม,80.00
1192993,SRICHAND BABY POWDER 50G,46.50
1192995,CD-OPH 5ML (แช่เย็น),52.00
1192996,CHLOR-OPH ED 5CC (แช่เย็น),26.50
1192997,DEXOPH ED 4ML,24.00
1192998,GENTA BETASONE 12x15G,47.50
1192999,GENTA BETASONE 12x5G,21.75
1193000,GENTA-OPH 5ML (แสงไทย),24.00
1193001,GENTREX CREAM 12x5G,21.50
1193002,GLAUCO-OPH 0.5% 5ML,98.00
1193003,HISTA-OPH 10ML,37.00
1193004,HISTA-OPH 5ML,29.00
1193005,LAC-OPH 10ML,27.00
1193006,POLY-OPH EYE DROPS 10ML,33.00
1193007,POLY-OPH EYE DROPS 5ML,24.50
1193008,TONAF 1% 12x15G (RED) (L),57.00
1193009,TONAF 1% 12x5G (RED) (S),27.50
1193010,TONAF 2% 12x15G (GREEN) (L),68.00
1193011,TONAF 2% 12x5G (GREEN) (S),34.00
1193012,TONAF-B CREAM 12x15G (L),68.00
1193015,แสงชัย ว่านชักมดลูก 40แคปซูล,109.00
1193016,แสงชัย ยาสตรี ว่านชักมดลูก 450มล (กลาง),149.00
1193017,แสงชัย ยาสตรี ว่านชักมดลูก 750มล (ใหญ่),250.00
1193018,BANOCIN POWDER 10G,38.00
1193020,PROBUFEN 400MG 50x10'S (นครพัฒนา) (ชมพูรี),284.00
1193022,CANDID EAR DROPS 1% 15ML,69.00
1193023,GPO AMBES 10MG 10x10'S (AMLODIPINE),109.00
1193024,GPO AMBES 5MG 10x10'S (AMLODIPINE),66.00
1193025,GPO AZYCIN 250MG 6'S (สูตร ZITHROMAX),74.00
1193026,GPO GABAPENTIN 100MG 10x10'S,194.00
1193027,GPO GABAPENTIN 300MG 10x10'S,289.00
1193028,GPO ZIMVA 10MG 10x10'S,62.00
1193029,GPO ZIMVA 20MG 10x10'S,101.00
1193030,GPO พรมมิ 60'S,323.00
1193031,MOMATE CREAM 15G (ELOMET),94.00
1193032,AMINOPHYLLINE 100MG 1000'S,455.00
1193034,CADRAMINE-V LOTION 120ML (L),29.00
1193035,CADRAMINE-V LOTION 60ML (S),19.50
1193036,DITOIN 100MG 1000'S (DILANTIN),405.00
1193037,TRIPTA 10MG 1000S (ATC),175.00
1193038,TRIPTA 25MG 1000S (ATC),348.00
1193039,ERASE GEL 15G,322.00
1193041,NORCA 5MG 10x10'S (PRIMOLUT-N),240.00
1193042,NORPAK 2'S (POSTINOR),9.00
1193043,OFLOMAC 200MG 10x10'S,210.00
1193044,PUDIN HARA 10x10'S,143.00
1193045,PURE WHITE ชุดทำแผล,157.00
1193046,"PURE WHITE สำลีแผ่น 4x6"" 450G",180.00
1193047,BIO ไม้พันสำลี 1x100ก้าน (L),16.00
1193048,BIO ไม้พันสำลี 1x100ก้าน (M),15.00
1193049,BIO ไม้พันสำลี 1x100ก้าน (S),14.00
1193055,พิมเสนน้ำ โป๊ยเซียน ลูกกลิ้ง 12x5มล,294.00
1193056,พิมเสนน้ำ โป๊ยเซียน สำลี 12x1กระปุก,214.00
1193057,ยาดม พีเป๊กซ์ 1มล (แดง),68.00
1193058,ยาดมโป๊ยเซียน 1.7มล,171.00
1193060,BERCLOMIN SYRUP 60ML,28.00
1193061,BERCLOMIN TAB 50x10'S,10.20
1193062,NUHAIRS SCALP LOTION 2.0% 60ML (GREEN),288.00
1193063,NUHAIRS SCALP LOTION 3.0% 60ML (VIOLET),380.00
1193064,NUHAIRS SCALP LOTION 5.0% 60ML (GRAY),515.00
1193065,POLI PHARM POLI FLUNARIN 5MG 50x10'S,5.30
1193066,PURIDE 100MG 50x10'S,9.60
1193067,TARA PLUS CREAM 15G,34.50
1193068,TARA PLUS CREAM 5G,14.50
1193069,ยาสตรี ปอคุณเอี๊ยะบ๊อ 24x250มล (เล็ก),56.00
1193070,ยาสตรี ปอคุณเอี๊ยะบ๊อ 12x500มล (ใหญ่),109.00
1193071,MANOPROVIT SYRUP 100CC,46.00
1193072,MANOPROVIT TAB 72'S,53.00
1193074,SKIN DURE 12x20ML (L),23.00
1193076,SKINDURE SOAP 60G,20.00
1193077,BETAGRAM CREAM 12x15G,34.50
1193078,BETAGRAM CREAM 12x5G,15.25
1193079,ยาอมกำกิกเผี่ยง 20เม็ด,38.00
1193085,B-ASPIRIN 81MG 100x10'S,3.20
1193086,BROMCOLEX 1000'S (YELLOW),122.00
1193087,C-20 MOUTH WASH 180ML (BLUE),44.00
1193088,C-20 MOUTH WASH 180ML (PINK),39.50
1193089,C-20 MOUTH WASH 360ML (PINK),57.00
1193090,LALA LOTION 30ML (KELA),22.00
1193091,NEODEX CREAM 15G,21.50
1193092,NEODEX CREAM 450G,264.00
1193099,OSOTH BETAMETH-N 15G,24.50
1193101,OSOTH BETAMETH-N 5G,147.00
1193102,OSOTH EROXADE 150MG 10x10'S,132.00
1193104,T.A. CREAM 0.02% 15G (WHITE),22.00
1193105,T.A. CREAM 0.02% 5G (WHITE),13.50
1193106,T.A. CREAM 0.1% 15G (YELLOW),21.00
1193108,T.A. CREAM 0.1% 5G (YELLOW),14.50
1193109,"DIAMOND LS SUPPORT 30-34"" (M)",364.00
1193110,"DIAMOND LS SUPPORT 34-38"" (L)",364.00
1193111,"DIAMOND LS SUPPORT 38-42"" (XL)",364.00
1193112,"DIAMOND LS SUPPORT 42-48"" (XXL)",364.00
1193113,"DIAMOND ผ้ารัดหน้าท้องหลังคลอด 30-34"" (M)",188.00
1193114,"DIAMOND ผ้ารัดหน้าท้องหลังคลอด 34-38"" (L)",188.00
1193115,"DIAMOND ผ้ารัดหน้าท้องหลังคลอด 41-46"" (XL)",188.00
1193116,"TRAICHON BETADRESS 2"" 10x10PADS",72.00
1193117,"TRAICHON BETADRESS 3"" 10x10PADS",104.00
1193118,"TRAICHON BETADRESS 4"" 10x10PADS",155.00
1193119,TRAICHON STERI DRESS 12x1PACK (ชุดทำแผล),165.00
1193120,TRAICHON STERILE EYE PAD 25'S,111.00
1193121,"TRAICHON STERILE GAUZE PAD 2"" 100PCS",128.00
1193122,"TRAICHON STERILE GAUZE PAD 3"" 100PCS",184.00
1193123,"TRAICHON STERILE GAUZE PAD 4"" 100PCS",272.00
1193127,THAI GAUZE (RTS-PY2),78.00
1193129,"THAI GAUZE ไม้พันสำลี 6"" 100ก้าน (L)",29.00
1193130,"THAI GAUZE ไม้พันสำลี 6"" 100ก้าน (M)",28.00
1193131,"THAI GAUZE ไม้พันสำลี 6"" 100ก้าน (S)",27.00
1193132,"THAI GAUZE CONFORMING 2""x12ROLLS",57.00
1193133,"THAI GAUZE CONFORMING 3""x12ROLLS",84.00
1193134,"THAI GAUZE CONFORMING 4""x12ROLLS",108.00
1193135,JINTAN SILVER PILL 25'S (WHITE),342.00
1193136,BRYGEL 12x120ML,52.00
1193137,BRYGEL 240ML,58.00
1193139,MARGARET X.O. 28'S,64.00
1193144,ขาวละออ เถาวัลย์เปรียง 100เม็ด,82.00
1193145,ขาวละออ เห็ดหลินจือสกัด 60แคปซูล,368.00
1193146,ขาวละออ แปะก๊วยสกัด 30เม็ด,139.00
1193147,ขาวละออ ใบมะรุม โมรินกา 100แคปซูล,120.00
1193148,ขาวละออ ใบมะรุม โมรินกา 200แคปซูล,198.00
1193149,ขาวละออ กระเทียมอิมมิวนีท้อป 2000มก 100เม็ด,218.00
1193150,ขาวละออ กระเทียมอิมมิวนีท้อป 100แคปซูล,218.00
1193151,ขาวละออ กวาดสมานลิ้น 1x36ซอง,207.00
1193152,ขาวละออ ขมิ้นชันเม็ด 100เม็ด,68.00
1193154,ขาวละออ คอร์ดิเซพส์ แอล 36แคปซูล,350.00
1193155,ขาวละออ พลูคาวสกัดพลัส 60แคปซูล,232.00
1193157,ขาวละออ ยาเม็ดเพชรสังฆาต 100เม็ด,86.00
1193158,ขาวละออ ยาเม็ดใบขี้เหล็ก 100เม็ด,81.00
1193159,ขาวละออ ยาเม็ดลูกใต้ใบ 100เม็ด,86.00
1193160,ขาวละออ ยาตรีผลา 100เม็ด,139.00
1193161,ขาวละออ ยาป้ายปาก 1กรัมx24ซอง,231.00
1193163,ขาวละออ หญ้าปักกิ่ง 100เม็ด,137.00
1193164,ขาวละออ อบเชย 100แคปซูล,142.00
1193166,DOPROCT OINTMENT 10G,54.00
1193167,DOPROCT SUPPO 10'S,54.00
1193168,FERLI-6 1000'S,285.00
1193169,FERLI-6 100x30'S (FOIL),12.00
1193170,GYNECON VAGINAL 20x5'S,276.00
1193171,GYNECON-T VAGINAL 20x5'S,289.00
1193173,KIT-F DROP 12x15ML (FREE ALCOHOL),17.00
1193175,PROBUFEN 400MG 500'S (นครพัฒนา) ชมพูเม็ดรี,329.00
1193179,BACIDAL CREAM 15G (OINT) (BACTROBAN),121.00
1193180,BACIDAL CREAM 5G (OINT) (BACTROBAN),46.00
1193181,CHALKCAP 350MG 100x10'S,7.80
1193183,CHALKCAP 1000MG 10x10'S,168.00
1193184,CHALKTAB 1.25MG 50x10'S,19.80
1193185,CHALKTAB 1.5MG 50x10'S,1000.00
1193186,CHRONOL 500MG 25x4'S,202.00
1193187,OSKEPT 10x10'S,245.00
1193188,XANDASE 100MG 50x10'S (ZYLORIC),10.50
1193189,XANDASE 300MG 50x10'S (ZYLORIC),25.50
1193190,น้ำมันดอกไม้ขาว #1 20มล (แปะฮวยอิ้ว),102.50
1193191,น้ำมันดอกไม้ขาว #2 10มล (แปะฮวยอิ้ว),64.00
1193192,น้ำมันดอกไม้ขาว #3 5มล (แปะฮวยอิ้ว),41.50
1193200,หมอเส็ง ว่านชักมดลูก เบอร์777 70มล,40.00
1193201,CAPIROX 10MG 10x10'S (GREEN),16.00
1193202,CAPIROX 20MG 10x10'S (ORANGE),19.00
1193203,KENYAKU BIOTAPLEX-BC TABLETS 50x10'S,879.00
1193204,KENYAKU LEFTOSE 30MG 10x10'S,180.00
1193206,ยาขมเม็ด ตรานกเป็ดน้ำ 12x120เม็ด,45.00
1193208,ซอฟเฟลโลชั่นกันยุง กลิ่นเฟรช 1x24ซอง (ส้ม),98.00
1193209,ซอฟเฟลโลชั่นกันยุง กลิ่นเฟรช 60มล (ส้ม),46.50
1193211,ซอฟเฟลโลชั่นกันยุง กลิ่นฟลอร่า 1x24ซอง (ชมพู),98.00
1193212,ซอฟเฟลโลชั่นกันยุง กลิ่นฟลอร่า 60มล (ชมพู),46.50
1193213,ซอฟเฟลสเปรย์กันยุง กลิ่นเฟรช 30มล (ส้ม),31.00
1193214,ซอฟเฟลสเปรย์กันยุง กลิ่นเฟรช 80มล (ส้ม),63.00
1193215,ซอฟเฟลสเปรย์กันยุง กลิ่นฟลอร่า 30มล (ชมพู),31.00
1193216,ซอฟเฟลสเปรย์กันยุง กลิ่นฟลอร่า 80มล (ชมพู),63.00
1193217,CERA ORS 4.2GM 100'S (เกลือแร่) (ORANGE),147.00
1193218,CINTEC 10MG 100x10'S,420.00
1193219,CINTEC 10MG 10x10'S,44.00
1193220,CMED C-CLOX 500MG 50x10'S (BLUE-WHITE),19.00
1193224,CMED MERA 500MG 10x10'S (NORGESIC),69.00
1193226,OMED 20MG 50x10'S,387.00
1193227,SEA ORS 50'CS (ORANGE),196.00
1193228,SEA LYTE 50x20G (LEMON),127.00
1193229,SEA LYTE 50x20G (ORANGE),127.00
1193230,ยาหม่อง ตราลิง ตลับเล็ก 2กรัมx12ตลับ,65.00
1193231,ยาหม่อง ตราลิง ตลับใหญ่ 8กรัมx12ตลับ,214.00
1193232,ยาหม่อง ตราลิง ตลับกลาง 4กรัมx12ตลับ,129.00
1193233,ยาหม่อง ตราลิง ขวด 12กรัมx12ขวด,276.00
1193234,ยาหม่อง ตราลิง ขวด 18กรัมx12ขวด,385.00
1193235,SODAMINT 1000'S (GOLDEN CUP),60.00
1193236,ยาหม่องน้ำ ตราถ้วยทอง 3มล,216.00
1193237,ยาหม่องน้ำ ตราถ้วยทอง 7มล,384.00
1193238,ยาหม่อง ตราถ้วยทอง ขวดเล็ก 12กรัมx12ขวด,268.00
1193239,ยาหม่อง ตราถ้วยทอง ขวดกลาง 22กรัม,465.00
1193240,ยาหม่อง ตราถ้วยทอง ขวดใหญ่ 50กรัม,72.25
1193241,ยาหม่อง ตราถ้วยทอง ตลับเล็ก 2กรัมx12ตลับ,65.00
1193242,ยาหม่อง ตราถ้วยทอง ตลับใหญ่ 8กรัมx12ตลับ,214.00
1193243,ยาหม่อง ตราถ้วยทอง ตลับกลาง 4กรัมx12ตลับ,129.00
1193244,ยาหม่องน้ำ ตราถ้วยทอง ลูกกลิ้ง 7มล,198.00
1193245,ยาหม่องน้ำ ตราถ้วยทอง สเปรย์ 25มล (ขวดใหญ่),450.00
1193250,HUBDIC INFRARED THERMOMETER FS-700,735.00
1193256,ORIGIN TEST STRIP 25TESTS (จุ่ม),165.00
1193260,YUWELL เครื่องวัดความดัน YE650D,805.00
1193262,CHECK TRU (ตรวจการตกไข่),105.00
1193269,ถุงเก็บน้ำนม ซันมัม 8ออนซ์ 20ใบ,35.00
1193270,BLUE PAD GEL 10PCS (แผ่นรองซับกันเปื้อน),76.00
1193272,HASHI 180ML+SALT 15'S (BLUE),155.00
1193273,HASHI BABY DROP 4ML (BLUE),46.00
1193274,HASHI BABY DROP 4ML (GREEN),42.00
1193276,HASHI เกลือล้างจมูก สูตรออริจินอล (BLUE),62.00
1193277,HASHI เกลือล้างจมูก สูตรอ่อนโยน (GREEN),62.00
1193278,I-COF 375MG 25x10'S,446.00
1193279,LONNA GEL CHERRY 1Gx25SAC (PINK),177.00
1193280,LONNA GEL PEPPERMINT 1Gx25SAC,177.00
1193281,LONNA GEL PEPPERMINT 5G,31.00
1193282,N-ZEN 50MG 12x10'S,170.00
1193283,N-ZEN GEL 30G,29.50
1193284,N-ZEN GEL 60G,44.00
1193285,TAVIPEC FOIL 3x10'S,187.00
1193286,TC-MYCIN OINTMENT 10G,20.00
1193287,TC-MYCIN 250MG 10'S,24.00
1193288,TC-MYCIN 500MG 10'S,38.00
1193290,TOMEI CLINDAI GEL 5G,35.00
1193292,ARTRODAR 50MG 3x10'S,525.00
1193293,OCUSOFT LID SCRUB ORIGINAL 30PADS,400.00
1193294,OCUSOFT LID SCRUB ORIGINAL FOAM 50ML,320.00
1193295,OCUSOFT LID SCRUB PLUS 30PADS,595.00
1193296,OCUSOFT LID SCRUB PLUS FOAM 50ML,480.00
1193298,FUNOWA สเต็ทโตสโคป (ชุดหูฟัง),380.00
1193299,"DUODENAL TUBE 125CMx14"" (สายให้อาหารผู้ใหญ่)",10.50
1193300,NUTRILINE+C (สายต่อกับถุงใส่อาหาร),13.50
1193301,เก้าอี้นั่งถ่าย อลูมิเนียมพับได้ (ไม่มีล้อ),1490.00
1193302,เก้าอี้นั่งถ่าย อลูมิเนียมพับได้ (มีล้อ),1680.00
1193303,เก้าอี้สุขภัณฑ์ 3 ขา ทรงเตี้ย 12นิ้ว (S),420.00
1193304,เก้าอี้สุขภัณฑ์ 3 ขา ทรงสูง 16นิ้ว (M),510.00
1193305,ไม้เท้าเคน 3ขา หัวค้อน,275.00
1193306,ไม้เท้าเคน 4ขา หัวค้อน,275.00
1193307,ไม้เท้าขาเดียว ปรับได้ ด้ามโค้ง,137.00
1193308,ไม้เท้าอลูมิเนียม มีที่พักแขน,225.00
1193309,ไม้ค้ำยัน เบอร์ 48นิ้ว,267.00
1193310,ไม้ค้ำยันอลูมิเนียม (ใหญ่),470.00
1193311,ไม้ค้ำยันอลูมิเนียม (กลาง),470.00
1193312,ไม้ค้ำยันอลูมิเนียม (เล็ก),470.00
1193313,ถุงใส่อาหาร NUTRI-BAG 500ML,11.50
1193314,"รถเข็นมาตรฐาน (เหล็กชุป,เบาะหนัง) รุ่น GK809",2340.00
1193315,วอร์คเกอร์ อลูมิเนียม พับได้ ไม่มีล้อ (CA812L),808.00
1193316,วอร์คเกอร์ อลูมิเนียม พับไม่ได้,455.00
1193319,เทวดาน้อย สำลีแผ่น 40กรัม 12ถุง,192.00
1193320,เทวดาน้อย สำลีก้อน 0.3กรัม 12ซอง,125.00
1193321,เทวดาน้อย สำลีก้อน 450กรัม (ใหญ่),100.00
1193322,เทวดาน้อย สำลีปั่นหู 100ก้านเล็ก (เขียว),80.00
1193323,เทวดาน้อย สำลีปั่นหู 100ก้านใหญ่ (ฟ้า),75.00
1193324,เทวดาน้อย สำลีม้วน 120กรัม (ใหญ่),264.00
1193325,เทวดาน้อย สำลีม้วน 30กรัม (เล็ก),75.00
1193326,ยีราฟ สำลี 3กรัมx50ซอง,65.00
1193327,BE-FIT 60'S (มะขามแขก),73.00
1193329,GINKGO 246 3x10'S,98.00
1193330,LAXAS YARABAI 20x4'S,97.00
1193332,TRINOLONE 1Gx25SAC,153.00
1193333,TRINOLONE 5Gx12TUBE,27.00
1193334,TRINOLONE KID ORAL PASTE 25SAC,152.00
1193335,B.O.CAL 60'S,162.00
1193336,B.O.S.100'S,255.00
1193337,CREAM 91E 8.3G,43.50
1193338,LAMAZONE CREAM 10G,36.50
1193339,NEW TOWER 50x20G (เกลือแร่),162.00
1193340,NEWPHARVIT PLUS 100'S,95.00
1193341,NEWPHARVIT TAB 100'S,67.00
1193342,PIRCAM 20MG 10'S,23.50
1193343,ดร.ชิน สบู่เนื้อทรายขัดผิว 100กรัม,46.50
1193345,NL ANNALOL 10MG 50x10'S,3.30
1193346,NL CANDIX SOLUTION 15ML,19.50
1193347,NL GLYCERIN 12'S (ยาเหน็บเด็ก),49.50
1193348,NL GLYCERIN 12'S (ยาเหน็บผู้ใหญ่),50.50
1193351,NL AMPIPEN 500MG 500'S (BLACK-RED),637.00
1193353,NL AMPIPEN 500MG 10x10'S,230.00
1193356,NL CLOTRIDERM V.T. 100MG 6'S,16.00
1193357,NL CLOTRIDERM V.T. 500MG 1'S,16.00
1193358,NL DIMENHYDRINATE 1000'S,157.00
1193360,NL NEOPROFEN 400MG 500'S (PINK),430.00
1193363,NL VITA 1+6+12 1000'S (PINK),480.00
1193365,NL THIAZIDE 50 MG 1000 เม็ด,117.00
1193366,FITNE COFFEE WHITE KIDNEY BEAN 10SAC,97.00
1193367,FITNE COFFEE MIX WITH COLLAGEN 10SAC,86.00
1193368,FITNE GREEN TEA 18.8G 6x8SAC,40.75
1193369,FITNE GREEN TEA 35.25G 6x15SAC,69.75
1193370,FITNE GREEN TEA 70.5G 3x30SAC,126.25
1193371,FITNE HERBAL CAPSULES 20'S,89.00
1193372,FITNE HERBAL CAPSULES 40'S,158.00
1193373,FITNE HERBAL TEA 20G 6x10SAC,40.75
1193374,FITNE HERBAL TEA 40G 6x20SAC,69.00
1193375,FITNE HERBAL TEA 80G 3x40SAC,126.25
1193376,FITNE KAKHUAY 20G 6x8SAC,40.50
1193377,FITNE KAKHUAY 37.5G 6x15SAC,69.00
1193378,FITNE KAKHUAY 75G 3x30SAC,128.50
1193380,ยาสตรี เลดิน่า 20แคปซูล,84.00
1193382,NEOCA LUTEIN COMPLEX 3x10'S,305.00
1193383,จาเป่า ครีมย้อมผมดำ 24x10กรัม,26.50
1193384,BKD DIABEDERM CREAM 10% 100G,130.00
1193385,BKD DIABEDERM CREAM 10% 150G,170.00
1193386,BKD DIABEDERM CREAM 10% 35G,56.00
1193387,BKD DIABEDERM CREAM 10% 450G,340.00
1193388,BKD DIABEDERM CREAM 20% 150G,184.00
1193389,BKD DIABEDERM CREAM 20% 35G,70.00
1193390,BKD DIABEDERM CREAM 20% 450G,390.00
1193391,BKD DIABEDERM LOTION 10% 200ML,210.00
1193394,BKD ALLERAX-FC 10MG 1000'S (WHITE),173.00
1193395,BKD CLINIMET 200MG 1000'S (เขียวกลม),680.00
1193396,BKD CLINIMET 400MG 500'S (เขียวรี),685.00
1193397,BKD CLINIVATE-N 15G,30.00
1193398,BKD CLINIVATE-N 35G,60.00
1193399,BKD CLINIVATE-N 5G,18.00
1193400,BKD CLINODERM 35G (L),76.00
1193401,BKD CLINODERM 5G,22.00
1193404,BKD NACOXIB 90MG 1x10'S (ARCOXIA),70.00
1193405,BKD NORAPHEN 500MG 500'S,285.00
1193406,BKD NORAPHEN 50x10'S,9.00
1193409,BKD SKINFECT 15G,30.00
1193410,BKD SKINFECT 5G,15.50
1193411,BKD SPORAXYL CREAM 15G,40.00
1193412,BKD SPORAXYL CREAM 5G,20.00
1193413,BKD SPOROXYL 200MG 10x10'S,180.00
1193414,BKD CAPSIKA GEL 0.0125% 100G,150.00
1193415,BKD CAPSIKA GEL 0.0125% 15G,30.00
1193416,BKD CAPSIKA GEL 0.0125% 35G,60.00
1193417,BKD GLUCOSA 1500 POWDER 30'S (BROWN),275.00
1193418,BKD GLUCOSA 1500 POWDER 30'S (LEMON),275.00
1193419,BKD GLUCOSA 1500 POWDER 30'S,275.00
1193420,BKD GLUCOSA 500MG 100'S,245.00
1193421,BKD GLUCOSA 500MG 10x10'S,230.00
1193422,ถุงหูหิ้วใสไม่พิมพ์ 15x30นิ้ว (ห่อ 1 กก.),88.00
1193428,CLINORIL 200MG 10x10'S,700.00
1193429,DICHLOTRIDE 50x10'S,13.00
1193430,DOLOBID 250MG 10x10'S,480.00
1193431,MODURETIC 50x10'S,21.00
1193432,ONE SIX TWELVE M&H 50x10'S,9.30
1193433,ONZET SYRUP 15ML (ZITHROMAX),110.00
1193434,PERIACTIN 4MG 50x10'S (M&H),7.70
1193435,UCHOLINE 10MG 10x10'S,772.00
1193436,ALDOMET 250MG 50x10'S,24.00
1193437,DEANXIT 10x10'S (BL-HUA),544.00
1193438,LEXAPRO 10MG 2x14'S,1095.00
1193439,AMBRONC 30MG 10x10'S,47.00
1193440,ASCEE VITAMIN-C 500MG 10x15'S,315.00
1193441,CON CON 15ML,40.50
1193442,DENTOFIZZ DENTURE CLEANSING 15'S,33.00
1193443,KAL-CEE ORANGE 10'S,44.50
1193445,MUCOTIC 200MG 50'S,121.00
1193446,OREDA R.O. 3.3G x 100CS (ORANGE),159.00
1193447,OREDA R.O. 3.3G x100CS เกลือแร่ (ธรรมดา),159.00
1193448,BURNOVA GEL PLUS 25G (GREEN),42.00
1193449,BURNOVA GEL PLUS 25G (PLANKTON) (BLUE),50.00
1193450,BURNOVA GEL PLUS 25G (SNOW ALGAE) (PINK),50.00
1193451,BURNOVA GEL PLUS 70G (GREEN),80.00
1193453,BURNOVA GEL PLUS 70G (SNOW ALGAE) (PINK),100.00
1193454,ZIGA GEL 240ML,53.00
1193456,ขี้ผึ้ง 29 A 1x12ตลับ (เล็ก),97.00
1193457,น้ำมันนวด ตรามาร์วิน 12x70กรัม,41.00
1193458,น้ำมันยา ตรามาร์วิน สเปรย์ 12x20กรัม,38.00
1193459,ยาแก้ไอ อาปาเช่ 60มล,15.50
1193460,ยาแก้ไอ อาปาเช่ สูตรมะขามป้อม 60มล,15.50
1193461,ยากษัยเส้น ตราเด็กในพานทอง 10แคปซูล 1x12กล่อง,16.34
1193462,ยากษัยเส้น ตราเด็กในพานทอง 12x1กล่อง,25.00
1193463,ยากษัยเส้น ตราเด็กในพานทอง 12ซอง,73.50
1193464,ยาดองเหล้า ชนิดแผ่น 9เหรียญ 20กรัม,120.00
1193465,ยาดองเหล้า ชนิดผง 9เหรียญ 20กรัม,120.00
1193466,ยาหอม ตราเด็กในพานทอง 17กรัม (กลาง),16.33
1193467,ยาหอม ตราเด็กในพานทอง 37กรัม (พิเศษ),26.50
1193471,KA CREAM 60G,96.00
1193472,KA LIP CARE 3.5G (ORANGE),19.50
1193473,KA LIP CARE MENTHOL 3.5G (BLUE),19.50
1193474,KA LIP CARE MIX FRUITS 3.5G,19.50
1193475,KA LIP CARE PURE 3.5G (PINK),19.50
1193476,KA LIP CARE STRAWBERRY 3.5G (PINK),19.50
1193478,KA UV PERFECT SUNLOC SPF50+ 30ML,116.00
1193479,KA UV WHITENING SPF50 12x15G,74.00
1193480,KA UV WHITENING SPF50 30G,128.00
1193481,POLKA CREAM 25G (S),42.00
1193482,POLKA CREAM 60G (L),72.00
1193483,ผงพิเศษ ตราร่มชูชีพ 36ซอง,347.00
1193484,GPO ALOEGEL 30G (ว่านหางจระเข้),36.00
1193485,GPO ขมิ้นชัน 10x10'S,98.00
1193486,GPO ฟลาวาซอย 60'S,245.00
1193487,GPO ฟ้าทะลายโจร 10x10'S,108.00
1193488,GPO ยาอมมะแว้ง 20x20เม็ด (รสบ๊วย),119.00
1193489,GPO ยาอมมะแว้ง 20x20เม็ด (ดั้งเดิม),115.00
1193490,ยาแก้ไอ มะขามป้อม ยูอีคอฟ โอเอส 120มล (ไม่มีน้ำตาล),31.00
1193491,ยาแก้ไอ มะขามป้อม ยูอีคอฟ ซีดี 120มล,30.00
1193492,ยาอมสมุนไพร ยูอีคอฟ 20x20เม็ด (มะขามป้อม),430.00
1193496,ยาสตรี เล่งคุณหลังคลอด ไม่มีแอล 12x500มล (ฟ้า),130.00
1193497,AMOGIN GEL 240ML,36.00
1193498,AMOGIN GEL 30x15ML (SACHET),110.00
1193499,CALTAB WITH VITAMIN-D 30'S,46.00
1193500,CLINDAVID 300MG 10x10'S,275.00
1193501,COXIUM 1500MG 30TAB (RED),300.00
1193502,COXIUM 1500MG POWDER 30SACHET (BLUE),300.00
1193503,COXIUM 500MG 10x10TAB (GOLD),230.00
1193504,DERTEC CREAM 15G (QUADRIDERM),45.00
1193505,DERTEC CREAM 5G (QUADRIDERM),21.00
1193509,MAPLE FORTE 1'S,198.00
1193511,MILLIMED NUOSIC 50x10'S,347.00
1193512,MINOZ 28'S (MINIDOZ),79.00
1193513,NICOMILD 2MG 7x9'S,240.00
1193514,SASHA 21'S (DIANE 35),62.00
1193515,THROATSIL HONEY&LEMON 24x8'S,305.00
1193517,THROATSIL ORANGE 24x8'S,305.00
1193523,PATAR 60'S (น้ำมันตับปลา),46.00
1193524,PATAR B-FER 500'S,178.00
1193527,PATAR VIT-C 50MG 1000'S (ORANGE),114.00
1193528,PATAR VIT-C 50MG 1000'S (YELLOW),114.00
1193529,PATAR M16 (ยาแก้ปวดฟัน),204.00
1193530,BENNETT AROMA 160G,35.00
1193531,BENNETT EXTRA WHITE 130G,43.00
1193532,BENNETT VITAMIN E SOAP 130G (GREEN),35.00
1193533,BENNETT VITAMIN C&E SOAP 130G (ORANGE),38.00
1193534,BENNETT VITAMIN E SOAP 130G (WHITE),35.00
1193535,BENNETT VITAMIN E SOAP 130G (YELLOW),35.00
1193536,BENNETT VITAMIN PAPAYA 160G (ORANGE),35.00
1193538,OC 35 21'S (DIANE 35),87.00
1193539,STUD 100 SPRAY 12G,285.00
1193540,CEZA SYRUP 60ML,35.00
1193544,ICOZOLE 100MG 25x4'S (SPORAL),23.00
1193547,PML PHIL VOLTE CREAM 10G,36.00
1193549,TANDERON 50MG 500'S (MYDOCALM),284.00
1193551,น้ำเกลือ N.S.S. 100x5มล (หลอด) (กล่องเขียว),490.00
1193552,BETAHIS 12MG 10x10'S (PINK),140.00
1193553,BETAHIS 6MG 10x10'S (GREEN),92.00
1193554,DACIN-F 150MG 10x10'S,21.00
1193555,DACIN-F 300MG 10x10'S,31.00
1193556,FEXOTINE 60MG 1x10'S (TELFAST),28.00
1193557,GASTRO BISMOL 240ML (ORANGE),99.00
1193558,GASTRO BISMOL 240ML (SALACCA),99.00
1193559,GASTRO BISMOL 524MG 20x10'S,44.50
1193560,CEMOL 500MG 1000'S (WHITE),315.00
1193561,CEMOL 500MG 100'S (WHITE),28.00
1193562,CEMOL 500MG 100'S (WHITE-BLUE),29.00
1193563,PHOEBUS CREAM 15G (M),67.00
1193565,PARACAP 500MG 100'S,50.00
1193566,PARACAP 500MG 50x10'S,341.00
1193567,SEKURE SUCTION CATHETER No.12 50'S,169.00
1193568,SEKURE SUCTION CATHETER No.14 50'S,169.00
1193569,SEKURE SUCTION CATHETER No.16 50'S,169.00
1193570,แผ่นเสริมซึมซับ ANAN 18ชิ้น,108.00
1193571,แผ่นรองซับ ซีเคียว 9ชิ้น (XL),118.00
1193572,แผ่นรองซับ ANAN 10ชิ้น,83.00
1193573,ผ้าอ้อม ANAN # L-XL 10'S,250.00
1193574,ผ้าอ้อม ANAN # M 10'S,215.00
1193575,ผ้าอ้อม SEKURE # (L-XL) (กางเกงซึมซับ) 16'S,382.00
1193576,ผ้าอ้อม SEKURE # (M-L) (กางเกงซึมซับ) 18'S,392.00
1193578,ยานัตถุ์ หมอชิต 10กรัม 1x3โหล,569.00
1193579,ยาสีฟันสมุนไพร รุ่งอรุณ 18กรัม (12ซอง),125.00
1193580,COLPERMIN 187MG 10x10'S,805.00
1193581,DERMACOMBIN CREAM 15G,112.00
1193582,DERMACOMBIN CREAM 5G,78.00
1193586,SUBSYDE-CR 100MG 2x10'S (VOLTAREN SR),102.00
1193587,ESTROMON 0.625MG 10x10'S,440.00
1193588,LAURA 35 21'S,67.00
1193592,UTOPIAN VIT B1-6-12 1000'S,450.00
1193593,ALBER-T 10G,40.50
1193594,EZON-T SOLUTION 2% 10ML,40.50
1193595,UNIREN SPRAY 1% 60ML,138.00
1193597,UNISON U-ENEMA 100CC,24.00
1193598,UNISON UNI-MA ENEMA 133CC,38.00
1193599,UNISON 10CC 10'S (KIDS),72.00
1193600,UNISON 20CC 10'S (ADULT),75.00
1193601,UNISON OINTMENT 24x15G,15.00
1193602,ALCOHOL ALSOFF 12x60ML,7.00
1193603,ALCOHOL ALSOFF 180ML,20.50
1193604,ALCOHOL ALSOFF 450ML (PINK),32.50
1193606,ALCOHOL ALSOFF 450ML,32.00
1193607,CALAMINE-LP 120ML,21.50
1193609,ยาแก้ไอ แสงสว่าง ตราค้างคาว 60มล,15.00
1193610,ยาแก้ไอ LP น้ำดำ ตราเสือดาว 120มล (ใหญ่),22.50
1193611,ยาแก้ไอ LP น้ำดำ ตราเสือดาว 180มล (ใหญ่พิเศษ),26.00
1193612,ยาแก้ไอ น้ำดำ ตราเสือดาว 60มล (เล็ก),17.00
1193613,ยาดองเหล้า แสงสว่าง ตราค้างคาว 12กรัม 1x12ซอง,80.00
1193615,วทศ ALCOHOL 70% 12x240ML,30.50
1193618,วทศ ALCOHOL 70% 450ML,55.00
1193619,วทศ GENTIAN VIOLET 12x15ML,84.00
1193620,วทศ GENTIAN VIOLET 12x30ML,105.00
1193622,วทศ HYDROGEN 12x30ML,73.00
1193623,วทศ HYDROGEN 12x60ML,9.75
1193624,วทศ HYDROGEN 450ML,21.00
1193625,วทศ TINC IODINE 12x15ML,104.00
1193626,วทศ TINC IODINE 12x30ML,156.00
1193627,วทศ แอมโมเนียหอม 12x15มล,115.00
1193628,วทศ แอมโมเนียหอม 12x30มล,158.00
1193629,วทศ น้ำเกลือ N.S.S. 12x120มล,12.50
1193630,วทศ น้ำเกลือ N.S.S. 12x240มล,18.34
1193632,วทศ น้ำมันมะกอก 450มล,300.00
1193633,วทศ น้ำมันมะกอกบริสุทธิ์ 30มล,228.00
1193634,วทศ น้ำมันมะกอกบริสุทธิ์ 60มล,33.00
1193635,วทศ น้ำมันละหุ่ง 12x30มล,160.00
1193636,วทศ น้ำมันละหุ่ง 60มล,18.00
1193637,วทศ มหาหิงค์ 120มล,33.00
1193638,วทศ มหาหิงค์ 60มล,20.00
1193639,วทศ มหาหิงค์ ลูกกลิ้ง 60มล,29.00
1193640,วทศ ยาเหลืองเบอร์1 12x30มล,84.00
1193644,วทศ ยาธาตุน้ำแดง 300มล,28.00
1193645,วทศ ยาธาตุน้ำแดง 500มล,38.00
1193646,วทศ ยูคาลิปตัส 12x15มล,35.00
1193647,วทศ ยูคาลิปตัส 12x30มล,52.00
1193649,ซองซิบ RX 10x15,47.00
1193650,ซองซิบ RX 6x8,13.00
1193651,ซองซิบ RX 7x10,16.00
1193652,ซองซิบ RX 8x12,22.00
1193653,ซองซิบใส 10x15,124.00
1193654,ซองซิบใส 4x6,137.00
1193655,ซองซิบใส 5x7,130.00
1193656,ซองซิบใส 6x8,130.00
1193657,ซองซิบใส 7x10,124.00
1193658,ซองซิบใส 8x12,124.00
1193659,ซองซิบใส 9x13,124.00
1193660,ซองบรรจุยา ชนิดสีชา ขนาด 10x15 1KG,148.00
1193661,ซองบรรจุยา ชนิดสีชา ขนาด 7x10 1KG,148.00
1193662,ซองบรรจุยา ชนิดสีชา ขนาด 8x12 1KG,148.00
1193663,ซองบรรจุยา ชนิดสีชา ขนาด 9x13 1KG,148.00
1193664,CANDINOX 100MG 6'S (เหน็บ),17.00
1193665,CANDINOX 500MG 1'S (เหน็บ),17.00
1193666,CB-400MG 1'S,7.00
1193667,DIOSMIN 500MG 3x10'S (DAFLON),119.00
1193668,FUNGINOX SOL. 25ML,140.00
1193669,MILK OF MAGNESIA (M.O.M.) 240CC (ส.เจริญ),28.50
1193670,SPORNAR 100MG 25x4'S,515.00
1193671,AMMELTZ 48ML (S),100.00
1193672,AMMELTZ 82ML (L),138.00
1193674,AMMELTZ HEAT PATCH 1'S,22.00
1193675,KOOLFEVER 6'S (ADULT),78.00
1193676,KOOLFEVER 6'S (CHILD),78.00
1193677,KOOLFEVER 6'S (BABY),78.00
1193678,SD STANDARD ARM SLING (L),67.00
1193679,SD STANDARD ARM SLING (M),67.00
1193680,SD STANDARD ARM SLING (S),67.00
1193681,SD STANDARD ARM SLING (XL),67.00
1193682,SD STANDARD BACK SUPPORT BLACK (L),390.00
1193683,SD STANDARD BACK SUPPORT BLACK (M),390.00
1193684,SD STANDARD BACK SUPPORT BLACK (S),390.00
1193685,SD STANDARD BACK SUPPORT BLACK (XL),390.00
1193686,SD STANDARD BACK SUPPORT BLACK (XXL),390.00
1193689,THERMO PAD EX 40x60CM (กระเป๋าน้ำร้อนไฟฟ้า),2220.00
1193690,THERMO PAD 30x45CM (กระเป๋าน้ำร้อนไฟฟ้า),1485.00
1193691,ผงระงับกลิ่นกาย เต่าเหยียบโลก (เมนทอล),30.00
1193693,ผงระงับกลิ่นกาย เต่าเหยียบโลก (ซากุระ),30.00
1193694,ผงระงับกลิ่นกาย เต่าเหยียบโลก (ลาเวนเดอร์),30.00
1193695,ALBEMED 200MG 10x6'S (MDP),119.00
1193696,BAKAMOL 500MG 100'S,75.00
1193697,BAKAMOL 500MG 50x10'S,267.00
1193698,BAKAMOL SYRUP STRAWBERRY 60ML,31.50
1193699,BUSONASE 64MCG/DOSE (RHINOCORT),130.00
1193700,CETTEC 10MG 10x10'S,59.00
1193701,CETTEC SYRUP 100ML,25.00
1193702,MDP HANDI-C ALCOHOL 450ML,97.00
1193704,MDP CAL-MED 200MG 60'S,90.00
1193706,MDP ERYTHROMED 250MG 500'S,690.00
1193707,MDP FLOXCIPRO 500MG 10x10'S,132.00
1193708,MDP HYDROXYZINE-FC 10MG 1000'S,132.00
1193709,MDP MEDICPLEX FOIL 100x10'S,245.00
1193710,MDP MEDICVIT 1000'S (RED),235.00
1193711,MDP MEFAMED 500MG 25x10'S,6.50
1193712,MDP MEFAMED 500MG 500'S,250.00
1193713,MDP METFORMIN 500MG 50x10'S,180.00
1193714,MDP METRONIDAZOLE 200MG 1000'S (ORANGE),225.00
1193715,MDP METRONIDAZOLE 400MG 50x10'S,250.00
1193716,MDP MILK OF MAGNESIA 240CC (CHERRY),24.00
1193717,MDP MILK OF MAGNESIA 240CC (MINT),24.00
1193718,MDP NASALINE SPRAY 30ML,76.00
1193719,MDP ROMED 150MG FOIL 10x10'S,111.00
1193720,MDP ROMED 300MG 10x10'S,230.00
1193721,MDP SINUFEN 25x10'S (DIMETAPP),137.00
1193722,MDP T.A. LOTION 0.1% 30ML,20.50
1193723,MEDIFAST 180MG 1x10'S,39.00
1193724,MOXIPHARM 500MG 500'S (GREEN-BLUE),535.00
1193725,MOXIPHARM 500MG 50x10'S (GREEN-BLUE),485.00
1193726,PIROXAL GEL 25G,19.00
1193727,SAMBEE 1000'S (PINK),440.00
1193728,SAMBEE 100x10'S (PINK),4.70
1193729,SAMBION 10'S (NEUROBION),21.00
1193732,CATHERINE กลิ่นเก็กฮวย 32ซอง,99.00
1193734,I-KNEW CREAM 200G FREE 50G,140.00
1193736,AUREOMYCIN 250MG 12x10'S,51.00
1193737,AUREOMYCIN 5G (ทาแผล),31.00
1193738,AMICOF SYRUP 60ML (BLUE) (ADULT),29.00
1193739,AMICOF SYRUP 60ML (PINK) (CHILD),21.00
1193740,BACTEX OINTMENT 15G (L),116.00
1193741,BACTEX OINTMENT 5G (S),52.00
1193742,CLINDALIN GEL 10G,64.00
1193743,CLINDALIN GEL 5G,34.50
1193744,ERFUZIDE 200MG 10x12'S (สามัคคี),215.00
1193745,ERFUZIDE 30ML (S) (สามัคคี),21.00
1193746,ERFUZIDE 60ML (L) (สามัคคี),30.00
1193747,ZEMA CREAM 10G (L),30.00
1193748,ZEMA CREAM 5G (S),19.50
1193749,ZEMA LOTION 15ML (S),216.00
1193750,ZEMA LOTION 30ML (L),29.50
1193751,สามัคคี BIOVIT B2 50MG 1000'S (YELLOW),410.00
1193752,สามัคคี BIOVIT B6 50MG 1000'S (RED),245.00
1193753,สามัคคี CARBO MINT 1000'S,180.00
1193754,ยาริดสีดวง ตราปลามังกร 200เม็ด (เล็ก),62.00
1193755,ยาริดสีดวง ตราปลามังกร 500เม็ด 1x12ขวด,125.00
1193756,ยาดม สมุนไพรหมัก หงส์ไทย สูตร2 10กรัม (สีเขียว),34.00
1193757,ยาตรีนิสิงเห ตราหมอมี 300มล (เล็ก),78.00
1193758,ยาตรีนิสิงเห ตราหมอมี 600มล (ใหญ่),136.00
1193759,ยานัตถ์ ตราหมอมี 30x12กรัม,534.00
1193760,ยาอุทัย หมอมี 60มล,35.00
1193762,"ผ้าก๊อซ จีนแดง 3""x3"" 10ห่อ",51.00
1193763,"ผ้าก๊อซ จีนแดง 4""x4"" 10ห่อ",80.00
1193764,B-GAS 12x240ML,46.00
1193765,FLORA 30'S,85.00
1193766,FLORA PLUD 450ML,165.00
1193767,LILLY HERBAL LAXATIVE 12x30'S,64.00
1193768,ยาน้ำแก้ตัวร้อน ตราเขากุย 200มล,37.50
1193770,7STARS AMPICILLIN 500MG 50x10'S (แดง-ดำ),23.00
1193771,7STARS CLOXACILLIN 500MG 50x10'S (ส้ม-ดำ),21.00
1193772,7STARS MAMARINE BOOSTER 120ML (ORANGE),250.00
1193773,7STARS MAMARINE FORT OMEGA-3 120ML (NAVY BLUE),127.00
1193774,7STARS MAMARINE ORIGINAL 120ML (BLUE),70.00
1193775,7STARS ขี้ผึ้งสีชมพู 12กรัม 1x12ตลับ,259.00
1193776,ยาอมแก้ไอ ตะขาบ5ตัว ชนิดซอง 3กรัมx5โหล,155.00
1193777,ยาอมแก้ไอ ตะขาบ5ตัว ตลับ รสตะไคร้ 7กรัม,26.00
1193778,ยาอมแก้ไอ ตะขาบ5ตัว ตลับ รสบ๊วย 7กรัม,26.00
1193779,ยาอมแก้ไอ ตะขาบ5ตัว ตลับ รสมิ้นท์ 7กรัม,26.00
1193780,ยาอมแก้ไอ ตะขาบ5ตัว ตลับ รสสมุนไพร 7กรัม,26.00
1193782,ยาหอม เทพจิตร ตราห้าม้า 24ขวด,390.00
1193784,BERGAMOT DELICATE SHAMPOO 100ML (BLUE),82.00
1193785,BERGAMOT EXTRA DELICATE SHAMPOO 100ML (GRAY),96.00
1193786,BERGAMOT EXTRA HAIR TONIC 100ML (GOLD),258.00
1193787,BERGAMOT HAIR TONIC 100ML (GREEN),149.00
1193788,ALCON CLENS 100 8ML (น้ำตาเทียม),117.00
1193790,ALCON OPTI-FREE PURE MOIST 300ML,235.00
1193791,ALCON OPTI-FREE REPLENISH 300ML (L),212.00
1193793,ALCON OPTI-FREE REWETTING 10ML (น้ำตาเทียม),108.00
1193797,OPAZ 20MG 50x10'S,420.00
1193798,AIR-X 10x10'S (LEMON),123.00
1193799,AIR-X 10x10'S (MINT),123.00
1193800,AIR-X 10x10'S (ORANGE),123.00
1193801,AIR-X 50x10'S (LEMON),607.00
1193802,AIR-X 50x10'S (MINT),607.00
1193803,AIR-X 50x10'S (ORANGE),607.00
1193804,AIR-X 120MG 50x10'S,15.50
1193805,AIR-X 40MG 10x10'S (MINT) (NO SUGAR),125.00
1193806,AIR-X DROP 15CC,45.00
1193807,AMK 1000MG 10'S,105.00
1193808,AMK 625MG 10'S,85.00
1193809,AMK ORAL SUSPENSION 228MG 70ML,100.00
1193810,AMK ORAL SUSPENSION 457MG/5ML 70ML,150.00
1193811,DICLOXA RX 500MG 25x10'S,505.00
1193812,HAFIF SHAMPOO 50CC,44.00
1193815,AMELA-EX ANTI MELASMA CREAM 30ML,407.00
1193818,SEBAMED BODY LOTION 200ML (BABY),234.00
1193819,SEBAMED BODY LOTION 200ML,222.00
1193820,SEBAMED EVERYDAY SHAMPOO 200ML,192.00
1193821,SEBAMED LIQUID FACE&BODY WASH 1000ML,600.00
1193825,TRANSAMIN 250MG 100'S,270.00
1193826,ULGASTRIN 42'S,112.00
1193831,HEROMYCIN 10'S,21.00
1193832,HEROMYCIN 25x4'S,205.00
1193834,แรด ทาราด้า สเปรย์ 12มล,158.00
1193837,ยาแก้ไอ ซอมป่อยใหม่ 12x120มล (กลาง),19.75
1193838,ยาแก้ไอ ซอมป่อยใหม่ 12x240มล (ใหญ่),38.50
1193839,ยาแก้ไอ ซอมป่อยใหม่ 12x60มล (เล็ก),12.00
1193840,CAPSULE No.0 1000'S (ขาวใส),91.00
1193841,CAPSULE No.1 1000'S (ขาวใส),99.00
1193842,ยาดม สมุนไพร เอี๊ยะแซ 1x12ขวด,384.00
1193844,ยาเขียวผง ตราใบห่อ 25ซองx8กรัม (ซอง),95.00
1193845,ยาเม็ด ตราใบแก้ว 70เม็ด (กล่อง),130.00
1193846,ยาแก้ไอ ตราเสือ11ตัว สูตร11 60มล,16.50
1193847,ยาขมเม็ด ตราใบห่อ 25ซองx12เม็ด,93.00
1193848,ยาขมเม็ด ตราใบห่อ 70เม็ด,130.00
1193849,ยาดองเหล้า ตราเสือ11ตัว 15กรัม 1x12ซอง (ชนิดผง),168.00
1193850,ยาดองเหล้า ตราเสือ11ตัว 20กรัม 1x12ซอง (ชนิดแผ่น),194.00
1193851,ยาบำรุงร่างกาย ตราเสือ11ตัว 150มล,20.00
1193852,ยาฟ้าทะลายโจร ตราใบห่อ 70เม็ด,78.50
1193853,ยาระบาย ตราใบแก้ว 1x25ซอง (เม็ด),94.00
1193854,ยาริดสีดวงทวารหนัก ตราใบห่อ 12x60เม็ด,22.50
1193855,LIPS-CARE ตราเภสัชกร 24ตลับ (PINK),156.00
1193857,ULTRA LIP TREATMENT ตราเภสัชกร 4.5G,95.00
1193863,ยาเม็ด ลี้บ้วนซัว ตราตกเบ็ด 12x100เม็ด,45.00
1193864,ยาเม็ด ลี้บ้วนซัว ตราตกเบ็ด 12x300เม็ด,108.00
1193865,ยาเม็ด ลี้บ้วนซัว ตราตกเบ็ด 12x50เม็ด,25.00
1193869,ถุงมือแพทย์ ศรีตรังโกล์ฟ 50คู่ (M),397.00
1193870,ถุงมือแพทย์ ศรีตรังโกล์ฟ 50คู่ (S),397.00
1193872,กล้องยานัตถ์ 100อัน,4.00
1193873,SLIMING HERB 50SAC,80.00
1193875,ขมิ้นผงแท้ ตราโพธิ์แก้ว 150กรัม,30.00
1193876,ขมิ้นผงแท้ ตราโพธิ์แก้ว 400กรัม,65.00
1193877,ขมิ้นผงแท้ ตราโพธิ์แก้ว 8กรัม 10ซอง,30.50
1193878,ถุงมือยาง PRO GLOVE 100ชิ้น (L),94.00
1193879,ถุงมือยาง PRO GLOVE 100ชิ้น (M),94.00
1193880,ถุงมือยาง PRO GLOVE 100ชิ้น (S),94.00
1193881,NATUREGIFT BERNA 1000 LEMON 10SACHET,79.00
1193882,NATUREGIFT BERNA 1000 ORANGE 10SACHET,79.00
1193883,NATUREGIFT COFFEE PLUS 10SACHET,96.00
1193884,NATUREGIFT COLLAGEN COFFEE 10SACHET,115.00
1193885,NATUREGIFT EXTRA PLUS 10SACHET,100.00
1193886,NATUREGIFT EXTRA Q10 PLUS 10SACHET,122.00
1193888,NATUREGIFT XEROCAL Q10 PLUS 30'S,185.00
1193889,น้ำมันโรเบิธ 12x2ออนซ์ (เล็ก),48.50
1193890,น้ำมันโรเบิธ 12x4ออนซ์ (ใหญ่),73.00
1193895,HAWKSONE 20MG 10'S,156.00
1193896,KANOLONE 1Gx50SACHET,229.00
1193897,KANOLONE 5Gx12TUBE,22.50
1193898,KANOLONE LOTION 30ML,19.00
1193899,KANOLONE LOTION 60ML,32.00
1193901,ยาหอม ตราฤาษีทรงม้า 3กรัม 1x12ซอง,47.00
1193903,ยาหอม ตราฤาษีทรงม้า เบอร์2 10กรัม 1x12กล่อง,16.00
1193905,ยาหอม ตราฤาษีทรงม้า ใหญ่พิเศษ 30กรัม 1x6กล่อง,26.00
1193906,BODE GARLIC OIL 90'S+FREE 15'S,220.00
1193910,BODE VITAMIN-B COMPLEX MULTI 8 100'S,218.00
1193912,BODE VITAMIN-E 400IU 30'S,198.00
1193914,GLYMORIN SUPPO 10PCS (BLUE) (CHILDREN),58.00
1193915,GLYMORIN SUPPO 10PCS (RED),58.00
1193916,GLYMORIN SUPPO 10PCS (YELLOW) (ADULT),58.00
1193918,พิมเสนน้ำ เฌอเอม ลูกกลิ้ง 12x5มล (เล็ก),282.00
1193919,พิมเสนน้ำ เฌอเอม ลูกกลิ้ง 12x8มล (ใหญ่),364.00
1193920,ยาดม สมุนไพร เฌอเอม 1กรัม,174.00
1193921,การบูรหอม เฌอเอม 10x35กรัม,430.00
1193922,พิมเสนน้ำ เฌอเอม 6มล,229.00
1193923,ยาดม สมุนไพร เฌอเอม ขวดแก้ว 6กรัม,24.50
1193924,ยาหม่อง ผสมเสลดพังพอน เฌอเอม 22กรัม,144.00
1193925,ยาหม่อง ผสมเสลดพังพอน เฌอเอม 65กรัม,318.00
1193926,ยาหม่อง สูตรไพล เฌอเอม 22กรัม,145.00
1193927,ยาหม่อง สูตรไพล เฌอเอม 65กรัม,318.00
1193928,STRONK-K 25x25G (ถาวร),74.00
1193929,TONK-KKK 25x25G (ORANGE),74.00
1193930,BROMHEX 50x10'S,131.00
1193931,IBUMAN PLUS 40x10'S,680.00
1193932,MYDA-B CREAM 12x5G,15.50
1193933,MYDA-B CREAM 12x15G,33.00
1193934,MYDA-B CREAM 25G,52.00
1193935,T.M. DAZOLE 25x4'S,170.00
1193936,T.V.LONE LOTION 12x30ML,17.50
1193937,T.V.LONE LOTION 12x60ML,26.00
1193938,T-MAN BISACODYL 1000'S (PINK),153.00
1193941,T-MAN DOMINOX LIQUID 30ML (MOTILIUM),14.00
1193942,T-MAN LINCOX 500MG 50x10'S,17.00
1193943,T-MAN NICLOSAMIDE 500MG 25x4'S,190.00
1193944,T-MAN RINTACIN DRY 60ML,22.00
1193945,T-MAN TETRAMAN 1000'S (BLACK-RED),570.00
1193946,T-MAN VIT-C 25MG 1000'S (GRAPE),100.00
1193947,T-MAN VIT-C 25MG 1000'S (LEMON),100.00
1193948,T-MAN VIT-C 25MG 1000'S (ORANGE),100.00
1193949,T-MAN VIT-C 25MG 1000'S (PINEAPPLE),100.00
1193950,VOLTA 25MG 1000'S (DICLOFENAC),130.00
1193952,ALOE DERMA GEL 15G,28.00
1193953,MOSSI GUARD 30'S (แผ่นแปะกันยุง),280.00
1193954,POLAR SPRAY EUCALYPTUS OIL PLUS 280ML,190.00
1193955,PROPOLIZ 15x15'S,264.00
1193956,PROPOLIZ MOUTH SPRAY 15ML,86.50
1193957,T-MAN VIT-C 25MG 1000'S (STRAWBERRY),115.00
1193958,ยาแก้ไอ ตราไอยรา 120มล (แดง),35.00
1193959,ยาแก้ไอ ตราไอยรา 60มล (แดง),20.00
1193960,ยาแก้ไอ มะแว้ง ตราไอยรา ไลท์ 60มล (ขาว),23.00
1193961,ยาแก้ไอ มะขามป้อม ตราไอยรา 60มล (เขียว),20.00
1193962,ยาอมสมุนไพร มะแว้ง ตราไอยรา 20x15เม็ด (ส้ม),330.00
1193963,ยาอมสมุนไพร มะแว้ง ตราไอยรา 20x15เม็ด (บ๊วย),330.00
1193964,ยาอมสมุนไพร มะแว้ง ตราไอยรา 20x15เม็ด(มะนาว),330.00
1193965,ALLEX 10MG 1x10'S,12.00
1193966,BERAMOL DROPS 12x15ML,18.50
1193967,BERAMOL SYRUP 12x60ML,17.00
1193969,SULIDINE CP 10x10'S,187.00
1193972,O-LYTE 25x20G (เกลือแร่) (ORANGE),75.00
1193973,OPSA-DEX 5CC (ORANGE),20.50
1193974,OPSA-HIS 5CC (VIOLET),23.00
1193979,TONY LOTION 30ML,19.00
1193980,TONY LOTION 60ML,32.00
1193981,ยาเขียว ตราใบโพธิ์ 5โหล,550.00
1193982,ยากวาด ตราใบโพธิ์ 5โหล,550.00
1193983,NEO-LYTE 50x25G (ORANGE),127.00
1193984,ROYAL-D 10x25G (S),37.00
1193985,ROYAL-D 50x25G (L),165.00
1193986,ROZAR-D ORANGE 50x20G,110.00
1193987,ยาสีฟันสมุนไพร หมอจุฬา100กรัม (สูตรเอ็กซ์ตร้า),57.00
1193988,ยาสีฟันสมุนไพร หมอจุฬา 100กรัม (สูตรดั้งเดิม),42.00
1193989,สบู่สมุนไพร หมอจุฬา สูตร1 90กรัม,47.00
1193990,HECIN 12x20G (กำจัดเหา),28.00
1193992,HEXIN 12แผงx4'S (ถ่ายพยาธิตัวตืด),207.00
1193993,JOINT 20MG 10'S,13.50
1193994,NOXA 20MG 10'S,12.00
1193995,NOXZY 12x4'S,77.00
1193996,NICHIDI 15.3G 12x1'S,33.00
1193998,ยาสตรี เบนโล 12x180มล (เล็ก),29.00
1193999,ยาสตรี เบนโล 12x280มล (ใหญ่),35.50
1194000,รอว์ร่า สบู่สมุนไพรกลั่น 170กรัม,364.00
1194001,CHOON FOURSEASON 100'S,365.00
1194002,SAHA PVC URINAL (กระบอกปัสสาวะชาย) (คละสี),27.00
1194003,ยาบำรุงร่างกาย ตราชุน 1000เม็ด,750.00
1194004,หม้อนอนพลาสติก (สห พี.วี.ซี),93.00
1194008,ยาสีฟันตำรับโบราณวิเศษนิยม 40กรัม (10ซอง),105.00
1194010,ยาหม่อง สมุนไพร ตราโพธิ์หยก 50กรัมx3ขวด,133.00
1194011,ยาประดง พระสังข์ทรงช้าง 40เม็ด,30.50
1194012,พร-ยาเป่าคอ ตรากาไก่ 12ซอง,127.00
1194013,ยาเลือกนาม ตรากาไก่ 12ซอง,50.00
1194014,ยากุมาร ตรากาไก่ 300มล,25.00
1194015,ยาประดงค์ 108 ตราราชสีห์ 12x30เม็ด,118.00
1194017,ยาถ่าย ตรา123 10x10แคปซูล,480.00
1194018,ยาธาตุ จอมทอง 12x300มล,39.00
1194020,ยาสตรี จอมทอง 300มล,40.83
1194021,ยาสตรี ว่านชักมดลูก จอมใจ 10x30แคปซูล,156.00
1194022,ยาสตรี ว่านชักมดลูก จอมใจ 300มล,155.00
1194023,ยาสตรี ว่านชักมดลูก จอมใจ 750มล,306.00
1194024,ยาสตรี นิสิงเห จอมทอง 300มล,46.00
1194025,ยาสตรี นิสิงเห จอมทอง 750มล,82.00
1194026,แป้งโยคี รัศมีวงกลม 60กรัม,55.02
1194027,ปีแปกอ ลูกกตัญญู 150CC (กลาง),87.00
1194028,ปีแปกอ ลูกกตัญญู 300CC (ใหญ่),138.00
1194029,ปีแปกอ ลูกกตัญญู 75CC (เล็ก),59.00
1194030,ลูกอม เนียมฉื่ออำ ส้ม-มะนาว 24ซอง,576.00
1194031,ลูกอม เนียมฉื่ออำ ดั้งเดิม 24ซอง (เหลือง),576.00
1194032,ลูกอม เนียมฉื่ออำ ดั้งเดิม ตลับ 60กรัม (เหลือง),66.00
1194033,ลูกอม เนียมฉื่ออำ บ๊วยยูมิ 24ซอง (ม่วง),576.00
1194034,ลูกอม เนียมฉื่ออำ บ๊วยยูมิ ตลับ 60กรัม (ม่วง),66.00
1194035,ลูกอม เนียมฉื่ออำ ส้ม-มะนาว ตลับ 60กรัม,66.00
1194036,ยาน้ำระดมพล แก้กษัย 300มล,43.50
1194037,BEROCCA ORANGE FLAVOUR 2x15'S (TWIN PACK),327.00
1194038,นม ONCE PRO 400G,425.00
1194039,BERLIN IMMUCEPT 250MG 10x10'S,2120.00
1194044,ถุงหูหิ้วสีขาวไม่พิมพ์ 12x20นิ้ว (1KG/ห่อ),74.00
1194045,IMURAN 50MG 4x25'S,1625.00
1194046,LISTERINE TARTAR 2x250ML (TWIN PACK),71.00
1200002,AVAMIGRAN 1x10'S,46.00
1200005,EZERRA PLUS CREAM 25G (S),414.00
1200006,EUCERIN HYA FILLER ELASTICITY DAY CREAM SPF30 50ML,2085.00
1200007,EUCERIN HYA FILLER ELASTICITY NIGHT CREAM 50G,2160.00
1200009,EUCERIN SUN DRY TOUCH OIL CONTROL SPF50 20ML,449.00
1200012,N95 3D หน้ากากอนามัย 4ชิ้น/ซอง (UNICHARM) L,68.00
1200013,N95 3D หน้ากากอนามัย 5ชิ้น/ซอง (UNICHARM) BOY,82.00
1200017,MEGA IMMUPLEX 300G (รสกล้วย-วนิลลา),760.00
1200018,MEGA IMMUPLEX 300G (รสจืด),760.00
1200021,SOS THERMOMETER DIGITAL (ปลายอ่อน) (RED),89.00
1200025,หน้ากาก NEXT HEALTH MASK 50'S (PINK),44.00
1200026,ALCOHOL GEL ALSOFF 450ML,52.00
1200028,VASELINE PETROLEUM JELLY 100G,106.00
1200029,VASELINE PETROLEUM JELLY 250G,220.00
1200031,EUCERIN HYA FILLER ELASTICITY EYE CREAM SPF 20 15ML,1456.00
1200033,PROVAMED BABINI BABY WIPES 80'S (NEW FORMULA),64.00
1200035,VISTRA PURE COLLAGEN DIPEPTIDE 5G 30SAC,660.00
1200042,TIGERPLAST SUPPORT KNEE เข่า (S),197.00
1200043,TIGERPLAST SUPPORT KNEE เข่า (M),197.00
1200044,TIGERPLAST SUPPORT KNEE เข่า (L),197.00
1200045,TIGERPLAST SUPPORT KNEE เข่า (XL),197.00
1200046,TIGERPLAST SUPPORT ANKLE ข้อเท้า (S),189.00
1200047,TIGERPLAST SUPPORT ANKLE ข้อเท้า (M),189.00
1200048,TIGERPLAST SUPPORT ANKLE ข้อเท้า (L),189.00
1200049,TIGERPLAST SUPPORT WRIST ข้อมือ,175.00
1200052,"TIGERPLAST SPORT TAPE 1""x10YDS (ขาว) (ม้วน)",59.50
1200053,"TIGERPLAST SPORT TAPE 2""x10YDS (ขาว) (กระบอก)",492.00
1200056,TIGERPLAST PREMIUM ผ้า 1x10ซอง,110.00
1200057,TIGERPLAST พลาสติก 1x10ซอง (สีเนื้อ),97.00
1200058,TIGERPLAST พลาสติก 1x10ซอง (สีใส),98.00
1200059,TIGERPLAST ZOO PARTY PlASTIC 1x10ซอง,131.00
1200060,TIGERPLAST พลาสเตอร์ใสกันน้ำ (WF) 19x40MM (10ชิ้น),25.00
1200061,TIGERPLAST พลาสเตอร์ใสกันน้ำ (WS) 25x72MM (10ชิ้น),25.00
1200062,TIGERPLAST พลาสเตอร์ใสกันน้ำ (W1) 60x70MM (3ชิ้น),35.00
1200063,TIGERPLAST พลาสเตอร์ใสกันน้ำ (W2) 60x100MM (2ชิ้น),34.00
1200064,TIGERPLAST พลาสเตอร์ใสกันน้ำ (W3) 80x100MM (2ชิ้น),40.00
1200065,TIGERPLAST พลาสเตอร์ใสกันน้ำ (W4) 100x120MM (2ชิ้น),44.00
1200066,TIGERPLAST ฟิล์มใสกันน้ำ (N1) 60x70MM (5ชิ้น),41.00
1200067,TIGERPLAST ฟิล์มใสกันน้ำ (N2) 60x100MM (5ชิ้น),47.00
1200068,TIGERPLAST ฟิล์มใสกันน้ำ (N3) 80x100MM (5ชิ้น),57.00
1200069,TIGERPLAST ฟิล์มใสกันน้ำ (N4) 100x120MM (5ชิ้น),67.00
1200070,TIGERPLAST SOFT PAD (P1) 60x70MM (5ชิ้น),33.50
1200071,TIGERPLAST SOFT PAD (P2) 60x100MM (4ชิ้น),33.00
1200072,TIGERPLAST SOFT PAD (P3) 80x100MM (4ชิ้น),41.00
1200073,TIGERPLAST SOFT PAD (P4) 100x120MM (3ชิ้น),40.50
1200075,OXE'CURE BODY WASH PH5.5 400ML,293.00
1200076,CONCOR AM 5MG/5MG 30'S,303.00
1200077,CONCOR AM 5MG/10MG 30'S,328.00
1200078,พิมเสนน้ำ โป๊ยเซียน 12x3มล (ขวดแบน),177.00
1200079,ALLERNIX 5MG SYRUP 60ML,44.00
1200082,MEGA UNO MINT 1x10'S,47.00
1200083,MEGA CURCARE 3x10'S,346.00
1200084,MEGA AVARIN 1x10'S,61.00
1200088,BEURER HA20 (เครื่องช่วยฟัง),608.00
1200094,ACNETIN-A 0.025% 10G,42.50
1200095,ACNETIN-A 0.05% 10G,46.00
1200097,CREON-10000 150MG 10x10'S,2020.00
1200099,ยาดมไผ่คู่ 1x 5โหล,73.00
1200101,MP CAL-TILAGE 60'S,638.00
1200103,MP VARI VINA 30'S,400.00
1200104,MP CAL-TILAGE 30'S,358.00
1200105,MP CAL-WEED 60'S,468.00
1200106,MP WINNO 30'S,382.00
1200107,MP DANDENA 30'S,453.00
1200108,MP CHOLI MAX 30'S,333.00
1200112,ZOBREX 200MG 1x10'S (CELEBREX),48.00
1200114,TERACORTE SKIN CREAM 0.25% 15G (TOPICORTE),63.00
1200115,NOVOFINE 30G 0.03x8MM,525.00
1200116,NOVOFINE 31G 0.25x6MM,552.00
1200117,LISTERINE TOTAL CARE 750ML+250ML,135.00
1200118,TRAJENTA DUO 2.5/500MG 6x10'S,1504.00
1200120,BETALOC ZOK 100MG 30'S,235.00
1200121,TRAJENTA DUO 2.5/1000MG 6x10'S,1504.00
1200122,NATURE'S KING ROYAL JELLY 1000MG 120CAP (S),434.00
1200123,TO TOFAGO 1x10'S,24.50
1200124,BIOBAC DIETARY SUPPLEMENT 11.335ML 1x7ขวด,310.00
1200125,OMRON เครื่องพ่นยา NE-U100,3470.00
1200126,OMRON เครื่องวัดความดัน ข้อมือ HEM-6161,835.00
1200127,OMRON เครื่องวัดความดัน HEM-7120,1300.00
1200128,OMRON เครื่องวัดความดันอัตโนมัติ ต้นแขน HEM-7600T,3870.00
1200131,TO AMOTIN 1000MG 5x10'S,375.00
1200132,TO TOVASTIN 40MG 3x10'S,358.00
1200138,I-CAL PLUS 30'S,234.00
1200139,MEGA DIAVIT 1x10'S,87.00
1200140,XIDANE 7.5 MG 10x10'S (MOBIC),163.00
1200141,TELFAST ORAL SUSP. 6MG/ML 60ML,130.00
1200143,CHELA MAG 3x10'S,267.00
1200144,CHELA ZINC 3x10'S,215.00
1200147,น้ำมันกระเทียม SUN GARLIC PEARLS 100CAP,113.00
1200148,KOOLCAPP 10x8'S,255.00
1200149,KOOLCAPP กระปุก 1x30'S,83.00
1200150,KOOLCAPP กระปุก 1x60'S,134.00
1200153,DECAQUINON 10MG 3x10'S,206.00
1200154,KOMBIGLYZE XR 5MG/1000MG 4x7'S,1350.00
1200159,XIGDUO-XR 10MG/1000MG 4x7'S,1520.00
1200160,NODOGLE MOUTH SPRAY 15ML,84.00
1200164,EUCERIN ULTRASENSITIVE REPAIR CREAM 50ML (ผิวแห้ง),971.00
1200165,EUCERIN ULTRASENSITIVE REPAIR GEL 50ML (ผิวมัน/ผิวผสม),971.00
1200166,อ้วยอัน ฟ้าทะลายโจรสกัด 60แคปซูล,95.00
1200168,SANDOZ FELODIPINE 5MG 30'S (PLENDIL),263.00
1200169,TWYNSTA 40/5MG 30'S,650.00
1200170,SEROQUEL 25MG 3x10'S,865.00
1200172,PROBAC 10 PLUS 1x30SACHET,2170.00
1200179,GSK DUODART 0.5MG/0.4MG 30CAP,1500.00
1200180,EPIDUO GEL PUMP 0.1%/2.5% 15G,517.00
1200181,PROBAC 7 1x30SACHET,1185.00
1200185,BRILINTA 90MG 60'S,2820.00
1200187,บ๊วยเค็ม 200กรัม (EL),58.00
1200188,CETAPHIL PRO AD MOISTURIZER 295ML,798.00
1200191,ASPIRINE 81MG 100x10'S (PINK) (อังกฤษตรางู),250.00
1200193,OXE'CURE FACIAL ACNE LOTION 10ML,67.00
1200194,ถุงมือยาง NEXT HEALTH PRO 100PCS (ผิวเรียบ) (S),84.00
1200195,ถุงมือยาง NEXT HEALTH PRO 100PCS (ผิวเรียบ) (M),84.00
1200196,ถุงมือยาง NEXT HEALTH PRO 100PCS (ผิวเรียบ) (L),84.00
1200198,PRADAXA 110MG 3x10'S,1700.00
1200199,MEGA GOFEN 400MG 1x10'S,81.00
1200203,ยาหม่อง สูตรตะไคร้หอม ตราวังพรม 50กรัม,56.00
1200205,PROVAMED SCAR SILICONE 10G,235.00
1200206,VISTRA CALPLEX 600MG+MENAQUINONE-7 30'S,150.00
1200210,SANDOZ DESLORATADINE 5MG 1x10'S (AERIUS),116.00
1200211,ALGYCON TABLETS 7x12'S,954.00
1200213,FLUIMUCIL-A 200MG 30'S,202.00
1200214,MAXXLIFE FISH OIL 90CAP+30CAP,358.00
1200215,SEROQUEL 200MG 3x10'S,2720.00
1200218,CERAVE MOISTURISING CREAM 50ML,146.00
1200219,CERAVE MOISTURISING LOTION 88ML,189.00
1200220,CERAVE FOAMING CLEANSER 473ML,499.00
1200221,CERAVE HYDRATING CLEANSER 473ML,429.00
1200222,CERAVE MOISTURISING CREAM 454G,569.00
1200223,CERAVE MOISTURISING LOTION 473ML,467.00
1200225,LA ROCHE ANT OIL GEL UV MUNE SPF50+ 50ML,954.00
1200226,LA ROCHE ANTHELIOS UVMUNE INVISIBLE FLUID 50ML,959.00
1200230,LA ROCHE ANTHELIOS UVMUNE OIL CONTROL FLUID 50ML,925.00
1200232,LA ROCHE CICAPLAST BAUME B5+ 40ML,387.00
1200233,LA ROCHE CICAPLAST BAUME B5+ 15ML,206.00
1200236,LA ROCHE EFFACLAR DUO+M 40ML,694.00
1200257,VICHY MINERAL 89 50ML,975.00
1200261,7STARS DOXYCYCLINE 50X10'S (GREEN),514.00
1200262,แผ่นเสริมซึมซับ ไลฟ์รี่ 28ชิ้น (กลางวัน),165.00
1200263,CAST COMFORT SPRAY 200ML,228.00
1200264,OMRON เครื่องวัดความดัน HEM-7156-A,1998.00
1200268,GPO SERTRALINE 50MG 2X15'S (ZOLOFT),117.00
1200269,LISTERINE TARTAR 2x750ML (TWIN PACK),225.00
1200270,LISTERINE TOTAL CARE 2x250ML (TWIN PACK),71.00
1200271,ด่างทับทิม แสงสว่างตราค้างคาว 10กรัม 1x12ขวด,103.00
1200272,MP GLUPLUNA 30CAP,370.00
1200273,PHARMICA PLASTER WARM 6'S/BOX,292.00
1200274,PHARMICA PLASTER COOL 10'S/BOX,292.00
1200275,แผ่นรองซับ CERTAINTY 10ชิ้น,87.00
1200283,CETAPHIL GENTLESKIN CLEANSER 1000ML+125ML,747.00
1200286,BUFLEX 600MG 25x10'S (PINK),304.00
1200294,BP MYMOL 500MG 100'S (WHITE-BLUE)(เม็ดกลม),26.00
1200296,ANB น้ำเกลือ KLEAN&KARE 200ML (M),33.50
1200297,MADOPAR DISPERSIBLE 125MG 100'S,850.00
1200298,CAFERGOT 1x10'S,59.00
1200300,TRILIPIX 135MG 30CAP,847.00
1200304,MP KINTA 4'S,338.00
1200305,TRUSLEN COFFEE PLUS 10SACHET,69.00
1200306,TRUSLEN COFFEE PLUS COLLAGEN 10SACHET,73.00
1200307,DENTISTE PLUS WHITE 50M (+10M) (ไหมขัดฟัน),67.00
1200308,ท่อบรรจุแก็สออกซิเจน ขนาด 1.5คิว,2470.00
1200309,รถเข็นท่อออกซิเจน ขนาด 1.5คิว,675.00
1200310,CHLOVAS 40MG 3x10'S,245.00
1200316,VISTRA IMUFORTE 46.50G 30CAP,244.00
1200317,VELDENT MOUTH SPRAY 18ML,85.00
1200318,GREATER MYBACIN MYFLUORIDE JUNIOR STRAWBERRY 250ML,41.00
1200319,GREATER MYBACIN MYFLUORIDE JUNIOR ORANGE 250ML,41.00
1200320,GREATER MYBACIN OTC MINT 20x8'S,177.00
1200323,REFER CREAM 50G,130.00
1200324,MDP DICLOXMED 500MG 50x10CAP (BLUE-WHITE),765.00
1200328,SORE MOUTH POWDER 5G,39.00
1200329,COMFORT100 1000CC (MALE&FEMALE),98.00
1200330,ALBUMEN EGG POWDER 400G,732.00
1200331,ALBUMEN EGG 30TAB,195.00
1200333,ROSKEN SKIN REPAIR DRY SKIN CREAM 75ML,73.00
1200339,PULMICORT RESPULES 0.5MG/ML 20x2ML,785.00
1200345,APRACUR-NC 25x6'S,179.00
1200346,"เข็ม (ปีกผีเสื้อ) NIPRO SCALP VEIN 24Gx3/4"" 50'S",264.00
1200347,"เข็ม (ปีกผีเสื้อ) NIPRO SCALP VEIN 25Gx3/4""",264.00
1200348,PURIDE 300MG 50x10'S,18.20
1200349,EUCERIN ULTRA HYA MICELLAR WATER 200ML,448.00
1200350,EUCERIN ULTRA HYA CLEANSING MILK 200ML,524.00
1200352,EUCERIN ULTRA HYA TONER 200ML,528.00
1200353,MONUROL 1x3G,400.00
1200354,POLIDENT FLAVOUR FREE ครีมติดฟันปลอม 60G,217.00
1200355,PIROXICAM FORTE 1x10CAP,11.00
1200356,SRICHAND BABY NEW BORN POWDER 150 G,41.00
1200365,CHLOVAS 20MG 3x10'S,264.00
1200366,หน้ากาก NEXT HEALTH MASK 50'S (GREEN),44.00
1200367,กระเป๋าพยาบาลสะพาย (ใบใหญ่) ขนาด8x14x9.5 นิ้ว,398.00
1200369,MEGA ZIRIN 1x10'S,90.00
1200370,ANB STERILE WATER 1000ML (AQUA KAREสำหรับชง),33.00
1200372,7STARS MAMARINE ELDERBERRY 120ML,282.00
1200373,LUTEINA 60CAP,142.00
1200378,POLIDENT FLAVOUR FREE ครีมติดฟันปลอม 20G,86.00
1200379,แผ่นรองซับ SOFTEX 10ชิ้น,86.00
1200381,BERGAMOT HAIR LOTION 90ML (GREEN),58.00
1200382,BERGAMOT EXTRA HAIR LOTION VF 100ML (GOLD),109.00
1200383,OREX STERICOTT สำลีก้อนชุบแอลกอฮอล์ 70% 10x8ก้อน,78.00
1200391,ENCEPHABOL FORTE 200MG 25x10'S,101.00
1200396,อภัยภูเบศร์ ขมิ้นชัน 500มก 6x10แคปซูล,69.00
1200400,นม NESTLE BOOST FIBER 800G,775.00
1200401,DEXILANT 60MG 4x7CAP,636.00
1200403,PRIMOLUT-N 5MG 2x15'S,171.00
1200405,MEGA GOGAZ 200MG 1x10'S,29.00
1200406,BP MYMOL 500MG 1000'S (WHITE-BLUE)(เม็ดกลม),220.00
1200407,St. ANDREWS HAND CLEANSING SPRAY (PEACH) 25ML,42.00
1200408,SEBAMED BABY BUBBLE BATH 200ML,242.00
1200409,EZERRA EXTRA GENTLE CLEANSER 500ML,317.00
1200411,LORIUS SYRUP 60ML (AERIUS),81.00
1200412,เอี๊ยะบ่อเช่าผสมว่านชักมดลูก สูตร2 1x10CAP ตราC&L,106.00
1200413,FLUIMUCIL-A 600MG 5x2'S,160.00
1200417,M-CIN 50ML,87.00
1200419,CETAPHIL MOIST.CREAM 453G (กระปุก) (+ของแถม),665.00
1200420,BLACKMORES EXEC-B 30'S,230.00
1200421,BLACKMORES MULTI-B 30'S,189.00
1200422,JASON'S HERBAL 12x10'S (GREEN),178.00
1200423,FURANO DENTURE CLEANSING 1x24'S (เม็ดฟู่),90.00
1200425,PROVAMED ANTI MELASMA ADVANCED SERUM 15ML,285.00
1200426,POLYGOT 1x10'S (CAFERGOT),23.00
1200429,ยาน้ำมันเหลืองสูตรไพล ตราแม่กุหลาบ 3ซีซี 1x12ขวด,183.00
1200430,ยาน้ำมันผสมเสลดพังพอน ตราแม่กุหลาบ 3ซีซี 1x12ขวด,183.00
1200431,EBIXA 10MG 2x14'S,2199.00
1200432,PLAQUENIL 200MG 4x15'S,1050.00
1200433,โฟมล้างมือ คิเรอิ 250มล กลิ่นออริจินอล (ขวดปั๊ม),65.00
1200434,โฟมล้างมือ คิเรอิ 200มล กลิ่นออริจินอล (ถุงเติม),30.00
1200436,มวยครีม 4x60กรัม (กลาง),54.00
1200437,โฟมล้างมือ คิเรอิ 200มล กลิ่นพีช (ถุงเติม),30.00
1200438,ASTAIR 10MG 4x7'S (SINGULAIR),122.00
1200439,7STARS MAMARINE BIO-C PLUS ELDERBERRY 30CAP,184.00
1200440,HAARLON REVITALIZING HAIR SHAMPOO 220ML,199.00
1200442,PHARMA NORD BIO-PYCNOGENOL 90'S,1969.00
1200443,EFEXOR XR 150MG 2x14'S,2540.00
1200445,SOS STERILE EYE PAD 5.8x8.3CM 10SAC,87.00
1200446,SOS พลาสเตอร์กันน้ำ T1-B (3x7CM) 9'S,21.00
1200449,CETAPHIL GENTLESKIN CLEANSER 500ML (L) (SET),424.00
1200450,คอฟฟี่ แปะก๊วย 15x12กรัม,190.00
1200452,T.A. CREAM 0.1% 500G (YELLOW),244.00
1200456,FRX FAVOSOFT LIP CARE 10G,35.00
1200457,MEGA GLUCOMEAL VANILLA 400G,860.00
1200458,TIGERPLAST LEO POVIDONE 15ML,25.00
1200460,HIMALAYA SINCE 1930 PURIFYING NEEM FACE WASH 150ML,113.00
1200461,HIMALAYA PURIFY NEEM FOAMING FACE WASH 150ML,168.00
1200462,HIMALAYA OIL CONTROL LEMON FACE WASH 100ML,90.00
1200463,HIMALAYA PURIFY NEEM FACE WASH 50ML,57.00
1200464,HIMALAYA GENTLE EXFO DAILY FACE WASH 50ML,57.00
1200465,HIMALAYA GENTLE EXFO APRICOT SCRUB 150ML,133.00
1200466,HIMALAYA SINCE 1930 PURIFYING NEEM SCRUB 100ML,102.00
1200467,HIMALAYA NEEM FACE PACK 100ML,102.00
1200470,HIMALAYA UNDER EYE CREAM 25ML,157.00
1200472,HIMALAYA REVITALIZING NIGHT CREAM 50ML,196.00
1200473,HIMALAYA CLEAR COMPLEX WHITE DAY CREAM 50ML,236.00
1200474,HIMALAYA ANTI-WRINKLE CREAM 50ML,224.00
1200475,HIMALAYA ANTI-HAIR FALL SHAMPOO 200ML,93.00
1200476,HIMALAYA ANTI-DANDRUFF SHAMPOO 200ML,93.00
1200478,HIMALAYA ACTIVE FRESH HERBAL TOOTHPASTE 100G,62.00
1200482,HIMALAYA SINCE 1930 MOISTURIZING BABY SOAP 75G,23.00
1200483,HIMALAYA SINCE 1930 GENTLE BABY BATH 200ML,86.00
1200484,HIMALAYA SINCE 1930 BABY POWDER 200G,52.00
1200485,HIMALAYA SINCE 1930 BABY POWDER 400G,64.00
1200489,NASOL SPRAY 15ML,82.00
1200490,COGETINE 5GM,19.00
1200496,EUCERIN PRO ACNE SOLUTION SOFT CLEANSING FOAM 150G,494.00
1200498,BIOGAIA DROP 1x5ML,790.00
1200499,BIOGAIA CHEWABLE 1x10TAB,347.00
1200502,EUCERIN HYA (HD) RADIANCE LIFT FILLER 3D SERUM 30ML,2580.00
1200503,SIAM ONSIA 4MG 1x10'S,102.00
1200504,SIAM ONSIA 8MG 1x10'S,130.00
1200505,ANB จุกล้างจมูก KLEAN&KARE 24x2'PCS,25.50
1200506,หน้ากาก NEXT HEALTH MASK 50'S (WHITE),44.00
1200507,หน้ากาก MIND MASK (KIDS) 50'S (WHITE),60.00
1200509,LURLAXY CREAM 50G (RELAX),200.00
1200510,DELTACARBON 1x10'S,24.00
1200511,MP FISH OIL 1000MG 100CAP(+แถม15CAP),308.00
1200512,BLACKMORES 9+ CARE GOLD 60CAP,525.00
1200513,RESCUE PM 2.5 MASK 3D 1x3ชิ้น (WHITE) (อังกฤษตรางู),798.00
1200514,RESCUE PM 2.5 MASK 3D 1x3ชิ้น (BLACK) (อังกฤษตรางู),680.00
1200516,TIGERPLAST LEO POVIDONE 30ML,36.00
1200518,เอี่ยวน้ำ ฟ้าทะลายโจร 100แคปซูล,56.00
1200519,CYBELE SCAGEL 4G,74.00
1200520,ยาดม เป๊ปเปอร์มิ้นท์ฟิลด์ แบล็คอินเฮเลอร์,250.00
1200521,GREATER MYBACIN OTC MINT 140x8'S (PIP),1170.00
1210002,CATALIN EYE DROP 15CC,138.00
1210003,อ้วยอัน กระชายขาวสกัด 60 แคปซูล,147.00
1210004,BEURER รุ่น PO30 (เครื่องวัดออกซิเจนในเลือดปลายนิ้ว),1580.00
1210007,TERUMO SYRING 20ML (NO LANCET),6.00
1210008,MOBILITYรถเข็นล้อ 12 นิ้ว เบาะสก็อตพับหลัง (รุ่น-FS879LAJ),4270.00
1210009,MOBILITYรถเข็นล้อ 12 นิ้ว เบาะสีส้ม (รุ่น-SYIV100-KJT108-12),4350.00
1210011,OXYGEN O2 8000ML,107.00
1210016,BLACKMORES OMEGA TRIPLE DAILY 60'S,789.00
1210019,NIPRO SYRINGE 1ML,190.00
1210020,SALONPAS 1x20'S,66.00
1210021,SALONPAS 1x40'S,122.00
1210024,ฮ่อแรด ครีม 20x1กรัม,450.00
1210025,AU MARNON 50x28'S,8.50
1210027,VITOP 10x10'S,405.00
1210029,VIVACOR 20MG 28'S,935.00
1210031,"เข็ม (ปีกผีเสื้อ) NIPRO SCALP VEIN 27Gx3/4""",264.00
1210032,MOBILITYรถเข็นล้อ 22นิ้วเบาะสก็อตพับได้(รุ่นSYIV100-KJT102),5200.00
1210033,MOBILITY เก้าอี้อาบน้ำพับได้ (สีขาว) (รุ่น HFK-3109),1500.00
1210034,GSK VALTREX 500MG 3x14'S,3110.00
1210036,NEOPLAST CLEAR PLASTIC BANDAGE 10 BAGs,122.00
1210037,TP VITAMIN C INJECTION 50x2ML,220.00
1210038,อภัยภูเบศร์ ยาอมมะขามป้อม 10x40เม็ด สูตร 1,84.00
1210039,อภัยภูเบศร์ ยาอมมะขามป้อม 10x40เม็ด สูตร 2,84.00
1210040,เอี่ยวน้ำ ขมิ้นชัน 100แคปซูล,51.00
1210043,NATURE'S KING ROYAL JELLY 1000MG 365CAP (L),890.00
1210044,LACTACYD ALL-DAY CARE 150ML,109.00
1210045,LACTACYD ALL-DAY CARE 60ML,58.00
1210048,นมเม็ดไวท์ฟาร์ม รสช็อคโกแลต 112กรัม (10ซอง),87.00
1210049,นมเม็ดไวท์ฟาร์ม รสหวาน 112กรัม (10ซอง),87.00
1210050,KARISMA BABY WATER WIPES 20'S (S),29.00
1210051,KARISMA BABY WATER WIPES 80'S (L),72.00
1210052,BLACKMORES FISH OIL MINI 60'S,367.00
1210053,BLACKMORES BIO-C ACEROLA PLUS 1500MG 40'S,242.00
1210054,BLACKMORES MULTIVITAMIN NUTRI 50+ 30'S,277.00
1210055,BLACKMORES MULTIVITAMIN NUTRI 50+ 60'S,515.00
1210057,MEGA GINKGO BILOBA EXTRACT 60'S,184.00
1210058,GPO ฟ้าทะลายโจร 60CAP,38.00
1210059,GPO ขมิ้นชัน 50CAP,38.00
1210060,BLACKMORES CHOLES BLOC 60'S,610.00
1210061,PROPOLIZ PLUS EXTHERB MOUTH 15ML,113.00
1210062,MEGA UROFLOW 3x10'S,525.00
1210063,SEKURE WIPES 100'S,107.00
1210066,MP MACCA 40'S,354.00
1210067,MP PET-SUNG-KAT 40'S,310.00
1210068,MP PRASA 40'S,428.00
1210069,ปรอทแท่ง ARMPIT CLINICAL THERMOMETER #CE0197,314.00
1210070,MP RICE BRAN AND GERM OIL 60'S,308.00
1210071,MP HG HAIR SHAMPOO 250ML,177.00
1210072,7STARS MAMARINE FORT OMEGA-3 60ML (NAVY BLUE),67.00
1210073,7STARS MAMARINE BOOSTER 60ML (ORANGE),131.00
1210074,7STARS MAMARINE ELDERBERRY 60ML,148.00
1210075,SOS FAR INFRARED PATCH 8x12CM (4ซองx2ชิ้น),100.00
1210076,ยาสีฟันสมุนไพร เทพไทย สูตรเกลือ 30กรัม,46.00
1210077,ยาสีฟันสมุนไพร เทพไทย สูตรเกลือ 70กรัม,80.00
1210078,TO ROVASTOR 10MG 2x14'S,342.00
1210079,TO ETORICOXIB 90MG 3x10'S (ARCOXIA),179.00
1210080,TO TOBISAN 300MG 2x14'S (APROVEL),237.00
1210086,MEGA AB PRE&PRO 10SAC,237.00
1210087,MEGA PHENZ 10'S,87.00
1210089,BLACKMORES FISH OIL MINI 2x60'S,554.00
1210090,BEROCCA MANGO FLAVOUR 15'S,171.00
1210091,OK HERBAL 30mL. 1x12'S (สีดำ),364.00
1210092,OK HERBAL 30ML 1x12'S (สีน้ำตาลเข้ม),364.00
1210093,OK HERBAL 30mL. 1x12'S (สีน้ำตาลประกายทอง),364.00
1210094,OK HERBAL 30mL. 1x12'S (สีน้ำตาลประกายแดง),364.00
1210095,PULMICORT RESPULES 1MG/ML 20x2ML,1025.00
1210096,ESTROFEM 2MG 28'S,188.00
1210101,MEGA NAT MAG 30'S,164.00
1210102,MEGA FERROTONE 1x10CAP,46.00
1210103,MP CHO-PROMIX 30'S,402.00
1210108,นม FRESUBIN 2KCAL FIBRE DRINK 200ML,170.00
1210109,TRAVOGEN CREAM 10G,117.00
1210110,LACTACYD EXTRA MILKY 150ML,117.00
1210111,LACTACYD EXTRA MILKY 60ML,60.00
1210112,LACTACYD ODOR FRESH 150ML,107.00
1210113,LACTACYD ODOR FRESH 60ML,60.00
1210116,LACTACYD SOFT&SILKY 150ML,107.00
1210118,LACTACYD PEARLY INTIMATE 150ML,123.00
1210119,LACTACYD PEARLY INTIMATE 60ML,65.00
1210120,GPO ฟ้าทะลายโจรสกัด 2x10CAP,68.00
1210122,OSOTH BETAMETH-N 500G,305.00
1210124,GAVISCON ADVANCE 150ML (น้ำ),339.00
1210125,GAVISCON ADVANCE 24x10ML (ซอง),715.00
1210127,DETTOL 4LITRE,1720.00
1210128,DETTOL 1000ML,552.00
1210132,DIFFLIS HERBAL MOUTH SPRAY 15ML,102.00
1210133,EUTHYROX 100MCG 4x25'S,166.00
1210134,EUTHYROX 50MCG 4x25'S,166.00
1210135,หน้ากาก NEXT HEALTH MASK KIDS 50'S (WHITE),47.00
1210136,หน้ากาก N95 NEXT HEALTH 1ชิ้น,5.00
1210137,REMINYL 16MG 4x7'S,3700.00
1210144,เกจ์ออกซิเจน BEYIWOD MEDICAL,1150.00
1210148,ขาวละออ กระชายพลัส 60แคปซูล,140.00
1210149,สเปรย์แก้ไอ ตะขาบ5ตัว 20ML,86.00
1210151,7STARS MAMARINE PURE COLLA 100G,210.00
1210153,VISTRA TEERLUB 30CAP,304.00
1210154,PROVAMED BABINI BABY HYGIENE WIPES 20'S,19.50
1210155,3M แผ่นซับสิว 12ชิ้น (รุ่นใส ขอบบาง) EASY PICK,42.00
1210158,ถุงมือยาง ซาโตรี่ 100ชิ้น (S),102.00
1210159,ถุงมือยาง ซาโตรี่ 100ชิ้น (M),102.00
1210160,ถุงมือยาง ซาโตรี่ 100ชิ้น (L),102.00
1210162,MEGA NAT-D 1000IU 60'S,380.00
1210163,OCUFRESHS 10ML,67.00
1210164,GPO HYDROCHLOROTHIAZIDE 25MG 50x10'S,185.00
1210166,MEGA LIVOTONE 10x10'S,1220.00
1210167,หน้ากาก TCH MASK 50'S (GREEN),52.00
1210168,หน้ากาก TCH MASK 50'S (WHITE),52.00
1210169,หน้ากาก TCH MASK 50'S (BLACK),52.00
1210171,ALCOHOL GEL ALSOFF 450ML (KIDS),79.00
1210172,XARELTO 20MG 3x10'S,3700.00
1210175,"SOS พลาสเตอร์กันน้ำ T SERIES 3x3"" (12x12CM) 2'S",37.50
1210177,SINOMARIN MINI SPRAY 30ML,189.00
1210178,SINOMARIN PLUS ALLERGY 50ML,214.00
1210185,EUCERIN SPOTLESS BRIGHTENING GENTLE CLEANSING FOAM 150G,584.00
1210186,EUCERIN SPOTLESS BRIGHTENING BODY LOTION SPF7 250ML,307.00
1210192,ALCON TEARS NATURALE 2 15ML,124.00
1210195,KEPPRA น้ำ 300ML,2450.00
1210196,TEBONIN FORTE 120MG 2x15'S,740.00
1210200,7STARS MAMARINE PURE COLLA 100G 1x10ซอง,210.00
1210201,MEGA II CARE DAILY 30'S,419.00
1210202,TERUMO SYRING 1ML (NO LANCET),280.00
1210203,ท่อบรรจุแก็สออกซิเจน ขนาด 0.5คิว,1920.00
1210205,LIQUIPLAST 10G (พสาลเตอร์เจลฟิล์มใส),138.00
1210206,สติกเกอร์หัวหอม HAPPY NOZ 1x6'S (CLOVE OIL) (ORANGE),70.00
1210207,สติกเกอร์หัวหอม HAPPY NOZ 1x6'S (TURMERIC OIL) (GREEN),70.00
1210211,FITNE TEA STRAWBERRY 15.05G 6x7SACHET,255.00
1210212,GENIAL THERMOMETER DIGITAL T15SC (ปลายอ่อน),55.00
1210213,รถพยาบาล สำลีแผ่นรีดข้าง 100แผ่น 50กรัม (ฟ้า)(แพ็คใหม่),28.00
1210215,LISTERINE TOTAL CARE 2x750ML (TWIN PACK),232.00
1210216,BLACKMORES MAC-Q-VIS 30'S,336.00
1210219,CEMOL 500MG 50'S (WHITE),16.50
1210220,SKINOREN CREAM 30G,468.00
1210222,TRAVOCORT CREAM 10G,117.00
1210223,ยาแก้ไอ รสน้ำผึ้งมะนาว ตราเสือดาว 60มล (เล็ก),28.00
1210226,SOS THERMOMETER DIGITAL KITTY HKT01 (PINK),117.00
1210227,SOS THERMOMETER DIGITAL KITTY HKT02 (RED),117.00
1210230,PUVADON GARGLE 30ML,70.00
1210234,PHARMICA PIROXICAM GEL 25G,27.00
1210236,MEGA NAT-D 5000IU 3x10'S,620.00
1210237,MEGA NUTRIVITA DAILY 1x10'S,87.00
1210241,อ้วยอัน ฟ้าทะลายโจรสกัด 3x10แคปซูล,48.00
1210243,DUREX PROTECT 52.5MM 12x3'S,33.00
1210246,VIMPAT 100MG 4x14'S,5130.00
1210247,REMINYL 8MG 4x7'S,2460.00
1210248,หมวกคลุมศีรษะ 1x50ชิ้น (สีเขียว),56.00
1210249,FRX FAVOVAS PETROLEUM 12x50G,440.00
1210251,OUTCOME LICES 60ML,116.00
1210256,VIVACOR 10MG 28'S,660.00
1210258,ONE-ALPHA 1MCG 10x10'S,2490.00
1210259,BEURER THERMOMETER FT09/1 DIGITAL (WHITE),138.00
1210261,ยาอมแก้ไอ อาปาเช่ รสมะขามป้อม 25x12'S,403.00
1210262,LISTERINE COOL MINT ZERO 750ML+250ML,125.00
1210263,ZENSIL 20x10'S,16.00
1210266,ALLER TAB 10x10'S,171.00
1210267,TIGERPLAST CARIFIX WATERPROOF 10CMx1M (เทปกันน้ำ),92.00
1210268,TIGERPLAST LEO POVIDONE GEL 20G,51.00
1210269,BIOPHARM HERZ 28'S,232.00
1210270,NEO-PENOTRAN FORTE 7'S,307.00
1210271,BLACKMORES KOALA MULTI+MINERAL 30'S,243.00
1210272,NATEAR UD 0.8MLx28'S (BIG PACK),195.00
1210273,VELDENT PREMIUM THAI HERB 100G,83.00
1210274,VISTRA FINGER ROOT EXTRACT 240MG 30'S,252.00
1210276,PROVAMED SENSITIVE CLEANSER PH 5.5 100ML,99.00
1210279,DENTISTE ANTICAVITY MAX FLUORIDE TUBE 100G,174.00
1210280,ARCONA 60MG 30'S (ARCOXIA),214.00
1210282,PROVAMED ALCOHOL HAND SANITIZER 1000ML,107.00
1210283,OXE'CURE ACNE CLEAR POTION 15ML,123.00
1210286,POLIDENT PRO RETAINER 30'S,145.00
1210288,SENSODYNE SENSITIVITY&GUM 100G,171.00
1210290,MEGA ASTAX 6MG 3x10'S,363.00
1210292,BLACKMORES MARINE COLLAGEN ABSOLUTE 14'S,382.00
1210293,BLACKMORES MARINE COLLAGEN ABSOLUTE 30'S,758.00
1210294,BLACKMORES MARINE COLLAGEN ABSOLUTE 60'S,1444.00
1210296,MAXXLIFE SHARK CARTILAGE 30'S,487.00
1210299,อภัยภูเบศร์ รางจืด 70'S,63.00
1210300,PROVAMED NUGOW INTENSIVE HAIR SERUM 30ML,649.00
1210301,PROVAMED NUGOW INTENSIVE HAIR SHAMPOO 200ML,173.00
1210306,ที่นอนลมรังผึ้ง HOSPRO รุ่น H-AM01,1400.00
1210307,VIROGON 400MG 7x10'S,362.00
1210308,OXE'CURE ACNE DEFENSE PREBIO SERUM 20ML,303.00
1210309,OXE'CURE BODY ACNE SPRAY 25ML,111.00
1210310,CALSUM FORTE 1000MG 10x10'S,102.00
1210320,UCHOLINE 5MG 10x10'S,525.00
1210322,VIROGON 800MG 7x5'S,362.00
1210323,VELDENT MOUTH SPRAY PLUS FINGERROOT 18ML,117.00
1210324,VISTRA COLLAGEN TYPEII PLUS TURMERIC 10SACHET,407.00
1210327,MAGESTO-F 100'S,70.00
1210328,MAGESTO-F 50x10'S,515.00
1210329,MAGESTO-F 1000'S,593.00
1210331,ACTOS 30MG 3x10'S,2250.00
1210332,BLOPRESS 16MG 4x7'S,970.00
1210333,BLOPRESS 8MG 4x7'S,665.00
1210334,BLOPRESS PLUS 16MG 4x7'S,970.00
1210335,BLOPRESS PLUS 8MG 4x7'S,665.00
1210337,EDARBI 40MG 2x14'S,775.00
1210340,NEVRAMIN 10x10'S,252.00
1210342,ยาแก้ไอ มะขามป้อม ลอร์ซู 100มล (เขียว),38.00
1210343,BLACKMORES PROBIOTICS+DAILY BALANCE 30'S,914.00
1210344,DR.PHILLIP DENTAL WAX MINT (TWIN PACK),47.00
1210345,PURICAS DRAGON BLOOD ADVANCED C&E SCAR GEL 9G,279.00
1210346,TO BACOTAN FOIL 50x10'S (BUSCOPAN),545.00
1210347,CEFSPAN CAPSULES 100MG 10x10'S,2320.00
1210348,AVEENO SKIN RELIEF BODY WASH 354ML (BLUE),240.00
1210349,AVEENO SKIN RELIEF LOTION 354ML (BLUE),307.00
1210350,AVEENO DAILY MOIS BODY WASH 354ML (GREEN),197.00
1210351,AVEENO DAILY MOIS BODY LOTION 354ML (GREEN),242.00
1210352,SMOOTH E HYDRO BOOST SERUM 24K GOLD 30ML,744.00
1210355,EUCERIN HYA (3X) FILLER DAY BRIGHT SPF30 50ML,1358.00
1210356,EUCERIN HYA (3X) FILLER NIGHT CREAM 50ML,1425.00
1210357,EUCERIN HYA (3X) FILLER EYE 15ML,1240.00
1210360,EUCERIN HYA FACIAL MIST SPRAY 150ML,414.00
1210361,EUCERIN HYA (3X) FILLER ADVANCED AOX ESSENCE 30ML,1344.00
1210364,SANDOZ SERTRALINE 50MG 3x10'S (ZOLOFT),294.00
1210365,ยากุมารแสงชัย 180ซีซี,27.00
1210367,VALDOXAN 25MG 28'S,1810.00
1210368,ZIMMEX TAB 40MG 3x10'S,82.00
1210370,ALCOHOL GEL ALSOFF 450ML (PINK),56.00
1210379,GPO HYDROCHLOROTHIAZIDE 50MG 50x10'S,264.00
1210380,ACNE-AID GENTLE CLEANSER 900ML (BLUE),649.00
1210381,ACNE-AID GENTLE CLEANSER 100ML (BLUE),141.00
1210382,ACNE-AID GENTLE CLEANSER 500ML (BLUE),439.00
1210383,ACNE-AID LIQUID CLEANSER 100ML (RED) (TWIN PACK),264.00
1210384,ACNE-AID LIQUID CLEANSER 900ML (RED),649.00
1210385,ACNE-AID LIQUID CLEANSER 100ML (RED),141.00
1210386,ACNE-AID LIQUID CLEANSER 500ML (RED),439.00
1210387,รถเข็นท่อออกซิเจน ขนาด 0.5คิว,675.00
1210390,SPECTRABAN CREAM SPF50 100G,614.00
1210391,หน้ากาก KF94 NEXT HEALTH 1x10ชิ้น (WHITE),25.00
1210392,TIGERPLAST SUPPORT ELBOW ข้อศอก (M),156.00
1210395,NET HOUTAI NEO ตาข่ายคลุมรอบแผล 40CM #1 (นิ้ว),20.00
1210396,NET HOUTAI NEO ตาข่ายคลุมรอบแผล 40CM #2 (มือ เท้า),22.00
1210397,NET HOUTAI NEO ตาข่ายคลุมรอบแผล 40CM #3 (แขน ขา),28.00
1210398,NET HOUTAI NEO ตาข่ายคลุมรอบแผล 40CM #5 (ศีรษะ),42.00
1210399,"DUODERM EXTRA THIN 4x4"" 10PCS",795.00
1210400,EQUAL STEVIA 80G 40SACHETS,89.00
1210401,EQUAL STEVIA 200G 100SACHETS,189.00
1210403,MIGANA 40x10'S,840.00
1210404,PROPOLIZ PLUS KRACHAI MOUTH 15ML,113.00
1210407,HOTTA GINGER 1x10SACHETS,77.00
1210408,แผ่นรองซับ SUNMED 10ชิ้น,77.00
1210409,แผ่นเสริมซึมซับ SUNMED 30ชิ้น,154.00
1210410,ผ้าอ้อม SUNMED แบบเทป #M-L 28ชิ้น,309.00
1210411,ผ้าอ้อม SUNMED แบบเทป #L-XL 24ชิ้น,309.00
1210413,อ้วยอัน ฟ้าทะลายโจรสกัด 45แคปซูล,134.00
1210414,NATEAR 10ML,89.00
1210415,OPSIL TEARS 10ML,36.00
1210416,MP BLINK UNDERARM 30G,199.00
1210417,VIROGON 200MG 5x5'S,107.00
1210419,นม NESTLE BOOST BENEPROTEIN 227G,520.00
1210420,FAMILY GUARD SPRAY 280ML (ไร้กลิ่น),115.00
1210422,PEPPERMINT MASK DROP 3CC (FRESH MINT),27.00
1210423,SIANG PURE MASK DROP 3CC,27.00
1210424,ACCU-CHEK INSTANT SET,1520.00
1210425,MONTEK 10MG 4x7'S (SINGULAIR),295.00
1210426,NATEAR UD 0.8MLx7'S (SMALL PACK),57.00
1210500,KEPPRA 500MG 6x10'S,1835.00
1210501,MUCOSTA 100MG 10x10'S,813.00
1210502,JARDIANCE 25MG 3x10'S,2670.00
1210503,JARDIANCE DUO 12.5MG/1000MG 6x10'S,2675.00
1210504,COLOFAC 135MG 5x10'S,417.00
1210506,ZOLOFT 100MG 3x10'S,1469.00
1210507,DEHECTA 20ML 1x20ซอง,469.00
1210508,GASMOTIN 5MG 3x10'S,418.00
1220001,ZIMMEX TAB 10MG 3x10'S,27.00
1220002,ZIMMEX TAB 20MG 3x10'S,39.50
1220003,แลดี้-พลัส บอดี้ สเปรย์ 6ซีซี,96.00
1220004,SMECTA ORANGE 3G 10SAC (SMALL BOX),140.00
1220005,ACNE-AID BAR 100G (สบู่),168.00
1220006,HAYASHI (003) 6x2'S (52MM),214.00
1220007,HAYASHI (004) 6x2'S (49MM),142.00
1220008,HAYASHI (XL) 6x2'S (54MM),214.00
1220009,HAYASHI (XXL) 6x2'S (56MM),282.00
1220011,CANESTEN VT.0.1G 6'S,156.00
1220012,SENSODYNE GUM CARE 100G (PINK),115.00
1220019,CDR 2x15'S (ORANGE) (TWIN PACK),205.00
1220020,DETTOL WET WIPE ทิชชู่ เปียก 50'S,124.00
1220021,BLACKMORES BIO CALCIUM+D3 500MG 60'S,237.00
1220022,POLIDENT CLEANING 30'S (เม็ดฟู่),119.00
1220024,BAKAMOL 500MG 10x10'S,82.00
1220025,THERMA PLAST BACK PAIN RELIF 1x8'S (หลัง),217.00
1220026,THERMA PLAST NECK PAIN RELIF 1x8'S (คอ),217.00
1220027,THERMA PLAST SHOULDER PAIN RELIF 1x8'S (บ่า),267.00
1220028,EUCERIN SPOTLESS BRIGHT SUN SERUM SPF50 50ML,1044.00
1220029,BLACKMORES BIO ZINC A CHELATE 90'S,350.00
1220030,นม ONCE DIALYZE 400G,384.00
1220031,PROVAMED POST ACNE SCAR GEL 10G,223.00
1220032,EUCERIN PRO ACNE SOLUTION ANTI-ACNE MARK 40ML,895.00
1220035,BENNETT นมข้าว งาขาว 160กรัม,35.00
1220036,BENNETT ขิงสกัด ว่านหางจระเข้ 160กรัม,35.00
1220037,BENNETT ทับทิม มังคุด 160กรัม,35.00
1220038,BENNETT มะขาม ขมิ้น 160กรัม,35.00
1220039,SMOOTH E PURIFYING CONDITION 200ML,264.00
1220040,SPECTRABAN CREAM SPF50 20G,188.00
1220043,SOMAZINA SOLUTION 30ML,714.00
1220044,SCHERIPROCT-N SUPP.10'S,82.00
1220047,BERLIN MIRAX-M 10MG 10x10'S,61.00
1220049,ACNE SPOT TREATMENT GEL 5G,131.00
1220051,BALANCE ACTIV 7x5ML,257.00
1220054,NASALEZE TRAVEL SPRAY (GREEN),300.00
1220055,NASALEZE ALLERGY BLOCKER SPRAY (ORANGE),300.00
1220058,CYBELE SCAGEL KIDS 19G,258.00
1220060,SLINDA 28'S,315.00
1220066,BD ULTRA FINE ll SYRING 0.5ML (31G),467.00
1220069,WELL โต๊ะคร่อมเตียง,1652.00
1220070,นม ONCE PRO 850G,828.00
1220071,นม ONCE COMPLETE 400G,359.00
1220072,นม ONCE RENAL 400G,304.00
1220073,นม NEO-MUNE JAPANESE RICE 400G,412.00
1220074,หน้ากาก NEXT HEALTH MASK 50'S (BLUE),44.00
1220075,JUSTIMA 21'S,215.00
1220076,GSK WELLBUTRIN 150MG 30'S,937.00
1220077,GSK WELLBUTRIN 300MG 30'S,1292.00
1220080,STEI 16MG 1x10'S,28.50
1220081,ZURTHOL SOLUTION 60ML,32.50
1220082,ZURTHOL SOLUTION 250ML,85.00
1220083,ZURTHOL SOLUTION 750ML,211.00
1220084,ZURTHOL SOLUTION 5LITE,788.00
1220086,ถุงบรรจุอาหารเหลว SEKURE 43EFB 500CC 1x50ชิ้น,564.00
1220087,สายให้อาหาร+กระเปาะ SEKURE 43EFT-C 1x50ชิ้น,664.00
1220088,ถุงหูหิ้วสีขาวไม่พิมพ์ 5x12นิ้ว (1KG/ห่อ),74.00
1220089,ถุงหูหิ้วสีขาวไม่พิมพ์ 6x14นิ้ว (1KG/ห่อ),74.00
1220090,ถุงหูหิ้วสีขาวไม่พิมพ์ 9x18นิ้ว (1KG/ห่อ),74.00
1220091,BERLIN LANZAAR 50MG 10x10'S (COZAAR),195.00
1220093,รถพยาบาล สำลีแผ่นกลมเช็ครอบดวงตา 80แผ่น,29.00
1220094,รถพยาบาล สำลีก้อน 0.35/20กรัม 1x24ซอง,210.00
1220095,REGELLE 6.5Gx6หลอด,533.00
1220096,BODE SELENIUM 90'S+RUTIN 20'S,262.00
1220097,หน้ากาก NEXT HEALTH MASK 50'S (BLACK),44.00
1220098,หน้ากาก 3M EARLOOP MASK 50'S (GREEN),72.00
1220100,HYLO-GEL EYE DROPS 10ML/300DROPS,639.00
1220102,PROPOLIZ MOUTH WASH 150ML,74.00
1220103,SANDOZ FLORACTO 2x7'S,125.50
1220104,SPECTRABAN CREAM SPF30 20G,224.00
1220105,BKD CLINODERM 15G,38.00
1220106,ALFLOREX 1x30CAP,682.00
1220108,BUFENAC GEL 30G,27.00
1220110,PHARMA NORD BIO-MAGNESIUM 60'S,302.00
1220111,PHARMA NORD BIO-MARINE PLUS 60'S,347.00
1220116,BIOPHARM VOLCLONAC SPRAY 60ML,107.00
1220117,T.V.MOX 500MG 50x10CAP (WHITE-PINK),16.50
1220118,DYMISTA NASOL SPRAY 17ML,634.00
1220119,SAUGELLA IDRA SERUM 100ML,124.00
1220122,I-HERB ยาน้ำแก้ไอสมุนไพร 60มล,24.00
1220123,DUPHALAC 1 LITRE (น้ำ),994.00
1220124,SOS INFRARED THERMOMETER DORAEMON (FT-F31),1250.00
1220125,HOSPRO ไม้เท้า 4ขา รุ่น H-WS9411L,670.00
1220126,HOSPRO ไม้เท้า 4ขา รุ่น H-WS9212L,495.00
1220127,HOSPRO ไม้เท้า 4ขา รุ่น H-WS924,495.00
1220128,HOSPRO เก้าอี้นั่งถ่าย H-CM897A (BLUE),710.00
1220130,SMOOTH E ULTRAMILD DEEP CLEAN SCRUB&MASK 35G,177.00
1220134,SCHERIPROCT-N CREAM 10G,82.00
1220136,DENTISTE DELUXE TONGUE (ที่ขูดลิ้น 2ทาง),37.00
1220137,DR.PHILLIP (ที่ขูดลิ้น 2ทาง),40.00
1220138,TANAKAN 40MG 2x15'S,211.00
1220139,N95 3D หน้ากากอนามัย 4ชิ้น/ซอง (UNICHARM) S,68.00
1220140,HIRUSCAR POST ACNE BACK SPRAY 50ML,287.00
1220141,แผ่นเสริมซึมซับ CERTAINTY DAY&NIGHT 12ชิ้น,98.00
1220143,OPSIL-A EYE DROP 10ML,34.00
1220146,LEVOSIDE 5MG 1x10'S (XYZAL),58.00
1220147,CELEBREX 400MG 1x10'S,412.00
1220148,MEGA NUTRIVITA DAILY 3x10'S,249.00
1220149,AMK 1000MG 10x10'S,974.00
1220151,"MEDELAS ELASTIC BANDAGE 2""x5YDS (12ROLLS)",89.00
1220152,"MEDELAS ELASTIC BANDAGE 3""x5YDS (12ROLLS)",125.00
1220153,"MEDELAS ELASTIC BANDAGE 4""x5YDS (12ROLLS)",167.00
1220154,BECARE NATURAL SPONGE 12x1ชิ้น,425.00
1220155,SOFTIP ไม้พันสำลี #S 100ก้าน,14.00
1220156,SOFTIP ไม้พันสำลี #M 100ก้าน,15.00
1220157,SOFTIP ไม้พันสำลี #L 100ก้าน,16.00
1220158,T-MAN NERVIN 300MG 10x10'S,374.00
1220159,T-MAN UDEA CREAM 10% 30G,55.00
1220160,T-MAN UDEA CREAM 20% 30G,68.00
1220161,SAMBUCOL ORIGINAL FORMULA LIQUID 120ML,276.00
1220162,SAMBUCOL ORIGINAL 24CAPSULES,272.00
1220163,SAMBUCOL GUMMIES 50PASTILLES,278.00
1220165,PROPOLIZ MOUTH SPRAY 10ML (KIDS),84.00
1220166,ANB น้ำเกลือ KLEAN&KARE 100ML (S) เครื่องมือแพทย์,25.00
1220169,GPO METFORMIN 500MG 50x10'S,307.00
1220170,CERAVE SA SMOOTHING CLEANSER 236ML,357.00
1220171,BUFLEX 400MG 50x10'S (PINK),429.00
1220172,MAXXLIFE B-COMPLEX PLUS 30CAP,174.00
1220174,ถุงมือยาง ศรีตรังโกลฟส์ 100ชิ้น (S),112.00
1220175,ถุงมือยาง ศรีตรังโกลฟส์ 100ชิ้น (M),112.00
1220178,MEDERMA INTENSE GEL 10G,318.00
1220179,MEDERMA INTENSE GEL 20G,573.00
1220183,HYATEAR EYE DROPS 0.18% 20'Sx0.3ML,244.00
1220184,STEI 24MG 10x10'S,43.00
1220185,นม NESTLE BOOST OPTIMUM 400G,455.00
1220187,DENTISTE ORAL RINSE ZN CPC 200ML (น้ำยาบ้วนปาก),112.00
1220188,PEURRI ACNE CLEANSER 100ML,192.00
1220189,PURICAS DRAGON BLOOD SCAR GEL 3G,87.00
1220190,PURICAS ADVANCED FORMULA ANTI-ACNE GEL 10G,182.00
1220191,MELAMII ANTI-MELASMA SPF20 8G,202.00
1220193,ศิริบัญชา ยาดมส้มมือจรุงจิต 12x2กรัม (สีทอง),48.00
1220194,BERLIN IMMUCEPT 500MG 5x10'S,1550.00
1220195,นม FRESUBIN 460G (11.5Gx40SAC) (เวย์โปรตีนไอโซเลตชนิดผง),1220.00
1220196,นม FRESUBIN 1000G (เวย์โปรตีนไอโซเลตชนิดผง),1850.00
1220197,น้ำมันเหลืองตราสมถวิล 8มล (ลูกกลิ้ง),63.50
1220198,ไม้ค้ำยัน เบอร์ 44นิ้ว,267.00
1220199,ไม้ค้ำยัน เบอร์ 50นิ้ว,267.00
1220200,ไม้ค้ำยัน เบอร์ 52นิ้ว,267.00
1220201,ศิริบัญชา ยาดมส้มมือจรุงจิต 12x2กรัม (สีเงิน),480.00
1220202,ORAL-B GLIDE MINI MINT FLOSS 15M,49.50
1220203,ORAL-B GLIDE DEEP CLEAN FLOSS 40M,142.00
1220204,ORAL-B ESSENTIAL FLOSS 50M (MINT),114.00
1220205,ORAL-B SATIN MINT FLOSS 50M,141.00
1220206,ORAL-B SATIN TAPE MINT FLOSS 25M,121.00
1220207,ORAL-B SUPER STRAND FLOSS 50M,165.00
1220209,ยาน้ำมันผสมเสลดพังพอน ตราแม่กุหลาบ 20ซีซี,74.00
1220210,ยาน้ำมันเหลืองสูตรไพล ตราแม่กุหลาบ 20ซีซี,74.00
1220214,DERMATIX ULTRA KIDS 5G,362.00
1220216,MEDERMA STRETCH MARKS 50G,247.00
1220221,BKD SKINFECT-B 5G,16.00
1220222,FUGACAR 500MG 1'S,26.50
1220223,SRICHAND PERFECT HAIR POWDER 30 G,39.00
1220225,SOS พลาสเตอร์ผ้า (สีเนื้อ) F1 8'S,11.00
1220226,SOS พลาสเตอร์พลาสติก (สีขาว) PC1 10'S,10.00
1220227,SOS พลาสเตอร์พลาสติก (สีเนื้อ) PB1 10'S,9.00
1220228,SOS พลาสเตอร์ใสกันน้ำ T1 (DINO) 10x6'S,145.00
1220232,อภัยภูเบศร์ อภัย-บี กลีบบัวแดง 70แคปซูล,170.00
1220233,เต่าเหยียบโลก นิวเจน เฟรช&เฟิร์ม (โรลออนระงับกลิ่นกาย) 30มล.,45.00
1220234,SMOOTH E AQUA SMOOTH 40G,510.00
1220236,EUCERIN SPOTLESS BOOSTING ESSENCE 100ML,1015.00
1220237,EUCERIN SUN SPOTLESS CC CREAM SPF50+ 50ML,1124.00
1220239,TIME ORAL ULCER PATCH 6'S,98.00
1220242,น้ำมันตรากุ้งคู่ 28ML,99.00
1220243,ยาเป่าคอซานจินซีกวาซวน 3กรัม,97.00
1220244,BANNER MULTIVITAMINS+ZINC 60'S,412.00
1220245,BANNER MULTIVITAMINS+ZINC 30'S,223.00
1220246,BANNER FISH OIL+VITAMIN B COMPLEX 60'S,438.00
1220247,BANNER FISH OIL+VITAMIN B COMPLEX 30'S,222.00
1220248,BANNER SOY PROTEIN+LECITHIN 60'S,353.00
1220249,BANNER SOY PROTEIN+LECITHIN 30'S,178.00
1220251,TO OLFOVEL 500MG 10x10'S,770.00
1220252,7STARS STARMOL 500MG 100'S,46.00
1220254,ยาดม สมุนไพรหมัก หงส์ไทย 1ออนซ์ (5กรัม)(สีเหลือง),35.50
1220255,ยาดม พิมเสนน้ำห่อผ้า หงส์ไทย 1ออนซ์ (สีขาว),34.50
1220256,ยาดม สมุนไพร หงส์ไทย สูตร1 12x3มล (สีเขียว),297.00
1220257,ยาดม พิมเสนน้ำ หงส์ไทย 12x3มล (สีฟ้า),297.00
1220261,ESPENAL 50MG 10x10'S (MYONAL),239.00
1220262,LERMEX 800MG 7x5'S,192.00
1220263,FIT PROBIOTIC SHOT 2Gx10SACHETS,192.00
1220265,MDP AMOXYCILLIN 500MG 50x10'S (WHITE-PINK),550.00
1220266,I-KIDS MOUTH SPRAY 15ML (STRAWBERRY),142.00
1220270,ZOFLORA COUNTRY GARDEN 120ML,109.00
1220271,ZOFLORA LINEN FRESH 120ML,109.00
1220275,OXE'CURE ACNE CLEAR FACIAI CLEANSER 120ML,165.00
1220277,OXE'CURE BLACKHEAD BHA PHA TONER 150ML,267.00
1220278,OXE'CURE DAILY SUNSCREEN SPF50+ 30G,245.00
1220279,MEGA VIRUNO 60MG 3x5'S,144.00
1220280,DURAN SYRUP 60ML (ORANGE),29.00
1220282,SIAM LORSEDIN 10MG 10x10'S,157.00
1220283,ANB จุกล้างจมูก KLEAN&KARE 1x24ชิ้น (แบบซิลิโคน),25.50
1220284,HIRUSCAR ADVANCE SPOT GEL 4G,134.00
1220285,FLUSH NASAL STARTER KIT 250ML,144.00
1220286,GYNOSTEN 500 VT 0.5G 1'S,35.00
1220287,BKD CLENA SCAR C GEL 15G (DERMATIX),280.00
1220288,BLACKMORES BIO C GLUTA IMU+ 30'S,498.00
1220289,PROPOLIZ HONEYLEMON&GINGER 10x8'S,145.00
1220290,CANESBALANCE VAGINAL GEL 7x5ML,286.00
1220292,ONE GERD 10MLx12SACHETS,117.00
1220293,ONE GERD 150ML,137.00
1220294,VISTRA ACEROLA CHERRY 2000 PLUS 30'S,310.00
1220295,PHARMICA LINIMENT SPRAY 60 ML,126.00
1220296,PROSCAR 5MG 2x15'S,1500.00
1220297,HOSPRO ไม้ค้ำยัน รุ่น H-CH925L (S),654.00
1220300,BLACKMORES MARINE COLLAGEN ABSOLUTE 2x60'S,2235.00
1220310,LISTERINE ORIGINAL 2x750ML (YELLOW) (TWIN PACK),225.00
1220311,SANDOZ ETORICOXIB 120MG 1x10'S (ARCOXIA),168.00
1220312,SANDOZ ETORICOXIB 90MG 1x10'S (ARCOXIA),150.00
1220313,SOS ผ้าก๊อซ SB2 (6x7CM) 4'S (สีเนื้อ),26.50
1220314,SOS ผ้าก๊อซ SB3 (6x10CM) 3'S (สีเนื้อ),29.50
1220316,3M NEXCARE MAX HOLD 10x3ชิ้น,74.00
1220318,BYE BYE FEVER BABIES 2x2PCS,62.00
1220319,BRONAL SYRUP 120ML,128.00
1220320,CARDOXA 2MG 10x10'S (CARDURA),87.00
1220321,CARDOXA 4MG 10x10'S (CARDURA),142.00
1220322,SOS เครื่องวัดความดัน AMA รุ่น FT-C03-V,740.00
1220323,BRAND'S VETA PRUNE 12x42ML,362.00
1220324,BEWEL 300MG 2x14'S (APROVEL),260.00
1220325,BIOPHARM MADONNA ONE,22.00
1220326,VOCINTI 20MG 3x10'S,4070.00
1220327,SANDOZ DOZEMO 5MG 4x7'S,839.00
1220328,SANDOZ DOZEMO 10MG 4x7'S,1430.00
1220329,BKD CLINOVIR CREAM 5G,30.00
1220330,BETMESONE-N 5G,22.00
1220332,PHARMICA PIROXICAM GEL 50G,49.00
1220333,VELDENT DENTURE ADHESIVE CREAM 60G,190.00
1220334,"RHINOTAPE ผ้า 1/2""x10YDS 24ROLL (กระบอก)",395.00
1220335,"RHINOTAPE ผ้า 1""x10YDS 12ROLL (กระบอก)",410.00
1220336,"RHINOTAPE ผ้า 2""x10YDS 6ROLL (กระบอก)",424.00
1220337,LONGMED INFUSION SET (ชุดให้น้ำเกลือ+เข็ม+ข้อต่อ),11.00
1220338,หมวกคลุมศีรษะ CLIP CAP 1x100ชิ้น (สีเขียว),64.00
1220339,ถุงมือยาง KLEANGLOVE (S) 100ชิ้น (BLUE) ไม่มีแป้ง,115.00
1220340,ถุงมือยาง KLEANGLOVE (M) 100ชิ้น (BLUE) ไม่มีแป้ง,115.00
1220341,ถุงมือยาง KLEANGLOVE (L) 100ชิ้น (BLUE) ไม่มีแป้ง,115.00
1220342,NIZORAL CREAM 15G,129.00
1220343,หน้ากาก KF94 NEXT HEALTH 1x10ชิ้น (BLACK),25.00
1220344,BRAND'S 39MLx12BT (S),368.00
1220345,BKD TRISTAN 90MG 1x3'S (ARCOXIA),30.00
1220347,RX DOMP-M 10MG FOIL 50x10'S,289.00
1220348,RX DICLOFENAC 25MG FOIL 50x10'S,264.00
1220349,RX ALEREST 10MG FOIL 10x10'S,73.00
1220350,RX NASOTAPP 10MG FOIL 10x10'S,127.00
1220351,RX GLYCEDIAB 5MG FOIL 50x10'S (MINIDIAB),369.00
1220356,TRANSIC 250MG ฉีด 10AMPx5ML,210.00
1220357,KLOBECORT MILKY LOTION 10G,46.00
1220358,KLOBECORT MILKY LOTION 30G,97.00
1220359,ALLORA SYRUP 60ML (AERIUS),71.00
1220361,HIRUDOID ANTI-HARI LOSS ESSENCE 80ML (MEN),574.00
1220362,"TERUMO SYRING 1CC 26Gx1/2"" พร้อมเข็มวัคซีน (ฟ้าขาว)",340.00
1220363,CANASONE C.B. CREAM 12x25G,69.00
1220364,HYCLEAN FAMILY 56'S สีเหลือง (ALOE VERA),94.00
1220365,HYCLEAN FAMILY 56'S สีฟ้า (GREEN TEA),94.00
1220366,HYCLEAN FAMILY 56'S สีชมพู (PEACH),94.00
1220367,BKD FANGO CREAM 15G,26.00
1220368,BEURER FOREHEAD+EAR THERMOMETER รุ่น FT65,1390.00
1220369,HERBAL RESCUE SPRAY 15ML (BLUE),79.00
1220370,BACTOCLAV-1000MG 2x7'S,91.00
1220371,CANDID-V3 3 VAGINAL,27.00
1220372,TWYNSTA 80/10MG 30'S,875.00
1220375,HEMOMIN EGG POWDER 400G (CHOCOLATE),585.00
1220376,HEMOMIN EGG POWDER 400G (COFFEE),585.00
1220377,HEMOMIN EGG POWDER 400G (ORIGINAL),585.00
1220378,HEMOMIN EGG POWDER 400G (PANDAN COCONUT),585.00
1220379,HEMOMIN EGG POWDER 400G (VANILLA),585.00
1220380,HEMOMIN EGG POWDER 400G (STRAWBERRY),585.00
1220381,PHYSIOGEL RED SOOTHING AI SPF50 40ML,417.00
1220382,PHYSIOGEL DMT BODY WASH 400ML,227.00
1220383,I-KIDS POPS HONEY 1x10ชิ้น (COLA),102.00
1220384,I-KIDS POPS HONEY 1x10ชิ้น (ELDERBERRY),102.00
1220385,I-KIDS POPS HONEY 1x10ชิ้น (LIME),102.00
1220386,I-KIDS POPS HONEY 1x10ชิ้น (SALA LIME),102.00
1220387,MS BENYL EXPEC 60CC (ORANGE),16.00
1220389,MOMATE CREAM 5G (ELOMET),45.00
1220390,SIAM DOSANAC 25MG 10x10'S,141.00
1220391,MERTIGO 6MG 10x10'S (MERISLON),54.00
1220392,MERTIGO 12MG 10x10'S (MERISLON),122.00
1220393,METZODIN NASAL SPRAY 10ML,50.00
1220394,BERLIN LANZAAR 100MG 10x10'S (COZAAR),298.00
1220396,ACCU-CHEK GUIDE STRIP 50'S,762.00
1220397,ยาน้ำแก้ไอเด็ก ยูอีคอฟ 60มล (รสสตรอว์เบอร์รี่),25.00
1220398,REDUCOF SUGAR FREE 1x10'S,59.00
1220401,CYSTALINE 600MG 5x4'S,167.00
1220402,IBUCAP 400MG 10x10CAP,49.00
1220403,MELCAM 7.5MG 1x10'S (MOBIC),39.00
1220404,BERLIN NASO SPRAY 50MCG 140D,394.00
1220405,BIOPHARM LEVOCETIN 10x10'S (XYZAL),485.00
1220406,SERLIFT 50MG 3x10'S,102.00
1220410,MEGA EUGICA IVY SYRUP 5MLx20SACHETS,182.00
1220411,MEGA EUGICA IVY SYRUP 100ML,160.00
1220412,ORIGIN TEST STRIP 1TESTS (จุ่ม),7.00
1220413,ORIGIN TEST DEVICE 1TESTS (หยด),11.00
1220416,CLOPIROX SOLUTION 15ML,80.00
1220418,ZIGA CAP 1x14'S,36.50
1220419,HASHI 180ML+SALT 15'S (PINK),155.00
1220420,BKD ZYNO CREAM 0.1% 15G,27.00
1220421,BIOPHARM BELCID GERD 150ML,157.00
1220422,SUPIROCIN OINTMENT 5G,45.00
1220424,7STARS MUCOSTAR SYRUP 60ML,22.50
1220427,BKD FAMOTAB 20 FC 1000'S,328.00
1220428,ไม้เท้าอลูมิเนียม ข้างขวา,470.00
1220429,ไม้เท้าแฟชั่น คละสี,435.00
1220436,"RHINOPORE 1/2""x1.5YDS (24ROLLS) (จิ๋ว)",135.00
1220437,"RHINOPORE 1/2""x2.5YDS (12ROLLS) (เล็ก)",82.00
1220438,"RHINOPORE 1/2""x5YDS (12ROLLS) (กลาง)",152.00
1220439,"RHINOPORE 1""x5YDS (12ROLLS) (ใหญ่พิเศษ)",308.00
1220440,"RHINOPORE 1/2""x10YDS (24ROLLS) (ใหญ่)",395.00
1220441,"RHINOPORE 1""x10YDS (12ROLLS)",375.00
1220442,TOMEI ANTI ACNE 7 IN 1 CREAM PLUS 9G,114.00
1220444,COUNTERPAIN PLASTER 7x10CM 10x4'S (COOL),532.00
1220445,COUNTERPAIN PLASTER 7x10CM 10x4'S (WARM),532.00
1220449,PHARMICA DICLOFENAC GEL 50G,48.00
1220450,3M DISPOSABLE EARPLUGS 1x1คู่,15.00
1220451,"3M NEXCARE STRONG HOLD 1""x4YDS (รุ่นอ่อนโยน)",140.00
1220452,FURANO DENTURE CLEANSING 1x24'S(ROSE)(เม็ดฟู่),90.00
1220453,FURANO DENTURE CLEANSING 1x24'S(GREEN TEA)(เม็ดฟู่),90.00
1220454,ยาอมสมุนไพร ตรีผลา ตราไอยรา 10x8เม็ด,145.00
1220455,GREATER MYBACIN MANGOSTEEN SPRAY 15ML,102.00
1220457,FUTURO DELUXE THUMB STABILIZER S/M,545.00
1220458,FUTURO DELUXE THUMB STABILIZER L/XL,536.00
1220459,FUTURO COMFORT STABILIZING WRIST BRACE,510.00
1220460,FUTURO COMFORT COMPRESSION SUPPORT (BACK),945.00
1220461,FUTURO POSTURE ADJUSTABLE CORRECTOR,429.00
1220465,BKD CLINOVIR 800MG 7x5'S,248.00
1220469,"รถพยาบาล สำลีแผ่น 4""x4"" 450กรัม",132.00
1220470,DUPHALAC 20SACHETSx15ML,365.00
1220471,BLACKMORES BIO MAGNESIUM ADVANCE+D3 50'S,302.00
1220472,EDARBYCLOR 40MG/12.5MG 28'S,788.00
1230001,BLACKMORES CO-Q10 2x30'S,998.00
1230002,MEDMAKER PETROLEUM JELLY BABY 50G,37.00
1230003,OXE'CURE ACNE CLEAR POWDER LOTION 25ML,148.00
1230004,TO BACOTAN 500'S (BUSCOPAN),545.00
1230005,BKD CLINIVATE 15G,29.00
1230006,BLACKMORES VIS'CARE PRO+ LUTEIN 30'S,450.00
1230007,AU BROVOL 60ML,17.00
1230008,VISLUBE 0.18% 0.45MLx20'S,348.00
1230010,BKD ZENZERA-200 SUSPENSION 6x10ML,369.00
1230013,DUREX PLAY SAUCY STRAWBERRY GEL 50ML,137.00
1230014,VISTRA MOVFLEX GLUCOSAMINE 1500MG 30SACHETS,298.00
1230015,LONGMED PREGNANCY TEST MIDSTREAM,25.00
1230016,"LONGMED KLEAN GAUZE 2""x2"" 10x10PACKS",29.00
1230017,"LONGMED KLEAN GAUZE 3""x3"" 10x10PACKS",48.00
1230018,"LONGMED KLEAN GAUZE 4""x4"" 10x10PACKS",68.00
1230020,SMOOTH E MINERAL WATER FACIAL SPRAY 150ML,221.00
1230021,POLAR SPRAY INNOCENCE 280ML,190.00
1230022,ALSOFF ALCOHOL PAD 200'S,144.00
1230023,ELIQUIS 5MG 6x10'S,3540.00
1230026,"LONGMED KLEANTRANS TAPE 1""x10YDS 12ROLL",203.00
1230027,"LONGMED KLEANTRANS TAPE 1""x5YDS 12ROLL",109.00
1230028,"LONGMED KLEANTRANS TAPE 1/2""x5YDS 12ROLL",68.00
1230029,"LONGMED KLEANTRANS TAPE 1/2""x10YDS 12ROLL",109.00
1230030,"LONGMED KLEANPORE TAPE 1""x10YDS 12ROLL",199.00
1230031,"LONGMED KLEANPORE TAPE 1""x5YDS 12ROLL",109.00
1230032,"LONGMED KLEANPORE TAPE 1/2""x5YDS 12ROLL",68.00
1230033,"LONGMED KLEANPORE TAPE 1/2""x10YDS 12ROLL",109.00
1230034,IPOCARE EX 18ML,589.00
1230035,WELL UP MOUTH SPRAY EX 15ML,119.00
1230037,"SOS NONWOVEN 1""x10YDS 12ROLL (PR2)",267.00
1230038,"SOS NONWOVEN 1/2""x10YDS 24ROLL (PR1)",267.00
1230039,"SOS TRANSPARENT 1""x10YDS 12ROLL (TR3)",277.00
1230040,"SOS TRANSPARENT 1/2""x5YDS 24ROLL (TR2)",165.00
1230041,"SOS TRANSPARENT 1/2""x10YDS 24ROLL (TR1)",272.00
1230043,LONGMED PREGNANCY TEST STRIP (จุ่ม),10.00
1230044,LONGMED OVULATION TEST STRIP 1x5ชิ้น (ตรวจการตกไข่),106.00
1230045,LONGMED PREGNANCY TEST CASSETTE (หยด),14.00
1230046,"LONGMED CONFORMING BANDAGE 2""x5YDS (12 ROLLS)",53.00
1230047,"LONGMED CONFORMING BANDAGE 3""x5YDS (12 ROLLS)",77.00
1230048,"LONGMED CONFORMING BANDAGE 4""x5YDS (12 ROLLS)",97.00
1230049,LONGMED MIBI COTTON BALL 40G (GREEN),16.00
1230050,LONGMED MIBI COTTON PAD 50G (BLUE),18.00
1230051,LONGMED MIBI COTTON PAD WITH EDGE 100PCS (PINK),19.00
1230052,LONGMED COLD HOT PAD 12x10.5CM (SMALL),43.00
1230053,LONGMED COLD HOT PAD 25x10CM (BIG),78.00
1230054,LONGMED KLEANASAL จุกล้างจมูก 1x2ชิ้น,22.00
1230055,BEWEL 150MG 2x14'S (APROVEL),165.00
1230058,BERGAMOT ANTI DANDRUFF SHAMPOO 200ML,147.00
1230059,เต่าเหยียบโลก นิวเจน เพียวไวท์ ดีโอ สเปรย์ 50ML,39.00
1230060,BEPANTHEN SENSIDERM CREAM 50G,517.00
1230061,SEKURE WIPES 50'S,64.00
1230062,REGRO SHAMPOO FOR MEN 225ML (TWIN PACK),317.00
1230063,อ้วยอัน OCOBERRY 60CAP,150.00
1230065,CERAVE SKIN RENEWING VITAMIN C SERUM 30ML,636.00
1230066,CERAVE REPARATIVE HAND CREAM 50ML,179.00
1230067,CERAVE FOAMING CLEANSER 236ML,342.00
1230068,CERAVE HYDRATING CLEANSER 88ML,143.00
1230069,CERAVE HYDRATING CLEANSER 236ML,304.00
1230070,SMOOTH E PHYSICAL WHITE SUNSCREEN FLUID SPF50 20G,364.00
1230072,KIDDY BALM GREEN 22G,238.00
1230073,KIDDY BALM WHITE 22G,237.00
1230074,ยาดมตราถ้วยทอง กลิ่นลาเวนเดอร์ 2ซีซี,166.00
1230075,ยาดมตราถ้วยทอง กลิ่นเลมอน 2ซีซี,166.00
1230076,SOS ALCOHOL PREP PAD 200'S,159.00
1230078,หน้ากาก KN95 TCH MASK 1'S (BLACK),6.00
1230079,หน้ากาก KN95 TCH MASK 1'S (WHITE),6.00
1230080,ยาหม่อง ตราถ้วยทอง สูตรสมุนไพร 12x12กรัม,287.00
1230081,ยาอมสมุนไพร ยูอีคอฟ 20x20เม็ด (น้ำผึ้งผสมเลมอน),430.00
1230084,SMOOTH E VITAMIN C 100MG 100'S,93.00
1230085,SMOOTH LIFE VIT C 120MG CHEWABLE 3.2Gx14PCS,36.00
1230086,SMOOTH LIFE VIT C 120MG CHEWABLE 3.2Gx30PCS,69.00
1230087,SMOOTH LIFE ASTAXANTHIN 6MG 30'S,639.00
1230088,SMOOTH LIFE HSN VITAMIN 500MG 30'S,362.00
1230089,SMOOTH LIFE HSN PLUS ZINC 30'S,650.00
1230091,SMOOTH LIFE GABA DIETARY SUPPLEMENT 125MG 30'S,427.00
1230092,SMOOTH LIFE SMOOTH LEEP 10'S,248.00
1230093,SMOOTH LIFE SMOOTH LEEP 30'S,681.00
1230094,ASMASAL SDU 2.5MG/2.5ML 3x7TUBES,317.00
1230095,INHALEX FORTE SOL 4MLx21TUBES,347.00
1230096,PREGABALIN TEVA 50MG 4x14'S,444.00
1230097,PREGABALIN TEVA 75MG 4x14'S,444.00
1230098,FUTURO KNEE STABILIZER (ADJUSTABLE),774.00
1230099,CERAVE HYDRATING CREAM TO FOAM CLEANSER 236ML,388.00
1230100,CERAVE HYDRATING CREAM TO FOAM CLEANSER 100ML,211.00
1230101,PLU-LIS MAX MOUTH SPRAY 15ML (KAMILLOSAN),117.00
1230109,"RHINOTAPE 1""x5YDS (12ROLLS) (ใหญ่พิเศษ)",289.00
1230110,"RHINOTAPE 1/2""x10YDS (12ROLLS) (ใหญ่)",289.00
1230111,GUTTRU DUAL 24x10ML (ซอง),377.00
1230112,GUTTRU DUAL 150ML (ขวด),224.00
1230113,SOFCLENS NORMAL SALINE 1000ML,46.00
1230114,SOFCLENS NORMAL SALINE 100ML,25.50
1230115,SOFCLENS NORMAL SALINE 500ML,33.50
1230116,TRAM LOTION 60ML,37.50
1230118,MEGA NAT CAL PLUS 3x10'CAP,518.00
1230120,7STARS STARTEC SYRUP 100CC (ZYRTEC),47.00
1230121,BERLIN SOLUFEN 400MG 1x10'S,46.00
1230122,EUCERIN PH5 HYDRO BOOST CREAM 200ML,302.00
1230125,VITA-C CALCIUM GUMMY 12x40G (COLA),29.00
1230126,VITA-C CALCIUM GUMMY 12x40G (ORANGE),29.00
1230127,VITA-C CALCIUM GUMMY 12x40G (STRAWBERRY),29.00
1230128,HYLO-COMOD EYE DROPS 0.1% 10ML,409.00
1230129,GOODAGE MILD&GENTLE CARE MOUTHWASH 250ML,41.00
1230130,GOODAGE HYDRATION PLUS 90G,62.00
1230131,GOODAGE HYPER SALT 90G,37.00
1230132,GOODAGE HERBAL TOTAL CARE 90G,41.00
1230133,GOODAGE SENSITIVE SHIELD 90G,41.00
1230134,GOODAGE TRIPLE LOCK แปรงสีฟัน,39.00
1230136,GOODAGE DARK SPOT BODY LOTION 100ML,55.00
1230137,GOODAGE DARK SPOT BODY LOTION 400ML,157.00
1230138,GOODAGE DEEP MOISTURE BODY LOTION 100ML,55.00
1230139,GOODAGE DEEP MOISTURE BODY LOTION 400ML,157.00
1230140,GOODAGE POWDER LOTION 200ML,72.00
1230141,GOODAGE SOFT&SMOOTH SHAMPOO 350ML,77.00
1230142,GOODAGE ANTI-DRY FOAMING BATH 450ML,90.00
1230143,GOODAGE ANTI-DRY FOAMING BATH 430ML(REFILL),58.00
1230144,A-Z MULTI VITAMIN 60'S,216.00
1230145,BIOFIT TRIPLE B PROBIOTIC 27Gx15SACHETS,378.00
1230146,VITALOZENGE MANGO&PASSION FLAVOUR 14'S,52.00
1230147,VITALOZENGE STRAWBERRY&CHERRY FLAVOUR 14'S,52.00
1230148,FIT PROBIOTIC SHOT 2Gx30SACHETS,0.00
1230149,BKD CLINOVIR 400MG 5x5'S,107.00
1230151,PIP MINOX 10MG 100'S,172.00
1230154,HAARLON REVITALIZING HAIR SERUM 3x8ML,498.00
1230155,CERAVE BLEMISH CONTROL CLEANSER 236ML,362.00
1230156,CERAVE BLEMISH CONTROL GEL 40ML,436.00
1230157,REGRO SHAMPOO FOR LADY 225ML (TWIN PACK),317.00
1230159,นม ONCE DIALYZE 800G,722.00
1230160,อภัยภูเบศร์ ฟ้าทะลายยุง สเปรย์ 60มล,93.00
1230162,TIGERPLAST LEO POVIDONE 450ML,150.00
1230163,LONGMED กระเป๋าน้ำร้อน 1ลิตร (เล็ก),66.00
1230164,LONGMED กระเป๋าน้ำร้อน 2ลิตร (ใหญ่),74.00
1230167,MAXXLIFE GLUCOSAMINE 1500MG,295.00
1230168,MAXXLIFE ACEROLA CHERRY PLUS 1300MG 30'S,190.00
1230170,BRAND'S 65MLx12BT (L),595.00
1230171,MUCOSOLVAN 30MG 10x10'S,565.00
1230172,OMACOR 1000MG 28'S,1014.00
1230173,SALDA INHALE 2.5ML 20TUBES,209.00
1230177,YUWELL เครื่องพ่นยา 405A,785.00
1230178,VERRUMAL SOLUTION 13ML,214.00
1230183,D-PRAZOL 20MG 1x14CAP,294.00
1230185,DIFELENE 1% GEL 15G,20.00
1230186,PROPOLIZ VIT-C 10x8'S,142.00
1230187,PROVAMED SENSITIVE SUN UV AQUA SERUM SPF50 40ML,239.00
1230188,BISOLVON 10x10'S,484.00
1230195,YUWELL เครื่องตรวจน้ำตาล รุ่น 582 (+STRIP 25'S),710.00
1230196,น้ำมันมวย สเปรย์ 40มล,53.00
1230198,เต่าเหยียบโลก สบู่มะนาว 80กรัม,39.00
1230199,เต่าเหยียบโลก สบู่น้ำผึ้ง ดินสอพอง 80กรัม,39.00
1230200,เต่าเหยียบโลก สบู่เมนทอล 80กรัม,39.00
1230201,VISTRA NUTRIBEAU SAKURA EXTRACT 30'S,594.00
1230202,OMRON เครื่องวัดความดัน HEM-7124,960.00
1230215,MP BLACK SESAME OIL 1000MG 45'S (งาดำ),446.00
1230216,SOS GAUZE DRESSING G3 10x10CM (แผ่นตาข่าย),108.00
1230217,SI - HERB DRESSING 10x10CM (แผ่นตาข่าย),109.00
1230218,JANUVIA 100MG 4x7'S,1435.00
1230219,PHARMA NORD BIO-SELENIUM+ZINC 90'S,439.00
1230220,REDUCOF SUGAR FREE 3x10'S,146.00
1230222,ASEPSO SOAP COOL 70G(แพ็ค3ก้อน),59.00
1230223,ALCOHOL COTTON BALL 50x8ก้อน,264.00
1230224,POSH MEDICA ไฟเบอร์ รสมะนาว 6x18กรัม,148.00
1230225,POSH MEDICA ไฟเบอร์ รสมะขาม 6x18กรัม,148.00
1230226,POSH MEDICA ไฟเบอร์ รสสับปะรด 6x18กรัม,148.00
1230227,POSH MEDICA C ไฟเบอร์ รสส้มเขียวหวาน 6x18กรัม,148.00
1230228,POSH MEDICA C ไฟเบอร์ รสมะนาวแม็กซ์ 6x18กรัม,148.00
1230229,POSH MEDICA โพรไบโอติก รสสับปะรด 6x18กรัม,148.00
1230230,POSH MEDICA คลอโรฟิลล์ รสแอปเปิ้ล 6x20กรัม,148.00
1230231,POSH MEDICA COLLAGEN 18Gx6SAC (รสลิ้นจี่หิมะ),192.00
1230233,7STARS MAMARINE OMEGA 3 DHA FISHCAPS 60CAP,272.00
1230234,SIAM ROTHRICIN 150MG 10x10'S,317.00
1230235,TYLENOL 500MG 50'S,65.00
1230238,SIAM DOSANAC 50MG 10x10'S,252.00
1230241,HIRUSCAR ADVANCE SPOT GEL 10G,244.00
1230242,YUWELL STRIP 25ชิ้น (แผ่นตรวจน้ำตาล) Y330,87.00
1230243,MEIJI MEI FIBER 5Gx30SACHETS,355.00
1230246,อภัยภูเบศร์ ขมิ้นชัน 1x10แคปซูล,114.00
1230248,DIFFCOF CHESTY COUGH SYRUP 200ML(BLUE)(ยกเลิก),107.00
1230250,DIFFLAM HONEY&LEMON 12'S,40.00
1230251,DIFFLAM ORANGE+VIT-C 12'S,40.00
1230252,DIFFLAM WILD BERRY 12'S,40.00
1230253,MAXXLIFE BIO BILBERRY 30'S,389.00
1230254,MAXXLIFE BIO GINKGO 30'S,289.00
1230255,MP BE-RA 30'S,302.00
1230256,MP TONIC PNP2 30'S,302.00
1230257,MP PNP L2 30'S,432.00
1230258,MP PNP L8 30'S,357.00
1230259,MP SYNOL 30'S,357.00
1230260,MP V-MISTEN 30'S,357.00
1230261,TRANCEL TEAR EYE DROPS 30'Sx0.8ML,195.00
1230262,MELLU TEAR EYE DROPS 30'Sx0.4ML,193.00
1230263,FLEMOMILE ADVANCE MOUTH SPRAY 10ML,78.00
1230264,VISTRA BIO CALCIUM L-THREONATE 750MG 30'S,336.00
1230265,DEHEC-Z 60ML,77.00
1230267,HEALTH IMPACT ABSORBENT UNDERPAD 10 PADS,76.00
1230268,RHINOBUN ICY SPRAY 150ML,139.00
1230271,CMED MUCOFLEX SYRUP 60ML,26.00
1230273,EUCERIN AQUAPHOR LIP 10G,242.00
1230276,EUCERIN UREA REPAIR PLUS 5% LOTION 400ML,739.00
1230277,EUCERIN ULTRASENSITIVE Q10X SET (DAY+NIGHT),1614.00
1230279,ANB NASAL CONNECT 1ชิ้น (อุปกรณ์จุกต่อขวดล้างจมูก),86.00
1230280,นม GEN-DM MF VANILLA 2.5KG,1445.00
1230281,FLOCTIL 200MG/5ML 15ML (BANANA MIX CHERRY),94.00
1230283,OILEZZ 1x22'S,260.00
1230284,ยาธาตุน้ำแดง ยาธาตุ4 ตรากิเลน 180มล,38.00
1230285,ยาธาตุน้ำแดง ยาธาตุ4 ตรากิเลน 300มล,48.50
1230287,NEOBUN GEL COOL 5x2'S (4PACK),717.00
1230288,NEOBUN GEL WARM 20x2'S,717.00
1230289,MDP DESLORA SYRUP 60ML (AERIUS),76.00
1230290,MDP DESLORA 1x10'S,38.00
1230292,3M แผ่นซับสิว 30ชิ้น (รุ่นบาง),58.00
1230293,SOS เครื่องวัดความดัน APA รุ่น U80NH,814.00
1230294,"SOS CO-ADHESIVE BANDAGE 1""x5YDS (COBAN)",28.00
1230295,"SOS CO-ADHESIVE BANDAGE 2""x5YDS (COBAN)",52.00
1230296,"SOS CO-ADHESIVE BANDAGE 3""x5YDS (COBAN)",62.00
1230298,HAARLON HAIR&SCALP TONIC 8ML,92.00
1230300,NIPRO SYRINGE 50ML (หัวกลาง),12.00
1230301,NIPRO SYRINGE 50ML (หัวข้าง),12.00
1230302,MP DETRORA 30'S,363.00
1230303,MP TONIC4 30'S,385.00
1230305,HEMOMIN BLEND EGG POWDER 400G (VANILLA),347.00
1230306,ยาสีฟันสมุนไพร เทพไทย ลดการเสียวฟัน 30กรัม(รสดั้งเดิม),53.00
1230307,ยาสีฟันสมุนไพร เทพไทย ลดการเสียวฟัน 70กรัม(รสดั้งเดิม),91.00
1230308,ยาสีฟันสมุนไพร เทพไทย ลดการเสียวฟัน 30กรัม(รสเปียร์มิ้นท์),53.00
1230309,ยาสีฟันสมุนไพร เทพไทย ลดการเสียวฟัน 70กรัม(รสเปียร์มิ้นท์),91.00
1230310,KAL-CEE GRAPE 10'S,44.50
1230311,รถพยาบาล สำลีปั่นหู 100ก้านใหญ่,13.00
1230312,VISTRA IMU-PRO ELDERBERRY PLUS 120ML,202.00
1230314,SRICHAND SUPER COVERAGE FOUNDATION 30ML (120Beige),207.00
1230315,SRICHAND SUPER COVERAGE FOUNDATION 30ML (140Honey),207.00
1230316,SRICHAND SUPER COVERAGE FOUNDATION 30ML (130Natural),207.00
1230317,SRICHAND SUPER COVERAGE FOUNDATION 30ML (110Sand),207.00
1230319,SRICHAND SKIN ESSENTIAL CONCEALER 3ML (130 Natural),105.00
1230321,SRICHAND BARE TO PERFECT TRANSLUCENT POWDER 4.5G,91.00
1230322,SRICHAND BARE TO PERFECT TRANSLUCENT POWDER 10G,227.00
1230323,SRICHAND BARE TO PERFECT COMPACT POWDER 4.5G x Pack3,167.00
1230324,SRICHAND BARE TO PERFECT COMPACT POWDER 9G,248.00
1230326,SRICHAND SUNLUTION SPF50++ WHITENING 40ML (PINK),155.00
1230327,SASI GIRLS BLUSH ON 6G (UNUSUAL PINK) #S01,92.00
1230328,SASI GIRLS BLUSH ON 6G (SPARKLE PINK) #S04,92.00
1230329,SASI GIRLS BLUSH ON 6G (TALENTED PINK) #M01,92.00
1230330,SASI GIRLS BLUSH ON 6G (PINKY SPICE) #M02,92.00
1230331,SASI GIRLS BLUSH ON 6G (OUTDOOR GIRL) #M04,92.00
1230332,SASI GIRLS EYE SHADOW 1.5G (UNIQUE PINK) #01,98.00
1230333,SASI GIRLS EYE SHADOW 1.5G (UNIQUE ORANGE) #02,98.00
1230344,SASI JOLLY SWEET LIP TINT (CANDY PINK) #01,72.00
1230345,SASI JOLLY SWEET LIP TINT (LOVELY PEACH) #02,72.00
1230346,SASI JOLLY SWEET LIP TINT (CHEERY RED) #03,72.00
1230347,SASI JOLLY SWEET LIP TINT (VERY STRAWBERRY) #04,72.00
1230348,SASI JOLLY SWEET LIP TINT (APPLE SODA) #05,72.00
1230349,SASI ACNE SOL LOOSE POWDER 50G,29.00
1230350,SASI ALL-DAY FIXED POWDER 50G,29.00
1230351,SASI SUN COOL LOOSE POWDER SPF35 50G,29.00
1230352,SASI SUPER OIL CONTROL POWDER 50G,29.00
1230353,SASI BB PERFECT POWDER 50G,29.00
1230354,SASI PEARLY GLOW POWDER 50G,29.00
1230355,DERMATIX WOUND CARE 20G,180.00
1230356,MILTEAR MD ARTIFICAL TEARS 10ML,65.00
1230358,CETAPHIL MOIST.LOTION 118ML,198.00
1230359,CETAPHIL MOIST.LOTION 473ML,437.00
1230360,CETAPHIL MOIST.CREAM 100G,190.00
1230361,CETAPHIL PRO AD DERMA WASH.145ML,294.00
1230362,CETAPHIL PRO AD DERMA MOIST.145ML,494.00
1230363,CETAPHIL BRIGHTNESS CREAMY CLEANSER 100G,313.00
1230364,CETAPHIL BRIGHTNESS REFRESH TONER 150ML,309.00
1230366,CETAPHIL BRIGHTENING NIGHT CREAM 50G,802.00
1230367,CYBELE SCAGEL VALUE PACK 2x9G,209.00
1230368,CYBELE SCAGEL VALUE PACK 2x19G,379.00
1230369,CYBELE SCAGEL PLUS 10G,207.00
1230370,DULCOLAX 5MG 10x10'S,285.00
1230371,ESSENTIALE FORTE 300MG 9x10'S,969.00
1230373,APPLE CIDER VINEGAR TABLETS 90'S,392.00
1230374,DAFLON 1000MG 3x10'S,574.00
1230375,EUCERIN SUN KIDS SPRAY SPF50+ 200ML,972.00
1230376,MONTULAIR 4 ORAL GRANULES 28'S (POWDER),347.00
1230377,MEDIFAST 60MG 10x10'S,177.00
1230380,DESTA SYRUP 60ML (AERIUS),89.00
1230382,ทาราด้า โลชั่น 1.75มล,31.00
1230383,YUWELL STERILE LANCET SOFT 28G 50LANCETS,65.00
1230384,OPSACIN 5ML (PINK),24.00
1230385,ITRAFUNGAL 10x10CAP,417.00
1230388,"SOS ผ้ายืดพันเคล็ด 4"" (10CMx5.4M) 12ม้วน",275.00
1230389,"SOS GAUZE PAD 2""x2"" 12ซอง (STERILE)",63.00
1230390,"SOS GAUZE PAD 3""x3"" 12ซอง (STERILE)",87.00
1230391,"SOS GAUZE PAD 2""x2"" 12ซอง (NON-STERILE)",44.00
1230392,"SOS GAUZE PAD 3""x3"" 12ซอง (NON-STERILE)",59.00
1230394,มวย เพนรีลีฟ ฟรีซสเปรย์ 200มล,127.00
1230395,CERAVE FACIAL MOISTURISING LOTION PM 52ML,444.00
1230397,AMMELTZ HEAT PATCH GOLD 1'S (ปวดประจำเดือน),23.00
1230398,AMMELTZ HEAT PATCH GOLD 1'S (ปวดคอและไหล่),29.00
1230399,AMMELTZ HEAT PATCH GOLD 1'S (ปวดหลัง),29.00
1230400,SONAP FORTE 550MG 10x10'S (NAPROXEN),297.00
1230401,TP VITAMIN B12 1000MCG INJECTION 50x1ML,214.00
1230402,7STARS MAMARINE MOM OMEGA-3 PLUS 30'S,284.00
1230403,DERCOS ENERGY+AMINEXIL SHAMPOO 200ML,369.00
1230404,DERCOS ANTI-DANDRUFF SHAMPOO 200ML,369.00
1230406,SOS พลาสเตอร์ผ้า COLORFUL FC1 12'S,18.00
1230407,HOSPRO COLD HOT PACK #S (15CMx7CM),65.00
1230408,HOSPRO COLD HOT PACK #M (25CMx11CM),78.00
1230410,ZARIUS SYRUP 60ML,62.00
1230411,CERA รสผลไม้รวม 50x25G,155.00
1230412,CERA รสส้ม 50x25G,160.00
1230417,BKD PLAIVANA CREAM 35G,84.00
1230418,DIOSMIN 500MG 45x10'S (DAFLON),1350.00
1230419,SPORNAR 100MG 50x10'S,42.00
1230420,ALCON OPTI-FREE PURE MOIST 90ML,115.50
1230421,VITAIMED ถุงปัสสาวะ รุ่น KYB13 1x10ชิ้น (เทล่าง),170.00
1230422,FLINMED ถุงปัสสาวะ รุ่น 43URB-T 1x10ชิ้น (เทบน),170.00
1230423,AQUA MARIS PROTECTO 20ML,253.00
1230424,CLARICARE NASAL SPRAY 100ML,170.00
1230425,BELLA PARA 500MG 10x10'S (เม็ดรี) FOIL,97.00
1230426,ยาอุทัยทิพย์ 15มล,34.50
1230427,HIALID 0.1% 0.4ML x 30'S (MINI),309.00
1230428,MP CV KARE 45CAP,585.00
1230429,OREX STERIPAD แผ่นชุบแอลกอฮอล์ 70% 200'S,179.00
1230431,PURICAS INTENSIVE DARK SPOT&ACNE SCAR GEL 8G,245.00
1230432,HASHI SALINE SPRAY MOIST 30ML (สูตรใหม่),95.00
1230433,BIOPHARM BELCID GERD 12x10ML,144.00
1230434,BIOPHARM BIOCOXIB 120MG 5x5'S (ARCOXIA),430.00
1230435,HERBAL FILM SPRAY 15ML (PINK),132.00
1230436,PROVAMED ACNICLEAR BIO-PEPTIDE 40ML,282.00
1230437,GREATER MYBACIN ZINC 20x10'S (GRAPE&LEMON),175.00
1230438,GREATER MYBACIN ZINC 20x10'S(LUTEIN&BILBERRY),175.00
1230440,ยาแก้ไอ รสน้ำผึ้งมะนาว ตราเสือดาว 120มล (ใหญ่),31.00
1230441,ANB INFUSION SET (ชุดสายให้น้ำเกลือ+เข็ม),14.00
1230442,MEGA EUGICA MOUTH SPRAY 30ML,162.00
1230443,MELCAM-15 10x10'S (MOBIC),589.00
1230444,BICAHIS 20MG 5x10'S (BILAXTEN),375.00
1230445,FIT-CEE 25MG 12x20'S (ORANGE),65.00
1230446,FIT-CEE 25MG 12x20'S (GRAPE),65.00
1230447,FIT-CEE 25MG 12x20'S (STRAWBERRY),65.00
1230448,PROVAMED BABINI BABY SOOTHING LOTION 400ML,170.00
1230449,VISTRA VITAL-PRO DAILY PROBIOTICS 30'S,507.00
1230451,เซียงเพียวรีลิฟครีม 62กรัม,58.00
1230452,ACTEWOUND 2.5x100CM 1ROLL,354.00
1230453,EZENTIA 10MG 2x14'S (EZETROL),282.00
1230454,FBC DAILY 30CAP,106.50
1230455,ALSOFF COTTON (สำลีก้อนแอลกอฮอล70%) 12x8ก้อน,61.00
1230456,ALSOFF ALCOHOL PAD 20'S,23.00
1230457,EUCERIN PRO ACNE MARKS CLEANSING FOAM 3X 150ML,524.00
1230459,TRUSLEN COFFEE PLUS 40SACHET (ชุดของขวัญ),254.00
1240002,นม GLUCERNA PLUS WHEAT 800G,1065.00
1240003,นม GLUCERNA SR TRIPLE CARE 800G,1030.00
1240004,OK HERBAL 30ML 1x12'S (สีน้ำตาลคาราเมล),364.00
1240005,OK HERBAL 30ML 1x12'S (สีน้ำตาลประกายม่วง),364.00
1240007,VESCO PHENOKINON-F INJECTION 3x1ML,44.00
1240008,น้ำมันเหลือง ตราวังพรม 20มล (ยกเลิก),53.00
1240009,น้ำมันเขียว ตราวังพรม 20มล,53.00
1240010,EGG-ALBUMIN 1200MG 90'S,447.00
1240011,GPO EZETIMIBE 10MG 3x10'S (EZETROL),144.00
1240012,เต่าเหยียบโลก โพรเทค 30มล(โรลออนระงับกลิ่นกาย),45.00
1240013,เต่าเหยียบโลก คูลเฟรช 30มล (โรลออนระงับกลิ่นกาย),45.00
1240014,เต่าเหยียบโลก เอ็กซ์ตร้า ไวท์ 30มล (โรลออนระงับกลิ่นกาย),45.00
1240015,เต่าเหยียบโลก สมูทแอนด์เคลียร์ 30มล (โรลออนระงับกลิ่นกาย),45.00
1240016,MEFA 500MG 1000'S,630.00
1240017,MEFA 500MG 50x10'S,9.50
1240018,GPO CLOPIDOGREL 75MG 10x10'S (PLAVIX),252.00
1240019,TIGER BALM LOTION 80ML,142.00
1240020,INAL SYRUP 60ML (BRONAL),69.50
1240021,FLOTRAL 10MG 3x10'S (XATRAL),369.00
1240022,OPPLIN 100ML,27.00
1240023,JANUVIA 50MG 4x7'S,1435.00
1240026,EUCERIN PH5 LOTION+WASH LOTION 2x400ML (แพ็คคู่ SAVE 25%),552.00
1240027,เซียงเพียวรีลิฟครีม 32กรัม,34.00
12400287,SCAGEL ACNE PATCH แปะสิวลาย ดาวและหัวใจ 20ชิ้น,0.00
1240029,EXFORGE 10/160MG 4x7'S (RED),845.00
1240030,EXFORGE 5/160MG 4x7'S (VIOLET),805.00
1240031,ยาดม สมุนไพร ตราหนุมาน 5กรัม,114.00
1240034,TRUSLEN COFFEE KERVE PLUS 12SACHET,102.00
1240035,PROVAMED ULTRA WHITENING BOOSTER SERUM 30ML,128.00
1240036,VISTRA L-CARNITINE PLUS SAFFRON EXTRACT 30'S,359.00
1240037,TP B-100 COMPLEX INJECTION 50x1ML,221.00
1240038,3M NEXCARE TRANSPARENT BANDAGE 50'S,68.00
1240039,CERUVIN 75MG 3x10'S (PLAVIX),247.00
1240040,นม ENSURE GOLD ALMOND 800G,895.00
1240047,NATUREGIFT BLACK COFFEE COENZYME Q10 10SACHET,89.00
1240048,NATUREGIFT BLACK COFFEE COLLAGEN 10SACHET,87.00
1240049,NATUREGIFT BLACK COFFEE L-CARNITINE 10SACHET,88.00
1240050,NATUREGIFT BLACK COFFEE GINSENG EXTRACT 10SACHET,89.00
1240052,INNOBIC PRO SALMON OIL 1000MG 30'S,285.00
1240053,CERAVE MOISTURISING LOTION 236ML,354.00
1240054,CERAVE RESURFACING RETINOL SERUM 30ML,509.00
1240055,CERAVE MICELLAR CLEANSING WATER 295ML,404.00
1240056,BLACKMORES BIO FOLIC 90'S,272.00
1240058,RHINOBUN PLASTER 20x10'S,255.00
1240059,CHEMTRUE ONDEVICE ชุดตรวจสารเสพติด (หยด) 25'S,16.00
1240060,OCID 20MG 50x10'S,384.00
1240061,BKD ROXITHROXYL 150MG 10x10'S,178.00
1240072,AMARYL 4MG 12x10'S (BLUE),234.00
1240074,ยาอมสมุนไพร ยูอีคอฟ 20x20เม็ด (เสาวรส),420.00
1240075,EUCERIN SPOTLESS BRIGHTENING BODY LOTION 250ML,442.00
1240078,EUCERIN SPOTLESS BRIGHTENING DARK EYE 15ML,1122.00
1240083,ยาอมสมุนไพร ยูอีคอฟ 20x20เม็ด (ส้มยูสุ),420.00
1240084,TIGERPLAST WATERPROOF FIT 16ชิ้น,24.00
1240085,LUMONT 10MG 3x10'S (SINGULAIR),194.00
1240088,NICORETTE INVISIPATCH 15MG,677.00
1240089,NICORETTE INVISIPATCH 25MG,677.00
1240090,NICORETTE QUICK MIST SPRAY,644.00
1240092,MESTINON 60MG 150'S,1409.00
1240093,TO ZOCOVIN CREAM 5G,26.00
1240094,VISTRA ELASTIN PLUS COLLAGEN 10SACHET,325.00
1240095,PROVAMED GOTUKOLA CLEANSING GEL 120ML,133.00
1240096,HIDRASEC CAP 100MG 1x10CAP,277.00
1240097,HIDRASEC PAEDIATRIC 10MG 16SACHET,434.00
1240098,HIDRASEC PAEDIATRIC 30MG 16SACHET,512.00
1240099,อ้วยอัน ยาดมสมุนไพร ตรามังกรทอง 4กรัม,270.00
1240101,นมเม็ดไวท์ฟาร์ม รสสตรอเบอร์รี่ 112กรัม (10ซอง),87.00
1240103,วทศ BABY NATURAL GEL 20G (ลูกกลิ้ง),98.00
1240104,วทศ BABY NATURAL GEL 45G,127.00
1240105,YUWELL เครื่องตรวจน้ำตาล รุ่น 660 (+STRIP 25'S+LANCET 50'S),310.00
1240107,SUPIROCIN OINTMENT 15G,93.00
1240109,LYO HAIR COLOR SHAMPOO (BLACK) 1x6ซอง,212.00
1240110,LYO HAIR COLOR SHAMPOO (DARK BROWN) 1x6ซอง,212.00
1240111,LYO HAIR COLOR SHAMPOO (RED BROWN) 1x6ซอง,212.00
1240112,LYO HAIR COLOR SHAMPOO (GOLDEN BROWN) 1x6ซอง,212.00
1240116,MAXX FLOW PROBIOTICS JELLY 1x7ซอง,294.00
1240117,MAXXLIFE VIRGIN COCONUT OIL 1000MG 30CAP,257.00
1240120,PROSPAN 100ML,166.00
1240121,FLUIFORT 2.7G 50SACHET,1998.00
1240122,SMECTAGO SUSPENSION 3Gx12SACHET,303.00
1240123,INTORICOXIB 90MG 1x7'S (ARCOXIA),98.00
1240125,ยาแก้ไอ มะขามป้อม ยูอีคอฟ ซีดี 60มล,18.00
1240131,TUBIGRIP FEELFREE ELBOW ข้อศอก (S),144.00
1240132,TUBIGRIP FEELFREE WRIST ข้อมือ (L),144.00
1240135,OMRON THERMOMETER DIGITAL MC-246,192.00
1240136,CERAVE HYDRATING CREAM TO FOAM CLEANSER 473ML,544.00
1240137,CERAVE FOAMING CLEANSER 88ML,191.00
1240138,TERUMO เครื่องวัดความดัน W1200,1760.00
1240139,TERUMO เครื่องวัดความดัน W5200,2070.00
1240140,KENKOU COLD HOT PACK (DUCK) 1S,87.00
1240141,KENKOU COLD HOT PACK EYE MASK (COMPACT SIZE),152.00
1240144,ก.ย.15 MOS-FREE สเปรย์กันยุง ลาเวนเดอร์ 40มล (สีม่วง),37.00
1240145,KENKOU COLD HOT PACK (I-JUNG GIRL) 1'S,87.00
1240146,KENKOU COLD HOT PACK (DINOSAUR) 1'S,87.00
1240147,KENKOU COLD HOT PACK (KENTA BOY) 1'S,87.00
1240148,KENKOU COLD HOT PACK (LADYBUG) 1'S,87.00
1240149,KENKOU COLD HOT PACK (SYBERIAN) 1'S,87.00
1240150,KENKOU COLD HOT PACK (WHALE) 1'S,87.00
1240151,"TIGERPLAST CARIPORE CLEAR 0.5""x5YDS",15.00
1240152,"TIGERPLAST CARIPORE CLEAR 0.5""x10YDS",19.00
1240153,"TIGERPLAST CARIPORE CLEAR 1""x5YDS",26.00
1240154,"TIGERPLAST CARIPORE CLEAR 1""x10YDS",32.00
1240155,"TIGERPLAST CARIPORE PAPER 1""x10YDS",35.00
1240158,RANCLAV 1G 3x4'S,79.00
1240166,นม GLUCERNA PLUS WHEAT 380G,615.00
1240168,PHARMICA ICY SPRAY 200ML,140.00
1240170,ยาครีมบรรเทาปวด ตราแม่กุหลาบ 120กรัม,98.00
1240171,SANDOZ FELODIPINE 10MG 30'S (PLENDIL),364.00
1240172,BERLIN CARDIPLOT 10MG 10x10'S (MADIPLOT),304.00
1240173,BERLIN CARDIPLOT 20MG 10x10'S (MADIPLOT),398.00
1240174,MYCARBON 10x10'S,127.00
1240175,อ้วยอัน ยาขิงแคปซูล 500มก 100แคปซูล,82.00
1240176,MEDMAKER NOURISH & PROTECT LIP BALM 4.8G,38.00
1240177,DESTA 5MG 10'S (AERIUS),51.00
1240178,MEMPIL 400MG 10x10'S (NOOTROPIL),244.00
1240179,GSK AUGMENTIN ES 100ML,894.00
1240180,MILTEAR TEARS EYE DROPS 1MLx30'S,142.00
1240181,CYSTALINE 600MG 10'S,106.00
1240182,MAR SOFT SPRAY 125ML,210.00
1240183,MAR BABY NOSE SPRAY 100ML,210.00
1240184,MAR THROAT SPRAY 50ML,192.00
1240185,PHARMICA MEMIC 500MG 25x10'S,439.00
1240188,UTROGESTAN 200MG 15'S,359.00
1240189,DUPHASTON 10MG 20'S,484.00
1240190,GREATER ALLERDRYL CREAM 20G,38.00
1240191,GREATER IVORIN SYRUP 60ML,48.00
1240192,เครื่องวัดความดัน MICROLIFE รุ่น BP B3 AFIB ADVANCED,2680.00
1240193,DUOFLOW 30'S,1014.00
1240194,DR.PHILLIP DENTAL WAX GRAPE (TWIN PACK),47.00
1240198,TO OLOPT 0.2% 2.5ML (PATADAY),122.00
1240199,7STARS VIT-C 25MG 1000'S (ORANGE),89.00
1240200,SIAM BLIZTIN 20MG 1x10'S (BILAXTEN),77.00
1240201,SIAM LIPOSTAT 10MG 3x10'S,134.00
1240202,SIAM LIPOSTAT 20MG 3x10'S,165.00
1240203,SIAM MIBEAZ 10MG 3x10'S (EZETROL),228.00
1240204,SIAM MOMESONE CREAM 0.1% 5G,46.00
1240205,SIAM SIAGRAN 50MG 1x4'S (IMIGRAN),91.00
1240206,SIAM SIXIME 100MG 1x10'S (CEFSPAN),144.00
1240207,BERLIN HEPATOLAC 100ML,70.00
1240208,PROBAC 7 1x10SACHET,400.00
1240209,นม FRESUBIN DM DRINK 200ML (วานิลลา),142.00
1240210,นม FRESUBIN SUPPORTAN DRINK 200ML (CAPPUCCINO),165.00
1240213,HAEMOVIT ACTIVE 31'S,297.00
1240214,CMED CPM 4MG 100x10'S,129.00
1240215,LA ROCHE TOLERIANE FOAM 125ML,530.00
1240216,LA ROCHE EFFACLAR FOAMING GEL 200ML,611.00
1240217,LA ROCHE EFFACLAR SERUM 30ML,898.00
1240218,CERAVE EYE REPAIR CREAM 14ML,409.00
1240220,MEMPIL 800MG 10x10'S (NOOTROPIL),352.00
1240221,OXACAIN SPRAY 10% 1x50ML,312.00
1240225,FLEXITAL 400MG 5x10'S (TRENTAL),247.00
1240226,PROPOLIZ VIT-C 1x10x8'S (ชนิดเม็ดเคี้ยว),162.00
1240228,VELDENT AMAZING BRIGHT 100G (WHITE),79.00
1240229,VELDENT EXTREM AWAKE 100G (YELLOW),80.00
1240230,VISTRA VITA-PRO DAILY PLANT PROTEN 10x25G,339.00
1240231,FEENA HERBS MOISTURE SPRAY 150ML,214.00
1240232,FIT DHA FROM TUNA OIL COMPLEX 12'S COCOA,224.00
1240233,MILK CAL CHEWABLE 1x12ซอง(รสนม),189.00
1240234,TIGERPLAST FLEXIE 4ชิ้นx10ซอง,81.00
1240235,TIGERPLAST FLEXIE 8ชิ้น,18.00
1240236,EMULAX 10x10'S,61.00
1240238,CHEMTRUE ONE STEP ชุดตรวจสารเสพติด (จุ่ม) 50'S,454.00
1240239,HUMULIN 70/30 100IU LILLY (5x3ML) (แช่เย็น),854.00
1240240,"KARISMA COTTON STICK 6"" 5x5PCS (M)",40.00
1240241,"KARISMA COTTON STICK 6"" 5x5PCS (S)",40.00
1240244,ALCOHOL GEL ALSOFF 5 LITRE,355.00
1240245,BKD FANGO-BD CREAM 15G,31.00
1240246,CETAPHIL DAILY FACIAL CLEANSER 236ML,314.00
1240247,PURICAS INTENSIVE DARK SPOT&ACNE SCAR GEL 8G(+ของแถม),239.00
1240248,TEGRETOL CR 200MG 10x10'S,694.00
1240249,TEGRETOL CR 400MG 10x10'S,1269.00
1240250,SIAM LEFLOXIN OPHTHALMIC SOL 0.5% 5ML,71.00
1240251,VITARA BETA-C CREAM 15G,40.00
1240253,SANDOZ MONTELUKAST 5MG 4x7'S (SINGULAIR),435.00
1240254,STERILE DRESSING SET ชุดทำแผล,240.00
1240255,YUWELL STRIP 25ชิ้น (แผ่นตรวจน้ำตาล) Y350,154.00
1240256,MEGA APPLE CIDER GUMMYZ 2'Sx25SACHET,464.00
1240257,NEOPLAST KOOL PATCH 6PADS (BABY),67.00
1240258,MEGA FEMIFLORA 30'S,894.00
1240259,MEGA FEMIFLORA INTIMATE WASH 100ML,137.00
1240260,OILATUM RICH HYDRATING BATH 300ML,444.00
1240261,PASTEL BALM STICK 6G (MANGO),235.00
1240263,PASTEL BALM STICK 6G (ORANGE OIL),235.00
1240264,"SOS CO-ADHESIVE BANDAGE 2""x5YDS (12ROLL คละสี)",484.00
1240265,MEGA ALCOHOL COTTON BALL 10x8ก้อน (สำลีชุบแอลกอฮอล์),55.00
1240266,MEGA COTTON BALL 0.35 x 500G,107.00
1240267,INTERPHARMA MAGNESIUM PLUS B COMPLEX 20'S,132.00
1240268,INTERPHARMA MULTIVITAMIN 20'S,99.00
1240269,PREVACID FDT 15MG 2x14'S,905.00
1240270,PREVACID FDT 30MG 2x14'S,1590.00
1240271,ATOZIN 250MG 1x6'S,49.00
1240272,AVAFAST 180MG 1x10'S,56.00
1240273,ELLEZIN 5MG 1x10'S,46.00
1240275,ALGOGEN SYRUP STRAWBERRY 60ML,17.00
1240277,MP T-TUZ 30'S,429.00
1240278,MP PNP-L4 30'S,429.00
1240280,ยาธาตุน้ำขาว กระต่ายบิน 450มล (ใหญ่),105.00
1240281,SYSTANE COMPLETE LUBRICANT EYE DROP 5ML,224.00
1240282,นม NESTLE BOOST GLUCOSE CONTROL 800G,914.00
1240283,7STARS VITA & MINE 10x10'S (VITOP),249.00
1240284,GESTAL 0.05% SPRAY 10ML,55.00
1240285,EXIB-90 1x5'S,46.00
1240287,SCAGEL ACNE PATCH แปะสิวลาย ดาวและหัวใจ 20ชิ้น,32.00
1240288,SOS พลาสเตอร์ ซิลิโคน SP1 (1.9x7.2CM) 4'S,22.50
1240289,SOS ALCOHOL PREP PAD 20'S,19.00
1240291,PROPOLIZ-X MOUTH SPRAY 15ML,114.00
1240292,BLACKMORES MULTI ACTIVE 50TAB,404.00
1240293,EUCERIN AQUAPHOR BALM 80G,329.00
1240294,"รถพยาบาล สำลีแผ่น 3""x4"" 450กรัม",130.00
1240295,PURICAS MEDICAL SCAR HEALING GEL 9G,515.00
1240296,BSN FIXOMULL SKIN SENSITIVE 10CMx2M,325.00
1240297,MOTILIUM 3x10'S,101.00
1240299,ยาดม สมุนไพรหมัก หงส์ไทย สูตร1 10ซีซี (สีเขียว),38.00
1240300,PROVAMED WHITENING GLYCOLIC GLOW SERUM 30ML,254.00
1240301,PROVAMED BIO-PEPTIDE ANTI ACNE SERUM 30ML,275.00
1240302,PROVAMED DERMA GLUCAN SOOTHING CREAM 50G,228.00
1240303,PROVAMED DERMA GLUCAN SOOTHING LOTION 100ML,211.00
1240304,VISTRA ADVANCED TELOPRO VITA PLUS 30CAP,582.00
1240306,HEMOMIN EGG POWDER 400G (MANGO STICKY RICE),585.00
1240307,ARCOXIA 120MG 1x5'S,213.00
1240308,ARCOXIA 60MG 1x5'S,174.50
1240309,ARCOXIA 90MG 1x5'S,174.50
1240311,MIRGEAL GEL 20x15ML,607.00
1240315,"SOS ผ้ายืดพันเคล็ด 3"" (7.5CMx5.4M) 12ม้วน",204.00
1240320,MASAGA CREAM 30G,21.00
1240321,MASAGA CREAM 60G,40.00
1240322,ยาเขียวเม็ด ตราใบห่อ 50แผงx16เม็ด,255.00
1240323,BH ใบห่อสเปรย์สมุนไพร 30ML,38.00
1240324,BH ใบห่อสเปรย์สมุนไพร 100ML,96.00
1240326,ALCOHOL ALSOFF-S 1LITRE,62.00
1240327,รอว์ร่า สบู่สมุนไพรกลั่นเซรั่มกุหลาบ 170กรัม,364.00
1240328,FEBURIC 80MG 3x10'S,2390.00
1240329,SCAGEL ACNE PATCH 12'S,26.00
1240330,AVAFAST 60MG 1x10'S,26.00
1240332,SOS HYDROCOLLOID PLASTER 4 PCS,39.00
1240333,TIGERPLAST CARIFIX STRETCH 5CMx10M,166.00
1240334,TIGERPLAST CARIFIX STRETCH 10CMx10M,280.00
1240335,"TIGERPLAST CARI GAUZE 2""x2""",72.00
1240336,"TIGERPLAST CARI GAUZE 3""x3""",120.00
1240337,"TIGERPLAST CARI GAUZE 4""x4""",177.00
1240338,TIGERPLAST SUPPORT STABILIZING KNEE เข่า(L),527.00
1240339,TIGERPLAST SUPPORT STABILIZING KNEE เข่า(M),527.00
1240340,TIGERPLAST BACK COMFORT SUPPORT (L),1000.00
1240341,VECIN 20MG 3x10'S (REPARIL),86.00
1240342,KERDICA 20MG 10x10'S (MADIPLOT),385.00
1240343,MOMETASONE TEVA NS 50MCG SPRAY 140D,285.00
1240345,DENTALPRO TOOTHBRUSH FOR SENSITIVE,55.00
1240346,DENTALPRO TO-FU OYAKO TOOTHBRUSH 6-12 Y,58.00
1240347,DENTALPRO TO-FU OYAKO TOOTHBRUSH 1-5 Y,58.00
1240348,FURANO BRACES MOUTHWASH 500ML (GREEN),107.00
1240349,FURANO GENTEL MOUTHWASH 500ML (ORANGE),107.00
1240350,DENTALPRO INTERDENTAL BRUSH 10P ( I-SHAPED),112.00
1240351,DENTALPRO INTERDENTAL BRUSH 4P (L-SHAPED),94.00
1240352,DENTALPRO ORTHODONTIC TOOTHBRUSH,53.00
1240353,DENTALPRO FLOSS 50'S,42.00
1240354,BKD FANGO-BD CREAM 5G,17.00
1240355,BRAND'S 40MLx6BT (S) (รังนก),440.00
1240359,"THAI GAUZE TOP DRESSING PAD 3""x6""(1x10ซอง)",48.00
1240360,"THAI GAUZE TOP DRESSING PAD 4""x6""(1x10ซอง)",64.00
1240361,"THAI GAUZE TOP DRESSING PAD 6""x8""(1x10ซอง)",105.00
1240362,NSS 0.9% 20x5x5ML (ยาฉีด),490.00
1240363,CERAVE OIL CONTROL MOISTURISING GEL-CREAM 52ML,444.00
1240364,ผ้าอ้อม CERTAINTY แบบเทป # M 34ชิ้น,440.00
1240366,TIGERPLAST SUPPORT ELBOW ข้อศอก (L),156.00
1240367,TIGERPLAST SUPPORT ELBOW ข้อศอก (S),156.00
1240368,CAMOXTIN ES 70ML,307.00
1240369,CAMOXTIN 457MG 70ML,128.00
1240370,OREDA R.O. 5.5G x 50CS (ORANGE),97.00
1240371,ALQUABUMIN POWDER 400G,495.00
1240372,FEITAS DICLOFENAC PATCH 15x2'S,948.00
1240373,FEITAS DICLOFENAC PATCH 5x7'S,924.00
1240374,ACTEWOUND 7x15CM 1PCS (CLEAR),289.00
1240375,BKD STUGIN 50x10'S,205.00
1240376,ถุงมือยาง KLEANGLOVE (L) 100ชิ้น,77.00
1240377,ถุงมือยาง KLEANGLOVE (M) 100ชิ้น,77.00
1240378,ถุงมือยาง KLEANGLOVE (S) 100ชิ้น,77.00
1240379,KENORAL 200MG 1x10'S,37.00
1240380,OPSAR 100CC,27.00
1240381,BETADINE SURGICAL SCRUB 500ML,191.00
1240382,ยาแก้ไอยูอีคอฟ ซีดี น้ำผึ้งมะนาว 120มล,31.00
1240383,B-GAS 12x100ML,26.00
1240385,ผ้าอ้อม CERTAINTY แบบเทป # M 10ชิ้น,149.00
1240386,ผ้าอ้อม CERTAINTY แบบเทป # XL-XXL 8ชิ้น,172.00
1240387,BLUEDOT รุ่น B-BM03 (เครื่องวัดความดันต้นแขน),855.00
1240388,BLACKMORES BIO-C 500MG DAILY IMU+CWEWABLE 30'S,187.00
1240389,BLACKMORES BIO-C 500MG DAILY IMU+CWEWABLE 60'S,334.00
1240390,BLACKMORES BIO-C 1000MG DAILY IMU+ 120'S,634.00
1240391,BLACKMORES BIO-C 1000MG DAILY IMU+ 30'S,236.00
1240392,BLACKMORES BIO-C 1000MG DAILY IMU+ 60'S,402.00
1240394,VISTRA CERAMOSIDES GLUTA BIO MULTI ACTIV 30'S,494.00
1240395,HAPPY NOZ 1x6'S ADVANCE (NAVY BLUE)(ADULT),70.00
1240396,HAPPY NOZ 1x6'S (BLUE) (ADULT),70.00
1240397,HAPPY NOZ 1x6'S (GREEN) (ADULT),70.00
1240398,HAPPY NOZ 1x6'S (PURPLE) (ADULT),70.00
1240399,HAPPY NOZ 1x6'S (ORANGE) (ADULT),70.00
1240400,HAPPY NOZ 1x6'S (YELLOW) (ADULT),70.00
1240402,น้ำเกลือ LP SALINE 60ML,15.50
1240403,BOTAN 25'S (แผ่น),300.00
1240404,SANDOZ PREGABALIN 150MG 8x7'S,1635.00
1240406,MP TELOMERRA 30'S,510.00
1240407,D THROAT SPRAY 0.3% (LEMON FLAVOR) 15ML,170.00
1240408,D THROAT SPRAY 0.15% (LEMON FLAVOR) 15ML,170.00
1240409,D THROAT SPRAY 0.3% (MINT FLAVOR) 15ML,170.00
1240410,"SOS CAST&WOUND ถุงหุ้มเฝือกกันน้ำ (FM-084) ELBOW 11.8""",117.00
1240411,"SOS CAST&WOUND ถุงหุ้มเฝือกกันน้ำ (FM-081) FOOT 24""",117.00
1240412,"SOS CAST&WOUND ถุงหุ้มเฝือกกันน้ำ (FM-080) HAND 21""",117.00
1240413,"SOS CAST&WOUND ถุงหุ้มเฝือกกันน้ำ (FM-085) KNEE 17.7""",117.00
1240414,COXIUM-S PLUS POWDER 30SACHET (GREEN),735.00
1240415,FIBO FIT 10SACHET,494.00
1240417,ยาหม่องน้ำตรางู 5มล (กลิ่นออริจินอล) (RED),408.00
1240418,ยาหม่องน้ำตรางู 5มล (กลิ่นลาเวนเดอร์)(PURPLE),408.00
1240419,OPTIVE FUSION UD 0.4MLx30'S,395.00
1240420,FLOCTIL 250MG 1x6'S,53.00
1240421,VOCIN 500MG 1x10'S,105.00
1240423,OMRON เครื่องนวดไฟฟ้า HV-F021,1530.00
1240424,BOSNUM 60MG 1x10'S,31.00
1240425,ZEMA CREAM 15G (XL),45.00
1240426,ถุงมือยาง ซาโตรี่ 100ชิ้น (L) ไม่มีแป้ง,119.00
1240427,ถุงมือยาง ซาโตรี่ 100ชิ้น (M) ไม่มีแป้ง,119.00
1240428,ถุงมือยาง ซาโตรี่ 100ชิ้น (S) ไม่มีแป้ง,119.00
1240430,SYSTANE ULTRA PRESERVATIVE-FREE 10ML,297.00
1240431,ORANO 50x10'S,455.00
1240432,HAKUBI Q10 CREAM 35G (แพ็คแถม),614.00
1240433,HAKUBI C 90'S (แพ็คแถม),577.00
1240434,HAKUBI WHITE C GEL 20G (แพ็คแถม),589.00
1240435,EXCELLULA CLEANSING OIL 150ML(+ของแถม),535.00
1240436,DORAMA NA EYE DROPS 10ML,82.00
1240437,BKD GLUCOSA 1500 POWDER 30'S (ORANGE),275.00
1250001,SMOOTH E ANTI HAIR LOSS SHAMPOO 200ML,329.00
1250006,FIT-BEROC 7'S (เม็ดฟู่),82.00
1250007,FIT-CDB 7'S (เม็ดฟู่),74.00
1250008,FIT-C HIGH 7'S (เม็ดฟู่),62.00
1250009,EUCERIN EVEN SPOTLESS BRIGHT DAY FLUID SPF30 50ML,1414.00
1250010,EUCERIN EVEN SPOTLESS BRIGHT BOOSTER SERUM 30ML,1575.00
1250011,EUCERIN EVEN SPOTLESS BRIGH NIGHT 50ML,1414.00
1250012,EUCERIN EVEN SPOTLESS BRIGH CLEANSING GEL 200ML,599.00
1250013,EUCERIN EVEN SPOTLESS BRIGH CLEANSING GEL 400ML,1012.00
1250014,EUCERIN HYA FILLER EPICELLINE SERUM 30ML,1865.00
1250017,EUCERIN EVEN SPOTLESS BRIGH SPOT CORRECTING 5ML,864.00
1250018,HIMALAYA LIP BALM 10G,48.00
12500186,EXELFOS SOLUTION 1x3MG,0.00
1250019,HIMALAYA UNDER EYE CREAM 15ML,108.00
1250020,HIMALAYA STRAWBERRY GLOSS LIP 10G,55.00
1250021,HIMALAYA NOURISHING SKIN CREAM 150ML (UAE),165.00
1250022,HIMALAYA NOURISHING SKIN CREAM 50ML (UAE),104.00
1250045,ALCOHOL ALSOFF-S 5LITRE,259.00
1250046,XARELTO 20MG 2x14'S,3395.00
1250047,VISTRA SOY GERM POWDER PLUS 30CAP,384.00
1250048,"FUTURO COMFORT KNEE STABILIZERS 14.5-17""(M)",559.00
1250049,"FUTURO COMFORT KNEE STABILIZERS 17-19.5""(L)",559.00
1250050,นม ENSURE GOLD ALMOND 380G,480.00
1250056,N.S.S. SODIUM CHLORIDE IRRIGATION 1000ML,32.00
1250057,LONGMED KLEAN MASK KID 50ชิ้น (BLUE),43.00
1250058,LONGMED KLEAN MASK KID 50ชิ้น (GREEN),43.00
1250059,LONGMED KLEAN MASK KID 50ชิ้น (PINK),43.00
1250060,LONGMED KLEAN MASK 4ชั้น LF99 25ชิ้น (BLACK),46.00
1250061,LONGMED KLEAN MASK 4ชั้น LF99 25ชิ้น (WHITE),46.00
1250062,LONGMED KLEAN MASK 50ชิ้น (BLACK),43.00
1250063,LONGMED KLEAN MASK 50ชิ้น (GREEN),43.00
1250064,LONGMED KLEAN MASK 50ชิ้น (WHITE),43.00
1250065,VISTRA IMU-PRO 500MG 10x15'S,57.00
1250066,VISTRA LYSINE BIO MULTI VITAMINS 120ML,125.00
1250067,VISTRA INTEL-ACTIV B-COMPLEX ULTRA PLUS 30'S,275.00
1250068,VISTRA BON-ACTIV EGG SHELL MEMBRANE 30'S,545.00
1250069,I-HERB SUGAR FREE HERBAL CANDY 12x8'S,202.00
1250070,I-HERB OTC HERBAL 1x20x18'S (ยาอมสมุนไพร),364.00
1250074,OILATUM GENTEL CLEANSING H2T WASH 300ML,235.00
1250075,OILATUM SOOTHING MOIST RICH CREAM 200G,210.00
1250076,CETILAR CREAM 50G,715.00
1250077,RX LORINOSE 10MG 1x10'S,29.00
1250078,DERCOS ANTI-DANDRUFF DS 2IN1 SHAMPOO 200ML,384.00
1250084,YUWELL เครื่องตรวจน้ำตาล รุ่น 660,290.00
1250085,SIAM KETAZON SHAMPOO 200ML,186.00
1250086,VISTRA VITAL-PRO MULTIVITAMINS ULTRA PLUS 30'S,197.00
1250087,VISTRA IMU-PRO BIO VITAMIN C 1000MG 30'S,169.00
1250088,TRUSLEN COFFEE PLUS COLLAGEN 40SACHET,254.00
1250089,LATAMOLOL EYE DROP 5ML (XALACOM) (แช่เย็น),183.00
1250090,PROSDROP EYE DROP 2.5ML (XALATAN) (แช่เย็น),175.00
1250091,SUDOCREM MOISTURIZING CREAM 125G,272.00
1250092,DUTASTERIDE 0.5MG 30'S,857.00
1250093,ยาอมสมุนไพร IYARA LITE 15x8'S,354.00
1250094,PROPOLIZ-X LOZENGE 15x8'S (เม็ดอมรสน้ำผึ้งมะนาว),354.00
1250095,PROPOLIZ EXTHERB LOZENGE 15x8'S (เม็ดอมสมุนไพร),360.00
1250096,"3M COBAN 2""x5YDS (สีเนื้อ)",43.00
1250098,HYPERCOR 2.5MG 10x10'S (CONCOR),210.00
1250099,HYPERCOR 5MG 10x10'S (CONCOR),224.00
1250100,BALISA 20MG 1x10'S (BILAXTEN),74.00
1250101,SANDOZ ATORVASTATIN GMBH 40MG 3x10'S,880.00
1250102,PARA FAST ACTIV 25x10'S,375.00
1250103,BKD AROTIKA COOL GEL 35G,32.00
1250105,NUTRI MASTER BONCAL PLUS CURCUMIN 14'S,318.00
1250106,GREATER MYBACIN OTC LEMON 20x8'S,177.00
1250107,AERIUS ORAL SOLUTION 60ML,205.00
1250108,นม PROSURE VANILLA 380G,775.00
1250109,ไม้เท้าขาเดียว ปรับได้ ด้ามโค้ง รุ่น FY928L,125.00
1250110,HANDY HERB G-NITE GUMMY 6SACx4'S,177.00
1250111,HANDY HERB G-NITE BEAUTI COLLAGEN GUMMY 6SACx4'S,177.00
1250112,HANDY HERB FIBER FLOW GUMMY 6SACx4'S,177.00
1250114,HANDY HERB JELLY FIBER 1x12ซอง (สีเขียว),184.00
1250115,HANDY HERB JELLY APPLE CIDER 1x12ซอง (สีม่วง),184.00
1250116,EUCERIN OMEGA ATO-CALMING FACE CREAM 50ML,718.00
1250117,EUCERIN OMEGA ATO-CALMING BALM 200ML,747.00
1250118,SANDOZ APIXABAN 5MG 6x10'S,1835.00
1250119,GHP NORMAL SALINE 500ML เครื่องมือแพทย์,29.00
1250121,TIGERPLAST PLASTIC CLEAR 19x56MM 300'S,158.00
1250125,EUCERIN SUN ULTRA 100 UV++ 80ML,1235.00
1250126,BKD CLENA SCAR C GEL 7G (DERMATIX),142.00
1250127,BKD CLENA EX ANTI MELASMA 15G,134.00
1250128,FUTURO FOOT THERAPEUTIC ARCH SUPPORT,620.00
1250129,HEXENE SKIN CLEANSER 4% 500ML (RED),114.00
1250130,HEXENE SKIN CLEANSER 4% 100ML (RED),42.00
1250131,BRUSOFT 400MG 6x10'S,254.00
1250133,GVEZA 3MG/0.03MG 21'S (YASMIN),196.00
1250137,PHARMICA WEL FLEX 2x10'S,36.00
1250138,PROVAMED BIO-RETINOL ANTI AGING CREAM 40G,268.00
1250139,PROVAMED BIO-RETINOL ANTI AGING SERUM 30ML,290.00
1250140,VELDENT EXTREM WHITE TEETH MAX PURPLE 80G,82.00
1250142,WELL UP MOISTURIZING LOTION EX 200ML,147.00
1250143,WELL UP EVER CLEAR SOAP 50G,55.00
1250144,HIRUSCAR GEL 20G,389.00
1250145,HIRUSCAR GEL 5G,140.00
1250146,PROBUFEN GEL 25G,38.50
1250147,HISTADINE 10MG 1x10'S,13.00
1250148,DR.PHILLIP DENTAL WAX LEMON (TWIN PACK),47.00
1250150,GREATER MYBACIN OTC ORANGE 20x8'S,177.00
1250152,GREATER MYBACIN ZINC 20x10'S (HONEY LEMON),144.00
1250153,นม ENSURE GOLD ADVANCE PRO CHOCOLATE 800G,895.00
1250154,นม ENSURE GOLD ADVANCE PRO COFFEE 800G,895.00
1250157,นม ENSURE GOLD ADVANCE PRO VANILLA 800G,870.00
1250158,นม ENSURE GOLD ADVANCE PRO WHEAT 800G,870.00
1250159,นม ENSURE GOLD ADVANCE PRO COFFEE 380G,480.00
1250160,นม ENSURE GOLD ADVANCE PRO STRAWBERRY 380G,480.00
1250161,นม ENSURE GOLD ADVANCE PRO VANILLA 380G,480.00
1250162,นม ENSURE GOLD ADVANCE PRO WHEAT 380G,480.00
1250163,AIRROX 10x10'S,88.00
1250164,AMOGIN OTC 1x10'S,18.00
1250167,SINULAN EXPRESS FORTE SPRAY 15ML,221.00
1250169,7STARS CARBOSTAR SYRUP 60ML,23.50
1250170,SMECTA STRAWBERRY 3G 10SAC (SMALL BOX),140.00
1250171,BP BUZETIN 8MG 10x10'S,51.00
1250172,PLETAAL SR 100MG 6x10'S,2360.00
1250173,OPTIVE EYE DROP 15ML,164.00
1250176,BLACKMORES BIO-C 1000MG DAILY IMU+ 2x120'S(แพ็คคู่),1190.00
1250177,BLACKMORES BIO-C 1000MG DAILY IMU+ 120'S+30'S,572.00
1250178,BERLIN UTMOS 15MG 10x10'S (ACTOS),244.00
1250179,BERLIN UTMOS 30MG 10x10'S (ACTOS),388.00
1250180,BYE BYE FEVER SUPER COOL 1x6PCS,72.00
1250181,KOOLFEVER EXTRA COOL 6ชิ้น,78.00
1250183,ยาหม่องสมุนไพร ตราโพธิ์ทอง 50กรัม,53.00
1250184,นม NESTLE BOOST OPTIMUM 800G (WHEAT),770.00
1250185,TIMAZOL 5MG 10x10'S (แผง),97.00
1250186,EXELFOS SOLUTION 1x3MG,325.00
1250187,ยาดมตราถ้วยทอง (หลอดสีฟ้า) 2.3ซีซี,166.00
1250188,TIGER BALM SOFT 25G,885.00
1250189,TIGER BALM MOSQUITO REPELLENT PATCH 10ชิ้น,93.00
1250190,TIGER BALM MOSQUITO REPELLENT SPRAY 120ML,92.00
1250191,BODE GARLIC OIL 90'S,218.00
1250192,BP MYMOL 500MG 10x10'S แผง (ขาวกลม),49.00
1250193,PHARMA NORD BIO-QUINONE Q10 100MG 90CAP,1785.00
1250194,POLIDENT MAX HOLD&SEAL 40G (MIND MINT),214.00
1250195,POLIDENT MAX HOLD&SEAL 40G (FLAVOUE FREE),214.00
1250196,FITNE BLACK COFFEE Q10 10SAC,71.75
1250197,LISTERINE FRESHBURST ZERO 250ML,65.00
1250199,ANNIEGRIP ANKLE ข้อเท้า (L),80.00
1250200,ANNIEGRIP ANKLE ข้อเท้า (M),80.00
1250201,ANNIEGRIP ANKLE ข้อเท้า (S),80.00
1250202,ANNIEGRIP ANKLE ข้อเท้า (XL),80.00
1250203,ANNIEGRIP ELBOW ข้อศอก (L),77.00
1250204,ANNIEGRIP ELBOW ข้อศอก (M),77.00
1250205,ANNIEGRIP ELBOW ข้อศอก (S),77.00
1250206,ANNIEGRIP ELBOW ข้อศอก (XL),91.00
1250207,ANNIEGRIP WRIST ข้อมือ (L),80.00
1250208,ANNIEGRIP WRIST ข้อมือ (M),80.00
1250209,ANNIEGRIP WRIST ข้อมือ (S),80.00
1250210,ANNIEGRIP WRIST ข้อมือ (XL),80.00
1250211,ANNIEGRIP THIGN ต้นขา (L),83.00
1250212,ANNIEGRIP THIGN ต้นขา (M),83.00
1250213,ANNIEGRIP THIGN ต้นขา (S),83.00
1250214,ANNIEGRIP THIGH ต้นขา (XL),83.00
1250215,ANNIEGRIP CALF น่อง (L),93.00
1250216,ANNIEGRIP CALF น่อง (M),93.00
1250217,ANNIEGRIP CALF น่อง (S),93.00
1250218,ANNIEGRIP CALF น่อง (XL),93.00
1250219,ANNIEGRIP KNEE หัวเข่า (L),89.00
1250220,ANNIEGRIP KNEE หัวเข่า (M),89.00
1250221,ANNIEGRIP KNEE หัวเข่า (S),89.00
1250222,ANNIEGRIP KNEE หัวเข่า (XL),89.00
1250223,TEMPRA FIZZ 12'S ( เม็ดฟู่),75.00
1250224,VIT-D DROPS 15ML,51.00
1250227,EUCERIN OMEGA BATH&SHOWER OIL 400ML,625.00
1250228,THAI GAUZE COTTON BALLS 0.35G 1x25PACK (STERILE),72.00
1250230,GREATER MUCOLID JUNIOR SYRUP 60ML (BLUEBERRY),28.00
1250231,DIFAZT SOFT GEL 1x10CAP,47.00
1250232,GLUCOTRIL POWDER 30'S (กลิ่นสับปะรด),195.00
1250233,VISTRA SESAMIN NIGHT TIME 30CAP,499.00
1250234,จับเลี้ยงชง แก้ร้อนใน ตราปลาเบ็ด 5x10กรัม,46.00
1250235,TO CELECOXIB 200MG 1x10CAP,42.00
1250236,NERVICA 150MG 4x14'S,615.00
1250237,NERVICA 75MG 4x14'S,458.00
1250238,นม ENSURE GOLD ALMOND 1110G (370Gx3),1210.00
1250239,MAXXLIFE GORILLA PAIN RELIEF GEL 50G,117.00
1250240,SANDOZ LEVETIRACETAM 500MG 60'S (KEPPRA),1400.00
1250241,ORATA 0.5MG 3x10'S,810.00
1250243,CELXIB 400MG 10x10'S,840.00
1250244,EMSON 50MG 3x10'S,110.00
1250245,HIGAN 10MG 50x10'S,607.00
1250246,MECOBIN 0.5MG 25x10'S,440.00
1250249,MESLON 500MG 10x10'S,323.00
1250250,MESLON 1000MG 10x10'S,609.00
1250251,VESOPH EYE-EAR DROPS 5ML (DEXOPH),21.00
1250252,GREATER MYBACIN ZINC HONEY LEMON 140x10'S (PIP),980.00
1250253,ERBATOP SOOTHING CREAM 25G,228.00
1250254,ERBATOP AI CREAM 50G,138.00
1250255,HOTTA GINGER 140Gx10SAC (ขิง น้ำผึ้งมานูก้า),84.00
1250256,BLUEDOT FOREHEAD+EAR THERMOMETER รุ่น FT102BT(+ของแถม),695.00
1250260,ยาสมุนไพรคุณสัมฤทธิ์ รากสามสิบ ยาน้ำ 3ขวดx300มล,420.00
1250261,"SOS ผ้ายืดพันเคล็ด 2"" (5CMx5.4M) 12ม้วน",138.00
1250263,นม ENSURE GOLD ADVANCE PRO VANILLA 1110G (370Gx3),1155.00
1250264,นม ENSURE GOLD ADVANCE PRO WHEAT 1110G (370Gx3),1155.00
1250268,MEGA DHA-100 OMEGA 3 30'S,107.00
1250269,MEGA DHA-500 OMEGA 3 30'S,265.00
1250270,MEGA TRIPLE OMEGA 3 30'S,285.00
1250271,MEGA TINY CAP FISH OIL 500 30'S,125.00
1250272,PUROXAN 2% SYRUP 100ML,104.00
1250273,SUTAC 10MG 1x10'S,16.50
1250274,รถพยาบาล สำลีม้วน 450กรัม,125.00
1250275,EBERIL 90MG 1x5'S (ARCOXIA),47.00
1250276,HANDY HERB JELLY ME KIDS CALCIUM 1x12ซอง (สีส้ม),232.00
1250277,HANDY HERB JELLY ME KIDS DHA 1x12ซอง (สีฟ้า),232.00
1250278,HANDY HERB JELLY ME KIDS FIBER 1x12ซอง (สีเขียว),232.00
1250279,HANDY HERB JELLY ME KIDS VITAMIN C 1x12ซอง (สีม่วง),232.00
1250280,AMMELTZ GOLD 48ML (S),157.00
1250281,ACCU-CHEK SAFE-T-PRO PLUS 200'S,963.00
1250282,ACCU-CHEK SAFE-T-PRO UNO 200'S,755.00
1250283,COMFY HONEY LIME & MINT FLAVOR 10x8'S,145.00
1250284,VISTRA BON-ACTIV UC-II 40MG 30'S,506.00
1250286,"LONGMED PRO GAUZE 3""x3"" 10x10PACKS",49.00
1250288,CELXIB 200MG 1x10'S (CELEBREX),50.00
1250289,ZECID-20 20MG 10x10'S,70.00
1250290,SANDOZ LEVETIRACETAM 250MG 30'S (KEPPRA),585.00
1250291,รถเข็น YUWELL รุ่น H065C,4200.00
1250293,FEXLORA KIDS 5MG CHEWABLE 1x10'S,45.00
1250295,MEGA FLEXSA PLUS 15SACHET,453.00
1250296,MEGA GOFEN LIQUIZ 60ML,94.00
1250297,ACULAR 0.5% 5ML,190.00
1250968,METADOXIL 500MG 10x10'S,1955.00
1250969,กระต่ายบิน TOTRAL 30MLx20SACHET,529.00
1250972,SANDOZ ATORVASTATIN GMBH 20MG 3x10'S,687.00
1250973,MYDA SOAP 30G สบู่,24.00
1250974,MYDA SOAP 80G สบู่,38.00
1250975,กางเกงซึมซับ ไลฟ์รี่ 14ชิ้น (XXL),420.00
1250976,กางเกงซึมซับ ไลฟ์รี่ 16ชิ้น (XL),420.00
1250977,กางเกงซึมซับ ไลฟ์รี่ 18ชิ้น (L),420.00
1250978,กางเกงซึมซับ ไลฟ์รี่ 20ชิ้น (M),420.00
1250980,NIKP-MANIDIPINE 20MG 10x10'S (MADIPLOT),595.00
1250981,CETAPHIL GENTLE EXFOLIATING SA CLEANSER 473ML,430.00
1250982,CETAPHIL GENTLE EXFOLIATING SA LOTION 236ML,339.00
1250983,CETAPHIL GENTLE EXFOLIATING SA CLEANSER 236ML,310.00
1250984,ULTRACARBON N.F 5x10'S,322.00
1250985,BIOPHARM CALVIN PLUS D500 60'S (PACK3),435.00
1250986,SULBUTA-N 2.5MG 6x5x2.5ML,364.00
1250987,NL SULTRIM 1000'S,373.00
1250989,ALCON TETRACAINE 0.5% EYE DROP 15ML,135.00
1250990,น้ำเกลือ LP SALINE 500ML เครื่องมือแพทย์,26.00
1250994,เซียงเพียว ลูกกลิ้ง 5มล (สูตร 1)(1x6)(แดง),183.00
1250995,VISTRA B-COMPLEX PLUS MINERALS 14'S,82.00
1250996,VISTRA BILBERRY EXTRACT PLUS LUTEIN 14'S,82.00
1250997,VISTRA GRAPE SEED 60MG 20'S,124.00
1250999,VISTRA ZINC 15MG 20'S,124.00
1251000,SANDOZ ACC 200MG 2x10'S,154.00
1251001,SANDOZ ACC 600MG 10'S,137.00
1251003,SOS พลาสเตอร์ปิดแผล P1 KITTY (KTM02) 8'S,17.00
1251004,SOS พลาสเตอร์ใสกันน้ำ T1 KITTY (KTP02) 6'S,22.00
1251005,SOS พลาสเตอร์ใสกันน้ำ T1 MINIONS (MP02) 6'S,22.00
1251006,REPACIN F.C. 20MG 10x10'S (สูตร REPARIL),398.00
1251007,TIGERPLAST WATERPROOF FILM 3SIZE 8PCS (CLEAR),38.00
1251008,TIGERPLAST MY MELODY KUROMI 8ชิ้น (กล่องชมพู),23.00
1251009,TIGERPLAST MY MELODY KUROMI 2ชิ้นx10ซอง (กันน้ำ),172.00
1251010,TIGERPLAST KUROMI PLASTIC 8ชิ้น (กล่องม่วง),23.00
1251011,TIGERPLAST KUROMI 5ชิ้นx10ซอง (กันน้ำ),199.00
1251012,"BEROCCA IMMU D+ C,D PLUS ZINE 15'S",147.00
1251013,DIFFLAM THROAT SPRAY 1.5MG/ML 30ML (CHILDREN),218.00
1251014,ALINAMIN-F FOIL 3x10'S,92.00
1251020,BLACKMORES JOIN PLUS 30'S,478.00
1251021,SANDOZ ATORVASTATIN GMBH 10MG 3x10'S,499.00
1251023,ALPHAGAN-P 0.1% 5ML,360.00
1251024,เซียงเพียว ลูกกลิ้ง 5มล (สูตร 2)(1x6)(ขาว),199.00
1251025,ELLGY PLUS D FACTOR CREAM 50G,133.00
1251026,TEMPRA COOLING PATCH 8x2PCS,163.00
1251027,VISTRA OMEGA CONCENTRATEX3 RTG 30'S,407.00
1251030,BKD CLINIBLU SUSPENSION 60ML,34.00
1251031,VICKS VAPODROPS HONEY LEMON 24x8'S,790.00
1251032,VICKS VAPODROPS ORANGE 24x8'S,790.00
1251033,VICKS VAPODROPS HONEY LEMON 2x12'S,82.00
1251034,VICKS VAPODROPS ORANGE 2x12'S,82.00
1251036,SOS พลาสเตอร์ปิดแผล P1 MINIONS (MM02) 8'S,15.00
1251037,PROVAMED VITAMIN-E FACIAL SERUM 30ML,253.00
1251039,RHINOCET 10MG 10'S,85.00
1251041,FLOXY EAR DROP 0.3% 5ML,190.00
1251043,PROPOLIZ CANDYPOP HONEY LEMON (1x10CS),137.00
1251044,PROPOLIZ CANDYPOP VITA-C ORANGE (1x10CS),128.00
1251045,FOTAGEL SUSPENSION SF 20x20ML,430.00
1251046,PROVAMED SPOT CORRECTOR CREAM 25G,307.00
1251048,AU ASUMOL 500MG 1000'S (YELLOW),155.00
1251049,STEI 8MG 1x10'S,19.00
1251050,T.MAN MYOPAS TABLET 100X10'S (สีแดง),450.00
1251051,T.MAN MYOPAS TABLET 100X10'S (สีเขียว),450.00
1251052,DUREX PLAY WARMING 100ML,230.00
1251053,WONDER HBsAg/HCV (2IN1)(ตรวจไวรัสตับอักเสบ B+C),38.00
1251054,WONDER CANDIDA (3IN1)(ชุดตรวจตกขาว),88.00
1251056,PROVAMED SOLARIS UV DEFENSE SPF50 50ML,182.00
1251058,SMOOTH E NEW SKIN LIQUID PLASTER 4ML,71.00
1251059,SMOOTH E NEW SKIN LIQUID PLASTER 8ML,127.00
1251060,DENTISTE MOUTH SPRAY ZINC PYRIDINIUM 20ML,133.00
1251061,DENTISTE MOUTH SPRAY ZINC PYRIDINIUM 10ML,78.00
1251062,SMOOTH LIFE IDA MAKHAMPOM 1x12'S,37.00
1251063,DENTISTE MOUTH SPARY EXTRA FRESH 3ML,59.00
1251064,DENTISTE PROPOLIS SPRAY 20ML,220.00
1251065,DENTISTE KIDS TOOTHASTE 60G (MIXED FRUIT),138.00
1251066,DENTISTE KIDS TOOTHASTE 60G (STRAWBERRY),138.00
1251067,SMOOTH LIFE BIO C 600MG 1x15'S,66.00
1251068,SMOOTH LIFE B COMPLEX PLUS 576MG 30'S,280.00
1251070,SMOOTH LIFE TELOLIFE 60'S,760.00
1251071,DENTISTE ANTICAVITY MAX FLUORIDE TUBE 45G,81.00
1251075,HIALID 0.3% 0.4ML x 30'S (MINI),485.00
1251076,HIALID 0.3% 5ML,277.00
1251077,วังว่าน น้ำมันสเปรย์ 60CC,170.00
1251078,วังว่าน ยาหม่อง 50 กรัม,123.00
1251079,วังว่าน ยาหม่อง 30กรัม,84.00
1251080,วังว่าน ยาหม่องเสลดพังพอน 50 กรัม,98.00
1251081,วังว่าน ยาน้ำมัน 8CC (ลูกกลิ้ง),52.00
1251082,วังว่าน ยาน้ำมัน 22CC,98.00
1251083,วังว่าน ยาดมสมุนไพร 8กรัม,34.00
1251084,วังว่าน ยาดมพิมเสน 8กรัม,34.00
1251085,SMOOTH E ANTI HAIR LOSS CONDITION 150ML,260.00
1251086,น้ำเกลือ LP SALINE 1000ML เครื่องมือแพทย์,35.00
1251087,NEXTSTELLIS 28'S,510.00
1251088,LOCOA 40MG (10x14CM) 15x4PATCHES,174.00
1251089,BENNETT VITAMIN B3 (CARROT),35.00
1251090,SMOOTH LIFE BIO C 1000MG CHEWABLE 14'S,148.00
1251091,SMOOTH LIFE BIO ZINC 15MG 30'S,140.00
1251092,DENTISTE ORAL RINSE 200ML (น้ำยาบ้วนปาก),91.00
1260002,ถุงมือยาง ศรีตรังโกลฟส์ 100ชิ้น (M) ไม่มีแป้ง,152.00
1260003,ถุงมือยาง ศรีตรังโกลฟส์ 100ชิ้น (S) ไม่มีแป้ง,152.00
1260004,PROVAMED SUN FLAWLESS SPF50 30ML (BEIGE),265.00
1260005,PROVAMED RETINOL B3 MOISTURIZER 40ML,265.00
1260006,VISTRA VITAL-PRO PRE-CARE MULTI 60CAPS,378.00
1260007,VISTRA NEURO B 2x10'S,99.00
1260008,VISTRA SESAMIN DHA&EPA 30'S,508.00
1260009,PROVAMED BABINI HEAD BABY WASH 200ML,75.00
1260010,PROVAMED SUN FLAWLESS SPF50 30ML (WHITE),265.00
1260011,VISTRA SESAMIN VITAL 30'S,508.00
1260012,ผ้าอ้อม CERTAINTY แบบเทป # L 28ชิ้น,440.00
1260013,DIFFLAM LEMON SF 2x8'S,154.00
1260014,MYDA SHAMPOO 50ML,36.00
1260015,MYDA SHAMPOO 100ML,55.00
1260016,FRESH CLEAR EYE WASH 5x20ML,28.00
1260017,CHLOVAS -ZIS 40MG 3x10'S,249.00
1260018,HANDY HERB G-NITE 1x12ซองx2แคปซูล,158.00
1260019,CETAPHIL DAILY FACIAL CLEANSER 236ML+แถม,315.00
1260021,CETAPHIL GENTLESKIN CLEANSER 236ML,282.00
1260022,CETAPHIL DAILY FACIAL CLEANSER 118ML,187.00
1260023,CETAPHIL MOIST.CREAM 50G,131.00
1260024,EUCERIN DERMOPURE PURIFYING CLEANSER 75ML,250.00
1260025,EUCERIN DERMOPURE PURIFYING CLEANSER 200ML,558.00
1260026,EUCERIN DERMOPURE PURIFYING CLEANSER 400ML,900.00
1260027,EUCERIN DERMOPURE CORRECTING GEL TO FOAM 150ML,558.00
1260028,EUCERIN DERMOPURE CORRECTING GEL TO FOAM 400ML,955.00
1260029,EUCERIN DERMOPURE PURIFYING TONER 200ML,608.00
1260030,EUCERIN DERMOPURE SOS SERUM 40ML,740.00
1260031,EUCERIN DERMOPURE TRIPLE ACTION 40ML,895.00
1260032,EUCERIN DERMOPURE MAT FLUID 40ML,745.00
1260033,EUCERIN DERMOPURE PEELING10 40ML,830.00
1260034,EUCERIN DERMOPURE BODY CARE 200ML,445.00
1260035,MDP B-COXIB 120MG 3x10'S (ARCOXIA),159.00
1260036,MDP B-COXIB 90MG 3x10'S (ARCOXIA),109.00
1260037,TIGERPLAST ZOO PARTY PlASTIC 15ชิ้น,26.00
1260038,OTSUKA น้ำเกลือ SEISHOKU 1000ML,34.00
1260039,ผ้าอ้อม ABSORBA ADULT แบบเทป # M 18ชิ้น,248.00
1260040,ผ้าอ้อม ABSORBA ADULT แบบเทป # L 16ชิ้น,225.00
1260041,ผ้าอ้อม ABSORBA ADULT แบบเทป # XL 14ชิ้น,195.00
1260042,NEO-LYTE 25x25G (ORANGE),66.00
1260043,ผ้าอ้อม CERTAINTY แบบเทป # L 9ชิ้น,168.00
1260046,MYDA POWDER 20G (1x6),28.00
1260047,WONDER COVID-19 (2IN1)(GREEN),18.00
1260049,WONDER FLU A+B/COVID19/RSV (4IN1)(PINK),48.00
1260051,WONDER HCG CASSETTE (ตั้งครรภ์)(หยด),15.00
1260052,WONDER HCG PREGNANCY TEST (ตั้งครรภ์)(ปัสสาวะผ่าน),20.00
1260053,WONDER HCG WEEKLY PREGNANCY TEST(ตั้งครรภ์)(บอกสัปดาห์),78.00
1260054,WONDER LH RAPID TEST 1x5ชิ้น (ตรวจการตกไข่),85.00
1260055,WONDER H.PYLORI AG/FOB (2IN1)(ชุดตรวจกระเพาะ),79.00
1260056,WONDER DENGUE IGG/IGM/NS1 (ตรวจไข้เลือดออก),75.00
1260057,RENU FRESH 355ML,100.00
1260058,CETAPHIL GENTLESKIN CLEANSER 118ML,163.00
1260059,SOS เครื่องวัดความดัน รุ่น FT-C26-Y (แบบสอดแขน),2990.00
1260060,SOS หน้ากาก MINIONS 1x12ซองx4ชิ้น(ADULT)(BLACK),192.00
1260061,SOS หน้ากาก MINIONS 1x12ซองx4ชิ้น (KIDS)(YELLO),192.00
1260062,SOS หน้ากาก KITTY 1x12ซองx4ชิ้น (KIDS)(PINK),192.00
1260063,SOS หน้ากาก KITTY 1x12ซองx4ชิ้น (ADULT)(WHITE),192.00
1260064,U-SPA 100MG 10x10'S,209.00
1260065,U-SPA 200MG 10x10'S,322.00
1260066,RX COKLAV 1000 1x10'S (สูตร AUGMENTIN),84.00
1260067,น้ำเกลือ LP SALINE 120ML เครื่องมือแพทย์,23.00
1260068,เซียงเพียว ยาอมสมุนไพร 30เม็ดx24ซอง,339.00
1260069,เซียงเพียวรีลีฟครีม เอชอาร์ 100กรัม,93.00
1260070,ยาดม เป๊ปเปอร์มิ้นท์ฟิลด์ แบล็คอินเฮเลอร์(ลูกกลิ้ง)5มลx6ชิ้น,220.00
1260072,CERAVE SA SMOOTHING CLEANSER 473ML,525.00
1260073,รถเข็นหัดเดิน มีล้อ8นิ้ว มีตะกร้า พับได้ รุ่นCA882L,2150.00
1260074,NEUROBION 6x10'S,262.00
1260076,SELLON SHAMPOO 40ML,60.00
1260077,SOS พลาสเตอร์ใสกันน้ำ MX1 (DINO) 10x4'S,182.00
1260078,BKD AROTIKA COOL GEL 100G,79.00
1260079,RAVIT-FORT 1x30'S,39.00
1260080,MEIJI MEIXIL 500MG FOIL 50x10'S (YELLOW-RED),28.00
1260081,BH COOLING ACTIVE 150ML,133.00
1260084,VALOVIR 500MG 5x10'S (NEW),2040.00
1260085,CAMELLA 1x21'S,73.00
1260086,CAMELLA 1x28'S,73.00
1260087,TIGERPLAST ANIMAL KINGDOM 8ชิ้นx10ซอง,108.00
1260088,XIGDUO-XR 5MG/1000MG 8x7'S,1635.00
1260089,NEOPLAST TAN PLASTIC BANDAGE 10 Bags,121.00
1260090,NEOPLAST FABRIC BANDAGE 10 Bags,105.00
1260092,POLARSTICKER KLEAR AIR 1x6'S,174.00
1260093,VITA-C CANDYPOP GREEN (1x10CS),124.00
1260094,FOTAGEL SUSPENSION SF 6x20ML,139.00
1260095,EXFORGE 5/80MG 2x14'S (YELLOW),778.00
1260096,RHEUTRIL-1500MG (1x30SACHETS),225.00
1260097,LOSALAC SYRUP 10x15ML (SACHET),96.00
1260098,I VER-6MG (2x6'S),680.00
1260099,VITA-C VITAMIN C LITE 10x100'S (ORANGE),400.00
1260100,C-20 PLUS MOUTH WASH 180ML (GREEN) (NEW),55.00
1260101,ยาหม่อง ตราถ้วยทอง ชนิดแท่ง 5กรัม (1x6),154.00
1260103,VISTRA CLA 1200MG PLUS VITAMIN-E 30'S,388.00
1260105,JULITAM 500MG 6x10'S,355.00
1260106,LUBRIC-EYES 0.8MLx32'S,177.00
1260107,LUBRIC-EYES 0.8MLx8'S,50.00
1260108,VENUZ ONE 10x1'S,147.00
1260109,นม ONCE SARCOPENIA 400G(COFFEE),410.00
1260111,นม GLUCERNA ADVANCE VANILLA 380G,630.00
1260116,RX SUMIGRAN 50MG 1x6'S,69.00
1260117,RX NAPROXEN 250MG 10x10'S,199.00
1260118,RX CODIPHEN 50MG 1x10'S,29.00
1260119,RXB-FORTE TABLET 3x10'S,107.00
1260121,ACNE-AID DEEP CLEANSER RED CLOVER 100ML,254.00
1260122,ACNE-AID PH BALANCE DEEP CLEANSER 100ML,254.00
1260123,ACNE-AID SOOTHING MOISTURISER RED CLOVER 50ML,337.00
1260124,ACNE-AID 5 IN 1 WASH OIL CONTROL 100ML,142.00
1260125,ACNE-AID POLLUTION SHIELD DAY CARE SERUM 30ML,379.00
1260127,MYDA-BS CREAM 12x15G,36.00
1260129,MP SESAMIN-XT 45'S,722.00
1260130,MP MAG-NITE 30'S,478.00
1260131,MP P-NO CAPSULES 30'S,387.00
1260132,BIOPHARM GALE 1x10'S,251.00
1260134,SIAM SUROTIN 20MG 3x10'S,224.00
1260135,BKD CLENA DRAGON'S BLOOD ACNE SCAR GEL 7G,70.00
1260137,GKK24 1x4'S (ตราเกร็กคู),210.00
1260139,EDWARDS CALAMINE LOTION 55ML,36.00
1260141,DUOGAS 20MG 1x14'S,28.00
1260142,สเปรย์น้ำมันนวดผสมไพล สูตรเย็น ตราวังพรม 30มล,72.00
1260143,สเปรย์น้ำมันนวดผสมไพล สูตรร้อน ตราวังพรม 30มล,59.00
1260144,STREPSILS HONEY & LEMON 1x12'S,54.00
1260145,STREPSILS ORANGE+VITAMIN C 1x12'S,54.00
