ชื่อสินค้า,ราคา
ยาน้ำมันเลียงผา ตราแม่กุหลาบ 12X3ml/โหล,ราคา 228.00 บาท
COMFY Lozenge 10X8's/กล่อง,ราคา 160.00 บาท
MEGA APPLE CIDER GUMMYZ ห่อละ 2 ชิ้น 25 ห่อ/กล่อง,ราคา 432.00 บาท
ASTAIR 5 mg Chewable 4X7's (SPS),ราคา 312.00 บาท
NEUROTEX 5X10's (FRX),ราคา 142.00 บาท
VISTRA OMEGA CONCENTRARE X3 RTG 30's,ราคา 394.00 บาท
NEO-MUNE นีโอ-มูน กลิ่นข้าวญี่ปุ่น 400 g (OTSUKA),ราคา 418.00 บาท
RHINOCET (1X10's),ราคา 83.00 บาท
ACC Sandoz 600 mg Effervescent กลิ่นแบล็กเบอร์รี่ 10's (SANDOZ),ราคา 134.00 บาท
DERAREZ 1X21's (TNP),ราคา 234.00 บาท
VISTRA PRE-CARE MULTI PLUS 60's,ราคา 358.00 บาท
จี้กงแดน ลูกอมส้มมือ รสบ๊วย 40 g,ราคา 39.50 บาท
POSTMENOP 2 mg 30's (Exeltis),ราคา 175.00 บาท
GLIPTIN 100 mg 3X10's (POLIPHARM),ราคา 412.00 บาท
LIVTATIN 2 mg 10X10's (POLIPHARM),ราคา 650.00 บาท
POBALIN 75 mg 8X7's (POLIPHARM),ราคา 285.00 บาท
CLARIUS 5 mg 1X10's (POLIPHARM),ราคา 42.00 บาท
POLILERGY 5 mg 1X10's (POLIPHARM),ราคา 42.00 บาท
PROSTAT 1 mg 3X10's (POLIPHARM),ราคา 195.00 บาท
KUP 2X6 ซอง/กล่อง,ราคา 480.00 บาท
SOAP ดร.ชิน 100 g (NCR),ราคา 47.00 บาท
BREWERS YEAST 200's (GREATER),ราคา 110.00 บาท
ALCOHOL ALSOFT 180 ml ตราเสือดาว,ราคา 21.50 บาท
ขี้ผึ้งตราเก้าเอ 9A,ราคา 83.00 บาท
DENTISTE ยาสีฟัน 170 g,ราคา 310.00 บาท
FOLEY CATHETER No.18 สายปัสสาวะ 10 เส้น/กล่อง (Wellead),ราคา 170.00 บาท
SCAGEL CYBELE 50 g,ราคา 498.00 บาท
DICLOGESIC 25 mg 1000's (T.MAN),ราคา 120.00 บาท
FOLEY CATHETER No.16 สายปัสสาวะ 10 เส้น/กล่อง (Wellead),ราคา 170.00 บาท
SCAGEL CYBELE 9 g แพ็กสุดคุ้ม,ราคา 196.00 บาท
เพชรสังฆาต ขาวละออ 100's (KLO),ราคา 88.00 บาท
SENSIPLUS 100 ml (ANB),ราคา 37.50 บาท
AMK ES-600 Suspension 70 ml (RX),ราคา 355.00 บาท
PHARPROXIN 500 mg 10X10's/กล่อง (RX Chumchon),ราคา 285.00 บาท
เครื่องชั่งน้ำหนักดิจิตอล รุ่น EB4030H (2B),ราคา 625.00 บาท
CERAVE FACIAL MOISTURISING HYDRO UREA Lotion 52 ml,ราคา 462.00 บาท
ยาดมทูเวย์ จรุงจิต 1 โหล/กล่อง,ราคา 0.00 บาท
ยาหม่องอโรมาติกส์ ตราเฌอเอม,ราคา 0.00 บาท
CERAVE HYDRO UREA Lotion 473 ml,ราคา 665.00 บาท
BIOASTAMIN PLUS 30's (BIOPHARM),ราคา 410.00 บาท
บริษัท วรมิตร ดรัก เซ็นเตอร์ จำกัด,
ติดต่อเราได้ที่,
DUREX PLAY MASSAGE ALOE VERA 200 ml,ราคา 332.00 บาท
DUREX PLAY WARMING 100 ml,ราคา 230.00 บาท
DUREX PLAY สูตรฟินนาน สตรอเบอร์รี่ 100 ml,ราคา 232.00 บาท
SAND-M GUMMY FIBER รสมะขามเปรี้ยว 6 ซอง/กล่อง,ราคา 174.00 บาท
SOS Plus NSS NORMAL SALINE Solution แบบหยด 5 ml,ราคา 33.00 บาท
TERACORTE SKIN Cream 15 g (Macrophar),ราคา 58.00 บาท
ผ้ายืดพันแผล KSG CONFORMING BANDAGE 4 inch 12 ม้วน/กล่อง,ราคา 88.00 บาท
ผ้ายืดพันแผล KSG CONFORMING BANDAGE 3 inch 12 ม้วน/กล่อง,ราคา 68.00 บาท
ผ้ายืดพันแผล KSG CONFORMING BANDAGE 2 inch 12 ม้วน/กล่อง,ราคา 50.00 บาท
BOOST OPTIMUM กลิ่นธัญพืช 800 g (Nestle),ราคา 775.00 บาท
CERAVE OIL CONTROL MOISTURISING Gel Cream 52 ml,ราคา 465.00 บาท
CERAVE FACIAL MOISTURISING HYDRO UREA Lotion 52 ml,ราคา 462.00 บาท
CERAVE HYDRO UREA Lotion 473 ml,ราคา 665.00 บาท
ยาหม่องอโรมาติกส์ ตราเฌอเอม,ราคา 0.00 บาท
ยาดมทูเวย์ จรุงจิต 1 โหล/กล่อง,ราคา 0.00 บาท
BIOASTAMIN PLUS 30's (BIOPHARM),ราคา 410.00 บาท
SOS Plus ถุงหุ้มเฝือกกันน้ำ FM-081 สำหรับเท้า 1 ชิ้น/กล่อง,ราคา 125.00 บาท
CERAVE MOISTURISING Lotion 236 ml,ราคา 370.00 บาท
ชุดทดสอบสารเสพติดเมทแอมเฟตามีน ชนิดหยด MAG TEST 1 ชุด/กล่อง,ราคา 22.00 บาท
ชุดหน้ากากพ่นยาผู้ใหญ่ MASK M8-123-122S (2B),ราคา 26.00 บาท
ชุดหน้ากากพ่นยาเด็ก MASK M8-123-121S (2B),ราคา 45.00 บาท
ปลอกแขน CITIZEN 32-42 cm รุ่น CHU503,ราคา 725.00 บาท
MELOX 7.5 mg 10X10's/แพ็ก (SIAM),ราคา 430.00 บาท
M-SOFT UREA 20 g (MEDMAKER),ราคา 52.00 บาท
CARBOSOL (50X10's),ราคา 610.00 บาท
PHARMICA ICY Spray 200 ml,ราคา 146.00 บาท
น้ำมันเหลือง เวชพงศ์ 24 ml,ราคา 78.00 บาท
COLOSURE 800 g,ราคา 735.00 บาท
GLUCOSE T.P (50%) 50 ml,ราคา 23.00 บาท
ยาหม่องผสมเสลดพังพอน ตราเฌอเอม 65 g,ราคา 0.00 บาท
DOIZ 50 mg 1X10's (SIAM),ราคา 88.00 บาท
ตะขาบ 5 ตัว ยาดมทูเวย์ 12 หลอด/กล่อง,ราคา 195.00 บาท
ตะขาบ 5 ตัว ยาหม่องน้ำ 22 ml,ราคา 70.00 บาท
DIOXZYE กลิ่นส้ม 10X10's (TNP),ราคา 125.00 บาท
ผ้ายางสำหรับขวางที่นอน SP-PD00-7101 (TA),ราคา 95.00 บาท
DUREX แอรี่ 2 ชิ้น,ราคา 55.00 บาท
CAVILON NO STING BARRIER FILM 28 ml (3M),ราคา 675.00 บาท
JUMPER PULSE OXIMETER JPD-500E,ราคา 380.00 บาท
MASK หน้ากากอนามัยสีขาว ชนิดผ้าอย่างดี (Canton),ราคา 35.00 บาท
DICLOCILLIN 500 mg 25X10's (TO),ราคา 555.00 บาท
บริษัท วรมิตร ดรัก เซ็นเตอร์ จำกัด,
ติดต่อเราได้ที่,
STREPSIL MAXPRO 16's/กล่อง,ราคา 133.00 บาท
ABILIFY 2 mg 3X10's (OTSUKA),"ราคา 1,300.00 บาท"
VIVARINE Syrup 60 ml (TNP),ราคา 34.50 บาท
ATOZET 10/10mg 30's,"ราคา 1,865.00 บาท"
NEUROBION (6X10's),ราคา 286.00 บาท
GARUTO 1X10's (Macrophar),ราคา 16.00 บาท
MASAGA Cream 30 g,ราคา 17.00 บาท
KENYAI-I TABLETS 50X10's/กล่อง,ราคา 480.00 บาท
LEBREX 200 mg 10X10's/กล่อง,ราคา 410.00 บาท
EXTORANT Tablets 50X10's/กล่อง,ราคา 335.00 บาท
LARIK 75 mg 4X14's/กล่อง,ราคา 236.00 บาท
BIOKRILL 30's,ราคา 430.00 บาท
I-CETIN 25X10's (LBS),ราคา 577.00 บาท
IBUKIDS Suspension 60 ml (LBS),ราคา 17.00 บาท
ACETIN 200 mg 50X5g/กล่อง (LBS),ราคา 152.00 บาท
MEFEC 500 mg 25X10's (LBS),ราคา 263.00 บาท
G-PENTIN 300 mg 10X10's (LBS),ราคา 347.00 บาท
CAMBIC 7.5 mg 10X10's (LBS),ราคา 177.00 บาท
ACEVAX 400 mg 10X10's (LBS),ราคา 325.00 บาท
CLOMAZ Vaginal Tablets 1X6's (LBS),ราคา 21.00 บาท
MCXY KLEAR กล่อง 5X20ml/กล่อง (Millimed),ราคา 39.00 บาท
MCXY KLEAR 10X20ml/กล่อง (Millimed),ราคา 53.00 บาท
MAC-CALAC 100 ml (Macrophar),ราคา 78.00 บาท
BILAZ 1X10's (Macrophar),ราคา 75.00 บาท
ACEVAX 800 mg 5X10's (LBS),ราคา 285.00 บาท
GLUCOTRIL 1500 mg Powder 30 ซอง/กล่อง (Macrophar),ราคา 197.00 บาท
DIFAZT Gel 30 g (Macrophar),ราคา 29.00 บาท
TARACORTE SKIN Cram 15 g (Macrophar),ราคา 58.00 บาท
ITRA 100 mg 25X4's/กล่อง (Macrophar),ราคา 470.00 บาท
UMBILI ฉุนฉุน ผ้าสมุนไพร 4 ซอง/กล่อง (อัมบิลี่),ราคา 128.00 บาท
DUPHACARE 200 ml กลิ้นพลัม (Abbott),ราคา 0.00 บาท
SOS Plus SPORT TAPE (1 inch) 1 ม้วน/กล่อง,ราคา 32.00 บาท
SCAGEL ACNE Patch 20 ชิ้น/กล่อง,ราคา 34.00 บาท
SCAGEL ACNE Patch 12 ชิ้น/กล่อง,ราคา 27.00 บาท
SOS Plus แผ่นแปะซิลิโคนเคลียร์ (7x15cm) 1 ชิ้น/กล่อง,ราคา 285.00 บาท
SOS Plus แผ่นแปะซิลิโคน (2.5x100cm) 1 ม้วน/กล่อง,ราคา 360.00 บาท
TEMPRA COOLING PATCH 8 ซอง/กล่อง,ราคา 170.00 บาท
ไหมขัดฟัน Dr.PHILLIPS 50 ชิ้น/กล่อง,ราคา 28.00 บาท
CLINIBLU Suspension 60 ml (BKD),ราคา 25.00 บาท
POVIDINE 12X15ml/โหล,ราคา 110.00 บาท
บริษัท วรมิตร ดรัก เซ็นเตอร์ จำกัด,
ติดต่อเราได้ที่,
DIMENHYDRINATE 100X10's/กล่อง,ราคา 210.00 บาท
FACEN SOAP 75 g (วิทยาศรม),ราคา 51.00 บาท
LEFTOSE 30 mg 50X10's/กล่อง,ราคา 920.00 บาท
NEOBUN MENTHOL PLASTER พลาสเตอร์แผ่นใหญ่ 11x8cm 6ซองX3แผ่น/กล่อง,ราคา 112.00 บาท
NEOBUN MENTHOL PLASTER พลาสเตอร์แผ่นแปะหลัง 13x12cm 6ซองX2แผ่น/กล่อง,ราคา 220.00 บาท
ยาดมสมุนไพร สูตร 1 ตราวังพรม PACK 3 กระปุก,ราคา 25.00 บาท
C-20 BLUE SALLY Mouthwash 180 ml (OSi),ราคา 44.00 บาท
ALCOHOL ALSOFF-S 1000 ml ตราเสือดาว,ราคา 63.00 บาท
FAMOC 20 mg 10X10's (BERLIN),ราคา 135.00 บาท
MOLAX Suspension 30 ml (SIAM),ราคา 46.00 บาท
VIN DROP 15 ml (PATAR),ราคา 19.00 บาท
ZECID 20 mg 10X10's (KASPA),ราคา 78.00 บาท
KLOBECORT MILKY Lotion 10 g (MEDMAKER),ราคา 40.00 บาท
SMOOTH E WHITE Serum 12 g,ราคา 270.00 บาท
HIRUSCAR SILICONE PRO 4 g (Medinova),ราคา 218.00 บาท
U-SPA 200 mg 10X10's (SPS),ราคา 330.00 บาท
CINNARIZINE 1000's (TO),ราคา 198.00 บาท
CATHERINE กลิ่นวนิลลา 16 ซอง/กล่อง,ราคา 60.50 บาท
MANOANE 1X21's,ราคา 60.00 บาท
AS C VITAMIN C 25 mg กลิ่นองุ่น 1000's,ราคา 102.00 บาท
PATARDIUM Capsule 500's (PATAR),ราคา 146.00 บาท
GASTAB 1000's (GREATER),ราคา 206.00 บาท
CEFEN 400 mg 1000's (CPL),ราคา 355.00 บาท
IMPELIUM 2 mg 1000's (TO),ราคา 235.00 บาท
B-COXIB 90 mg 3X10's (BDMS),ราคา 110.00 บาท
LH TEST ชุดทดสอบระยะการตกไข่ แบบหยด 5 ชุด/กล่อง,ราคา 150.00 บาท
TRUSLEN KERVE PLUS 18gX12ซอง,ราคา 106.00 บาท
ลูกกลิ้งนวดขมับ Cool Temp Soothing Roller Ball 5 ml (Nanomed),ราคา 0.00 บาท
อุปกรณ์ช่วยพยุงข้อเท้า ANKLE No.XL 1 ชิ้น/กล่อง (THERMOSKIN),ราคา 0.00 บาท
TIGERPLAST CLEAR พลาสเตอร์พลาสติกใส ปิดแผล จำนวน 10ชิ้นX10ซอง,ราคา 106.00 บาท
CLENASCAR C Gel 15 g (BKD),ราคา 262.00 บาท
TIGERPLAST CLEAR พลาสเตอร์พลาสติกใส ปิดแผล 25 ชิ้น/กล่อง,ราคา 0.00 บาท
TIGERPLAST CARIFIX STRETCH (10cmX10m) 1 ม้วน/กล่อง,ราคา 285.00 บาท
อุปกรณ์พยุงข้อเท้า ANKLE No.L 1 ชิ้น/กล่อง (THERMOSKIN),ราคา 0.00 บาท
SUCTION CATHETERS สายดูดเสมหะ ชนิดมีคอนโทรล No.12 50 เส้น/ห่อ,ราคา 225.00 บาท
ถุงมือยางสีส้ม ตราพอใจ Size S,ราคา 0.00 บาท
ถุงยางอนามัย ฮันนีมูน 100 ชิ้น/กล่อง,ราคา 320.00 บาท
ปลอกแขน OMRON 22-32 cm HEM-CR24,ราคา 450.00 บาท
NIPRO SCALP VEIN SET No.23 50 ชิ้น/กล่อง,ราคา 255.00 บาท
ปลอกแขน OMRON 22-42 cm HEM-RML31,ราคา 580.00 บาท
บริษัท วรมิตร ดรัก เซ็นเตอร์ จำกัด,
ติดต่อเราได้ที่,
KOOLFEVER REFRESHING MINT Children 6 แผ่น/กล่อง,ราคา 78.00 บาท
เครื่องวัดความดัน TERUMO รุ่น W5200,"ราคา 2,180.00 บาท"
ยาครีมสมุนไพร ตราทับทิมแก้ว 60 g (Nanomed),ราคา 155.00 บาท
ยานวดสมุนไพร เฮื้อง เส่า เหย่า หัวใจทอง 25 ml,ราคา 80.00 บาท
โกลด์ เรดดี้ พลัส 3 ml,ราคา 372.00 บาท
TIGER BALM MOSQUITO PATCH 10 แผ่น/กล่อง,ราคา 94.00 บาท
SALONPAS พลาสเตอร์บรรเทาปวด 40 ชิ้น/กล่อง,ราคา 117.00 บาท
ตะขาบ 5 ตัว ยาขมเม็ด 3 โหล/กล่อง,ราคา 195.00 บาท
ENPOTT 500 mg 500's,ราคา 465.00 บาท
ยาอมผสมมะขามป้อม ตราแสงดาว 18 ซอง/กล่อง,ราคา 250.00 บาท
น้ำมันมะพร้าวสกัดเย็น NENT 1000 ml,ราคา 455.00 บาท
DIOXZYE 25X10's (TNP),ราคา 345.00 บาท
ยาระบายแมกนีเซียสำหรับเด็ก 60 ml (วิทยาศรม),ราคา 12.00 บาท
VISTRA IMU-PRO VITAMIN C 500 mg Lozenges 15's,ราคา 52.00 บาท
MAXLEN 70 mg 1X4's (MEGA),ราคา 330.00 บาท
DICLEGIS 10mg/10mg 2X10's (Exeltis),ราคา 320.00 บาท
BLACKMORES BIO CALCIUM+D3 120's,ราคา 465.00 บาท
AMARYL 3 mg 3X10's (SANOFI),ราคา 520.00 บาท
LOCOA 40 mg TRANSDERMAL PATCH 70 แผ่น/กล่อง,"ราคา 4,500.00 บาท"
ATOZET (10mg/20mg) 30's ORGANON,"ราคา 1,890.00 บาท"
BLACKMORES CoQ10 30's PACK 2X30's,"ราคา 1,060.00 บาท"
BLACKMORES KOALA MULTIVITAMIN+MINERAL 30's,ราคา 250.00 บาท
BLACKMORES OMEGA DHA 60's,ราคา 725.00 บาท
VISTRA BIO VITAMIN C 1000 mg 30's,ราคา 205.00 บาท
STRATAMED ADVANCED FILM-FORMING WOUND DRESSING 10 g,ราคา 925.00 บาท
STRATADERM SCAR THERAPY Gel 10 g,ราคา 785.00 บาท
BLACKMORES CHOLES-BLOC 60's,ราคา 610.00 บาท
VIMPAT 50 mg 56's,"ราคา 2,800.00 บาท"
ANDROGEL 50 mg 30 ซอง/กล่อง,"ราคา 2,260.00 บาท"
ATOZET (10mg/40mg) 30's ORGANON,"ราคา 1,990.00 บาท"
HOTTA GINGER ขิง น้ำผึ้งมานูก้า 10 ซอง/ห่อ,ราคา 86.00 บาท
ครีมบรรเทาปวด ตรามวย 12 ซอง/กล่อง,ราคา 122.00 บาท
SAFEX LACTULOSE Solution 100 ml,ราคา 82.00 บาท
SAND-M DIETOR DAY GUMMY ไดเตอร์เดย์ กัมมี่ กลิ่นแอปเปิ้ลไซเดอร์เวเนก้าร์ 6 ซอง/กล่อง,ราคา 255.00 บาท
SAND-M JELLY ME KIDS VITAMIN C 12 ซอง/กล่อง,ราคา 235.00 บาท
SAND-M JELLY ME KIDS CALCIUM L-THREONATE 12 ซอง/กล่อง,ราคา 235.00 บาท
SAND-M G'nite XS GUMMY จีไนท์ เอ็กซ์เอส กัมมี่ กลิ่นพีช 6 ซอง/กล่อง,ราคา 175.00 บาท
SAND-M DIETOR NIGHT GUMMY ไดเตอร์ไนท์ กัมมี่ กลิ่นโคล่าเลมอน 6 ซอง/กล่อง,ราคา 255.00 บาท
SAND-M G'nite EXTRA GUMMY จีไนท์ เอ็กซ์ตร้า กัมมี่ กลิ่นแบล็กเคอร์แรนต์ 6 ซอง/กล่อง,ราคา 255.00 บาท
CERAVE MOISTURISING Cream 177 ml,ราคา 362.00 บาท
บริษัท วรมิตร ดรัก เซ็นเตอร์ จำกัด,
ติดต่อเราได้ที่,
TESTOS 40 mg 3x10's (Nanomed),ราคา 350.00 บาท
LUCINAR Cream 5 g (FRX),ราคา 42.00 บาท
ยาน้ำแก้ไอ ตราขันตี 100 ml,ราคา 35.00 บาท
BEROCCA IMMU D+ CD PLUS ZINC 15's กลิ่นส้ม (BAYER),ราคา 150.00 บาท
ไม้เท้าค้ำยัน 54 นิ้ว No.XXL (Canton),ราคา 240.00 บาท
ไม้เท้าค้ำยันอลูมิเนียม 50 นิ้ว 167-171cm No.L (Canton),ราคา 345.00 บาท
ไม้เท้าค้ำยันอลูมิเนียม 52 นิ้ว 172-176cm No.XL (Canton),ราคา 345.00 บาท
ไม้เท้าค้ำยันอลูมิเนียม 48 นิ้ว 160-166cm No.M (Canton),ราคา 345.00 บาท
TYNOR B-02 No.L เฝือกคอมีรูระบายอากาศ,ราคา 265.00 บาท
กระบอกตวง 1 ลิตร มีขีดบอก MN-1250 (2B),ราคา 240.00 บาท
อภัยภูเบศร มัสคูล สเปรย์ MUSCOOL SPRAY,ราคา 84.00 บาท
ALCOHOL HANDI-C 450 ml (Medicpharma),ราคา 100.00 บาท
ยาหม่องน้ำตรางู กลิ่นคลาสสิค 12X5ml/โหล,ราคา 445.00 บาท
RHINOPORE FIRST AID TAPE (1/2 inch x 5 yds),ราคา 142.00 บาท
TIGER BALM MUSCLE RUB 30 g,ราคา 54.00 บาท
MASK หน้ากากผ้า GQ สำหรับผู้ใหญ่ 1 ชิ้น/ห่อ,ราคา 135.00 บาท
BISMUSALATE 524 mg (25X10's),ราคา 620.00 บาท
PANTOPRAZOLE 40 mg 14's (TO),ราคา 325.00 บาท
HUMULIN NPH (100 IU/ml) 10 ml Lilly,ราคา 356.00 บาท
ยาบำรุงร่างกาย ตราพญานาค 100 ml,ราคา 13.00 บาท
CLINOVIR Cream 5 g (BKD),ราคา 420.00 บาท
FEITAS DICLOFENAC PATCH (7แผ่นX5ซอง),ราคา 930.00 บาท
CARBOSOL Syrup 60 ml (SEVEN STARS),ราคา 24.00 บาท
FLOWAMED 1500 mg Powder กลิ่นส้ม 30 ซอง/กล่อง (Millimed),ราคา 290.00 บาท
CAVILON DURABLE BARRIER Cream 92 g (3M),ราคา 575.00 บาท
UMBILI GENTLE OIL Serum 12 ml (อัมบิลี่),ราคา 100.00 บาท
UMBILI GENTLE OIL G6PD Serum 10 ml (อัมบิลี่),ราคา 100.00 บาท
CERAVE MOISTURISING Lotion 236 ml,ราคา 459.00 บาท
ชุดนวดสมุนไพร ตราเฌอเอม,ราคา 192.00 บาท
UMBILI AIR AROMATHERAPY Spray 100 ml (อัมบิลี่),ราคา 100.00 บาท
UMBILI ยาดม ตราฉุนฉุน 6 ชิ้น/แผง (อัมบิลี่),ราคา 162.00 บาท
อภัยภูเบศร ครีมบัวบก 10 g,ราคา 25.00 บาท
GINK CHOLINE PLUS 30's,ราคา 175.00 บาท
MEGA PRODEFENZ 30 Sachets,ราคา 735.00 บาท
HIMALAYA UNDER EYE Cream 15 ml,ราคา 110.00 บาท
ซองยาใส ขนาด 20x30 ซม. (1 กิโลกรัม),ราคา 108.00 บาท
หลอดหยดยา จุกส้ม,ราคา 33.00 บาท
GLUCOCHEK EASY PRO TEST STRIPS แผ่นตรวจน้ำตาล 50 ชิ้น/กล่อง,ราคา 645.00 บาท
TYNOR J-03 UNI พยุงข้อมือมีแกน,ราคา 260.00 บาท
CERAVE SA SMOOTHING CLEANSER 88 ml,ราคา 196.00 บาท
บริษัท วรมิตร ดรัก เซ็นเตอร์ จำกัด,
ติดต่อเราได้ที่,
SMOOTH E NEW SKIN LIQUID PLASTER 4 ml,ราคา 68.00 บาท
SUDOCREM MOISTURIZING Cream 125 g (TEVA),ราคา 275.00 บาท
เวลเดนท์ ยาสีฟัน สูตรสมุนไพร 100 g (VELDENT),ราคา 86.00 บาท
PROVAMED ANTI ACNE FACIAL TONER 200 ml,ราคา 152.00 บาท
SAND-M GUMMY FIBER กลิ่นแอปเปิ้ลเขียว 6 ซอง/กล่อง,ราคา 176.00 บาท
CERAVE MOISTURISING Lotion 473 ml,ราคา 485.00 บาท
HIRUSCAR ULTRA SCAR CARE Gel 20 g (Medinova),ราคา 390.00 บาท
สายให้อาหาร DUODENAL TUBE 125 cm No.14 (M2-35-14),ราคา 10.00 บาท
CERAVE FACIAL MOISTURISING Lotion 52 ml,ราคา 425.00 บาท
PROVAMED GOTU KOLA CLEANSING Gel 120 ml,ราคา 143.00 บาท
ยาดมส้มมือจรุงจิต PACK 3 หลอด,ราคา 125.00 บาท
HOTTA GINGER 100% ขิง 10 ซอง/ห่อ,ราคา 77.00 บาท
BROMHEX 1000's (T.MAN),ราคา 110.00 บาท
CETAPHIL 1000 ml,ราคา 779.00 บาท
TONAF-B Cream 5 g,ราคา 32.00 บาท
DERMIX-4 Cream 25 g,ราคา 63.00 บาท
DURAN 600 mg 10's (TNP),ราคา 26.50 บาท
MYBACIN มายบาซิน โอทีซี รสมะนาว 20X8's (GREATER),ราคา 9.20 บาท
จุ๊บจั๊บ เม็ดอมโพรโพลิส น้ำผึ้งมะนาว 24 ซอง (JoobJub),ราคา 432.00 บาท
ALLORIC (50X10's),ราคา 235.00 บาท
CALTAB 1500 mg 10X10's (Millimed),ราคา 128.00 บาท
ACCU-CHEK FASTCLIX ปากกา (Roche),ราคา 375.00 บาท
เครื่องพ่นยา OMRON รุ่น NE-C28,"ราคา 2,250.00 บาท"
เครื่องชั่งน้ำหนักดิจิตอล รุ่น TOC01-GR,ราคา 530.00 บาท
BD ULTRA-FINE II 1 ml 0.25mm (31G) 100 ชิ้น/กล่อง,ราคา 513.00 บาท
TYNOR C-16 CAST COVER LEG ที่หุ้มเฝือกขา,ราคา 495.00 บาท
D THROAT ดีโทรท สเปรย์ (0.3%) กลิ่นมิ้นท์ 15 ml STADA,ราคา 162.00 บาท
HAARLON REVITALIZING HAIR Serum 4X8ml,ราคา 545.00 บาท
ISOKEAN NASAL Wash 20 ซอง/ชุด (HOFCARE),ราคา 170.00 บาท
TIGERPLAST BLUE 100 ชิ้น/กล่อง,ราคา 325.00 บาท
COLOSURE 6X50g/กล่อง,ราคา 358.00 บาท
ยาสีฟัน นายเฮิร์บ 60 g,ราคา 60.00 บาท
ยาสีฟัน นายเฮิร์บ 30 g,ราคา 45.00 บาท
CERAVE RETINOL Serum 30 ml,ราคา 530.00 บาท
VISTRA DAILY PLANT PROTEIN 10 ซอง/กล่อง,ราคา 344.00 บาท
SAND-M G'nite GUMMY BEAUTI COLLAGEN จีไนท์ กลิ่นราสป์เบอร์รี่ 6 ซอง/กล่อง,ราคา 176.00 บาท
NIPRO IV SAFELET CATH 24G x 3/4 inch 50 ชิ้น/กล่อง,ราคา 590.00 บาท
MEGA FEMOSA (3X10's),ราคา 408.00 บาท
SOS Plus พลาสเตอร์ใสกันน้ำ T-Series MST01 – 3 ชิ้น/กล่อง,ราคา 23.00 บาท
BOOST GLUCOSE CONTROL 800 g (Nestle),ราคา 930.00 บาท
บริษัท วรมิตร ดรัก เซ็นเตอร์ จำกัด,
ติดต่อเราได้ที่,
เครื่องวัดความดัน BEURER Bluedot รุ่น B-BM071,"ราคา 1,550.00 บาท"
SAND-M G'nite GUMMY จีไนท์ กลิ่นองุ่นเคียวโฮ 6 ซอง/กล่อง,ราคา 176.00 บาท
ชุดทำแผลปราศจากเชื้อ KLEANSET 12 ชุด/กล่อง (Longmed),ราคา 120.00 บาท
VISTRA ELASTIN PEPTIDE PLUS COLLAGEN 10X12g/กล่อง,ราคา 339.50 บาท
ปลอกแขน Microlife ขนาด 22-42 cm,ราคา 530.00 บาท
ยาดมสมุนไพร หว้อฝอ 8 g 12 กระปุก/โหล,ราคา 390.00 บาท
ยาน้ำมันผสมเสลดพังพอน ตราแม่กุหลาบ 12X3ml,ราคา 228.00 บาท
ยาดมทูเวย์ จรุงจิต PACK 6 หลอด,ราคา 124.00 บาท
PROVAMED BIO-PEPTIDE GOTU KOLA ANTI ACNE Serum 30 ml,ราคา 305.00 บาท
PROVAMED DERMA GLUCAN-CERAMIDE SOOTHING Lotion 50 ml,ราคา 248.00 บาท
HIMALAYA 1930 NOURISHING SKIN Cream 150 g,ราคา 165.00 บาท
CAVILON DURABLE BARRIER Cream 28 g (3M),ราคา 264.00 บาท
PROVAMED DERMA GLUCAN-CERAMIDE SOOTHING Lotion 100 ml,ราคา 232.00 บาท
VELDENT MOUTH Spray ผสมกระชายขาว 18 ml,ราคา 125.00 บาท
HIMALAYA STRAWBERRY GLOSS LIP Balm 10 g,ราคา 58.00 บาท
เวลเดนท์ ครีมติดฟันปลอม 60 g (VELDENT),ราคา 198.00 บาท
MASK MEDMASK 3D KF94 หน้ากากอนามัย สีดำ 25 ชิ้น/กล่อง,ราคา 80.00 บาท
ยาแคปซูล โสมเอี๊ยะตี่ 1 เม็ด,ราคา 55.00 บาท
PROVAMED GLUTA BRIGHT SKIN BOOSTER Lotion 200 ml,ราคา 222.00 บาท
HIMALAYA LIP Balm 10 g,ราคา 50.00 บาท
แผ่นรองซับ เฮลธ์ อิมแพค 45x70cm 10 ชิ้น/ห่อ (Health Impact),ราคา 78.00 บาท
CERAVE BLEMISH CONTROL CLEANSER 88 ml,ราคา 196.00 บาท
TIGERPLAST พลาสเตอร์ใส กันน้ำ รุ่น WS5 10 ซอง/กล่อง,ราคา 30.00 บาท
อัมบิลี่ ออร์แกนิก ชูทติ้ง สติ๊ก UMBILI ANTI&AFTER B-BALM (อัมบิลี่),ราคา 60.00 บาท
ELLZA CERASITIVE Cream 30 g,ราคา 155.00 บาท
SUCTION CATHETERS สายดูดเสมหะ No.8 50 เส้น/ห่อ,ราคา 175.00 บาท
ยาวัฒนะ พลัส 4 เม็ด/กล่อง,ราคา 190.00 บาท
PROVAMED BABINI ARNICA Gel 15 g,ราคา 125.00 บาท
REGRO HAIR FOR MEN 225 ml,ราคา 172.00 บาท
VARI VINA 30's,ราคา 430.00 บาท
แผ่นรองซับผู้ป่วย iCARE (45x70cm) 10 ชิ้น/ห่อ,ราคา 70.00 บาท
MEGA ZEMAX SX PACK 3X30's,ราคา 905.00 บาท
HAKUBI-C 90's,ราคา 592.00 บาท
NUTRAKAL HI-FLEX 30's,ราคา 198.00 บาท
SAND-M GUMMY FIBER GLUTA กลิ่นสตรอเบอร์รี่โยเกิร์ต 6 ซอง/กล่อง,ราคา 176.00 บาท
SOS Plus ถุงหุ้มเฝือกกันน้ำ FM-080 สำหรับมือ 1 ชิ้น/กล่อง,ราคา 125.00 บาท
MILTEAR UD EYE Drops น้ำตาเทียม 30 หลอด/กล่อง (Millimed),ราคา 144.00 บาท
REGRO HAIR FOR LADY 225 ml,ราคา 172.00 บาท
SOS Plus เทปแต่งแผล ชนิดใส TR1 (1/2 inch x 10 yds),ราคา 110.00 บาท
เครื่องวัดความดัน TERUMO รุ่น W1200,"ราคา 1,698.00 บาท"
บริษัท วรมิตร ดรัก เซ็นเตอร์ จำกัด,
ติดต่อเราได้ที่,
ยาหม่องน้ำตรางู กลิ่นลาเวนเดอร์ 12X5ml/โหล,ราคา 445.00 บาท
COLD HOT GEL PACK เอ็กซ์เตอร์ (13x10.5cm) 1 ชิ้น/กล่อง,ราคา 30.00 บาท
NEOBUN พลาสเตอร์ยาบรรเทาปวด สูตรเย็น 4X7cm 10 ชิ้น/กล่อง,ราคา 108.00 บาท
ยาธาตุน้ำขาว ไทยนคร 24X15ml (TNP),ราคา 152.00 บาท
BOWA 2X10's (TNP),ราคา 32.00 บาท
ALCOHOL ALSOFF 12X30ml ตราเสือดาว,ราคา 60.00 บาท
ยาเขียวสามฤดู สูตรเข้มข้น ตราปลาคู่ 10X10's/กล่อง,ราคา 320.00 บาท
VITAMIN B12 100 mcg 1000's,ราคา 248.00 บาท
ยาดมสมุนไพร ตราเฮงเฮง,ราคา 25.00 บาท
ยาดม ตราหอมจันทน์ ปราสาททอง PACK 6X3g,ราคา 0.00 บาท
น้ำมันเหลือง ตราซีแอล 24 ml,ราคา 73.00 บาท
ยาน้ำมันเหลืองสูตรไพล ตราแม่กุหลาบ 12X3ml,ราคา 228.00 บาท
ยาหม่องสมุนไพร เฮื้อง เส่า โก๊ว หัวใจทอง 15 g,ราคา 25.00 บาท
MYPARA 500 mg 30X12's (GREATER),ราคา 175.00 บาท
DOMERDON Suspension 30 ml,ราคา 13.00 บาท
MEDICFLOX 1X10's (Medicpharma),ราคา 70.00 บาท
BLIZTIN 20 mg 1X10's (SIAM),ราคา 82.00 บาท
CEFUROXIME 500 mg 10X10's (BKD),"ราคา 1,290.00 บาท"
SKINFECT-B Cream 15 g (BKD),ราคา 32.00 บาท
PROBUFEN 600 mg 25X10's/กล่อง,ราคา 248.00 บาท
PATBLU 500 mg 50X10's (TNP),ราคา 365.00 บาท
MYDA SOAP PACK 6X80g (T.MAN),ราคา 220.00 บาท
SMOOTH E WHITE BABYFACE Cream 30 g,ราคา 218.00 บาท
A-LEAZE 5 mg 1X10's (SIAM),ราคา 67.00 บาท
SMOOTH E WHITE BABYFACE Cream 12 g,ราคา 94.00 บาท
COLOGEN 1000's (TO),ราคา 365.00 บาท
EUGICA IVY Syrup 100 ml (MEGA),ราคา 146.00 บาท
NEWTAMOX 250 O.S. กลิ่นผลไม้ 60 ml (NL),ราคา 25.00 บาท
MASK YAMADA 3D KIDS หน้ากากอนามัย 5 ชิ้น/ห่อ,ราคา 26.50 บาท
SMOOTH E GOLD WRINKLE FILLER 65 g,ราคา 498.00 บาท
SPECTRABAN SPF50+PA+++ Cream 20 g,ราคา 200.00 บาท
DEZTANEX 5 mg 10X10's (TEVA),ราคา 355.00 บาท
OSAMINE-S Powder 30 ซอง/กล่อง (Medline),ราคา 240.00 บาท
LIPOSTAT 10 mg 3X10's (SIAM),ราคา 135.00 บาท
นมอัดเม็ด กลิ่นช็อกโกแลต แอมมิ้ลค์ 24 ซอง/กล่อง,ราคา 505.00 บาท
MULTIVITAMIN Effervescent กลิ่นส้ม 20's (Interpharma),ราคา 98.00 บาท
OMEGA-3 MAMARINE 30's,ราคา 245.00 บาท
ROTHRICIN 150 mg 10X10's (SIAM),ราคา 325.00 บาท
THROATSIL PLUS (24X8's),ราคา 17.50 บาท
ยาอม ตราไอยรา IYARA LITE 15X8's (T.MAN),ราคา 370.00 บาท
บริษัท วรมิตร ดรัก เซ็นเตอร์ จำกัด,
ติดต่อเราได้ที่,
CANASONE C.B. Cream 25 g (TNP),ราคา 69.50 บาท
LIPOSTAT 20 mg 3X10's (SIAM),ราคา 168.00 บาท
TYLENOL 500 mg 50's,ราคา 68.00 บาท
EUGICA COFF อมสมุนไพร (15X8's),ราคา 326.00 บาท
CALCIFEROL VITAMIN D3 1000 IU 3X10's,ราคา 95.00 บาท
ยาน้ำแก้ไอ ตราเสือดาว รสน้ำผึ้งผสมมะนาว 120 ml,ราคา 33.00 บาท
ISOSORBIDE DINITRATE 10 mg 50X10's (GPO),ราคา 315.00 บาท
PHARMICA PIROXICAM Gel 50 g,ราคา 52.00 บาท
AROTIKA RUB Cream 35 g (BKD),ราคา 66.00 บาท
AROTIKA RUB Cream 100 g (BKD),ราคา 162.00 บาท
PROBUFEN Gel 25 g,ราคา 38.00 บาท
BANOCIN Oral 5 g,ราคา 14.50 บาท
PYBUFEN-P 400 mg 50X10's/กล่อง,ราคา 340.00 บาท
HYDROGEN 450 ml (วิทยาศรม),ราคา 20.50 บาท
VIRUNO 60 mg สารสกัดฟ้าทะลายโจร 3X5's (MEGA),ราคา 135.00 บาท
FOBAN Ointment 5 g (HOE),ราคา 45.00 บาท
PLANIL Gel 30 g (BIOPHARM),ราคา 75.00 บาท
ยาดมน้ำสมุนไพร เฮื้อง เส่า ห่ง หัวใจทอง,ราคา 19.00 บาท
เยี่ยมจั่วซั้ว 10 ห่อ/กล่อง,ราคา 345.00 บาท
MELLODERM-HQ (4%) 7 g,ราคา 62.00 บาท
เยนเชียนไวโอเลต ตราเสือดาว 15 ml,ราคา 56.00 บาท
MYDA BS Cream 15 g (T.MAN),ราคา 35.50 บาท
CHOLEZZ 3X10's/กล่อง (MEGA),ราคา 533.00 บาท
CLOBETATE Cream 15 g,ราคา 37.00 บาท
BD MICRO-FINE 0.25mm 31G x 5 mm 100 ชิ้น/กล่อง,ราคา 495.00 บาท
EBERIL 90 mg 3X10's/กล่อง,ราคา 338.00 บาท
FLOCTIL 250 mg (1X6's),ราคา 55.00 บาท
ACCU-CHEK INSTANT STRIPS 50 ชิ้น/กล่อง,ราคา 748.00 บาท
VISTRA IMU-PRO C ACEROLA CHERRY 2000 PLUS 30's,ราคา 330.00 บาท
VISTRA เซตคู่ ACEROLA CHERRY+GRAPE SEED,ราคา 248.00 บาท
VISTRA SOY LECITHIN 1200 mg 90's,ราคา 205.00 บาท
VISTRA SESAMIN NIGHT TIME 30's,ราคา 505.00 บาท
MESTINON 60 mg 150's (Menarini),"ราคา 1,443.00 บาท"
TOMONT 5 mg Chewable 4X7's (TO),ราคา 262.00 บาท
PHARMATON 30's,ราคา 370.00 บาท
VISTRA VAGINY 30's,ราคา 362.00 บาท
TODESAAR 16 mg 3X10's (TO),ราคา 380.00 บาท
VISTRA SAKURA EXTRACT 30's,ราคา 620.00 บาท
XARATOR 10 mg 10X10's (VIATRIS),"ราคา 1,695.00 บาท"
AVAMYS NASAL Spray Suspension 60 sprays (GSK),ราคา 365.00 บาท
บริษัท วรมิตร ดรัก เซ็นเตอร์ จำกัด,
ติดต่อเราได้ที่,
CLARICARE NASAL Spray 100 ml (BAYER),ราคา 178.00 บาท
VISTRA LYSIN BIO MULTIVITAMINS 120 ml,ราคา 120.00 บาท
HEMP SEED OIL Cream 120 g (VITARA),ราคา 135.00 บาท
LUBRIC-EYES น้ำตาเทียม 0.8 ml,ราคา 49.50 บาท
VISTRA L-CYSTEINE PLUS BIOTIN 30's,ราคา 265.00 บาท
VISTRA INTEL-ACTIV B COMPLEX ULTRA PLUS 30's,ราคา 260.00 บาท
VISTRA LIVOTOX 30's,ราคา 320.00 บาท
VISTRA DUO MATCH GLUTA+COLLAGEN,ราคา 405.00 บาท
VISTRA CRANBERRY 600 mg 30's,ราคา 245.00 บาท
VISTRA EGG SHELL MEMBRANE 30's,ราคา 512.00 บาท
CELECOXIB T.O. 200 mg 1X10's (TO),ราคา 44.00 บาท
AMARYL 2 mg 3X10's (SANOFI),ราคา 395.00 บาท
ยาวัฒนะ พลัส 2 เม็ด/กล่อง,ราคา 110.00 บาท
KOACT 1000 mg 2X5's (BIOPHARM),ราคา 88.00 บาท
B-COXIB 120 mg 3X10's (BDMS),ราคา 160.00 บาท
GOFEN Liquiz กลิ่นส้ม 60 ml (MEGA),ราคา 96.00 บาท
ยาสีฟันเทพไทย รสสเปียร์มิ้นท์ 70 g,ราคา 80.00 บาท
DENTISTE BREATH Spray 15 ml,ราคา 175.00 บาท
DENTISTE MOUTH Spray 10 ml,ราคา 75.00 บาท
BUZETIN 8 mg 10X10's/กล่อง,ราคา 47.00 บาท
BLACKMORES JOIN PLUS 30's,ราคา 484.00 บาท
NEOBUN Spray 45 ml,ราคา 54.00 บาท
CELEBREX 400 mg 5's (VIATRIS),ราคา 155.00 บาท
จิ่วเจ้งปู่เซินเจียวหนัง เอสวัน 6 เม็ด/กล่อง,ราคา 180.00 บาท
ALPHAGAN P Ophthalmic Solution 5 ml,ราคา 380.00 บาท
ULTRACARBON N.F. (5X10's),ราคา 324.00 บาท
NSS 0.9% SODIUM CHLORIDE FOR INJECTION 100X5ml (TO),ราคา 375.00 บาท
FEITAS DICLOFENAC PATCH (2แผ่นX15ซอง),ราคา 955.00 บาท
ถุงมือแพทย์ ซาโตรี่ แบบไม่มีแป้ง Size S 100 ชิ้น/กล่อง,ราคา 105.00 บาท
ถุงมือแพทย์ ซาโตรี่ แบบไม่มีแป้ง Size M 100 ชิ้น/กล่อง,ราคา 105.00 บาท
ถุงมือแพทย์ ซาโตรี่ แบบไม่มีแป้ง Size L 100 ชิ้น/กล่อง,ราคา 105.00 บาท
VICKS วิคส์ วาโปดรอป กลิ่นส้ม 24's,ราคา 77.50 บาท
VICKS วิคส์ วาโปดรอป กลิ่นส้ม (24X8's),ราคา 780.00 บาท
VICKS วิคส์ วาโปดรอป กลิ่นน้ำผึังมะนาว (24X8's),ราคา 780.00 บาท
VICKS วิคส์ วาโปดรอป กลิ่นน้ำผึังมะนาว 24's,ราคา 77.50 บาท
GALE 50 mg 1X10's (BIOPHARM),ราคา 250.00 บาท
ยาน้ำแก้ไอ ยูอีคอฟ CD มะขามป้อม กลิ่นน้ำผึ้งผสมเลมอน 120 ml,ราคา 31.00 บาท
UE COF อม ยู อี คอฟ มะขามป้อม ผสมสารสกัดพรอพโพลิส (20X8's),ราคา 39.00 บาท
MINUS-SUN 5gX12ซอง ครีมกันแดด,ราคา 400.00 บาท
FEXLORA KIDS Chewable 1X10's (SPS),ราคา 45.00 บาท
บริษัท วรมิตร ดรัก เซ็นเตอร์ จำกัด,
ติดต่อเราได้ที่,
FEXLORA 10 mg Chewable 1X10's (SPS),ราคา 48.00 บาท
HASHI PLUS ชุดเกลือและอุปกรณ์ล้างจมูก 15 ซอง/กล่อง (TCP),ราคา 154.00 บาท
ZEROTAN 40 mg 1X2's (Millimed),ราคา 135.00 บาท
VIT-D DROPS 15 ml (BLHUA),ราคา 50.00 บาท
FRESH CLEAR EYE WASH ยาล้างตา 10X20ml/กล่อง,ราคา 55.00 บาท
NEXTSTELLIS 1X28's (OLIC),ราคา 455.00 บาท
POLIDENT FLAVOUR FREE Cream 60 g (GSK),ราคา 214.00 บาท
UNC PROBIOTIC COLLAGEN 5 ซอง/ห่อ,ราคา 565.00 บาท
UNC CALCIUM PLUS 30's,ราคา 565.00 บาท
UNC CALCIUM CD 60's,ราคา 565.00 บาท
ACC Sandoz 200 mg กลิ่นแบล็กเบอร์รี่ 20's (SANDOZ),ราคา 152.00 บาท
AMOXYCILLIN 500 mg เขียวฟ้า (50X10's),ราคา 460.00 บาท
AMOXYCILLIN 500 mg เขียวฟ้า 500's,ราคา 460.00 บาท
TEMPRA FIZZ Effervescent กลิ่นส้ม 12's/กล่อง (TAISHO),ราคา 76.00 บาท
I-KIDS HONEY GRAPE POPS กลิ่นองุ่น 10 ซอง/กล่อง,ราคา 120.00 บาท
I-KIDS HONEY ORANGE POPS กลิ่นส้ม 10 ซอง/กล่อง,ราคา 120.00 บาท
I-KIDS CALCIUM POPS กลิ่นนมสตรอเบอร์รี่ 10 ซอง/กล่อง,ราคา 120.00 บาท
I-KIDS CALCIUM POPS กลิ่นช็อกโกแลต 10 ซอง/กล่อง,ราคา 120.00 บาท
FOTAGEL Suspension 20ซองX20ml,ราคา 460.00 บาท
SPEDIFEN 400 mg 30's (Zambon),ราคา 367.75 บาท
UMBILI สติ๊กเกอร์หอมแดง Good Day 10 ชิ้น/กล่อง (อัมบิลี่),ราคา 60.00 บาท
UMBILI สติ๊กเกอร์หอมแดง Good Night 10 ชิ้น/กล่อง (อัมบิลี่),ราคา 60.00 บาท
PREGNANCY TEST WONDER ชุดทดสอบการตั้งครรภ์ แบบปัสสาวะผ่าน 1 ชุด/กล่อง,ราคา 74.00 บาท
ยาหม่องน้ำเซียงเพียวอิ๊ว สูตร 2 ลูกกลิ้ง 6X5ml/กล่อง,ราคา 205.00 บาท
ยาหม่องน้ำเซียงเพียวอิ๊ว สูตร 1 ลูกกลิ้ง 6X5ml/กล่อง,ราคา 205.00 บาท
CALTAB 600 mg 10X10's (Millimed),ราคา 55.00 บาท
กระต่ายบินโททรอล TOTRAL กลิ่นสตรอเบอร์รี่ 20X30ml,ราคา 525.00 บาท
JELLY ME APPLE CIDER 12 ซอง/กล่อง,ราคา 176.00 บาท
JELLY ME COLLAGEN 12 ซอง/กล่อง,ราคา 176.00 บาท
JELLY ME FIBER 12 ซอง/กล่อง,ราคา 176.00 บาท
CLOBETATE SCALP 30 ml (POLIPHARM),ราคา 43.00 บาท
ยาแก้ไอน้ำดำ ตราเสือดาว 60 ml,ราคา 17.50 บาท
DIFAZT SOFT Gel 10's (Macrophar),ราคา 47.00 บาท
Digital Thermometer ปรอทดิจิตอล ปลายอ่อน รุ่น NH-201,ราคา 67.50 บาท
จุกล้างจมูก ZUMI 2 ชิ้น,ราคา 20.00 บาท
AMMELTZ GOLD 48 ml สูตรเข้มข้น,ราคา 152.00 บาท
UTMOS 15 mg 10X10's (BERLIN),ราคา 250.00 บาท
SUTAC 10 mg 1X10's (SPS),ราคา 15.00 บาท
ยาแคปซูลฟ้าทะลายโจร ตราแม่กุหลาบ 100's,ราคา 64.00 บาท
SINULAN Forte Express 15 ml (STADA),ราคา 226.00 บาท
บริษัท วรมิตร ดรัก เซ็นเตอร์ จำกัด,
ติดต่อเราได้ที่,
SINULAN Forte Allergy 15 ml (STADA),ราคา 226.00 บาท
D THROLIS ดีโทรลิส คิดส์ เมาท์ สเปรย์ 10 ml (STADA),ราคา 108.00 บาท
BERCLOMIN Tablet 10X10's (POLIPHARM),ราคา 113.00 บาท
AMOGIN OTC TAB 1X10's (Millimed),ราคา 11.50 บาท
BOTAN HERBAL DRINK CANDY โบตัน ตรากิเลน ชะเอมมิ้นท์ 12 ซอง/กล่อง,ราคา 170.00 บาท
I-HERB OTC ยาอมสมุนไพร ไอ-เฮิร์บ โอทีซี (20X18's),ราคา 369.00 บาท
I-HERB ยาอมสมุนไพร ไอ-เฮิร์บ สูตรปราจากน้ำตาล (12X8's),ราคา 210.00 บาท
TIMAZOL 5 mg 10X10's (SPS),ราคา 95.00 บาท
SAND-M OMY GLASS BEAUTI GUMMY 6 ซอง/กล่อง,ราคา 175.00 บาท
SAND-M OMY CLEAR BEAUTI GUMMY 6 ซอง/กล่อง,ราคา 158.00 บาท
ALVO PROBITES กลิ่นช็อกโกแลต 20 ชิ้น/กล่อง,ราคา 390.00 บาท
GLUCOSA 1500 mg Powder กลิ่นส้ม 30 ซอง/กล่อง (BKD),ราคา 265.00 บาท
BALISA 20 mg 1X10's (SPS),ราคา 72.00 บาท
AMOGIN EFFE กลิ่นส้ม 12 ซอง/กล่อง,ราคา 89.50 บาท
ชุดตรวจ AURAMED FLU A/B+COVID-19 Ag Combo Rapid Test 3 in 1,ราคา 36.00 บาท
BILAXTEN KIDS 10 mg ชนิดเม็ดแตกตัวในปาก 1X10's (Menarini),ราคา 117.00 บาท
ยาเขียวชนิดเม็ด ตราใบห่อ (50X16's),ราคา 5.40 บาท
NIZORAL DERMAL DAILY Shampoo 200 ml,ราคา 328.00 บาท
RADIAN-G 1500 mg Powder 30 ซอง/กล่อง (STADA),ราคา 330.00 บาท
ทองทรงไทย น้ำมันนวด 50 ml,ราคา 158.00 บาท
POLIDENT แมกซ์โฮลด์ & ซีล Cream 40 g (GSK),ราคา 214.00 บาท
NSS 0.9% SODIUM CHLORIDE FOR INJECTION 20X5X5ml (TNP),ราคา 470.00 บาท
NIKP-MANIDIPINE 10 mg (10X10's),ราคา 498.00 บาท
EXELFOS 3 g 1 ซอง/กล่อง (Exeltis),ราคา 335.00 บาท
MEGA FEMIFLORA 30's,ราคา 915.00 บาท
น้ำมันเขียว เวชพงศ์ 24 ml,ราคา 78.00 บาท
BLACKMORES MAC-Q-VIS 30's,ราคา 350.00 บาท
ยาธาตุน้ำขาว ตรากระต่ายบิน 450 ml,ราคา 105.00 บาท
ทองไทเกอร์มาจสาจครีม สูตรร้อน 100 ml,ราคา 114.00 บาท
ยาหม่องทองไทเกอร์ พรีเมี่ยม PACK 4X50g,ราคา 340.00 บาท
ยาหม่องทองไทเกอร์ พลัส 30 g,ราคา 90.00 บาท
ยาหม่องทองไทเกอร์ สูตรร้อน ออริจินอล PACK 4X50g,ราคา 340.00 บาท
ยาดมสมุนไพร ตราทองไทเกอร์ PACK 6X25g,ราคา 136.00 บาท
จับเลี้ยง ตราปลาเบ็ด 5 ซอง/กล่อง,ราคา 44.00 บาท
SMECTA STRAWBERRY Powder 10 ซอง/กล่อง,ราคา 155.00 บาท
BICAHIS 20 mg (5X10's),ราคา 542.00 บาท
PREVACID FDT 15 mg 2X14's (TAKEDA),ราคา 985.00 บาท
MOXICAP 10X10's/กล่อง,ราคา 98.00 บาท
CELEBREX 200 mg 10's (VIATRIS),ราคา 235.00 บาท
SONERIPER M 25X10's (CPL),ราคา 106.25 บาท
บริษัท วรมิตร ดรัก เซ็นเตอร์ จำกัด,
ติดต่อเราได้ที่,
EMSON 50 mg 3X10's (UNISON),ราคา 89.00 บาท
UTMOS 30 mg 10X10's (BERLIN),ราคา 405.00 บาท
AMOXI T.O. 500 mg 50X10's (TO),ราคา 530.00 บาท
BLACKMORES BIO C 1000 mg DAILY IMU+ PACK (120's+30's),ราคา 683.00 บาท
CALVIN PLUS D 500 PACK 3X60's (BIOPHARM),ราคา 440.00 บาท
VISTRA SOY GERM POWDER PLUS DONG QUAI 30's,ราคา 385.00 บาท
สำลีก้อน ตรารถพยาบาล 20 g,ราคา 8.00 บาท
HIRUSCAR ULTRA SCAR CARE Gel 5 g (Medinova),ราคา 147.00 บาท
CLENA EX ANTI MELASMA 15 g,ราคา 136.00 บาท
ARCOXIA 60 mg 1X5's (Menarini),ราคา 177.00 บาท
AERIUS Solution (0.5 mg/ml) 60 ml,ราคา 204.00 บาท
PLETAAL SR 100 mg 6X10's (OTSUKA),"ราคา 2,390.00 บาท"
BLACKMORES MARINE COLLAGEN ABSOLUTE PACK (2X60's),"ราคา 2,295.00 บาท"
ฟองน้ำอนามัยลองเมด BECARE,ราคา 430.00 บาท
ยาแคปซูล โสมเอี๊ยะตี่ 4 เม็ด/กล่อง,ราคา 220.00 บาท
สำลีก้อน ที พลัส 40 g (T-PLUS),ราคา 15.50 บาท
สำลีแผ่นไม่รีดขอบ ที พลัส 50 g (T-PLUS),ราคา 28.50 บาท
NSS LPSALINE NORMAL SALINE 1000 ml ตราเสือดาว,ราคา 33.00 บาท
ยาดมสมุนไพร ตราหว้อฝอ PACK 3 ขวด,ราคา 68.00 บาท
B-ASPIRIN 81 mg 10X10's (OSi),ราคา 31.50 บาท
GK24 ตราเกร็กคู 4's,ราคา 215.00 บาท
AZITABB (1X6's),ราคา 68.00 บาท
TIME ORAL แผ่นปิดแผลในปาก 1.5cmX4ชิ้น/ซอง,ราคา 66.00 บาท
MASK CARBON 3D หน้ากากอนามัยคาร์บอน 2 ชิ้น/ห่อ (3M),ราคา 16.50 บาท
N-DRO CARE MOUTH Spray 20 ml,ราคา 140.00 บาท
BLACKMORES OMEGA TRIPLE DAILY 60's,ราคา 740.00 บาท
ยาหอมเทพจิตร ตราห้าม้า 12 หลอด/กล่อง,ราคา 515.00 บาท
ยาน้ำเขากุย 240 ml (KMP),ราคา 27.50 บาท
MONTEK 10 mg 2X14's (TEVA),ราคา 295.00 บาท
MASK T-PLUS หน้ากากอนามัยทีพลัส สีเขียว 50 ชิ้น/กล่อง,ราคา 56.00 บาท
ยาดมพิมเสนน้ำ ตราหงส์ไทย,ราคา 415.00 บาท
น้ำมันเหลือง เวชพงศ์ 5 ml,ราคา 20.00 บาท
น้ำมันเขียว เวชพงศ์ 5 ml,ราคา 20.00 บาท
HISTADINE 1X10's (BURAPHA),ราคา 15.00 บาท
ชุดตรวจ GiCA FLU A/B+COVID-19+RSV Antigen (โพรงจมูก),ราคา 60.00 บาท
MAR SOFT Spray 125 ml (STADA),ราคา 260.00 บาท
MAR BABY Nose 100 ml (STADA),ราคา 222.00 บาท
OILATUM Cream for baby 200 g,ราคา 215.00 บาท
OILATUM HEAD TO TOE WASH for baby 300 ml,ราคา 232.00 บาท
OILATUM BATH for baby 300 ml,ราคา 448.00 บาท
บริษัท วรมิตร ดรัก เซ็นเตอร์ จำกัด,
ติดต่อเราได้ที่,
BLACKMORES MULTI-B 120's,ราคา 495.00 บาท
D THROAT ดีโทรท สเปรย์ (0.3%) กลิ่นเลมอน 15 ml STADA,ราคา 169.00 บาท
D THROAT ดีโทรท สเปรย์ (0.15%) กลิ่นเลมอน 15 ml STADA,ราคา 169.00 บาท
BLACKMORES BIO C 1000 mg DAILY IMU+ 30's,ราคา 235.00 บาท
BLACKMORES BIO C 1000 mg DAILY IMU+ 60's,ราคา 405.00 บาท
TEGRETOL CR 200 mg 10X10's (Novartis),ราคา 710.00 บาท
TEGRETOL CR 400 mg 10X10's (Novartis),"ราคา 1,315.00 บาท"
CEE 1000 mg 3X10's (T.MAN),ราคา 82.00 บาท
DESTA 5 mg 1X10's (Macrophar),ราคา 51.00 บาท
ZETTROL 10 mg 10X10's (BERLIN),ราคา 785.00 บาท
MEDITAN 500 mg 50X10's/กล่อง,ราคา 430.00 บาท
COKLAV 312 DRY Syrup 60 ml (Rx Chumchon),ราคา 102.00 บาท
MYRAZOLE-B Cream 5 g (T.MAN),ราคา 13.00 บาท
MYRAZOLE-B Cream 15 g (T.MAN),ราคา 27.00 บาท
MANCOXIB 120 mg 1X5's (T.MAN),ราคา 222.00 บาท
MADONNA ONE 10X1's/แพ็ก (BIOPHARM),ราคา 165.00 บาท
ยาดมสมุนไพร ตราหงส์ไทย 5 g,ราคา 415.00 บาท
ยาน้ำแก้ไอผสมมะแว้ง อะฮ่า ตราไอยรา 60 ml (T.MAN),ราคา 19.00 บาท
OREDA R.O. ออรีด้า รสส้ม 10 ซอง/กล่อง (BLHUA),ราคา 27.00 บาท
ARCOXIA 90 mg 1X5's (Menarini),ราคา 189.00 บาท
ARCOXIA 120 mg 1X5's (Menarini),ราคา 229.00 บาท
PROPOLIZ X MOUTH Spray 15 ml (T.MAN),ราคา 114.00 บาท
DICLOXMED 500 mg 50X10's (Medicpharma),ราคา 735.00 บาท
MIRGEAL Gel เมอร์จีล เจล 20X15ml,ราคา 610.00 บาท
CARDIPLOT 10 mg 10X10's (BERLIN),ราคา 305.00 บาท
BOTAN โบตัน ตรากิเลน ดั้งเดิม 25 ซอง/กล่อง,ราคา 325.00 บาท
ACTEWOUND 4X15cm แผ่นแปะซิลิโคน 1 ชิ้น/กล่อง,ราคา 180.00 บาท
CELXIB 200 mg (1X10's),ราคา 58.00 บาท
ZEVIN 800 mg 7X5's (BIOPHARM),ราคา 365.00 บาท
METFOR 500 mg 10X10's (Millimed),ราคา 48.00 บาท
PROVAMED ULTRA WHITENING BOOSTER Serum 30 ml,ราคา 144.00 บาท
FLUCONAZOLE 150 mg 1's (SIAM),ราคา 28.50 บาท
PARA FAST ACTIV 500 mg 25X10's (T.MAN),ราคา 385.00 บาท
CLOPIDOGREL 75 mg 10X10's (GPO),ราคา 254.00 บาท
BEPANTHEN SENSIDERM Cream 50 g (BAYER),ราคา 525.00 บาท
NOVYNETTE 1X21's,ราคา 83.00 บาท
VOLTA 25 mg 100X10's (T.MAN),ราคา 185.00 บาท
TUBIGRIP FEEL FREE CALF No.S อุปกรณ์พยุงน่อง,ราคา 145.00 บาท
TUBIGRIP FEEL FREE CALF No.M อุปกรณ์พยุงน่อง,ราคา 145.00 บาท
TUBIGRIP FEEL FREE CALF No.L อุปกรณ์พยุงน่อง,ราคา 155.00 บาท
บริษัท วรมิตร ดรัก เซ็นเตอร์ จำกัด,
ติดต่อเราได้ที่,
NEOTAPE POROUS (2 inch x 10 yds) 6 ม้วน/กระบอก,ราคา 425.00 บาท
SIAGRAN 50 mg 1X4's (SIAM),ราคา 115.00 บาท
NOXA 20 mg 2X10's/แพ็ก,ราคา 135.00 บาท
VITOP 10X10's (PML),ราคา 405.00 บาท
HEXIN ยาถ่ายพยาธิตัวตืด เฮ้กซิน 12 แผง/กล่อง,ราคา 204.00 บาท
RHINOBUN ไรโนบัน พลาสเตอร์ยาบรรเทาปวด 20 ซอง,ราคา 260.00 บาท
LIPZ 1X21's (BIOPHARM),ราคา 223.00 บาท
LIPZ ED 1X28's (BIOPHARM),ราคา 223.00 บาท
MEGA ALCOHOL สำลีเมก้า แซนนิไทซ์ สำลีชุบเอทิลแอลกอฮอล์ 10 แผง/กล่อง,ราคา 60.00 บาท
MOXIPHARM 500 mg 50X10's (Medicpharma),ราคา 515.00 บาท
HEPATOLAC 100 ml (BERLIN),ราคา 70.00 บาท
NSS GHP NORMAL SALINE 500 ml,ราคา 25.00 บาท
NSS GHP NORMAL SALINE 1000 ml,ราคา 30.50 บาท
LUTEINA VIZ 30's (T.MAN),ราคา 242.00 บาท
AMMELTZ HEAT PATCH GOLD แผ่นประคบร้อน สำหรับปวดหลัง,ราคา 34.00 บาท
AMMELTZ HEAT PATCH GOLD แผ่นประคบร้อน สำหรับปวดคอและไหล่,ราคา 34.00 บาท
SMOOTH E SUNSCREEN 15 g สีเบจ,ราคา 228.00 บาท
TIGERPLAST CARIFIX STRETCH (10cmX1m) 1 ม้วน/กล่อง,ราคา 38.00 บาท
TRINOLONE Cream 50 g (NIDA),ราคา 55.00 บาท
ยาสีฟันเทพไทย รสสเปียร์มิ้นท์ 30 g,ราคา 46.50 บาท
ยาสีฟันเทพไทย รสมิกซ์ฟรุ๊ต 30 g,ราคา 46.50 บาท
NOXZY 12X4's/กล่อง,ราคา 87.00 บาท
สำลีก้อนชุบแอลกอฮอล์ ตรารถพยาบาล จำนวน 8 ก้อน x 12 แผง,ราคา 105.00 บาท
AMILOZIDE 50X10's (TO),ราคา 248.00 บาท
ROXYCAN 10 mg 1000's (T.MAN),ราคา 255.00 บาท
NEOBUN พลาสเตอร์ยาบรรเทาปวด 20X10แผ่น,ราคา 348.00 บาท
NEOBUN พลาสเตอร์ยาบรรเทาปวด สูตรเย็น 7X10cm 10 ชิ้น,ราคา 182.00 บาท
CHLOVAS-ZIS 10 mg 3X10's (Millimed),ราคา 205.00 บาท
CHLOVAS-ZIS 20 mg 3X10's (Millimed),ราคา 255.00 บาท
CHLOVAS-ZIS 40 mg 3X10's (Millimed),ราคา 294.00 บาท
PROPRANOLOL 10 mg 50X10's (GPO),ราคา 265.00 บาท
PRECIUS 75 mg 6X10's (BKD),ราคา 420.00 บาท
SAMBEE B1-6-12 บรรจุ 100X10's (Medicpharma),ราคา 385.00 บาท
VITA-C JELLY STRIP กลิ่นส้ม 10 ซอง/กล่อง (T.MAN),ราคา 82.00 บาท
MILLIOPH EYE Drops 10 ml (Millimed),ราคา 30.00 บาท
ETORICOXIB 120 mg 10X10's (Hetero),ราคา 600.00 บาท
MICROLET เข็มเจาะเลือด 100 ชิ้น/กล่อง,ราคา 252.00 บาท
CONTOUR PLUS BLOOD GLUCOSE TEST STRIPS แผ่นตรวจวัดน้ำตาลในเลือด 25 แผ่น/กล่อง,ราคา 355.00 บาท
HAEMOVIT ACTIVE เฮโมวิต แอคทีฟ สูตรโสมสกัด 31's,ราคา 0.00 บาท
ยาดมสมุนไพร ตราวังว่าน PACK 3X8g,ราคา 78.00 บาท
บริษัท วรมิตร ดรัก เซ็นเตอร์ จำกัด,
ติดต่อเราได้ที่,
ยาน้ำมันตราวังว่าน ชนิดลูกกลิ้ง 8 ml,ราคา 40.00 บาท
ยาน้ำมันตราวังว่าน 60 ml,ราคา 135.00 บาท
ยาหม่องสูตรผสมเสลดพังพอน ตราวังว่าน 50 g,ราคา 75.00 บาท
ยาหม่องตราวังว่าน 50 g,ราคา 94.00 บาท
ELASTIC BANDAGE WITH CLIP 3 inch x 5 yds 12 ม้วน/กล่อง (T-PLUS),ราคา 175.00 บาท
MYCARBON 10X10's (MASA LAB),ราคา 135.00 บาท
MEDIFAST 180 mg 1X10's (Medicpharma),ราคา 42.00 บาท
MEDIFAST 60 mg 10X10's (Medicpharma),ราคา 112.00 บาท
RE-B FORTE รีบี ฟอร์ท 10X10's/กล่อง,ราคา 330.00 บาท
ENTRASOL PLATINUM 800 g กลิ่นวานิลลา (BIOPHARM),ราคา 555.00 บาท
ยาดมสมุนไพร สูตร 2 ตราหงส์ไทย 5 g,ราคา 370.00 บาท
BLACKMORES VIS CARE PRO+LUTEIN 30's,ราคา 475.00 บาท
LINHZHIMIN หลินจือมิน 60's,ราคา 820.00 บาท
กรรไกรตัดไหม Sciossor S/S 13cm รุ่น SA13-120 (2B),ราคา 75.00 บาท
NEXCARE แผ่นซับสิว 7 ชิ้น (3M),ราคา 32.00 บาท
IMMUPLEX 300 g รสจืด (MEGA),ราคา 769.00 บาท
LEVOSIDE 5 mg (1X10's),ราคา 62.00 บาท
CAPSIKA-25 Gel 60 g (BKD),ราคา 112.00 บาท
MASAREN EMULSION Gel 30 g,ราคา 18.00 บาท
CAPSIKA-25 Gel 100 g (BKD),ราคา 185.00 บาท
BACTAFECT Ointment 15 g (BKD),ราคา 77.00 บาท
ALCOHOL 70% ALSOFF PINK 450 ml ตราเสือดาว,ราคา 34.00 บาท
TIGERPLAST ANKLE EXTRA COMFORT SUPPORT Size S อุปกรณ์พยุงข้อเท้า,ราคา 220.00 บาท
TIGERPLAST ANKLE EXTRA COMFORT SUPPORT Size M อุปกรณ์พยุงข้อเท้า,ราคา 240.00 บาท
TIGERPLAST ANKLE EXTRA COMFORT SUPPORT Size L อุปกรณ์พยุงข้อเท้า,ราคา 240.00 บาท
TIGERPLAST ELBOW EXTRA COMFORT SUPPORT size S อุปกรณ์พยุงข้อศอก,ราคา 160.00 บาท
TIGERPLAST ELBOW EXTRA COMFORT SUPPORT size M อุปกรณ์พยุงข้อศอก,ราคา 165.00 บาท
TIGERPLAST ELBOW EXTRA COMFORT SUPPORT size L อุปกรณ์พยุงข้อศอก,ราคา 165.00 บาท
TIGERPLAST WRIST EXTRA COMFORT SUPPORT อุปกรณ์พยุงข้อมือ,ราคา 203.00 บาท
INVOKANA 300 mg 3X10's (MERCK),"ราคา 2,820.00 บาท"
HIALID MINI 0.3% Ophthalmic Solution น้ำตามเทียม 30X0.4ml/กล่อง,ราคา 625.00 บาท
OSKEPT (10X10's),ราคา 254.00 บาท
MEGA LIPO-X (3X10's),ราคา 295.00 บาท
ยาเป่าคอซานจินซีกวาซวน แตงโม 3 g,ราคา 98.00 บาท
LALA Lotion 30 ml (OSi),ราคา 26.00 บาท
MASK G-LUCKY FIT 3D หน้ากากอนามัย 3 ชั้น สีพีช 30 ชิ้น/กล่อง,ราคา 50.50 บาท
MASK G-LUCKY FIT 3D หน้ากากอนามัย 3 ชั้น สีขาว 30 ชิ้น/กล่อง,ราคา 50.50 บาท
PROVAMED SOLARIS BODY 100 ml,ราคา 188.00 บาท
NASALINE-ISO 30 ml (Medicpharma),ราคา 88.00 บาท
HYDROXYZINE-FC 10 mg 1000's (Medicpharma),ราคา 125.00 บาท
บริษัท วรมิตร ดรัก เซ็นเตอร์ จำกัด,
ติดต่อเราได้ที่,
ชุดทำแผลปลอดเชื้อ STERILE DRESSING SET 12 ชุด/แพ็ก (Medicpharma),ราคา 145.00 บาท
HYDROX 25 mg 1000's (T.MAN),ราคา 320.00 บาท
I-PROFEN 50X10's (OSi),ราคา 8.00 บาท
FLUIMUCIL 5X3ml/กล่อง (Zambon),ราคา 170.00 บาท
FUTURO WRIST SUPPORT อุปกรณ์พยุงข้อมือ ชนิดปรับกระชับได้ (3M),ราคา 170.00 บาท
FUTURO WRIST อุปกรณ์พยุงข้อมือ ชนิดปรับกระชับได้ รุ่นเสริมแถบเหล็ก (3M),ราคา 520.00 บาท
FUTURO KNEE อุปกรณ์พยุงหัวเข่า ชนิดเสริมแกนด้านข้างและปรับกระชับได้ (3M),ราคา 785.00 บาท
FUTURO KNEE No.L อุปกรณ์พยุงหัวเข่า ชนิดเสริมแกนด้านข้าง (3M),ราคา 560.00 บาท
FUTURO KNEE No.M อุปกรณ์พยุงหัวเข่า ชนิดเสริมแกนด้านข้าง (3M),ราคา 560.00 บาท
FUTURO KNEE No.S อุปกรณ์พยุงหัวเข่า ชนิดเสริมแกนด้านข้าง (3M),ราคา 560.00 บาท
FUTURO THUMB Size S/M รุ่นสีดำ อุปกรณ์พยุงนิ้วหัวแม่มือ (3M),ราคา 545.00 บาท
FUTURO THUMB Size L/XL รุ่นสีดำ อุปกรณ์พยุงนิ้วหัวแม่มือ (3M),ราคา 562.00 บาท
FUTURO WRIST SPORT SUPPORT อุปกรร์พยุงข้อมือ (3M),ราคา 220.00 บาท
FUTURO ANKLE COMFORT SUPPORT No.S อุปกรณ์พยุงข้อเท้าชนิดสวม (3M),ราคา 255.00 บาท
FUTURO ANKLE COMFORT SUPPORT No.M อุปกรณ์พยุงข้อเท้าชนิดสวม (3M),ราคา 255.00 บาท
FUTURO ANKLE COMFORT SUPPORT No.L อุปกรณ์พยุงข้อเท้าชนิดสวม (3M),ราคา 255.00 บาท
RHINOTAPE POROUS (2 inch x 10 yds) 6 ม้วน/กระบอก,ราคา 420.00 บาท
ถุงมือแพทย์ INNOBIC LAB แบบไม่มีแป้ง Size L 100 ชิ้น/กล่อง,ราคา 95.00 บาท
ถุงมือแพทย์ INNOBIC LAB แบบไม่มีแป้ง Size M 100 ชิ้น/กล่อง,ราคา 95.00 บาท
ถุงมือแพทย์ INNOBIC LAB แบบไม่มีแป้ง Size S 100 ชิ้น/กล่อง,ราคา 95.00 บาท
ACTIVE IRON 30's,ราคา 450.00 บาท
CISTEINE 500 mg 10's (TNP),ราคา 42.00 บาท
EMOFLON RECTAL SUPPOSITORY 10's,ราคา 186.00 บาท
EZENTIA 10 mg (2X14's),ราคา 295.00 บาท
ผ้าพันแผลยืด CONFORMING BANDAGE (2 inch x 5 yds) 12 ม้วน/กล่อง (Longmed),ราคา 54.00 บาท
LORADINE 10 mg 10X10's (GREATER),ราคา 140.00 บาท
อภัยภูเบศร แอนโดร สารสกัดฟ้าทะลายโจร 45's,ราคา 140.00 บาท
ผ้าพันแผล RSC CONFORM BANDAGE 2 inch,ราคา 62.00 บาท
ผ้าพันแผล RSC CONFORM BANDAGE 3 inch,ราคา 80.00 บาท
ผ้าพันแผล RSC CONFORM BANDAGE 4 inch,ราคา 98.00 บาท
ชุดทดสอบกระท่อมชนิดตลับ MAG TEST 1 ชุด/กล่อง,ราคา 100.00 บาท
TIGERPLAST พลาสเตอร์ใส กันน้ำ W4 (100x120mm) 2 แผ่น/กล่อง,ราคา 44.00 บาท
TIGERPLAST พลาสเตอร์ใส กันน้ำ WF (19x40mm) 10 แผ่น/กล่อง,ราคา 24.00 บาท
NEUGABA 300 mg (6X10's),ราคา 315.00 บาท
MASK หน้ากากอนามัย KN95 1 ชิ้น/กล่อง,ราคา 24.00 บาท
ONCE PRO 400 g กลิ่นวานิลลา (OTSUKA),ราคา 430.00 บาท
ผ้าก๊อซ ที พลัส 4x4 inch GAUZE (T-PLUS),ราคา 90.00 บาท
ผ้าก๊อซ ที พลัส 3x3 inch GAUZE (T-PLUS),ราคา 58.00 บาท
ผ้าก๊อซ ที พลัส 2x2 inch GAUZE (T-PLUS),ราคา 36.00 บาท
OFLOCEE 200 mg 10X10's (Farmaline),ราคา 225.00 บาท
บริษัท วรมิตร ดรัก เซ็นเตอร์ จำกัด,
ติดต่อเราได้ที่,
NEOCA GARLIC 30's (Millimed),ราคา 95.00 บาท
จุกล้างจมูกซิลิโคน เดอะร็อคเก็ตเคลียร์ 3 ชิ้น,ราคา 75.00 บาท
ชุดทดสอบสารเสพติดเมทแอมเฟตามีน MAG TEST 1 ชุด/กล่อง,ราคา 22.00 บาท
ชุดทดสอบสารเสพติดกัญชา MAG TEST 1 ชุด/กล่อง,ราคา 45.00 บาท
ยาดมเซียงเพียวอิ้ว สูตร 2 ชนิดหลอด 12 หลอด/โหล,ราคา 210.00 บาท
FIT I-CAL PLUS 30's,ราคา 235.00 บาท
N-Series แผ่นแปะบรรเทาปวด สูตรร้อน 12X2แผ่น,ราคา 470.00 บาท
N-Series แผ่นแปะบรรเทาปวด สูตรเย็น 12X2แผ่น,ราคา 400.00 บาท
CERAVE BLEMISH CONTROL CLEANSER 236 ml,ราคา 375.00 บาท
ยาดมสมุนไพร ตราหงส์ไทย ผสมพิมเสน 12X3ml/โหล,ราคา 320.00 บาท
HIRUSCAR SILICONE PRO Gel 10 g (Medinova),ราคา 350.00 บาท
ผ้าพันแผลยืด CONFORMING BANDAGE (4 inch x 5 yds) 12 ม้วน/กล่อง (Longmed),ราคา 98.00 บาท
ผ้าพันแผลยืด CONFORMING BANDAGE (3 inch x 5 yds) 12 ม้วน/กล่อง (Longmed),ราคา 82.00 บาท
เครื่องตรวจน้ำตาล GLUCOCHEK EASY PRO รุ่น TD-4279A,ราคา 950.00 บาท
ONCE DIALYZE ONCE วันซ์ ไดอะไลซ์ กลิ่นวานิลลา 400 g (OTSUKA),ราคา 390.00 บาท
NOLA ACAI BERRY 30's,ราคา 560.00 บาท
NOLA MAQUI LUTEIN PLUS 30's,ราคา 235.00 บาท
PREGABALIN 75 mg 56's (TEVA),ราคา 445.00 บาท
GUTTRU DUAL 12X10ml (TNP),ราคา 0.00 บาท
ถ้วยล้างตา,ราคา 3.50 บาท
MEGA REGENEZ (3X10's),ราคา 302.00 บาท
VISTRA BON ACTIV BIO CALCIUM L-THREONATE 750 mg 30's,ราคา 360.00 บาท
BIO ZINC PLUS 90's,ราคา 245.00 บาท
อภัยภูเบศร ยาน้ำแก้ไอผสมมะขามป้อม 60 ml,ราคา 17.00 บาท
COLOSURE โคลอชัวร์ 400 g,ราคา 400.00 บาท
MYDERM QUAD cream 15 g (T.MAN),ราคา 49.50 บาท
BURNOVA GEL PLUS DRAGON BLOOD 20 g,ราคา 68.00 บาท
BURNOVA GEL PLUS DRAGON BLOOD 50 g,ราคา 134.00 บาท
FURANO เม็ดฟู่ทำความสะอาด กลิ่นมิ้นท์ กล่อง 24's,ราคา 84.50 บาท
TIGERPLAST ANIMAL KINGDOM พลาสเตอร์ปิดแผล (19x55mm) จำนวน 8 ชิ้น x 10 ซอง,ราคา 118.00 บาท
TIGERPLAST พลาสเตอร์ปิดแผล สีเนื้อ (19x72mm) จำนวน 10 ชิ้น x 10 ซอง,ราคา 108.00 บาท
SOS Plus พลาสเตอร์ผ้าก๊อซสีเนื้อ ปิดแผล รุ่น SB (12x12cm) 2 แผ่น/กล่อง,ราคา 39.00 บาท
SOS Plus พลาสเตอร์ผ้าก๊อซสีเนื้อ ปิดแผล รุ่น SB (9x15cm) 3 แผ่น/กล่อง,ราคา 56.00 บาท
SOS Plus พลาสเตอร์ผ้าก๊อซสีเนื้อ ปิดแผล รุ่น SB (8x8cm) 3 แผ่น/กล่อง,ราคา 34.00 บาท
โฟมอุดหูลดเสียง 1 คู่/กล่อง (3M),ราคา 15.00 บาท
SOS Plus พลาสเตอร์ใส ปิดแผล กันน้ำ รุ่น T-series (10x20cm) 2 แผ่น/กล่อง,ราคา 71.00 บาท
TIGERPLAST พลาสเตอร์ปิดแผล ชนิดผ้า (19x72mm) จำนวน 10 ชิ้น x 10 ซอง,ราคา 114.00 บาท
BRINIDIN 0.15% EYE Drops 5 ml (Millimed),ราคา 228.00 บาท
จุกล้างจมูก คลีนนาซอล KLEANASAL 2 ชิ้น (Longmed),ราคา 22.00 บาท
TIGERPLAST ZOO PARTY พลาสเตอร์ปิดแผล (19x56mm) จำนวน 10 ซอง x 8 ชิ้น,ราคา 138.00 บาท
บริษัท วรมิตร ดรัก เซ็นเตอร์ จำกัด,
ติดต่อเราได้ที่,
DUOFLOW 30's,"ราคา 1,050.00 บาท"
F-MIN 5 mg 100X10's (PATAR),ราคา 215.00 บาท
PROPOLIZ VIT C Chewy 10X8's (T.MAN),ราคา 155.00 บาท
อภัยภูเบศร เม้าท์ สเปรย์ มีส่วนผสมของสารสกัดฟ้าทะลายโจร 15 ml,ราคา 67.00 บาท
VITAMIN E Cream 20 g (MEDMAKER),ราคา 55.50 บาท
U-REPAIR INTENSIVE Cream 30 g (MEDMAKER),ราคา 75.00 บาท
M-SOFT Cream 50 g (MEDMAKER),ราคา 106.00 บาท
VISTRA VITAL-PRO DAILY COMPLETE PROBIOTICS 30's,ราคา 515.00 บาท
DULCOLAX 5 mg 10X10's (SANOFI),ราคา 287.00 บาท
PREGNANCY TEST STRIP ชุดตรวจสอบการตั้งครรภ์ แบบจุ่ม 1 ชุด/กล่อง (Longmed),ราคา 7.50 บาท
PREGNANCY TEST ชุดตรวจสอบการตั้งครรภ์ แบบหยด 1 ชุด/กล่อง (Longmed),ราคา 13.00 บาท
PREGNANCY TEST MIDSTREAM ชุดตรวจสอบการตั้งครรภ์ ด้ามปากกา 1 ชุด/กล่อง (Longmed),ราคา 27.00 บาท
VITAMIN E Cream 50 g (MEDMAKER),ราคา 109.00 บาท
EZB อีซีบี 10 mg 3X10's (Millimed),ราคา 335.00 บาท
U-REPAIR Cream 30 g (MEDMAKER),ราคา 64.00 บาท
ALBUMIN โปรตีนไข่ขาว ชนิดเม็ด 90's,ราคา 445.00 บาท
LAZINE 5 mg 1X10's (Hetero),ราคา 45.00 บาท
ZARIUS Syrup กลิ่นแบล็คเคอแรนท์ 60 ml,ราคา 68.00 บาท
INAL Syrup กลิ่นสละ 60 ml (Macrophar),ราคา 74.00 บาท
GOLDEN THROAT Lozenge ลูกอม โกลเด้น โธรท โลเซ็น 12's,ราคา 32.00 บาท
VICKS VAPORUB Ointment 100 g,ราคา 325.00 บาท
SALDA INHALE 20X2.5ml/กล่อง (Millimed),ราคา 208.00 บาท
SUU BALM BODY CARE MOISTURISER Cream 45 ml,ราคา 270.00 บาท
SIAMIDINE 200 mg 10X10's (SIAM),ราคา 100.00 บาท
OPTIVE UD EYE Drops น้ำตาเทียม 30X0.4ml/กล่อง,ราคา 269.00 บาท
HY-C VITAMIN C 50 mg กลิ่นสตรอเบอร์รี่ 36X20's/กล่อง,ราคา 305.00 บาท
HY-C VITAMIN C 50 mg กลิ่นองุ่น 36X20's/กล่อง,ราคา 305.00 บาท
HY-C VITAMIN C 50 mg กลิ่นส้ม 36X20's/กล่อง,ราคา 305.00 บาท
NEOCA GARCININ Effervescent 10's (Millimed),ราคา 78.00 บาท
BACOTAN FC 10 mg 50x10's (TO),ราคา 540.00 บาท
SULBUTA-N Solution 20 ml,ราคา 95.00 บาท
DIFFCOF Dual Action Chesty Cough Syrup กลิ่นสตรอเบอร์รี่ 200 ml,ราคา 0.00 บาท
ARCONA 120 mg (1X6's),ราคา 55.00 บาท
PARACETAMOL 500 mg 50X10's (PATAR),ราคา 155.00 บาท
VESOPH EYE-EAR Drops 5 ml,ราคา 20.00 บาท
VISTRA IMU-PRO ELDERBERRY PLUS BIO MULTIVITAMIN 120 ml,ราคา 215.00 บาท
VISTRA IMU-PRO VITAMIN C 120 mg Lozenges 100's,ราคา 98.00 บาท
TRANCEL TEAR EYE Drops น้ำตาเทียม 30X0.8ml/กล่อง (Millimed),ราคา 211.00 บาท
TIGER BALM Lotion 80 ml,ราคา 146.00 บาท
OREX ALCOHOL STERIPAD แผ่นชุบแอลกอฮอล์ 200 ซอง/กล่อง,ราคา 188.00 บาท
บริษัท วรมิตร ดรัก เซ็นเตอร์ จำกัด,
ติดต่อเราได้ที่,
DOSANAC 50 mg 10X10's (SIAM),ราคา 260.00 บาท
NOVOFINE 32G 4 mm 100 ชิ้น/กล่อง,ราคา 709.00 บาท
PROVAMED ANTI-MELASMA ADVANCED Serum 15 ml,ราคา 310.00 บาท
AVAFAST 60 mg 1X10's (Millimed),ราคา 26.00 บาท
DOSANAC 25 mg 10X10's (SIAM),ราคา 138.00 บาท
DERMAMAN Cream 25 g (T.MAN),ราคา 26.00 บาท
ETORICOXIB 90 mg 1X10's (SANDOZ),ราคา 146.00 บาท
CRESTATIN 20 mg 3X10's (POLIPHARM),ราคา 285.00 บาท
RHINOTAPE POROUS (1 inch x 10 yds) 12 ม้วน/กระบอก,ราคา 420.00 บาท
DENTAL WAX เดนทอล แว็ก ขี้ผึ้งสำหรับคนจัดฟัน,ราคา 52.00 บาท
NASO Spray 140 metered sprays (BERLIN),ราคา 440.00 บาท
PROZONE 50X10's (AU),ราคา 240.00 บาท
PHARMICA LINIMENT Spray 60 ml,ราคา 135.00 บาท
BLACKMORES BIO C GLUTA IMU+ 30's,ราคา 500.00 บาท
GAVISCON DOUBLE ACTION MINT กาวิสคอน มิ้นต์ 12 ซอง/กล่อง,ราคา 320.00 บาท
GLUCO ONE BG-03 TEST STRIPS 25 ชิ้น/กล่อง,ราคา 175.00 บาท
PALOC Lotion 30 ml (PATAR),ราคา 16.50 บาท
SOS Plus แผ่นแปะร้อน แก้ปวด (10.5X15.5cm) 12 ซอง/กล่อง,ราคา 325.00 บาท
PATARGESIC 50X10's (PATAR),ราคา 280.00 บาท
PARA GPO 500 mg (50X10's),ราคา 360.00 บาท
PLAIVANA Cream ไพลวาน่า 100 g (BKD),ราคา 196.00 บาท
ZYNO 0.1% Cream 15 g (BKD),ราคา 32.00 บาท
HOFMAX 250 mg 1X6's (Pharmahof),ราคา 60.00 บาท
ZYDON Syrup 60 ml,ราคา 23.00 บาท
SOS Plus CO-ADHESIVE BANDAGE (2 inch x 5 yds) 1 ม้วน/กล่อง,ราคา 50.00 บาท
CATHERINE กลิ่นวนิลลา 32 ซอง/กล่อง,ราคา 99.50 บาท
เซินโจวเจียวหนัง 6 เม็ด/กล่อง,ราคา 155.00 บาท
HOFERGOT 1X10's (Pharmahof),ราคา 26.00 บาท
ยาดมสมุนไพร สูตร 1 ตราหงส์ไทย 12X3ml/โหล,ราคา 320.00 บาท
MUCOCIN 100X10's (Medicpharma),ราคา 135.00 บาท
ANTERGAN Cream 25 g (TNP),ราคา 50.50 บาท
KINTAL B 25X10's (CPL),ราคา 370.00 บาท
IBUTAMOL 10X10's (FRX),ราคา 165.00 บาท
I FEN F 400 mg 50X10's (PATAR),ราคา 420.00 บาท
HECIN-F Cream 30 g,ราคา 52.00 บาท
NASAL CONNECT อุปกรณ์ต่อขวดล้างจมูก (ANB),ราคา 84.00 บาท
COLD HOT PACK HOSPRO Size S (15x7cm) 1 ชิ้น/กล่อง,ราคา 70.00 บาท
PROVAMED BIO-PEPTIDE ANTI ACNE ไบโอ-เปปไทด์ ลดสิว 40 ml,ราคา 305.00 บาท
SOS Plus ALCOHOL PREP PAD 200 แผ่น/กล่อง,ราคา 175.00 บาท
DIFFCOF Chesty Cough Syrup กลิ่นเฟอเรสต์ฟรุต 200 ml,ราคา 113.00 บาท
บริษัท วรมิตร ดรัก เซ็นเตอร์ จำกัด,
ติดต่อเราได้ที่,
ONE GERD วันเกิร์ด 12X10ml (RX),ราคา 122.00 บาท
ONE GERD วันเกิร์ด 150 ml (RX),ราคา 140.00 บาท
อุทัยทิพย์ ตรากิเลน 15 ml,ราคา 36.00 บาท
PATAR-CAP 10X10's (PATAR),ราคา 78.00 บาท
MUCOTIC 200 mg 50 ซอง/กล่อง (BLHUA),ราคา 134.75 บาท
ยาดม ตราพาสเทล ชนิดพกพา 12 หลอด/โหล,ราคา 216.00 บาท
I-KIDS HONEY COLA POPS ลูกอมน้ำผึ้ง กลิ่นโคล่า 10 ซอง/กล่อง,ราคา 100.00 บาท
Infrared Thermometer เครื่องวัดอุณหภูมิอินฟราเรด Bluedot 2in1 รุ่น B-FT102 BT,ราคา 830.00 บาท
CARBOTIN 500 mg (20X10's),ราคา 415.00 บาท
PROPOLIZ KID Spray 10 ml (T.MAN),ราคา 80.00 บาท
ยาดมสมุนไพร ตรามังกรทอง 12 ขวด/โหล,ราคา 260.00 บาท
ยาดมผสมสมุนไพร ตราแม่กุหลาบห้าม้า 12 ขวด/โหล,ราคา 240.00 บาท
SOS Plus พลาสเตอร์ พลาสติกใส รุ่น PC1 - 100 แผ่น/กล่อง,ราคา 50.50 บาท
COLD HOT PACK HOSPRO Size M (25x11cm) 1 ชิ้น/กล่อง,ราคา 82.00 บาท
REBAC Gel 15 g (BIOPHARM),ราคา 572.00 บาท
MYFLOXIN 400 mg 20X8's (GREATER),ราคา 250.00 บาท
เครื่องพ่นยา BEURER รุ่น IH18,"ราคา 1,450.00 บาท"
MASK YAMADA หน้ากากอนามัย SUPER BLACK 3030 5 ชิ้น/ห่อ,ราคา 17.00 บาท
MASK MEDMASK 3D KF94 หน้ากากอนามัย สีขาว 25 ชิ้น/กล่อง,ราคา 80.00 บาท
MASK YAMADA หน้ากากอนามัยคาร์บอน 3040 5 ชิ้น/ห่อ,ราคา 15.00 บาท
ตลับยารายวัน 7 ช่อง,ราคา 62.00 บาท
Digital Thermometer ปรอทวัดไข้ดิจิตอล ปลายอ่อน รุ่น DMT-4336 YAMADA,ราคา 75.00 บาท
I-KIDS HONEY LIME POPS ลูกอมน้ำผึ้ง กลิ่นน้ำผึ้งมะนาว 10 ซอง/กล่อง,ราคา 100.00 บาท
BETALOL 10 mg 10X10's (BERLIN),ราคา 55.00 บาท
ATOZIN 250 mg 1X6's (Millimed),ราคา 49.00 บาท
ELLEZIN 5 mg 1X10's (Millimed),ราคา 51.00 บาท
ZOLOFT ODT 50 mg 30's (VIATRIS),"ราคา 1,245.00 บาท"
PROVAMED SCARZONE ULTRA 10 g,ราคา 135.00 บาท
SOS Plus พลาสเตอร์ใสกันน้ำ ปิดแผล รุ่น T-series ขนาดมินิ 10 แผ่น/กล่อง,ราคา 23.00 บาท
ALCOHOL UTA SPRAY 250 ml,ราคา 75.00 บาท
CERAVE FOAMING CLEANSER Gel 88 ml,ราคา 192.00 บาท
PLU-LIS REFRESHING MOUTH Spray 15 ml,ราคา 115.00 บาท
PLU-LIS KIDS REFRESHING MOUTH Spray 15 ml,ราคา 118.00 บาท
VITAMIN C 1000 mg 60's (Millimed),ราคา 215.00 บาท
I-KIDS HONEY ELDERBERRY POPS ลูกอมน้ำผึ้ง กลิ่นเอลเดอร์เบอร์รี่ 10 ซอง/กล่อง,ราคา 100.00 บาท
I-KIDS HONEY SALA LIME POPS ลูกอมน้ำผึ้ง กลิ่นสละไลม์ 10 ซอง/กล่อง,ราคา 100.00 บาท
เครื่องวัดความดัน OMRON รุ่น HEM-7124,"ราคา 1,080.00 บาท"
C-MIN 25 mg ซีมิน วิตามินซี เม็ดเคี้ยว กลิ่นส้ม 40X25's/กล่อง,ราคา 145.00 บาท
C-MIN 25 mg ซีมิน วิตามินซี เม็ดเคี้ยว กลิ่นองุ่นแดง 40X25's/กล่อง,ราคา 145.00 บาท
C-MIN 25 mg ซีมิน วิตามินซี เม็ดเคี้ยว กลิ่นสตรอเบอร์รี่ 40X25's/กล่อง,ราคา 145.00 บาท
บริษัท วรมิตร ดรัก เซ็นเตอร์ จำกัด,
ติดต่อเราได้ที่,
DERMATIX WOUND CARE 20 g,ราคา 203.00 บาท
MONTULAIR Granules 4 mg 28 ซอง/กล่อง,ราคา 390.00 บาท
BELLA PARA 500 mg 10X10's (Interpharma),ราคา 90.00 บาท
C-MIN 25 mg ซีมิน วิตามินซี เม็ดเคี้ยว กลิ่นสับปะรด 20X25's/กล่อง,ราคา 64.00 บาท
C-MIN 25 mg ซีมิน วิตามินซี เม็ดเคี้ยว กลิ่นส้ม 20X25's/กล่อง,ราคา 64.00 บาท
C-MIN 25 mg ซีมิน วิตามินซี เม็ดเคี้ยว กลิ่นสตรอเบอรร์รี่ 20X25's/กล่อง,ราคา 64.00 บาท
HYOSCINE BM 10 mg 50X10's (PATAR),ราคา 595.00 บาท
T.MAN-LAX 5 mg 1000's (T.MAN),ราคา 275.00 บาท
C-MIN 50 mg ซีมิน วิตามินซี เม็ดเคี้ยว กลิ่นส้ม 10X100's/กระปุก,ราคา 102.00 บาท
C-MIN 50 mg ซีมิน วิตามินซี เม็ดเคี้ยว กลิ่นสับปะรด 10X100's/กระปุก,ราคา 102.00 บาท
ONCE RENAL วันซ์ รีนอล กลิ่นนม 400 g (OTSUKA),ราคา 305.00 บาท
SOS Plus GAUZE DRESSINGS รุ่น G3 (10x10cm) 10 ชิ้น/กล่อง,ราคา 112.00 บาท
FURANO เม็ดฟู่ทำความสะอาด กลิ่นกุหลาบ กล่อง 24's,ราคา 84.50 บาท
TIGERPLAST KNEE EXTRA COMFORT SUPPORT Size XL อุปกรณ์พยุงเข่า,ราคา 250.00 บาท
TIGERPLAST KNEE EXTRA COMFORT SUPPORT Size L อุปกรณ์พยุงเข่า,ราคา 215.00 บาท
TIGERPLAST KNEE EXTRA COMFORT SUPPORT Size M อุปกรณ์พยุงเข่า,ราคา 215.00 บาท
TIGERPLAST KNEE EXTRA COMFORT SUPPORT Size S อุปกรณ์พยุงเข่า,ราคา 215.00 บาท
SALONPAS Cream 30 g,ราคา 41.50 บาท
เครื่องวัดความดัน MEDISANA รุ่น BU-512,"ราคา 1,046.00 บาท"
ETOMED 120 mg 3X10's (Medicpharma),ราคา 175.00 บาท
TRIO-B 3X10's (PATAR),ราคา 79.00 บาท
TIGER BALM FEVER PATCH 6 แผ่น/กล่อง,ราคา 84.00 บาท
FURANO เม็ดฟู่ทำความสะอาด กลิ่นชาเขียว กล่อง 24's,ราคา 84.50 บาท
PREGNANCY TEST MOYIN ชุดตรวจสอบการตั้งครรภ์ ชนิดหยด 1 ชุด/กล่อง,ราคา 22.50 บาท
PREGNANCY TEST MOYIN ชุดตรวจสอบการตั้งครรภ์ ชนิดจุ่ม 1 ชุด/กล่อง,ราคา 11.00 บาท
ESSENTIALE FORTE 300 mg 90's (SANOFI),ราคา 994.00 บาท
DESTA Syrup 60 ml (Macrophar),ราคา 98.00 บาท
HEMOLON 3X10's (GREATER),ราคา 135.00 บาท
BICAHIS 20 mg 1X10's (UNISON),ราคา 78.00 บาท
DESLORA 5 mg 1X10's (Medicpharma),ราคา 39.00 บาท
CREON 150 mg 1X10's (Abbott),ราคา 210.00 บาท
MUCOFLEX Syrup 60 ml (CMED),ราคา 29.00 บาท
PATARTIM PAEDIATRIC Syrup 60 ml (PATAR),ราคา 16.00 บาท
PREGABALIN 25 mg 56's (TEVA),ราคา 335.00 บาท
"REDOXON C,D PLUS ZINC รสส้ม 15's/หลอด (BAYER)",ราคา 150.00 บาท
LESCILON 1X28's (Pharmahof),ราคา 88.00 บาท
LESCILON 1X21's (Pharmahof),ราคา 88.00 บาท
ALLERDRYL Cream 20 g (GREATER),ราคา 34.75 บาท
RONTIN 300 mg 10X10's (BIOPHARM),ราคา 340.00 บาท
ยาธาตุ ๔ ตรากิเลน 450 ml,ราคา 67.50 บาท
บริษัท วรมิตร ดรัก เซ็นเตอร์ จำกัด,
ติดต่อเราได้ที่,
ASMASAL SDU 21X2.5ml/กล่อง (TEVA),ราคา 320.00 บาท
RHINOBUN ไรโนบัน พลาสเตอร์ยาบรรเทาปวด สูตรเย็น 5 ซอง (2ชิ้น/ซอง),ราคา 133.00 บาท
แผ่นประคบร้อนไฟฟ้า BEURER รุ่น HK44 (50x30cm),"ราคา 1,580.00 บาท"
VISTRA MOVFLEX 1500 mg Powder 30 ซอง/กล่อง,ราคา 315.00 บาท
MEGA MULTIZYME (1X4's),ราคา 60.00 บาท
REBAC Gel 5 g (BIOPHARM),ราคา 282.00 บาท
CERAVE EYE REPAIR Cream 14 ml,ราคา 435.00 บาท
CERAVE FACIAL MOISTURISING Lotion 52 ml,ราคา 460.00 บาท
CERAVE SKIN RENEWING VITAMIN C Serum 30 ml,ราคา 655.00 บาท
CERAVE BLEMISH CONTROL Gel 40 ml,ราคา 458.00 บาท
CERAVE FOAMING CLEANSER Gel 236 ml,ราคา 360.00 บาท
CERAVE HYDRATING CLEANSER 473 ml,ราคา 450.00 บาท
CERAVE SA SMOOTHING CLEANSER 236 ml,ราคา 395.00 บาท
CERAVE FOAMING CLEANSER Gel 473 ml,ราคา 520.00 บาท
CERAVE HYDRATING CLEANSER 236 ml,ราคา 320.00 บาท
CERAVE HYDRATING CREAM TO FOAM CLEANSER 236 ml,ราคา 405.00 บาท
CERAVE REPARATIVE HAND Cream 50 ml,ราคา 186.00 บาท
CERAVE MOISTURISING Cream 48 g,ราคา 165.00 บาท
CERAVE HYDRATING CREAM TO FOAM CLEANSER 100 ml,ราคา 215.00 บาท
CERAVE MOISTURISING Lotion 88 ml,ราคา 195.00 บาท
CERAVE HYDRATING Cleanser 88 ml,ราคา 155.00 บาท
CERAVE HYDRATING HYALURONIC ACID Serum 30 ml,ราคา 515.00 บาท
CERAVE MOISTURISING Cream 454 g,ราคา 595.00 บาท
OXETINE 20 mg 50X10's (PML),ราคา 8.00 บาท
FATEC Syrup 100 ml (Pharmahof),ราคา 42.00 บาท
เครื่องตรวจน้ำตาล GLUCO ONE รุ่น BG-03,ราคา 380.00 บาท
เกลือแร่ ซีร่า CERA กลิ่นผลไม้รวม 10X25g/กล่อง (CMED),ราคา 45.00 บาท
MEGA NAT CAL PLUS (3X10's),ราคา 538.00 บาท
เครื่องนวดไฟฟ้า OMRON รุ่น HV-F021,"ราคา 1,920.00 บาท"
เครื่องชั่งน้ำหนักสีน้ำเงิน 130 KG รุ่น BR9201 (2B),ราคา 285.00 บาท
อภัยภูเบศร ยาอมแก้ไอ ผสมมะขามป้อม สูตร 1 PACK 1X40'sX10 ซอง,ราคา 85.00 บาท
PLU-LIS MAX REFRESHING MOUTH Spray 15 ml,ราคา 118.00 บาท
ยาอมเซนฮามี่ 20 เม็ด/กล่อง,ราคา 35.00 บาท
PROPOLIZ VIT C Lozenge 10X8's (T.MAN),ราคา 150.00 บาท
อภัยภูเบศร ยาอมแก้ไอ ผสมมะขามป้อม สูตร 2 PACK 1X40'sX10 ซอง,ราคา 85.00 บาท
ASUMOL 120mg/5ml รสแอปเปิ้ล 60 ml (AU),ราคา 17.00 บาท
GINKGO 246 กิงโก 30's,ราคา 98.50 บาท
I FEN Syrup 60 ml (PATAR),ราคา 17.50 บาท
BELCID GERD Suspension 12X10ml (BIOPHARM),ราคา 120.00 บาท
LOCERYL NAIL Lacquer 2.5 ml,"ราคา 1,520.00 บาท"
บริษัท วรมิตร ดรัก เซ็นเตอร์ จำกัด,
ติดต่อเราได้ที่,
NEXCARE TRANSPORE เทปแต่งแผลชนิดใส (3 inch x 10 yds) 1 ม้วน/กล่อง - 3M,ราคา 60.00 บาท
MEDICET 5 mg 1X10's (Medicpharma),ราคา 54.00 บาท
PROVAMED ACNICLEAR MOISTURE Serum 30 g,ราคา 220.00 บาท
PROVAMED PRO-BALANCE UV SPF 50+,ราคา 260.00 บาท
SOS Plus CO-ADHESIVE BANDAGE (1 inch x 5 yds) 1 ม้วน/กล่อง,ราคา 28.50 บาท
SOS Plus CO-ADHESIVE BANDAGE (3 inch x 5 yds) 1 ม้วน/กล่อง,ราคา 62.00 บาท
FITT-C VITAMIN C 500 mg 3X10's (CMED),ราคา 95.00 บาท
PROVAMED SOLARIS FACE SPF 50+,ราคา 210.00 บาท
SYRINGE ไซริงค์แก้ว 50 ml,ราคา 192.00 บาท
BRUSTAN กล่อง (10x10's),ราคา 165.00 บาท
ยาน้ำแก้ไอ ตราไอ-เฮิร์บ โอทีซี i-HERB 60 ml,ราคา 21.00 บาท
ชุดตรวจโควิด TEST COVID-19 HIP BIOtech 2in1 ATK (ตรวจน้ำลาย/โพรงจมูก),ราคา 19.00 บาท
OILEZZ 1X22's,ราคา 240.00 บาท
SIAMIDINE 400 mg 10X10's (SIAM),ราคา 133.00 บาท
ASCEE Lozenge 500 mg 15's (BLHUA),ราคา 33.00 บาท
MOXXO DRY Syrup (125mg/5ml) 60 ml,ราคา 21.00 บาท
BISOLVON Tablets 10X10' (SANOFI),เหลือ 475.00 บาท
MOXXO FORTE DRY Syrup (250mg/5ml) 60 ml,ราคา 32.00 บาท
เกลือแร่ รอแยลดี ROYAL-D รสส้ม 10X25g/กล่อง,ราคา 38.00 บาท
GOGAZ 5X10's/แพ็ก (MEGA),ราคา 160.00 บาท
LORSEDIN 10 mg 10X10's (SIAM),ราคา 162.00 บาท
SINGKAST 4 mg Chewable 28's,ราคา 460.00 บาท
MUCOSOLVAN 30 mg 10X10's (SANOFI),ราคา 570.00 บาท
PROVAMED SCAR SILICONE 10 g,ราคา 238.00 บาท
ไม้เท้าขาเดียวพับได้,ราคา 440.00 บาท
BOOST FIBER ผสม 3 ใยอาหาร 800 g (Nestle),ราคา 778.00 บาท
BETALOL 40 mg 10X10's (BERLIN),ราคา 80.00 บาท
MASK G-LUCKY 3D หน้ากากอนามัย สำหรับผู้ใหญ่ สีขาว 40 ชิ้น/กล่อง,ราคา 85.00 บาท
CLINICOLD 50X10's (BKD),ราคา 13.50 บาท
PROVAMED ACEROLA C WHIP FOAM 80 g,ราคา 80.00 บาท
CLINICOF 10's (BKD),ราคา 17.00 บาท
RHINOPORE FIRST AID TAPE (1 inch x 5 yds) 1 ม้วน,ราคา 27.50 บาท
ELASTIC BANDAGE RSC 2 inch ผ้าพันเคล็ด 12 ม้วน/โหล,ราคา 80.00 บาท
ELASTIC BANDAGE RSC 3 inch ผ้าพันเคล็ด 12 ม้วน/โหล,ราคา 120.00 บาท
ELASTIC BANDAGE RSC 4 inch ผ้าพันเคล็ด 12 ม้วน/โหล,ราคา 160.00 บาท
EUCALYPTUS Spray 300 ml ตราจิงโจ้ (รุ่นแพ็ก),ราคา 395.00 บาท
ยาน้ำมันเลียงผา ตราแม่กุหลาบ 20 ml,ราคา 80.00 บาท
MYOPAS 100X10's (T.MAN),ราคา 460.00 บาท
MILTEAR EYE Drops น้ำตาเทียม 10 ml (Millimed),ราคา 68.00 บาท
MELLUTEAR EYE Drops น้ำตาเทียม 30X0.4ml/กล่อง (Millimed),ราคา 210.00 บาท
บริษัท วรมิตร ดรัก เซ็นเตอร์ จำกัด,
ติดต่อเราได้ที่,
ไวท์ฟาร์ม นมอัดเม็ด กลิ่นสตรอเบอร์รี่ 10 ซอง/กล่อง,ราคา 80.00 บาท
AQUA MARIS NASAL Spray 20 ml (FRX),ราคา 255.00 บาท
MUCOLID SF 600 mg 30X7g/กล่อง (GREATER),ราคา 320.00 บาท
CHALKCAP 1000 mg (10X10's),ราคา 175.00 บาท
DIMENHYDRINATE 100X10's (NL),ราคา 250.00 บาท
ถ้วยทองโอสถ ยาดมกลิ่นลาเวนเดอร์ 12 หลอด/โหล,ราคา 175.00 บาท
ถ้วยทองโอสถ ยาดมกลิ่นเลมอน 12 หลอด/โหล,ราคา 175.00 บาท
ยาดม ตราอินโน 12X2g/โหล,ราคา 320.00 บาท
TIGER BLAM ยาน้ำมันตราเสือ 28 ml,ราคา 88.00 บาท
DEHEC-Z Syrup 60 ml (Macrophar),ราคา 78.00 บาท
ESLORAY Syrup 60 ml (Meiji),ราคา 136.00 บาท
ALLORA Syrup 60 ml,ราคา 60.00 บาท
CYSTALINE 600 mg 10's (Millimed),ราคา 110.00 บาท
ASUMOL 120mg/5ml รสส้ม 60 ml (AU),ราคา 17.00 บาท
ASUMOL 120mg/5ml รสสตรอเบอร์รี่ 60 ml (AU),ราคา 19.50 บาท
IBO Suspension 60 ml (CMED),ราคา 20.00 บาท
AMYN 500 mg 10X10's/กล่อง,ราคา 175.00 บาท
CANDINOX Cream 20 g (CBLAB),ราคา 44.00 บาท
AVAFAST 180 mg 1X10's (Millimed),ราคา 60.00 บาท
LEVOCETIN 5 mg 1X10's (BIOPHARM),ราคา 55.00 บาท
PEPDENAL 40 mg 20X10's (Macrophar),ราคา 225.00 บาท
AMK 1000 mg 10X10's (RX),ราคา 975.00 บาท
TIGER MOSQUITO สเปรย์กันยุง 120 ml (TIGER BALM),ราคา 96.00 บาท
CLOTHASONE-D Cream 15 g,ราคา 40.00 บาท
FLOXY 0.3% EAR Drops 5 ml (Millimed),ราคา 190.00 บาท
น้ำมันเหลือง สูตรไพล ตราแม่กุหลาบ 20 ml,ราคา 80.00 บาท
BRAND'S ซุปไก่สกัด 39 ml,ราคา 365.00 บาท
BRAND'S ซุปไก่สกัด 65 ml,ราคา 565.00 บาท
ยาน้ำสมุนไพรผสมเขากวางอ่อน ตราทวิน 500 ml,ราคา 262.00 บาท
ครีมยาบรรเทาปวด ตรามวย 60 g,ราคา 59.00 บาท
FLORACTO 2X7's (SANDOZ),ราคา 126.00 บาท
ยาหม่องผสมเสลดพังพอน สูตร 2 ตราวังพรม 12X20g/โหล,ราคา 389.00 บาท
น้ำมันเขียวผสมเสลดพังพอน สูตรเย็น ตราวังพรม 20 ml,ราคา 56.00 บาท
น้ำมันเหลืองผสมไพล สูตรเย็น ตราวังพรม 20 ml,ราคา 56.00 บาท
BENZYL BENZOATE เบนซิล เบนโซเอต 12X30ml ตราเสือดาว,ราคา 182.00 บาท
PURIDINE 12X30ml (ศิริบัญชา),ราคา 195.00 บาท
AMMONIA แอมโมเนียหอม 450 ml (วิทยาศรม),ราคา 120.00 บาท
BETAMED SURGICAL SCRUB 450 ml (Medicpharma),ราคา 112.00 บาท
MASK G-LUCKY 3D KIDS หน้ากากอนามัย สำหรับเด็ก สีขาว 40 ชิ้น/กล่อง,ราคา 85.00 บาท
MASK G-LUCKY 3D KIDS หน้ากากอนามัย สำหรับเด็ก สีชมพู 40 ชิ้น/กล่อง,ราคา 85.00 บาท
บริษัท วรมิตร ดรัก เซ็นเตอร์ จำกัด,
ติดต่อเราได้ที่,
AMBRONC 30 mg 10X10's (BLHUA),ราคา 43.00 บาท
CANDINOX Cream 10 g (CBLAB),ราคา 30.00 บาท
POLIDENT PRO RETAINER 30's (GSK),ราคา 148.00 บาท
HICEE 100 mg 50's (TAKEDA),ราคา 57.50 บาท
IBUCAP 400 mg 1X10's (Millimed),ราคา 45.50 บาท
BLACKMORES BIO C ACEROLA PLUS 1500 mg PACK 2X40's,ราคา 345.00 บาท
HYATEAR EYE Drops น้ำตาเทียม 20X0.3ml/กล่อง (Millimed),ราคา 242.00 บาท
ENTRASOL PLATINUM 400 g กลิ่นวานิลลา (BIOPHARM),ราคา 285.00 บาท
COUNTERPAIN PLASTER COOL สูตรเย็น 10X4ชิ้น,ราคา 550.00 บาท
COUNTERPAIN PLASTER WARM สูตรร้อน 10X4 ชิ้น,ราคา 550.00 บาท
G-SURE PLUS No.M ผ้าอ้อมผู้ใหญ่ 11 ชิ้น/ห่อ,ราคา 260.00 บาท
G-SURE PLUS No.L ผ้าอ้อมผู้ใหญ่ 18 ชิ้น/ห่อ,ราคา 420.00 บาท
G-SURE PLUS No.M ผ้าอ้อมผู้ใหญ่ 10 ชิ้น/ห่อ,ราคา 115.00 บาท
G-SURE PLUS No.M ผ้าอ้อมผู้ใหญ่ 28 ชิ้น/ห่อ,ราคา 295.00 บาท
DOMPERDONE Suspension 30 ml (POLIPHARM),ราคา 15.50 บาท
LANZAAR 50 mg 10X10's (BERLIN),ราคา 205.00 บาท
DIFFLIS HERBAL MOUTH Spray 15 ml,ราคา 108.00 บาท
AMMELTZ แผ่นประคบร้อน สำหรับปวดประจำเดือน,ราคา 26.00 บาท
ONCE COMPLETE วันซ์ คอมพลีท กลิ่นนม 400 g (OTSUKA),ราคา 362.00 บาท
ENSURE GOLD 400 g สูตรใหม่ HMB กลิ่นวานิลลา (Abbott),ราคา 480.00 บาท
BELCID GERD Suspension 150 ml (BIOPHARM),ราคา 170.00 บาท
VITAMIN C 500 mg 50X2ml/กล่อง (ATC),ราคา 265.00 บาท
ยาเขียวสามฤดู ชนิดเม็ด ตราปลาคู่,ราคา 145.00 บาท
PHARMICA DICLOFENAC Gel 50 g,ราคา 52.00 บาท
ACTAVIA 0.1% NASAL Spray 60 sprays (SPS),ราคา 78.00 บาท
COLD & ALLERGY NASAL Spray 20 ml (BERICH),ราคา 100.00 บาท
MIGRANO 1X10's (POLIPHARM),ราคา 21.50 บาท
DERMAXEL 10% Cream 30 g,ราคา 51.50 บาท
RANCLAV 1 g (3X4's),ราคา 80.00 บาท
LANZAAR 100 mg 10X10's (BERLIN),ราคา 310.00 บาท
KLOBECORT MILKY Lotion 30 g (MEDMAKER),ราคา 102.00 บาท
STARMOL 500 mg 100's,ราคา 56.00 บาท
RHINOPLAST พลาสเตอร์ผ้า ปิดแผล 100 แผ่น/กล่อง,ราคา 33.00 บาท
RHINOPLASTIC พลาสเตอร์พลาสติกสีเนื้อ ปิดแผล 100 แผ่น/กล่อง,ราคา 48.00 บาท
RHINOPLASTIC พลาสเตอร์พลาสติกใส ปิดแผล 100 แผ่น/กล่อง,ราคา 44.00 บาท
RHINOTAPE POROUS (1/2 inch x 10 yds) สีน้ำตาล,ราคา 26.00 บาท
RHINOTAPE POROUS (1 inch x 5 yds) สีน้ำตาล,ราคา 26.00 บาท
RHINOPORE FIRST AID TAPE (1/2 inch x 2.5 yds) 12 ม้วน/กล่อง,ราคา 85.00 บาท
RHINOPORE FIRST AID TAPE (1 inch x 10 yds) 1 ม้วน,ราคา 34.50 บาท
RHINOTAPE POROUS (1/2 inch x 10 yds) สีขาว,ราคา 26.00 บาท
บริษัท วรมิตร ดรัก เซ็นเตอร์ จำกัด,
ติดต่อเราได้ที่,
RHINOTAPE POROUS (1 inch x 5 yds) สีขาว,ราคา 26.00 บาท
ByeBye FEVER Babies 4 แผ่น/กล่อง,ราคา 64.00 บาท
SOS Plus พลาสเตอร์สำหรับปิดหูด ตาปลา 4 ชิ้น/กล่อง,ราคา 40.00 บาท
Digital Thermometer ปรอทวัดไข้ดิจิตอล รุ่น MT650 Microlife,ราคา 92.00 บาท
MAGESTO-F 50X10's (TAKEDA),ราคา 518.00 บาท
THERMA PLAST แผ่นประคบร้อน เทอร์ม่า พลาสท์ ปิดหลัง 3 ชิ้น/กล่อง,ราคา 98.00 บาท
THERMA PLAST แผ่นประคบร้อน เทอร์ม่า พลาสท์ ปิดบ่า 3 ชิ้น/กล่อง,ราคา 125.00 บาท
SMECTAGO 3 g 12X10ml,ราคา 320.00 บาท
TOPICORTE 0.25% Cream 5 g,ราคา 57.00 บาท
AUTO Suspension 30 ml (PATAR),ราคา 12.50 บาท
ไม้เท้าค้ำยันอลูมิเนียม No.M (YADA),ราคา 475.00 บาท
ENSURE GOLD 800 g สูตรน้ำตาลลดลง 18% กลิ่นวานิลลา (Abbott),ราคา 865.00 บาท
ชุด PPE 70 แกรม Size L,ราคา 220.00 บาท
ชุด PPE 70 แกรม Size XL,ราคา 220.00 บาท
MASK หน้ากากอนามัย X-MASK สีเขียว 50 ชิ้น/กล่อง,ราคา 40.00 บาท
VIBEE B1-6-12 10X10's (BIOPHARM),ราคา 235.00 บาท
COLD HOT GEL PACK เอ็กซ์เตอร์ 1 ชิ้น/กล่อง,ราคา 96.00 บาท
BANNER HI-B FISH OIL 60's,ราคา 445.00 บาท
BANNER SOY PROTEIN+LECITHIN 60's,ราคา 348.00 บาท
CANESBALANCE VAGINAL Gel 7X5ml (BAYER),ราคา 289.00 บาท
HOTTA ขิงเข้มข้น 126 g 14 ซอง,ราคา 99.00 บาท
Digital Thermometer ปรอทวัดไข้ดิจิตอล รุ่น YT311 Yuwell,ราคา 175.00 บาท
SYNOVITS Syrup 60 ml (OSi),ราคา 32.00 บาท
ใบมีดผ่าตัดคาร์บอน TECHNO CUT 11 รุ่น M2-21-11 (2B),ราคา 265.00 บาท
ใบมีดผ่าตัดคาร์บอน TECHNO CUT 15 รุ่น M2-21-15 (2B),ราคา 265.00 บาท
COMBIF AR 1X10's,ราคา 174.00 บาท
ByeBye FEVER SUPER COOL 6 แผ่น/กล่อง,ราคา 74.00 บาท
MEPAGYL 400 mg 1X10's (TNP),ราคา 28.00 บาท
ANALGIC 500 mg 25X10's (T.MAN),ราคา 280.00 บาท
ฟ้าทะลายโจรสกัด แอนดร็อกซิล 45's (KMP),ราคา 155.00 บาท
ที่ตัดยาพร้อมกล่อง รุ่น MB2004 (2B),ราคา 60.00 บาท
TIGERPLAST WRIST EXTRA COMFORT SUPPORT อุปกรณ์พยุงข้อมือ,ราคา 230.00 บาท
THERMA PLAST แผ่นประคบร้อน 3 ชิ้น/กล่อง,ราคา 98.00 บาท
TIGERPLAST CARIFIX STRETCH (10cmX1m) 1 ม้วน/กล่อง,ราคา 98.00 บาท
ENSURE GOLD 400 g สูตรใหม่ HMB กลิ่นสตรอเบอร์รี่ (Abbott),ราคา 438.00 บาท
ENSURE GOLD 400 g สูตรใหม่ HMB กลิ่นช็อกโกแลต (Abbott),ราคา 438.00 บาท
MASK MAG หน้ากากอนามัย สำหรับเด็ก สีเขียว 50 ชิ้น/กล่อง,ราคา 75.00 บาท
ซองยาสีชา ถุงพลาสติกซิปสีชา ขนาด 8x12 ซม.,ราคา 116.00 บาท
ซองยาสีชา ถุงพลาสติกซิปสีชา ขนาด 10x15 ซม.,ราคา 105.00 บาท
ซองยาสีชา ถุงพลาสติกซิปสีชา ขนาด 12x18 ซม.,ราคา 105.00 บาท
บริษัท วรมิตร ดรัก เซ็นเตอร์ จำกัด,
ติดต่อเราได้ที่,
ซองยาใส ถุงพลาสติกซิปใส ขนาด 4x6 ซม.,ราคา 110.00 บาท
ซองยาใส ถุงพลาสติกซิปใส ขนาด 5x7 ซม.,ราคา 110.00 บาท
ซองยาใส ถุงพลาสติกซิปใส ขนาด 6x8 ซม.,ราคา 108.00 บาท
ซองยาใส ถุงพลาสติกซิปใส ขนาด 7x10 ซม.,ราคา 108.00 บาท
ซองยาใส ถุงพลาสติกซิปใส ขนาด 8x12 ซม.,ราคา 108.00 บาท
ซองยาใส ถุงพลาสติกซิปใส ขนาด 9x13 ซม.,ราคา 105.00 บาท
ซองยาใส ถุงพลาสติกซิปใส ขนาด 10x15 ซม.,ราคา 108.00 บาท
ซองยาใส ถุงพลาสติกซิปใส ขนาด 12x17 ซม.,ราคา 105.00 บาท
ซองยาใส ถุงพลาสติกซิปใส ขนาด 15x23 ซม.,ราคา 108.00 บาท
PARACETAMOL 500 mg 100's (NL),ราคา 35.00 บาท
Digital Thermometer ปรอทวัดไข้ ดิจิตอล LEPU-LMT11C,ราคา 115.00 บาท
ผ้าก๊อซ GAUZE 2x2 inch 10 ห่อ/กล่อง (OREX),ราคา 32.00 บาท
ผ้าก๊อซ GAUZE 3x3 inch 10 ห่อ/กล่อง (OREX),ราคา 58.00 บาท
ผ้าก๊อซ GAUZE 4x4 inch 10 ห่อ/กล่อง (OREX),ราคา 92.50 บาท
SUNMED ผ้าอ้อมผู้ใหญ่ No.L-XL 10 ชิ้น/ห่อ,ราคา 205.00 บาท
SUNMED ผ้าอ้อมผู้ใหญ่ No.L-XL 24 ชิ้น/ห่อ,ราคา 315.00 บาท
SUNMED ผ้าอ้อมผู้ใหญ่ No.M-L 28 ชิ้น/ห่อ,ราคา 315.00 บาท
RENU BIO-TRUE มัลติเพอร์โพส 300+60 ml (B&L),ราคา 190.00 บาท
DERMATIX ULTRA SCAR KIDS 5 g,ราคา 360.00 บาท
MaxxLife DETOXY 10's,ราคา 175.00 บาท
CYSTALINE 600 mg Effervescent 5X4's (Millimed),ราคา 168.00 บาท
AMMELTZ HEAT PATCH แผ่นประคบร้อน 1 แผ่น/ซอง,ราคา 23.00 บาท
ANNOXEN-S 275 mg 2X10's (SIAM),ราคา 82.00 บาท
NEWTAMOL 500 mg 100's (NL),ราคา 39.00 บาท
VOCINTI 10 mg 100's (TAKEDA),"ราคา 7,518.00 บาท"
ALPHA D3 0.25 mcg 50's,ราคา 423.00 บาท
ALPHA D3 0.5 mcg 50's,ราคา 685.00 บาท
ACTONEL 35 mg (1X4's),"ราคา 1,470.00 บาท"
EXIB 60 mg 3X10's (Millimed),ราคา 430.00 บาท
NIPRO SYRINGE 1 ml 100 ชุด/กล่อง,ราคา 255.00 บาท
รถเข็นนั่งถ่ายอัลลอยด์ ล้อแม็ก 16 นิ้ว รุ่น THL606 (YADA),"ราคา 5,200.00 บาท"
DIACERIC 50 mg 3X10's (Millimed),ราคา 325.00 บาท
BELCID FORTE Sachet 30x15ml (BIOPHARM),ราคา 60.00 บาท
ZIGA CAP 20 mg 14's (BERICH),ราคา 31.50 บาท
เครื่องตรวจน้ำตาล TERUMO MEDISAFE FIT SMILE,"ราคา 1,750.00 บาท"
COXINI 90 mg 3X10's (GPO),ราคา 376.00 บาท
OSTEOTIN 1500 mg Powder 30 ซอง/กล่อง (POLIPHARM),ราคา 230.00 บาท
DERZID-C Cream 15 g (UNISON),ราคา 27.50 บาท
KERRA 500 mg 40's,ราคา 340.00 บาท
VOCINTI 20 mg 30's (TAKEDA),"ราคา 4,272.00 บาท"
บริษัท วรมิตร ดรัก เซ็นเตอร์ จำกัด,
ติดต่อเราได้ที่,
Digital Thermometer ปรอทวัดไข้ ดิจิตอล รุ่น FT-09 Beurer,ราคา 135.00 บาท
ไม้เท้าก้านร่มหัวตรงจับฟ้า รุ่น Y9301L-4 (TY),ราคา 180.00 บาท
เทอร์โมมิเตอร์จาร์ 1x4 inch รุ่น MN-0211 (2B),ราคา 155.00 บาท
AQUA KARE STERILE WATER 1000 ml (ANB),ราคา 32.00 บาท
MASK หน้ากากอนามัย MIND MASK 50 ชิ้น/กล่อง,ราคา 55.00 บาท
CALZA C 1500 mg รสส้ม ชนิดผง 3X10 ซอง/กล่อง,ราคา 428.00 บาท
Digital Thermometer ปรอทวัดไข้ ปลายตรง,ราคา 24.00 บาท
I-HERB COPOLIS MOUTH Spray 20 ml,ราคา 84.00 บาท
ByeBye FEVER Children 6 แผ่น/กล่อง,ราคา 74.00 บาท
ByeBye FEVER Adults 6 แผ่น/กล่อง,ราคา 74.00 บาท
กรรไกรตัดไหม IRIS Eye Sciossor STR 11 cm รุ่น SA13-530 (2B),ราคา 70.00 บาท
กรรไกรตัดไหม IRIS Eye Sciossor 11 cm รุ่น SA13-532 (2B),ราคา 80.00 บาท
กรรไกรตัดชิ้นเนื้อ ปากตรง 15 cm รุ่น SA13-226 (2B),ราคา 120.00 บาท
TISSUE FORCEP 20 cm 1x2TH รุ่น SA15-145 (2B),ราคา 125.00 บาท
DRESSING FORCEP 20 cm รุ่น SA15-125 (2B),ราคา 120.00 บาท
กล่องสำลี 4x3 นิ้ว พร้อมฝา รุ่น MN-0394 (2B),ราคา 215.00 บาท
กล่องสำลี 5x5 นิ้ว พร้อมฝา รุ่น MN-0396 (2B),ราคา 310.00 บาท
เสาน้ำเกลือ สแตนเลสแท้ ขา 4 แฉก,"ราคา 1,850.00 บาท"
LIQUIPLAST ฟิล์มเคลือบปิดแผล กันน้ำ 10 g,ราคา 144.00 บาท
NICORETTE 25 mg 7 แผ่น/กล่อง,ราคา 755.00 บาท
PROSPAN Cough Syrup 100 ml,ราคา 161.00 บาท
ENSURE 850 g กลิ่นช็อกโกแลต (Abbott),ราคา 870.00 บาท
KELOSIL SILICONE SCAR Gel 10 g,ราคา 320.00 บาท
MaxxLife NASIC CLEANSE เกลือผง 30X2.265g/กล่อง,ราคา 98.00 บาท
TYNOR C-05 No.L อุปกรณ์ประคองไหปลาร้าระบบรอก,ราคา 330.00 บาท
TYNOR C-05 No.M อุปกรณ์ประคองไหปลาร้าระบบรอก,ราคา 330.00 บาท
TYNOR C-05 No.S อุปกรณ์ประคองไหปลาร้าระบบรอก,ราคา 330.00 บาท
TYNOR J-14 UNI อุปกรณ์ประคองหัวไหล่,ราคา 700.00 บาท
TYNOR E-03 No.L ขวา อุปกรณ์พยุงข้อมือแบบมีแกน,ราคา 630.00 บาท
TYNOR E-03 No.M ขวา อุปกรณ์พยุงข้อมือแบบมีแกน,ราคา 620.00 บาท
TYNOR E-03 No.S ขวา อุปกรณ์พยุงข้อมือแบบมีแกน,ราคา 620.00 บาท
TYNOR C-08 CAST SHOE No.XL รองเท้าเฝือกอ่อน,ราคา 500.00 บาท
TYNOR C-08 CAST SHOE No.S รองเท้าเฝือกอ่อน,ราคา 0.00 บาท
TYNOR C-08 CAST SHOE No.M รองเท้าเฝือกอ่อน,ราคา 480.00 บาท
TYNOR C-08 CAST SHOE No.L รองเท้าเฝือกอ่อน,ราคา 500.00 บาท
TYNOR C-01 No.M อุปกรณ์พยุงแขนระบบรอก,ราคา 240.00 บาท
TYNOR C-01 No.S อุปกรณ์พยุงแขนระบบรอก,ราคา 250.00 บาท
TYNOR E-03 No.L ซ้าย อุปกรณ์พยุงข้อมือแบบมีแกน,ราคา 630.00 บาท
TYNOR E-03 No.M ซ้าย อุปกรณ์พยุงข้อมือแบบมีแกน,ราคา 620.00 บาท
TYNOR E-03 No.S ซ้าย อุปกรณ์พยุงข้อมือแบบมีแกน,ราคา 620.00 บาท
บริษัท วรมิตร ดรัก เซ็นเตอร์ จำกัด,
ติดต่อเราได้ที่,
TYNOR A-20 No.XL เข็มขัดพยุงครรภ์,ราคา 885.00 บาท
TYNOR A-20 No.L เข็มขัดพยุงครรภ์,ราคา 900.00 บาท
TYNOR A-20 No.M เข็มขัดพยุงครรภ์,ราคา 875.00 บาท
TYNOR A-20 No.S เข็มขัดพยุงครรภ์,ราคา 910.00 บาท
TYNOR D-07 No.XL อุปกรณ์พยุงสะบ้าหัวเข่า,ราคา 370.00 บาท
TYNOR D-07 No.L อุปกรณ์พยุงสะบ้าหัวเข่า,ราคา 425.00 บาท
TYNOR D-07 No.M อุปกรณ์พยุงสะบ้าหัวเข่า,ราคา 425.00 บาท
TYNOR D-07 No.S อุปกรณ์พยุงสะบ้าหัวเข่า,ราคา 430.00 บาท
TYNOR D-09 No.XXL อุปกรณ์พยุงเข่าระบบรอก,ราคา 660.00 บาท
TYNOR D-09 No.XL อุปกรณ์พยุงเข่าระบบรอก,ราคา 660.00 บาท
TYNOR D-09 No.M อุปกรณ์พยุงเข่าระบบรอก,ราคา 660.00 บาท
TYNOR D-09 No.L อุปกรณ์พยุงเข่าระบบรอก,ราคา 660.00 บาท
TYNOR C-19 CAST COVER ARM ที่หุ้มเฝือกแขน,ราคา 230.00 บาท
TYNOR I-59 No.L อุปกรณ์พยุงไส้เลื่อน,ราคา 0.00 บาท
TYNOR I-59 No.M อุปกรณ์พยุงไส้เลื่อน,ราคา 0.00 บาท
TYNOR I-59 No.S อุปกรณ์พยุงไส้เลื่อน,ราคา 330.00 บาท
TYNOR H-05 ลูกบอลบริหารมือ,ราคา 75.00 บาท
ECHINAX 10X10's (MEGA),ราคา 940.00 บาท
BRILLIOR 25 mg 56's,ราคา 634.00 บาท
DENTISTE ยาสีฟัน 160 g,ราคา 232.00 บาท
SMOOTH E GOLD FOAM 45 g,ราคา 108.00 บาท
SMOOTH E GOLD FOAM 120 g,ราคา 292.00 บาท
FLUIFORT Sachet 50X2.7g/กล่อง,"ราคา 2,040.00 บาท"
ฟ้าทะลายโจรสกัด ขาวละออ 50's (KLO),ราคา 85.00 บาท
ALFLOREX PROBIOTICS 30's,ราคา 710.00 บาท
HERBAL EXTRA FRESH Spray 15 ml,ราคา 82.00 บาท
HERBAL RESCUE Spray 15 ml,ราคา 82.00 บาท
HERBAL NIGHT TIME Spray 15 ml,ราคา 82.00 บาท
น้ำมันสีเขียว ตราหนูชูยศ 24 ml,ราคา 83.00 บาท
ยาน้ำแก้ไอมะแว้ง ผสมเอี๊ยะปอห่อ 120 ml (C&L),ราคา 84.00 บาท
เครื่องพ่นยา Bi-rich รุ่น BR-CN003 (2B),"ราคา 1,700.00 บาท"
STREPSILS CITRUS LEMON SUGAR FREE 6's,ราคา 32.50 บาท
TANDERON 50 mg 500's,ราคา 330.00 บาท
เครื่องวัดความดันโลหิต อัตโนมัติแบบสอดแขน SOS PLUS รุ่น FT-C26-Y,"ราคา 3,300.00 บาท"
MASK หน้ากากคาร์บอน TRUE CARE 20 ชิ้น/กล่อง,ราคา 175.00 บาท
PROVAMED NUGOW INTENSIVE HAIR Shampoo 200 ml,ราคา 188.00 บาท
พลูคาวสกัดพลัส 60's (KLO),ราคา 240.00 บาท
OPTI-FREE PURE MOIST 300 ml (Alcon),ราคา 235.00 บาท
เยนเชียนไวโอเลต สหการ 12X15ml/โหล,ราคา 85.00 บาท
COTTON BUD สำลีก้าน 100 ชิ้น (Canton),ราคา 105.00 บาท
บริษัท วรมิตร ดรัก เซ็นเตอร์ จำกัด,
ติดต่อเราได้ที่,
STANDARD เฝือกพยุงคอ ชนิดอ่อน No.L (STD),ราคา 200.00 บาท
MaxxLife VIRGIN COCONUT Oil น้ำมันมะพร้าว 200 ml,ราคา 195.00 บาท
MULTIVITAMIN 1000's (TP),ราคา 245.00 บาท
CLONOVATE Cream 450 g (TO),ราคา 280.00 บาท
COGETINE Ophthalmic Ointment 5 g (GDH),ราคา 22.00 บาท
ZURTHOL 5000 ml,ราคา 800.00 บาท
ยาบรรเทาอาการฟกช้ำ ตรามือรับเหรียญทอง 30's,ราคา 46.00 บาท
BLACKMORES BIO ZINC A CHELATE 90's,ราคา 348.00 บาท
BLACKMORES LUTEIN-VIS 60's,ราคา 565.00 บาท
BLACKMORES PROBIOTICS+DAILY BALANCE 30's,ราคา 875.00 บาท
G.I.400 mg 10X10's (T.MAN),ราคา 146.00 บาท
เถาวัลย์เปรียงแคปซูล 10's (KMP),ราคา 26.00 บาท
ยาแก้ไอน้ำดำ ตรางู 3800 ml,ราคา 583.00 บาท
CORDYCEPS PLUS ตังถั่งเฉ้า อ้วยอันโอสถ 30's,ราคา 255.00 บาท
ZENZERA Suspension 200 mg 6x6x10ml/กล่อง (BKD),ราคา 385.00 บาท
เครื่องวัดความดัน CITIZEN รุ่น CHU503,"ราคา 1,590.00 บาท"
เครื่องวัดความดัน CITIZEN รุ่น CH-452-AC,"ราคา 1,190.00 บาท"
เก้าอี้อาบน้ำ รุ่น Y7982L (TY),"ราคา 1,050.00 บาท"
เก้าอี้อาบน้ำเว้ากลาง รุ่น Y796L (TY),"ราคา 1,450.00 บาท"
ที่นอนลมแบบลอน QDC-300B (YADA),"ราคา 3,800.00 บาท"
NovoPen 4 ปากกาฉีดอินซูลิน,"ราคา 1,450.00 บาท"
ที่นอนลมแบบลอน APEX DOMUS 2,"ราคา 5,400.00 บาท"
BLACKMORES BIOTIN H+ 60's,ราคา 535.00 บาท
หัดเดิน+นั่งถ่าย รุ่น Y9634L (TY),"ราคา 1,250.00 บาท"
เบาะรองที่นอนผู้ป่วยแบบตอน (YADA),"ราคา 2,600.00 บาท"
ACCU-CHEK SAFE-T-PRO UNO 200 ชิ้น/กล่อง (Roche),ราคา 770.00 บาท
VISTRA COLLAGEN TYPE-2 30's,ราคา 535.00 บาท
VISTRA FORTY PLUS 30's,ราคา 420.00 บาท
VISTRA RICE BRAN OIL 40's,ราคา 284.00 บาท
VISTRA B COMPLEX PLUS MINERALS 30's,ราคา 148.00 บาท
VISTRA GLUTA COMPLEX 1000 mg PLUS 30's,ราคา 525.00 บาท
VISTRA CLA&L-CARNITINE 1100 mg PLUS VITAMIN E 30's,ราคา 510.00 บาท
VISTRA ASTAXANTHIN 4 mg PLUS VITAMIN E 30's,ราคา 365.00 บาท
VISTRA BETA GLUCAN PLUS 30's,ราคา 442.25 บาท
BLACKMORES BIO E 500 IU 60's,ราคา 580.00 บาท
BLACKMORES HYPERIFORTE 30's,ราคา 315.00 บาท
SI-HERB DRESSING 10X10cm 1 กล่อง 3 ชิ้น,ราคา 115.00 บาท
DOMP-M 10 mg 50X10's (RX Chumchon),ราคา 8.00 บาท
VIO NERBB-B PLUS 60's (BIOPHARM),ราคา 270.00 บาท
อภัยภูเบศร เถาวัลย์เปรียง 70's,ราคา 63.00 บาท
บริษัท วรมิตร ดรัก เซ็นเตอร์ จำกัด,
ติดต่อเราได้ที่,
ขมิ้นชันแคปซูล 100's (KMP),ราคา 64.00 บาท
PARINA 1000's (CPL),ราคา 343.00 บาท
GAVISCON ADVANCE PEPPERMINT กาวิสคอน 150 ml,ราคา 322.00 บาท
NIPRO IV SAFELET CATH 24G x 1 inch 50 ชิ้น/กล่อง,ราคา 590.00 บาท
ZINOR 400 mg 50X10's (PATAR),ราคา 595.00 บาท
MEZOLE 250 mg (Brywood),ราคา 69.50 บาท
PROVAMED HYAFLASH Serum 15 ml,ราคา 170.00 บาท
MEGA MULTILIVES 30's,ราคา 588.00 บาท
MEGA NUTRIVITA DAILY 30's,ราคา 248.00 บาท
MEGA ALERTEN 50 EMULCAP 30's,ราคา 488.00 บาท
CARBO-MINT 1000's,ราคา 290.00 บาท
FLEMOMILE MOUTH Spray 10 ml,ราคา 76.50 บาท
MISOVAN 30 mg 500's (TO),ราคา 156.00 บาท
CALCIUM GUMMY กลิ่นองุ่น 12X60g/กล่อง (BIOPHARM),ราคา 410.00 บาท
FUNGASIN 2% Cream 20 g (NL),ราคา 21.00 บาท
NICOTINIC ACID 50 mg 1000's (GREATER),ราคา 276.00 บาท
SUNMED แผ่นรองซับ (45x70cm) 10 แผ่น/ห่อ,ราคา 73.00 บาท
FUNGAZOL Shampoo 150 ml (BIOPHARM),ราคา 125.00 บาท
รถเข็นอัลลอยด์ ล้อแม็ก 16 นิ้ว รุ่น PHW863 (YADA),"ราคา 4,450.00 บาท"
รถเข็นอัลลอยด์ ล้อแม็ก 16 นิ้ว รุ่น THL868 (YADA),"ราคา 4,800.00 บาท"
NovoRapid FlexPen (100 U/ml) 5X3ml/กล่อง,"ราคา 2,764.00 บาท"
HAEMODY (3X10's),ราคา 167.00 บาท
VISTRA RELACZA PLUS 30's,ราคา 265.00 บาท
ร่มไม้เท้า (YADA),ราคา 960.00 บาท
HYLO-GEL EYE Drops น้ำตาเทียม 10 ml,ราคา 680.00 บาท
D-CLOXA 500 mg 50X10's (RX Chumchon),ราคา 35.00 บาท
QUIKWIPE FUKI FUKI แผ่นทำความสะอาดเลนส์แว่นตา 20 ซอง,ราคา 82.00 บาท
BLACKMORES FISH OIL 1000 mg PACK (2X80's),ราคา 694.00 บาท
BLACKMORES BIO C ACEROLA PLUS 1500 mg 40's,ราคา 238.00 บาท
CONCOR AM (5mg/5mg) 30's MERCK,ราคา 310.00 บาท
REDUCOF ยาอม รีดูคอฟ 10's,ราคา 58.00 บาท
รถเข็นอัลลอยด์ ล้อ 20 นิ้ว รุ่น THL868 (YADA),"ราคา 5,100.00 บาท"
AQUA MARIS NASAL Spray BABY 50 ml (FRX),ราคา 245.00 บาท
DIAGLIP 2 mg 10X10's (SIAM),ราคา 645.00 บาท
FLUOMIZIN Vaginal Tablets 10 mg 1X6's (Medinova),ราคา 160.00 บาท
ZEFFIX 100 mg 2X14's (GSK),ราคา 0.00 บาท
ROLLATOR 8 นิ้ว รุ่น FS965LH (YADA),"ราคา 2,480.00 บาท"
BETMIGA 50 mg 30's,"ราคา 1,985.00 บาท"
OCUSOFT LID SCRUB Original 50 ml,ราคา 320.00 บาท
OCUSOFT LID SCRUB PLUS 50 ml,ราคา 445.00 บาท
บริษัท วรมิตร ดรัก เซ็นเตอร์ จำกัด,
ติดต่อเราได้ที่,
PHYSIOGEL SOOTHING CARE A.I. Cream 50 ml,ราคา 540.00 บาท
VEFLOX 500 mg 10's (RX Chumchon),ราคา 130.00 บาท
FEENOZE NASAL Spray 20 ml (Farmaline),ราคา 65.00 บาท
HumaPen Ergo 2 ปากกาอินซูลิน (Lilly),"ราคา 1,680.00 บาท"
ยางอุดหูลดเสียง (3M),ราคา 69.50 บาท
ELASTIC BANDAGE 2 inch ผ้ายืดพันเคล็ด,ราคา 110.00 บาท
ELASTIC BANDAGE 3 inch ผ้ายืดพันเคล็ด,ราคา 162.00 บาท
ELASTIC BANDAGE 4 inch ผ้ายืดพันเคล็ด,ราคา 225.00 บาท
GILOBA 120 mg 3X10's (MEGA),ราคา 332.00 บาท
MEGA PRODEFENZ (3X10's),ราคา 735.00 บาท
เครื่องผลิตออกซิเจน ขนาด 10 ลิตร ATOM รุ่น ZY-10AW (YADA),"ราคา 30,000.00 บาท"
BLACKMORES GLUCOSAMINE 500 mg 90's,ราคา 810.00 บาท
สำลีก้อนชุปแอลกอฮอล์ จำนวน 8 ก้อน x 10 แผง (OREX),ราคา 78.00 บาท
RENTEX 10 mg (10X10's),ราคา 38.00 บาท
HUMOLOG MIX 25 (100 U/ml) 5X3ml/กล่อง Lilly,"ราคา 1,520.00 บาท"
HUMULIN (70/30) 10 ml Lilly,ราคา 360.00 บาท
HUMULIN (70/30) 5X3ml/กล่อง Lilly,ราคา 774.00 บาท
VOLCLONAC Spray 60 ml (BIOPHARM),ราคา 115.00 บาท
PROPOLIZ กระชายขาว Spray 15 ml (T.MAN),ราคา 110.00 บาท
TACINOL 0.02% Cream 15 g (POLIPHARM),ราคา 31.50 บาท
CEFUROXIME 250 mg 10X10's (BKD),ราคา 745.00 บาท
DOLOBID 250 mg 10X10's (M&H),ราคา 70.00 บาท
TIDAR 4 mg 10X10's (SPS),ราคา 480.00 บาท
MYOTAB 10X10's (NL),ราคา 78.00 บาท
HAWKSONE 20 mg 10's,ราคา 13.75 บาท
SONAP FORTE 10's (SPS),ราคา 38.00 บาท
DAMINATE 10X10's (SPS),ราคา 76.00 บาท
SIALEXIN 125mg/5ml Suspension 60 ml (SIAM),ราคา 57.00 บาท
HEROMYCIN 250 mg 10's,ราคา 24.00 บาท
TRAM Lotion 60 ml (TNP),ราคา 36.25 บาท
TIGERPLAST พลาสเตอร์ใส กันน้ำ WS (25x72mm) 10 แผ่น/กล่อง,ราคา 26.00 บาท
TIGERPLAST พลาสเตอร์ใส กันน้ำ W1 (60x70mm) 3 แผ่น/กล่อง,ราคา 38.00 บาท
TIGERPLAST พลาสเตอร์ใส กันน้ำ W2 (60x100mm) 2 แผ่น/กล่อง,ราคา 35.00 บาท
TIGERPLAST พลาสเตอร์ใส กันน้ำ W3 (80x100mm) 2 แผ่น/กล่อง,ราคา 42.00 บาท
KANAMYCIN 250 mg 10X10's (Meiji),ราคา 380.00 บาท
เหลียนฮัว ชิงเวิน 24's,ราคา 205.00 บาท
BALANCE ACTIV 7X5ml (Exeltis),ราคา 265.00 บาท
ยาแคปซูลเพ็ชนาลี 50's,ราคา 230.00 บาท
PROVAMED VITAMIN E Serum 30 ml,ราคา 265.00 บาท
INTORICOXIB 90 mg 7's,ราคา 98.00 บาท
บริษัท วรมิตร ดรัก เซ็นเตอร์ จำกัด,
ติดต่อเราได้ที่,
REMERON 15 mg 5X6's (MSD),ราคา 945.00 บาท
POLIDENT เม็ดฟู่ 30's (GSK),ราคา 118.00 บาท
BABINI BABY WIPES ทิชชูเปียก 80 แผ่น,ราคา 98.00 บาท
PROVAMED BABINI HEAD TO TOE WASH 480 ml,ราคา 135.00 บาท
HEROMYCIN 250 mg (25X4's),ราคา 205.00 บาท
SMOOTH E ACNE PLUS 10 g,ราคา 185.00 บาท
SMOOTH E BABYFACE Gel 165 ml,ราคา 256.00 บาท
SMOOTH E BABYFACE Gel 45 ml,ราคา 79.00 บาท
PROVAMED VITAMIN E CREAM Serum 50 g,ราคา 138.00 บาท
PROVAMED DERMA SOOTHING Cream 30 g,ราคา 298.00 บาท
PROVAMED SCARZONE STRECH MARK 200 g,ราคา 225.00 บาท
MYBACIN Spray 15 ml (GREATER),ราคา 106.00 บาท
MEGA NAT MAG 30's,ราคา 165.00 บาท
MEGA FIBER 30 ซอง/กล่อง,ราคา 513.00 บาท
B-COZE (6X10's),ราคา 230.00 บาท
ALUTA รสมิ้นท์ 240 ml (TS),ราคา 22.00 บาท
MILK OF MAGNESIA MINT 240 ml (TS),ราคา 22.00 บาท
D-PRAZOL 20 mg 14's (TNP),ราคา 32.50 บาท
DEGRAN (1X10's),ราคา 30.00 บาท
GENTEAL EYE Gel 10 g (Alcon),ราคา 162.00 บาท
PROVAMED ACEROLA C Serum 15 ml,ราคา 158.00 บาท
CLENASCAR Gel 15 g (BKD),ราคา 138.00 บาท
PROVAMED SUN FACE 30 g สีเนื้อ,ราคา 198.00 บาท
PROVAMED SUN FACE 30 g สีขาว,ราคา 198.00 บาท
MASK หน้ากากอนามัย 50 ชิ้น/กล่อง (3M),ราคา 76.00 บาท
MEDICVIT TABLET 1000's (Medicpharma),ราคา 240.00 บาท
ถุงมือแพทย์ PRO GLOVES Size M 100 ชิ้น/กล่อง,ราคา 110.00 บาท
ถุงมือแพทย์ PRO GLOVES Size S 100 ชิ้น/กล่อง,ราคา 105.00 บาท
ถุงมือแพทย์ PRO GLOVES Size L 100 ชิ้น/กล่อง,ราคา 105.00 บาท
PROVAMED POST ACNE SCAR Gel 10 g,ราคา 240.00 บาท
PROVAMED ACENE SPOT Gel 10 g,ราคา 120.00 บาท
ตลับยาครีมคละสี 10 g 100 ตลับ/แพ็ก,ราคา 80.00 บาท
ตลับยาครีมคละสี 5 g 100 ตลับ/แพ็ก,ราคา 80.00 บาท
ขวดพลาสติก 60 ml 100 ขวด/แพ็ก,ราคา 140.00 บาท
ขวดพลาสติก 120 ml 100 ขวด/แพ็ก,ราคา 152.00 บาท
ขวดพลาสติก 240 ml 100 ขวด/แพ็ก,ราคา 270.00 บาท
ขวดพลาสติก 30 ml 100 ขวด/แพ็ก,ราคา 103.00 บาท
กล่องสำลี 4 นิ้ว พร้อมฝา รุ่น MN-0392 (2B),ราคา 135.00 บาท
กล่องสำลี 4x5 นิ้ว พร้อมฝา รุ่น MN-0395 (2B),ราคา 235.00 บาท
กล่องสำลี 3 นิ้ว พร้อมฝา รุ่น MN-0391 (2B),ราคา 130.00 บาท
บริษัท วรมิตร ดรัก เซ็นเตอร์ จำกัด,
ติดต่อเราได้ที่,
กล่องสำลี 5x6.5 นิ้ว พร้อมฝา รุ่น MN-0397 (2B),ราคา 340.00 บาท
ฟอร์เซปจาร์ 2x4.5 นิ้ว รุ่น MN-0212 (2B),ราคา 265.00 บาท
ถาดสี่เหลี่ยมตื้น 190x18mm รุ่น MN-0557 (2B),ราคา 175.00 บาท
กล่องเครื่องมือแพทย์ 12x8x2 นิ้ว พร้อมฝา รุ่น MN-0162 (2B),ราคา 470.00 บาท
ถ้วยน้ำ 12 ออนซ์ รุ่น MN-0383 (2B),ราคา 130.00 บาท
กล่องเครื่องมือแพทย์ 8x5x2 นิ้ว พร้อมฝา รุ่น MN-0156 (2B),ราคา 305.00 บาท
กล่องเครื่องมือแพทย์ 8x3x1.5 นิ้ว พร้อมฝา รุ่น MN-0153 (2B),ราคา 210.00 บาท
ถุงใส่อาหาร M2-39-06 (2B),ราคา 16.00 บาท
สายต่อกับถุงใส่อาหารมีกระเปราะ M2-39-07 (2B),ราคา 16.00 บาท
สายให้อาหาร DUODENAL TUBE 125 cm No.12 (M2-35-12),ราคา 12.00 บาท
NORMETEC (10mg/40mg) 30's,ราคา 895.00 บาท
เก้าอี้นั่งอาบน้ำไม่มีพนักพิง รุ่น CC-0523 (TA),ราคา 735.00 บาท
รถเข็นเหล็กชุบพับได้ มีเบรก (Mobility),"ราคา 2,400.00 บาท"
เครื่องผลิตออกซิเจน ขนาด 5 ลิตร ATOM รุ่น ZY-5AW (YADA),"ราคา 17,600.00 บาท"
ท่อออกซิเจน ขนาด 0.5 คิว,"ราคา 1,900.00 บาท"
ท่ออกซิเจน ขนาด 2.0 คิว,"ราคา 2,680.00 บาท"
ท่อออกซิเจน ขนาด 6.0 คิว,"ราคา 4,950.00 บาท"
รถเข็นเหล็กนั่งถ่าย ล้อแม็ก เบรกมือ รุ่น FS609BU (YADA),ราคา 0.00 บาท
รถเข็นอลูมิเนียมอัลลอยด์ ล้อแม็ก 12 นิ้ว รุ่น FS805LA (YADA),"ราคา 4,350.00 บาท"
รถเข็นอัลลอยด์ ล้อแม็ก 16 นิ้ว รุ่น B63 (YADA),"ราคา 4,400.00 บาท"
รถเข็นอัลลอยด์ ล้อแม็ก 20 นิ้ว รุ่น THLQ05 (YADA),"ราคา 5,550.00 บาท"
รถเข็นอัลลอยด์ ล้อแม็ก 16 นิ้ว รุ่น THLQ05 (YADA),"ราคา 5,550.00 บาท"
รถเข็นอัลลอยด์ ล้อแม็ก 20 นิ้ว รุ่น THLQ04 (YADA),"ราคา 4,900.00 บาท"
รถเข็นอัลลอยด์ ล้อแม็ก 20 นิ้ว รุ่น B63 (YADA),"ราคา 5,200.00 บาท"
รถเข็นเหล็กพับได้เบาะผ้า เบรกมือ รุ่น CA907E (YADA),"ราคา 2,900.00 บาท"
รถเข็นอัลลอยด์ ล้อแม็ก 22 นิ้ว รุ่น FS868L (YADA),ราคา 0.00 บาท
รถเข็นอัลลอยด์ ล้อซี่ลวด 20 นิ้ว รุ่น PHW863L (YADA),"ราคา 4,720.00 บาท"
ROLLATOR 8 นิ้ว รุ่น GK9146L (YADA),ราคา 0.00 บาท
ROLLATOR 6 นิ้ว มีที่วางเท้า รุ่น FS9650LH (YADA),"ราคา 2,500.00 บาท"
วอล์คเกอร์ 4 ขา หัดเดิน พับได้ (Mobility),ราคา 900.00 บาท
วอล์คเกอร์พับได้ มีล้อ รุ่น FS9125L (YADA),"ราคา 1,020.00 บาท"
ไม้เท้าอลูมิเนียม+ที่พักแขน รุ่น MC07-937L (2B),ราคา 225.00 บาท
ไม้เท้า+เก้าอี้นั่งได้ รุ่น YA-836L (YADA),ราคา 370.00 บาท
ไม้เท้าค้ำยันอลูมิเนียม No.S รุ่น Y801LS (TY),ราคา 450.00 บาท
ไม้เท้าค้ำยันอลูมิเนียม No.M รุ่น Y801LM (TY),ราคา 450.00 บาท
ไม้เท้าค้ำยันอลูมิเนียม No.L รุ่น Y081LL (TY),ราคา 450.00 บาท
เตียง 3 ไกร์ มือหมุนราวสไลด์+ที่นอน รุ่น S301 (YADA),"ราคา 19,500.00 บาท"
เตียง 2 ไกร์ ราวอลูมิเนียม+ที่นอน รุ่น KJW-S231 (YADA),"ราคา 11,500.00 บาท"
เตียง 2 ไกร์ มือหมุน+ที่นอน รุ่น S201 (YADA),"ราคา 12,750.00 บาท"
เตียง 2 ไกร์ ไฟฟ้าราวสไลด์ รุ่น D332 (YADA),"ราคา 22,000.00 บาท"
บริษัท วรมิตร ดรัก เซ็นเตอร์ จำกัด,
ติดต่อเราได้ที่,
เตียง 5 ไกร์ ไฟฟ้าราวปีกนก+ที่นอน รุ่น KJW-D502 (YADA),ราคา 0.00 บาท
เตียง 3 ไกร์ ไฟฟ้า ABS ปีกนก+ที่นอน รุ่น YD306 (YADA),"ราคา 42,000.00 บาท"
เตียง 3 ไกร์ ไฟฟ้า+ที่นอน รุ่น YD303 (YADA),"ราคา 36,500.00 บาท"
รถเข็นเหล็กนั่งถ่ายโครงขาว ล้อแม็ก 8 นิ้ว รุ่น FS609LU (YADA),"ราคา 6,200.00 บาท"
เก้าอี้นั่งถ่ายอลูมิเนียม รุ่น GK894L (YADA),"ราคา 1,550.00 บาท"
เก้าอี้นั่งอาบน้ำ รุ่น Y798L (TY),ราคา 840.00 บาท
เก้าอี้อาบน้ำ มือจับ 2 ด้าน รุ่น 7985/Y355L (TY),"ราคา 1,200.00 บาท"
เก้าอี้นั่งถ่ายอลูมิเนียม มีล้อ พับได้ รุ่น GK696L (YADA),"ราคา 1,900.00 บาท"
รถเข็นนั่งถ่ายอัลลอยด์แบบมีล้อ รุ่น 614L/FS 698L (YADA),"ราคา 2,750.00 บาท"
GUTTRU DUAL 24X10ml (TNP),ราคา 378.00 บาท
TYSTATIN Suspension 12 ml (TO),ราคา 33.50 บาท
SMOOTH E WHITE 10 g,ราคา 90.00 บาท
SMOOTH E WHITE 30 g,ราคา 215.00 บาท
SMOOTH E SUN 15 g,ราคา 228.00 บาท
SMOOTH E GOLD Cream 12 g,ราคา 118.00 บาท
SMOOTH E GOLD Cream 30 g,ราคา 265.00 บาท
SMOOTH E WHITE Serum 24 g,ราคา 428.00 บาท
LUBRIC-EYES น้ำตาเทียม 32X0.8ml/กล่อง,ราคา 198.00 บาท
BD ULTRA-FINE 32G (0.23x4mm) 100 ชิ้น/กล่อง,ราคา 610.00 บาท
SPATYL 10 mg 10's (TNP),ราคา 28.00 บาท
เยนเชียนไวโอเลตแอลพี 450 ml,ราคา 48.00 บาท
ยาสตรีเล่งคุณ สูตร 2 สำหรับสตรีหลังคลอดบุตร 500 ml,ราคา 130.00 บาท
GUTTRU DUAL Suspension 150 ml (TNP),ราคา 225.00 บาท
ยาแก้ไอ LP น้ำดำ ตราเสือดาว 180 ml,ราคา 26.50 บาท
SMOOTH E FACE LIFT Capsules 12's,ราคา 203.00 บาท
ยาน้ำแก้ไอมะแว้ง ตราไอยรา 120 ml (T.MAN),ราคา 35.00 บาท
HUMALOG (100 U/ml) 5X3ml/กล่อง Lilly,"ราคา 1,520.00 บาท"
XALATAN EYE Drops 2.5 ml,ราคา 538.00 บาท
MIXTARD 30 (100 IU/ml) 10 ml,ราคา 332.00 บาท
INSULATARD (100 IU/ml) 10 ml,ราคา 322.00 บาท
GYNOFLOR Vaginal Tablets (1X6's),ราคา 428.00 บาท
INSULATARD Penfill (100 IU/ml) 5X3ml/กล่อง,ราคา 650.00 บาท
NovoMix 30 FlexPen (100 U/ml) 5X3ml/กล่อง,"ราคา 2,714.00 บาท"
MIXTARD 30 Penfill (100 IU/ml) 5X3ml/กล่อง,ราคา 655.00 บาท
NOVORAPID Penfill (100 U/ml) 5X3ml/กล่อง,"ราคา 1,322.00 บาท"
HUMULIN NPH Penfill (100 IU/ml) 5X3ml/กล่อง Lilly,ราคา 774.00 บาท
Lantus SoloStar 5X3ml/กล่อง (SANOFI),"ราคา 3,630.00 บาท"
LANOTAN Ophthalmic Solution 2.5 ml,ราคา 265.00 บาท
ฟ้าทะลายโจร แอนดร็อกซิล 10's (KMP),ราคา 40.00 บาท
MEGA SAMETTO (3X10's),ราคา 488.00 บาท
บริษัท วรมิตร ดรัก เซ็นเตอร์ จำกัด,
ติดต่อเราได้ที่,
PHARMICA PLASTER COOL 10X14cm 10 ซอง/กล่อง,ราคา 315.00 บาท
PHARMICA PLASTER WARM 10X12cm 6 ซอง/กล่อง,ราคา 310.00 บาท
MaxxLife VIRGIN COCONUT Oil น้ำมันมะพร้าว 500 ml,ราคา 298.00 บาท
OLENE โอลีน-อี น้ำมันมะกอก 120 ml (ศิริบัญชา),ราคา 29.00 บาท
ตรีผลา ผสมวิตามินซี 30's (KMP),ราคา 125.00 บาท
สารสกัดกระชาย 30's (KMP),ราคา 170.00 บาท
ฟ้าทะลายโจร แอนดร็อกซิล 30's (KMP),ราคา 120.00 บาท
มะรุม ชนิดแคปซูล 100's (C&L),ราคา 108.00 บาท
กระชายสกัด อ้วยอันโอสถ 60's,ราคา 160.00 บาท
MaxxLife RICE BRAND Oil PACK (2X30's),ราคา 410.00 บาท
MaxxLife 8 Oil 30's,ราคา 495.00 บาท
MaxxLife CALCIUM BORON 60's,ราคา 370.00 บาท
MaxxLife FISH COLLAGEN 110 g,ราคา 995.00 บาท
MaxxLife FISH OIL PACK (90's+30's),ราคา 365.00 บาท
VISTRA COLLAGEN PURE 30X5g/กล่อง,ราคา 682.00 บาท
MaxxLife MAG-CAL 30 ซอง/กล่อง,ราคา 510.00 บาท
ZHULIAN COFFEE PLUS กาแฟผสมโสม บรรจุ 84 ซอง,ราคา 870.00 บาท
DETTOL 4000 ml,"ราคา 1,935.00 บาท"
COMFORT100 กระบอกปัสสาวะชายและหญิง,ราคา 104.00 บาท
DETTOL 1000 ml,ราคา 595.00 บาท
เครื่องวัดความดันโลหิต AMA SOS PLUS รุ่น FT-C03-V,ราคา 760.00 บาท
CINNAMON อบเชยเทศ อ้วยอันโอสถ 100's,ราคา 108.00 บาท
TRUSLEN COFFEE PLUS 16gX10ซอง,ราคา 68.00 บาท
TRUSLEN COFFEE BLOC 13gX10ซอง,ราคา 108.00 บาท
ฟ้าทะลายโจรสกัด อ้วยอันโอสถ 45's,ราคา 140.00 บาท
ฟลาวาซอย แคปซูล 60's,ราคา 229.00 บาท
AQUA MARIS NASAL Spray STRONG 30 ml (FRX),ราคา 245.00 บาท
SINOMARIN Mini Spray 30 ml,ราคา 210.00 บาท
AQUA MARIS NASAL Spray CLASSIC 30 ml (FRX),ราคา 228.00 บาท
SINOMARIN PLUS ALGAE Spray 50 ml,ราคา 240.00 บาท
METEOSPASMYL 3X10's,ราคา 274.00 บาท
VISANNE 2 mg 2X14's (BAYER),"ราคา 2,600.00 บาท"
TOPAMINE Syrup 60 ml (BURAPHA),ราคา 16.50 บาท
ANTUSSIA Syrup 60 ml,ราคา 21.00 บาท
ICORIN KIDS 60 ml (GREATER),ราคา 33.00 บาท
DELYTE ORS รสส้ม 10x10x7.0573g/กล่อง (BKD),ราคา 392.00 บาท
AMBROCIN 30 mg 50X10's (Medicpharma),ราคา 150.00 บาท
NAPEX 10X10's (CMED),ราคา 155.00 บาท
CLATIDYNE-O 50X10's (NL),ราคา 290.00 บาท
ALLER TAB 10 mg (10X10's),ราคา 176.00 บาท
บริษัท วรมิตร ดรัก เซ็นเตอร์ จำกัด,
ติดต่อเราได้ที่,
COUGO 5X4's (BMP),ราคา 20.50 บาท
CHLORPHENIRAMINE 10X10's (BLHUA),ราคา 48.00 บาท
URITOS 0.1 mg 3X10's (Eisai),ราคา 730.00 บาท
VISTRA COLLAGEN TYPE-2 1000 mg PLUS 10 ซอง/กล่อง,ราคา 430.00 บาท
PARACAP 50X10's/กล่อง,ราคา 355.00 บาท
PANADOL Actifast 500 mg 10's (GSK),ราคา 38.00 บาท
KIT Syrup 60 ml (CP),ราคา 21.50 บาท
BRILLIOR 50 mg 56's (VIATRIS),"ราคา 1,302.00 บาท"
TESTOVIRON Depot 1X1ml (BAYER),ราคา 220.00 บาท
RANEXA 375 mg 3X20's (Menarini),"ราคา 1,820.00 บาท"
ANDROLIZ MOUTH Spray 15 ml,ราคา 98.00 บาท
MEGA PRO AMINO 10 ซอง/กล่อง,ราคา 680.00 บาท
MaxxLife IRON AMINO ACID CHELATE 30's,ราคา 365.00 บาท
MaxxLife ZINC BISGLYCINATE CHELATE 30's,ราคา 375.00 บาท
MaxxLife MULTI MINERAL 30's,ราคา 235.00 บาท
PROVAMED ALOE VERA Gel 50 g,ราคา 78.00 บาท
PROVAMED ANTI MELASMA OVER NIGHT MASK 50 g,ราคา 280.00 บาท
MEGA LIVOTONE (10X10's),"ราคา 1,227.00 บาท"
BIOFRESH MOUTH Spray 15 ml (BIOPHARM),ราคา 76.00 บาท
MaxxLife ORAL SPRAY Q10 15 ml (Wellgate),ราคา 135.00 บาท
REGENEZ HAIR TONIC 30 ml (MEGA),ราคา 208.00 บาท
GLYCEDIAB 5 mg 50X10's (RX Chumchon),ราคา 410.00 บาท
PUVADON GARGLE 30 ml (ATC),ราคา 72.00 บาท
NODOGLE Spray 15 ml,ราคา 94.00 บาท
MEGA UNOMINT 10's,ราคา 46.00 บาท
MEGA iiCARE DAILY 3X10's,ราคา 440.00 บาท
MEGA ASTAX 6 mg (3X10's),ราคา 367.00 บาท
MEGA AB PRE&PRO 10 ซอง/กล่อง,ราคา 234.00 บาท
MEGA CURCARE 250 mg (3X10's),ราคา 347.00 บาท
ENCEPHABOL FORTE 200 mg 25X10's (MERCK),ราคา 104.00 บาท
น้ำมันมะพร้าวสกัดเย็น NENT 100 ml,ราคา 78.00 บาท
NORFLOXACIN 400 mg 1X6's (RX Chumchon),ราคา 20.00 บาท
NAPROXEN 250 mg 10X10's (RX Chumchon),ราคา 220.00 บาท
MOTIGET 10 mg 14's,ราคา 85.00 บาท
MONTIGET 5 mg 14's,ราคา 218.00 บาท
METADOXIL 500 mg 10X10's (Eurodrug),ราคา 189.00 บาท
CODIPHEN 50 mg 10's (RX Chumchon),ราคา 32.00 บาท
BD MICRO-FINE 31G (0.25x8mm) 100 ชิ้น/กล่อง,ราคา 465.00 บาท
ยาแก้ไข้เด็ก ตรางู 60 ml,ราคา 26.00 บาท
ALCOHOL 70% ALSOFF 450 ml ตราเสือดาว,ราคา 33.00 บาท
บริษัท วรมิตร ดรัก เซ็นเตอร์ จำกัด,
ติดต่อเราได้ที่,
OSSIUM 200 mg (10X10's),ราคา 42.00 บาท
EMULAX 5 mg (10X10's),ราคา 65.00 บาท
NORFLEX 100 mg 5X20's (INOVA),ราคา 297.00 บาท
PROSTAGUTT 60's,ราคา 900.00 บาท
ESIDEP 10 mg (4X7's),ราคา 310.00 บาท
CARXASIN 4 mg 10X10's (M&H),ราคา 320.00 บาท
CARXASIN 2 mg 10X10's (M&H),ราคา 215.00 บาท
PREME 1X28's (TNP),ราคา 89.50 บาท
ALEREST Syrup 60 ml (RX Chumchon),ราคา 32.00 บาท
LORIUS Syrup 60 ml (SPS),ราคา 82.00 บาท
VISTRA WHEY PROTEIN 15 ซอง/กล่อง,ราคา 295.00 บาท
TONIZEP FDT 10 mg 2X14's (TO),ราคา 990.00 บาท
TERBROSIN 10X10's (RX Chumchon),ราคา 145.00 บาท
DEZTANEX 5 mg 1X10's (TEVA),ราคา 72.00 บาท
HYCLEAN PEACH ผ้าเช็ดทำความสะอาด,ราคา 100.00 บาท
HYCLEAN ผ้าเช็ดทำความสะอาด,ราคา 100.00 บาท
HYCLEAN ALOE VERA ผ้าเช็ดทำความสะอาด,ราคา 100.00 บาท
BEPANTHEN SENSIDERM Cream 20 g (BAYER),ราคา 282.00 บาท
MEGA NAT D 5000 IU 3X10's,ราคา 634.00 บาท
NEURIS 1 mg 50X10's (NEUPHARMA),"ราคา 2,200.00 บาท"
น้ำมันมะพร้าวสกัดเย็น NENT 500 ml,ราคา 256.00 บาท
น้ำมันมะพร้าวสกัดเย็น NENT 200 ml,ราคา 155.00 บาท
MUCLEAR 10's (MEGA),เหลือ 117.00 บาท
ETOMED 90 mg 3X10's (Medicpharma),ราคา 125.00 บาท
RELESTAT Ophthalmic Solution 5 ml,ราคา 285.00 บาท
AZARGA EYE Drops 5 ml,ราคา 595.00 บาท
อภัยภูเบศร กลีบบัวแดง 70's,ราคา 172.00 บาท
NEURIS 2 mg 50X10's (NEUPHARMA),"ราคา 2,280.00 บาท"
VALTREX 500 mg 10's (GSK),ราคา 850.00 บาท
MONUROL 3 g 1 ซอง/กล่อง (Zambon),ราคา 375.00 บาท
TAREG 80 mg 2X14's (Novartis),ราคา 475.00 บาท
BELFESH 10X10's (POLIPHARM),ราคา 150.00 บาท
CAL-TREOMIN PACK (2X30's+10's),ราคา 960.00 บาท
LUBERRY PLUS PACK (2X30's+10's),ราคา 880.00 บาท
เพอร์ เคอร์มิน PACK (3X30's+10's),"ราคา 1,150.00 บาท"
PLAQUENIL 200 mg 4X15's (SANOFI),"ราคา 1,060.00 บาท"
METZODIN NASAL Spray 10 ml (SPS),ราคา 54.00 บาท
NIZZY นิซซี่ น้ำเกลือพ่นจมูก 18 ml,ราคา 60.00 บาท
BUTO ASMA Inhaler (GREATER),ราคา 115.00 บาท
TOVASTIN 40 mg 30's (TO),ราคา 280.00 บาท
บริษัท วรมิตร ดรัก เซ็นเตอร์ จำกัด,
ติดต่อเราได้ที่,
PHARMATON GERIATRIC 100's,"ราคา 1,170.00 บาท"
NAPROFAZT 250 mg 5X10's/แพ็ก (MEGA),ราคา 498.00 บาท
DOFLAM 50 mg 5X10's/แพ็ก (MEGA),ราคา 382.00 บาท
PHENZ 1X10's (MEGA),ราคา 85.00 บาท
VALIAN-X 10's (MEGA),ราคา 97.00 บาท
STRESAM 50 mg (3X20's),ราคา 465.00 บาท
MORFARIN 3 mg (50X10's),ราคา 32.00 บาท
MORFARIN 5 mg (50X10's),ราคา 42.00 บาท
CHLOVAS 40 mg 3X10's (Millimed),ราคา 275.00 บาท
UNISIA (8mg/5mg) 30's,ราคา 730.00 บาท
เครื่องช่วยฟัง B-HA02,"ราคา 1,270.00 บาท"
เครื่องวัดความดัน CITIZEN รุ่น CH-657,"ราคา 1,650.00 บาท"
เครื่องวัดความดัน OMRON รุ่น HEM-7156-A,"ราคา 2,180.00 บาท"
เครื่องช่วยฟัง BEURER รุ่น HA-20,ราคา 635.00 บาท
เครื่องวัดออกซิเจนปลายนิ้ว BEURER รุ่น PO30,"ราคา 1,680.00 บาท"
เครื่องวัดความดัน NISSEI รุ่น DS-11,"ราคา 1,020.00 บาท"
DOCAINE Jelly 30 g (M&H),ราคา 85.00 บาท
VISTRA L-CARNITINE 500 mg PLUS 30's,ราคา 240.00 บาท
VISTRA ZINC 45's,ราคา 160.00 บาท
VISTRA PLANT AMIPRO PLUS VITAMIN B 30's,ราคา 170.00 บาท
CORALAN 5 mg (4X14's),"ราคา 2,355.00 บาท"
CIALIS 20 mg 4's,"ราคา 1,950.00 บาท"
AMITIZA 8 mcg 6X10's (TAKEDA),"ราคา 2,900.00 บาท"
INVOKANA 100 mg 3X10's (MERCK),"ราคา 1,650.00 บาท"
BRILINTA 90 mg 60's,"ราคา 2,850.00 บาท"
CELVISTA 60 mg 28's,"ราคา 1,530.50 บาท"
LEXEMIN 160 mg (10X10's),"ราคา 1,560.00 บาท"
LIXIANA 60 mg 28's,"ราคา 2,804.00 บาท"
VESSEL 250 LSU 50's (Abbott),"ราคา 1,860.00 บาท"
SPIRIVA 18 mcg 30's,"ราคา 1,428.00 บาท"
SPIOLTO RESPIMAT (2.5mcg/2.5mcg) Inhalation Solution,"ราคา 2,030.00 บาท"
BLACKMORES MULTI-B 30's,ราคา 190.00 บาท
Digital Thermometer ปรอทวัดไข้ดิจิตอล รุ่น MDT201 ACE+MED,ราคา 100.00 บาท
โสมเอี๊ยะตี่ บำรุงร่างกาย 61's,"ราคา 2,600.00 บาท"
NICORETTE Coolmint Gum 4 mg 105's/กล่อง,"ราคา 1,040.00 บาท"
URSOFALK 250 mg 100's,"ราคา 3,580.00 บาท"
ZEMIGLO 50 mg 28's,"ราคา 1,360.00 บาท"
MEIACT 200 mg 2X10's (Meiji),"ราคา 1,155.00 บาท"
ELIQUIS 5 mg 60's (Pfizer),"ราคา 3,575.00 บาท"
DARFLOX 10X10's (Meiji),ราคา 293.00 บาท
บริษัท วรมิตร ดรัก เซ็นเตอร์ จำกัด,
ติดต่อเราได้ที่,
BEWEL 300 mg 28's (SPS),ราคา 265.00 บาท
ALCOHOL Gel PACK 6X40ml (ศิริบัญชา),ราคา 102.00 บาท
POSPOND 5 mg 10's (TNP),ราคา 42.00 บาท
ALCOHOL 180 ml (ศิริบัญชา),ราคา 18.50 บาท
OPSACIN EYE Drops 5 ml,ราคา 21.50 บาท
STREPSILS CITRUS LEMON SUGAR FREE 16's,ราคา 83.50 บาท
หัวเกย์ MEDICAL JAPAN รุ่น M2090,ราคา 980.00 บาท
เครื่องวัดความดัน TERUMO รุ่น ES-W100,"ราคา 1,850.00 บาท"
เครื่องวัดความดัน ACE+MED รุ่น MDB803,ราคา 650.00 บาท
SOS Plus EYE PAD พลาสเตอร์ปิดตา รุ่น E5 (5.8x8.3cm) 10 ซอง/กล่อง,ราคา 90.00 บาท
SOS Plus พลาสเตอร์ใส ปิดแผล กันน้ำ รุ่น T-series (4x7cm) 3 แผ่น/กล่อง,ราคา 23.50 บาท
Q-C JELLY 50 g เจลหล่อลื่น (TO),ราคา 33.00 บาท
EASIFIX COHESIVE BANDAGE (4 cm x 2 m) 10 ม้วน/กล่อง,ราคา 665.00 บาท
EASIFIX COHESIVE BANDAGE (2.5 cm x 2 m) 10 ม้วน/กล่อง,ราคา 565.00 บาท
NIPRO SCALP VEIN SET (24G x 3/4 inch) 50 ชิ้น/กล่อง,ราคา 255.00 บาท
NIPRO SCALP VEIN SET 25G x 3/4 inch 50 ชิ้น/กล่อง,ราคา 255.00 บาท
ARM SLING No.S ผ้าคล้องแขน (Canton),ราคา 48.00 บาท
PREME FOAM 30 g,ราคา 64.00 บาท
PREME FOAM 50 g,ราคา 98.00 บาท
PAN-ENTERAL แพน-เอ็นเทอราล กลิ่นวานิลลา 400 g (OTSUKA),ราคา 245.00 บาท
NASAL KIT ชุดล้างจมูก (ANB),ราคา 28.50 บาท
AMINOLEBAN-ORAL อะมิโนเลแบน-ออราล กลิ่นส้ม 450 g (OTSUKA),ราคา 526.00 บาท
ALBU QUIK โปรตีนไข่ขาว 1000 g,"ราคา 1,060.00 บาท"
ALBU QUIK โปรตีนไข่ขาว 500 g,ราคา 615.00 บาท
HISTATAB 10X100's/แพ็ก (CPL),ราคา 54.50 บาท
STAMINA 500 ml,ราคา 280.00 บาท
ACETAR 1000 ml (OTSUKA),ราคา 46.00 บาท
STERILE WATER FOR IRRIGATION 1000 ml (OTSUKA),ราคา 32.50 บาท
STERILE WATER FOR IRRIGATION 1000 ml (ANB),ราคา 32.50 บาท
จุกล้างจมูก นุ๊มนุ่ม Klean&Kare (ANB),ราคา 26.50 บาท
ACCU-CHEK GUIDE เครื่องตรวจน้ำตาล (Roche),"ราคา 2,250.00 บาท"
ยาสีฟันเทพไทย รสมิกซ์ฟรุ๊ต 70 g,ราคา 80.00 บาท
VITAMIN E MOISTURIZING Cream 50 g (VITARA),ราคา 107.00 บาท
VISTRA ASTAXANTHIN 6 mg PLUS VITAMIN E 30's,ราคา 510.00 บาท
VISTRA ACEROLA CHERRY 1000 mg 45's,ราคา 255.00 บาท
PROPOLIZ PLUS Lozenge 10X8's (T.MAN),ราคา 150.00 บาท
SCAGEL CYBELE 19 g,ราคา 365.00 บาท
PROPOLIZ PLUS EXHERB Spray 15 ml (T.MAN),ราคา 115.00 บาท
OXECURE SULFUR SOAP 30 g สบู่ซัลเฟอร์,ราคา 37.00 บาท
Dr.Montri SOAP 70 g สบู่สิว,ราคา 26.50 บาท
บริษัท วรมิตร ดรัก เซ็นเตอร์ จำกัด,
ติดต่อเราได้ที่,
HEXENE SKIN Cleanser 100 ml (OSi),ราคา 47.00 บาท
DIABEDERM 10% Lotion 200 ml (BKD),ราคา 225.00 บาท
PROVAMED BABINI Ointment 50 g,ราคา 140.00 บาท
VISTRA CALCIUM 600 mg 90's,ราคา 405.00 บาท
BLACKMORES MULTIVITAMINS NUTRI 60's,ราคา 530.00 บาท
BLACKMORES MULTIVITAMINS NUTRI 30's,ราคา 285.00 บาท
BLACKMORES MARINE COLLAGEN ABSOLUTE 30's,ราคา 770.00 บาท
BLACKMORES GRAPE SEED FORTE 30's,ราคา 505.00 บาท
BLACKMORES EXEC-B 30's,ราคา 226.00 บาท
BLACKMORES BIO CALCIUM+D3 60's,ราคา 244.00 บาท
BLACKMORES ASTAXANTHIN 6 mg PLUS 30's,ราคา 448.00 บาท
BLACKMORES BUFFERED C 200's,ราคา 788.00 บาท
VISTRA DT DAILY FIBER 10 ซอง/กล่อง,ราคา 115.00 บาท
VISTRA KIWI EXTRACT 50 mg 30's,ราคา 325.00 บาท
VISTRA BACOPA EXTRACT 300 mg 30's,ราคา 185.00 บาท
VISTRA IMUFORTE 30's,ราคา 265.00 บาท
VISTRA REGOW 30's,ราคา 275.00 บาท
VISTRA TEERLUB 30's,ราคา 325.00 บาท
VISTRA GOTU KOLA EXTRACT PLUS ZINC 30's,ราคา 176.75 บาท
BLACKMORES CRANBERRY 15000+C 60's,ราคา 425.00 บาท
VISTRA CALCIUM 600 mg 30's,ราคา 155.00 บาท
VISTRA COLLAGEN TRIPEPTIDE 1300 mg 30's,ราคา 320.00 บาท
VISTRA GINKGO 120 mg 30's,ราคา 195.00 บาท
VISTRA B COMPLEX PLUS GINSENG 30's,ราคา 220.00 บาท
VISTRA BILBERRY EXTRACT PLUS 30's,ราคา 298.00 บาท
VISTRA TOMATO EXTRACT PLUS BETA-CAROTENE 30's,ราคา 358.00 บาท
VISTRA COENZYME Q10 30 mg 30's,ราคา 147.50 บาท
VISTRA ACEROLA CHERRY 1000 mg 100's,ราคา 520.00 บาท
VISTRA ODORLESS FISH OIL 1000 mg 100's,ราคา 215.00 บาท
VISTRA ACEROLA CHERRY 1000 mg 150's,ราคา 758.00 บาท
SALBUTAMOL 2 mg 1000's (Medicpharma),ราคา 140.00 บาท
TRIPNATOL FC 10 mg 1000's (NL),ราคา 145.00 บาท
HYDROX 10 mg 1000's (T.MAN),ราคา 160.00 บาท
MUCOPATAR 500's (PATAR),ราคา 130.00 บาท
POSIDOL 1000's,ราคา 755.00 บาท
ROXIFEN FORTE 20 mg 500's (TO),ราคา 265.00 บาท
GASPEC Tablet 1000's,ราคา 595.00 บาท
TRIPTA 10 mg 1000's (ATC),ราคา 175.00 บาท
ถ้วยทองโอสถ SODA MINT Tablet 100's,ราคา 13.50 บาท
THIAMINE B1 บรรจุ 1000's (ROTA),ราคา 248.00 บาท
บริษัท วรมิตร ดรัก เซ็นเตอร์ จำกัด,
ติดต่อเราได้ที่,
MESTO-T/F 500's,ราคา 278.00 บาท
ยาแคปซูลผสมว่านชักมดลูก สูตร 1 ตราโบว์แดง 30's,ราคา 85.00 บาท
ยาแคปซูลว่านชักมดลูก ผสมเอี๊ยะบ่อเช่า 20's (C&L),ราคา 114.00 บาท
ยาว่านชักมดลูกจอมใจ 30's,ราคา 154.00 บาท
LADI-PLUS BODY SPRAY 7 ml,ราคา 107.00 บาท
ฟ้าทะลายโจรสกัด แอนดร็อกซิล 10X10's (KMP),ราคา 335.00 บาท
TIGER BALM ยาดมตราเสือ 12 หลอด/โหล,ราคา 175.00 บาท
TIGER BACK PAIN PATCH (10x14cm) 2 แผ่น ตราเสือ,ราคา 61.00 บาท
EUCALYPTUS Spray ตรานกแก้ว (แพ็ก 2X300 ml),ราคา 402.00 บาท
FEMINE-30 1X28's (Millimed),ราคา 48.00 บาท
DERMOOTH 1X21's (Nanomed),ราคา 62.00 บาท
B-LADY 1X21's,ราคา 72.00 บาท
FITNE ชาชงสมุนไพร สูตรดั้งเดิม 10X20g/ห่อ,ราคา 42.00 บาท
TRUSLEN COFFEE BERN 13gX10ซอง,ราคา 108.00 บาท
HOM TESTOCAPS 40 mg 3X10's (Pharmahof),ราคา 280.00 บาท
MEGA CLA ADVANCE PACK (3X30's),"ราคา 1,225.00 บาท"
MEGA FLEXIGEN COLLAGEN 15 ซอง/กล่อง,ราคา 513.00 บาท
MEGA DIAVIT 5X10's/แพ็ก,ราคา 433.00 บาท
MEGA COSANOL 30's,ราคา 317.00 บาท
COLLA HEALTH POWDER คอลลาเจน 200 g,ราคา 740.00 บาท
MEGA ALERTEN 100 mg (3X10's),ราคา 590.00 บาท
MEGA MAXX OMEGA-3 PACK 60's+FISH OIL 30's,ราคา 655.00 บาท
MEGA EVENING PRIMROSE OIL 1000 mg 100's,ราคา 364.00 บาท
MEGA OPTIVIT 30's,ราคา 400.00 บาท
MEGA NAT-E 400 IU 30's,ราคา 327.00 บาท
SOS Plus ผ้าก๊อซ ปิดแผล รุ่น S-series (9x15cm) 3 แผ่น/กล่อง,ราคา 55.00 บาท
SOS Plus พลาสเตอร์ใส ปิดแผล กันน้ำ รุ่น T4 (10x25cm) 2 แผ่น/กล่อง,ราคา 82.00 บาท
SOS Plus พลาสเตอร์ใส ปิดแผล กันน้ำ รุ่น T-series (8x8cm) 3 แผ่น/กล่อง,ราคา 34.00 บาท
SOS Plus ผ้าก๊อซ ปิดแผล รุ่น S-series (12x12cm) 3 แผ่น/กล่อง,ราคา 40.00 บาท
SOS Plus ผ้าก๊อซ ปิดแผล รุ่น S-series (8x8cm) 4 แผ่น/กล่อง,ราคา 33.00 บาท
ชุดหูฟังแพทย์ STETHOSCOPE,ราคา 144.00 บาท
SOS Plus พลาสเตอร์ ปิดแผล M รุ่น S-series (4x7cm) 5 แผ่น/กล่อง,ราคา 23.00 บาท
TERUMO SYRINGE 1 ml (27G x 1/2 inch) 100 ชิ้น/กล่อง,ราคา 315.00 บาท
RUBBER BALL CLEANER ลูกยางดูดน้ำมูก (Canton),ราคา 19.00 บาท
MAMARINE BIO-C PLUS ELDERBERRY 120 ml,ราคา 280.00 บาท
LUTEIN PLUS 30's (GREATER),ราคา 195.00 บาท
RAVIT-FORT (3X10's),ราคา 40.00 บาท
FOLIVIT 5 mg 100's (SIAM),ราคา 117.50 บาท
EUROFER IRON Syrup 60 ml,ราคา 60.00 บาท
SODIUM CHLORIDE IRRIGATION 1000 ml (OTSUKA),ราคา 34.00 บาท
บริษัท วรมิตร ดรัก เซ็นเตอร์ จำกัด,
ติดต่อเราได้ที่,
ALCOHOL 12X60ml ตราเสือดาว,ราคา 82.00 บาท
ยาสตรี เบนโล 280 ml,ราคา 36.00 บาท
CERA ORS รสส้ม 100 ซอง/กล่อง (CMED),ราคา 152.00 บาท
อาปาเช่ อมสมุนไพร รสมะขามป้อม 25 ซอง/กล่อง,ราคา 405.00 บาท
ตะขาบ 5 ตัว สเปรย์แก้ไอ 20 ml,ราคา 88.00 บาท
ALCOHOL 70% SPRAY 240 ml (ศิริบัญชา),ราคา 37.50 บาท
น้ำมันผสมเสลดพังพอน ตราแม่กุหลาบ 20 ml,ราคา 80.00 บาท
TUBIGRIP ANKLE No.XL สวมข้อเท้า,ราคา 138.00 บาท
TUBIGRIP PALM No.XL สวมข้อมือ-ฝ่ามือ,ราคา 138.00 บาท
BABINI COOL PATCH Children 8 แผ่น/กล่อง,ราคา 88.00 บาท
ยาน้ำแก้ไอผสมมะขามป้อม ตราอาปาเช่ 60 ml,ราคา 16.00 บาท
ว่านชักมดลูก ตราหมอเส็ง เบอร์ 777,ราคา 40.75 บาท
ยาสตรีเพ็ญภาค สูตร 2,ราคา 30.50 บาท
ยาสตรี เบนโล 180 ml,ราคา 30.50 บาท
ยาธาตุน้ำแดง 500 ml (วิทยาศรม),ราคา 39.50 บาท
ยาธาตุน้ำแดง 300 ml (วิทยาศรม),ราคา 29.00 บาท
ยาธาตุ ๔ ตรากิเลน 300 ml,ราคา 49.00 บาท
ZINC PLUS 60's (BIOPHARM),ราคา 260.00 บาท
CALCIFEROL VITAMIN D2 (10X10's),ราคา 312.00 บาท
CALTAB 1000 mg 10X10's (Millimed),ราคา 88.00 บาท
เครื่องวัดออกซิเจนปลายนิ้ว JUMPER รุ่น JPD-500D,ราคา 880.00 บาท
VELDENT MOUTH Spray 18 ml,ราคา 89.00 บาท
Digital Thermometer ปรอทวัดไข้ดิจิตอล รุ่น MC-246 OMRON,ราคา 213.00 บาท
VOPAR 250 (10X10's),ราคา 805.00 บาท
TERUMO MEDISAFE FIT SMILE STRIP+เข็ม 30 ชิ้น/กล่อง,ราคา 485.00 บาท
GABAPENTIN 100 mg 10X10's (SANDOZ),ราคา 520.00 บาท
Digital Thermometer ปรอทวัดไข้ดิจิตอล ปลายอ่อน รุ่น T-15SC GENIAL,ราคา 70.00 บาท
SALAZINE 500 mg 10X10's (SPS),ราคา 380.00 บาท
ALCOHOL 450 ml (ศิริบัญชา),ราคา 32.00 บาท
อ้วยอันโอสถ ยาอมสมุนไพร ตรามังกรทอง รสมะแว้ง 60 หลอด,ราคา 7.75 บาท
FISHERMAN SUGAR FREE สเปียร์มิ้นท์ 24X25g,ราคา 28.00 บาท
FISHERMAN SUGAR FREE น้ำผึ้งมะนาว 24X25g,ราคา 28.00 บาท
FISHERMAN SUGAR FREE แบล็คเคอร์แรนท์ 24X25g,ราคา 28.00 บาท
FISHERMAN SUGAR FREE มะนาว 24X25g,ราคา 28.00 บาท
FISHERMAN SUGAR FREE เชอรี่ 24X25g,ราคา 28.00 บาท
FISHERMAN SUGAR FREE มิกซ์เบอรี่ 24X25g,ราคา 28.00 บาท
NASOTAPP 50X10's (RX Chumchon),ราคา 685.00 บาท
XIGDUO XR (10mg/1000mg) 4X7's Astrazeneca,"ราคา 1,555.00 บาท"
UTROGESTAN 100 mg 30's,ราคา 357.00 บาท
UTROGESTAN 200 mg 15's,ราคา 367.00 บาท
บริษัท วรมิตร ดรัก เซ็นเตอร์ จำกัด,
ติดต่อเราได้ที่,
RESPIMOL Inhaler (TO),ราคา 73.00 บาท
NEUROMET (5X10's),ราคา 262.00 บาท
SERTRALINE GPO 50 mg (2X15's),ราคา 120.00 บาท
ARCONA 90 mg (3X10's),ราคา 130.00 บาท
SOMAZINA Solution 30 ml,ราคา 735.00 บาท
IVER 6 mg 2X6's (T.MAN),ราคา 685.00 บาท
DIFFLAM FORTE THROAT Spray 15 ml,ราคา 218.00 บาท
PUROXAN 400 mg (10X10's),ราคา 140.50 บาท
EUGICA NASAL Spray 20 ml (MEGA),ราคา 0.00 บาท
ALDARA Cream 12X250mg,"ราคา 1,804.00 บาท"
HICEE 500 mg 4X15's/กล่อง (TAKEDA),ราคา 238.00 บาท
T.A. 0.1% Cream 500 g (OSi),ราคา 179.00 บาท
AROTIKA COOL Gel 35 g (BKD),ราคา 30.00 บาท
AROTIKA COOL Gel 100 g (BKD),ราคา 82.00 บาท
VOLTAREN DOUBLE Emulgel 30 g (GSK),ราคา 220.00 บาท
CAPSIKA Gel 100 g (BKD),ราคา 165.00 บาท
RUBPARIL Cream 30 g (MEDA),ราคา 0.00 บาท
MYDERMIC Cream 15 g (GREATER),ราคา 28.50 บาท
CLONOVATE Cream 15 g (TO),ราคา 49.00 บาท
TIME ORAL แผ่นปิดแผลในปาก 1.5cmX6ชิ้น/กล่อง,ราคา 97.00 บาท
MYDRIACYL 1% EYE Drops 15 ml (Alcon),ราคา 402.00 บาท
TAFLOTAN Ophthalmic Solution 2.5 ml,ราคา 485.00 บาท
PATADAY Ophthalmic Solution 2.5 ml (Novartis),ราคา 385.00 บาท
LOTEMAX 0.5% Ophthalmic Suspension 5 ml,ราคา 235.00 บาท
ZYLET Ophthalmic Suspension 5 ml,ราคา 248.00 บาท
PEMIROX Ophthalmic Solution 5 ml,ราคา 99.50 บาท
CLENS 100 LENS Drops 8 ml (Alcon),ราคา 119.00 บาท
OLMETEC 20 mg 30's,ราคา 625.00 บาท
DURATEARS LUBRICANT Ointment 3.5g (Alcon),ราคา 104.00 บาท
VIGADEXA Ophthalmic Solution 5 ml,ราคา 260.00 บาท
BACIDAL Ointment 5 g,ราคา 46.50 บาท
BACIDAL Ointment 15 g,ราคา 120.00 บาท
PAMPERIN Cream 25 g,ราคา 28.00 บาท
SKINFECT Cream 15 g (BKD),ราคา 25.50 บาท
SYNOLONE-N Cream 15 g,ราคา 44.00 บาท
TACINOL 0.1% Cream 15 g (POLIPHARM),ราคา 30.00 บาท
ESPERSON Cream 15 g (SANOFI),ราคา 88.00 บาท
CASCOR XL 120 mg (6X10's),ราคา 365.00 บาท
COVERAM (5mg/5mg) 30's,ราคา 510.00 บาท
UROFLOW 0.4 mg 3X10's (MEGA),ราคา 525.00 บาท
บริษัท วรมิตร ดรัก เซ็นเตอร์ จำกัด,
ติดต่อเราได้ที่,
LODOZ (5mg/6.25mg) 3X10's MERCK,ราคา 318.00 บาท
LODOZ (2.5mg/6.25mg) 30's MERCK,ราคา 262.00 บาท
VESICARE 10 mg (3X10's),"ราคา 1,473.00 บาท"
VESICARE 5 mg (3X10's),"ราคา 1,327.00 บาท"
DIUTROPAN 5 mg (10X10's),ราคา 76.00 บาท
ESTROFEM 2 mg 28's,ราคา 195.00 บาท
ZESTRIL 10 mg 28's (Astrazeneca),ราคา 445.00 บาท
TRIVASTAL Retard 50 mg 30's,ราคา 602.00 บาท
ZOVIRAX 200 mg 25's (GSK),"ราคา 1,036.00 บาท"
MATENOL MR 35 mg (10X10's),ราคา 510.00 บาท
MANTENOL 20 mg (10X10's),ราคา 330.00 บาท
TONAF-B Cream 15 g,ราคา 70.00 บาท
SPASMO-LYTE 20 mg 10X10's (MEDA),ราคา 183.00 บาท
DESLORATADINE 5 mg 1X10's (SANDOZ),ราคา 115.00 บาท
MEGA NORMAGUT (1X10's),ราคา 195.00 บาท
TAMBOCOR 100 mg 60's,ราคา 885.00 บาท
TAREG 160 mg 2X14's (Novartis),ราคา 665.00 บาท
SKINDURE Lotion 20 ml,ราคา 22.00 บาท
FUCIDIN-H Cream 5 g,ราคา 98.00 บาท
CICA-CARE SILICONE Gel sheet 12X15cm/กล่อง,"ราคา 2,020.00 บาท"
DOZEMO 5 mg 28's (SANDOZ),ราคา 845.00 บาท
NACOXIB 90 mg 1X5's (BKD),ราคา 45.00 บาท
CONCOR AM (5mg/10mg) 30's MERCK,ราคา 335.00 บาท
BETALOC ZOK 100 mg 30's (Astrazeneca),ราคา 235.00 บาท
FEBURIC 80 mg 30's,"ราคา 2,402.00 บาท"
OSENI (25mg/15mg) 28's TAKEDA,"ราคา 1,840.00 บาท"
ACCU-CHEK INSTANT STRIPS 25 ชิ้น/กล่อง (Roche),ราคา 440.00 บาท
ACCU-CHEK GUIDE STRIPS 50 ชิ้น/กล่อง (Roche),ราคา 780.00 บาท
PREGABALIN 25 mg 8X7's (SANDOZ),ราคา 529.00 บาท
LERMEX 800 mg 7X5's (SPS),ราคา 214.00 บาท
LERMEX 200 mg 5X5's (SPS),ราคา 48.00 บาท
TOPRELIN 75 mg 4X14's (TO),ราคา 625.00 บาท
ALENDRONATE 70 mg 4's (SANDOZ),ราคา 774.00 บาท
DICETEL 50 mg 30's (Abbott),ราคา 336.00 บาท
DOZEMO 10 mg 28's (SANDOZ),"ราคา 1,448.00 บาท"
XAMIOL Gel 15 g,ราคา 748.00 บาท
ACCU-CHEK FASTCLIX 24 ชิ้น/กล่อง (Roche),ราคา 89.00 บาท
CICA-CARE SILICONE Gel sheet 12X6cm/กล่อง,"ราคา 1,080.00 บาท"
ASTAIR 10 mg 4X7's (SPS),ราคา 124.00 บาท
DERMATIX SCAR 15 g,ราคา 698.00 บาท
บริษัท วรมิตร ดรัก เซ็นเตอร์ จำกัด,
ติดต่อเราได้ที่,
FEMOSTON 1mg/10mg 1X28's (Abbott),ราคา 614.00 บาท
FEMOSTON Conti 1mg/5mg 1X28's (Abbott),ราคา 599.00 บาท
DUPHASTON 10 mg 1X20's (Abbott),ราคา 491.00 บาท
DUODART (0.5mg/0.4mg) 30's GSK,"ราคา 1,535.00 บาท"
INTRASITE Gel 25 g,ราคา 208.00 บาท
BETADINE THROAT Spray เบตาดีน โทรตสเปรย์ 12 ml,ราคา 148.00 บาท
DERMATIX ACNE SCAR 5 g,ราคา 230.00 บาท
CICA-CARE SILICONE Gel sheet 12X3cm/กล่อง,ราคา 565.00 บาท
DYMISTA NASAL Spray 17 ml (MEDA),ราคา 654.00 บาท
CLOSONE Cream 5 g,ราคา 20.00 บาท
ขาวละออเจลป้ายปาก 24X1g/กล่อง (KLO),ราคา 250.00 บาท
VICKS BABYBALSAM 50 g,ราคา 215.00 บาท
CANESTEN O.D. 1% Cream 10 g (BAYER),ราคา 138.00 บาท
LEOPOVIDONE Gel 20 g ตราเสือดาว,ราคา 48.00 บาท
NEOPRED Cream 15 g (PDL),ราคา 16.25 บาท
PHARMICA PIROXICAM Gel 25 g,ราคา 27.00 บาท
M-BREX ลูกกลิ้ง 60 ml (Macrophar),ราคา 105.00 บาท
TIGER BALM NECK&SHOULDER RUB BOOST 50 g,ราคา 140.00 บาท
EZERRA Cream 50 g (HOE),ราคา 595.00 บาท
VIVACOR 20 mg 28's (Astrazeneca),ราคา 975.00 บาท
VIVACOR 10 mg 28's (Astrazeneca),ราคา 665.00 บาท
NEO-PENOTRAN FORTE Pessary 1X7's (Exeltis),ราคา 312.00 บาท
DERMATIX SCAR 9 g,ราคา 575.00 บาท
EXOPRED Ophthalmic Suspension 5 ml,ราคา 150.00 บาท
NOSMEN 120 mg 1X5's (BIOPHARM),ราคา 85.00 บาท
DEPAKINE CHRONO 500 mg 30's (SANOFI),ราคา 354.00 บาท
DALACIN T Solution 10 ml (Pfizer),ราคา 83.00 บาท
DAIVONEX Ointment 30 g,ราคา 585.00 บาท
DUODERM CGF (10x10cm) 5 แผ่น/กล่อง,ราคา 575.00 บาท
HERZ 1X28's (BIOPHARM),ราคา 229.00 บาท
EDARBI 40 mg (2X14's),ราคา 794.00 บาท
IMMUPLEX 300 g กลิ่นวานิลลา (MEGA),ราคา 769.00 บาท
SLINDA 1X28's (Exeltis),ราคา 320.00 บาท
EDARBI 80 mg (2X14's),"ราคา 1,260.00 บาท"
TANSY ONE 1's (Exeltis),ราคา 41.00 บาท
BACTOCLAV 1000 mg (2X7's),ราคา 92.00 บาท
QUANTIA 25 mg (3X10's),ราคา 535.00 บาท
REGELLE VAGINAL Gel 6X6.5g,ราคา 548.00 บาท
MERISLON 12 mg 3X10's (FRX),ราคา 110.00 บาท
OVINUM 50 mg 1X10's (BIOPHARM),ราคา 210.00 บาท
บริษัท วรมิตร ดรัก เซ็นเตอร์ จำกัด,
ติดต่อเราได้ที่,
BIOGAIA Drops 5 ml (Abbott),ราคา 840.00 บาท
REDUCOF ยาอม รีดูคอฟ (3X10's),ราคา 155.00 บาท
PROGESTOGEL 80 g,ราคา 317.00 บาท
INHALEX FORTE (21X4 ml),ราคา 340.00 บาท
KERDICA 20 mg 10X10's (Macrophar),ราคา 390.00 บาท
MIRACID 20 mg 10X10's (BERLIN),ราคา 185.00 บาท
พรมมิ 60's (GPO),ราคา 293.00 บาท
JUSTIMA 1X21's,ราคา 215.00 บาท
BELARA 1X21's (Abbott),ราคา 259.00 บาท
BEWEL 150 mg 28's (SPS),ราคา 170.00 บาท
ARTROFORT Powder 30 ซอง/กล่อง (MEDA),ราคา 690.00 บาท
โสมเอี๊ยะตี่ บำรุงร่างกาย 29's,"ราคา 1,450.00 บาท"
TEBONIN FORTE 120 mg (2X15's),ราคา 750.00 บาท
EZERRA Cream 25 g (HOE),ราคา 405.00 บาท
ANGELIQ 1X28's (BAYER),ราคา 880.00 บาท
VERRUMAL Solution 13 ml,ราคา 210.00 บาท
เล่งคุณ เอี๊ยะบ๊อ 500 ml,ราคา 62.00 บาท
ยาเม็ดตราไก่ดำ อ้วยอันโอสถ,ราคา 11.00 บาท
TAPAZOLE 5 mg 100's,ราคา 191.00 บาท
SKINOREN Cream 30 g,ราคา 472.00 บาท
LIVIAL 1X28's (MSD),ราคา 925.00 บาท
KLACID MR 500 mg 1X7's (Abbott),ราคา 418.00 บาท
ALEREST 10 mg 10X10's (RX Chumchon),ราคา 68.00 บาท
CARINOSE 10 mg 10X10's (RX Chumchon),ราคา 140.00 บาท
HARTER Gel สูตรร้อน 40 g,ราคา 77.00 บาท
HARTER Cream สูตรเย็น 40 g,ราคา 77.00 บาท
ยาน้ำว่านชักมดลูก ผสมเอี๊ยะบ่อเช่า 750 ml (C&L),ราคา 320.00 บาท
ชุดสามัญประจำบ้าน 13 รายการ (วิทยาศรม),ราคา 126.75 บาท
ยาหม่องผสมไพล สูตร 2 ตราวังพรม 12X20g/โหล,ราคา 370.00 บาท
KARA Shampoo 100 ml (POLIPHARM),ราคา 65.00 บาท
ยาน้ำว่านชักมดลูก ผสมเอี๊ยะบ่อเช่า 350 ml (C&L),ราคา 188.00 บาท
สตรีบัวแก้วน้ำ ตราพารา 300 ml,ราคา 45.00 บาท
ยาหม่องขาว ตราห้าเจดีย์ 12X10g/โหล,ราคา 160.00 บาท
ยาหม่องสมุนไพร ตราจอมทอง 50 g,ราคา 68.00 บาท
ยาดมสมุนไพร ตราโบว์แดง 5 g,ราคา 18.00 บาท
เจียวกู้หลาน ชนิดแคปซูล 100's (C&L),ราคา 128.00 บาท
ฟ้าทะลายโจร ชนิดแคปซูล 100's (C&L),ราคา 84.00 บาท
ขมิ้นชัน พลัส อ้วยอันโอสถ 60's,ราคา 105.00 บาท
ฟ้าทะลายโจรสกัด อ้วยอันโอสถ 60's,ราคา 96.00 บาท
พลูคาวสกัด อ้วยอันโอสถ 100's,ราคา 124.00 บาท
บริษัท วรมิตร ดรัก เซ็นเตอร์ จำกัด,
ติดต่อเราได้ที่,
GOTU KOLA ใบบัวบกสกัด อ้วยอันโอสถ 60's,ราคา 153.00 บาท
เห็ดหลินจือสกัด อ้วยอันโอสถ 100's,ราคา 248.00 บาท
ยาริดส์ ชนิดแคปซูล อ้วยอันโอสถ 100's,ราคา 104.00 บาท
แป้งเด็ก ศรีจันทร์ กระป๋อง 50 กรัม,ราคา 44.00 บาท
MORINGA มะรุมแคปซูล 200's (KLO),ราคา 196.00 บาท
ยาน้ำแก้ไอเด็ก MR.HERB อ้วยอันโอสถ 60 ml,ราคา 23.00 บาท
ยาน้ำแก้ไอผสมมะขามป้อม อ้วยอันโอสถ 60 ml,ราคา 26.00 บาท
ยาแก้ไออ้วยอัน 120 ml,ราคา 37.00 บาท
MR.HERB KIDS อ้วยอันโอสถ 60 ml,ราคา 42.50 บาท
แป้งเด็ก HIE baby กระป๋อง 200 g,ราคา 46.00 บาท
ยาน้ำแก้ไอ ตราลอร์ซู 100 ml,ราคา 39.00 บาท
อภัยภูเบศร รางจืด 70's,ราคา 65.00 บาท
ยาปอคุณเอี๊ยบ๊อ 250 ml,ราคา 58.00 บาท
ยาปอคุณเอี๊ยบ๊อ 500 ml,ราคา 115.00 บาท
กระเทียมสกัด 60's (KMP),ราคา 135.00 บาท
ยาน้ำแก้ไอมะแว้ง ไลท์ ตราไอยรา 60 ml (T.MAN),ราคา 25.00 บาท
ยาแก้ไอ ตราเสือดาว ผสมน้ำผึ้งมะนาว 60 ml,ราคา 27.50 บาท
ยาคอส สมุนไพรช่วยให้นอนหลับ อ้วยอันโอสถ 30's,ราคา 43.00 บาท
ขมิ้นชัน ชนิดแคปซูล 100's (C&L),ราคา 84.00 บาท
อภัยภูเบศร มะระขี้นก 70's,ราคา 127.00 บาท
MORINGA มะรุมแคปซูล 100's (KLO),ราคา 122.75 บาท
ยาน้ำแก้ไอ ตราเสือ 11 ตัว สูตร 11 มะแว้ง 60 ml,ราคา 17.50 บาท
ยาน้ำแก้ไอมะแว้ง ผสมเอี๊ยะปอห่อ 60 ml (C&L),ราคา 54.00 บาท
NUHAIR 2% Lotion 60 ml (POLIPHARM),ราคา 295.00 บาท
DEOLIN 40 mg (100X10's),ราคา 15.00 บาท
HCTZ 25 mg 100X10's (TO),ราคา 190.00 บาท
ASPREX 81 mg 100X10's (OSi),ราคา 3.40 บาท
RABUFEN 400 mg 25X10's (Medicpharma),ราคา 265.00 บาท
BAKAMOL 500 mg 100's (Medicpharma),ราคา 57.00 บาท
DOLOGEN (50X10's),ราคา 16.00 บาท
CANAZOL Lozenges 50X10's (TO),ราคา 320.00 บาท
MEDIC NOR 400 mg 10X10's (Medicpharma),ราคา 128.00 บาท
CAVUMOX 1 g 5X3's (SIAM),ราคา 175.00 บาท
RINTACIN 125 mg DRY Syrup 60 ml (T.MAN),ราคา 26.00 บาท
ALBEN 10 ml (BIOPHARM),ราคา 16.00 บาท
JANACIN 400 mg 25X4's (BIOPHARM),ราคา 9.00 บาท
AMK Suspension 228.5mg/5ml 70 ml (RX),ราคา 105.00 บาท
ANZAC 10X10's (BKD),ราคา 190.00 บาท
CEPHADOL 25 mg (20X10's),ราคา 336.00 บาท
HARIFIN 5 mg 3X10's (TO),ราคา 312.50 บาท
บริษัท วรมิตร ดรัก เซ็นเตอร์ จำกัด,
ติดต่อเราได้ที่,
NAVAMED 50X2's (GREATER),ราคา 138.00 บาท
GASZYM (10X10's),ราคา 267.00 บาท
AIR-X 120 mg 50X10's (RX),ราคา 14.60 บาท
ยาเม็ดเซียวซีตัน ตราเหรียญแดง 120's,ราคา 52.50 บาท
RHINALAX 60 ml (BURAPHA),ราคา 21.25 บาท
I-KIDS MOUTH Spray กลิ่นสตรอเบอร์รี่ 15 ml,ราคา 143.00 บาท
ALLERNIX Syrup 60 ml,ราคา 41.75 บาท
ALLERNIX 10 mg (1X10's),ราคา 32.50 บาท
ZERTINE Syrup 60 ml (Farmaline),ราคา 26.50 บาท
PIP NASOL Syrup 60 ml,ราคา 15.00 บาท
BRONAL Syrup 60 ml,ราคา 83.00 บาท
FLUNAGEN 10X10's (NL),ราคา 58.00 บาท
LOXIDIL FORTE 10 mg 100's (NL),ราคา 130.00 บาท
AMVAS 10 mg 10X10's (Millimed),ราคา 152.00 บาท
AMPINE 5 mg 10X10's (Millimed),ราคา 155.00 บาท
I-KIDS MOUTH Spray กลิ่นส้ม 15 ml,ราคา 140.00 บาท
CANDINOX Troche 10 mg 30X10's (CBLAB),ราคา 14.00 บาท
SPONAR 100 mg 25X4's (CBLAB),ราคา 22.00 บาท
SONAP FORTE 550 mg 10X10's (SPS),ราคา 296.00 บาท
MELOBIC 15 mg 10X10's (TO),ราคา 390.00 บาท
CLINIBLU 400 mg 50X10's (BKD),ราคา 740.00 บาท
CALTRATE SILVER 50+ 60's (GSK),ราคา 347.00 บาท
MEGA GRAPE SEED 20 mg 60's,ราคา 283.00 บาท
MEGA DHA-125 TUNA OIL 500 mg 100's,ราคา 382.00 บาท
MAPLE FORTE 12X1's (Millimed),ราคา 215.00 บาท
ยาธาตุจอมทอง 300 ml,ราคา 38.00 บาท
HIRUSCAR POST ACNE 5 g (Medinova),ราคา 154.00 บาท
SEROQUEL 200 mg 30's,"ราคา 2,745.00 บาท"
ยาธาตุน้ำขาว สหการ 200 ml,ราคา 31.50 บาท
มหาหิงคุ์ ลูกกลิ้ง 60 ml (ศิริบัญญา),ราคา 26.50 บาท
HASHI เกลือล้างจมูก 30 ซอง/กล่อง (TCP),ราคา 62.00 บาท
FOSAMAX PLUS (70mg/5600IU) 1X4's MSD,"ราคา 1,372.00 บาท"
ยาฟอกโลหิต ชนิดแคปซูล ตราสิงห์แดง 40's,ราคา 142.00 บาท
DIMENHYDRINATE 50 mg 1000's (AU),ราคา 160.00 บาท
MEGA NAT-C ESTER 1000 mg 30 ซอง/กล่อง,ราคา 220.00 บาท
T.A. 0.1% Lotion 30 g (Medicpharma),ราคา 21.00 บาท
SARA 250mg/5ml Suspension รสสตรอเบอร์รี่ 60 ml (TNP),ราคา 38.00 บาท
NEOFENAC 50 mg 50X10's (NL),ราคา 200.00 บาท
เกลือแร่ รอแยลดี ROYAL-D รสผลไม้ 10X25g/กล่อง,ราคา 20.00 บาท
AURAMOX 500 mg 50X10's (RX),ราคา 16.00 บาท
บริษัท วรมิตร ดรัก เซ็นเตอร์ จำกัด,
ติดต่อเราได้ที่,
BLACKMORES EXEC-B 120's,ราคา 665.00 บาท
SIAMOX 500 mg 1X10's (SIAM),ราคา 27.50 บาท
TIMOSIL 0.5% EYE Drops 5 ml (TEVA),ราคา 165.00 บาท
RENU 60 ml (B&L),ราคา 51.50 บาท
DIABEDERM 10% Cream 35 g (BKD),ราคา 56.00 บาท
DUREX เลิฟ,ราคา 425.00 บาท
BIOFLOR Powder 250 mg 10 ซอง/กล่อง,ราคา 250.00 บาท
BIOFLOR Capsule 250 mg (2X5's),ราคา 250.00 บาท
MOSSI GUARD แผ่นแปะกันยุง 30 แผ่น/กล่อง (T.MAN),ราคา 270.00 บาท
ยาแก้ไอมะขามป้อม ตราไอยรา 60 ml (T.MAN),ราคา 19.75 บาท
AMBROX 30 mg 10's (TNP),ราคา 23.50 บาท
LUMIGAN Ophthalmic Solution 3 ml,ราคา 396.00 บาท
FISH OIL GUMMY กลิ่นส้ม 12X50g/กล่อง (BIOPHARM),ราคา 410.00 บาท
MULTIVITAMIN GUMMY กลิ่นมิกซ์เบอร์รี่ 12X60g/กล่อง (BIOPHARM),ราคา 410.00 บาท
VITAMIN C GUMMY กลิ่นส้มและสตรอเบอร์รี่ 12X60g/กล่อง (BIOPHARM),ราคา 410.00 บาท
PURIDE 100 mg 50X10's (POLIPHARM),ราคา 9.70 บาท
MEGA NAT-D 1000 IU 60's,ราคา 382.00 บาท
MEGA ULTRAPRO 900 g กลิ่นช็อกโกแลต,"ราคา 1,448.00 บาท"
NEUMANTINE 10 mg 1X28's (Millimed),"ราคา 1,100.00 บาท"
DIABEDERM 20% Cream 35 g (BKD),ราคา 72.25 บาท
URIEF 4 mg 3X10's (Eisai),ราคา 440.00 บาท
TONIZEP 5 mg 2X14's (TO),ราคา 500.00 บาท
ALBEMED 200 mg 10X6's (Medicpharma),ราคา 125.00 บาท
ปรอทวัดไข้ ปรอทแก้ว SAFETY ARMPIT,ราคา 29.50 บาท
ANTAZALLERGE EYE Drops 10 ml (SIAM),ราคา 42.00 บาท
BANNER HI-B FISH OIL 30's,ราคา 232.00 บาท
CA-R-BON 10X10's (GREATER),ราคา 153.00 บาท
ZIMMEX 10 mg (3X10's),ราคา 30.00 บาท
KETOSTERIL 100's,"ราคา 2,865.00 บาท"
SOPMIL 40 mg 250's (TO),ราคา 210.00 บาท
SYNFONIA 1X28's (Exeltis),ราคา 276.00 บาท
DETAPAIN 2X10's (FRX),ราคา 31.00 บาท
NEUROBION (5X10's),ราคา 258.00 บาท
น้ำมันยา ตรามาร์วิน 80 ml,ราคา 41.00 บาท
ยาหม่องผสมเสลดพังพอน สูตร 2 ตราวังพรม 100 g,ราคา 102.00 บาท
CYPROHEPTADINE 4 mg 1000's (AU),ราคา 80.00 บาท
ZANIDIP 20 mg 28's (Abbott),ราคา 810.00 บาท
TORRENT 1X10's (TNP),ราคา 15.25 บาท
HYOSMAN 10 mg 1000's (T.MAN),"ราคา 1,420.00 บาท"
MADOPAR Dispersible (125) 100's Roche,ราคา 870.00 บาท
บริษัท วรมิตร ดรัก เซ็นเตอร์ จำกัด,
ติดต่อเราได้ที่,
ROSUVASTATIN 10 mg 28's (SANDOZ),ราคา 709.00 บาท
ROSUVASTATIN 20 mg 28's (SANDOZ),ราคา 880.00 บาท
NEWPHARVIT PLUS 100's (NCR),ราคา 96.00 บาท
MUCILIN 30X5g กลิ่นส้ม (BERLIN),ราคา 230.00 บาท
IMDEX CR 60 mg (2X14's),ราคา 210.00 บาท
HYDRALAZINE 50 mg 50X10's (TO),ราคา 465.00 บาท
HARTSORB 10 mg 10X10's (SIAM),ราคา 153.00 บาท
REPARIL ICE Spray 200 ml (MEDA),ราคา 238.00 บาท
TERUMO MEDISAFE EX เครื่องตรวจน้ำตาล,"ราคา 1,750.00 บาท"
BETAMETH-N Cream 15 g (OSi),ราคา 27.00 บาท
VOLTAREN Emulgel 100 g (GSK),ราคา 412.00 บาท
BACTEX Ointment 15 g,ราคา 112.00 บาท
DUTROSS DM 1X10's (TNP),ราคา 25.00 บาท
PROVAMED BABINI SOOTHING Cream 15 g,ราคา 124.00 บาท
V-Giff วีกิ๊ฟชนิดแคปซูล 30's,ราคา 186.00 บาท
T.A. 0.02% Cream 15 g (OSi),ราคา 21.00 บาท
HASHI PLUS ชุดอุปกรณ์ 15 ซอง/กล่อง (TCP),ราคา 154.00 บาท
ZOCOVIN 400 mg 7X10's (TO),ราคา 195.00 บาท
NEPRO-HP 237 ml (Abbott),ราคา 135.00 บาท
AIR-X SUGAR FREE 40 mg 10X10's (RX),ราคา 135.00 บาท
GALVUS MET (50mg/500mg) 6X10's Novartis,"ราคา 1,322.00 บาท"
OPAZ 20 mg 50X10's (BERLIN),ราคา 430.00 บาท
EXFORGE HCT (10mg/160mg/12.5mg) 4X7's Novartis,ราคา 898.00 บาท
AMOXIL 500 mg 2X10's (GSK),ราคา 110.00 บาท
SORIDE 600 mg 250's (Pharmahof),ราคา 218.00 บาท
CLOPIDOGREL 75 mg 2X14's (SANDOZ),ราคา 488.00 บาท
OUTCOME Shampoo 60 ml,ราคา 115.00 บาท
MENTHOLATUM 28 g,ราคา 41.00 บาท
OP-IZE EYE Wash ยาล้างตา 110 ml,ราคา 32.00 บาท
CARYOPIN 50's,ราคา 88.00 บาท
SOMAZINA 1000 mg 6 ซอง/กล่อง,"ราคา 1,295.00 บาท"
TUBIGRIP 2-PLY KNEE No.S สวมเข่า,ราคา 138.00 บาท
TUBIGRIP 2-PLY KNEE No.M สวมเข่า,ราคา 140.00 บาท
TUBIGRIP FEEL FREE KNEE No.L อุปกรณ์พยุงหัวเข่า,ราคา 140.00 บาท
TUBIGRIP 2-PLY KNEE No.XL สวมเข่า,ราคา 138.00 บาท
BUSONASE 64 mcg/dose 6 ml (Medicpharma),ราคา 132.00 บาท
BENZAC AC (2.5%) 15 g,ราคา 107.00 บาท
DERMIX-4 Cream 15 g,ราคา 57.00 บาท
BUFLEX Syrup 60 ml (BURAPHA),ราคา 20.50 บาท
ยาน้ำแก้ไอมะแว้ง ตรามังกรทอง สูตรไร้น้ำตาล อ้วยอันโอสถ 60 ml,ราคา 27.50 บาท
บริษัท วรมิตร ดรัก เซ็นเตอร์ จำกัด,
ติดต่อเราได้ที่,
LOREZE 5X10's/แพ็ก (MEGA),ราคา 428.00 บาท
PREGABALIN 75 mg 8X7's (SANDOZ),"ราคา 1,035.00 บาท"
123 ยาระบาย 10's,ราคา 49.50 บาท
ยาหอม ตรา 5 เจดีย์ เบอร์ 1 ขนาด 25 g,ราคา 26.00 บาท
น้ำมันดอกไม้ขาว สีน้ำเงิน 20 ml,ราคา 112.50 บาท
AMPIPEN N.L. 500 mg 500's (NL),ราคา 640.00 บาท
DIABEDERM 20% Cream 450 g (BKD),ราคา 380.00 บาท
NORVASC 10 mg (3X10's),"ราคา 1,046.00 บาท"
MERTIGO 6 mg 10X10's (SPS),ราคา 54.00 บาท
CENTRUM LUTEIN 30's,ราคา 218.00 บาท
CENTRUM LUTEIN 90's,ราคา 580.00 บาท
CLINODERM Cream 35 g (BKD),ราคา 78.00 บาท
CLINIVATE-N Cream 35 g (BKD),ราคา 62.00 บาท
HICEE 100 mg 40X4's (TAKEDA),ราคา 198.50 บาท
ยากวาดสมานลิ้น ขาวละออ 36 ซอง/กล่อง (KLO),ราคา 225.00 บาท
HIRUDOID Cream 10 g,ราคา 79.00 บาท
HIRUDOID FORTE cream 10 g,ราคา 125.00 บาท
KREMIL(20X10's),ราคา 330.00 บาท
BETAMETH-N Cream 500 g (OSi),ราคา 233.00 บาท
CLINICOLD Syrup 60 ml (BKD),ราคา 26.50 บาท
GLIMEPIRIDE 2 mg 30's (SANDOZ),ราคา 149.00 บาท
NORA Cream 10 g (TNP),ราคา 37.00 บาท
TEST MAG สารเสพติดแม็กเทสต์ ชนิดหยด 25 ชุด/กล่อง,ราคา 410.00 บาท
GRACE เกรซ โรลออนสารส้ม กลิ่นมะพร้าว,ราคา 30.25 บาท
EPIDUO Gel 15 g,ราคา 535.00 บาท
EMULAX MILK OF MAGNESIA 240 ml,ราคา 30.50 บาท
DUTROSS DM KIDS Syrup 60 ml (TNP),ราคา 32.00 บาท
ALINAMIN EX PLUS 60's,ราคา 420.00 บาท
MINRA Drops รสองุ่น 15 ml (TNP),ราคา 32.50 บาท
COVERSYL PLUS (5/1.25mg) 30's,ราคา 480.00 บาท
NSS 0.9% SODIUM CHLORIDE 100X5ml,ราคา 480.00 บาท
SENOKOT 60's,ราคา 152.00 บาท
B COMPLEX 1000's (ROTA),ราคา 180.00 บาท
SERTRALINE 50 mg 30's (SANDOZ),ราคา 290.00 บาท
น้ำผึ้งเวชพงศ์ 760 ml,ราคา 263.00 บาท
BRUSTAN 50X10's/กล่อง,ราคา 710.00 บาท
NEOTICA COOL Gel 30 g (TNP),ราคา 37.50 บาท
ยาสีฟันเทพไทย รสดั่งเดิม 30 g,ราคา 46.50 บาท
STANDARD LS อุปการณ์พยุงหลังส่วนเอว No.M (STD),ราคา 375.00 บาท
STANDARD LS อุปการณ์พยุงหลังส่วนเอว No.L (STD),ราคา 375.00 บาท
บริษัท วรมิตร ดรัก เซ็นเตอร์ จำกัด,
ติดต่อเราได้ที่,
STANDARD LS อุปการณ์พยุงหลังส่วนเอว No.XL (STD),ราคา 375.00 บาท
STANDARD KNEE SUPPORT No.M อุปกรณ์พยุงเข่า (STD),ราคา 555.00 บาท
STANDARD KNEE SUPPORT เปิดเข่า No.L (STD),ราคา 600.00 บาท
STANDARD KNEE SUPPORT No.L อุปกรณ์พยุงเข่า (STD),ราคา 555.00 บาท
STANDARD KNEE SUPPORT No.XL อุปกรณ์พยุงเข่า (STD),ราคา 555.00 บาท
STANDARD KNEE SUPPORT เปิดเข่า No.M (STD),ราคา 600.00 บาท
STANDARD KNEE SUPPORT No.XL อุปกรณ์พยุงเข่า (STD),ราคา 600.00 บาท
ผ้าก๊อซพับสำเร็จรูป ตรารถพยาบาล GAUZE 3x3 inch,ราคา 70.00 บาท
ยาอมผสมมะแว้ง รสมะนาว ตราไอยรา 20 ซอง/กล่อง (T.MAN),ราคา 400.00 บาท
ยาอมผสมมะแว้ง รสเปลือกส้ม ตราไอยรา 20 ซอง/กล่อง (T.MAN),ราคา 400.00 บาท
MYMOL 500 mg 10X10's/กล่อง,ราคา 45.00 บาท
RABEPRAZOLE 20 mg 14's (SANDOZ),ราคา 328.00 บาท
ยาสีฟันสมุนไพร รุ่งอรุณ 100 g,ราคา 40.00 บาท
KEPPRA 500 mg 6X10's (GSK),"ราคา 1,855.00 บาท"
DEGAS 50X10's (RX),ราคา 365.00 บาท
CLOSONE Cream 25 g,ราคา 58.00 บาท
METFORMIN 500 mg 50X10's (Medicpharma),ราคา 185.00 บาท
NSS NORMAL SALINE 100 ml (ANB),ราคา 18.00 บาท
ยาแก้ไอผสมมะขามป้อม ตราวังหลัง 120 ml,ราคา 27.50 บาท
GLUCOPHAGE XR 1000 mg 3X10's (MERCK),ราคา 262.00 บาท
STANDARD LS อุปการณ์พยุงหลังส่วนเอว No.XXL (STD),ราคา 375.00 บาท
PREVACID FDT 30 mg 2X14's (TAKEDA),"ราคา 1,735.00 บาท"
NUROFEN ZAVANCE 400 mg 10's,ราคา 138.00 บาท
ขมิ้นชัน ขาวละออ 100's (KLO),ราคา 68.50 บาท
ยาดมสมุนไพร สูตร 2 ตราหงส์ไทย 10 g,ราคา 395.00 บาท
TOLCHICINE 0.6 mg 10X10's (TO),ราคา 60.00 บาท
HAEMOVIT-GOLD เฮโมวิต โกลด์ 31's,ราคา 198.00 บาท
FELOPINE 5 mg 3X10's (BERLIN),ราคา 76.00 บาท
VITA C 25 mg กลิ่นเลมอน 1000's (T.MAN),ราคา 102.00 บาท
FIXOMULL STRETCH (10 cm x 10 m) 1 ม้วน/กล่อง,ราคา 420.00 บาท
PHINDROZ NASAL Spray 10 ml (TNP),ราคา 62.00 บาท
เซียงเพียว รีลิฟ ครีม 30 g,ราคา 34.00 บาท
VOLTA 25 mg 1000's (T.MAN),ราคา 140.00 บาท
TOMEI CLINDAL Gel 5 g,ราคา 34.50 บาท
VISTRA L-ARGININE PLUS 1000 mg 60's,ราคา 590.00 บาท
VOLTFAST 50 mg Powder 9 ซอง/กล่อง (Novartis),ราคา 79.00 บาท
CLOBEVATE Cream 15 g (NL),ราคา 23.00 บาท
BIO-Oil 125 ml,ราคา 405.00 บาท
BURNOVA Gel 25 g,ราคา 41.00 บาท
GEN-DM เจ็น-ดีเอ็ม 2.5 kg กลิ่นวานิลลา (OTSUKA),"ราคา 1,468.00 บาท"
บริษัท วรมิตร ดรัก เซ็นเตอร์ จำกัด,
ติดต่อเราได้ที่,
FOLIC ACID 5 mg 100X10's (CPL),ราคา 4.40 บาท
ALUTA SIMETHICONE รสมิ้นท์ 240 ml (TS),ราคา 23.00 บาท
CLOSONE Cream 15 g,ราคา 41.00 บาท
STANDARD LS อุปการณ์พยุงหลังส่วนเอว No.S (STD),ราคา 375.00 บาท
SALONPASพลาสเตอร์บรรเทาปวด (7x10cm) 5 แผ่น/กล่อง,ราคา 113.00 บาท
BLENDERA-MF เบลนเดอร่า-เอ็มเอฟ 2.5 kg (OTSUKA),ราคา 725.00 บาท
CENTRUM SILVER 50+ 30's,ราคา 283.00 บาท
CENTRUM SILVER 50+ 90's,ราคา 748.00 บาท
CEFEN 400 mg 50X10's (CPL),ราคา 6.50 บาท
SOLMAX FORTE 60 ml,ราคา 63.50 บาท
DIABEDERM 10% Cream 100 g (BKD),ราคา 140.00 บาท
แป้งผง ตราเต่า 25 g กลิ่นซากุระ,ราคา 30.00 บาท
ผ้าก๊อซพับสำเร็จรูป ตรารถพยาบาล GAUZE 4x4 inch,ราคา 113.00 บาท
MUNTI-VIM DROP 15 ml (BLHUA),ราคา 70.50 บาท
STEI 24 mg 10X10's (SPS),ราคา 405.00 บาท
RHINOTAPP Infant Drops รสองุ่น 15 ml (NL),ราคา 20.50 บาท
UCHOLINE 5 mg 10X10's (M&H),ราคา 535.00 บาท
ยาน้ำแก้ไอ ยูอีคอฟ โอเอส ผสมมะขามป้อม 120 ml,ราคา 30.50 บาท
แป้งผง ตราเต่า 25 g กลิ่นลาเวนเดอร์,ราคา 30.00 บาท
BABY BALL ปั๊มนม เก็บ รุ่นก้านโยก,ราคา 210.00 บาท
BABY BALL ถุงเก็บน้ำนม 20 ถุง,ราคา 33.00 บาท
OXY Spray 15 ml (Medicpharma),ราคา 66.00 บาท
MYOSPA 50X10's (BLHUA),ราคา 425.00 บาท
TRAJENTA 5 mg 30's,"ราคา 1,530.00 บาท"
TWYNSTA (40/5mg) 30's,ราคา 659.00 บาท
KALIMATE (100X5g),"ราคา 1,625.00 บาท"
ผ้าก๊อซพับสำเร็จรูป ตรารถพยาบาล GAUZE 2x2 inch,ราคา 40.00 บาท
DIABEDERM 10% Cream 450 g (BKD),ราคา 345.00 บาท
ยาสีฟันสมุนไพร วิเศษนิยม 100 g,ราคา 84.00 บาท
IBUMAN-PLUS 40X10's (T.MAN),ราคา 670.00 บาท
ถ้วยทองโอสถ CPM 4 mg 1000's,ราคา 42.00 บาท
BACTACIN Cream 450 g (OSi),ราคา 330.00 บาท
NSS LPSALINE NORMAL SALINE 120 ml ตราเสือดาว,ราคา 19.75 บาท
KOOLFEVER EXTRA COOL 6 แผ่น/กล่อง,ราคา 78.00 บาท
MIFORMIN 850 mg 25X10's (GREATER),ราคา 295.00 บาท
DIABEDERM 20% Cream 100 g (BKD),ราคา 165.00 บาท
SOLMAX KIDS 60 ml,ราคา 57.00 บาท
OPTIVE EYE Drops 15 ml,ราคา 182.00 บาท
NSS SODIUM IRRIGATION 1000 ml (TNP),ราคา 33.50 บาท
ไม้เท้าขาเดียว ตั้งได้+ไฟฉาย,ราคา 345.00 บาท
บริษัท วรมิตร ดรัก เซ็นเตอร์ จำกัด,
ติดต่อเราได้ที่,
ไม้เท้าขาเดียว ตั้งได้+ไฟฉาย มีเสียง,ราคา 630.00 บาท
SESAMIN งาดำสกัด อ้วยอันโอสถ 60's,ราคา 210.00 บาท
CB 400 mg 10X1's/แพ็ก (CBLAB),ราคา 56.00 บาท
ZIRIN 10 mg 5X10's/แพ็ก (MEGA),ราคา 428.00 บาท
MEGA II-CARE SET-B PACK (4X30's),ราคา 764.00 บาท
BURNOVA Gel 70 g,ราคา 79.00 บาท
FLIXOTIDE EVOHALER 125 mcg (GSK),ราคา 443.00 บาท
COMBIF AR 30's,ราคา 415.00 บาท
PIP MINOX 5 mg 100's,ราคา 110.00 บาท
DEXILANT 30mg กล่อง 28's,"ราคา 2,186.00 บาท"
DEXILANT 60mg กล่อง 28's,"ราคา 2,573.00 บาท"
VISTRA MAGNESIUM COMPLEX 30's,ราคา 165.00 บาท
CETIZAL 5 mg (1X10's),ราคา 55.00 บาท
TERUMO SYRINGE 1 ml (29G x 1/2 inch) 100 ชิ้น/กล่อง,ราคา 315.00 บาท
กระเป๋าน้ำร้อน ใบใหญ่ (Longmed),ราคา 64.00 บาท
ORTRIP 25 mg 100X10's (CPL),ราคา 14.00 บาท
SELFIDE 30 ml (TO),ราคา 29.00 บาท
SELFIDE 60 ml (TO),ราคา 47.50 บาท
SELFIDE 120 ml (TO),ราคา 75.50 บาท
NOLVADEX-D 20 mg 30's (Astrazeneca),"ราคา 2,550.00 บาท"
BEPANTHEN Ointment 50 g (BAYER),ราคา 198.00 บาท
MECOBA 500 mcg 10X10's (SPS),ราคา 150.00 บาท
MELCAM 15 mg (10X10's),ราคา 630.00 บาท
ACCU-CHEK GUIDE STRIPS 25 ชิ้น/กล่อง (Roche),ราคา 450.00 บาท
PURICAS SCAR Gel 8 g (เพียวริกาส์),ราคา 225.00 บาท
SEROQUEL XR 50 mg (6X10's),"ราคา 3,275.00 บาท"
FASTUM Gel 50 g (Menarini),ราคา 112.00 บาท
EZETIMIBE 10 mg 30's (SANDOZ),ราคา 895.00 บาท
NIKO NIKO ดูดน้ำมูกปลายยางซิลิโคน (Canton),ราคา 37.50 บาท
T CARE MINI A1 อุปกรณ์ประคบร้อนและเย็น 8x14cm,ราคา 50.00 บาท
T CARE SMALL A2 อุปกรณ์ประคบร้อนและเย็น 13x14cm,ราคา 60.00 บาท
B-FOLIC 100's (PATAR),ราคา 36.00 บาท
PUROXAN Syrup 100 ml,ราคา 106.00 บาท
ISOPTO ATROPINE 1% Ophthalmic Solution 5 ml (Alcon),ราคา 186.00 บาท
COPLAVIX (75mg/75mg) 30's SANOFI,"ราคา 2,515.00 บาท"
ORTRIP 10 mg 100X10's (CPL),ราคา 9.50 บาท
ONZET-P (200mg/5ml) 15 ml M&H,ราคา 92.00 บาท
LUTEINA 60's (T.MAN),ราคา 145.00 บาท
AMITRIPTYLINE 10 mg 50X10's (GPO),ราคา 198.00 บาท
KEPPRA Solution 300 ml (GSK),"ราคา 2,435.00 บาท"
บริษัท วรมิตร ดรัก เซ็นเตอร์ จำกัด,
ติดต่อเราได้ที่,
METRONIDAZOLE 200 mg 1000's (Medicpharma),ราคา 210.00 บาท
JARDIANCE 10 mg 30's,"ราคา 1,850.00 บาท"
KOMBIGLYZE XR (5mg/1000mg) 4X7's Astrazeneca,"ราคา 1,340.00 บาท"
SERETIDE EVOHALER (25/250) GSK,ราคา 885.00 บาท
GENTADERM Cream 5 g (TO),ราคา 20.00 บาท
GENTADERM Cream 15 g (TO),ราคา 42.00 บาท
LONNA Gel กลิ่นเชอรี่ 5 g,ราคา 32.00 บาท
T-CARE ห่วงยางเพื่อสุขภาพ พร้อมลูกยางปั๊มลม 16 นิ้ว 1 ชุด/กล่อง,ราคา 410.00 บาท
BIOGAIA CHEWABLE Tablet 10's (Abbott),ราคา 330.00 บาท
แป้งโยคี 100 g (ศิริบัญชา),ราคา 15.00 บาท
LONNA Gel กลิ่นส้ม 5 g,ราคา 32.00 บาท
TIFFYRUP 12X10g (TNP),ราคา 330.00 บาท
HASHI SALINE Spray 30 ml (TCP),ราคา 96.50 บาท
ALINAMIN EX PLUS 120's,ราคา 705.00 บาท
ยาตรีผลาแคปซูล อ้วยอันโอสถ 100's,ราคา 104.00 บาท
หลินจือ พลัส ชิตาเกะ 60's,ราคา 840.00 บาท
LEGALON 140 mg 4X10's (MEDA),ราคา 655.00 บาท
เกลือแร่ นีโอไลต์ NEO-LYTE กลิ่นส้ม 50X25g/กล่อง,ราคา 150.00 บาท
ARM SLING No.L ผ้าคล้องแขน (Canton),ราคา 48.00 บาท
ARM SLING No.M ผ้าคล้องแขน (Canton),ราคา 48.00 บาท
TRILIPIX 135 mg 3X10's (Abbott),ราคา 688.00 บาท
HASHI BABY DROP Gentle 4 ml (TCP),ราคา 44.00 บาท
HASHI Baby Drops Moist 4ml,ราคา 45.50 บาท
สำลีม้วน ตรารถพยาบาล 450 g,ราคา 112.00 บาท
DESIREL 50 mg 500's,"ราคา 2,300.00 บาท"
PEPFAMIN 20 mg 10X10's (SIAM),ราคา 185.00 บาท
ROWATINEX (10X10's),ราคา 482.00 บาท
VISTRA COLLAGEN Di PEPTIDE 30's,ราคา 365.00 บาท
TRAM 0.1% Cream 15 g (TNP),ราคา 46.00 บาท
SEROQUEL XR 300 mg 60's,"ราคา 8,400.00 บาท"
ยาน้ำเอี๊ยะบ่อเช่า ผสมว่านชักมดลูก สูตร 2 สีทอง 350 ml (C&L),ราคา 383.00 บาท
ยาน้ำเอี๊ยะบ่อเช่า ผสมว่านชักมดลูก สูตร 2 สีทอง 750 ml (C&L),ราคา 750.00 บาท
ถ้วยทองโอสถ ยาหม่องน้ำ ลูกกลิ้ง 7 ml,ราคา 32.50 บาท
ANAN ผ้าอ้อมผู้ใหญ่แบบเทป No.L-XL 10 ชิ้น/ห่อ,ราคา 268.00 บาท
GLIZID-M (10X10's),ราคา 830.00 บาท
FAVOTAN (5/100mg) 3X10's FRX,ราคา 955.00 บาท
TRAJENTA DUO (2.5mg/1000mg) 60's,"ราคา 1,530.00 บาท"
RESOLOR 1 mg 28's,ราคา 835.00 บาท
ELASTIC BANDAGE 6 inch 6 ม้วน/แพ็ก,ราคา 218.00 บาท
ยานัตถุ์หมอชิต 36 ขวด/กล่อง,ราคา 605.00 บาท
บริษัท วรมิตร ดรัก เซ็นเตอร์ จำกัด,
ติดต่อเราได้ที่,
MULTIVITAMIN 50X10's (GREATER),ราคา 260.00 บาท
สำลีแผ่น 4x4 inch ตรารถพยาบาล 450 g,ราคา 132.00 บาท
สำลีแผ่น 4x6 inch ตรารถพยาบาล 450 g,ราคา 132.00 บาท
BUSCOPAN 10 mg (10X10's),ราคา 345.00 บาท
NATEAR UD EYE Drops 28X0.8ml/กล่อง (TEVA),ราคา 202.00 บาท
NATEAR UD EYE Drops 7X0.8ml/กล่อง (TEVA),ราคา 57.00 บาท
ยาน้ำแก้ไอ ยูอีคอฟ ซีดี มะขามป้อม 120 ml,ราคา 29.00 บาท
JARDIANCE 25 mg 30's,"ราคา 2,720.00 บาท"
POLIDENT FRESH MINT Cream 20 g (GSK),ราคา 88.00 บาท
RELVAR ELLIPTA (100/25) 30 Doses GSK,"ราคา 1,060.00 บาท"
TIZAN 2 mg (5X10's),ราคา 260.00 บาท
BRINTELLIX 10 mg (2X14's),"ราคา 1,690.00 บาท"
ยาหม่องสมุนไพรไทย โพธิ์หยก 3 ขวด/กล่อง,ราคา 125.00 บาท
CAMELLA 1X21's (TNP),ราคา 73.00 บาท
CAMELLA 1X28's (TNP),ราคา 73.00 บาท
BERLONTIN 300 mg 10X10's (BERLIN),ราคา 318.00 บาท
ผ้าก๊อซ GAUZE 6 inch (Pharmahof),ราคา 175.00 บาท
หมวกตัวหนอน สีเขียว 100 ชิ้น/ห่อ,ราคา 160.00 บาท
PIP MINOX 10 mg 100's,ราคา 175.00 บาท
เก้าอี้นั่งถ่าย 12 นิ้ว 3 ขา No.S (Canton),ราคา 470.00 บาท
เก้าอี้นั่งถ่าย 16 นิ้ว 3 ขา No.M (Canton),ราคา 510.00 บาท
เก้าอี้นั่งถ่าย 20 นิ้ว 3 ขา No.L (Canton),ราคา 560.00 บาท
GREATOFEN 400 mg 25X10's/กล่อง (GREATER),ราคา 355.00 บาท
FLUDAN 50X10's (BIOLAB),ราคา 380.00 บาท
MERA 10X10's (CMED),ราคา 68.00 บาท
SMECTA 10 ซอง/กล่อง,ราคา 155.00 บาท
MANMOX DRY Syrup 125 mg กลิ่นองุ่น 60 ml (T.MAN),ราคา 19.75 บาท
VULTIN 100 mg (10X10's),ราคา 240.00 บาท
AUGMENTIN 1 g 1X10's (GSK),เหลือ 223.00 บาท
RESOLOR 2 mg 28's,"ราคา 1,445.00 บาท"
T.V.MOX DRY Syrup 125 mg กลิ่นส้ม 60 ml (T.MAN),ราคา 21.00 บาท
INFUSION SET ชุดน้ำเกลือ,ราคา 19.50 บาท
NOVAR BLACK SESAMIN PACK (2X30's+10's),ราคา 760.00 บาท
CALTRATE SILVER 50+ 120's (GSK),ราคา 597.00 บาท
BOOST OPTIMUM กลิ่นวานิลลา 800 g (Nestle),ราคา 778.00 บาท
เก้าอี้นั่งถ่าย 4 ขา พับได้ (Mobility),"ราคา 2,550.00 บาท"
BETAHIS 6 mg 10X10's (Farmaline),ราคา 92.00 บาท
BETAHIS 12 mg 10X10's (Farmaline),ราคา 138.00 บาท
ALPHAGAN Ophthalmic Solution 5 ml,ราคา 178.00 บาท
CAZOSIN 2 mg 10X10's (Millimed),ราคา 126.00 บาท
บริษัท วรมิตร ดรัก เซ็นเตอร์ จำกัด,
ติดต่อเราได้ที่,
CAZOSIN 4 mg 10X10's (Millimed),ราคา 215.00 บาท
น้ำมันยา ตรามาร์วิน สเปรย์ 20 ml,ราคา 38.50 บาท
BIOCOXIB 90 mg 5X5's (BIOPHARM),ราคา 385.00 บาท
BAINTO 250 mg 24's,ราคา 39.50 บาท
NIKO NIKO ปั้มนมเก็บพร้อมขวด (Canton),ราคา 140.00 บาท
อภัยภูเบศร ยาครีมพญายอ 10 g,ราคา 22.00 บาท
MOXIPHARM 500 mg 500's (Medicpharma),ราคา 535.00 บาท
XARATOR 20 mg 3X10's (VIATRIS),ราคา 655.00 บาท
XARATOR 10 mg 3X10's (VIATRIS),ราคา 523.00 บาท
ESPENAL 50 mg 10X10's (SPS),ราคา 235.00 บาท
LIPITOR 20 mg 3X10's (VIATRIS),"เหลือ 1,625.00 บาท"
BELCID FORTE 240 ml (BIOPHARM),ราคา 34.00 บาท
NORMETEC (5mg/40mg) 30's,ราคา 880.00 บาท
NORMETEC (5mg/20mg) 30's,ราคา 625.00 บาท
SALONPAS พลาสเตอร์บรรเทาปวด 20 ชิ้น/กล่อง,ราคา 67.00 บาท
PRADAXA 110 mg 30's,"ราคา 1,749.00 บาท"
NSS SOFCLENS 100 ml (TNP),ราคา 26.50 บาท
NSS SOFCLENS 500 ml (TNP),ราคา 36.00 บาท
NSS SOFCLENS 1000 ml (TNP),ราคา 47.00 บาท
XARELTO 20 mg 28's,"ราคา 4,555.00 บาท"
LEFTOSE 30 mg (10X10's),ราคา 205.00 บาท
ACCU-CHEK INSTANT เครื่องตรวจน้ำตาล+แถบตรวจ (Roche),"ราคา 1,490.00 บาท"
GREATOFEN 600 mg 20X10's/กล่อง (GREATER),ราคา 430.00 บาท
EBIXA 5 mg 50 ml,ราคา 0.00 บาท
สติ๊กเกอร์ หัวหอม HAPPY NOZ,ราคา 68.00 บาท
BETMESONE-N Cream 15 g,ราคา 40.00 บาท
เซียงเพียว รีลีฟ ครีม 62 g,ราคา 57.50 บาท
BUFENAC 25 mg 100X10's (BURAPHA),ราคา 206.00 บาท
VITA C 25 mg กลิ่นองุ่น 50X30's (T.MAN),ราคา 215.00 บาท
VITA C 25 mg กลิ่นสับปะรด 50X30's (T.MAN),ราคา 215.00 บาท
KAMISTAD-GEL N 10 g,ราคา 86.00 บาท
CLOTRIDREAM Cream 20 g (NL),ราคา 19.00 บาท
ENSURE 850 g กลิ่นธัญพืช (Abbott),ราคา 870.00 บาท
ENSURE GOLD 400 g สูตรใหม่ HMB กลิ่นธัญพืช (Abbott),ราคา 438.00 บาท
ZOLOFT 50 mg 30's (VIATRIS),"ราคา 1,340.00 บาท"
VITA C 25 mg กลิ่นส้ม 50X30's (T.MAN),ราคา 215.00 บาท
DIFFLAM รสไวล์ดเบอร์รี่ 8's,ราคา 23.00 บาท
DIFFLAM HONEY&LEMON รสน้ำผึ้งผสมมะนาว 8's,ราคา 23.00 บาท
DIFFLAM ORANGE+VIT C รสส้มผสมวิตามินซี 8's,ราคา 23.00 บาท
OCUSOFT LID SCRUB PLUS 30/กล่อง,ราคา 560.00 บาท
บริษัท วรมิตร ดรัก เซ็นเตอร์ จำกัด,
ติดต่อเราได้ที่,
POLIZINE 25 mg 25X10's (POLIPHARM),ราคา 196.00 บาท
BETA-DIPO Cream 25 g (TNP),ราคา 59.50 บาท
DAFLON 1000 mg (3X10's),ราคา 588.00 บาท
BUFENAC FORTE 50 mg 50X10's (BURAPHA),ราคา 220.00 บาท
HYPERCOR 5 mg 10X10's (SPS),ราคา 255.00 บาท
HYPERCOR 2.5 mg 10X10's (SPS),ราคา 210.00 บาท
EUGICA MOUTH Spray 10 ml (MEGA),ราคา 75.00 บาท
แป้งศรีจันทร์ NEW BORN กระป๋อง 150 g,ราคา 38.00 บาท
MIRAX-M 10 mg 10X10's (BERLIN),ราคา 61.50 บาท
RABEPRAZOLE 10 mg 14's (SANDOZ),ราคา 260.00 บาท
MAMARINE KIDS MULTIVITAMIN ORIGINAL 120 ml,ราคา 72.00 บาท
MAMARINE KIDS PLUS LYSINE 120 ml,ราคา 126.00 บาท
MAMARINE BIO C KIDS BOOSTER 120 ml,ราคา 248.00 บาท
FLUIMUCIL A Granules 200 mg 30 sachets/กล่อง (Zambon),ราคา 185.00 บาท
อภัยภูเบศร บอระเพ็ด 70's,ราคา 64.00 บาท
อภัยภูเบศร ยาแคปซูล ใบบัวบก 70's,ราคา 97.00 บาท
ถังขยะเก็บเข็ม PRO SAVE,ราคา 60.00 บาท
ยาหม่องผสมไพล สูตร 2 ตราวังพรม 100 g,ราคา 102.00 บาท
JANUVIA 50 mg 28's (MSD),"ราคา 1,460.00 บาท"
TOMEI ANTI-ACNE CREAM PLUS (7 in 1) 5 g,ราคา 125.00 บาท
BILAXTEN 20 mg 1X10's (Menarini),ราคา 142.00 บาท
GAVISCON Suspension กาวิสคอน มิ้นต์ 12X10ml,ราคา 277.00 บาท
DERMATOP Cream 15 g (SANOFI),ราคา 96.50 บาท
SUCTION CATHETERS สายดูดเสมหะ No.10 50 ห่อ/เส้น,ราคา 175.00 บาท
ULCEFATE Tablet 1 g 10X10's (SIAM),ราคา 710.00 บาท
SPIRIVA RESPIMAT 2.5 mcg (1X4 ml),"ราคา 1,769.00 บาท"
ACNE AID LIQUID CLEANSER OIL CONTROL 100 ml,ราคา 290.00 บาท
EXIB 90 mg 1X5's (Millimed),ราคา 52.00 บาท
TEGADERM A1 ฟิล์มกันน้ำ Size M (6x7cm) 3 ชิ้น/กล่อง,ราคา 31.00 บาท
TEGADERM A2 ฟิล์มกันน้ำ Size L (10x12cm) 3 ชิ้น/กล่อง,ราคา 65.00 บาท
ยาดมเปปเปอร์มิ้นท์ ฟิลด์ แบล็ค Inhaler 12X2ml/โหล,ราคา 242.00 บาท
HOTTA GINGER สูตรต้นตำรับ ขิง 45 g 5 ซอง/ห่อ,ราคา 42.00 บาท
ยาสีฟันเทพไทย รสดั้งเดิม 70 g,ราคา 80.00 บาท
AVAMIGRAN 1X10's (Menarini),ราคา 47.00 บาท
TOLOXIN 0.25 mg 100X10's (TO),ราคา 295.00 บาท
TEGADERM A3 ฟิล์มกันน้ำพร้อมแผ่นซับแผล Size M (5x7cm) 2 ชิ้น/กล่อง,ราคา 28.00 บาท
BAKAMOL 500 mg 10X10's (Medicpharma),ราคา 78.00 บาท
SILVERDERM Cream 450 g (TO),ราคา 315.00 บาท
PROBAC-7 30 ซอง (Interpharma),"ราคา 1,300.00 บาท"
TEGADERM A4 ฟิล์มกันน้ำพร้อมแผ่นซับแผล Size L (6x10cm) 2 ชิ้น/กล่อง,ราคา 43.50 บาท
บริษัท วรมิตร ดรัก เซ็นเตอร์ จำกัด,
ติดต่อเราได้ที่,
GLUCOMEAL 400 g กลิ่นวานิลลา (MEGA),ราคา 875.00 บาท
CARDENOL 40 mg 100X10's (TO),ราคา 4.00 บาท
TODESAAR 8 mg 3X10's (TO),ราคา 285.00 บาท
DAFIRO (10mg/160mg) 2X14's Novartis,ราคา 639.00 บาท
PIDOXAM 10 mg 10X10's (PATAR),ราคา 70.00 บาท
FOLIC ACID 5 mg 1000's,ราคา 365.00 บาท
CHLORPHENIRAMINE Syrup 60 ml,ราคา 17.00 บาท
TELFAST Suspension สำหรับเด็ก 60 ml (SANOFI),ราคา 134.00 บาท
BUFLEX 400 mg 50X10's/กล่อง (BURAPHA),ราคา 420.00 บาท
LIVERA 140 mg 1X10's (BKD),ราคา 100.00 บาท
VM BACK SUPPORT No.S เข็มขัดพยุงหลัง,ราคา 348.00 บาท
VM BACK SUPPORT No.M เข็มขัดพยุงหลัง,ราคา 360.00 บาท
VM BACK SUPPORT No.L เข็มขัดพยุงหลัง,ราคา 360.00 บาท
VM BACK SUPPORT No.XL เข็มขัดพยุงหลัง,ราคา 360.00 บาท
VM BACK SUPPORT No.XXL เข็มขัดพยุงหลัง,ราคา 360.00 บาท
DAFIRO (5mg/160mg) 2X14's Novartis,ราคา 639.00 บาท
OPPLIN EYE Wash ยาล้างตา 100 ml (TNP),ราคา 29.00 บาท
CALTAB 1250 mg 10X10's (Millimed),ราคา 102.00 บาท
JARDIANCE DUO (5mg/1000mg) 60's,"ราคา 1,950.00 บาท"
JARDIANCE DUO (12.5mg/1000mg) 60's,"ราคา 2,720.00 บาท"
AMLODAC 5 mg 10X10's (PML),ราคา 60.00 บาท
AMLODAC 10 mg 10X10's (PML),ราคา 87.00 บาท
SOLUFEN 400 mg 10's (BERLIN),ราคา 44.00 บาท
TEST GPO METH CASSETTE พร้อมอุปกรณ์ 50 ชุด/ลัง,ราคา 835.00 บาท
XIGDUO XR (5mg/1000mg) 8X7's Astrazeneca,"ราคา 1,820.00 บาท"
ACNETIN-A (0.025%) 10 g,ราคา 39.00 บาท
ACNETIN-A (0.05%) 10 g,ราคา 43.00 บาท
GOFEN 400 mg 5X10's/แพ็ก (MEGA),ราคา 405.00 บาท
BESIX (50X10's),ราคา 10.00 บาท
SOPMIL 40 mg 25X10's (TO),ราคา 235.00 บาท
VM BACK SUPPORT No.3XL เข็มขัดพยุงหลัง,ราคา 360.00 บาท
KOJI 0.6 mg 50X10's (PATAR),ราคา 250.00 บาท
PURICAS SCAR Gel 20 g (เพียวริก้าส์),ราคา 495.00 บาท
ถุงมือแพทย์ ไฮแคร์ เซนส์ Size M 100 ชิ้น/กล่อง,ราคา 109.00 บาท
GLYXAMBI (10mg/5mg) 30's,"ราคา 2,372.00 บาท"
GLYXAMBI (25mg/5mg) 30's,"ราคา 2,995.00 บาท"
COKLAVE 1000 mg 10's (RX Chumchon),ราคา 81.00 บาท
TORCOZIA 90 mg 5's (RX chumchon),ราคา 50.00 บาท
RETACNYL 0.05% Cream 30 g,ราคา 288.00 บาท
BIOGAIA Powder 10 ซอง (Abbott),ราคา 385.00 บาท
บริษัท วรมิตร ดรัก เซ็นเตอร์ จำกัด,
ติดต่อเราได้ที่,
TWYNSTA (80/10mg) 30's,ราคา 875.00 บาท
CATANAC 50 mg 25X10's (CPL),ราคา 280.00 บาท
PRIMOLUT-N 5 mg 2X15's (BAYER),ราคา 173.00 บาท
LEVOCET 5 mg 1X10's (RX Chumchon),ราคา 58.00 บาท
FISH OIL 1000 mg 60's (SML),ราคา 180.00 บาท
FISH OIL 1000 mg 100's (SML),ราคา 210.00 บาท
กระเป๋าน้ำร้อนคละสี ใบใหญ่ GS,ราคา 84.00 บาท
RITA 1X21's (BIOPHARM),ราคา 43.00 บาท
RITA 1X28's (BIOPHARM),ราคา 43.00 บาท
HYDROCHLOROTHIAZIDE HCTZ 50 mg 100X10's (TO),ราคา 240.00 บาท
ALCIDOL 0.25 mcg 10X10's (Macrophar),ราคา 320.00 บาท
PHAMAMIN 50 mg 100X10's (CPL),ราคา 180.00 บาท
TIGERPLAST LEOPOVIDONE 15 ml,ราคา 23.75 บาท
กระชายดำ ขาวละออ 100's (KLO),ราคา 160.00 บาท
NASOL Spray 15 ml,ราคา 79.00 บาท
PATAR ENEMA 10X20ml (PATAR),ราคา 56.00 บาท
TIGER BALM PLASTER COOL (7x10cm) สูตรเย็น 5 ห่อ,ราคา 225.00 บาท
TIGER BALM PLASTER WARM (7x10cm) สูตรร้อน 5 ห่อ,ราคา 225.00 บาท
LOXIDIL 5 mg 100's (NL),ราคา 84.00 บาท
MASK หน้ากากอนามัย SURE สีเขียว 50 ชิ้น/กล่อง,ราคา 36.00 บาท
แป้นถุงถ่าย WELLAND รุ่น VALORE XT2F613 5 ชิ้น/กล่อง,ราคา 670.00 บาท
ถุงอุจจาระ WELLAND รุ่น VALORE XT2D960 30 ชิ้น/กล่อง,"ราคา 1,580.00 บาท"
PATBLUE 500 mg เม็ดรี 50X10's (TNP),ราคา 355.00 บาท
PEPPERMINT FIELD MASK DROP แมสก์ ดรอป กลิ่นเฟรชมิ้นท์ 12X3ml/กล่อง,ราคา 320.00 บาท
PEPPERMINT FIELD MASK DROP แมสก์ ดรอป กลิ่นแบล็คมิ้นท์ 12X3ml/กล่อง,ราคา 320.00 บาท
เซียงเพียว แมสก์ดรอป MASK DROP กลิ่นธรรมดา 12X3ml/กล่อง,ราคา 320.00 บาท
MYOGESIC (50X10's),ราคา 260.00 บาท
CARDIPOT 20 mg 10X10's (BERLIN),ราคา 395.00 บาท
BERLONTIN 100 mg 10X10's (BERLIN),ราคา 212.00 บาท
SOMINAR 25 mg 10's (CBLAB),ราคา 24.00 บาท
BIOGAIA GASTRUS CHEWABLE Tablet 10's (Abbott),ราคา 358.00 บาท
MYBACIN มายบาซิน โอทีซี รสมิ้นท์ 20X8's (GREATER),ราคา 145.00 บาท
MYBACIN มายบาซิน โอทีซี รสมิ้นท์ 140X8's (GREATER),ราคา 9.20 บาท
MYOPAS 100X10's (T.MAN),ราคา 460.00 บาท
GAVISCON ADVANCE PEPPERMINT กาวิสคอน 24X10ml,ราคา 715.00 บาท
PROBAC-10 PLUS 30 ซอง (Interpharma),"ราคา 2,750.00 บาท"
FOLI-C 100's (PATAR),ราคา 43.00 บาท
ABILIFY 10 mg 3X10's (OTSUKA),"ราคา 4,500.00 บาท"
LADI Lotion 3 ml,ราคา 32.00 บาท
ยาหอม ตรา 5 เจดีย์ เบอร์ 2 ขนาด 9 g,ราคา 11.00 บาท
บริษัท วรมิตร ดรัก เซ็นเตอร์ จำกัด,
ติดต่อเราได้ที่,
ยาหอม ตรา 5 เจดีย์ ชนิดหลอด 12X1g/กล่อง,ราคา 33.00 บาท
ACA 2 mg 1000's (ATC),ราคา 220.00 บาท
ACCU-CHEK ACTIVE STRIPS 25 ชิ้น/กล่อง (Roche),ราคา 433.00 บาท
ACNE AID BAR 100 g,ราคา 180.00 บาท
DECAVITAMIN 500's (Macrophar),ราคา 440.00 บาท
ACNE AID LIQUID CLEANSER OIL CONTROL 100 ml,ราคา 144.00 บาท
ACTOS 15 mg (3X10's),"ราคา 1,407.00 บาท"
ACTOS 30 mg (3X10's),"ราคา 2,262.00 บาท"
AERIUS 5 mg 10's (ORGANON),ราคา 252.00 บาท
AIR-X รสมินท์ 50X10's (RX),ราคา 12.40 บาท
AIR-X DROP 15 ml (RX),ราคา 46.50 บาท
AIR-X 80 mg รสส้ม 50X10's (RX),ราคา 12.40 บาท
ALBEN 200 mg 1X2's (BIOPHARM),ราคา 7.50 บาท
ALBER-T Cream 10 g (UNISON),ราคา 41.50 บาท
ALCOHOL PACK 6X60ml (ศิริบัญชา),ราคา 8.50 บาท
ALCOHOL SPRAY 30 ml (ศิริบัญชา),ราคา 28.00 บาท
ALDACTONE 25 mg (10X10's),ราคา 317.00 บาท
ALDOMET 250 mg (50X10's),ราคา 23.00 บาท
ALOE Gel 30 g,ราคา 36.00 บาท
MINRA 1X10's (TNP),ราคา 19.00 บาท
AMBROX 60ml (กลิ่นราสเบอรี่),ราคา 28.00 บาท
AMBROX Junior 60ml (กลิ่นราสเบอรี่),ราคา 28.00 บาท
AMICOF Syrup สำหรับเด็ก 60 ml,ราคา 23.00 บาท
AMICOF Syrup สำหรับผู้ใหญ่ 60 ml,ราคา 29.50 บาท
AMMELTZ 48 ml,ราคา 94.00 บาท
AMMELTZ 82 ml,ราคา 136.00 บาท
AMMONIA แอมโมเนียหอม 30 ml (วิทยาศรม),ราคา 13.50 บาท
AMOKSIKLAV 1000 mg 1X10's (SANDOZ),เหลือ 113.00 บาท
AMOXY RX 500 mg 50X10's (RX),ราคา 18.75 บาท
AMXOL BIOLAB กล่อง (10X10's),ราคา 76.00 บาท
AMXOL Syrup 60 ml (BIOPHARM),ราคา 19.00 บาท
ANAMAI 1X28's (TNP),ราคา 21.00 บาท
ANAPRIL 20 mg 10X10's (BERLIN),ราคา 100.00 บาท
ANAPRIL 5 mg 10X10's (BERLIN),ราคา 62.00 บาท
ANNA แอนนา 1X28's (TNP),ราคา 23.60 บาท
ANTACIL 50X10's (TNP),ราคา 495.00 บาท
ANTACIL Gel 1000 ml (TNP),ราคา 144.00 บาท
ANTACIL Gel 240 ml (TNP),ราคา 43.50 บาท
ANTACIL Gel 450 ml (TNP),ราคา 74.00 บาท
ANTERGAN Cream 10 g (TNP),ราคา 25.00 บาท
บริษัท วรมิตร ดรัก เซ็นเตอร์ จำกัด,
ติดต่อเราได้ที่,
APROVEL 150mg (2X14's),ราคา 630.00 บาท
ARISTOCORT 0.02% Cream 15 g,ราคา 45.50 บาท
ARISTOCORT 0.1% Cream 15 g,ราคา 73.00 บาท
ASMASOLON (10X10's),ราคา 190.00 บาท
ASMOPHEN 12X10's (PDL),ราคา 105.00 บาท
ASPENT 300 mg 1000's,ราคา 485.00 บาท
AUREOMYCIN 250 mg (12X10's),ราคา 51.00 บาท
AUREO Ointment 5 g,ราคา 31.50 บาท
SAMBEE B1-6-12 บรรจุ 1000's (Medicpharma),ราคา 355.00 บาท
VITAMIN B1-6-12 บรรจุ 500's (GPO),ราคา 210.00 บาท
VITAMIN B COMPLEX 1000's เม็ดสีแดง (ROTA),ราคา 215.00 บาท
VITAMIN B COMPLEX 1000's เม็ดสีเหลือง (ROTA),ราคา 215.00 บาท
BACTIGRAS 10x10cm,ราคา 198.00 บาท
ไวท์ฟาร์ม นมอัดเม็ด ช็อกโกแลต 10 ซอง/กล่อง,ราคา 80.00 บาท
BANNER SOY PROTEIN+LECITHIN 30's,ราคา 190.00 บาท
BANNER GOLD PLUS MULTIVITAMINS+ZINC 60's,ราคา 430.00 บาท
BANOCIN Powder 10 g,ราคา 41.00 บาท
BEBIDOL 120 ml (TNP),ราคา 34.00 บาท
BEGESIC Cream 30 g (BERLIN),ราคา 28.00 บาท
BELCID 1000 ml (BIOPHARM),ราคา 84.50 บาท
BELCID 240 ml (BIOPHARM),ราคา 34.00 บาท
BENDA 500 mg 1's (TNP),ราคา 15.50 บาท
BENDA 500 mg 1's กลิ่นมะนาว (TNP),ราคา 15.50 บาท
BENDA Suspension กลิ่นผลไม้ 30 ml,ราคา 18.75 บาท
BERAMOL Drops 15 ml (BMP),ราคา 19.00 บาท
BERAMOL DEK Syrup รสเชอร์รี่ 60 ml (BMP),ราคา 16.00 บาท
BERCLOMIN Tablets 50X10's (POLIPHARM),ราคา 10.50 บาท
BERCLOMIN Syrup 60 ml (POLIPHARM),ราคา 23.50 บาท
BERODUAL FORTE UDV 20X4ml,ราคา 654.00 บาท
BERODUAL Solution 20 ml,ราคา 382.00 บาท
BERODUAL MDI 10 ml,ราคา 307.00 บาท
BETADINE SURGICAL SCRUB 500 ml,ราคา 192.00 บาท
BETADINE Solution 30 ml,ราคา 67.50 บาท
BETADINE Solution 500 ml,ราคา 235.00 บาท
BETALOL 10 mg 100X10's (BERLIN),ราคา 5.50 บาท
BETAMETHASONE-N Cream 15 g (GPO),ราคา 41.50 บาท
BETAMETHASONE Cream 15 g (GPO),ราคา 25.25 บาท
BETHASONE Cream 5 g (GREATER),ราคา 15.50 บาท
BETHASONE Cream 15 g (GREATER),ราคา 31.00 บาท
BETAMETHASONE Cream 5 g (GPO),ราคา 14.50 บาท
บริษัท วรมิตร ดรัก เซ็นเตอร์ จำกัด,
ติดต่อเราได้ที่,
BETHASONE-N Cream 15 g (GREATER),ราคา 33.00 บาท
BETHASONE-N 5 g (GREATER),ราคา 16.75 บาท
BETNOVATE Cream 15 g (GSK),ราคา 87.00 บาท
BETNOVATE SCALP 30 ml (GSK),ราคา 162.00 บาท
BETNOVATE-N Cream 15 g (GSK),ราคา 101.00 บาท
BETOSALIC Ointment 15 g (TO),ราคา 49.00 บาท
BLACKMORES MAGNESIUM 50's,ราคา 308.00 บาท
BLACKMORES BIO C 1000 mg 150's,ราคา 785.00 บาท
BIOCALM 50 mg 50X10's (BIOPHARM),ราคา 9.50 บาท
BIOTAPLEX-BC (50X10's),ราคา 19.00 บาท
BIOTIN 600 mcg 60's,ราคา 245.00 บาท
BIOZOLE 150 mg 1's (BIOPHARM),ราคา 25.00 บาท
BIOZOLE 200 mg 5X10's (BIOPHARM),ราคา 118.00 บาท
BISOLVON EX 125 ml (SANOFI),ราคา 98.50 บาท
BISOLVON EX 60 ml (SANOFI),ราคา 52.50 บาท
BISOLVON PEDIATRIC 60 ml (SANOFI),ราคา 48.50 บาท
BLOPRESS 16 mg 4X7's (TAKEDA),ราคา 980.00 บาท
BLOPRESS 8 mg 4X7's (TAKEDA),ราคา 679.00 บาท
BLOPRESS PLUS 8 mg 4X7's (TAKEDA),ราคา 679.00 บาท
BABY COUGH Syrup 60 ml (ATC),ราคา 16.50 บาท
BONJELA 15 g,ราคา 165.00 บาท
BOTAN รสดั้งเดิม 24 ตลับ,ราคา 14.50 บาท
BOTAN MINT BALL SUGAR FREE (20X20's),ราคา 395.00 บาท
BRAND'S รังนก คลาสสิคผสมน้ำตาลกรวด 70 ml,"ราคา 1,550.00 บาท"
BRAND'S ซุปไก่สกัด ผสมวิตามินบีคอมเพล็กซ์และธาตุเหล็ก 60's,ราคา 328.00 บาท
BRYGEL 50X10's (Brywood),ราคา 10.50 บาท
BRYGEL 240 ml (Brywood),ราคา 61.50 บาท
C-20 Mouthwash 180 ml (OSi),ราคา 41.00 บาท
CALSOURCE 500 mg Effervescent 20's (GSK),ราคา 257.00 บาท
CADEXCIN-N EYE-EAR Drops 4 ml (TNP),ราคา 21.00 บาท
CADRAMINE-V Lotion 60 ml,ราคา 20.00 บาท
CADRAMINE-V Lotion 120 ml,ราคา 28.50 บาท
CAFERGOT (1X10's),ราคา 59.00 บาท
CALAMINE 120 ml (ศิริบัญชา),ราคา 22.00 บาท
CALAMINE 450 ml (ศิริบัญชา),ราคา 47.00 บาท
PANADOL Children 250mg/5ml รสส้ม 60 ml (GSK),ราคา 59.00 บาท
CALTRATE 600 mg 60's (GSK),ราคา 240.00 บาท
CALTRATE PLUS 60's (GSK),ราคา 312.00 บาท
CANAZOL-BE Cream 15 g (TO),ราคา 39.00 บาท
CANAZOL-BE Cream 5 g (TO),ราคา 20.00 บาท
บริษัท วรมิตร ดรัก เซ็นเตอร์ จำกัด,
ติดต่อเราได้ที่,
CANDID EAR Drops 15 ml,ราคา 68.50 บาท
CANDIX Solution 15 ml (NL),ราคา 21.75 บาท
CANESTEN Cream 10 g (BAYER),ราคา 83.50 บาท
CANESTEN Cream 20 g (BAYER),ราคา 143.50 บาท
CANESTEN Vaginal Tablets 100 mg 6's (BAYER),ราคา 156.00 บาท
CANESTEN Vaginal Tablet 500 mg 1's (BAYER),ราคา 170.00 บาท
CAPIROX 10 mg 10's,ราคา 16.00 บาท
CAPIROX 20 mg 10's,ราคา 21.00 บาท
CAPSIKA Gel 35 g (BKD),ราคา 61.00 บาท
CAPSULE No.0 แคปซูลเปล่า 1000 ชิ้น/ถุง,ราคา 88.00 บาท
CAPSULE No.1 แคปซูลเปล่า 1000 ชิ้น/ถุง,ราคา 80.00 บาท
CARDIL 120 mg 100's,"ราคา 1,620.00 บาท"
CARDIPRIN 100 mg (3X30's),ราคา 238.00 บาท
CARDURA 1 mg (10X10's),ราคา 113.00 บาท
CARDURA 2 mg (10X10's),ราคา 133.00 บาท
CARDURA 4 mg (10X10's),ราคา 186.00 บาท
CATAFLAM 50 mg 2X10's (Novartis),ราคา 168.00 บาท
CATALIN Ophthalmic Solution 15 ml,ราคา 135.00 บาท
CATHERINE กลิ่นเก็กฮวย 32 ซอง/กล่อง,ราคา 99.50 บาท
CATHERINE กลิ่นเก็กฮวย 16 ซอง/กล่อง,ราคา 60.50 บาท
CELEBREX 200 mg (10X10's),ราคา 234.00 บาท
CEMOL 500 mg 100's (CPL),ราคา 26.50 บาท
CENTRUM NEW FORMULA 100's,ราคา 684.00 บาท
CENTRUM NEW FORMULA 30's,ราคา 224.00 บาท
XARATOR 40 mg 3X10's (VIATRIS),ราคา 815.00 บาท
CETAPHIL 250 ml,ราคา 285.00 บาท
CETAPHIL 500 ml,ราคา 430.00 บาท
CETRIZIN 10X10's (TO),ราคา 62.00 บาท
CETTEC 10X10's (Medicpharma),ราคา 55.00 บาท
CETTEC Syrup 100 ml (Medicpharma),ราคา 20.00 บาท
ยาเม็ด ตรางามระหง 80's,ราคา 38.00 บาท
ยาชง ตรางามระหง 60 g,ราคา 61.00 บาท
ชาพยัพเมฆ 36 ซอง/กล่อง,ราคา 190.00 บาท
CHALKTAP 1250 mg (50X10's),ราคา 19.80 บาท
CHALKTAP 1500 mg (50X10's),ราคา 21.00 บาท
CHLORPHENIRAMINE 10X100's/แพ็ก (AU),ราคา 66.00 บาท
CHLORPHENIRAMINE 1000's (AU),ราคา 34.00 บาท
CHLOR-PYRAD Ointment 15 g,ราคา 15.50 บาท
CHRONOL (25X4's),ราคา 206.00 บาท
CIFLOXIN 500 mg 1X10's (SIAM),ราคา 66.00 บาท
บริษัท วรมิตร ดรัก เซ็นเตอร์ จำกัด,
ติดต่อเราได้ที่,
CISTEINE 100 mg 60 ml (TNP),ราคา 33.00 บาท
CISTEINE 250 mg 60 ml (TNP),ราคา 36.50 บาท
CLARITYNE 10 mg 1X10's (BAYER),ราคา 130.00 บาท
CLARON 500 mg 10's (SIAM),ราคา 225.00 บาท
CLINDA-M 15 ml,ราคา 44.50 บาท
CLOBET Cream 10 g (BIOPHARM),ราคา 34.00 บาท
CLOBET Cream 5 g (BIOPHARM),ราคา 23.00 บาท
CLOTON Syrup 60 ml (TNP),ราคา 20.00 บาท
CO-DIOVAN (160/25mg) กล่อง 2X14's,ราคา 845.00 บาท
CO-DIOVAN (80/12.5) 2X14's Novartis,ราคา 635.00 บาท
PATAR COD LIVER OIL 1000's (PATAR),ราคา 445.00 บาท
COLATUS Syrup 60 ml (TNP),ราคา 25.00 บาท
COLCHICINE 0.6 mg 10X10's (Medinova),ราคา 455.00 บาท
NEXCARE COLD HOT PACK Size M (3M),ราคา 135.00 บาท
COLOFAC 135 mg 5X10's (Abbott),ราคา 431.00 บาท
COMBIZYM (10X10's),ราคา 72.00 บาท
CON CON 15 ml (BLHUA),ราคา 40.50 บาท
CONCOR 5 mg 10X10's (MERCK),ราคา 83.50 บาท
CONTROLOC 40 mg 14's (TAKEDA),ราคา 840.00 บาท
CORDARONE 200 mg 30's (SANOFI),ราคา 590.00 บาท
สำลีแผ่น ตรารถพยาบาล 50 g,ราคา 21.00 บาท
สำลีม้วน ตรารถพยาบาล 25 g,ราคา 11.00 บาท
สำลีก้อน 0.35 กรัม ตรารถพยาบาล 450 g,ราคา 128.00 บาท
COUNTERPAIN Cream 120 g (TAISHO),ราคา 126.75 บาท
COUNTERPAIN Cream 30 g (TAISHO),ราคา 43.50 บาท
COUNTERPAIN Cream 60 g (TAISHO),ราคา 73.50 บาท
COUNTERPAIN COOL Gel 120 g (TAISHO),ราคา 134.50 บาท
COUNTERPAIN COOL Gel 30 g (TAISHO),ราคา 51.00 บาท
COUNTERPAIN COOL Gel 60 g (TAISHO),ราคา 80.00 บาท
COZAAR 50 mg 30's (MSD),ราคา 890.00 บาท
CURAM 1000 mg 6X2's (SANDOZ),ราคา 164.00 บาท
CYCLO-PROGYNOVA 1X21's (BAYER),ราคา 167.00 บาท
เกลือแร่ ดีแชมป์ DECHAMP รสส้ม 50 ซอง/กล่อง,ราคา 152.00 บาท
DAFLON 500 mg 30's,ราคา 285.00 บาท
DALACIN 300 mg (2X10's),ราคา 488.00 บาท
DERMATIX SCAR 5 g,ราคา 347.00 บาท
I RON F 200 mg 100X10's (PATAR),ราคา 240.00 บาท
TERUMO MEDISAFE EX STRIPS+เข็ม 30 ชิ้น/กล่อง,ราคา 485.00 บาท
DEPAKINE 200 mg 40's (SANOFI),ราคา 181.50 บาท
DEPAKINE Solution 60 ml (SANOFI),ราคา 254.00 บาท
บริษัท วรมิตร ดรัก เซ็นเตอร์ จำกัด,
ติดต่อเราได้ที่,
DEPO-GESTIN 3 ml (ANB),ราคา 17.50 บาท
DERMATOP Cream 5 g (SANOFI),ราคา 52.50 บาท
DERMAZIN Cream 25 g (SANDOZ),ราคา 65.00 บาท
DERMOVATE Cream 15 g (GSK),ราคา 150.00 บาท
DERMOVATE Cream 5 g (GSK),ราคา 54.50 บาท
DERMOVATE Ointment 5 g (GSK),ราคา 57.00 บาท
DERMOVATE SCALP 30 ml (GSK),ราคา 187.00 บาท
DESEC 20 mg 2X10's (TO),ราคา 34.00 บาท
DETTOL 500 ml,ราคา 415.00 บาท
DexOph EYE-EAR Drops 4 ml,ราคา 23.00 บาท
DIANE-35 1X21's (BAYER),ราคา 163.50 บาท
DICHLOTRIDE (50X10's),ราคา 14.00 บาท
DICLOCILLIN 250 mg 500's (TO),ราคา 525.00 บาท
DICLOCILLIN 500 mg 250's (TO),ราคา 495.00 บาท
DIFELENE 25 mg 10's (TNP),ราคา 13.00 บาท
DIFELENE 50 mg 10's (TNP),ราคา 20.50 บาท
DIFELENE Gel 30 g (TNP),ราคา 34.00 บาท
DIFELENE Gel 60 g (TNP),ราคา 60.00 บาท
DILATREND 12.5 mg (10X10's),ราคา 232.00 บาท
DILATREND 25 mg (10X10's),ราคา 255.00 บาท
DILIZEM 30 mg 10X10's (BERLIN),ราคา 158.00 บาท
DIMENHYDRINATE 100X10's (AU),ราคา 215.00 บาท
DIORA 1X21's (TNP),ราคา 36.00 บาท
DIORA 1X28's (TNP),ราคา 36.00 บาท
DIOVAN 160 mg 2X14's (Novartis),ราคา 745.00 บาท
DIOVAN 80 mg 2X14's (Novartis),ราคา 592.00 บาท
DIPROSALIC Ointment 15 g,ราคา 233.00 บาท
DIPROSALIC Ointment 5 g,ราคา 103.00 บาท
DIPROSONE Cream 15 g,ราคา 143.00 บาท
DIPROTOP Ointment 5 g,ราคา 80.00 บาท
DETRUSITOL SR 4 mg 30's,"ราคา 1,690.00 บาท"
DITIZEM 30 mg 10X10's (SIAM),ราคา 193.00 บาท
DOPROCT Ointment 10 g (CP),ราคา 55.00 บาท
DOPROCT Suppository 10's (CP),ราคา 55.00 บาท
DOSANAC Gel 25 g (SIAM),ราคา 42.50 บาท
DOXYCLATE 100 mg 500's (TO),ราคา 395.00 บาท
DRAMAMINE 50 mg 10X10's (TAISHO),ราคา 147.00 บาท
DULCOLAX Suppository 10's,ราคา 127.00 บาท
DUPHALAC 200 ml (Abbott),ราคา 226.00 บาท
DURAN 400 mg 1X10's (TNP),ราคา 20.00 บาท
บริษัท วรมิตร ดรัก เซ็นเตอร์ จำกัด,
ติดต่อเราได้ที่,
DURAN Syrup 60 ml (TNP),ราคา 28.00 บาท
DUREX คิงเท็ค 3 ชิ้น/กล่อง,ราคา 39.50 บาท
DUREX สตรอเบอร์รี่ 3 ชิ้น/กล่อง,ราคา 67.50 บาท
DUREX เซนเซชั่น 3 ชิ้น/กล่อง,ราคา 67.50 บาท
DUTROSS 60 ml (TNP),ราคา 22.00 บาท
DUTROSS EX 60 ml (TNP),ราคา 34.00 บาท
ELMETACIN COOL Spray 50 ml,ราคา 128.00 บาท
ELOMET Cream 15 g,ราคา 196.00 บาท
ELOMET 0.1% Cream 5 g (MSD),ราคา 95.00 บาท
ELOMET Lotion 30 ml (MSD),ราคา 377.00 บาท
EMLA 5% Cream 30 g,ราคา 665.00 บาท
EMULAX BISACODYL 1000's,ราคา 132.00 บาท
ENARIL 20 mg 10X10's (BIOPHARM),ราคา 90.00 บาท
ENARIL 5 mg 10X10's (BIOPHARM),ราคา 59.50 บาท
ENSURE 850 g กลิ่นวานิลลา (Abbott),ราคา 0.00 บาท
BLACKMORES EVENING PRIMROSE OIL 1000 mg 60's,ราคา 415.00 บาท
EQUAL CLASSIC ชนิดผง 50 ซอง,ราคา 78.00 บาท
EQUAL CLASSIC Tablets 100's,ราคา 82.00 บาท
ERFUZIDE 30 ml,ราคา 23.00 บาท
ESPERSON Cream 5 g (SANOFI),ราคา 40.50 บาท
EUCALYPTUS OIL 15 ml (วิทยาศรม),ราคา 34.00 บาท
EUCALYPTUS OIL 30 ml (วิทยาศรม),ราคา 52.00 บาท
BLACKMORES EXEC-B 60's,ราคา 370.00 บาท
EXLUTON 1X28's (MSD),ราคา 98.00 บาท
EZON-T Ointment 10 g (UNISON),ราคา 40.00 บาท
EZON-T Solution 10 ml (UNISON),ราคา 41.50 บาท
FML Ophthalmic Suspension 5 ml,ราคา 86.00 บาท
FMP 1X28's (TNP),ราคา 21.00 บาท
FAIRE VISA 12กล่องX3ชิ้น/โหล,ราคา 165.00 บาท
FASTUM Gel 30 g (Menarini),ราคา 78.00 บาท
FBC (20X100's),ราคา 64.00 บาท
FENISTIL Gel 20 g,ราคา 59.00 บาท
FERLI-6 1000's,ราคา 288.00 บาท
FISHERMAN เขียวมิ้นท์ 24X25g,ราคา 28.00 บาท
FISHERMAN SUGAR FREE มิ้นท์ 24X25g,ราคา 28.00 บาท
FISHERMAN ANISEED 24X25g,ราคา 28.00 บาท
FISHERMAN รสดั้งเดิม 24X25g,ราคา 28.00 บาท
FITNE ชาชงสมุนไพร กลิ่นเก็กฮวย 8X20g/ห่อ,ราคา 42.00 บาท
FITNE ชาชงสมุนไพร กลิ่นเก็กฮวย 30X75g/ห่อ,ราคา 128.00 บาท
FITNE ชาชงสมุนไพร กลิ่นเก็กฮวย 15X37.5g/ห่อ,ราคา 72.00 บาท
บริษัท วรมิตร ดรัก เซ็นเตอร์ จำกัด,
ติดต่อเราได้ที่,
FITNE ยาแคปซูลสมุนไพร 20's,ราคา 90.00 บาท
FITNE ชาชงสมุนไพร กลิ่นชาเขียว 8X18g/ห่อ,ราคา 42.00 บาท
FITNE ชาชงสมุนไพร กลิ่นชาเขียว 15X35.25g/ซอง,ราคา 72.00 บาท
FITNE ชาชงสมุนไพร สูตรดั้งเดิม 40X80g/ห่อ,ราคา 128.00 บาท
FITNE ชาชงสมุนไพร สูตรดั้งเดิม 20X40g/ห่อ,ราคา 72.00 บาท
FLAMIC 10 mg 10X10's (SIAM),ราคา 170.00 บาท
FLAMIC Gel 25 g (SIAM),ราคา 45.50 บาท
FLANIL Cream 100 g (BIOPHARM),ราคา 65.00 บาท
FLANIL Cream 30 g (BIOPHARM),ราคา 24.50 บาท
FLANIL Cream 60 g (BIOPHARM),ราคา 43.50 บาท
FLEMEX 50X10's (Medinova),ราคา 29.60 บาท
FLEMEX Syrup 120 ml (Medinova),ราคา 80.50 บาท
FLEMEX Syrup 60 ml (Medinova),ราคา 49.50 บาท
FLEMEX KIDS Syrup 60 ml (Medinova),ราคา 41.50 บาท
FLEMEX-AC Granules 30X5g/กล่อง (Medinova),ราคา 121.00 บาท
FLIXONASE Aqueous Nasal Spray 120 sprays (GSK),ราคา 438.00 บาท
FLORA ยาสตรีฟลอร่าแคปซูล 30's,ราคา 91.00 บาท
FORTZAAR (100mg/25mg) 3X10's ORGANON,"ราคา 1,036.00 บาท"
FTOROCORT 0.1% Cream 15 g (UNISON),ราคา 32.75 บาท
FUCIDIN Cream 5 g,ราคา 88.00 บาท
FUCIDIN Ointment 15 g,ราคา 174.00 บาท
FUCIDIN Ointment 5 g,ราคา 87.00 บาท
FUGACAR 500 mg 1's กลิ่นผลไม้ (Janssen),ราคา 27.00 บาท
FUNGAZOL 200 mg 25X10's (BIOPHARM),ราคา 19.00 บาท
FUNGIDERM-B Cream 10 g (GREATER),ราคา 28.00 บาท
FUNGIDERM-B Cream 20 g (GREATER),ราคา 52.00 บาท
FUNGIDERM-B Cream 5 g (GREATER),ราคา 18.00 บาท
FUTURO KNEE COMFORT SUPPORT No.L อุปกรณ์พยุงเข่า (3M),ราคา 265.00 บาท
FUTURO KNEE COMFORT SUPPORT No.M อุปกรณ์พยุงเข่า (3M),ราคา 265.00 บาท
FUTURO KNEE COMFORT SUPPORT No.S อุปกรณ์พยุงเข่า (3M),ราคา 265.00 บาท
FUTURO ANKLE SUPPORT No.L อุปกรณ์พยุงข้อเท้า (3M),ราคา 265.00 บาท
FUTURO ANKLE SUPPORT No.M อุปกรณ์พยุงข้อเท้า (3M),ราคา 265.00 บาท
FUTURO ANKLE SUPPORT No.S อุปกรณ์พยุงข้อเท้า (3M),ราคา 265.00 บาท
FAVOTAN (5/50mg) 3X10's FRX,ราคา 805.00 บาท
FYBOGEL ORANGE 10 ซอง/กล่อง,ราคา 188.00 บาท
GANOSPEC 500 mg (12X10's),ราคา 44.50 บาท
GARAMYCIN Cream 15 g (BAYER),ราคา 102.00 บาท
GARCINIA ส้มแขก อ้วยอันโอสถ 100's,ราคา 90.50 บาท
GAUZE PAD STERILE 2x2 inch 100 ชิ้น/กล่อง (Pharmahof),ราคา 130.00 บาท
GENTREX Cream 5 g,ราคา 21.50 บาท
บริษัท วรมิตร ดรัก เซ็นเตอร์ จำกัด,
ติดต่อเราได้ที่,
GLUCOLIN GLUCOSE-D 400 g,ราคา 134.00 บาท
GLAUCO-OPH EYE Drops 5 ml,ราคา 98.00 บาท
GLUCOPHAGE 500 mg 50X10's (MERCK),ราคา 21.60 บาท
GLUCOPHAGE 850 mg 30X10's (MERCK),ราคา 37.00 บาท
GLUCOSE INJECTION 50 ml (ANB),ราคา 23.50 บาท
GLYCERIN Suppository สำหรับเด็ก (NL),ราคา 51.50 บาท
GLYCERIN Suppository สำหรับผู้ใหญ่ (NL),ราคา 51.50 บาท
GRIPE WATER 148 ml,ราคา 117.00 บาท
GYNECON Vaginal Tablets (20X5's),ราคา 14.00 บาท
HAEMOVIT เฮโมวิต เม็ดสีแดง 100's,ราคา 71.75 บาท
HAFIF Shampoo 50 ml (RX),ราคา 44.00 บาท
HAREX BALM 60 g,ราคา 52.50 บาท
HERBESSER 30 mg (100X10's),ราคา 46.00 บาท
HERBESSER 60 mg (10X10's),ราคา 65.50 บาท
HERBESSER 90 SR (10X10's),ราคา 102.00 บาท
HERBESSER R 100 (10X10's),ราคา 106.00 บาท
HERBESSER R 200 (10X10's),ราคา 160.00 บาท
HEXIN LICE KILLER Cream 20 g,ราคา 29.00 บาท
HICEE 500 mg 10X15's (TAKEDA),ราคา 61.50 บาท
HIDIL 300 mg 10X10's (BERLIN),ราคา 194.00 บาท
HIDIL 600 mg 10X10's (BERLIN),ราคา 340.00 บาท
HIRUDOID Cream 20 g,ราคา 137.00 บาท
HIRUDOID Cream 40 g,ราคา 212.00 บาท
HIRUDOID FORTE cream 20 g,ราคา 212.00 บาท
HIRUDOID FORTE cream 40 g,ราคา 328.00 บาท
HISTA-OPH EYE Drops 10 ml,ราคา 36.50 บาท
HISTA-OPH EYE Drops 5 ml,ราคา 29.50 บาท
HYDROGEN 30 ml (วิทยาศรม),ราคา 72.00 บาท
HYDROGEN 450 ml (ศิริบัญชา),ราคา 18.50 บาท
HYDROGEN 6X60ml (ศิริบัญชา),ราคา 7.50 บาท
HYZAAR (50/12.5mg) 30's MSD,ราคา 900.00 บาท
IBIAMOX DRY Syrup (125mg/5ml) 60 ml SIAM,ราคา 62.00 บาท
IBIAMOX DRY Syrup (250mg/5ml) 60 ml SIAM,ราคา 72.00 บาท
IBILEX 500 mg 10X10's (SIAM),ราคา 74.00 บาท
IBILEX Suspension (125mg/5ml) 60 ml SIAM,ราคา 65.50 บาท
ILIADIN NASAL Drops สำหรับเด็ก,ราคา 82.00 บาท
ILIADIN NASAL Drops สำหรับผู้ใหญ่,ราคา 78.00 บาท
IMMUNYTOP กระเทียมสกัด 2000 mcg 100's (KMP),ราคา 218.00 บาท
BETADINE GARGLE 30 ml,ราคา 148.00 บาท
ISOPTO CARPINE Ophthalmic Solution 15 ml,ราคา 96.00 บาท
บริษัท วรมิตร ดรัก เซ็นเตอร์ จำกัด,
ติดต่อเราได้ที่,
CARDOXA 4 mg 10X10's (SPS),ราคา 18.00 บาท
ROXITOP 150 mg 10X10's (Farmaline),ราคา 188.00 บาท
ISOTRATE 10 mg 50X10's (BERLIN),ราคา 7.50 บาท
IYAFIN JUNIOR PE รสผลไม้รวม 60 ml (TNP),ราคา 29.00 บาท
JINTAN ยายินตันเม็ดสีเงิน 25 ซอง,ราคา 342.00 บาท
KY JELLY 42 g เจลหล่อลื่น,ราคา 158.00 บาท
KY JELLY 82 g เจลหล่อลื่น,ราคา 225.00 บาท
KAL-CEE Effervescent รสส้ม 10's (BLHUA),ราคา 45.50 บาท
KAMILLOSAN-M Spray 15 ml (Menarini),ราคา 145.00 บาท
KANOLONE ORAL Paste 50X1g/กล่อง (LBS),ราคา 235.00 บาท
KELA Cream 5 g (TO),ราคา 18.00 บาท
KELA Lotion 30 ml (TO),ราคา 25.00 บาท
KETAZON Shampoo 100 ml (SIAM),ราคา 98.00 บาท
KIT F Drops 15 ml (CP),ราคา 15.50 บาท
KOOLFEVER Children 6 แผ่น/กล่อง,ราคา 78.00 บาท
ยาน้ำมันกวางลุ้ง 57 ml เบอร์ 1,ราคา 138.50 บาท
ยาน้ำมันกวางลุ้ง 28 ml เบอร์ 2,ราคา 93.50 บาท
ยาน้ำมันกวางลุ้ง 15 ml เบอร์ 3,ราคา 62.50 บาท
น้ำมันยากวางลุ้ง เอช อาร์ 3 ml เบอร์ 5,ราคา 18.50 บาท
Lac-Oph EYE Drops 10 ml,ราคา 27.00 บาท
GARLIC กระเทียม อ้วยอันโอสถ 100's,ราคา 210.00 บาท
LASIX 40 mg 500's (SANOFI),"ราคา 1,535.00 บาท"
LAXAS (20X4's),ราคา 90.00 บาท
LIORESAL 10 mg 5X10's (Novartis),ราคา 825.00 บาท
LIPITOR 10 mg 3X10's (VIATRIS),"เหลือ 1,210.00 บาท"
LOPID 300 mg (6X10's),ราคา 453.00 บาท
LOPID O.D 900 mg (3X10's),ราคา 553.00 บาท
LOPRESS 1 mg 10X10's (SIAM),ราคา 68.00 บาท
LOTEMP FORTE Suspension 60 ml (BIOPHARM),ราคา 28.50 บาท
LOTEMP Suspension 60 ml (BIOPHARM),ราคา 24.50 บาท
LYMARIN Cream 15 g (MEDMAKER),ราคา 47.50 บาท
LYMARIN Cream 5 g (MEDMAKER),ราคา 25.00 บาท
MADIPLOT 10 mg (10X10's),ราคา 105.00 บาท
MADIPLOT 20 mg (10X10's),ราคา 149.50 บาท
MADONNA 1X2's (BIOPHARM),ราคา 18.50 บาท
MADOPAR HBS (125) 100's Roche,ราคา 920.00 บาท
MADOPAR Dispersible (250) 100's Roche,"ราคา 1,295.00 บาท"
MARGARET X.O. 1X28's (Brywood),ราคา 58.00 บาท
MAGESTO-F 1000's (TAKEDA),ราคา 603.00 บาท
MAGESTO-F 100's (TAKEDA),ราคา 69.00 บาท
บริษัท วรมิตร ดรัก เซ็นเตอร์ จำกัด,
ติดต่อเราได้ที่,
MANOPROVIT Syrup 100 ml,ราคา 36.00 บาท
MANOPROVITTAB 72's,ราคา 39.00 บาท
MARNON 1X28's (AU),ราคา 8.60 บาท
MARVELON 1X21's (MSD),เหลือ 98.50 บาท
MARVELON 1X28's (MSD),เหลือ 98.50 บาท
MAXITROL Ophthalmic Ointment 3.5 g,ราคา 94.00 บาท
MEDERMA SCAR Gel 20 g,ราคา 575.00 บาท
MEPTIN MINI 25 mcg 10X10's (OTSUKA),ราคา 33.00 บาท
MEPTIN 50 mcg 10X10's (OTSUKA),ราคา 44.00 บาท
MEPTIN Syrup 60 ml (OTSUKA),ราคา 49.50 บาท
MERCILON 1X21's,เหลือ 153.50 บาท
MERCILON 1X28's,เหลือ 153.50 บาท
METHOPINE 1000's (BURAPHA),ราคา 690.00 บาท
MEVALOTIN 40 mg 30's,ราคา 985.00 บาท
MICROGYNON ED 1X28's (BAYER),ราคา 54.00 บาท
NEXCARE MICROPORE (1/2 inch x 10 yds) 1 ม้วน 3M,ราคา 23.50 บาท
NEXCARE TRANSPORE (1/2 inch x 10 yds) 1 ม้วน 3M,ราคา 22.50 บาท
NEXCARE MICROPORE (1 inch x 10 yds) 1 ม้วน 3M,ราคา 45.00 บาท
MILK OF MAGNESIA 450 ml (GPO),ราคา 59.00 บาท
MILK OF MAGNESIA 240 ml (GPO),ราคา 39.50 บาท
MINRA Syrup รสองุ่น 60 ml (TNP),ราคา 25.00 บาท
MIRACID 20 mg 14's (BERLIN),ราคา 33.00 บาท
MIXT CAMINATIVE 180 ml (GPO),ราคา 22.00 บาท
MIXT CARMINATIVE 450 ml (GPO),ราคา 63.00 บาท
MOBIC 7.5 mg (10X10's),ราคา 102.00 บาท
MODURETIC (50X10's),ราคา 21.00 บาท
MOLAX-M 10 mg 10X10's (SIAM),ราคา 130.00 บาท
MONOLIN 20 mg 10X10's (BERLIN),ราคา 138.00 บาท
MONOLIN SR 20 mg 3X10's (BERLIN),ราคา 90.00 บาท
MUCIL Granules 100 mg 30X5g/กล่อง (TO),ราคา 56.00 บาท
MUCOLID 50X10's (GREATER),ราคา 15.50 บาท
MUCOLID Syrup 60 ml (GREATER),ราคา 28.75 บาท
MUCOLID Syrup 120 ml (GREATER),ราคา 45.50 บาท
BLACKMORES MULTI-B 60's,ราคา 320.00 บาท
MYBACIN มายบาซิน ซิงค์ ZINC รสมะนาว 140X10's (GREATER),ราคา 7.40 บาท
MYBACIN มายบาซิน THROAT รสมิ้นท์ 140X10's (GREATER),ราคา 7.40 บาท
MYBACIN มายบาซิน ซิงค์ ZINC รสส้ม 140X10's (GREATER),ราคา 7.40 บาท
MYDA-B Cream 15 g (T.MAN),ราคา 32.50 บาท
MYDA-B Cream 5 g (T.MAN),ราคา 16.50 บาท
MYDOCALM 50 mg (100X10's),ราคา 17.75 บาท
บริษัท วรมิตร ดรัก เซ็นเตอร์ จำกัด,
ติดต่อเราได้ที่,
MYLOM Drops 15 ml,ราคา 38.00 บาท
MYONAL 50 mg 3X10's (FRX),ราคา 198.00 บาท
MYSOLONE-N Cream 15 g (GREATER),ราคา 25.50 บาท
MYSOVEN Granules 100 mg 60X5g/กล่อง (GREATER),ราคา 108.00 บาท
MYSOVEN Granules 200 mg 60X3g/กล่อง (GREATER),ราคา 215.00 บาท
N-ZEN Gel 30 g (TCP),ราคา 29.50 บาท
NSS 1000 ml (OTSUKA),ราคา 34.00 บาท
NSS NORMAL SALINE 1000 ml (ANB),ราคา 47.00 บาท
NSS NORMAL SALINE 100 ml (ANB),ราคา 26.50 บาท
NSS NORMAL SALINE 500 ml (ANB),ราคา 36.00 บาท
NACLONG 600 mg 10's (Menarini),ราคา 152.00 บาท
NAPHCON-A Ophthalmic Solution 15 ml (Alcon),ราคา 92.00 บาท
NAPROSYN LE 250 mg (10X10's),ราคา 74.50 บาท
NASACORT AQ NASAL Spray (SANOFI),ราคา 444.00 บาท
NASONEX NASAL Spray 140 doses (MSD),เหลือ 760.00 บาท
MEGA NAT-C 30's,ราคา 174.00 บาท
MEGA NAT-C 60's,ราคา 240.00 บาท
NATRILIX SR 1.5 mg 30's,ราคา 275.00 บาท
NELAPINE 20 mg SR 3X10's (BERLIN),ราคา 100.00 บาท
NEODEX Cream 15 g (OSi),ราคา 21.00 บาท
NEOFENAC 50 mg 500's (NL),ราคา 168.00 บาท
NEOPLAST-S พลาสเตอร์ผ้า ปิดแผล 100 ชิ้น/กล่อง (OREX),ราคา 39.00 บาท
NEOTAPE POROUS (1/2 inch x 10 yds) สีน้ำตาล,ราคา 33.00 บาท
NEOTAPE POROUS (1 inch x 5 yds) สีน้ำตาล,ราคา 34.00 บาท
NEOTICA BALM Cream 100 g (TNP),ราคา 93.50 บาท
NEOTICA BALM Cream 30 g (TNP),ราคา 37.00 บาท
NEOTICA BALM Cream 60 g (TNP),ราคา 68.00 บาท
NEOZOLONE Cream 12 g,ราคา 19.00 บาท
NEURONTIN 100 mg (10X10's),ราคา 164.00 บาท
NEUVIPLEX 3X10's (SIAM),ราคา 51.00 บาท
เกลือแร่ NEW TOWER 50 ซอง/กล่อง (NCR),ราคา 164.00 บาท
NEWPHARVIT 100's (NCR),ราคา 68.50 บาท
NEXIUM 20 mg 2X7's (Astrazeneca),ราคา 538.00 บาท
NEXIUM 40 mg 2X7's (Astrazeneca),ราคา 764.00 บาท
NINAZOL Cream 10 g (TO),ราคา 32.50 บาท
NINAZOL Shampoo 100 ml (TO),ราคา 54.00 บาท
NINAZOL 200 mg 10X10's (TO),ราคา 159.00 บาท
NIZORAL Cream 15 g (Janssen),ราคา 127.00 บาท
NIZORAL Shampoo 100 ml,ราคา 195.00 บาท
NIZORAL Shampoo 200 ml,ราคา 345.00 บาท
บริษัท วรมิตร ดรัก เซ็นเตอร์ จำกัด,
ติดต่อเราได้ที่,
NIZORAL Shampoo 50 ml,ราคา 115.00 บาท
NORA 200 mg 1X10's (TNP),ราคา 37.50 บาท
NORA Shampoo 50 ml (TNP),ราคา 77.00 บาท
NORFLOXIN 400 mg 10X10's (TO),ราคา 142.00 บาท
HERBACID 3X10's (GREATER),ราคา 118.00 บาท
NORXACIN 400 mg 1X8's (SIAM),ราคา 44.00 บาท
NUELIN-SR 200 mg (5X20's),ราคา 201.00 บาท
NUROFEN Suspension Children 60 ml,ราคา 116.50 บาท
O.B.แบบสอด ซุปเปอร์ 8 ชิ้น/กล่อง,ราคา 70.00 บาท
O.B.แบบสอด ธรรมดา 8 ชิ้น/กล่อง,ราคา 60.00 บาท
OBIMIN-AZ 60's,ราคา 198.00 บาท
OESTROGEL 80 g,ราคา 249.00 บาท
OILATUM SOAP BAR 100 g,ราคา 164.00 บาท
OLIVE OIL น้ำมันมะกอก 60 ml (วิทยาศรม),ราคา 33.00 บาท
OLIVE OIL น้ำมันมะกอก 450 ml (ศิริบัญชา),ราคา 71.00 บาท
OLIVE OIL น้ำมันมะกอก 60 ml (ศิริบัญชา),ราคา 21.00 บาท
เกลือแร่ O-LYTE กลิ่นส้ม 25 ซอง/กล่อง,ราคา 71.00 บาท
OLYNE-DEK ORS รสส้ม 100 ซอง/กล่อง,ราคา 140.00 บาท
OMESEC 20 mg 2X7's (FRX),ราคา 28.00 บาท
ONE ALPHA 0.25 mcg (10X10's),ราคา 83.00 บาท
VISTRA GLUTA COMPLEX 800 PLUS 30's,ราคา 410.00 บาท
ONE-SIX-TWELVE (50X10's),ราคา 8.80 บาท
OPSARDEX EYE-EAR Drops 5 ml,ราคา 18.00 บาท
OPSA-HIS EYE Drops 5 ml,ราคา 21.00 บาท
OPSAR EYE Drops 5 ml,ราคา 17.00 บาท
OPSIL-A EYE Drops 10 ml (TEVA),ราคา 34.50 บาท
OPSIL TEARS EYE Drops 10 ml (TEVA),ราคา 36.00 บาท
OPTREX EYE Lotion ยาล้างตา 300 ml,ราคา 278.00 บาท
O-SID 20 mg 14's (SIAM),ราคา 60.00 บาท
OTRIVIN NASAL Spray 10 ml,ราคา 136.00 บาท
OXECURE SULFUR SOAP 100 g สบู่ซัลเฟอร์,ราคา 104.00 บาท
PANADOL 500 mg 15X10's (GSK),ราคา 162.00 บาท
MYMOL 500 mg 100's,ราคา 22.00 บาท
PARACETAMOL 500 mg 100's (AU),ราคา 18.00 บาท
PARACETAMOL 500 mg 1000's (AU),ราคา 195.00 บาท
PARA GPO 500 mg 100's,ราคา 50.00 บาท
PARACAP 100's,ราคา 51.50 บาท
PARIET 10 mg 14's (Eisai),ราคา 458.00 บาท
PARIET 20 mg 14's (Eisai),ราคา 598.00 บาท
B FER 500's (PATAR),ราคา 235.00 บาท
บริษัท วรมิตร ดรัก เซ็นเตอร์ จำกัด,
ติดต่อเราได้ที่,
ยาน้ำเชื่อมแก้ไอ ชวนป๋วยปี่แปกอ 75 ml,ราคา 63.00 บาท
ยาน้ำเชื่อมแก้ไอ ชวนป๋วยปี่แปกอ 300 ml,ราคา 147.00 บาท
ยาน้ำเชื่อมแก้ไอ ชวนป๋วยปี่แปกอ 150 ml,ราคา 92.00 บาท
ยาแก้ไอ ชวนป๋วยปี่แปโหล่ว 150 ml,ราคา 115.00 บาท
PENICILLIN TABLETS 2X6's (ANB),ราคา 18.50 บาท
EUCALYPTUS OIL ตรานกแก้ว 28 ml,ราคา 83.00 บาท
PENCOR 2 mg (10X10's),ราคา 23.00 บาท
ยาดมพีเป๊กซ์ หลอดสีแดง,ราคา 69.00 บาท
PERIACTIN 4 mg (50X10's),ราคา 8.00 บาท
PERSKINDOL COOL Spray 250 ml,เหลือ 202.00 บาท
PERSKINDOL COOL Gel 100 ml,ราคา 186.00 บาท
PERSKINDOL CLASSIC Gel 100 ml,ราคา 196.00 บาท
PERSKINDOL CLASSIC Spray 150 ml,เหลือ 219.00 บาท
PIRCAM 20 mg (12X10's),ราคา 23.50 บาท
MEFA 500 mg 1000's (Macrophar),ราคา 610.00 บาท
TIGER BALM PLASTER WARM (7x10cm) สูตรร้อน 24 ห่อ,ราคา 44.00 บาท
TIGER BALM PLASTER WARM (10x14cm) สูตรร้อน 24 ห่อ,ราคา 59.50 บาท
TIGER BALM PLASTER COOL (7x10cm) สูตรเย็น 24 ห่อ,ราคา 44.00 บาท
TIGER BALM PLASTER COOL (10x14cm) สูตรเย็น 24 ห่อ,ราคา 59.50 บาท
ซองยา RX ขนาด 8x12cm,ราคา 19.50 บาท
ซองยา RX ขนาด 7x10cm,ราคา 13.50 บาท
ซองยา RX ขนาด 6x8cm,ราคา 12.00 บาท
FLEMEX-AC OD 600 mg 10's (Medinova),ราคา 135.00 บาท
PLAVIX 75 mg 14's (SANOFI),"ราคา 1,180.00 บาท"
PLENDIL 10 mg 30's (Astrazeneca),ราคา 515.00 บาท
PLENDIL 5 mg 30's (Astrazeneca),ราคา 365.00 บาท
PLETAAL 50 mg 10X10's (OTSUKA),ราคา 175.00 บาท
POLIDENT FRESH MINT Cream 60 g (GSK),ราคา 214.00 บาท
POLY-OPH EYE Drops 10 ml,ราคา 33.50 บาท
POLY-OPH EYE Drops 5 ml,ราคา 25.50 บาท
PONSTAN 500 mg (25X10's),ราคา 43.50 บาท
POSTINOR 1X2's,ราคา 39.00 บาท
POX-109 20 mg (12X10's),ราคา 23.00 บาท
PRED FORTE Ophthalmic Suspension 5 ml,ราคา 92.00 บาท
PREDNISOLON-N Cream 15 g (GPO),ราคา 35.50 บาท
PREDNISOLON-N Cream 5 g (GPO),ราคา 23.00 บาท
PREGAINE Shampoo 200 ml,ราคา 149.00 บาท
PREME 1X21's (TNP),ราคา 89.50 บาท
PREME FOAM 100 g,ราคา 171.20 บาท
HICEE 100 mg 200's (TAKEDA),ราคา 140.00 บาท
บริษัท วรมิตร ดรัก เซ็นเตอร์ จำกัด,
ติดต่อเราได้ที่,
MEFA 500 mg 12X10's (Macrophar),ราคา 190.00 บาท
PROCTASE-P 50X10's (Meiji),ราคา 19.50 บาท
PROCTOSEDYL Ointment 15 g (SANOFI),ราคา 180.00 บาท
PROCTOSEDYL Suppository 12's (SANOFI),ราคา 154.00 บาท
PROGYNOVA 1 mg 3X28's (BAYER),ราคา 478.00 บาท
PROGYNOVA 2 mg 3X28's (BAYER),ราคา 492.00 บาท
PROPECIA 1 mg 4X7's (ORGANON),"ราคา 1,191.00 บาท"
PROSCAR 5 mg 2X15's (ORGANON),"ราคา 1,513.00 บาท"
PROVERA 10 mg 100's,"ราคา 1,447.00 บาท"
PROVERA 5 mg 100's,ราคา 845.00 บาท
PURIDINE 12X15ml (ศิริบัญชา),ราคา 125.00 บาท
MINOZ 1X28's (Millimed),ราคา 75.00 บาท
ชุดสามัญประจำบ้าน 8 รายการ (วิทยาศรม),ราคา 45.50 บาท
REMERON 30 mg 5X6's (MSD),"ราคา 1,575.00 บาท"
REPARIL 20 mg 10X10's (MEDA),ราคา 53.50 บาท
REPARIL Gel 10 g (MEDA),ราคา 65.50 บาท
REPARIL Gel 20 g (MEDA),ราคา 115.00 บาท
REPARIL Gel 40 g (MEDA),ราคา 204.00 บาท
RHINATHIOL KIDS 60 ml (SANOFI),ราคา 52.50 บาท
RHINOCORT AQUA 120 sprays,ราคา 322.00 บาท
RHINOPHEN-C 1000's,ราคา 530.00 บาท
ROBERT 120 ml,ราคา 74.50 บาท
ROBERT 60 ml,ราคา 49.50 บาท
ROCALTROL 0.25 mcg 5X20's (Roche),"ราคา 1,295.00 บาท"
ROXCIN 150 mg 10X10's (BIOPHARM),ราคา 185.00 บาท
ROXIFEN Gel 25 g (TO),ราคา 23.25 บาท
SALAZOPYRIN 500 mg 100's,ราคา 770.00 บาท
SARA Drops 15 ml (TNP),ราคา 30.50 บาท
SARA 160mg/5ml Suspension รสองุ่น 60 ml (TNP),ราคา 32.50 บาท
SARA 250mg/5ml Suspension รสส้ม 60 ml (TNP),ราคา 38.50 บาท
SARA 120mg/5ml Suspension รสสตรอเบอร์รี่ 60 ml (TNP),ราคา 30.50 บาท
SARA 120mg/5ml Suspension รสทับทิม 60 ml (TNP),ราคา 27.50 บาท
SARA 500 mg เม็ดกลม 100X10's/กล่อง (TNP),"ราคา 1,010.00 บาท"
EBIXA 10 mg 50 ml,"ราคา 4,850.00 บาท"
LEXFOR 400 mg 6's (TNP),ราคา 16.00 บาท
SERETIDE ACCUHALER 50/100 mcg (GSK),ราคา 573.00 บาท
SERETIDE ACCUHALER 50/250 mcg (GSK),ราคา 580.00 บาท
SERETIDE EVOHALER (25/125) GSK,ราคา 568.00 บาท
SERETIDE EVOHALER (25/50) GSK,ราคา 476.00 บาท
SERMION 10 mg 50's,ราคา 435.00 บาท
บริษัท วรมิตร ดรัก เซ็นเตอร์ จำกัด,
ติดต่อเราได้ที่,
SEVEN SEAS MULTIVITAMIN Syrup 120 ml,ราคา 102.00 บาท
SIALEXIN 500 mg 10X10's (SIAM),ราคา 515.00 บาท
SIAMFORMET 500 mg 10X10's (SIAM),ราคา 110.00 บาท
SIAMOX DRY Syrup (125mg/5ml) 60 ml SIAM,ราคา 53.00 บาท
SIAMOX DRY Syrup (250mg/5ml) 60 ml SIAM,ราคา 68.50 บาท
SIARIZINE 25 mg 10X10's (SIAM),ราคา 108.00 บาท
SIMOYIAM 5 mg 10X10's (SIAM),ราคา 118.00 บาท
SINGULAIR 10 mg 28's,"ราคา 1,225.00 บาท"
SIRDALUD 2 mg 10X10's (Novartis),ราคา 624.00 บาท
SIRDALUD 4 mg 3X10's (Novartis),ราคา 365.00 บาท
SMOOTH E Cream 100 g,ราคา 492.00 บาท
SMOOTH E Cream 15 g,ราคา 159.00 บาท
SMOOTH E Cream 40 g,ราคา 272.00 บาท
SMOOTH E Cream 7 g,ราคา 88.00 บาท
SMOOTH E BABYFACE FOAM 1 FL.OZ,ราคา 68.00 บาท
SMOOTH E BABYFACE FOAM 2 FL.OZ,ราคา 136.00 บาท
SMOOTH E BABYFACE FOAM 4 FL.OZ,ราคา 220.00 บาท
SMOOTH E BABYFACE FOAM 8 FL.OZ,ราคา 360.00 บาท
ASEPSO SOAP 80 g,ราคา 20.50 บาท
SOAP สบู่สมุนไพรรอว์ร่า,ราคา 31.00 บาท
SKINDURE SOAP 60 g สบู่สกินเดียว,ราคา 17.00 บาท
KUPA (20X10's),ราคา 95.00 บาท
NSS SODIUM CHLORIDE 120 ml (วิทยาศรม),ราคา 12.50 บาท
SPORAL 100 mg (1X4's),ราคา 142.00 บาท
STABLON 30's,ราคา 628.00 บาท
STREPSIL ORANGE+VITAMIN C 24's,ราคา 85.00 บาท
STREPSIL CHESTY COUGH (24X8's),ราคา 49.75 บาท
STREPSIL CHESTY COUGH 24's,ราคา 93.50 บาท
STREPSIL DRY COUGH (24X8's),ราคา 49.50 บาท
STREPSILS HONEY&LEMON 24's,ราคา 85.00 บาท
STREPSILS COOL 24's,ราคา 85.00 บาท
STREPSILS ORIGINAL 24's,ราคา 85.00 บาท
STRESSTABS 600+IRON 60's (GSK),ราคา 388.00 บาท
STRESSTABS 600+ZINC 60's (GSK),ราคา 388.00 บาท
เกลือแร่ สตรองเค STRONK-K รสส้ม 25 ซอง/กล่อง,ราคา 75.00 บาท
STUD 12 g,ราคา 278.00 บาท
SUCEE 1X21's (BIOPHARM),ราคา 84.00 บาท
SUGRILL 5 mg 10X10's (SIAM),ราคา 78.00 บาท
SYRINGE BALL (No.6) 150 ml,ราคา 68.00 บาท
SYRINGE BALL (No.1) 30 ml,ราคา 44.00 บาท
บริษัท วรมิตร ดรัก เซ็นเตอร์ จำกัด,
ติดต่อเราได้ที่,
SYRINGE BALL (No.10) 360 ml,ราคา 88.00 บาท
SYRINGE BALL (No.2) 45 ml,ราคา 47.00 บาท
SYRINGE BALL (No.3) 65 ml,ราคา 49.00 บาท
SYRINGE BALL (No.5) 120 ml,ราคา 58.00 บาท
SYRINGE BALL (No.8) 240 ml,ราคา 78.00 บาท
NIPRO SYRINGE 10 ml,ราคา 2.50 บาท
NIPRO SYRINGE 20 ml,ราคา 4.15 บาท
NIPRO SYRINGE 3 ml,ราคา 1.45 บาท
NIPRO SYRINGE 50 ml (หัวฉีด),ราคา 11.00 บาท
NIPRO SYRINGE 5 ml,ราคา 1.80 บาท
SYRINGE แก้ว 50 ml สำหรับให้อาหาร,ราคา 225.00 บาท
SYRINGE แก้ว 20 ml,ราคา 66.00 บาท
SYRINGE แก้ว 10 ml,ราคา 46.00 บาท
SYSTRAL Cream 10 g (Menarini),ราคา 33.50 บาท
SYSTRAL Cream 25 g (Menarini),ราคา 71.00 บาท
T.A. 0.1% Cream 15 g (OSi),ราคา 22.00 บาท
TC MYCIN 250 mg 10's (TCP),ราคา 23.75 บาท
TC MYCIN Ointment 10 g (TCP),ราคา 18.00 บาท
TANAKAN 40 mg (2X15's),ราคา 240.00 บาท
TARA-PLUS Cream 15 g (POLIPHARM),ราคา 36.50 บาท
TARA-PLUS Cream 5 g (POLIPHARM),ราคา 15.00 บาท
TEARS NATURALE II EYE Drops 15 ml (Alcon),ราคา 122.00 บาท
TELFAST 60 mg 1X10's (SANOFI),เหลือ 81.00 บาท
TEMPRA Drops 15 ml (TAISHO),ราคา 38.50 บาท
TEMPRA FORTE Syrup 60 ml (TAISHO),ราคา 46.50 บาท
TEMPRA KIDS Syrup 60 ml (TAISHO),ราคา 38.50 บาท
TENAX 20 mg 10X10's (SIAM),ราคา 235.00 บาท
TENOLOL 100 mg 10X10's (SIAM),ราคา 174.50 บาท
TENOLOL 50 mg 10X10's (SIAM),ราคา 120.00 บาท
TENSOPLAST พลาสเตอร์ผ้า 100 ชิ้น/กล่อง (Pharmacare),ราคา 66.50 บาท
TENSOPLASTIC พลาสเตอร์ใส สีเนื้อ 100 ชิ้น/กล่อง (Pharmacare),ราคา 77.00 บาท
TERRAMYCIN Ophthalmic Ointment 3.5 g,ราคา 43.50 บาท
TIFFY DEY Tablets 25X4's (TNP),ราคา 193.00 บาท
TIFFYRUP 20 g (TNP),ราคา 48.50 บาท
TIFFYRUP 40 g (TNP),ราคา 79.00 บาท
TIFFY DEY Syrup 30 ml (TNP),ราคา 21.50 บาท
TIFFY DEY Syrup 60 ml (TNP),ราคา 33.00 บาท
TIGER BALM RED OINTMENT 10 g,ราคา 43.00 บาท
TIGER BALM RED OINTMENT 19.4 g,ราคา 62.00 บาท
TIGER BALM RED OINTMENT 30 g,ราคา 76.50 บาท
บริษัท วรมิตร ดรัก เซ็นเตอร์ จำกัด,
ติดต่อเราได้ที่,
TIGER BALM OINTMENT HR 10 g,ราคา 44.00 บาท
TIGER BALM OINTMENT HR 19.4 g,ราคา 62.00 บาท
TIGER BALM OINTMENT HR 30 g,ราคา 76.50 บาท
TIGERPLAST พลาสเตอร์ผ้า ปิดแผล 100 ชิ้น/กล่อง,ราคา 37.00 บาท
TIMOPTOL Ophthalmic Solution 5 ml,ราคา 255.00 บาท
TINCTURE IODINE 15 ml (วิทยาศรม),ราคา 8.75 บาท
TINCTURE IODINE 30 ml (วิทยาศรม),ราคา 13.50 บาท
TINCTURE IODINE 450 ml (ศิริบัญชา),ราคา 126.00 บาท
TOBREX Ophthalmic Solution 5 ml,ราคา 119.00 บาท
TOBRADEX Ophthalmic Suspension 5 ml,ราคา 133.00 บาท
TOBRADEX Ophthalmic Ointment 3.5 g,ราคา 95.00 บาท
TOFAGO 1X10's (TO),ราคา 25.50 บาท
TONAF 1% Cream 15 g,ราคา 57.00 บาท
TONAF 1% Cream 5 g,ราคา 27.50 บาท
TONAF 2% Cream 15 g,ราคา 68.00 บาท
TONAF 2% Cream 5 g,ราคา 33.25 บาท
TOPICORTE Cream 15 g,ราคา 117.00 บาท
TOPICORTE Cream 300 g,"ราคา 1,880.00 บาท"
TRANSAMIN 250 mg 100's (OHI),ราคา 260.00 บาท
NEXCARE TRANSPORE (1/2 inch x 5 yds) 12 ม้วน/กล่อง 3M,ราคา 196.00 บาท
NEXCARE TRANSPORE (1 inch x 10 yds) 1 ม้วน 3M,ราคา 45.00 บาท
TRAVOCORT Cream 10 g,ราคา 118.00 บาท
TRAVOGEN Cream 10 g,ราคา 118.00 บาท
TRINOLONE ORAL Paste 25X1g/กล่อง,ราคา 149.00 บาท
TRINOLONE ORAL Paste 5 g,ราคา 26.50 บาท
TRITACE 2.5 mg 10X10's (SANOFI),ราคา 100.00 บาท
TYLENOL 500 mg 100's,ราคา 124.00 บาท
TYLENOL 500 mg 20X10's/กล่อง,ราคา 238.00 บาท
TYLENOL Drops 15 ml,ราคา 42.50 บาท
TYLENOL 160mg/5ml Suspension 60 ml,ราคา 63.00 บาท
ULCEFATE Suspension 60 ml (SIAM),ราคา 149.00 บาท
ULGASTRIN 42's,ราคา 118.00 บาท
ULTRACARBON X 50's,ราคา 260.00 บาท
UNIMA ENEMA 133 ml (UNISON),ราคา 42.50 บาท
UNISON ENEMA CHILDREN 10X10ml (UNISON),ราคา 71.50 บาท
UNISON ENEMA ADULT 10X20ml (UNISON),ราคา 76.00 บาท
UNISON U-ENEMA 100 ml (UNISON),ราคา 22.00 บาท
UNISON Ointment 15 g,ราคา 15.50 บาท
URALYT-U 280 g (MEDA),ราคา 518.00 บาท
ยาดมวาเป๊กซ์ VAPEX 14 ml (BAYER),ราคา 64.00 บาท
บริษัท วรมิตร ดรัก เซ็นเตอร์ จำกัด,
ติดต่อเราได้ที่,
ยาดมวาเป๊กซ์ VAPEX 5 ml (BAYER),ราคา 29.50 บาท
ยาดมวาเป๊กซ์ VAPEX ชนิดหลอด (BAYER),ราคา 232.00 บาท
VALDOXAN 25 mg (2X14's),"ราคา 1,865.00 บาท"
VENTOLIN EVOHALER 100 mcg (GSK),ราคา 185.00 บาท
VIARTRIL-S Powder 30 ซอง/กล่อง (MEDA),"ราคา 1,090.00 บาท"
VICKS VAPORUB Ointment 10 g,ราคา 43.50 บาท
VICKS VAPORUB Ointment 50 g,ราคา 181.50 บาท
VICKS VAPORUB Ointment 5 g,ราคา 24.50 บาท
VICKS VAPORUB Ointment 25 g,ราคา 97.50 บาท
VIDISIC Ophthalmic Gel 10 g,ราคา 128.00 บาท
VILERM 200 mg 5X5's (SIAM),ราคา 160.00 บาท
VILERM 400 mg 14X5's (SIAM),ราคา 645.00 บาท
VILERM 800 mg 7X5's (SIAM),ราคา 445.00 บาท
VILERM Cream 10X1 g (SIAM),ราคา 140.00 บาท
VILERM Cream 5 g (SIAM),ราคา 52.00 บาท
VIROGON 200 mg (5X5's),ราคา 105.00 บาท
VIROGON 400 mg (7X10's),ราคา 356.00 บาท
VIROGON 800 mg (7X5's),ราคา 356.00 บาท
ASCORBIC ACID 100 mg 1000's (PATAR),ราคา 190.00 บาท
Ascobic acid Vitamin C Patar กลิ่นสับปะรด (1000's),ราคา 116.00 บาท
ASCORBIC ACID กลิ่นส้ม 1000's (PATAR),ราคา 116.00 บาท
VITACAP 30's,ราคา 130.00 บาท
VIVIDRIN EYE Drops 10 ml,ราคา 134.00 บาท
VOLTA EMULSION Gel 30 g (T.MAN),ราคา 20.50 บาท
VOLTAREN Emulgel 10 g (GSK),ราคา 68.00 บาท
VOLTAREN Emulgel 25 g (GSK),ราคา 145.00 บาท
VOLTAREN Emulgel 50 g (GSK),ราคา 264.00 บาท
VOLTAREN 25 mg 3X10's (Novartis),ราคา 149.00 บาท
VOLTAREN SR 100 mg 3X10's (Novartis),ราคา 639.00 บาท
VOLTAREN SR 75 mg 3X10's (Novartis),ราคา 400.00 บาท
XANDASE 300 mg (50X10's),ราคา 27.50 บาท
XENICAL 120 mg 1X21's,ราคา 715.00 บาท
XYLOCAINE Jelly 30 g,ราคา 165.00 บาท
Y.Y.ใบแป๊ะก๊วยสกัด ตราวาย-กิง 30's,ราคา 186.00 บาท
PUDIN HARA (10X10's),ราคา 148.00 บาท
YASMIN 1X21's (BAYER),ราคา 340.00 บาท
ZAM BUK Ointment 36 g (BAYER),ราคา 63.50 บาท
ZAM BUK Ointment 18 g (BAYER),ราคา 34.50 บาท
Z-BEC 60's,ราคา 317.00 บาท
ZEMA Cream 10 g,ราคา 30.00 บาท
บริษัท วรมิตร ดรัก เซ็นเตอร์ จำกัด,
ติดต่อเราได้ที่,
ZEMA Cream 5 g,ราคา 20.00 บาท
ZENDA 1X2's (TNP),ราคา 14.50 บาท
ZENSIL (1X10's),ราคา 14.50 บาท
ZENTEL 400 mg 1's (GSK),ราคา 39.00 บาท
NASIFED 10X10's (BURAPHA),ราคา 94.00 บาท
ZEVIN 200 mg 5X5's (BIOPHARM),ราคา 91.00 บาท
ZEVIN 400 mg 7X10's (BIOPHARM),ราคา 408.00 บาท
ZEVIN Cream 10 g (BIOPHARM),ราคา 98.25 บาท
ZEVIN Cream 10X1g/กล่อง (BIOLAB),ราคา 99.00 บาท
ZEVIN Cream 3 g (BIOPHARM),ราคา 38.00 บาท
ZIMMEX 20 mg (3X10's),ราคา 42.00 บาท
ZIMMEX 40 mg (3X10's),ราคา 86.00 บาท
ZITHROMAX 250 mg (1X6's),ราคา 438.00 บาท
ZITHROMAX Suspension (200mg/5ml) 15 ml,ราคา 212.00 บาท
ZOVIRAX Cream 5 g (GSK),ราคา 398.00 บาท
ZYLORIC 100 mg (4X25's),ราคา 530.00 บาท
ZYLORIC 300 mg (10X10's),ราคา 140.00 บาท
ZYRTEC 10 mg 1X10's (GSK),ราคา 100.00 บาท
ZYRTEC Solution 75 ml (GSK),ราคา 98.50 บาท
ก.ย.15 ทากันยุง 24 ซอง/กล่อง,ราคา 92.25 บาท
โลชั่นทากันยุง ก.ย.15,ราคา 29.50 บาท
กระชายดำ อ้วยอันโอสถ 100's,ราคา 160.00 บาท
กระบอกปัสสาวะพลาสติก สำหรับผู้ชาย,ราคา 30.00 บาท
กระเป๋าน้ำร้อนคละสี ใบใหญ่ (Canton),ราคา 76.00 บาท
กระเป๋าน้ำร้อนคละสี ใบเล็ก (Canton),ราคา 77.50 บาท
ยากฤษณากลั่น ตรากิเลน 15 ml,ราคา 62.00 บาท
กวาวเครือแดง อ้วยอันโอสถ 100's,ราคา 151.00 บาท
ยากษัยเส้น ตราเด็กในพานทอง 25's,ราคา 24.50 บาท
ยากษัยเส้น ตราหัวเสือ 12 ซอง/โหล,ราคา 60.00 บาท
ยากษัยเส้น ตราเด็กในพาน 12 ซอง/โหล,ราคา 73.50 บาท
การบูรก้อน ตราพัด,ราคา 215.00 บาท
การบูนผงไทย ถุง 1 กิโลกรัม,ราคา 320.00 บาท
ยาน้ำแก้ไอ ตราอาปาเช่ 60 ml,ราคา 16.00 บาท
ยากุมาร ตรากาไก่,ราคา 28.50 บาท
โกร่งบดยา 5 ซม.,ราคา 20.00 บาท
ยาขมชนิดเม็ด ตราใบห่อ,ราคา 22.50 บาท
ขมิ้นชัน อ้วยอันโอสถ 30's,ราคา 32.00 บาท
ขมิ้นชันแคปซูล 10X10's/กล่อง,ราคา 94.00 บาท
ขมิ้นชัน อ้วยอันโอสถ 100's,ราคา 64.00 บาท
ขมิ้นผงแท้ ตราโพธิ์แก้ว 8 g,ราคา 3.20 บาท
บริษัท วรมิตร ดรัก เซ็นเตอร์ จำกัด,
ติดต่อเราได้ที่,
ขี้ผึ้งสีชมพู ตราเจ็ดดาว 12 g,ราคา 23.00 บาท
ยาน้ำแก้ตัวร้อน เขากุย 200 ml,ราคา 36.75 บาท
ยาน้ำแก้ร้อนใน เขากุย อ้วยอันโอสถ 240 ml,ราคา 36.00 บาท
ยาเขียวตราใบโพธิ์ ชนิดเม็ด 12 ซอง/โหล,ราคา 115.00 บาท
ยาเขียวชนิดผง ตราใบห่อ 25 ซอง/แพ็ก,ราคา 95.00 บาท
ยาเขียวสามฤดู ชนิดผง ตราปลาคู่ 12 ซอง/โหล,ราคา 145.00 บาท
ครีม 91 อี ทาส้นเท้าแตก,ราคา 44.50 บาท
ยาแก้ไอ ซอมป่อยใหม่ 120 ml,ราคา 21.50 บาท
ยาแก้ไอ ซอมป่อยใหม่ 240 ml,ราคา 42.00 บาท
ยาหม่องน้ำ สูตร 1 เซียงเพียวอิ๊ว 7 ml,ราคา 38.50 บาท
ยาหม่องน้ำ สูตร 1 เซียงเพียวอิ๊ว 3 ml,ราคา 21.00 บาท
ยาหม่องน้ำ สูตร 1 เซียงเพียวอิ๊ว 25 ml,ราคา 103.50 บาท
ยาหม่องน้ำ สูตร 2 เซียงเพียวอิ๊ว 7 ml,ราคา 38.50 บาท
ยาหม่องน้ำ สูตร 2 เซียงเพียวอิ๊ว 3 ml,ราคา 21.00 บาท
ยาหม่องน้ำ สูตร 2 เซียงเพียวอิ๊ว 25 ml,ราคา 103.50 บาท
ยาดมตราโป๊ยเซียน 12 หลอด/โหล,ราคา 173.00 บาท
น้ำมันดอกไม้ขาว สีน้ำเงิน 5 ml,ราคา 45.00 บาท
ยาผงสำหรับดองเหล้า สูตร 11 ตราเสือ 11 ตัว 12 ซอง/โหล,ราคา 168.00 บาท
ยาผงสำหรับดองเหล้า สูตร 2 ตราเสือ 11 ตัว 12 ซอง/โหล,ราคา 188.00 บาท
ยาแผ่นสำหรับดองเหล้า สูตร 11 ตราเสือ 11 ตัว 12 ซอง/โหล,ราคา 195.00 บาท
ยาแผ่นสำหรับดองเหล้า สูตร 2 ตราเสือ 11 ตัว 12 ซอง/โหล,ราคา 275.00 บาท
ยาผงสำหรับดองเหล้า ตรา 9 เหรียญ 12 ซอง/โหล,ราคา 118.00 บาท
ยาแผ่นสำหรับดองเหล้า ตรา 9 เหรียญ 12 ซอง/โหล,ราคา 118.00 บาท
ยาผงสำหรับดองเหล้า แสงสว่าง ตราค้างคาว 12 ซอง/โหล,ราคา 86.00 บาท
ยาเม็ดลี้บ้วนซัว ตราตกเบ็ด 300's,ราคา 94.00 บาท
ยาเม็ดลี้บ้วนซัว ตราตกเบ็ด 50's,ราคา 21.50 บาท
ยาเม็ดลี้บ้วนซัว ตราตกเบ็ด 100's,ราคา 40.00 บาท
อภัยภูเบศร ตะไคร้หอมกันยุง สูตร 1 สเปรย์ 120 ml,ราคา 89.00 บาท
ยาผงเป่าคอ แต้ซือล้ง 20 หลอด/กล่อง,ราคา 26.00 บาท
ทัมใจ ชนิดผง 100 ซอง/กล่อง ตรากิเลน,ราคา 158.00 บาท
ยาธาตุน้ำขาว ตรากระต่ายบิน 50 ml,ราคา 263.00 บาท
ยาธาตุน้ำขาว ตรากระต่ายบิน 200 ml,ราคา 58.50 บาท
CORALAN 7.5 mg (4X14's),"ราคา 2,356.00 บาท"
POLAR Spray 280 ml,ราคา 190.00 บาท
ไวท์ฟาร์ม นมอัดเม็ด มอลต์ 12 ซอง/กล่อง,ราคา 42.00 บาท
ไวท์ฟาร์ม นมอัดเม็ด รสหวาน 10 ซอง/กล่อง,ราคา 85.00 บาท
ยาขมเต้าทอง ชนิดชง 5 ซอง/กล่อง,ราคา 49.00 บาท
ยาขมน้ำเต้าทอง ชนิดเม็ด 25 ซอง/กล่อง,ราคา 245.00 บาท
ยาหวานเต้าทอง ชนิดชง 5 ซอง/กล่อง,ราคา 49.00 บาท
น้ำผึ้งเวชพงศ์ 325 ml,ราคา 124.00 บาท
บริษัท วรมิตร ดรัก เซ็นเตอร์ จำกัด,
ติดต่อเราได้ที่,
น้ำผึ้งเวชพงศ์ 565 ml,ราคา 194.00 บาท
น้ำผึ้งเวชพงศ์ 120 ml,ราคา 58.50 บาท
น้ำมันตรากุ้งคู่ 28 ml,ราคา 102.00 บาท
ยาน้ำสมุนไพร ตรารวงข้าว 24 ml,ราคา 57.00 บาท
น้ำมันยา ตรานกอินทรีย์ 12 ml,ราคา 59.50 บาท
น้ำมันยา ตรานกอินทรีย์ 3 ml,ราคา 24.50 บาท
น้ำมันยา ตรานกอินทรีย์ 6 ml,ราคา 36.50 บาท
น้ำมันมวย 30 ml,ราคา 40.50 บาท
น้ำมันมวย 60 ml,ราคา 66.00 บาท
น้ำมันมวย 450 ml,ราคา 275.00 บาท
น้ำมันมวย 120 ml,ราคา 102.00 บาท
ครีมยาบรรเทาปวด ตรามวย 100 g,ราคา 80.50 บาท
ครีมยาบรรเทาปวด ตรามวย 30 g,ราคา 37.00 บาท
น้ำมันละหุ่งหวาน 60 ml (วิทยาศรม),ราคา 17.00 บาท
ยาหอมบันทัดคู่มือ 12 ห่อ/กล่อง,ราคา 46.00 บาท
ยาตราใบแก้วชนิดเม็ด 80's,ราคา 22.50 บาท
ยาประดงพระสังข์ทรงช้าง 40 เม็ด/กล่อง,ราคา 31.50 บาท
BREAST-PUMP ปั้มนม (Canton),ราคา 29.00 บาท
พร ยาเป่าคอ ตรากาไก่,ราคา 130.00 บาท
แป๊ะฮวยจั่วจิเฉ้า ชนิดผงชง 12X15g,ราคา 78.00 บาท
แป๊ะฮวยจั่วจิเฉ้า ชนิดเม็ด 24 ซอง/กล่อง,ราคา 185.00 บาท
ผงโยคี 60 g (ศิริบัญชา),ราคา 11.75 บาท
TARAD HERB SPRAY 12 ml,ราคา 165.00 บาท
พิมเสนน้ำ ตราโป๊ยเซียน 12X3ml/โหล,ราคา 177.00 บาท
พิมเสนน้ำ ตราโป๊ยเซียน ลูกกลิ้ง 5 ml,ราคา 25.25 บาท
เพชรสังฆาต อ้วยอันโอสถ 100's,ราคา 93.00 บาท
ฟ้าทะลายโจร อ้วยอันโอสถ 30's/กล่อง,ราคา 32.00 บาท
ฟ้าทะลายโจร อ้วยอันโอสถ 100's,ราคา 64.00 บาท
ฟ้าทะลายโจรชนิดเม็ด ตราใบห่อ,ราคา 13.50 บาท
ฟ้าทะลายโจรแคปซูล 10X10's/กล่อง,ราคา 110.00 บาท
ฟ้าทะลายโจร 60's (ศิริบัญชา),ราคา 45.00 บาท
มหาหิงคุ์ 120 ml (วิทยาศรม),ราคา 33.00 บาท
มหาหิงค์ 30 ml (วิทยาศรม),ราคา 12.00 บาท
มหาหิงคุ์ วี.เอส. 60 ml (วิทยาศรม),ราคา 19.75 บาท
มหาหิงคุ์ วี.เอส. ลูกกลิ้ง 60 ml (วิทยาศรม),ราคา 29.50 บาท
มหาหิงคุ์ 120 ml (ศิริบัญชา),ราคา 27.00 บาท
มหาหิงคุ์ 60 ml (ศิริบัญชา),ราคา 14.75 บาท
ยาสีฟันหมอจุฬา สูตรดั้งเดิม 100 g,ราคา 42.00 บาท
ยาน้ำแก้ไอ โยคี 120 ml,ราคา 15.50 บาท
ยาน้ำแก้ไอ โยคี 60 ml,ราคา 11.75 บาท
บริษัท วรมิตร ดรัก เซ็นเตอร์ จำกัด,
ติดต่อเราได้ที่,
ยาน้ำระดมพล,ราคา 43.50 บาท
ริดสีดวงทวารหนัก ตราปลามังกร 200's,ราคา 66.00 บาท
ริดสีดวงทวารหนัก สามก๊ก 120's,ราคา 50.50 บาท
ลิลลี่ ยาระบายแคปซูล 30's,ราคา 66.00 บาท
เลือกนามกาไก่ 12 ซอง/โหล,ราคา 58.00 บาท
ยาแก้ไอน้ำดำ ตรางู 60 ml,ราคา 21.50 บาท
ยาแก้ไอน้ำดำ ตรางู 120 ml,ราคา 27.00 บาท
ยาแก้ไอ LP น้ำดำ ตราเสือดาว 120 ml,ราคา 23.00 บาท
ยาน้ำไอมะแว้งน้ำเชื่อม อ้วยอันโอสถ 60 ml,ราคา 26.00 บาท
BOWA GEL 240 ml (TNP),ราคา 34.00 บาท
B GAS 240 ml,ราคา 50.50 บาท
ยาไม่ต้องอยู่ไฟ ตราพารา,ราคา 57.00 บาท
ยาขับน้ำคาวปลา ตราพารา,ราคา 57.00 บาท
BROMHEXINE Elixir 60 ml (PATAR),ราคา 13.00 บาท
BRONCET EXPECTORANT 60 ml (TNP),ราคา 24.00 บาท
BECONASE NASAL Spray 200 sprays (GSK),ราคา 207.00 บาท
BACTEDENE Cream 10 g,ราคา 20.75 บาท
สำลีม้วน ตรารถพยาบาล 80 g,ราคา 26.50 บาท
สำลีม้วน ตรารถพยาบาล 200 g,ราคา 51.00 บาท
COUNTERPAIN PLUS 50 g (TAISHO),ราคา 206.00 บาท
DILATREND 6.25 mg (10X10's),ราคา 215.00 บาท
DUPHALAC 1000 ml (Abbott),ราคา 990.00 บาท
DUTROSS 10's (TNP),ราคา 17.00 บาท
DERMAHEU Cream 5 g (TNP),ราคา 30.00 บาท
DERMAHEU Cream 15 g (TNP),ราคา 60.00 บาท
DIOXZYE DROP 15 ml (TNP),ราคา 41.00 บาท
UE COF อม ยู อี คอฟ มะขามป้อม (20X20's),ราคา 425.00 บาท
FISHERMAN SUGAR FREE แมนดาริน 24X25g,ราคา 28.00 บาท
FITNE ชาชงสมุนไพร กลิ่นชาเขียว 30X70.5g/ห่อ,ราคา 128.00 บาท
ถ้วยทองโอสถ ยาหม่องถ้วยทอง ตลับ 2 g,ราคา 68.00 บาท
ถ้วยทองโอสถ ยาหม่องถ้วยทอง ตลับ 4 g,ราคา 130.00 บาท
ถ้วยทองโอสถ ยาหม่องถ้วยทอง ตลับ 8 g,ราคา 216.00 บาท
ถ้วยทองโอสถ ยาหม่องถ้วยทอง 22 g,ราคา 40.50 บาท
BETADINE THROAT Spray เบตาดีน โทรตสเปรย์ 25 ml,ราคา 265.00 บาท
KAL-CEE Effervescent รสองุ่น 10's (BLHUA),ราคา 45.50 บาท
KELA Cream 15 g (TO),ราคา 32.00 บาท
KANOLONE ORAL Paste 5 g (LBS),ราคา 22.50 บาท
KANOLONE Lotion 30 ml (LBS),ราคา 18.75 บาท
KANOLONE Lotion 60 ml (LBS),ราคา 31.50 บาท
KELA Lotion 60 ml (TO),ราคา 37.00 บาท
บริษัท วรมิตร ดรัก เซ็นเตอร์ จำกัด,
ติดต่อเราได้ที่,
KOOLFEVER Adults 6 แผ่น/กล่อง,ราคา 78.00 บาท
ยาหม่องขาว ตราลิงถือลูกท้อ 12X2g/โหล,ราคา 68.00 บาท
ยาหม่องขาว ตราลิงถือลูกท้อ 12X4g/โหล,ราคา 132.00 บาท
ยาหม่องขาว ตราลิงถือลูกท้อ 12X8g/โหล,ราคา 217.00 บาท
ยาหม่องขาว ตราลิงถือลูกท้อ 12X12g/โหล,ราคา 270.00 บาท
NEOTICA 20 mg 1X10's (TNP),ราคา 16.00 บาท
SARA 500 mg เม็ดกลม 100's (TNP),ราคา 110.00 บาท
ยาอุทัยหมอมี 60 ml สูตร 2,ราคา 34.00 บาท
ยาอมมะแว้ง รสบ๊วย (20X20's),ราคา 118.00 บาท
DIABENOL 5 mg 10X10's (GREATER),ราคา 68.00 บาท
ยาสตรี กิมโกยทิซิ่ว อ้วยอันโอสถ,ราคา 125.00 บาท
ว่านชักมดลูกจอมใจ 300 ml,ราคา 152.00 บาท
ยากุมารแสงชัย ผสมน้ำผึ้ง 180 ml,ราคา 26.00 บาท
ยากุมารแสงชัย ผสมน้ำผึ้ง 360 ml,ราคา 44.50 บาท
FITNE ยาแคปซูลสมุนไพร 40's,ราคา 160.00 บาท
ยาแก้ไอ ตราคีมเหล็ก,ราคา 26.50 บาท
ซอฟเฟล โลชั่นกันยุง กลิ่นฟลอร่า 60 ml,ราคา 45.50 บาท
ซอฟเฟล โลชั่นกันยุง กลิ่นเฟรช 60 ml,ราคา 45.50 บาท
GASPEC-S 240 ml,ราคา 38.00 บาท
GASPEC Suspension 1000 ml,ราคา 96.00 บาท
ขับลม ตราคีมเหล็ก 240 ml,ราคา 33.50 บาท
GASTRO BISMOL 240 ml (Farmaline),ราคา 102.00 บาท
BUFENAC FORTE 500's (BURAPHA),ราคา 185.00 บาท
RHINOTAPP Syrup 60 ml (NL),ราคา 19.50 บาท
ASIATAPP Elixer 60 ml (ASIAN),ราคา 18.00 บาท
ASIATAPP INFANT Drops 15 ml (ASIAN),ราคา 21.00 บาท
TONY Lotion 30ml (P.D),ราคา 17.50 บาท
TONY Lotion 60 ml (P.D),ราคา 29.00 บาท
AMOXIL DRY Syrup (250mg/5ml) GSK,ราคา 90.00 บาท
UNIREN Spray 60 ml (UNISON),ราคา 125.00 บาท
TIMI Cream 5 g (SPS),ราคา 16.50 บาท
TIMI Cream 15 g (SPS),ราคา 37.50 บาท
NAPPY-HIPPO Cream 5 g (SPS),ราคา 13.50 บาท
NAPPY-HIPPO Cream 25 g (SPS),ราคา 31.50 บาท
ZIGA Gel 240 ml (BERICH),ราคา 54.00 บาท
TRAM 0.1% Cream 5 g (TNP),ราคา 19.75 บาท
TRAM 0.02% Cream 5 g (TNP),ราคา 17.75 บาท
สลิมมิ่ง ชาชงสมุนไพร,ราคา 84.00 บาท
NEXCARE OPTICLUDE (5.7x8.25cm) 20 ชิ้น/กล่อง 3M,ราคา 135.00 บาท
NEXCARE OPTICLUDE (6.35x4.75cm) 20 ชิ้น/กล่อง 3M,ราคา 102.00 บาท
บริษัท วรมิตร ดรัก เซ็นเตอร์ จำกัด,
ติดต่อเราได้ที่,
ยาหอมฤาษีทรงม้า เบอร์ 3,ราคา 9.50 บาท
ยาหอมตราเด็กในพานทอง 8 g,ราคา 9.50 บาท
ยาหอมตราเด็กในพานทอง 17 g,ราคา 17.00 บาท
ยาหอมตราเด็กในพานทอง 37 g,ราคา 26.00 บาท
FUNGIDERM-K 200 mg 10X10's/กล่อง (GREATER),ราคา 185.00 บาท
FENAFEX 60 mg 1X10's (SPS),ราคา 26.00 บาท
DIFFERIN (0.1%) 15 g,ราคา 377.00 บาท
BENZAC AC (5%) 15 g,ราคา 118.00 บาท
BENZAC AC (5%) 60 g,ราคา 285.00 บาท
DIFFLAM MINT FRESH SUGAR FREE Lozenge 16's,ราคา 154.00 บาท
BETAGEN Cream 5 g (TNP),ราคา 24.50 บาท
BETAGEN Cream 15 g (TNP),ราคา 44.00 บาท
ครีมพญายอ 5 g,ราคา 50.00 บาท
MUCOLID JUNIOR รสบลูเบอร์รี่ 60 ml (GREATER),ราคา 28.75 บาท
MUCOLID JUNIOR รสสตรอเบอร์รี่ 60 ml (GREATER),ราคา 28.75 บาท
T.V.LONE Lotion 30 ml (T.MAN),ราคา 16.50 บาท
DORMIRAX 25 mg 10X10's (BURAPHA),ราคา 125.00 บาท
FUNGIDERM Vaginal Tablet 500 mg 1's (GREATER),ราคา 32.00 บาท
FUNGIDERM Vaginal Tablets 100 mg 6's (GREATER),ราคา 37.00 บาท
ORANO (50X10's),ราคา 10.00 บาท
HEROID 500 mg (3X10's),ราคา 0.00 บาท
CINTAR TABLETS 10X10's (PATAR),ราคา 40.00 บาท
BOTIDINE 10 mg 10X10's (PATAR),ราคา 55.00 บาท
PARACETAMOL 500 mg 100's (BURAPHA),ราคา 33.00 บาท
ถ้วยทองโอสถ CPM 4 mg 10X100's/แพ็ก,ราคา 72.00 บาท
FELGESIC Gel 30 g,ราคา 26.00 บาท
PHOEBUS Cream 5 g,ราคา 31.50 บาท
PHOEBUS Cream 15 g,ราคา 57.00 บาท
MIZONE-BE Cream 15 g,ราคา 26.50 บาท
TANOCS Solution 15 ml,ราคา 18.25 บาท
MYOXAN 50X10's (TO),ราคา 6.50 บาท
KELA Cream 450 g (TO),ราคา 238.00 บาท
VIOLIN 2 mg 1000's (TO),ราคา 140.00 บาท
AMILOZIDE 500's (TO),ราคา 216.00 บาท
NINAZOL 200 mg 100's (TO),ราคา 135.00 บาท
CLOXA T.O. DRY FORTE (250mg/5ml) 60 ml TO,ราคา 24.00 บาท
T.V.MOX DRY Syrup 125 mg กลิ่นส้ม 60 ml (T.MAN),ราคา 16.00 บาท
เกลือแร่ ตองเค TONK-KKK รสส้ม 25 ซอง/กล่อง,ราคา 75.00 บาท
ORKELAX 1000's,ราคา 835.00 บาท
SODAMINT 1000's (FRX),ราคา 100.00 บาท
บริษัท วรมิตร ดรัก เซ็นเตอร์ จำกัด,
ติดต่อเราได้ที่,
ถ้วยทองโอสถ SODA MINT 1000's,ราคา 64.00 บาท
DOLOGEN 500's,ราคา 755.00 บาท
CLOTHASONE Cream 5 g,ราคา 21.00 บาท
CLOTHASONE Cream 15 g,ราคา 42.00 บาท
MYDA-B Cream 25 g (T.MAN),ราคา 54.50 บาท
CHLORAHIS Syrup 60 ml (BURAPHA),ราคา 13.50 บาท
NIPRO หัวเข็ม 18G x 1 inch 100 ชิ้น/กล่อง,ราคา 54.00 บาท
NIPRO หัวเข็ม 20G x 1 inch 100 ชิ้น/กล่อง,ราคา 54.00 บาท
NIPRO หัวเข็ม 21G x 1 inch 100 ชิ้น/กล่อง,ราคา 54.00 บาท
NIPRO หัวเข็ม 22G x 1 inch 100 ชิ้น/กล่อง,ราคา 54.00 บาท
NIPRO หัวเข็ม 23G x 1 inch 100 ชิ้น/กล่อง,ราคา 54.00 บาท
NIPRO หัวเข็ม 24G x 1 inch 100 ชิ้น/กล่อง,ราคา 54.00 บาท
NIPRO หัวเข็ม 25G x 1 inch 100 ชิ้น/กล่อง,ราคา 54.00 บาท
NIPRO หัวเข็ม 26G x 1 inch 100 ชิ้น/กล่อง,ราคา 54.00 บาท
NIPRO หัวเข็ม 27G x 1 inch 100 ชิ้น/กล่อง,ราคา 54.00 บาท
PIRIDENE 20 mg 1000's,ราคา 470.00 บาท
GYNOGENA 500 mg 1X4's (BERICH),ราคา 24.00 บาท
EXTOVON 1000's (CBLAB),ราคา 90.00 บาท
ULSAMET 400 mg 500's (BURAPHA),ราคา 615.00 บาท
BEROCCA PERFORMANCE 15's กลิ่นส้ม (BAYER),ราคา 172.00 บาท
ROWACHOL (10X10's),ราคา 448.00 บาท
INDOMETHACIN 1000's (PATAR),ราคา 320.00 บาท
PATARGESIC 500's,ราคา 218.00 บาท
MYOSPA 500's (BLHUA),ราคา 352.00 บาท
CYPROHEPTADINE 4 mg 1000's (T.MAN),ราคา 118.00 บาท
MEFAMIC 250 mg 500's (PATAR),ราคา 235.00 บาท
3B VITAMIN B1-6-12 บรรจุ 1000's (PATAR),ราคา 325.00 บาท
ZEE 500 mg 100's (PATAR),ราคา 124.00 บาท
เยนเชียนไวโอเลต 30 ml (วิทยาศรม),ราคา 9.50 บาท
ยาแก้ไอน้ำดำ 60 ml (GPO),ราคา 23.50 บาท
PATARDIUM 50X10's (PATAR),ราคา 140.00 บาท
นิจิดีส์ ครีม ตลับเขียว,ราคา 33.50 บาท
BANNER GOLD PLUS MULTIVITAMINS+ZINC 30's,ราคา 234.00 บาท
ยาหม่องเสลดพังพอน สูตร 2 ตราวังพรม 50 g,ราคา 56.00 บาท
ยาหม่องผสมไพลสด สูตร 2 ตราวังพรม 50 g,ราคา 56.00 บาท
น้ำมันโอสถทิพย์ วัดโพธิ์,ราคา 44.00 บาท
ยาหอมวัดโพธิ์ ฝาดำ,ราคา 26.50 บาท
ลูกประคบ สมุนไพร,ราคา 72.00 บาท
COFFEE PLUS เนเจอร์กิฟ 10 ซอง/กล่อง,ราคา 99.00 บาท
LEVOMET 25/250 (10X10's),ราคา 61.50 บาท
บริษัท วรมิตร ดรัก เซ็นเตอร์ จำกัด,
ติดต่อเราได้ที่,
LEVOMET 25/100 (10X10's),ราคา 53.00 บาท
เยนเชียนไวโอเลต 450 ml (วิทยาศรม),ราคา 64.00 บาท
TINCTURE IODINE 450 ml (วิทยาศรม),ราคา 135.00 บาท
มหาหิงคุ์ 450 ml (วิทยาศรม),ราคา 100.00 บาท
น้ำมันละหุ่งหวาน 450 ml (วิทยาศรม),ราคา 145.00 บาท
ยาสีฟันตำรับโบราณ วิเศษนิยม แพ็ก 10 ซอง,ราคา 110.00 บาท
ยาสีฟัน รุ่งอรุณ 12 ซอง/โหล,ราคา 125.00 บาท
สำลีก้อน 0.50 กรัม ตรารถพยาบาล 40 g,ราคา 14.50 บาท
PREGNANCY TEST VM ชุดตรวจสอบการตั้งครรภ์ ชนิดหยด 1 ชุด/กล่อง,ราคา 18.00 บาท
OREDA R.O. ORS ออรีด้า รสส้ม 50X16.5g/กล่อง (BLHUA),ราคา 240.00 บาท
METFORMIN 500 mg 50X10's (GPO),ราคา 6.50 บาท
SMOOTH E GOLD MIRACLE Capsules 12's,ราคา 335.00 บาท
EZETROL 10 mg 30's (MSD),"ราคา 1,410.00 บาท"
AMINOPHYLINE 1000's (ATC),ราคา 445.00 บาท
APRACUR NC 25X6's (BIOPHARM),ราคา 182.00 บาท
DAONIL 5 mg 10X10's (SANOFI),ราคา 312.00 บาท
ผงพิเศษ ตราร่มชูชีพ 1 กล่อง 36 ซอง,ราคา 345.00 บาท
ZAM BUK 8 g (BAYER),ราคา 23.50 บาท
XANDASE 100 mg (50X10's),ราคา 9.80 บาท
"VITAMIN A 25,000 IU 100's (PATAR)",ราคา 49.00 บาท
COTTON BUD สำลีก้าน ตรารถพยาบาล 100 ก้าน/ห่อ,ราคา 14.50 บาท
HYDROCHLOROTHIAZIDE HCTZ 50 mg 1000's (TO),ราคา 195.00 บาท
OREDA R.O. ORS ออรีด้า รสส้ม 100X3.3g/กล่อง (BLHUA),ราคา 160.00 บาท
POLKA Cream 25 g,ราคา 41.50 บาท
ALDA Suspension 10 ml (TNP),ราคา 20.00 บาท
R-DEN 1X28's (TNP),ราคา 27.50 บาท
ด่างทับทิม แสงสว่าง 12X10g/โหล,ราคา 108.00 บาท
NORFLOXIN 400 mg 500's (TO),ราคา 515.00 บาท
ChlorOph EYE Ointment 5 g,ราคา 30.50 บาท
FLORA PLUS ยาสตรีฟลอร่า 450 ml,ราคา 160.00 บาท
KAL-G 150 g,ราคา 498.00 บาท
ใบมะขามแขก อ้วยอันโอสถ 100's,ราคา 61.00 บาท
พริกไทย อ้วยอันโอสถ 100's,ราคา 94.00 บาท
ว่านชักมดลูก อ้วยอันโอสถ 100's,ราคา 103.00 บาท
เถาเอ็นอ่อน อ้วยอันโอสถ 100's,ราคา 93.00 บาท
บอระเพ็ด อ้วยอันโอสถ 100's,ราคา 90.50 บาท
SERMION 30 mg 30's,ราคา 734.00 บาท
VISTRA COLLAGEN TRIPEPTIDE 10000 mg กลิ่นสตรอเบอร์รี่ 10 ซอง/กล่อง,ราคา 520.00 บาท
ตะขาบ 5 ตัว ยาอมแก้ไอ รสมิ้นท์,ราคา 27.00 บาท
บริษัท วรมิตร ดรัก เซ็นเตอร์ จำกัด,
ติดต่อเราได้ที่,
ตะขาบ 5 ตัว ยาอมแก้ไอ รสบ๊วย,ราคา 27.00 บาท
ตะขาบ 5 ตัว ยาอมแก้ไอ รสตะไคร้,ราคา 27.00 บาท
ปิโตรเลียม เจลลี่ 50 g (MEDMAKER),ราคา 34.50 บาท
FUNGINOX Solution 25 ml,ราคา 141.00 บาท
EUTHYROX 100 mcg 4X25's (MERCK),ราคา 164.00 บาท
EUTHYROX 50 mcg 4X25's (MERCK),ราคา 164.00 บาท
STERILE EYE PADS 25 ชิ้น/กล่อง (Pharmahof),ราคา 120.00 บาท
MEGA VITAMIN E 100 IU 100's,ราคา 207.00 บาท
MEGA VITAMIN E 200 IU 60's,ราคา 207.00 บาท
MEGA VITAMIN E 400 IU 30's,ราคา 207.00 บาท
ขมิ้นผงแสงชัย 100 ซอง/กล่อง,ราคา 4.20 บาท
DICLOXA RX 500 mg 25X10's (RX),ราคา 22.00 บาท
CANASONE C.B. Cream 5 g (TNP),ราคา 22.00 บาท
CANASONE C.B. Cream 15 g (TNP),ราคา 47.50 บาท
CANASONE Cream 5 g (TNP),ราคา 22.50 บาท
CANASONE Cream 10 g (TNP),ราคา 42.00 บาท
TAUGLICOLO 10X10's (SIAM),ราคา 135.00 บาท
MANMOX DRY Syrup 250 mg กลิ่นส้ม 60 ml (T.MAN),ราคา 27.00 บาท
MANMOX DRY Syrup 250 mg กลิ่นองุ่น 60 ml (T.MAN),ราคา 28.00 บาท
CARDURA XL 4 mg 3X10's (VIATRIS),ราคา 684.00 บาท
TRAM Lotion 30 ml (TNP),ราคา 23.00 บาท
เซโรงัง 50's,ราคา 86.00 บาท
เซโรงัง 100 เม็ด,ราคา 210.00 บาท
BRONPECT-D (50X10's),ราคา 12.00 บาท
TRAVATAN EYE Drops 2.5 ml,ราคา 593.00 บาท
TABLET CUTTER ที่ตัดยา,ราคา 56.00 บาท
ขมิ้นผงแท้ ตราโพธิ์แก้ว 400 g,ราคา 66.50 บาท
ยาประสระน้ำนม สูตร 2 ตราพารา 25's/ซอง,ราคา 42.00 บาท
วอล์คเกอร์ 4 ขา หัดเดิน (Canton),ราคา 360.00 บาท
ไม้เท้า 3 ขา ปรับได้ (Canton),ราคา 280.00 บาท
ไม้เท้า 4 ขา ปรับได้ (Canton),ราคา 280.00 บาท
ไม้เท้าก้านร่ม หัวโค้ง ปรับได้ (Canton),ราคา 105.00 บาท
ไม้เท้าค้ำยัน 48 นิ้ว แบบไม้ No.M (Canton),ราคา 240.00 บาท
ไม้เท้าค้ำยัน 50 นิ้ว แบบไม้ No.L (Canton),ราคา 240.00 บาท
ไม้พันสำลี Size L 100 ก้าน/ห่อ (Canton),ราคา 17.00 บาท
ไม้พันสำลี Size M 100 ก้าน/ห่อ (Canton),ราคา 17.00 บาท
ไม้พันสำลี Size S 100 ก้าน/ห่อ (Canton),ราคา 18.00 บาท
SYRINGE แก้ว 2 ml,ราคา 28.00 บาท
SYRINGE แก้ว 5 ml,ราคา 33.50 บาท
GENTA-BETASONE Cream 15 g,ราคา 47.50 บาท
บริษัท วรมิตร ดรัก เซ็นเตอร์ จำกัด,
ติดต่อเราได้ที่,
GENTA-BETASONE Cream 5 g,ราคา 19.00 บาท
NICORETTE Coolmint Gum 2 mg 105's/กล่อง,ราคา 715.00 บาท
MEIACT 100 mg 10X10's (Meiji),ราคา 290.00 บาท
FLUIFORT Syrup 120 ml,ราคา 188.00 บาท
DEWAX EAR Drops 15 ml,ราคา 53.00 บาท
DURAN 400 mg 10's (TNP),ราคา 20.00 บาท
CEE 1000 mg 100's (T.MAN),ราคา 183.00 บาท
ยาหอมเทพจิตร ตราห้าม้า 24 หลอด/กล่อง,ราคา 385.00 บาท
CLINDALIN Gel 5g,ราคา 35.50 บาท
HYDROGEN 60 ml (วิทยาศรม),ราคา 10.00 บาท
ChlorOph EYE Drops 5 ml,ราคา 27.50 บาท
ยาหอม ตรา 5 เจดีย์ ชนิดซอง 12X3g/โหล,ราคา 38.00 บาท
VITAMIN B1-6-12 บรรจุ 100's (GPO),ราคา 62.00 บาท
TEARS NATURALE FREE EYE Drops 32X0.03/กล่อง (Alcon),ราคา 315.00 บาท
ชิกหลีซั้ว แป๊ะเลี้ยง 10 ห่อ/กล่อง,ราคา 340.00 บาท
RENU 355 ml (B&L),ราคา 158.50 บาท
NEODEX Cream 450 g (OSi),ราคา 260.00 บาท
CIPROXYL 500 mg 10X10's (Farmaline),ราคา 218.00 บาท
GENTAL-F Cream 15 g,ราคา 37.00 บาท
FORLAX Powder 10 mg 20 ซอง (PACIFIC),ราคา 268.00 บาท
GASTRO BISMOL 524 mg 20X10's (Farmaline),ราคา 45.00 บาท
PATARVIT Syrup 120 ml (PATAR),ราคา 24.00 บาท
TRUSOPT Ophthalmic Solution 5 ml,ราคา 555.00 บาท
VIVIT 50X10's (PATAR),ราคา 17.00 บาท
THROATSIL รสน้ำผึ้งมะนาว (24X8's),ราคา 14.00 บาท
THROATSIL รสส้มผสมวิตามินซี (24X8's),ราคา 14.00 บาท
BETA-DIPO Cream 5 g (TNP),ราคา 22.50 บาท
BETA-DIPO 15 g (TNP),ราคา 40.00 บาท
MIFORMIN 500 mg 50X10's (GREATER),ราคา 6.50 บาท
เกลือแร่ รอแยลดี ROYAL-D 50X25g/กล่อง,ราคา 162.00 บาท
CEFSPAN Suspension 30 ml,ราคา 215.00 บาท
CEFSPAN 100 mg (10X10's),ราคา 232.00 บาท
CIPROBAY 500 mg 3X10's (BAYER),"ราคา 1,930.00 บาท"
COAPROVEL (150mg/12.5mg) 28's SANOFI,ราคา 755.00 บาท
APROVEL 300 mg 28's (SANOFI),ราคา 825.00 บาท
ALLERAX-FC 1000's (BKD),ราคา 178.00 บาท
CELEBREX 400 mg 10's (VIATRIS),ราคา 408.50 บาท
IMIGRAN 50 mg 2's (GSK),ราคา 257.00 บาท
SATOGESIC Gel 35 g,ราคา 172.00 บาท
FELOTEN 5 mg 3X10's (BIOLAB),ราคา 225.00 บาท
บริษัท วรมิตร ดรัก เซ็นเตอร์ จำกัด,
ติดต่อเราได้ที่,
EUCOR 10 mg 3X10's (GREATER),ราคา 50.00 บาท
ORMIST Syrup 60 ml (TNP),ราคา 32.00 บาท
IZE JELLI BALM,ราคา 194.00 บาท
LIPS CARE ลิปส์แคร์ 2 โหล/กล่อง,ราคา 163.00 บาท
เอ็ม16 ยาแก้ปวดฟัน 3 ml/ขวด M16 (PATAR),ราคา 16.75 บาท
CLARID 10X10's/แพ็ก,ราคา 130.00 บาท
DIPAZIDE 5 mg 10X10's (SIAM),ราคา 135.00 บาท
CRESTOR 20 mg 2X14's (Astrazeneca),"ราคา 1,625.00 บาท"
CRESTOR 10 mg 2X14's (Astrazeneca),"ราคา 1,065.00 บาท"
GLUCOSA 500 mg 10X10's (BKD),ราคา 268.00 บาท
รางจืด อ้วยอันโอสถ 100's,ราคา 104.00 บาท
EUCOR 20 mg 3X10's (GREATER),ราคา 96.00 บาท
เซนลุกซ์ น้ำมันนวดตรางู 60 ml,ราคา 34.00 บาท
THERMA PLAST เทอร์มา พลาสท์ แผ่นประคบร้อน 5 ชิ้น/กล่อง,ราคา 135.00 บาท
LIPITOR 40 mg 3X10's (VIATRIS),"เหลือ 2,120.00 บาท"
NORA Shampoo 100 ml (TNP),ราคา 132.00 บาท
D-COATE 50X10's (BLHUA),ราคา 12.00 บาท
ท่อออกซิเจน ขนาด 1.5 คิว,"ราคา 2,250.00 บาท"
JAPROLOX 60 mg (2X10's),ราคา 140.00 บาท
ORFARIN 3 mg 100's,ราคา 430.00 บาท
ORFARIN 5 mg 100's,ราคา 560.00 บาท
CARDOXA 2 mg 10X10's (SPS),ราคา 10.00 บาท
AMK 1000 mg 1X10's (RX),เหลือ 97.00 บาท
ARACAF Syrup 60 ml (TNP),ราคา 23.00 บาท
NEXCARE COBAN (1 inch x 5 yds) 1 ม้วน/กล่อง 3M,ราคา 32.50 บาท
ยาหอมตราเด็กในพานทอง 12 ซอง/โหล,ราคา 46.00 บาท
ZEMA Lotion 15 ml,ราคา 19.00 บาท
DAFOMIN 500 mg 3X10's (TO),ราคา 126.50 บาท
NATEAR EYE Drops 10 ml (TEVA),ราคา 85.50 บาท
OPTI-FREE REWETTING Drops 10 ml (Alcon),ราคา 112.00 บาท
THYROSIT 100 mcg 50X10's (SPS),ราคา 5.20 บาท
BETOSONE-EN Cream 450 g (TO),ราคา 310.00 บาท
SORIDE 300 mg 250's (Pharmahof),ราคา 114.00 บาท
FUNGIDERM-K Shampoo 50 ml (GREATER),ราคา 42.00 บาท
FATEC 10 mg 10X10's (Pharmahof),ราคา 110.00 บาท
B.O.CAL 60's (NCR),ราคา 158.00 บาท
FUNGIDERM-K Shampoo 100 ml (GREATER),ราคา 74.00 บาท
PENCOR 4 mg (10X10's),ราคา 30.00 บาท
MELCAM 7.5 mg (10X10's),ราคา 35.00 บาท
STANDARD BACK SUPPORT No.S อุปกรณ์พยุงหลัง (STD),ราคา 375.00 บาท
บริษัท วรมิตร ดรัก เซ็นเตอร์ จำกัด,
ติดต่อเราได้ที่,
STANDARD BACK SUPPORT No.M อุปกรณ์พยุงหลัง (STD),ราคา 375.00 บาท
STANDARD BACK SUPPORT No.L อุปกรณ์พยุงหลัง (STD),ราคา 375.00 บาท
PROPYL 50 mg 50X10's (SPS),ราคา 7.00 บาท
COXIUM 1500 mg 30's (Millimed),ราคา 350.00 บาท
SCOTT's COD LIVER OIL Emulsion รสส้ม 200 ml (GSK),ราคา 89.00 บาท
MANTIL 2 mg 50X10's (T.MAN),ราคา 125.00 บาท
INNO FIX (10 cm x 1 m) 1 ม้วน/กล่อง,ราคา 20.50 บาท
SINGULAIR 5 mg 28's,ราคา 752.00 บาท
DUREX เพอร์ฟอร์มา 3 ชิ้น/กล่อง,ราคา 67.50 บาท
BETAMED Solution 450 ml (Medicpharma),ราคา 143.00 บาท
ผงเป่าคอ ตราไก่ดำ ชนิดพ่น 5 g/หลอด,ราคา 26.00 บาท
FIBRIL 160 mg 30's (BERLIN),ราคา 178.00 บาท
MEBO Cream 40 g,ราคา 285.00 บาท
NICOMILD 2 mg 7X9's (Millimed),ราคา 242.00 บาท
ARTRODAR 50 mg 3X10's (TRB),ราคา 480.00 บาท
B.M. BABY COUGH Syrup 60 ml (BMP),ราคา 27.00 บาท
ROXITOP 300 mg 10X10's (Farmaline),ราคา 315.00 บาท
SYRINGE BALL (No.4) 90 ml,ราคา 53.00 บาท
ยาดมส้มมือจรุงจิต สีทอง,ราคา 47.00 บาท
ยาดมส้มมือจรุงจิต สีเงิน,ราคา 43.00 บาท
VASTAREL MR 35 mg 60's,ราคา 515.00 บาท
PATAR-COM 100's (PATAR),ราคา 27.50 บาท
AMK 625 mg 10's (RX),ราคา 90.00 บาท
X-Y JELLY 50 g เจลหล่อลื่น (PATAR),ราคา 22.50 บาท
CENASIC CR 1000's (CPL),ราคา 450.00 บาท
MEBO Cream 10 g,ราคา 86.50 บาท
FLEXSA 500 mg 30's (MEGA),ราคา 178.00 บาท
AZOPT Ophthalmic Suspension 5 ml,ราคา 488.00 บาท
โกร่งบดยา 7 ซม.,ราคา 30.50 บาท
SINEMET 25/100 (10X10's),ราคา 810.00 บาท
SINEMET 25/250 (10X10's),ราคา 935.00 บาท
ALLERGIS EYE Drops 5 ml (TNP),ราคา 28.50 บาท
CLOTRIDERM V.T. Vaginal Tablet 500 mg 1's (NL),ราคา 15.50 บาท
CLOTRIDERM V.T. Vaginal Tablets 100 mg 6's (NL),ราคา 15.50 บาท
XYZAL 5 mg 1X10's (GSK),ราคา 132.00 บาท
พิมเสนสำลี ตราโป๊ยเซียน,ราคา 215.00 บาท
B.O.S 100's (NCR),ราคา 252.00 บาท
GENTA-OPH EYE Drops 5 ml,ราคา 23.00 บาท
CONCOR 2.5 mg 10X10's (MERCK),ราคา 66.75 บาท
VISTRA COLLAGEN TRIPEPTIDE 10000 mg กลิ่นส้ม 10 ซอง/กล่อง,ราคา 527.50 บาท
บริษัท วรมิตร ดรัก เซ็นเตอร์ จำกัด,
ติดต่อเราได้ที่,
BLACKMORES MARINE COLLAGEN ABSOLUTE 60's,"ราคา 1,445.00 บาท"
COOL BABY PATCH KIDS 6 แผ่น/กล่อง (Nanomed),ราคา 66.00 บาท
MONOLIN SR 60 mg 3X10's (BERLIN),ราคา 205.00 บาท
DACIN-F 150 mg 10X10's (Farmaline),ราคา 24.00 บาท
HYTISONE 1% Cream 5 g (ATC),ราคา 22.50 บาท
EDARBYCLOR (40mg/12.5mg) 28's TAKEDA,ราคา 825.00 บาท
RYTMONORM 150 mg 5X10's (Abbott),ราคา 775.00 บาท
N-ZEN Gel 60 g (TCP),ราคา 45.00 บาท
FUROX Suspension 60 ml (TNP),ราคา 42.50 บาท
SIADOCIN 100 mg 10X10's (SIAM),ราคา 320.00 บาท
GRACE เกรซ โรลออนสารส้ม,ราคา 31.00 บาท
GRACE เกรซ โรลออนสารส้ม ขมิ้นชัน,ราคา 31.00 บาท
GRACE เกรซ โรลออนสารส้ม ว่านหางจระเข้,ราคา 31.00 บาท
GRACE เกรซ โรลออนสารส้ม เปลือกมังคุด,ราคา 31.00 บาท
STANDARD BACK SUPPORT No.XL อุปกรณ์พยุงหลัง (STD),ราคา 375.00 บาท
ANAN แผ่นรองซึมซับ No.L 10 ชิ้น/ห่อ,ราคา 82.00 บาท
BINOZYT 250 mg 6's (SANDOZ),ราคา 114.00 บาท
MEGA GINSOMIN (20X8's),"ราคา 1,066.00 บาท"
FOLIC ACID 5 mg 1000's (GPO),ราคา 322.00 บาท
VIARTRIL-S 500 mg 90's (MEDA),ราคา 998.00 บาท
MANO Syrup 100 ml,ราคา 33.00 บาท
ELIDEL Cream 15 g (MEDA),ราคา 765.00 บาท
กวาวเครือขาว อ้วยอันโอสถ 100's,ราคา 130.00 บาท
STERILE GAUZE PADS 4x4 inch 100 ชิ้น/กล่อง (Pharmahof),ราคา 270.00 บาท
BETOSONE-EN Cream 15 g (TO),ราคา 42.50 บาท
BETOSONE-EN Cream 5 g (TO),ราคา 22.00 บาท
MEGA NAT-B 40's,ราคา 228.00 บาท
CETAPHIL 125 ml,ราคา 167.00 บาท
METFORMIN RX 500 mg 50X10's (RX),ราคา 8.00 บาท
HOTTA ขิงต้นตำรับ 126 g 14 ซอง/ห่อ,ราคา 94.00 บาท
AMK Suspension 156.25mg/5ml 60 ml (RX),ราคา 70.00 บาท
AMK Suspension 312.5mg/5ml 60 ml (RX),ราคา 137.00 บาท
AMK Suspension 457mg/5ml 70 ml (RX),ราคา 149.00 บาท
PODOPHYLLIN 15 ml (วิทยาศรม),ราคา 270.00 บาท
ผ้าก๊อซ GAUZE PAD 2x2 inch 10 ห่อ/กล่อง (Canton),ราคา 34.00 บาท
BETOSONE Cream 450 g (TO),ราคา 280.00 บาท
ZALBEN 400 mg 1's (PATAR),ราคา 85.00 บาท
ACCU-CHEK SOFTCLIX LANCETS 25 ชิ้น/กล่อง (Roche),ราคา 81.00 บาท
PATAR COD LIVER OIL 60's (PATAR),ราคา 46.00 บาท
COOL BABY PATCH 6 แผ่น/กล่อง (Nanomed),ราคา 65.00 บาท
บริษัท วรมิตร ดรัก เซ็นเตอร์ จำกัด,
ติดต่อเราได้ที่,
ยากษัยเส้นแคปซูล ตราเด็กในพานทอง,ราคา 16.75 บาท
INF-OPH 1% EYE Drops 5 ml,ราคา 42.50 บาท
EFEXOR XR 75 mg 2X14's (VIATRIS),"ราคา 1,610.00 บาท"
SPIRIVA 18 mcg 30's (ไม่มีเครื่อง),"ราคา 1,362.00 บาท"
ลูกเหม็น ถุง 1 กิโลกรัม,ราคา 112.00 บาท
สำลีแผ่น ตรารถพยาบาล 12 g,ราคา 7.00 บาท
ยาดมสมุนไพร ตราเฌอเอม 12X1g/โหล,ราคา 195.00 บาท
MAR PLUS 5% NASAL Spray 20 ml (STADA),ราคา 188.00 บาท
MYDOCALM 150 mg (1X10's),ราคา 45.50 บาท
FLEXITAL 400 mg (5X10's),ราคา 248.00 บาท
OXECURE BODY ACNE Spray 50 ml,ราคา 160.00 บาท
NIDOL Gel 2% 30 g (PACIFIC),ราคา 110.00 บาท
RISPERDAL Solution 30 ml (Janssen),ราคา 985.00 บาท
VITAMIN C 500 mg 100's (T.MAN),ราคา 118.00 บาท
I-COF 25X10's (TCP),ราคา 18.60 บาท
GLUCERNA SR 400 g กลิ่นวานิลลา (Abbott),ราคา 618.00 บาท
FUNGIDERM-K Cream 10 g (GREATER),ราคา 31.00 บาท
V-CAP 10X10's (PATAR),ราคา 120.00 บาท
โกร่งบดยา 9 ซม.,ราคา 42.00 บาท
คีมคีบสำลี ไม่มีเขี้ยว 13 cm (Canton),ราคา 76.00 บาท
GLIZIDE 5 mg 5X15's (Pharmahof),ราคา 98.00 บาท
ROXTHRIN 150 mg 10X10's (TO),ราคา 160.00 บาท
BEPANTHEN Ointment 30 g (BAYER),ราคา 136.00 บาท
EVRA TRANDERMAL PATCH อีฟรา 3 แผ่น (Abbott),ราคา 440.00 บาท
STANDARD BACK SUPPORT No.XXL อุปกรณ์พยุงหลัง (STD),ราคา 385.00 บาท
TIGERPLAST LEOPOVIDONE 30 ml,ราคา 36.50 บาท
SARA 500 mg เม็ดรี 20X10's (TNP),ราคา 200.00 บาท
SARA 500 mg เม็ดกลม 20X10's (TNP),ราคา 200.00 บาท
GYNOSTEN Vaginal Tablet 500 mg 1's (BERICH),ราคา 26.00 บาท
ถ้วยทองโอสถ ยาหม่องถ้วยทอง 50 g,ราคา 74.00 บาท
XATRAL XL 10 mg 30's (SANOFI),ราคา 880.00 บาท
BACTEX Ointment 5 g,ราคา 52.00 บาท
เยนเชียนไวโอเลต 15 ml (วิทยาศรม),ราคา 7.75 บาท
DERMACOMBIN Cream 5 g,ราคา 75.00 บาท
TWYNSTA (80/5mg) 30's,ราคา 870.00 บาท
MUCOSTA 100 mg 10X10's (OTSUKA),ราคา 82.00 บาท
ANNYLYN 1X21's (TNP),ราคา 88.50 บาท
ANNYLYN 1X28's (TNP),ราคา 88.50 บาท
CAPSIKA Gel 60 g (BKD),ราคา 90.00 บาท
EXFORGE HCT (5mg/160mg/12.5mg) 4X7's Novartis,ราคา 835.00 บาท
บริษัท วรมิตร ดรัก เซ็นเตอร์ จำกัด,
ติดต่อเราได้ที่,
COSOPT Ophthalmic Solution 5 ml,ราคา 465.00 บาท
DELTACARBON 10X10's/แพ็ก (SPS),ราคา 235.00 บาท
PIRIDENE 20 mg 20's,ราคา 19.00 บาท
URSOLIN 250 mg 10X10's (BERLIN),ราคา 95.00 บาท
ถ้วยกินยา พลาสติก 30 ml,ราคา 6.50 บาท
AMMONIA แอมโมเนียหอมสหการ 450 ml,ราคา 90.00 บาท
GLAKAY 15 mg 3X10's (Eisai),ราคา 350.00 บาท
ยาตำราหลวง 7 รายการ (GPO),ราคา 70.00 บาท
LADINA ยาสตรีเลดิน่า 20's,ราคา 80.00 บาท
ARC-SODA อ๊าค-โซดา 227 g,ราคา 24.00 บาท
LEXEMIN 300 mg (10X10's),ราคา 112.00 บาท
STREPSIL COOL (24X8's),ราคา 34.00 บาท
STREPSILS ORIGINAL HHR 8's,ราคา 34.00 บาท
ANDROCUR 50 mg 5X10's (BAYER),ราคา 590.00 บาท
CISTEINE 12's (TNP),ราคา 29.50 บาท
PRADAXA 150 mg 30's,"ราคา 1,749.00 บาท"
TRIPNATOL 25 mg 500's (NL),ราคา 140.00 บาท
VISLUBE EYE Drops 20X0.45ml/กล่อง (TRB),ราคา 352.00 บาท
MYMOL 500 mg 1000's,ราคา 215.00 บาท
MIGANA 1X10's (T.MAN),ราคา 22.00 บาท
ZANIDIP 10 mg 2X14's (Abbott),ราคา 562.00 บาท
I-COF KIDS รสเชอร์รี่ 60 ml (TCP),ราคา 32.50 บาท
I-COF Syrup รสเชอร์รี่ 60 ml (TCP),ราคา 35.00 บาท
PIROXICAM FORTE 20 mg (10X10's),ราคา 99.00 บาท
SERC 16 mg 3X20's (Abbott),ราคา 409.00 บาท
DISOL 8 mg 10X10's (SIAM),ราคา 135.00 บาท
STREPSIL ORANGE+VITAMIN C 8's,ราคา 34.00 บาท
DUINUM 50 mg 1X10's,ราคา 365.00 บาท
AIR-X รสมะนาว 50X10's (RX),ราคา 12.40 บาท
CHLORPHE 4 mg 1000's (AU),ราคา 160.00 บาท
EUCALYPTUS OIL ตราจิงโจ้ 8.5 ml,ราคา 33.50 บาท
EUCALYPTUS OIL ตราจิงโจ้ 56 ml,ราคา 126.00 บาท
GLUCOLYTE 500 mg 500's (TO),ราคา 150.00 บาท
NINAZOL Cream 5 g (TO),ราคา 22.00 บาท
แป้งโยคี 60 g (ศิริบัญชา),ราคา 10.50 บาท
COLPERMIN (10X10's),ราคา 78.00 บาท
DUPHALAC 100 ml (Abbott),ราคา 121.00 บาท
HYOSMAN 10 mg 50X10's (T.MAN),ราคา 17.50 บาท
TETRACYCLINE 250 mg 1000's (AU),ราคา 495.00 บาท
CANDINOX Vaginal Tablets 100 mg 6's (CBLAB),ราคา 21.00 บาท
บริษัท วรมิตร ดรัก เซ็นเตอร์ จำกัด,
ติดต่อเราได้ที่,
EUCALYPTUS OIL ตราจิงโจ้ 28 ml,ราคา 71.00 บาท
SEROQUEL 25 mg 30's,ราคา 935.00 บาท
AZYCIN 250 mg 1X6's (GPO),ราคา 69.50 บาท
ZINC เนเจอร์บาลานซ์ 90's,ราคา 158.00 บาท
VITAMIN E MOISTURIZING Cream 25 g (VITARA),ราคา 60.00 บาท
MEIACT FINE GRANULES 50 mg 0.5gX120ซอง/กล่อง (Meiji),ราคา 17.50 บาท
PRENOLOL 25 mg 50X10's (BERLIN),ราคา 5.75 บาท
GYNECON-T Vaginal Tablets (20X5's),ราคา 15.00 บาท
RHINOTAPP 1000's (NL),ราคา 315.00 บาท
MEGA NAT-C 150's,ราคา 540.00 บาท
DUREX เฟเธอร์ไลท์ 3 ชิ้น/กล่อง,ราคา 68.00 บาท
LASIX 500 mg 10X10's (SANOFI),"ราคา 2,520.00 บาท"
VITALUX PLUS 30's (Alcon),ราคา 308.00 บาท
VIT C 50 mg กลิ่นส้ม 1000's (FRX),ราคา 122.00 บาท
DUREX อัลติมา เฟเธอร์ไลท์ 3 ชิ้น/กล่อง,ราคา 73.00 บาท
PROTOPIC 0.03% Ointment 10 g,"ราคา 1,200.00 บาท"
HYLES 25 mg 10X10's (BERLIN),ราคา 140.00 บาท
NSS น้ำเกลือขวดเกลียวใส 1000 ml (ANB),ราคา 35.00 บาท
CRAVIT Ophthalmic Solution 5 ml,ราคา 130.00 บาท
ยาดองเหล้าตราเสือ 11 ตัว สูตร 2 ขนาด 300 ml,ราคา 50.50 บาท
อภัยภูเบศร ยาแก้ไอผสมมะขามป้อม 120 ml,ราคา 28.25 บาท
DIFELENE Gel 100 g (TNP),ราคา 88.00 บาท
EQUAL CLASSIC ชนิดผง 100 ซอง/กล่อง,ราคา 144.00 บาท
T.V.LONE Lotion 60 ml (T.MAN),ราคา 26.00 บาท
ถาดนับยา,ราคา 215.00 บาท
ยาสตรีเพ็ญภาค ชนิดแคปซูล 30's,ราคา 65.00 บาท
STREPSILS HONEY&LEMON 8's,ราคา 34.00 บาท
ISOREM 5 mg 10X10's (PML),ราคา 88.94 บาท
BUFLEX 600 mg 500's (BURAPHA),ราคา 515.00 บาท
AMOXY M.H. 500 mg 50X10's GREEN-BLUE (M&H),ราคา 15.50 บาท
TWINA Cream 15 g (T.MAN),ราคา 35.50 บาท
ZERTINE 10 mg 10X10's (Farmaline),ราคา 72.00 บาท
CD-OPH EYE Drops 5 ml,ราคา 53.00 บาท
ยาน้ำมันเหลือง สมถวิล,ราคา 90.00 บาท
FUCICORT Cream 5 g,ราคา 99.00 บาท
SYRINGE BALL (No.7) 200 ml,ราคา 73.00 บาท
DACIN-F 300 mg 10X10's (Farmaline),ราคา 37.50 บาท
SEVEN SEAS MULTIVITAMIN SYRUP WITH LYSINE 100 ml,ราคา 146.00 บาท
MUCIL 200 mg 30X3g/กล่อง (TO),ราคา 64.00 บาท
HEPACAP (10X10's),ราคา 505.00 บาท
บริษัท วรมิตร ดรัก เซ็นเตอร์ จำกัด,
ติดต่อเราได้ที่,
TRAJENTA DUO (2.5mg/500mg) 60's,"ราคา 1,530.00 บาท"
LEFLOXIN 500 mg 1X10's (SIAM),ราคา 168.00 บาท
KLACID 500 mg 1X10's (Abbott),ราคา 528.00 บาท
ริดสีดวงทวารหนัก ตราปลามังกร 500's,ราคา 125.00 บาท
RETEN FIVE 30 ml (TO),ราคา 142.00 บาท
ขมิ้นชัน 60's (ศิริบัญชา),ราคา 31.00 บาท
ROXYCAN 20 mg 1000's (T.MAN),ราคา 320.00 บาท
HEPALAC 100 ml (BERLIN),ราคา 79.00 บาท
ยาหม่องไพล ตราหมอเอี้ยง 50 g,ราคา 60.00 บาท
TIGER BALM NECK&SHOULDER RUB 50 g,ราคา 134.00 บาท
OLMETEC 40 mg 30's,ราคา 870.00 บาท
DOMPER-M 10 mg 50X10's (BKD),ราคา 4.40 บาท
MEDERMA SCAR Gel 10 g,ราคา 315.00 บาท
VITAMIN B COMPLEX 1000's เม็ดสีน้ำตาล (ROTA),ราคา 245.00 บาท
NEBILET 5 mg 2X14's (Menarini),ราคา 692.00 บาท
OXYMET NASAL Spray 0.05% 15 ml (GREATER),ราคา 31.00 บาท
ALCOHOL 12X30ml (ศิริบัญชา),ราคา 72.00 บาท
FOLIC ACID 5 mg 100's (ROTA),ราคา 65.00 บาท
NUOSIC 50X10's (Millimed),ราคา 8.50 บาท
CEZA Syrup 60 ml,ราคา 37.00 บาท
ALCOHOL 3800 ml (ศิริบัญชา),ราคา 320.00 บาท
MULTIVITAMIN 1000's (ROTA),ราคา 285.00 บาท
TOPAMAX 25 mg 6X10's (Janssen),ราคา 147.75 บาท
SCAGEL CYBELE 19 g,ราคา 258.00 บาท
ISOCAL 850 g (Nestle),ราคา 598.50 บาท
CRAVIT 500 mg (1X5's),ราคา 374.00 บาท
FELOTEN 10 mg 3X10's (BIOLAB),ราคา 322.00 บาท
SALMOL EXPECTORANT 60 ml (BIOPHARM),ราคา 17.50 บาท
TAMPO Suspension 60 ml (TNP),ราคา 19.50 บาท
DECOLGEN PRIN (25X4's),ราคา 193.00 บาท
ARAVA 20 mg 30's (SANOFI),"ราคา 2,595.00 บาท"
ยากิ้ดเซียง ชนิดชง ตราเทียนกิ้ดเซียง,ราคา 155.00 บาท
เคียงซิมอี้ 30's,ราคา 245.00 บาท
ยาหอมปราสาททอง อินทรโอสถ 20's,ราคา 88.00 บาท
ยาหอมปราสาททอง อินทรโอสถ 80's,ราคา 322.00 บาท
ZOCOVIN Cream 5 g (TO),ราคา 32.00 บาท
TRANSAMIN 500 mg 10X10's (OHI),ราคา 63.00 บาท
SYRINGE BALL (No.9) 300 ml,ราคา 83.00 บาท
THERMO PAD 30x45cm กระเป๋าน้ำร้อนไฟฟ้า,"ราคา 1,530.00 บาท"
ถุงปัสสาวะ เทล่าง URINE BAG 2000 ml บรรจุ 1 ชิ้น,ราคา 24.00 บาท
บริษัท วรมิตร ดรัก เซ็นเตอร์ จำกัด,
ติดต่อเราได้ที่,
หม้อนอน สแตนเลส,ราคา 830.00 บาท
ATHRIL Powder 30 ซอง/กล่อง (TO),ราคา 225.00 บาท
แป้งโยคี ในรัศมีวงกลม 60 g,ราคา 11.50 บาท
TOPAMAX 50 mg 6X10's (Janssen),ราคา 240.00 บาท
TOPAMAX 100 mg 6X10's (Janssen),ราคา 385.00 บาท
MICARDIS PLUS (40/12.5mg) 30's,ราคา 659.00 บาท
ORMIST 10 mg 1X10's (TNP),ราคา 19.00 บาท
ALLORIC 100 mg 500's (TO),ราคา 220.00 บาท
LONNA Gel (กลิ่นเปปเปอร์มิ้นท์) กล่อง 25X1g,ราคา 180.00 บาท
ULCEFATE Suspension 240 ml (SIAM),ราคา 492.00 บาท
BIO VITAMIN C 1000 mg 30's (Pharmahof),ราคา 166.00 บาท
ยาหม่องเสลดพังพอน ตราหมอเอี้ยง 50 g,ราคา 60.00 บาท
POLKA Cream 60 g,ราคา 73.00 บาท
PHARMAVATE Cream 15 g,ราคา 39.00 บาท
TRINOLONE KIDS ORAL Paste 25X1g/กล่อง,ราคา 155.00 บาท
ZOCOVIN 200 mg 5X5's (TO),ราคา 66.00 บาท
FUCIDIN Cream 15 g,ราคา 174.00 บาท
CLINIVATE-N Cream 15 g (BKD),ราคา 30.00 บาท
B.M. COUGH Syrup 60 ml (BMP),ราคา 33.00 บาท
LIPITOR 80 mg (3X10's),"ราคา 1,980.00 บาท"
ACNE AID GENTLE CLEANSER 100 ml,ราคา 144.00 บาท
LOPID 600 mg (6X10's),ราคา 910.00 บาท
SEROQUEL 100 mg 30's,"ราคา 1,795.00 บาท"
FluOph EYE Drops 5 ml,ราคา 54.00 บาท
SUCTION CATHETERS สายดูดเสมหะ No.12 50 เส้น/ห่อ,ราคา 175.00 บาท
SUCTION CATHETERS สายดูดเสมหะ No.14 50 เส้น/ห่อ,ราคา 175.00 บาท
TANZARIL 50 mg 3X10's (TEVA),ราคา 69.00 บาท
SYMBICORT TURBUHALER (160/4.5 mcg) 120 Doses Astrazeneca,"ราคา 1,155.00 บาท"
NOVOFINE 31G (0.25x6mm) 100 ชิ้น/กล่อง,ราคา 553.00 บาท
TAVIPEC (3X10's),ราคา 185.00 บาท
LONNA Gel กลิ่นเปปเปอร์มิ้นท์ 5 g,ราคา 32.00 บาท
ONE-TREX 10X10's (BURAPHA),ราคา 85.00 บาท
T.M.DAZOLE 500 mg 25X4's (T.MAN),ราคา 156.50 บาท
PROPOLIZ MOUTH Spray 15 ml (T.MAN),ราคา 85.50 บาท
ซอฟเฟล สเปรย์กันยุง กลิ่นฟลอร่า 30 ml,ราคา 31.00 บาท
ซอฟเฟล สเปรย์กันยุง กลิ่นเฟรช 30 ml,ราคา 31.00 บาท
MYOGESIC 500's (NL),ราคา 200.00 บาท
MUSTAB 500's (NL),ราคา 200.00 บาท
SCAGEL KIDS CYBELE 9 g,ราคา 143.00 บาท
CLATIDYNE 10 mg 10X10's (NL),ราคา 60.00 บาท
บริษัท วรมิตร ดรัก เซ็นเตอร์ จำกัด,
ติดต่อเราได้ที่,
TC MYCIN 500 mg 10's (TCP),ราคา 39.50 บาท
ELTROXIN 100 mcg 100's,ราคา 80.00 บาท
น้ำมันละหุ่งหวาน 30 ml (วิทยาศรม),ราคา 12.75 บาท
VULTIN 300 mg (10X10's),ราคา 31.50 บาท
STERILE GAUZE PADS 3x3 inch 100 ชิ้น/กล่อง (Pharmahof),ราคา 185.00 บาท
VITABION 50X10's (Medline),ราคา 26.00 บาท
ONSIA 8 mg 10's (SIAM),ราคา 140.00 บาท
AZITHRO 250 mg 1X6's (M&H),เหลือ 48.50 บาท
CLINIVATE-N Cream 5 g (BKD),ราคา 16.00 บาท
LEXEMIN 100 mg (10X10's),ราคา 44.00 บาท
FANGO-B Cream 5 g (BKD),ราคา 16.00 บาท
CLINODERM Cream 15 g (BKD),ราคา 41.50 บาท
CAPSIKA-25 Gel 35 g (BKD),ราคา 76.00 บาท
BROMHEX 8 mg 50X10's (T.MAN),ราคา 140.00 บาท
SALMOL Syrup 60 ml (BIOPHARM),ราคา 17.50 บาท
KEPPRA 250 mg 3X10's (GSK),ราคา 663.00 บาท
LAMISIL Cream 15 g,ราคา 230.00 บาท
FAVERIN 50 mg 60's (Abbott),"ราคา 1,433.00 บาท"
FAVERIN 100 mg 30's (Abbott),"ราคา 1,276.00 บาท"
ERFUZIDE (10X12's),ราคา 23.50 บาท
HYDROX 25 mg 1000's (T.MAN),ราคา 325.00 บาท
SERLIFT 50 mg (3X10's),ราคา 110.00 บาท
IBROFEN 600 mg 25X10's (TO),ราคา 325.00 บาท
HOTTA GINGER สูตรเข้มข้น ขิง 45 g 5 ซอง/ห่อ,ราคา 44.00 บาท
PULMICORT RESPULES 0.5 mg 20X2ml/กล่อง (Astrazeneca),ราคา 785.00 บาท
NEOTAPE POROUS (1/2 inch x 10 yds) สีขาว,ราคา 22.75 บาท
NEOTAPE POROUS (1 inch x 5 yds) สีขาว,ราคา 34.00 บาท
CARATEN 12.5 mg 10X10's (BERLIN),ราคา 675.00 บาท
CARATEN 6.25 mg 10X10's (BERLIN),ราคา 580.00 บาท
IMMUNYTOP กระเทียมสกัด 100's (KLO),ราคา 218.00 บาท
FENAFEX 180 mg 1X10's (SPS),ราคา 62.00 บาท
LAMAZONE Cream 10 g (NCR),ราคา 36.50 บาท
BRONAL Syrup 120 ml,ราคา 136.00 บาท
AMITRIPTYLINE 25 mg 50X10's (GPO),ราคา 320.00 บาท
COXIUM 1500 mg Powder 30 ซอง/กล่อง (Millimed),ราคา 325.00 บาท
ZYRRIZIN-G 10 mg 500's (NL),ราคา 250.00 บาท
FESPA 500 mg 1X10's (TNP),ราคา 17.50 บาท
MYCODERM-C Dusting Powder 75 g,ราคา 124.00 บาท
MECZE 500 mcg 3X10's (KASPA),ราคา 61.00 บาท
MECOBIN 0.5 mg 25X10's (UNISON),ราคา 15.50 บาท
บริษัท วรมิตร ดรัก เซ็นเตอร์ จำกัด,
ติดต่อเราได้ที่,
MEGA D-TOXI 30's,ราคา 332.00 บาท
I-PROFEN 400 mg 1000's (OSi),ราคา 560.00 บาท
ยาแก้ไอ LP น้ำดำ ตราเสือดาว 450 ml,ราคา 52.00 บาท
แก้วตวงยา 30 ml,ราคา 9.00 บาท
DIFFERIN (0.1%) 30 g,ราคา 578.00 บาท
BENZAC AC (2.5%) 60 g,ราคา 265.00 บาท
CEMOL 500 mg 1000's (CPL),ราคา 298.00 บาท
TRITACE 10 mg 3X10's (SANOFI),ราคา 900.00 บาท
TRITACE 5 mg 3X10's (SANOFI),ราคา 540.00 บาท
SUPRALIP 145 mg 3X10's (Abbott),ราคา 605.00 บาท
I-PROFEN 400 mg 1000's (OSi),ราคา 610.00 บาท
FIRIDE 1 mg 3X10's (SIAM),ราคา 275.00 บาท
PROTOPIC 0.1% Ointment 10 g,"ราคา 1,275.00 บาท"
ด่างทับทิม 400 g (ศิริบัญชา),ราคา 180.00 บาท
TELFAST 180 mg 1X10's (SANOFI),เหลือ 210.00 บาท
ORKELAX (50X10's),ราคา 10.00 บาท
สายให้อาหาร STOMACH TUBE No.14,ราคา 21.00 บาท
สายให้อาหาร STOMACH TUBE No.16,ราคา 21.00 บาท
EUCALYPTUS Spray 300 ml ตราจิงโจ้,ราคา 193.00 บาท
FANGO-BD Cream 15 g (BKD),ราคา 33.00 บาท
TENSOPLAST-L พลาสเตอร์ผ้า 100 ชื้น/กล่อง (Pharmacare),ราคา 99.00 บาท
CANULA สายออกซิเจน แคนนูล่า,ราคา 17.00 บาท
NORA Cream 5 g (TNP),ราคา 23.00 บาท
OC-35 1X21's (PML),ราคา 87.00 บาท
TRILEPTAL 300 mg 5X10's (Novartis),ราคา 684.00 บาท
DAIVOBET Ointment 15 g,ราคา 565.00 บาท
CANAZOL Cream 450 g (TO),ราคา 235.00 บาท
NOVOMIX 30 Penfill (100 U/ml) 5X3ml/กล่อง,"ราคา 1,295.00 บาท"
LOPRESS 2 mg 10X10's (SIAM),ราคา 102.00 บาท
ACCU-CHEK PERFORMA STRIPS 25 ชิ้น/กล่อง (Roche),ราคา 600.00 บาท
DOMPER-M 10 mg 1000's (BKD),ราคา 195.00 บาท
M-CIN Spray 50 ml (Macrophar),ราคา 88.00 บาท
VIGAMOX Ophthalmic Solution 5 ml (Alcon),ราคา 195.00 บาท
ONE ALPHA 1 mcg (10X10's),ราคา 246.00 บาท
EROXADE 150 mg 10X10's (OSi),ราคา 142.00 บาท
AVELOX 400 mg 1X5's (BAYER),ราคา 575.00 บาท
EBIXA 10 mg 28's,"ราคา 2,290.00 บาท"
GLUCOSE-D P.L 454 g (PATAR),ราคา 44.00 บาท
VYTORIN (10mg/10mg) 3X10's MSD,"ราคา 1,590.00 บาท"
VYTORIN (10mg/20mg) 3X10's MSD,"ราคา 1,775.00 บาท"
บริษัท วรมิตร ดรัก เซ็นเตอร์ จำกัด,
ติดต่อเราได้ที่,
MELOBIC 7.5 mg 10X10's (TO),ราคา 260.00 บาท
MEFAMED 500 mg 500's (Medicpharma),ราคา 240.00 บาท
MILK OF MAGNESIA C.B. 240 ml (CBLAB),ราคา 30.00 บาท
MM ยาระบาย รสเชอรี่ 240 ml (Medicpharma),ราคา 24.50 บาท
MM ยาระบาย รสมิ้นท์ 240 ml (Medicpharma),ราคา 24.50 บาท
CLINDALIN Gel 10 g,ราคา 62.50 บาท
ZALAIN Cream 5 g,ราคา 55.00 บาท
ZALAIN Vaginal Suppository 300 mg 1's,ราคา 159.00 บาท
ACULAR EYE Drops 5 ml,ราคา 190.00 บาท
EXFORGE (5mg/160mg) 2X14's Novartis,ราคา 815.00 บาท
ซอฟเฟล สเปรย์กันยุง กลิ่นฟลอร่า 80 ml,ราคา 62.00 บาท
ซอฟเฟล สเปรย์กันยุง กลิ่นเฟรช 80 ml,ราคา 62.00 บาท
มะรุมแคปซูล อ้วยอันโอสถ 100's,ราคา 103.00 บาท
อบเชยแคปซูล 60's,ราคา 94.00 บาท
JANUVIA 100 mg 4X7's (MSD),"ราคา 1,460.00 บาท"
FIRIDE 5 mg 3X10's (SIAM),ราคา 445.00 บาท
DUREX EXCITA 3 ชิ้น/กล่อง,ราคา 45.00 บาท
CEMOL 500 mg 100's WHITE-BLUE (CPL),ราคา 27.50 บาท
HARNAL OCAS 0.4 mg 30's,ราคา 935.00 บาท
KOOLFEVER BABY 6 แผ่น/กล่อง,ราคา 78.00 บาท
AVARIN 5X10's/แพ็ก (MEGA),ราคา 302.00 บาท
FLEMING 1000 mg 1X10's (BERLIN),ราคา 91.50 บาท
HYDROGEN 12X30ml (ศิริบัญชา),ราคา 52.00 บาท
COZAAR 100 mg 30's (MSD),ราคา 940.00 บาท
LAMICTAL 25 mg 30's (GSK),ราคา 530.00 บาท
LAMICTAL 50 mg 30's (GSK),ราคา 830.00 บาท
LAMICTAL 100 mg 30's (GSK),"ราคา 1,320.00 บาท"
IMURAN 50 mg 100's,"ราคา 1,630.00 บาท"
STUGIN 25 mg 1000's (BKD),ราคา 175.00 บาท
SOPROXEN 275 mg 10X10's (BERLIN),ราคา 172.00 บาท
ONZET Suspension (200mg/5ml) 15 ml M&H,ราคา 92.00 บาท
BUFLEX 600 mg 25X10's/กล่อง,ราคา 315.00 บาท
MEFAMED 500 mg 25X10's/กล่อง (Medicpharma),ราคา 145.00 บาท
SUCEE 1X28's (BIOPHARM),ราคา 84.00 บาท
MEGA ULTRAPRO 900 g กลิ่นวานิลลา,"ราคา 1,448.00 บาท"
BESTATIN 40 mg 10X10's (BERLIN),ราคา 238.00 บาท
DEHECTA Suspension 20 ซอง/กล่อง,ราคา 475.00 บาท
TOPOXY SKIN Cream 10 g (SPS),ราคา 43.75 บาท
แป้งผง ตราเต่า 25 g กลิ่นเมนทอล,ราคา 30.00 บาท
IBROFEN FC 400 mg 50X10's/กล่อง (TO),ราคา 405.00 บาท
บริษัท วรมิตร ดรัก เซ็นเตอร์ จำกัด,
ติดต่อเราได้ที่,
SILVERDERM Cream 25 g (TO),ราคา 32.00 บาท
BETOSALIC Ointment 5 g (TO),ราคา 24.50 บาท
PAINELIEF COOL Gel 30 g,ราคา 66.50 บาท
VIMPAT 100 mg 56's,"ราคา 5,655.00 บาท"
NUTROPLEX OLIGO 100 ml,ราคา 143.00 บาท
ILIADIN NASAL Spray 10 ml สำหรับผู้ใหญ่,ราคา 132.00 บาท
BETADINE Ointment 50 g,ราคา 120.50 บาท
SENOLAX 60's (SPS),ราคา 56.00 บาท
BETAMETH Cream 500 g (OSi),ราคา 310.00 บาท
FURETIC 40 mg 10X10's (SIAM),ราคา 215.00 บาท
METROLEX 200 mg 10X10's (SIAM),ราคา 90.00 บาท
METROLEX 400 mg 10X10's (SIAM),ราคา 138.00 บาท
MEGA GARLIC OIL 100's,ราคา 103.00 บาท
LANOXIN-PG 0.0625 mg 300's,ราคา 270.00 บาท
GANATON 50 mg 1X10's (Abbott),ราคา 148.00 บาท
VOLTA 50 mg 1000's (T.MAN),ราคา 178.00 บาท
BESTATIN 20 mg 10X10's (BERLIN),ราคา 146.00 บาท
LAURA-35 ลอร่า 1X21's,ราคา 65.00 บาท
PURIDE 300 mg 50X10's (POLIPHARM),ราคา 18.00 บาท
FLUOXINE 20 mg 50X10's (TO),ราคา 7.50 บาท
NYST ORAL 12 ml (CP),ราคา 35.00 บาท
GAVISCON Tablet กาวิสคอน เปปเปอร์มิ้นต์ 16's,ราคา 158.00 บาท
T.A. 0.02% Cream 5 g (OSi),ราคา 13.00 บาท
SALONPAS พลาสเตอร์บรรเทาปวด 10 ชิ้น/กล่อง,ราคา 34.00 บาท
SAUGELLA ATTIVA 100 ml,ราคา 114.00 บาท
SAUGELLA DERMOLIQUIDO 100 ml,ราคา 92.00 บาท
SAUGELLA POLIGYN 100 ml,ราคา 136.00 บาท
LEXAPRO 10 mg (2X14's),"ราคา 1,120.00 บาท"
GLUCERNA SR 850 g กลิ่นวานิลลา (Abbott),"ราคา 1,080.00 บาท"
NURO-B 30X10's (TO),ราคา 22.00 บาท
TRIPNATOL 10 mg 1000's (NL),ราคา 160.00 บาท
DILANTIN 100 mg 100's (VIATRIS),ราคา 392.00 บาท
MEGA GINKGO BILOBA 60's,ราคา 193.95 บาท
ZYRRIZIN 10 mg 10X10's (NL),ราคา 52.00 บาท
STRESSTABS 600+IRON 30's (GSK),ราคา 220.00 บาท
ยาดมเปปเปอร์มิ้นท์ ฟิลด์ Inhaler 12X2ml/โหล,ราคา 213.00 บาท
SARA 500 mg เม็ดรี 100's (TNP),ราคา 110.00 บาท
COAPROVEL (300mg/12.5mg) 28's SANOFI,ราคา 965.00 บาท
LYRICA 75 mg 4X14's (VIATRIS),"ราคา 2,880.00 บาท"
MYOTAB 500's (NL),ราคา 200.00 บาท
บริษัท วรมิตร ดรัก เซ็นเตอร์ จำกัด,
ติดต่อเราได้ที่,
SOS Plus พลาสเตอร์ใส ปิดแผล กันน้ำ รุ่น T2 (6x7cm) 3 แผ่น/กล่อง,ราคา 27.50 บาท
SOS Plus พลาสเตอร์ใส ปิดแผล กันน้ำ รุ่น T3 (6x10cm) 2 แผ่น/กล่อง,ราคา 32.00 บาท
SOS Plus ผ้าก๊อซ ปิดแผล รุ่น S2 (6x7cm) 5 แผ่น/กล่อง,ราคา 29.00 บาท
SOS Plus พลาสเตอร์ใส ปิดแผล กันน้ำ รุ่น T1 (2.5x5.6cm) 10 แผ่น/กล่อง,ราคา 23.00 บาท
SOS Plus ผ้าก๊อซ ปิดแผล รุ่น S3 (6x10cm) 4 แผ่น/กล่อง,ราคา 29.50 บาท
ยาริดสีดวงใบห่อ ชนิดเม็ด 60's,ราคา 23.00 บาท
ZEMA Cream 15 g,ราคา 43.25 บาท
COXIUM 500 mg 10X10's (Millimed),ราคา 255.00 บาท
ใบมะขามแขก อ้วยอันโอสถ 30's,ราคา 31.00 บาท
TRUSLEN COFFEE PLUS COLLAGEN 16gX10ซอง,ราคา 83.00 บาท
T.A. 0.1% Cream 5 g (OSi),ราคา 13.75 บาท
CELLUFRESH UD 30X0.4ml/กล่อง,ราคา 256.00 บาท
DITOIN 100 mg 100's (ATC),ราคา 85.00 บาท
FUROX Suspension 30 ml (TNP),ราคา 25.00 บาท
XALACOM EYE Drops 2.5 ml,ราคา 629.00 บาท
FLUNOBATE-N Cream 5 g (TNP),ราคา 25.00 บาท
FLUNOBATE-N Cream 15 g (TNP),ราคา 43.50 บาท
FLOXCIPRO 500 mg 10X10's (Medicpharma),ราคา 145.00 บาท
NEURONTIN 600 mg (10X10's),ราคา 533.00 บาท
METHYCOBAL 500 mcg 3X10's (Eisai),ราคา 158.00 บาท
HYLES 100 mg 10X10's (BERLIN),ราคา 525.00 บาท
ALLERGIS EYE Drops 10 ml (TNP),ราคา 37.50 บาท
INDOMETHACIN 1000's (AU),ราคา 200.00 บาท
STRESSTABS 600+ZINC 30's (GSK),ราคา 222.00 บาท
จุกล้างจมูก Klean&Kare (ANB),ราคา 26.50 บาท
YAZ 1X28's (BAYER),ราคา 374.00 บาท
FEXOTIN 60 mg 1X10's (Farmaline),ราคา 28.50 บาท
MERISLON 6 mg 3X10's (Eisai),ราคา 61.00 บาท
SIDUOL 3X10's (Eisai),ราคา 110.00 บาท
CO-DIOVAN (160mg/12.5mg) 28's Novartis,ราคา 815.00 บาท
BLACKMORES CoQ10 30's,ราคา 639.50 บาท
ริดสีดวงทวารหนัก ตราใบห่อ ชนิดแคปซูล,ราคา 23.50 บาท
ASPILETS 81 mg (20X10's),ราคา 117.00 บาท
SUBSYDE-CR 100 mg PACK (5x2x10's),ราคา 520.00 บาท
กระเป๋ายาสะพายใบเล็ก 6x8x12 inch,ราคา 330.00 บาท
กระเป๋ายาสะพายใบใหญ่ 8x14x9.5 inch,ราคา 375.00 บาท
SELBEX 50 mg 3X10's (Eisai),ราคา 194.00 บาท
PULMICORT RESPULES 1 mg 20X2ml/กล่อง (Astrazeneca),"ราคา 1,020.00 บาท"
LOSEC OMEPRAZOLE 20 mg 10X10's (GPO),ราคา 79.00 บาท
NASONEX NASAL Spray 60 doses (MSD),ราคา 448.00 บาท
บริษัท วรมิตร ดรัก เซ็นเตอร์ จำกัด,
ติดต่อเราได้ที่,
ZEMA Lotion 30 ml,ราคา 32.00 บาท
DERMAHEU Cream 25 g (TNP),ราคา 88.50 บาท
CATAFLAM 25 mg 2X10's (Novartis),ราคา 100.00 บาท
GAVISCON Suspension กาวิสคอน เปปเปอร์มิ้นต์ 150 ml,ราคา 234.00 บาท
VITA C 25 mg กลิ่นองุ่น 1000's (T.MAN),ราคา 102.00 บาท
NEVRAMIN 10X10's (TAKEDA),ราคา 260.00 บาท
ALCOHOL Gel 450 ml (ศิริบัญชา),ราคา 75.00 บาท
PORMUS (50X10's),ราคา 10.00 บาท
MINIDOZ 1X28's (Exeltis),ราคา 137.50 บาท
ASPENT-M 81 mg 60's,ราคา 32.00 บาท
ASPENT-M 81 mg 1000's,ราคา 295.00 บาท
CADUET (5mg/10mg) 28's VIATRIS,"ราคา 1,220.00 บาท"
SEBIVO 600 mg (2X14's),"ราคา 3,650.00 บาท"
AMBES 5 mg 10X10's (GPO),ราคา 65.00 บาท
AMBES 10 mg 10X10's (GPO),ราคา 108.00 บาท
HCTZ 25 mg 50X10's (GPO),ราคา 3.80 บาท
HCTZ 50 mg 50X10's (GPO),ราคา 5.80 บาท
RHINALAX-B 60 ml (BURAPHA),ราคา 20.00 บาท
CIPROXIN 500 mg (10X10's),ราคา 192.00 บาท
I-PROFEN 400 mg 50X10's (OSi),ราคา 6.75 บาท
MYSOVEN Granules 600 mg 30X7g/กล่อง (GREATER),ราคา 267.00 บาท
NORFLOX OSOTH 400 mg 10X10's (OSi),ราคา 148.00 บาท
SINGULAIR Granules 4 mg 28 ซอง/กล่อง,ราคา 750.00 บาท
SINGULAIR Chewable 4 mg 28's,ราคา 754.00 บาท
COLOFAC RETARD 200 mg 30's (Abbott),ราคา 495.00 บาท
RHINOTAPP Tablets 10X10's (NL),ราคา 55.00 บาท
FOLEY CATHETER No.14 สายปัสสาวะ 10 เส้น/กล่อง,ราคา 170.00 บาท
CADUET (10mg/20mg) 28's VIATRIS,"ราคา 2,025.00 บาท"
GASTRO BISMOL 240 ml รสส้ม (Farmaline),ราคา 102.00 บาท
GLUCOSE 454 g (UTOPIAN),ราคา 52.00 บาท
CDR FORTOS Effervescent 10's (BAYER),ราคา 126.00 บาท
PYRAMOX 500 mg 50X10's (RX),ราคา 16.00 บาท
NSS LPSALINE NORMAL SALINE 200 ml ตราเสือดาว,ราคา 21.75 บาท
COMBIGAN EYE Drops 5 ml,ราคา 426.00 บาท
APOLETS 75 mg 30's (BERLIN),ราคา 288.00 บาท
OMACOR 1000 mg 28's (Abbott),เหลือ 955.00 บาท
AEROTAMOL 100 mcg MDI,ราคา 125.00 บาท
DIOVAN 320 mg 4X7's (Novartis),"ราคา 1,025.00 บาท"
ACCU-CHEK SOFTCLIX LANCETS 200 ชิ้น/กล่อง (Roche),ราคา 530.00 บาท
BIOVIT B6 บรรจุ 1000's,ราคา 242.00 บาท
บริษัท วรมิตร ดรัก เซ็นเตอร์ จำกัด,
ติดต่อเราได้ที่,
METHOPINE 50X10's (BURAPHA),ราคา 12.00 บาท
TETRACYCLINE 250 mg 1000's (AU),ราคา 480.00 บาท
AVODART 0.5 mg 3X10's (GSK),"ราคา 1,275.00 บาท"
ACCU-CHEK ACTIVE เครื่องตรวจน้ำตาล (Roche),"ราคา 1,020.00 บาท"
BIOVIT B2 บรรจุ 1000's,ราคา 408.50 บาท
LORANTA 50 mg 3X10's (SIAM),ราคา 148.00 บาท
RENU REWETTING Drops 8 ml (B&L),ราคา 99.50 บาท
VISTRA GRAPE SEED 60 mg 30's,ราคา 210.00 บาท
FORXIGA 10 mg 30's (Astrazeneca),"ราคา 1,525.00 บาท"
KELA-PLUS Cream 5 g (TO),ราคา 20.00 บาท
KELAPLUS Cream 15 g (TO),ราคา 49.50 บาท
VISTRA FISH OIL 1000 mg 75's,ราคา 206.00 บาท
MEVALOTIN 20 mg 30's,ราคา 619.00 บาท
ERFUZIDE 60 ml,ราคา 30.00 บาท
AMPIPEN N.L. 500 mg 10X10's (NL),ราคา 222.00 บาท
CERAZETTE 1X28's,ราคา 174.50 บาท
OPLUS Syrup รสส้ม 120 ml (PATAR),ราคา 51.50 บาท
SEROXAT 20 mg 3X10's (GSK),"ราคา 1,675.00 บาท"
CADUET (10mg/10mg) 28's,"ราคา 1,557.75 บาท"
CADUET (10mg/40mg) 28's,"ราคา 2,288.00 บาท"
ALLERAX-FC 10 mg 50X10's (BKD),ราคา 4.00 บาท
ACCU-CHEK SOFTCLIX ปากกา (Roche),ราคา 565.00 บาท
VITAMIN B12 บรรจุ 1000's (ROTA),ราคา 240.00 บาท
STUGERON 25 mg 3X10's (Janssen),ราคา 88.00 บาท
ไผ่หยก น้ำมันสมุนไพร 25 ml,ราคา 83.00 บาท
ไผ่หยก น้ำมันสมุนไพร 50 ml,ราคา 155.00 บาท
RESTASIS 30X0.4ml/กล่อง,"ราคา 1,380.00 บาท"
TRAMIC 500 mg 250's (TO),ราคา 850.00 บาท
GAS-NEP 1000's (SPS),ราคา 226.00 บาท
NIPRO SYRINGE 50 ml สำหรับให้อาหาร,ราคา 11.50 บาท
MUCILIN SUGAR FREE 10X5 g กลิ่นส้ม (BERLIN),ราคา 86.00 บาท
BLACKMORES BUFFERED C 31's,ราคา 150.00 บาท
BLACKMORES BUFFERED C 75's,ราคา 324.00 บาท
ยาอมผสมมะแว้ง รสบ๊วย ตราไอยรา 20 ซอง/กล่อง (T.MAN),ราคา 330.00 บาท
ยาธาตุน้ำขาว ไทยนคร 200 ml (TNP),ราคา 48.50 บาท
SEKURE กางเกงซึมซับ No.M-L 5 ชิ้น/ห่อ,ราคา 128.00 บาท
MICARDIS PLUS (80/12.5mg) 30's,ราคา 870.00 บาท
SEKURE กางเกงซึมซับ No.L-XL 5 ชิ้น/ห่อ,ราคา 135.00 บาท
SAMNIR 100 mg 1X10's (SIAM),ราคา 137.00 บาท
MOTILIUM-M 10 mg 3X10's (Janssen),ราคา 102.00 บาท
บริษัท วรมิตร ดรัก เซ็นเตอร์ จำกัด,
ติดต่อเราได้ที่,
ZOBREX 200 mg 1X10's (Macrophar),ราคา 56.00 บาท
ALINAMIN-F 10X10's (TAKEDA),ราคา 268.00 บาท
MENTHOLATUM 85 g,ราคา 87.00 บาท
BESTATIN 10 mg 10X10's (BERLIN),ราคา 113.00 บาท
น้ำมันดอกไม้ขาว สีเขียว 10 ml,ราคา 68.00 บาท
ยาน้ำแก้ไอมะขามป้อม ตราแสงดาว 120 ml,ราคา 14.50 บาท
DUSPATIN 135 mg 10X10's (BERLIN),ราคา 290.00 บาท
MERTIGO 12 mg 10X10's (SPS),ราคา 125.00 บาท
หัวเกย์ IMPERIAL รุ่น M2090,"ราคา 1,380.00 บาท"
SULIDINE CP Tablets 10X10's (BMP),ราคา 192.00 บาท
TERCO-D 50X10's (BLHUA),ราคา 9.50 บาท
EYEDEX EYE-EAR Drops 5 ml (SIAM),ราคา 42.00 บาท
TENSOPLASTIC พลาสเตอร์พลาสติกใส 100 ชิ้น/กล่อง (Pharmacare),ราคา 84.00 บาท
MICARDIS 40 mg 30's,ราคา 664.00 บาท
EUCALYPTUS Spray 300 ml ตรานกแก้ว,ราคา 206.00 บาท
EUCALYPTUS OIL ตรานกแก้ว 56 ml,ราคา 143.00 บาท
ONE-TREX Syrup 60 ml (BURAPHA),ราคา 18.50 บาท
DIOSMIN 500 mg 30's (CBLAB),ราคา 125.75 บาท
MYBACIN MOUTH Spray 15 ml (GREATER),ราคา 89.00 บาท
TANZARIL 100 mg 3X10's (TEVA),ราคา 125.00 บาท
LESFLAM 50 mg (10X10's),ราคา 130.00 บาท
POLYGOT 1X10's (CPL),ราคา 16.00 บาท
EUCALYPTUS OIL ตรานกแก้ว 8.5 ml,ราคา 37.50 บาท
ยาดมท่านเจ้าคุณ 12X2ml/โหล (TNP),ราคา 182.00 บาท
FLUCOZOLE 200 mg 5X10's (SIAM),ราคา 755.00 บาท
ATORVASTATIN 10 mg 3X10's (SANDOZ),ราคา 505.00 บาท
ATORVASTATIN 20 mg 3X10's (SANDOZ),ราคา 690.00 บาท
ATORVASTATIN 40 mg 3X10's (SANDOZ),ราคา 865.00 บาท
ALGYCON 200 mg CHEWABLE Tablets (7X12's),ราคา 930.00 บาท
LAVIM O2 Pure Oxygen 97% ออกซิเจนกระป๋อง 9000 ml,ราคา 335.00 บาท
T CARE A3 อุปกรณ์ประคบร้อนและเย็น 12x26cm,ราคา 78.00 บาท
CARDENOL 10 mg 100X10's (TO),ราคา 210.00 บาท
ARICEPT Evess 10 mg 2X14's (Eisai),"ราคา 1,860.00 บาท"
DAFNE-35 1X21's (Exeltis),ราคา 90.00 บาท
NORGESIC (2X10's),ราคา 58.00 บาท
CONTROLOC 20 mg 14's (TAKEDA),ราคา 624.00 บาท
MICARDIS 80 mg 30's,ราคา 870.00 บาท
MYMIN C 1000 mg 60's (GREATER),ราคา 194.00 บาท
NEO-MUNE นีโอ-มูน กลิ่นวานิลลา 400 g (OTSUKA),ราคา 415.00 บาท
ANNIE 1X21's (Pharmahof),ราคา 60.00 บาท
บริษัท วรมิตร ดรัก เซ็นเตอร์ จำกัด,
ติดต่อเราได้ที่,
DECAQUINON 10 mg 3X10's (Eisai),ราคา 206.00 บาท
DERMACOMBIN Cream 15 g,ราคา 112.00 บาท
SYSTANE ULTRA UD EYE Drops 28X0.5ml/กล่อง (Alcon),ราคา 319.00 บาท
HARTSORB 5 mg 10X10's (SIAM),ราคา 120.00 บาท
AVAMYS NASAL Spray 27.5 mcg 120 sprays (GSK),ราคา 429.00 บาท
LAMISIL 250 mg 1X14's (Novartis),"ราคา 1,056.00 บาท"
SOLMAX 500mg (25X10's),เหลือ 34.80 บาท
STEI 8 mg 10X10's/แพ็ก (SPS),ราคา 158.00 บาท
ยาน้ำแก้ไอ ตราแป๊ะลี้ ผสมมะแว้ง 60 ml,ราคา 34.00 บาท
ยาน้ำแก้ไอ ตราแป๊ะลี้ ผสมมะแว้ง 120 ml,ราคา 55.00 บาท
STERI-DRESS ชุดทำแผลปลอดเชื้อ 12 ชุด/กล่อง (Pharmahof),ราคา 155.00 บาท
ARICEPT Evess 5 mg 2X14's (Eisai),ราคา 950.00 บาท
EXFORGE (10mg/160mg) 2X14's Novartis,ราคา 835.00 บาท
VITAMIN C 500 mg 100's (GPO),ราคา 195.00 บาท
JANUMET (50mg/1000mg) 8X7's MSD,"ราคา 1,460.00 บาท"
MOPRIX 20 mg 14's (EXELTIS),ราคา 42.50 บาท
NEXCARE ปิดสิว 18 ชิ้น (3M),ราคา 62.00 บาท
ANGTONG อังตง แคปซูล 30's,ราคา 167.00 บาท
OPTI-FREE REPLENISH 300 ml (Alcon),ราคา 210.00 บาท
V-Giff ยาน้ำวีกิ๊ฟ 500 ml,ราคา 206.00 บาท
EUCALYPTUS Spray 150 ml ตรานกแก้ว,ราคา 133.00 บาท
สำลีแผ่นรีดข้าง ตรารถพยาบาล 100 ชิ้น/ห่อ,ราคา 27.50 บาท
JANUMET (50mg/500mg) 8X7's MSD,"ราคา 1,460.00 บาท"
COVERSYL 5 mg 30's,ราคา 485.00 บาท
BEROCCA PERFORMANCE 15's กลิ่นผลไม้ (BAYER),ราคา 172.00 บาท
FLUIMUCIL A 600 mg 10's (Zambon),ราคา 145.00 บาท
BIOTRIL-S 1500 mg Powder กลิ่นส้ม 30 ซอง/กล่อง (BIOPHARM),ราคา 430.00 บาท
BRAND'S ซุปไก่สกัด ผสมสารสกัดจากใบแป๊ะก๊วยและโสมชนิดเม็ด 30's,ราคา 330.00 บาท
UCHOLINE 10 mg 10X10's (M&H),ราคา 780.00 บาท
OTRIVIN For Child NASAL Spray 10 ml,ราคา 127.00 บาท
ตะขาบ 5 ตัว ยาอมแก้ไอ รสดั้งเดิม,ราคา 27.00 บาท
GLUCOSA 1500 mg Powder กลิ่นมะนาว 30 ซอง/กล่อง (BKD),ราคา 265.00 บาท
CALTRATE PLUS 120's,ราคา 540.00 บาท
ซองยา RX ขนาด 9x13cm,ราคา 24.50 บาท
ยาบำรุงร่างกาย ตราพญานาค 150 ml,ราคา 20.50 บาท
REMINYL 16 mg 28's (Janssen),"ราคา 3,850.00 บาท"
ZIMVA 10 mg 10X10's (GPO),ราคา 60.00 บาท
ZIMVA 20 mg 10X10's (GPO),ราคา 102.00 บาท
ZIMVA 40 mg 10X10's (GPO),ราคา 165.00 บาท
LYRICA 25 mg 4X14's (VIATRIS),"ราคา 1,171.00 บาท"
บริษัท วรมิตร ดรัก เซ็นเตอร์ จำกัด,
ติดต่อเราได้ที่,
GLUCOSA 1500 mg SUGAR FREE Powder 30 ซอง/กล่อง (BKD),ราคา 265.00 บาท
VIT C 50 mg กลิ่นส้ม 10X100's (FRX),ราคา 146.00 บาท
CIPROHOF 500 mg 10X10's (Pharmahof),ราคา 260.00 บาท
FATEC 10 mg 50X10's (Pharmahof),ราคา 515.00 บาท
NEVANAC Ophthalmic Suspension 5 ml (Novartis),ราคา 227.00 บาท
RELPAX 40 mg (1X2's),ราคา 210.00 บาท
GASMOTIN 5 mg 3X10's (Eisai),ราคา 412.00 บาท
MEGA NAT-B 100's,ราคา 558.00 บาท
VIAFLEX 1500 mg Powder 30 ซอง/กล่อง (MEGA),ราคา 317.00 บาท
อภัยภูเบศร ฟ้าทะลายโจร 60's,ราคา 56.00 บาท
AMOGIN Gel 240 ml,ราคา 36.00 บาท
FLEXSA 1500 mg Powder 31 ซอง/กล่อง (MEGA),ราคา 800.00 บาท
VISTRA EVENING PRIMROSE OIL 1000 mg 75's,ราคา 245.00 บาท
BEPANTHEN FIRST AID Cream 30 g (BAYER),ราคา 128.00 บาท
REMINYL 8 mg 4X7's (Janssen),"ราคา 2,425.00 บาท"
COLCINE 0.6 mg 10X10's (Pharmahof),ราคา 170.00 บาท
DIQUAS EYE Drops 5 ml,ราคา 248.00 บาท
MINNY 21's (BIOPHARM),ราคา 88.50 บาท
MINNY 1X28's (BIOPHARM),ราคา 88.50 บาท
TUBIGRIP FEEL FREE PALM No.M อุปกรณ์พยุงข้อมือ-ฝ่ามือ,ราคา 138.00 บาท
ANPUZZ 10's (TNP),ราคา 30.50 บาท
LORANTA 100 mg 3X10's (SIAM),ราคา 198.00 บาท
SAMARIN 140 mg 10X10's (BERLIN),ราคา 528.00 บาท
ยาน้ำแก้ไอมะแว้ง ตราไอยรา 60 ml (T.MAN),ราคา 21.00 บาท
ZYPREXA 5 mg 4X7's (Lilly),"ราคา 2,750.00 บาท"
HIDRASEC 100 mg 10's (Abbott),ราคา 267.00 บาท
ไม้เท้าค้ำยัน 52 นิ้ว แบบไม้ No.XL (Canton),ราคา 240.00 บาท
IBIAMOX 500 mg 2X10's (SIAM),ราคา 95.00 บาท
DEANXIT (10X10's),ราคา 555.00 บาท
FUTURO KNEE COMFORT SUPPORT No.XL อุปกรณ์พยุงเข่า (3M),ราคา 265.00 บาท
TUBIGRIP ANKLE No.M อุปกรณ์สวมข้อเท้า,ราคา 138.00 บาท
ROBAZ Gel 30 g,ราคา 362.00 บาท
SELSUN 60 ml,ราคา 128.00 บาท
OPTIVIS Ophthalmic Ointment 5 g (FRX),ราคา 16.50 บาท
TERBUTALINE 2.5 mg 1000's (TO),ราคา 178.00 บาท
NURASIC 500's (TO),ราคา 210.00 บาท
TUBIGRIP FEEL FREE PALM No.S อุปกรณ์พยุงข้อมือ-ฝ่ามือ,ราคา 138.00 บาท
SCAGEL KIDS CYBELE 19 g,ราคา 255.00 บาท
SELSUN 120 ml,ราคา 210.00 บาท
SELSUN 30 ml,ราคา 84.00 บาท
บริษัท วรมิตร ดรัก เซ็นเตอร์ จำกัด,
ติดต่อเราได้ที่,
SOBELIN 5 mg 1000's (TO),ราคา 260.00 บาท
AMOXY M.H. 500 mg 50X10's (M&H),ราคา 15.50 บาท
ขี้เหล็ก อ้วยอันโอสถ 100's,ราคา 94.00 บาท
METRONIDAZOLE 400 mg 50X10's (Medicpharma),ราคา 245.00 บาท
MOXILIN 500 mg 50X10's (42),ราคา 12.00 บาท
EFEXOR XR 37.5 mg 1X7's (VIATRIS),ราคา 345.00 บาท
C-20 Mouthwash 360 ml (OSi),ราคา 57.00 บาท
SYSTANE ULTRA EYE Drops 10 ml (Alcon),ราคา 152.00 บาท
OSENI (25mg/30mg) 28's,"ราคา 1,830.00 บาท"
SOBELIN 50X10's (TO),ราคา 175.00 บาท
AMLOPINE 5 mg 10X10's (BERLIN),ราคา 153.00 บาท
U-SPA 100 mg 10X10's (SPS),ราคา 210.00 บาท
AMLOPINE 10 mg 10X10's (BERLIN),ราคา 208.00 บาท
BENARONE 100 mg 10X10's (SPS),ราคา 795.00 บาท
BLACKMORES FOLIC ACID 90's,ราคา 275.00 บาท
BLACKMORES LECITHIN 1200 mg 100's,ราคา 348.00 บาท
กอเอี๊ยะปิดฝี ตราแมวกงจักร 100 แผ่น,ราคา 212.00 บาท
SAMARIN 70 mg 10X10's (BERLIN),ราคา 275.00 บาท
GAVISCON DUAL ACTION กาวิสคอน มิ้นต์ 150 ml,ราคา 332.00 บาท
GAVISCON DUAL ACTION Tablet กาวิสคอน มิ้นต์ 16's,ราคา 198.00 บาท
BLOPRESS PLUS 16 mg 4X7's (TAKEDA),ราคา 980.00 บาท
แผ่นรองซับ BLUE PAD GEL 10 ชิ้น/ห่อ,ราคา 76.00 บาท
HIRUSCAR POST ACNE 10 g (Medinova),ราคา 222.00 บาท
ยาน้ำฟอกโลหิต ตราสิงห์แดง 500 ml,ราคา 142.00 บาท
GALVUS MET (50mg/1000mg) 6X10's Novartis,"ราคา 1,322.00 บาท"
GABAPENTIN 300 mg 10X10's (SANDOZ),ราคา 860.00 บาท
CIRCADIN 2 mg 15's,ราคา 435.00 บาท
TRILEPTAL 600 mg 5X10's (Novartis),"ราคา 1,327.00 บาท"
LIVALO 2 mg 100's,"ราคา 2,250.00 บาท"
ผ้าก๊อซ GAUZE PAD 3x3 inch 10 ห่อ/กล่อง (Canton),ราคา 56.00 บาท
ผ้าก๊อซ GAUZE PAD 4x4 inch 10 ห่อ/กล่อง (Canton),ราคา 82.00 บาท
MANOTAB 72's,ราคา 39.50 บาท
อภัยภูเบศร ขมิ้นชัน 60's,ราคา 56.00 บาท
KREMIL-S (20X10's),ราคา 385.00 บาท
ZYRRIZIN-G 50X10's (NL),ราคา 285.00 บาท
KARY Uni Ophthalmic Suspension 5 ml,ราคา 73.00 บาท
GALVUS 50 mg 56's (Novartis),"ราคา 1,227.00 บาท"
NUHAIR 5% Lotion 60 ml (POLIPHARM),ราคา 505.00 บาท
DIAMICRON MR 60 mg (2X15's),ราคา 392.00 บาท
MEGA SOYGERM CAL-D 30's,ราคา 380.00 บาท
บริษัท วรมิตร ดรัก เซ็นเตอร์ จำกัด,
ติดต่อเราได้ที่,
BLACKMORES GINKGO 30's,ราคา 255.00 บาท
BLACKMORES BILBERRY 60's,ราคา 445.00 บาท
ยาขมชนิดเม็ด ตราใบห่อ 25 ซอง/แพ็ก,ราคา 97.00 บาท
SINUFEN 25X10's (Medicpharma),ราคา 135.00 บาท
NUHAIR 3% Lotion 60 ml (POLIPHARM),ราคา 380.00 บาท
ESTROMON 10X10's,ราคา 455.00 บาท
SULIDINE CP Syrup 60 ml (BMP),ราคา 21.00 บาท
SIAMFORMET 850 mg 10X10's (SIAM),ราคา 195.00 บาท
SMOOTH E ACNE Gel 7 g,ราคา 134.00 บาท
FELODIPINE 5 mg 3X10's (SANDOZ),ราคา 264.00 บาท
FELODIPINE 10 mg 3X10's (SANDOZ),ราคา 372.00 บาท
ULSAMET 400 mg 50X10's (BURAPHA),ราคา 710.00 บาท
MaxxLife MAGNESIUM PLUS 60's,ราคา 360.00 บาท
ยาหม่องขาว ตราลิงถือลูกท้อ 12X18g/โหล,ราคา 390.00 บาท
ขี้ผึ้ง 29A,ราคา 102.00 บาท
BACLOFEN 10 mg 20X10's/กล่อง,ราคา 230.00 บาท
HEIDI 400 mg 20X10's/กล่อง (SIAM),ราคา 510.00 บาท
SPORNAR 100 mg 10X10's (CBLAB),ราคา 54.00 บาท
LONNA Gel กลิ่นเชอรี่ 25X1g/กล่อง,ราคา 180.00 บาท
LONNA Gel กลิ่นส้ม 25X1g/กล่อง,ราคา 180.00 บาท
VITA C 25 mg กลิ่นส้ม 1000's (T.MAN),ราคา 102.00 บาท
VITA C 25 mg กลิ่นสับปะรด 1000's (T.MAN),ราคา 102.00 บาท
TRUSLEN COFFEE PLUS 16gX40ซอง,ราคา 260.00 บาท
เถาวัลย์เปรียงสกัด อ้วยอันโอสถ 100's,ราคา 125.00 บาท
เครื่องวัดความดัน OMRON รุ่น HEM-7121+Adapter,"ราคา 1,620.00 บาท"
PRENOLOL 50 mg 10X10's (BERLIN),ราคา 56.00 บาท
ขี้ผึ้งสีชมพู ตราเจ็ดดาว ตลับใหญ่ 30 กรัม,ราคา 28.00 บาท
ENO รสมะนาว 60 ซอง (GSK),ราคา 649.00 บาท
ENO รสส้ม 60 ซอง (GSK),ราคา 649.00 บาท
TUBIGRIP FEEL FREE PALM No.L อุปกรณ์พยุงข้อมือ-ฝ่ามือ,ราคา 138.00 บาท
CETRIZIN 50X10's (TO),ราคา 255.00 บาท
ถ้วยทองโอสถ ยาหม่องน้ำ 3 ml,ราคา 208.00 บาท
ถ้วยทองโอสถ ยาหม่องน้ำ 7 ml,ราคา 372.00 บาท
CDR Effervescent รสส้ม 15's (BAYER),ราคา 118.00 บาท
NASOLIN P.L. 1X10's (TNP),ราคา 16.50 บาท
AMMONIA แอมโมเนียหอม 12X15ml (วิทยาศรม),ราคา 110.75 บาท
MELODIA 1X21's (Exeltis),ราคา 245.00 บาท
SERC 24 mg 20's (Abbott),ราคา 230.00 บาท
FLAVORIN 100 mg 10X10's (TO),ราคา 190.00 บาท
RENU 120 ml (B&L),ราคา 75.00 บาท
บริษัท วรมิตร ดรัก เซ็นเตอร์ จำกัด,
ติดต่อเราได้ที่,
FUCICORT Cream 15 g,ราคา 204.00 บาท
PRENOLOL 100 mg 10X10's (BERLIN),ราคา 105.00 บาท
อภัยภูเบศร เพชรสังฆาต 70's,ราคา 96.00 บาท
ISOPTIN SR 240 mg 2X15's (Abbott),ราคา 644.00 บาท
CANAZOL BE Cream กระปุก 450g,ราคา 295.00 บาท
NEXCARE แผ่นซับสิว รุ่นใส ขอบบาง 12 ชิ้น (3M),ราคา 63.00 บาท
ABILIFY 5 mg 3X10's (OTSUKA),"ราคา 2,780.00 บาท"
NASOLIN P.L. Syrup 60 ml (TNP),ราคา 25.00 บาท
CESOLINE W 25 mg 50X10's (CPL),ราคา 15.50 บาท
CARATEN 25 mg 10X10's (BERLIN),ราคา 870.00 บาท
ถ้วยทองโอสถ ยาหม่องถ้วยทอง 12 g,ราคา 268.00 บาท
ASPIRIN 81 mg (100X10's),ราคา 3.00 บาท
CANDINOX Vaginal Tablet 500 mg 1's (CBLAB),ราคา 24.00 บาท
IMODIUM 2 mg 20X6's (Janssen),ราคา 31.50 บาท
BAIN Syrup 150 ml (FCP),ราคา 140.50 บาท
ZOLOFT 100 mg 30's (VIATRIS),"ราคา 1,580.00 บาท"
BETADINE Solution 12X15ml,ราคา 534.00 บาท
ยาบำรุงร่างกาย ยาน้ำตราเสือ 11 ตัว สูตร 111 ขนาด 300 ml,ราคา 32.50 บาท
LOSARTAN 50 mg 20X15's (GPO),ราคา 320.00 บาท
CLINORIL 200 mg (10X10's),ราคา 690.00 บาท
SIXIME 100 mg 1X10's (SIAM),ราคา 144.00 บาท
ULCEFATE Suspension 20X5ml (SIAM),ราคา 485.00 บาท
GLUCOPHAGE XR 750 mg 2X15's (MERCK),ราคา 228.00 บาท
ยาขมเม็ด ตรานกเป็ดน้ำ 120's,ราคา 42.50 บาท
XARELTO 15 mg 28's (BAYER),"ราคา 4,555.00 บาท"
TUBIGRIP ANKLE No.S สวมข้อเท้า,ราคา 138.00 บาท
PIP IBU 400 mg 500's,ราคา 365.00 บาท
VITAMIN B COMPLEX 1000's (AU),ราคา 115.00 บาท
TUBIGRIP ANKLE No.L สวมข้อเท้า,ราคา 138.00 บาท
HIDRASEC PAEDIATRIC Powder 10 mg 16 ซอง (Abbott),ราคา 392.00 บาท
HIDRASEC PAEDIATRIC Powder 30 mg 16 ซอง (Abbott),ราคา 493.00 บาท
SONAP 275 mg 10X10's/กล่อง (SPS),ราคา 155.00 บาท
PRISTIQ 50 mg (2X14's),"ราคา 1,660.00 บาท"
SYNFLEX 275 mg 10X6's/กล่อง,ราคา 570.00 บาท
ASPIRIN 325 mg (50X10's),ราคา 7.00 บาท
ยานัตถุ์หมอมี 30 ขวด/กล่อง,ราคา 545.00 บาท
VITAMIN C 500 mg INJECTION 50X2ml (TP),ราคา 215.00 บาท
TRIPTA 25 mg 1000's (ATC),ราคา 360.00 บาท
DICLOXILIN 500 mg 50X10's (42),ราคา 18.00 บาท
ตะขาบ 5 ตัว ยาอมแก้ไอ รสสมุนไพร 40's,ราคา 156.00 บาท
บริษัท วรมิตร ดรัก เซ็นเตอร์ จำกัด,
ติดต่อเราได้ที่,
NEOFENAC 25 mg 50X10's (NL),ราคา 200.00 บาท
NEURONTIN 300 mg (3X10's),ราคา 885.00 บาท
IVORIN Syrup 60 ml (GREATER),ราคา 46.50 บาท
สำลีก้อน 1.40 กรัม ตรารถพยาบาล 450 g,ราคา 128.00 บาท
NORVASC 5 mg 3X10's (VIATRIS),ราคา 585.00 บาท
PHEMINE 25X10's (T.MAN),ราคา 230.00 บาท
"MEGA VITAMIN A 25,000 IU 100's",ราคา 75.00 บาท
V-Giff ยาน้ำวีกิ๊ฟ 300 ml,ราคา 136.00 บาท
PAINELIEF COOL Gel 60 g,ราคา 106.00 บาท
MEGA FISH OIL 1000 mg 100's,ราคา 340.00 บาท
MEGA LECITHIN 1200 mg 100's,ราคา 248.00 บาท
ZALAIN Cream 20 g,ราคา 146.00 บาท
N-ZEN 50 mg 12X10's (TCP),ราคา 170.00 บาท
NURASIC 50X10's (TO),ราคา 235.00 บาท
MEGA CALCIUM-D 90's,ราคา 264.00 บาท
กาแฟปรุงสำเร็จชนิดผง ตราแปะก๊วย คอฟฟี่ 15 ซอง/กล่อง,ราคา 190.00 บาท
VITA C 25 mg กลิ่นสตรอเบอร์รี่ 1000's (T.MAN),ราคา 112.00 บาท
PLAIVANA Cream ไพลวาน่า 35 g (BKD),ราคา 78.00 บาท
MEGA NAT-C GUMMYZ กลิ่นส้ม 25X2 ชิ้น/กล่อง,ราคา 88.00 บาท
NSS LPSALINE NORMAL SALINE 500 ml ตราเสือดาว,ราคา 27.00 บาท
DUOTRAV EYE Drops 2.5 ml (Alcon),ราคา 665.00 บาท
NSS น้ำเกลือขวดเกลียวใส 500 ml (ANB),ราคา 28.50 บาท
FURETIC 500 mg 10X10's (SIAM),ราคา 605.00 บาท
GABAPENTIN 100 mg 10X10's (GPO),ราคา 165.00 บาท
GABAPENTIN 300 mg 10X10's (GPO),ราคา 315.00 บาท
TEDIUM 2 mg 10X10 (T.MAN),ราคา 40.00 บาท
MINIDIAB 5 mg (2X15's),ราคา 103.00 บาท
MINRA Syrup รสส้ม 60 ml (TNP),ราคา 25.00 บาท
STEI 16 mg 10X10's (SPS),ราคา 268.00 บาท
HASHI Gentle เกลือล้างจมูก สูตรอ่อนโยน 30 ซอง/กล่อง (TCP),ราคา 62.00 บาท
MEGA ZINCOMIN 60's,ราคา 220.00 บาท
ยาหอมปราสาททอง อินทรโอสถ 40's,ราคา 168.00 บาท
CARDELOC 100 mg 50X10's (TO),ราคา 9.00 บาท
COVERSYL 10 mg 30's,ราคา 790.00 บาท
DERTEC Cream 15 g,ราคา 46.50 บาท
GAVISCON DUAL ACTION กาวิสคอน มิ้นต์ 24X10ml,ราคา 620.00 บาท
TYLENOL 650 mg (1X10's),ราคา 37.50 บาท
BIO-Oil 60 ml,ราคา 246.00 บาท
SOS Plus พลาสเตอร์ใส ปิดแผล กันน้ำ รุ่น T-series (9x15cm) 2 แผ่น/กล่อง,ราคา 52.00 บาท
มะระขี้นกสกัด อ้วยอันโอสถ 100's,ราคา 154.00 บาท
บริษัท วรมิตร ดรัก เซ็นเตอร์ จำกัด,
ติดต่อเราได้ที่,
ว่านชักมดลูกแสงชัย 40's,ราคา 117.00 บาท
ว่านชักมดลูกจอมใจ 750 ml,ราคา 304.00 บาท
ยาสตรีจอมทอง 180 ml,ราคา 37.00 บาท
ยาสตรีจอมทอง 300 ml,ราคา 44.25 บาท
สตรีนิสิงเห จอมทอง 300 ml,ราคา 44.50 บาท
สตรีนิสิงเห จอมทอง 750 ml,ราคา 82.00 บาท
ยาสตรีนิสิงเห หมอมีเล็ก 300 ml,ราคา 76.50 บาท
ยาสตรีนิสิงเห หมอมี 600 ml,ราคา 133.00 บาท
สตรีบัวแก้ว 30's,ราคา 59.50 บาท
ยาสตรีเพ็ญภาค 180 ml,ราคา 28.00 บาท
ยาสตรีเพ็ญภาค 300 ml,ราคา 38.50 บาท
PRADAXA 75 mg 30's,"ราคา 1,749.00 บาท"
ยากวาด ตราใบโพธิ์ สำหรับเด็ก 12 ซอง/โหล,ราคา 115.00 บาท
ยาหม่องขาว เซียงเพียวอิ๊ว 12 g,ราคา 24.00 บาท
ยาหม่องเหลือง เซียงเพียวอิ๊ว 12 g,ราคา 29.00 บาท
หม้อนอน พลาสติก B-01,ราคา 108.00 บาท
หมากหอมเยาวราช 4.5 g 50 ซอง,ราคา 220.00 บาท
หล่อฮังก้วยก้อน ชนิดชง,ราคา 35.00 บาท
ยาหอมซามิ้น ขนาดพิเศษ 22 g,ราคา 46.00 บาท
ยาหอมฤาษีทรงม้า เบอร์ 1,ราคา 17.50 บาท
ยาหอมฤาษีทรงม้า เบอร์ 2,ราคา 16.00 บาท
ยาหอมฤาษีทรงม้า ชนิดซอง 12X3g/โหล,ราคา 42.00 บาท
ยาหอมฤาษีทรงม้า ขนาดพิเศษ,ราคา 26.00 บาท
ยาหอมอำพันทอง ตราปราสาททอง 20 g,ราคา 35.00 บาท
เห็ดหลินจือ อ้วยอันโอสถ 100's,ราคา 206.00 บาท
เห็ดหลินจือ อ้วยอันโอสถ 30's,ราคา 94.00 บาท
อมกำกิกเผียง 20's (CHINTA),ราคา 38.50 บาท
TIGERPLAST พลาสเตอร์พลาสติก ปิดแผล ซูปาร์ตี้ 30x8แผ่น,ราคา 105.00 บาท
ยาอมมะแว้ง (20X20's),ราคา 118.00 บาท
อ้วยอันโอสถ ยาอมสมุนไพร ตรามังกรทอง รสบ๊วย 60 หลอด,ราคา 7.80 บาท
อ้วยอันโอสถ ยาอมสมุนไพร ตรามังกรทอง รสมะนาว 60 หลอด,ราคา 7.80 บาท
อ้วยอันโอสถ ยาอมสมุนไพร ตรามังกรทอง รสเปลือกส้ม 60 หลอด,ราคา 7.80 บาท
OCUSOFT LID SCRUB Original 30/กล่อง,ราคา 375.00 บาท
SEVEN SEAS OCEAN GOLD 100 ml,ราคา 138.00 บาท
DIARINE 2 mg 50X10's (BURAPHA),ราคา 175.00 บาท
HIALID Ophthalmic Solution 5 ml,ราคา 146.00 บาท
EXELON 3 mg (4X14's),"ราคา 3,450.00 บาท"
บริษัท วรมิตร ดรัก เซ็นเตอร์ จำกัด,
ติดต่อเราได้ที่,
