รหัสสินค้า,ชื่อสินค้า,ราคา
51111086544,3M 8210 หน้ากาก N95 ป้องกันฝุ่นPM2.5 (แพ็ค20ชิ้น),42
8.8503E+12,3M CARBON EARLOOP 1'S,16
7.07388E+11,3M CAVILON CREAM 28G.(3M),251
1.00707E+14,3M CAVILON SKIN CLEANSER 236ML,461.5
8.8503E+12,"3M COBAN 1""x5YD น้ำตาล",51.75
8.8503E+12,"3M COBAN 3""x5YD น้ำตาล",82.5
5.90266E+12,3M COLDHOT THERAPY HAPPY KID PACK 2'S,189
3.88503E+13,3M FABRIC BD 10'Sx30ซอง/BX.(พลาสเตอร์ผ้า),198.5
4.71037E+12,3M INTERDENTAL BRUSH 3'S(0.7MM)ด้ามงอ,132.5
4.71037E+12,3M INTERDENTAL BRUSH 3'S(1.0MM)ด้ามงอ,132.5
4.71037E+12,3M INTERDENTAL BRUSH 3'S(1.0MM)ด้ามตรง,132.5
8.8503E+12,3M MICROPORE 1/2นิ้วx10หลาx24ม้วน/แพ็ค(ขาว),23.25
8.8503E+12,3M MICROPORE 1/2นิ้วx5.5x12ม้วน/แพ็ค(ขาว),19.5
8.8503E+12,3M MICROPORE 1นิ้วX10หลาX12'S/แพ็ค(ขาว),47
4.71037E+12,3M MICROPORE 1นิ้วx10หลาx12ม้วน/แพ็ค(มีแท่นตัด),49
4.71037E+12,3M MICROPORE 1นิ้วx10หลาx12ม้วน/แพ็ค.(สีเนื้อ),42.75
8.8503E+12,3M MICROPORE 1นิ้วx5.5หลาx6ม้วน/แพ็ค(ขาว),39
3.88503E+13,3M NEON PLASTIC สีสันสดใส 30ชิ้น/BX.,247.25
,3M NEXCARE ALCOHOL GEL 30ML,32
5.90266E+12,3M NEXCARE BANDAGES HAPPY KID 20'S,55.75
3.88503E+13,3M NEXCARE MAX HOLD 3ชิ้นx10ซอง/BX.,120.75
8.8503E+12,3M NEXCARE SOFT CLOTH 2นิ้วx5.5หลา,68.25
51131000223,3M NEXCARE ปิดตา (เล็ก)20'S/BX.,91.25
51131000230,3M NEXCARE ปิดตา (ใหญ่)20'S/BX.,135.75
8.8503E+12,3M NEXCARE พลาสเตอร์พลาสติกใสกันน้ำ25x72มม.50'S,105.5
3.88503E+13,3M PLASTIC CLEAR BD 10'Sx30ซอง/BX.(ใส),228
,3M PLASTIC TAN BD 10x30'Sซอง/BX.(สีเนื้อ),8
8.8503E+12,3M TEGADERM 2in1 6x10CM.(A4),44.75
8.8503E+12,3M TRANSPORE 1/2นิ้วx10หลาx24'S/แพ็ค,22.75
3.88503E+13,3M TRANSPORE 1/2นิ้วx5หลาx12ม้วน/แพ็ค,201
8.8503E+12,3M TRANSPORE 1นิ้วx10หลาx12'S/แพ็ค,43.25
8.80608E+12,3M แผ่นซับสิว สีชมพู 12ชิ้น(กลม),54.75
8.8503E+12,3M แผ่นซับสิว(รุ่นบางพิเศษ) 30'S สีฟ้า,85.5
8.8503E+12,3M แผ่นซับสิว(รุ่นบางพิเศษ)18'S(ส้ม),81.5
8.8503E+12,3M แผ่นฟิล์มใสกันน้ำ 6x7CM.5'S(F/S),32.25
8.8503E+12,3M แผ่นลดไข้ EXTRA COOL ผู้ใหญ่ 3'S/BX.,76.5
8.8503E+12,3M แผ่นลดไข้ MINI (POKEMON) 3'S/BX.,88.25
3.88503E+13,3M แผ่นลดไข้ MINI (POKEMON)1'Sx10ซอง/BX.,29.5
8.8503E+12,3M แผ่นลดไข้ เด็กเล็ก 3'S/BX.,24.5
8.8503E+12,3M โคแบน เทปพันยืดหยุ่น 2นิ้วx5หลาx1ม้วน(สีเนื้อ),67.5
8.8503E+12,3M โฟมอุดหูลดเสียง EARPLUGS 1คู่,14
4.71037E+12,3M ไหมขัดฟันมีด้ามFINE SLIDE FLOSSER 30'S,35.5
8.8503E+12,3M ผ้าปิดแผล 2IN1 6x8ซม.5'S/BX.(G21/S),38.5
8.8503E+12,3M สบู่เหลวล้างมือชนิดถุงเติม 250ML,30
8.80608E+12,3M หน้ากากกันฝุ่น PM2.5 1ชิ้น(กล่องละ5ชิ้น),38.75
8.88786E+12,3M หน้ากากป้องกันฝุ่น KN95 5ชิ้น/ซอง(สีขาว),83.5
8.88786E+12,3M หน้ากากป้องกันฝุ่น รุ่นKN95 1'S/กล่อง,22.75
8.8503E+12,3M หน้ากากอนามัย 50ชิ้น/กล่อง(สีเขียว),91.75
8.99281E+12,3M หน้ากากอนามัย3มิติ 3ชิ้น/ซอง(สีขาว),15
8.99281E+12,3M หน้ากากอนามัยเด็กทรง3มิติ 4ชิ้น/ซอง,16.75
8.99281E+12,3M หน้ากากอนามัยคาร์บอนทรง3มิติ 2ชิ้น/ซอง,12.75
8.8503E+12,"3M.COLD-HOT PAD 4x10""(M)",136.75
8.8503E+12,3M.COLD-HOT PAD MAXI (L),262
8.8503E+12,3M.COLD-HOT PAD MINI (S),72
8.8503E+12,3M.TEGADERM 10x12CM.3ชิ้น/BX.(A2),63.5
8.8503E+12,3M.TEGADERM 6x7CM.3ชิ้น/BX.(A1),31
8.8503E+12,3Mแผ่นฟิล์มใสกันน้ำ2IN1 6x7CM.3'S(F21/S),29.25
8.85896E+12,4 MIX OIL 30'S(สุภาพโอสถ),143.5
8.85946E+12,7V FIBER(ดีท็อก) 15G.x7'S/BX.(ตราเอลล่า),124.5
8.8546E+12,8 VITA WITH LYSINE KIDS 60ML.(PHARMAHOF),30.5
8.85229E+12,A.C.V 5x5'S/BX.(ACYCLOVIR 200MG.),96
8.85229E+12,A.C.V.CREAM 10'Sx1G.ACYCLOVIR)GREATER,61
8.85347E+12,A.M.MOX 500MG.50x10'Sฟ้า-เขียวMACRO,440
,ABBOTT กระเป๋าใส่เหรียญลายกุหลาบ(PRO),0
8.85712E+12,A-BERRY 30'S(EVERFAME),372
8.85886E+12,A-B-WORM 2'S (ALBENDAZOLE 200MG.),8
4.01563E+12,ACCU-CHEK ACTIVE แผ่นตรวจ 25'S/กล่อง,428
4.01563E+12,ACCU-CHEK FASTCLIX 24'Sเข็ม(GUIDE),87
4.01563E+12,ACCU-CHEK GUIDE 25'S(แผ่นตรวจ)/กล่อง *P,438
8.85905E+12,ACCU-CHEK GUIDE 25'Sx2แพ็คคู่(แผ่นตรวจ),797.25
4.01563E+12,ACCU-CHEK INSTANT 25'S แผ่นตรวจ *P,428
8.85905E+12,ACCU-CHEK INSTANT 25'S แผ่นตรวจ(แพ็คคู่),778
4.01563E+12,ACCU-CHEK PERFORMA (ROCHE)เครื่อง,2117
8.85905E+12,ACCU-CHEK PERFORMA 25'Sx2แพ็คคู่(แผ่นตรวจ),855.75
4.01563E+12,ACCU-CHEK SAFE-T-PRO (เข็มsingle use) 200'S,760
4.01563E+12,ACCU-CHEK ปากกา(SOFTCLIX),535.25
8.85926E+12,"ACCUFAST ATK 4in1(FLU A/B, RSV, COVID)NASAL",52.75
8.85926E+12,ACCUFAST FLU A/B & RSV TEST 1'S/BX.(NASAL),46
8.85589E+12,ACDEFY ACNE GEL 10G.(SALICYLIC+TEA TREE OIL),86.75
6.97055E+12,ACE+MED DIGITAL THERMOMETER MDT 201,85
6.97204E+12,ACE+MED INFRARED THERMOMETER MDI 231,1260
7.50364E+11,ACEROLA CHERRY PLUS 30'S(THP),225
8.85406E+12,ACETATE RINGER 1000ML.(ACETAR) ANB.,44.25
8.85281E+12,ACETIN 100MG.50'S/BX L.B.S(สูตรNACLONG),116.75
8.85281E+12,ACETIN 200MG. 5G.x50'S L.B.S(สูตรNACLONG),163.25
8.85281E+12,ACEVAX 400MG. 10x10'S(ACICLOVIR)L.B.S,352
8.90603E+12,ACINET 1000MG.10'Sx5แผง/แพ็ค(AUGMENTIN),431.25
8.85712E+12,ACNA-Z 30'S(EVERFAME),339.5
9.31406E+12,ACNE-AID ANTI-ACNE SPORT GEL 10G.,123
9.31406E+12,ACNE-AID BAR.100กรัม,164.5
9.31406E+12,ACNE-AID FOAMING OIL CONTROL 100ML(แดง),140
9.31406E+12,ACNE-AID GEL CLEANSER SESN.100ML(สีฟ้า),129.25
9.31406E+12,ACNE-AID GENTLE CLEANSER 100ML.(สีฟ้า),141.5
9.31406E+12,ACNE-AID LIQ.สีแดง 50CC.,90.5
9.31406E+12,ACNE-AID LIQ.สีฟ้า500CC.(ขวดปั๊ม),435
9.31406E+12,ACNE-AID LIQUID (สีแดง) 500ML(ขวดปั๊ม),435
9.31406E+12,ACNE-AID LIQUID (สีแดง) 900ML(ขวดปั๊ม),645.5
9.31406E+12,ACNE-AID LIQUID CLEANSER 100CC.(สีแดง),141.5
9.31406E+12,ACNE-AID LIQUID สีแดง 100MLx2ขวด(แพ็คคู่),246
9.31406E+12,ACNE-AID MICELLAR WALER SESN. 235ML(สีฟ้า),181
9.31406E+12,ACNE-AID MOISTURISING OIL CONTROL 30ML.,253
8.85335E+12,ACNETIN-A 0.025 10G.(สูตรRETIN-A),39.75
8.85335E+12,ACNETIN-A 0.05 10G.(สูตรRETIN-A),43.5
8.85314E+12,ACNOCIN C 300MG.10x10'S/BX.(CLINDA)ชุมชน,342.5
8.85024E+12,ACTAVIA SPRAY 10ML.(สูตรOTRIVIN)SPS,71.75
8.85712E+12,ACTEWOUND 7x15CM.1'S./กล่อง,284.75
8.85924E+12,ACTEWOUND CLEAR 7x15CM.1'S./กล่อง,284.75
8.85924E+12,ACTEWOUND SI UV SILICONE GEL 10G.,99999
8.85712E+12,ACTEWOUND Si.7G.,206
8.85924E+12,ACTEWOUND SILICONE GEL SHEET 2.5x100CM./ม้วน,352.5
8.85924E+12,ACTEWOUND SILICONE GEL SHEET 4x15CM.(1ชิ้น),169.5
8.85924E+12,ACTEWOUND SILICONE GEL SHEET 4x6CM.(2ชิ้น),136.5
8.8592E+12,ACTOS 15MG.30'S(PIOGLITAZONE)TAKEDA,1395
8.85298E+12,ACYVIR 400 10x10'S(ACYCLOVIR)CPL.,200.75
8.90405E+12,ACZEE-50 Gel 5% 20G.(สูตร Benzac),54
8.90405E+12,ACZEEGEL 2.5% 20GM.(สูตรBenzac),47.75
8.85387E+12,ADRENALINE 50x1ML(ATC)*ขายยกกล่อง,314
8.40165E+11,AERIUS 5MG 10'S/BX,251.5
8.40165E+11,AERIUS ORAL SOLUTION 60ML.(SUGARFREE),202
8.85109E+12,AEROBIDOL INHALER 200 (สูตรBERODUAL),204.75
8.85109E+12,AERONIDE 200MCG(BUDESONIDE)AERO,207
8.85109E+12,AEROTAMOL 100MCG(สูตรVENTOLINพ่น),95.5
8.85109E+12,AEROTIDE 25/250 120DOSE (สูตร SERETIDE),458
8.85109E+12,AEROTIDE EVO.25/125 INHALER (สูตรSERETIDE),227
8.85945E+12,AIRROX 10x10'S(SIMETHICONE 80MG.),85.5
8.85267E+12,AIR-X 120 MG. 50x10'S/BX.,726.75
8.85267E+12,AIR-X 80MG 10x10'S มะนาว,122.75
8.85267E+12,AIR-X 80MG 10x10'S มิ้นท์,122.75
8.85267E+12,AIR-X 80MG 50x10'S มิ้นท์,603
8.85267E+12,AIR-X 80MG 50x10'S รสมะนาว,603
8.85267E+12,AIR-X 80MG 50x10'S ส้ม(ใหม่),603
8.85267E+12,AIR-X 80MGส้ม 10x10'S/BX.,122.75
8.85267E+12,AIR-X DROPS 15ML/ขวด,45.75
8.85267E+12,AIR-X SF 10x10'S BX.(SUGAFREE),125.5
8.85267E+12,AIR-X มะนาว 25X4'S/BX.,140.5
8.85267E+12,AIR-X มิ้นส์ 25X4'S,140.5
8.85267E+12,AIR-X ส้ม 4'Sx25/BX,140.5
8.85274E+12,A-KOOL 5ML.(SIAM),22
8.85109E+12,A-LAMINE LOTION 60ML(INPAC),18.25
8.85545E+12,ALBEMED (ALBENDAZOLE)6'Sx10/BX.,119
8.85266E+12,ALBEN 10ML (BIOPHARM),17.5
8.85266E+12,ALBEN 12ซองx10ML/BX. (BIOPHARM),184
8.85266E+12,ALBEN 200MG 2'S(แพ็คละ50แผง)(BIOPHARM),370
8.85825E+12,ALBEN-VC 1x2'S(VESCO),4.25
8.85394E+12,ALBER-T OINT. 10G.(TOLNAF+TRIACETIN),43.25
8.85083E+12,ALCO ALCOHOL HAND GEL 300ML(SKINOL),132
8.85898E+12,"ALCOBEX 10x10'S(B1,B6,B12)PML.",149
8.85112E+12,ALCOHOL 180ML(ศิริบัญชา)ลังละ4โหล,17.25
8.85112E+12,ALCOHOL 450ML ศิริบัญชา(ลัง2โหล),32.5
8.85112E+12,ALCOHOL 60ML(ศิริบัญชา)ลังละ18โหล,8.5
8.85876E+12,ALCOHOL 70% 450ML(7ดาว),80
8.85304E+12,ALCOHOL ALSOFF สเปรย์ 30ML(LP),22.75
8.85019E+12,ALCOHOL COTTON BALL 8'Sx12/กล่อง(รถพยาบาล),115
8.85112E+12,ALCOHOL GEL 220G.ขวดปั๊ม(ศิริบัญชา),47
8.85125E+12,ALCOHOL GEL 40G.(ศิริบัญชา),15.5
,ALCOHOL GEL DRY CLEAN 15ML(NANOMED),15.5
8.85922E+12,ALCOHOL GEL STELILIF 70% 450ML(ขวดสีชา),145
8.85112E+12,ALCOHOL ศิริบัญชา 30 ML.(ลังละ45โหล),6.25
8.85112E+12,ALCOHOL สเปรย์ 70% 240CC(ศิริบัญชา),37.75
8.85112E+12,ALCOHOL สเปรย์ 70% 30ML(ศิริบัญชา),30.75
8.85304E+12,ALCOHOL-LP 180ML.(ลัง6โหล),20.75
8.85304E+12,ALCOHOL-LP 30ML,5.25
8.85304E+12,ALCOHOL-LP 450ML(ลังละ2โหล),31
8.85304E+12,ALCOHOL-LP 60ML.(ลัง18โหล),6.75
8.85304E+12,ALCOHOL-LPSOFF PINK 450ML,21.5
8.85304E+12,ALCOHOL-LPSOFF PINK 60ML,7
8.85147E+12,ALDA (ALBEN 200MG.)24x1x2'S/กล่อง(TNP),293.5
8.85147E+12,ALDA SUS 10ML.(ALBEN),19
8.85286E+12,ALDACTONE 100MG.100'S/ขวด(SPIROLACTONE),1178
8.85286E+12,ALDACTONE 25G.100'S/กล่อง(SPIROLACTONE),317
9.31406E+12,ALDARA IMIQUIMOD CREAM 5% 12'Sx250MG/BX.,1786
8.85274E+12,A-LEAZE 1x10'S(สูตรXYZAL) LEVOCET.,65.5
8.85274E+12,A-LEAZE 5MG. 10x10'S(LEVOCETIRIZINE)SIAM*เลิกผลิต,676.5
8.85977E+12,ALENDRONATE SANDOZ 70MG. 4'S,756.5
8.85314E+12,ALEREST 10x10'S(สูตรZYRTEC )ชุมชน,64
8.85314E+12,ALEREST 60ML(สูตรZYRTEC )ชุมชน,25.5
8.85944E+12,ALGOGEN SYRUP 60ML.(PARA 120MG.)สอตเบอรี่,16.5
4.71084E+12,ALGYCON CHEWABLE TAB.7x12'S/BX,953
8.85014E+12,ALICIA 5000 กระเทียมสกัดชนิดเม็ด 60'S(ขาวละออ),352
8.85203E+12,ALIFLEX SPRAY 50ML(น้ำมันระกำ),122.75
4.98712E+12,ALINAMIN EX PLUS 120'S (TAKEDA) *P,603
4.98712E+12,ALINAMIN EX PLUS 60'S (TAKEDA) *P,398
8.85203E+12,ALINAMIN EX PLUS แพ็คคู่ 120'S+60'S(TAKEDA),737.75
8.85203E+12,ALINAMIN F ODORLESS 3x10'S/BX.,99999
8.85196E+12,ALINAMIN-F 10x10'S,267
8.85335E+12,ALLERAX-FC 50x10'S(HYDROX 10MG.)BKD,176.5
8.85229E+12,ALLERDRYL CR 20G(CALAMINE),36
8.85907E+12,ALLERGIA CREAM 7G.อาการคันและแพ้(N&K),72.5
8.85907E+12,ALLERGIA KID CREAM 7G.คันและแพ้(N&K),73.5
8.85147E+12,ALLERGIS ED 5 ML(TNP)/ขวด,27
8.85511E+12,ALLERGO 60ML.(สูตรZYRTEC )TCP.,27.5
8.85511E+12,ALLERGO TAB 10'S(สูตรZYRTEC ),14.5
8.85897E+12,ALLERNIX 1x10'S(LORATADINE) *P,34
8.85897E+12,ALLERNIX SYRUP 60ML(LORATADINE) *P,41
8.85956E+12,ALLER-TAB 10x10'S/BX.(LORATADINE),166.75
5.00022E+12,ALLEVYN AG NON-ADHESIVE 10x10CM.x10'S,300
8.85317E+12,ALLEX 1x10'S(LORATADINE) (B.M.),10.5
8.85317E+12,ALLEX SYRUP(LORATADINE)60ML.(B.M.),18
8.85394E+12,ALLORA 5MG.(DESLORA)10x10'Sสูตร AERIUS,478.5
8.85394E+12,ALLORA 5MG.(DESLORA)1x10'Sสูตร AERIUS,58
8.85394E+12,ALLORA 60ML (สูตร AERIUS)UNISON,55.25
8.85188E+12,ALLORIC 50x10'S(ALLOPURINOL 100MG.)TO,230
8.85343E+12,ALOE GEL 30G(THP)/หลอด,36.25
8.85907E+12,ALOHA ALOE VERA 100% 150G.,116
8.85907E+12,ALOHA ALOE VERA 100% 65G.,73.25
8.85953E+12,ALQUABUMIN ผงแอลบูมินจากไข่ ชนิดชงดื่ม 400G.,546
8.85304E+12,ALSOFF ALCOHOL PAD 200ซอง/BX.,174.5
8.85304E+12,ALSOFF COTTON (สำลีชุปแอลกอฮอล์)8x12'S/BX.,66.5
8.85304E+12,ALSOFF GEL 30MLx12ขวด/กล่อง(เสือดาว),260
8.85329E+12,ALSOFF สเปรย์ 70% 30 ML.(กลิ่นมะลิ),22.75
8.85511E+12,ALUMAG - S 50x10'S.(TCP.),519
8.85024E+12,ALUPEP 10x10'S(SPS) ALU+MG+ATOPINE,7
8.85147E+12,AM ORT CREAM 15G.(CLOBETASOL)TNP.,61.75
8.85932E+12,"AMADO P-COLLAGEN 110,000MG 110.66G.",363
8.85068E+12,AMBES 10MG(AMLOPINE) 10x10'S(GPO),97
8.85068E+12,AMBES 5MG(AMLOPINE) 10x10'S(GPO),57
8.85545E+12,AMBROCIN 50x10'S(AMBROXAL)สหแพทย์,144
8.85291E+12,AMBRONC 60ML(AMBROXOL)(BLHUA),14.5
8.85147E+12,AMBROX 60ML(AMBROXOL)/ขวด ฟ้า TNP.,28.5
8.85147E+12,AMBROX JUNIOR 60ML(AMBROXOL)/ขวด ชมพู,27.5
8.85711E+12,AMELA-EX CR 12ML.ล./หลอด,215
8.85711E+12,AMELA-EX CR 30ML.ญ./หลอด,350
8.85867E+12,AMICOF 100MG เด็ก 60ML(CARBOCYS),21.5
8.85867E+12,AMICOF 250MG.60ML(CARBOCYS.)ฟ้า,29.25
8.85263E+12,AMINOLEBAN-ORAL 450G.(สำหรับผู้ป่วยโรคตับ),535
8.85267E+12,AMK 1000MG 10x10'S(แพ็คละ10แผง)(AUGMENTIN),950
8.85267E+12,AMK 1000MG 1x10'S(RX)/กล่อง(AUGMENTIN),95
8.85267E+12,AMK 625MG 10'S (RX)/กล่อง,78
8.85267E+12,AMK ES-600 70ML.(642.9MG/5ML.)สูตรAUGMENTIN,343
8.85267E+12,AMK SUS.228.5MG/5ML(70ML),98
8.85267E+12,AMK SUS.457MG/5ML(70ML),144.75
8.90112E+12,AMLODAC 10 10x10'S(AMLODIPINE)ZYDUS,79
8.90112E+12,AMLODAC 5 10x10'S(AMLODIPINE)ZYDUS,54
8.85262E+12,AMLOPINE 10MG 10x10'S,199
8.85262E+12,AMLOPINE 5MG.10x10'S.(BERLIN),153.5
8.85314E+12,AMLOPRESS 10MG. 50x10'S(AMLOPINE)ชุมชน,395.75
8.85314E+12,AMLOPRESS 5 10x10'S(AMLODIPINE)ชุมชน,75
8.85314E+12,AMLOPRESS 5MG. 50x10'S(AMLOPINE)ชุมชน,296.75
8.85886E+12,AMMA LOTION 60ML.(T.A 0.1)NIDA,24.5
4.98707E+12,AMMELTZ 48CC.เล็ก,96
4.98707E+12,AMMELTZ 82ML. ใหญ่,132
4.98707E+12,AMMELTZ GLOD 48ML.(เล็ก),149.25
4.98707E+12,AMMELTZ HEAT PATCH 10ซอง/แพ็ค,204.5
4.98707E+12,"AMMELTZ HEAT PATCH GOLD 10'S(คอ,ไหล่)",29
2.49871E+13,AMMELTZ HEAT PATCH GOLD 10'S(ประจำเดือน),230.5
4.98707E+12,AMMELTZ HEAT PATCH GOLD 10'S(ปวดหลัง),29
4.98707E+12,AMMELTZ YOKO CREAM 30G.,36
8.85008E+12,AMMONIA-VS.30CC.(วิทยาศรม),12.75
8.85008E+12,AMMONIA-VS.450CC.(วิทยาศรม),118.75
8.85905E+12,AMMOX 250 DRY SYRUP 60ML.(AMOXY)HK.(มีกล่อง),20.5
8.85905E+12,AMMOX 250 DRY SYRUP 60ML.(HK.)ขวดเปลือย,20.75
,AMOGIN EFFE - รสส้ม 12ซอง(PRO),0
8.85945E+12,AMOGIN EFFE - รสส้ม 12ซอง/กล่อง(Millimed),88.5
8.85546E+12,AMOGIN EFFE - รสส้ม 50ซอง/กล่อง(MILLED),309
8.85945E+12,AMOGIN EFFE - รสส้ม 5ซอง/กล่อง(Millimed),37.5
,AMOGIN GEL 10x15ML(ซอง),4.25
8.85546E+12,AMOGIN GEL 30ซองx15ML/กล่อง,122
8.85546E+12,AMOGIN OTC TAB 1x10'S/BX.,10
8.85546E+12,AMOGIN TAB 3x10'S,26.5
8.85546E+12,AMOGIN TAB 50x10'S,367.5
8.85546E+12,AMOGIN-GEL 240ML(MILLIMED) 4โหล/ลัง *P,36
8.85546E+12,AMOGIN-GEL 450ML(MILLIMED) 2โหล/ลัง,55
8.85977E+12,AMOKSIKLAV 1G.10'S/กล่อง(AUGMENTIN),114
3.83896E+12,AMOKSIKLAV 625MG.10'S/กล่อง,96
8.85274E+12,A-MOL (PARA 500MG.) 20x10'S(SIAM),238
8.85274E+12,A-MOL SUSP 60ML(PARA120MG องุ่น),45.5
8.85274E+12,A-MOL SUSP 60ML(PARA250MG ส้ม)สยาม,46.75
8.85274E+12,A-MOL SYR.120MG.60ML(PARA.)สละ,46.5
8.85188E+12,AMOTIN 1000MG.10'S(TO)สูตรAUGMENTIN,103
8.85188E+12,AMOTIN 1000MG.14'S(TO)สูตรAUGMENTIN,125
8.85188E+12,AMOTIN 1000MG.5x10'S(TO)สูตรAUGMENTIN,385
8.85188E+12,AMOXI T.O.250MG.1000'S เขียว-ฟ้า,555
8.85188E+12,AMOXI T.O.500MG.500'S เขียว-ฟ้า,605
8.85188E+12,AMOXI T.O.500MG.50x10'Sเขียว-ฟ้า,650
8.85188E+12,AMOXI T.O.500MG.50x10'Sน้ำตาล-เหลือง,650
8.85101E+12,AMOXIL 125 DRY(GSK),68.5
8.85101E+12,AMOXIL 500MG.GSK 20'S/BX(นอก),109.5
8.85905E+12,AMOXY 125MG. DRY 60ML(HK.),15.5
8.85314E+12,AMOXY 500MG.50x10'S(น้ำตาล-เหลือง)ชุมชน,695
8.85281E+12,AMOXY M.H. 500MG. 50x10'S(เขียว-ฟ้า),717.5
8.85905E+12,AMOXY WS 500MG.25x10'S(HK)ส้มเหลือง,275
8.85545E+12,AMOXYCILLIN 500MG. 500'S ชมพู(สหแพทย์),525
8.85545E+12,AMOXYCILLIN 500MG. 50x10'S ชมพู(สหแพทย์),490
8.85876E+12,AMOXYCILLIN 500MG. 50x10'S(เขียว-ฟ้า)7ดาว SSP,443
8.85876E+12,AMOXYCILLIN 500MG. 50x10'S(ชมพู-ขาว)7ดาว SSP,443
8.85406E+12,AMPAVIT 1000MCG.INJ. (B12) 10ML,27
8.85406E+12,AMPAVIT 1000MCG.INJ. 1ML(B12)x10'S,36.5
8.85188E+12,AMPI 500 CAP(T.O.) ดำ-แดง 500'S,685
116021916,AMPI 500MG.(BSP) 500'S/BX,1.25
8.85651E+12,AMPI-500(AMPICILLIN)50x10S T.MAN,687
8.85885E+12,AMPICILLIN 25x10'S/BX.(AU),321.5
8.85885E+12,AMPICILLIN CAPSULE 500'S/BT.(AU),618
8.85546E+12,AMPINE-5MG. 10x10'S(AMLODIPINE)MILLIMED,145.75
8.85802E+12,AMPIPEN N.L. 500 MG. 500'S,710
8.85802E+12,AMPIPEN N.L. 500MG.10x10'S/BX.(AMPICILLIN),236
8.85635E+12,AMPOL SUS. 60ML(PARA 120MG.)ASIAN,18.75
8.85394E+12,AMPREXYL 500MG(AMPI) 500'S(UNISON),0
8.85394E+12,AMPREXYL 500MG(AMPI)10x50'S(UNISON),16.25
8.85909E+12,AMSEL AMINO BILBERRY EXTRACT PLUS 30'S,250
8.85909E+12,AMSEL BIOTIN+ZINC & HORSETAIL 30'S,192.75
8.85909E+12,AMSEL CALCIUM L-THREONATE+COLLA TYPE ll 60'S,302
8.85909E+12,AMSEL COLLAGEN 10000MG(เบอรี่มิก),578.25
8.85909E+12,AMSEL COLLAGEN 10000MG(เมลอน),578.25
8.85909E+12,"AMSEL GINKGO PLUS B1,6,12 45'S",243.5
8.85909E+12,AMSEL GLUTA PLUS 10'S(เบอรี่มิก),418.5
8.85909E+12,AMSEL L-ARGININE PLUS ZINC 40'S,145
8.85909E+12,AMSEL L-GLUTAMINE 800 30'S,213.5
8.85909E+12,"AMSEL MAGNESIUM PLUS VIT C,B PREMIX 30'S",152
8.85909E+12,"AMSEL MAGNESIUM+CHAMOMLIE,TART CHERRY 30'S",206.5
8.85909E+12,AMSEL MULTI VIT PLUS 40'S,212.5
8.85909E+12,AMSEL VITAMIN B COMPLEX HG 40'S,248.5
8.85909E+12,AMSEL VITAMIN K2+D3 30'S,233
8.85909E+12,AMSEL ZINC PLUS 30'S,116
8.85905E+12,AMTA 500(AMPICILLIN 500MG)50x10'S(H.K.),687
8.85905E+12,AMTA 500MG. 500'S(AMPICILLIN)H.K.,665
8.85394E+12,AMTUSS 30MG.(AMBROXOL)50x10'S(UNISON),282.25
8.85945E+12,AMVAS 10MG.10x10'S(AMLODIPINE),152
8.85266E+12,AMXOL SYRUP 60ML(AMBROXOL)BIOPHARM,18.25
8.90153E+12,AMYN-500 10x10'S(AMOXY เหลือง-น้ำตาล)PML,135
9.30081E+12,"ANABOLIC AMINO 10,000 90'S.ขวด",659
8.85651E+12,ANALGIC 500 25x10'S/BX.(สูตรPONSTAN)T.MAN,278.5
25490406,ANALGIC-500(สูตรPONSTAN)50x10'Sเหลือง,466
8.85147E+12,ANAMAI 50x28'S (TNP),20.75
8.85262E+12,ANAPRIL 20MG.10x10'S.(ENALAPRIL),96
8.85262E+12,ANAPRIL 5MG.10x10'S.(ENALAPRIL),59
8.85262E+12,ANAPRIL-S 20MG.10x10’S(ENALAPRIL),96
8.85262E+12,ANAPRIL-S 5MG.10x10’S(ENALAPRIL),57
8.85265E+12,ANASIC BALM 25GM./หลอด,22.5
8.85272E+12,ANDRIOL TESTOCAPS 40MG 6x10'S,765
8.85879E+12,ANDROCUR 50MG.5x10'S.,2928
8.85882E+12,ANDROLIZ MOUTH SPRAY 15ML(C&L),89.75
8.85008E+12,ANDROSIL MOUTH SPRAY 15ML(วิยาศรม),87.75
,ANIZ GLYCERIN SUPPO.10'S(เด็ก)*เลิกผลิต*,47.25
,ANIZ GLYCERIN SUPPOSITORIES 10'S(ผู้ใหญ่),47.25
111133,ANKLE SUPPORT ไซซ์ M (20.5-23.0ซม.),97.75
8.85872E+12,ANMATIC 50x10'S(PIROX 20MG.)KENYAKU,528.75
8.85147E+12,ANNA 50x28'S (TNP) (ใหม่),23.5
8.8546E+12,ANNIE 21'S แพ็คโหล,56
8.85938E+12,ANNIEGRIP สวมเข่า ไซส์ L(เหลือง),78.5
8.85938E+12,ANNIEGRIP สวมเข่า ไซส์ M(เหลือง),78.5
8.85938E+12,ANNIEGRIP สวมเข่า ไซส์ S(เหลือง),78.5
8.85938E+12,ANNIEGRIP สวมเข่า ไซส์ XL(เหลือง),78.5
8.85938E+12,ANNIEGRIP สวมข้อเท้า ไซซ์ L(ส้ม),59
8.85938E+12,ANNIEGRIP สวมข้อเท้า ไซซ์ M(ส้ม),59
8.85938E+12,ANNIEGRIP สวมข้อเท้า ไซซ์ S(ส้ม),59
8.85938E+12,ANNIEGRIP สวมข้อเท้า ไซซ์ XL(ส้ม),59
8.85938E+12,ANNIEGRIP สวมข้อมือ ไซซ์ L(ม่วง),63.25
8.85938E+12,ANNIEGRIP สวมข้อมือ ไซซ์ M(ม่วง),63.25
8.85938E+12,ANNIEGRIP สวมข้อมือ ไซซ์ S(ม่วง),63.25
8.85938E+12,ANNIEGRIP สวมข้อมือ ไซซ์ XL(ม่วง),63.25
8.85938E+12,ANNIEGRIP สวมข้อศอก ไซซ์ L(ฟ้า),63.25
8.85938E+12,ANNIEGRIP สวมข้อศอก ไซซ์ M(ฟ้า),63.25
8.85938E+12,ANNIEGRIP สวมข้อศอก ไซส์ S(ฟ้า),63.25
8.85938E+12,ANNIEGRIP สวมข้อศอก ไซส์ XL(ฟ้า),63.25
8.85274E+12,ANNOXEN-S (NAPROXEN 275MG.)2x10'S(SIAM),78.75
8.85274E+12,ANNOXEN-S 275MG(NAPROXEN)10x10'S*เลิกผลิต*,317.75
8.85147E+12,ANNYLYN 21'S (TNP)12x21'S,85.75
8.85147E+12,ANNYLYN 28'S (TNP) 12x28'S,85.75
8.85856E+12,ANPRO(42) SYRUP 60ML.(CYPROHEP),14.25
8.85147E+12,ANPUZZ 520MG 1x10'S (TNP),29
4.71975E+12,ANSCARE SILICONE GEL 7G.,99999
8.85147E+12,ANTACIL 50x10's (TNP),484
8.85147E+12,"ANTACIL GEL 1,000ML.ญ.(TNP)",141.5
8.85147E+12,ANTACIL GEL 240ML.เขียว (TNP),40.75
8.85147E+12,ANTACIL GEL 240ML.ส้ม (TNP),40.75
8.85147E+12,ANTACIL GEL 450ML.กลาง.(TNP),70.5
8.85147E+12,ANTACIL PLUS 50x10'SBX.,822
8.85274E+12,ANTAZALLERGE 10x10ML (SIAM)แพ็ค10ขวด,37
8.85147E+12,ANTERGAN CR.10G (TNP)/หลอด,24.25
8.85147E+12,ANTERGAN CR.25GM.(HYDRO.+MEPYRA),49
8.85493E+12,ANTIBI-OTIC EAR DROP10ML(CHLORAM),17.5
,ANTI-MELASMA*ยกเลิก,208
8.85886E+12,ANTIPAIN CREAM 30G.(NIDA),26
7.71313E+11,APOLETS 75MG 3x10'S/Bx.(CLOPIDOGREL),292
8.85944E+12,APRACUR NC 25x6'S/BX.,177
3.58291E+12,APROVEL 150MG. 28'S(IRBESARTAN)*ขายขาด,642
3.58291E+12,APROVEL 300MG.28'S/BX.(SANOFI)*ขายขาด,803.75
8.85406E+12,AQUA KARE STERILE WATER 500ML(ANB),28.5
3.85601E+12,AQUA MARIS BABY 50ML(FRX.),243.5
3.85601E+12,AQUA MARIS STRONG SPRAY 30ML(FRX.),243.6
,ARABICA ESPRESSO 3IN1 18G.x22'S/ห่อ(รอแยลดี),74.25
3.58291E+12,ARAVA 20MG 30'S(LEFLUNOMIND)SANOFI*ขายขาด,2460
8.85353E+12,ARCHIDEX EYE DROP 5ML(T.P),22.5
8.85281E+12,ARCONA 120MG.1x6'S (สูตร ARCOXIA),53.5
8.85281E+12,ARCONA 60MG. 3x10'S(M&H)สูตรARCOXIA,245
8.85281E+12,ARCONA 90MG. 3x10'S(M&H)สูตรARCOXIA,155
8.85281E+12,ARCONA 90MG.1x10'S (สูตร ARCOXIA)M&H,52.5
8.40165E+11,ARCOXIA 120MG. 1x5'S/BX.,228
8.40165E+11,ARCOXIA 60MG. 1x5'S,184
8.40165E+11,ARCOXIA 90MG. 1x5'S/BX.,189
8.8571E+12,AREE-ORY 30'S,345
4.51357E+12,ARGAN & OLIVEOIL 550ML,99999
8.85868E+12,ARICEPT 23MG. 28'S(DONEPEZIL),3811
8.85101E+12,ARISTOCORT CR 15G(TRIAM 0.02%),42.25
8.85101E+12,ARISTOCORT.A CR. 15G (TRIAM 0.1%),70
,ARM CUFF ADULT(VELCRO),441
11912132,ARM SLING (SIZE M)สีขาว GOLD SUPPORT,57.5
11912189,ARM SLING - สีน้ำเงิน ไซส์ L (VPC),62.5
11918139,ARM SLING - สีน้ำเงิน ไซส์ M (VPC),62.5
119124,ARM SLING - สีน้ำเงิน ไซส์ S (VPC),62.5
11912240,ARM SLING - สีน้ำเงิน ไซส์ XL (VPC),62.5
11912122,ARM SLING (SIZE L)สีขาว,57.5
8.85505E+12,ARM SLING (SIZE XL)สีขาว,57.5
9.78806E+12,ARM SLING (สีดำ) ไซส์ L (ACE+MED),65
6.79204E+12,ARM SLING (สีดำ) ไซส์ M (ACE+MED),65
8.85899E+12,AROTIKA COOL GEL 35G.,29.5
8.85899E+12,AROTIKA COOL SPRAY 60ML EXP.11/26,92
8.85961E+12,AROTIKA PAIN RELIEF SPRAY 100ML.,146.5
8.85899E+12,AROTIKA RUB 100G.,154.5
8.85899E+12,AROTIKA RUB 15G.,30.25
8.85899E+12,AROTIKA RUB 35G.,59
8.85899E+12,AROTIKA RUB LOTION 80ML.,144
8.85899E+12,AROTIKA RUB SPRAY 60ML,88.25
8.85899E+12,AROTIKA SPORT CR.15G,31
8.85899E+12,AROTIKA WARM CREAM 35G.,58.75
7.79537E+12,ARTRODAR DIACEREIN 50MG.30'S/BX.(TRB),511
8.01956E+12,ARTROFORT COMPLEX 30'S,665
8.85876E+12,AS C 1000'S/กระปุก VIT-C (ส้ม),85
8.85876E+12,AS C 1000'S/กระปุก VIT-C (สตอเบอรี่),103
8.85876E+12,AS C 1000'S/กระปุก VIT-C (สับปะรด),103
8.85876E+12,AS C 1000'S/กระปุก VIT-C (องุ่น),85
8.85876E+12,AS C 100'S/กระปุก VIT-C 25MG.(ส้ม),22
8.85188E+12,ASATAB 81 MG(ASPIRIN) 100x10'S(TO),250
8.85291E+12,ASCEE 500MG(VIT-C) 10x15'S(BLH)/หลอด,31.25
8.85501E+12,ASCORBIC ACID รสสับปะรด1000'S(PATAR),112.5
8.85501E+12,ASCORBIC ACID สตอร์50ซองx20'S(PATAR),218.25
8.85501E+12,ASCORBIC ACID ส้ม 50MG.50ซองx20'S(PATAR),171.5
8.85501E+12,ASCORBIC ACID ส้ม1000'S(PATAR),112.5
8.8511E+12,ASMASAL SDU 2.5MG./2.5MLx 21'S(VENTOLIN),311.5
8.85182E+12,ASMASOLON 125MG.(THEOPHYLINE)10x10'S,186.75
8.85651E+12,ASNATURE COQ10 SOFTGELS 29MG,0
8.85651E+12,ASNATURE FISH OIL 1000MG VIT E 60'S(TMAN),367
8.85869E+12,ASPENT 300MG(ASPIRIN) 1000'S,0.5
8.9013E+12,ASPENT-M 60'S(ASPIRIN 81MG),31.75
8.85869E+12,ASPENT-M 81MG. 1000'S (ใหม่),293.5
8.85182E+12,ASPILETS 81MG.20x10'S(ASPIRIN),118
8.85209E+12,ASPIRIN TABLETS PINK 81MG.100x10'S(ตรางู),248
8.85254E+12,ASPREX 300MG. 50x10'S(ASPIRIN)EDWARDS,333
8.85024E+12,ASTAIR 10MG 4x7'S(สูตรSINGULAR )SPS,139
8.85024E+12,ASTAIR 5MG 4x7'S(CHEW)SPS(สูตรSINGULAR ),295
6.91213E+12,ASTAR OINTMENT 10G.(ATLANTA),79.5
8.85501E+12,ASTAXANTHIN 6MG. PLUS VIT-E 30'S(PATAR),205
8.85651E+12,ASTHMIC SYR 60 ML(TERBUTALINE)TMAN.,12.25
8.85885E+12,ASUMOL (PARA 500MG.)(ฟ้า-ขาวกลม) 100'S(AU),18.75
8.85885E+12,ASUMOL (PARA 500MG.)100'S(ขาวกลม)AU,16.75
8.85885E+12,ASUMOL 500MG. 20x10'S (AU)เขียว PARA,66.5
8.85274E+12,ASUMOL PARA SYRUP 120MG. 60ML.(แอปเปิ้ล),16.5
8.85274E+12,ASUMOL PARA SYRUP 120MG. 60ML.(รสส้ม),16.5
8.85885E+12,ASUMOL PARA SYRUP 120MG. 60ML.(สตอเบอรี่),16.5
5.41379E+12,ATARAX 10MG.50X10'S.(HYDROXYZ),774.25
8.85188E+12,ATHRIL (GLUSAAMINE) 80 CAP,134.5
8.85188E+12,ATHRIL POWDER (GLUCOSAMINE)30'S(TO),225
20032223,ATK COVIDS-19 โพรงจมูก (WORLD MEDICAL),54
,ATK TEST COVID 2IN1 SET 1 TEST/BOX.(iiLO),35.75
8.85879E+12,ATLANTA CYNCOBAL VITAMIN B12 15'S(เม็ดฟู่)/หลอด,238.5
8.85879E+12,ATLANTA MULTIMINERAL 15'S(เม็ดฟู่)/หลอด,238.5
8.85879E+12,ATLANTA QUERCETIN+VIT C 15'S(เม็ดฟู่)/หลอด,238.5
8.85068E+12,ATORSAN 20MG(สูตรLIPITOR)10x10'S (GPO),201
8.85977E+12,ATORVASTATIN SANDOZ 10MG.3x10'S/BX.,508
8.85977E+12,ATORVASTATIN SANDOZ 20MG.3x10'S/BX.,695
8.85977E+12,ATORVASTATIN SANDOZ 40MG.30'S/BX.,868
8.85546E+12,ATOZIN 250MG.6'S(สูตร ZITHROMAX)Millimed,48.5
8.85353E+12,ATROPINE SULFATE 100ML(T.P),0
8.85651E+12,ATTOR- 40MG.3x10'S(สูตรLIPITOR)TMAN,315
8.8546E+12,AUGCLAVE 1G. 14'S,168.5
8.85101E+12,AUGMENTIN 1G. 10'S(GSK),229
8.85101E+12,AUGMENTIN 1G. 7'S(GSK),214
8.85062E+12,AUGMENTIN 1G.กล่อง 14'S(2x7'S),375
8.85062E+12,AUGMENTIN 228MG. 70ML,286
8.85062E+12,AUGMENTIN 375.20'S.,502
8.85101E+12,AUGMENTIN 457MG 35ML.SUS.,240.75
8.85101E+12,AUGMENTIN 457MG 70ML.SUS.,475.5
8.85062E+12,AUGMENTIN 625MG. 10'S(GSK),277.5
8.85101E+12,AUGMENTIN ES 50ML.(GSK),495
8.85869E+12,AUNGTONG อั่งตง 3x10'S/BX.,171.5
8.85745E+12,"AURAMED 3IN1(Flu A/B,COVID-19)NASAL SWAB 1'S",36.5
8.85745E+12,"AURAMED 4IN1(Flu A/B,COVID,RSV)NASAL SWAB 1'S",47.5
8.85745E+12,AURAMED COVID-19 2IN1(NASAL&SALIVA),17.5
8.85267E+12,AURAMOX 500MG.50x10'S(AMOXI)RX.(ขาว-ชม),764.5
8.85101E+12,AUREO 250MG.10'S(CHLORTE.)(แพ็ค12แผง),604
8.85101E+12,AUREOMYCIN OINT 5G(TETRA),30.5
4.01934E+12,AURORIX 150MG. 100x10'S(MOCLOBEMIDE)MEDA,2201.2
4.97548E+12,AUTO-BP MONITOR HEM-8712(OMRON),1303.5
4.71011E+12,Automan Cargo Truck Bodies-KB 8.3 CU.M.(H2.1),49
8.85546E+12,AVAFAST 180MG 1x10'S(FEXOFENADINE)MILLIMED,57.5
8.85546E+12,AVAFAST 60MG 1x10'S(FEXOFENADINE)MILLIMED,25
8.85879E+12,AVAMIGRAN 1x10'S/BX.(ใหม่)สูตร carfergot,46
8.85101E+12,AVAMYS SPRAY 120DOSE(FLUTICASONE),436.5
8.85101E+12,AVAMYS SPRAY 60DOSE (FLUTICASONE),371.5
8.80101E+12,AVEENO DAILY ENGERIZING LOTION 354ML.(ส้ม),248
9.30061E+12,AVEENO DAILY LT. SHEER HYDRATION 350ML.(ฟ้า),248
8.80101E+12,AVEENO DAILY MOIST. LOTION 354ML.(เขียว),248
8.80101E+12,AVEENO SKIN RELIFE MOISTUR 354ML.(น้ำเงิน),313
8.85017E+12,AVELOX 400MG.1x5'S/BX.(MOXIFLOXCIN),560
8.85229E+12,AVENCINA CAPSULE 30'S/ขวด(GREATER),200
8.85101E+12,AVODART 0.5MG.(DUTASTERIDE) 30'S/GSK,1294
8.85898E+12,AVOMIT-M 50x10'S(สูตรMOTILIUM),170
9.55659E+12,AXCEL FUSIDIC ACID CREAM 5G.,38.75
9.55659E+12,AXCEL FUSIDIC ACID-B CR 5GM.(FUSIDIC+BETA),38.75
5.00046E+12,AXIAGO 20MG. 1x14'S (สูตรNEXIUM),410.75
8.85254E+12,AYEW CREAM 5G.(ACYCLOVIR),23.5
8.85904E+12,A-Z MULTIVITAMIN 60'S,199
5.4139E+12,AZAGA EYE DROP 5ML(10MG/ML+5MGML),661.5
8.85635E+12,AZITABB 250MG.1x6'S(สูตรZITHROMAX),86
8.85274E+12,AZITH 200MG/5ML SUSPEN.(AZITHRO.),99
8.85274E+12,AZITH 250MG.1x 6'S(AZITHRO)SIAM,79.75
8.85188E+12,AZITHRIN 250MG(AZITHRO) 6'S(TO),78
8.85281E+12,AZITHRO 6'S(AZITHROMYCIN) M&H,51.75
8.85068E+12,AZYCIN 250 MG(AZITHRO) 6'S(GPO),70
8.85545E+12,B CO-ED 100'S/BT.(สหแพทย์),31.5
8.85545E+12,B CO-ED 100x10'S(สหแพทย์),262
8.85545E+12,B CO-ED 5x10'S/BX.(สหแพทย์),64
8.85926E+12,B ZKIN ACNE SPOT SERUM 10ML.,129.5
8.85926E+12,B ZKIN CLEAR & TREAT CLEANSING FOAM 80G.,88.5
8.85926E+12,B ZKIN MELAVITE CREAM 15G.,129.5
8.85501E+12,B&FOLIC 100'S (PATAR)/กล่อง,38
8.85317E+12,B.M BABY COUGH 60ML *ทำรายงาน,26.5
8.85593E+12,B.O.CAL (CALCIUM 950MG.) 30'S/ขวด,85.75
,B.O.CAL (CALCIUM 950MG.) 60'S,166.5
8.85593E+12,B.O.S 100'S(GLUCOSAMINE 250MG.),264.5
8.85147E+12,B.P.CORT 0.1% 5G.(T.A.),14.5
8.85501E+12,B.T.BAN 5G.(MUPIROCIN 2%)PATAR,34.5
8.85353E+12,B-100 COMPLEX (B3-B1-B2-B6)50x1ML(TP.),227
8.85112E+12,BABI MILD KIDS MIXBERRY 200ML.,43.25
8.85112E+12,BABI MILD SOFTENER 300ML/ขวด,28
8.85112E+12,BABI MILD ULTRA MILD 125ML/ขวด,0
8.85112E+12,BABI MILD ULTRA MILD 200ML/ขวด,46.25
8.85112E+12,BABI MILD WASH 300ML/ขวด,35.5
8.85876E+12,BABINI HEAD TO TOE WASH 480ML,117.5
8.85876E+12,BABINI BABY WIPES 20'S/PCS.,20.5
8.85876E+12,BABINI BABY WIPES 80'S/PCS.,64.5
8.85876E+12,BABINI BABY WIPES 8'S/PCS.,8.5
8.85876E+12,BABINI COOL PACTH 8'S/BX.,81
8.85008E+12,BABY AROMA OIL น้ำมันหอมแดง 15ML.(วิทยาศรม),128.75
8.85651E+12,BABY CHECK (TM)(เทสตกไข่+ตั้งครรภ์),356.25
8.85975E+12,BABY PREMIUM แผ่นรองซับเด็กไซซ์ M 20'S(30x45ซม.),59
8.85034E+12,BABY WIPES 20'S(รถพยาบาล),15.25
8.85034E+12,BABY WIPES 40'S(รถพยาบาล),23.5
8.85008E+12,BABY มหาหิงค์ GEL 45G.(วิทยาศรม),139
8.85651E+12,BABYCREAM 30G.(สูตรBEPANTHEN)TMAN,77.5
8.85894E+12,BACIDAL 5G.OINT.(สูตรBACTOBAN),49.5
8.85188E+12,BACOTAN 30ML (HYOSCINE),13
8.85188E+12,BACOTAN FC 1000'S (HYOSCINE)(TO.)*เลิกผลิต*,1248
8.85188E+12,BACOTAN FC 500'S (HYOSCINE)(TO.),498
8.85188E+12,BACOTAN FC 50x10'S/BX(HYOSCINE)TO,552
8.85898E+12,BACOTI-T 1x10'S(BROMPHE+PHENYL)PML.,12.5
8.85254E+12,BACTACIN 15G. (NITROFURAZOLE),20
,BACTAFECT OINT. 5G.(สูตร BACTOBAN),99999
8.85899E+12,BACTAFECT OINTMENT 15G.(MUPIROCIN)BKD.,88
8.85347E+12,BACTEDENE GEL 10G.(POVIDONE),20.75
8.85867E+12,BACTEX OINT.5G(สูตรBACTOBAN)แพ็ค10หลอด,49
8.85886E+12,BACTICIN 5G.(MUIROCIN)NIDA,28.5
5.00022E+12,BACTIGRAS 10X10CM (SM&NP)/กล่อง,166
22033,BACTOCLAV-375 3x10'S(ATLANTA),0
8.9013E+12,BACTOCLAVE-1000MG.(สูตรAUGMENTIN),92.75
8.8518E+12,BACTOKIL OINT 10G.(สูตรbactoban)12's/BX,59
8.8518E+12,BACTOKIL OINT 5G(สูตรbactoban)12's/BX,35.5
8.85062E+12,BACTROBAN OINT 15G (GSK)/หลอด,149
8.85062E+12,BACTROBAN OINT 5G (GSK)/หลอด,59
8.85961E+12,BAIDY BRAND JELLY FIBER FOS 10'S/BX.,220
8.85961E+12,BAIDY FORTE วิตามินเม็ดฟู่ 20'S/หลอด,152.5
8.85442E+12,BAIN GUMMY VIT C PLUS DHA 108G./กล่อง,99.75
8.85442E+12,BAIN SYRUP 10ซองx15ML.,164
8.85442E+12,BAIN SYRUP 150ML. *P,134
,BAINI GUMMY VIT C PLUS DHA 108G.(PRO),0
8.85442E+12,BAINI GUMMY VIT C PLUS DHA 40.5G.x12ซอง,502
8.85545E+12,BAKAMOL 100'S(PARA500MG.)สหแพทย์,67.5
8.85545E+12,BAKAMOL 10x10'S(PARA500MG.)สหแพทย์,77.75
8.85545E+12,BAKAMOL 50x10'S(PARA500MG.)สหแพทย์,268
8.85545E+12,BAKAMOL SYRUP 60ML(PARA120MG.)สตอ,30.5
8.85699E+12,BALAMINE - 500 3x10'S(สูตรMETHYCOBAL),42
8.85546E+12,BALENTIN 75MG.4x14'S(PREGABALIN),403.75
8.85024E+12,BALISA 20MG.1x10'S(BILAXTEN)SPS.,86
8.85876E+12,BAMBOO FIBER มาส์กหน้าอัดเม็ด 6'S,73.5
8.85899E+12,BANAGO สมุนไพรช่วยย่อย ขับลม 1x10'S/BX.(BKD.),35.5
8.85651E+12,BANBACT OINT. 15G.(สูตรBACTOBAN),85.75
8.85651E+12,BANBACT OINT.5G.(สูตรBACTOBAN),38
8.85112E+12,BANNER FISH OIL+VIT B COM 30'S(ฟ้า),218
8.85112E+12,BANNER FISH OIL+VIT B COM 60'S(ฟ้า),438
,BANNER Hi-B + Fish oil 4's /ซอง(ฟ้า)(PRO),0
8.85112E+12,BANNER MULTIVITA+ZINC 30'S(เหลือง),222
8.85112E+12,BANNER MULTIVITA+ZINC 60'S(เหลือง),431
8.85112E+12,BANNER SOY PROTEIN 5ซองx4'S/BX.,99999
8.85112E+12,BANNER SOY PROTEIN+LECITIN 30'S(แดง),178
8.85112E+12,BANNER SOY PROTEIN+LECITIN 60'S(แดง),342
8.85944E+12,BANOCIN OINTMENT 10G.,27
8.85944E+12,BANOCIN POWDER 10G**ขึ้น,39.75
8.85944E+12,BANOCIN POWDER 3G.x25'S/BX.,118.75
8.85394E+12,BAPID 100MG.10x10'S(REBAMIPIDE)เมดไลน์,478.5
8.85651E+12,BASINA MOUTH SPRAY 6x15ML/ แพ็ค6อัน,42
8.85651E+12,BASINA ยาอมแก้เจ็บคอ 25แผงx10'S(มิ้น),228
8.85651E+12,BASINA ยาอมแก้เจ็บคอ 25แผงx10'S(รสส้ม),228
8.85254E+12,B-ASPIRIN 81MG. 100x10'S/BX.EDWARDS,291
,BBLOVE INFRARED THEMO รุ่น AET-R1D1,1102
8.85899E+12,B-CIPROFLOXACIN 500MG.1x10'S/BX.,30.5
7.13289E+12,B-COMPLEX PLUS MINERAL 30'S(THP),158
8.85545E+12,B-COXIB 120MG. 3x10'S(ARCOXIA)สหแพทย์,158
8.85545E+12,B-COXIB 90MG.3x10'S(สูครARCOXIA),112
1.30383E+14,BD เข็มเจาะน้ำเกลือ IV Catheter 19G.x1 1/2นิ้ว,0
8.85147E+12,BEBIDOL 120ML(SODIUMBICAR)(TNP).ใหม่,34
8.85314E+12,BEE'EN MOUTH SPRAY 15ML(ชุมชน),118
8.85314E+12,BEE'EN PLUS MOUTH SPRAY 15ML.(ชุมชน),93.5
8.85262E+12,BEGESIC 30G.(BERLIN),26.75
8.85298E+12,BEHISTIN 6MG. 10x50'S (CENTRAL),251.5
8.85266E+12,BELCID FORTE SUSP 240ML.20ขวด/ลัง,34
8.85266E+12,BELCID GERD 12x10ซอง /BX.,120.75
8.85266E+12,BELCID GERD SUS.150ML(ราสเบอรี่),148.5
8.85266E+12,BELCID SUSP 240ML.20ขวด/ลัง,34
8.85266E+12,"BELCID SUSP.1,000CC.ญ./ขวด",83
8.8572E+12,BELFESH 10x10'S(สูตรPUDIN)BIOPHARM,138
8.85892E+12,BELLA PARA 500MG. 50x10'S/BX.(INTERPHARMA),454
8.85956E+12,BELLA PARA 500MG.10x10'S (INTERPHRAMA),68.5
8.85147E+12,BENDA 500MG LEMON 12x1'S/แพ็ค (TNP),175
8.85147E+12,BENDA 500MG(ส้ม) 12x1'S/แพ็ค,175
8.85147E+12,BENDA SUSP 30ML (TNP)/ขวด,18
3.49932E+12,BENZAC AC GEL 2.5% 15G(BENZYL PEROXIDE) *P,106.75
8.80656E+12,BENZAC AC GEL 2.5% 60G (BENZOYL) *P,264
3.49932E+12,BENZAC AC GEL 5% 15G (BENZOYL) *P,115.5
3.49932E+12,BENZAC AC GEL 5% 60G (BENZOYL) *P,288
9.31864E+12,BENZAC PUTIFYING FOAM CLEANSER 130ML. *P,332.5
7.89793E+12,BENZAC SPORT FOAM CLEANSER 50ML,225
4.0576E+12,BEPANTHEN DAILY CONTROL CREAM 200ML,359
4.0576E+12,BEPANTHEN FIRST AID CR. 3.5G.,22
8.85017E+12,BEPANTHEN FIRST AID CR.30G./หลอด,125.75
4.0576E+12,BEPANTHEN OINT 100G.(BAYER),313.75
8.85017E+12,BEPANTHEN OINT 30G(BAYER),133
8.85017E+12,BEPANTHEN OINT 50G(BAYER),192
8.85017E+12,BEPANTHEN SENSIDERM CREAM 20G.,277.75
9.55626E+12,BEPROGEL SOLUTION 30ML(BETAMET)HOE,96.75
9.55626E+12,BEPROLIC OINTMENT 15G.(BETAMET)HOE,115
8.85317E+12,BERAMOL 100'S(PARA 500MG.)BM.,34.25
8.85317E+12,BERAMOL 10x10'S ขาวกลม(PARA),3.5
8.85317E+12,BERAMOL DROP 15ML(PARA.),19.5
8.85317E+12,BERAMOL SYR.60CC.เขียว(PARA 120MG.),16.5
8.85317E+12,BERAMOL SYR.60CC.แดง(PARA 120MG.),16.5
8.85944E+12,BERATE CREAM 15G.(BETAMETHA)นครพัฒนา,26
8.85944E+12,BERATE CREAM 5G.(BETAMETHA)นครพัฒนา EXP.11/26,21
8.85265E+12,BERCLOMIN TAB 10x10'S/BX.,113.5
8.85265E+12,BERCLOMIN TAB 25x10'S(ใหม่),232.5
8.85265E+12,BERCLOMIN TAB 50x10'S,505
8.85265E+12,BERCLOMINE BABY DROP 15ML (SIMETHICONE),25.5
8.85265E+12,BERCLOMINE SYR 60ML(SIMETH+DICYCL),27
8.85022E+12,BERGAMOT EXTRA HAIR TONIC 100ML(สีทอง),245
8.85022E+12,BERGAMOT EXTRA SHAMPOO 100ML(สีเทา),86.5
8.85022E+12,BERGAMOT HAIR LOTION 90ML (มะกรูด),49
8.85022E+12,BERGAMOT HAIR TONIC 100ML(สีเขียว),142
8.85022E+12,BERGAMOT SHAMPOO 100ML(สีฟ้า),72.5
8.85022E+12,BERGAMOT แชมพูรังแค 100ML,76
8.85262E+12,BERLONTIN 100MG.10x10'S(GABAPENTIN),209
8.85262E+12,BERLONTIN 300MG.10x10'S(BERLIN)(GABAPENTIN),294
8.85017E+12,BEROCCA ELDERBERRY PLUS 100ML.,208
4.0576E+12,BEROCCA ELDERBERRY PLUS 7'Sx10ML./BX.,185
4.0576E+12,BEROCCA FCT 30'S/BX.,135.5
4.0576E+12,BEROCCA IMMU D+ 15'S(C D PLUS ZINC),147
8.85017E+12,BEROCCA รสผลไม้รวม 15'S./หลอด,170.5
8.85017E+12,BEROCCA รสส้ม 12x2'S/BX.,312
8.85017E+12,BEROCCA รสส้ม 15'S(BAYER)/หลอด,170.5
8.85017E+12,BEROCCA รสส้ม 20x1'S(BAYER)แบบซอง,315.75
8.85017E+12,BEROCCA รสส้ม 2x15'S(BAYER)รุ่นแพ็คคู่,327.5
4.0576E+12,BEROCCA รสอะซีโลร่าและมะม่วง 15'S/หลอด,170.5
4.04885E+12,BERODUAL FORTE UDV (20'Sx4ML),650
4.04885E+12,BERODUAL INH 200D.,303
4.04885E+12,BERODUAL SOLUTION 20ML,382
8.85894E+12,BESIX 50x10'S/BX.(B6)CHAROON,449.5
8.85024E+12,BESMAL 1x10'S(BISMUTH 524MG.)SPS,28.5
8.85712E+12,BEST CONFORMING 2นิ้วx12ม้วน/BX.,47.5
8.85712E+12,BEST CONFORMING 3นิ้วx12ม้วน/BX.,70
8.85712E+12,BEST CONFORMING 4นิ้วx12ม้วน/BX.,88.5
8.85712E+12,BEST PREMIUM GAUZE 2x2นิ้ว 10'S/BX.,19
8.85712E+12,BEST PREMIUM GAUZE 3x3นิ้ว 10'S/BX.,40.25
8.85262E+12,BESTATIN 10MG(SIMVAS.) 10x10'S(BERLIN),105
8.85262E+12,BESTATIN 20MG(SIMVAS.)10x10'S(BERLIN),143
8.85262E+12,BESTATIN 40MG.10X10'S(BERLIN),230.75
8.85946E+12,BETA GLU KIZ 3G.x7ซอง/กล่อง,225.5
9.31406E+12,BETADINE 500ML/ขวด,234.5
8.85926E+12,BETADINE COLD NASAL 20ML ADULT,246
8.85926E+12,BETADINE COLD NASAL 20ML KID,237.5
8.85926E+12,BETADINE DRY POWDER SPRAY 55G.,115.75
9.31406E+12,BETADINE GARGLE 30ML(SUGER FREE),143.75
9.31406E+12,BETADINE OINTMENT 50G.,118.75
8.85926E+12,BETADINE PLAST 8'S(หลายขนาด),17.25
8.85926E+12,BETADINE PLASTER การ์ตูน 8'S/ซอง,17.25
9.31406E+12,BETADINE SOLUTION 15ML(ลัง 12โหล),44
9.31406E+12,BETADINE SOLUTION 30ML.ใหญ่.,67
9.31406E+12,BETADINE SURGICAL SCRUB 500 ML.,197
9.31406E+12,BETADINE THROAT SPRAY 12ML,145.5
9.31406E+12,BETADINE THROAT SPRAY 25ML,257.75
8.85147E+12,BETA-DIPO (BETAMET.+NEO.)15G.x12'S,38.25
8.85147E+12,BETA-DIPO (BETAMET.+NEO.)25G.x12'S,57.25
8.85147E+12,BETA-DIPO (BETAMET.+NEO.)5G.x12'S,22
8.85147E+12,BETAGEN CR 15G(BETA+GENTA)12'S/BX,43.25
8.85147E+12,BETAGEN CR 5G(BETA+GENTA)12'S,24.5
8.85335E+12,BETAHIS 12MG(BETAHISTINE)10x10'S,134.75
8.85335E+12,BETAHIS 6MG(BETAHISTINE) 10x10'S,91.5
8.85262E+12,BETALOL 10MG(PROPRANOLOL)100x10'S(แบ่งขาย),5
8.85262E+12,BETALOL 10MG. 10x10'S(PROPRANOLOL),48
8.85262E+12,BETALOL 40MG(PROPRANOLOL)100x10'S(แบ่งขาย),8.25
8.85262E+12,BETALOL 40MG.10x10'S(PROPRANOLOL)BERLIN,78
8.85545E+12,BETAMED 15MLx12'S(สูตรBETADINE)สหแพทย์,155.75
8.85545E+12,BETAMED 30MLx12'S(สูตรBETADINE)สหแพทย์,196
8.85068E+12,BETAMETHASONE CR 15G (GPO),33.5
8.85068E+12,BETAMETHASONE-N 15G (GPO)/หลอด,39.5
8.85254E+12,BETAMETH-N 15G.(OSOTH),24.5
8.85254E+12,BETAMETH-N 5G.(OSOTH),12
8.85882E+12,BETASALIC OINT.15G.(BETA+SALICYLIC),36.75
8.85229E+12,BETHASONE CR 15G.ญ. (GM)/หลอด,30.5
8.85229E+12,BETHASONE CR 5G.ล. (GM)/หลอด,15.75
8.85229E+12,BETHASONE-N CR 15G.ญ. (GM)/หลอด,32.75
8.85229E+12,BETHASONE-N CR. 5G.(GM)/หลอด,17.5
8.85088E+12,BETJI-CORT CREAM 5G.(TRIAM 0.1%)2M,13.25
8.85891E+12,BETMESONE-N CREAM 15G.(BETA+NEOMYCIN),39.25
8.85882E+12,BETMESONE-N CREAM 25G.(BETA+NEO),58.75
8.85891E+12,BETMESONE-N CREAM 5G.(BETA+NEO),19.75
8.85944E+12,BETNESONE N-CREAM 15G.(BETA+NEO)นครพัฒนา,27
8.85101E+12,BETNOVATE 15G(GSK),87.75
8.85101E+12,BETNOVATE SCALP 30CC./ขวด,164
8.85101E+12,BETNOVATE-N CR 15G(GSK),98.75
8.85188E+12,BETOSALIC OINT 15G(DIPROSALIC)(TO),52.5
8.85188E+12,BETOSALIC OINT 5G(DIPROSALIC)(TO),23.5
8.85188E+12,BETOSONE CR 15G(BETAMETHAZONE)(TO),40.5
4.21113E+12,BEURER SCAN THERMOMETER FT90,2117
4.21113E+12,BEURER THERMOMETER DIGITAL รุ่น FT 09/1,127.5
4.21113E+12,BEURER เครื่องชั่ง DIGITAL รุ่น GS203,881.5
4.21113E+12,BEURER เครื่องวัดความดัน+อแดปเอตร์(รุ่นBM40),1460.25
4.21113E+12,BEURER เครื่องวัดออกซิเจนในเลือด ปลายนิ้ว(รุ่นP030),1543.5
8.85024E+12,BEWEL 150(IRBESARTAN) 28'S(SPS),164
8.85024E+12,BEWEL 300(IRBESARTAN) 28'S(SPS),247.5
2061303,BFMC ยาบำรุง 50'S(BRYWOOD),45
8.85314E+12,"B-FORTE B1,B6,B12 3x10'S/BX.(ชุมชน)",99
8.85965E+12,B-GAS 100ML.,24.5
8.85965E+12,B-GAS 240ML,42.5
8.85965E+12,B-GAS 450ML(กล่องฟ้า),86
6.43004E+12,B-GIN 30'S(บำรุงสมองและตับ),241
8.85394E+12,BICAHIS 20MG. 1X10'S(BILASTINE)UNISUN,74
8.85394E+12,BICAHIS 20MG.5x10'S(UNISON)สูตรBILAXTEN,360
6.43004E+12,"BIG J 30 CAPSULE(2,700.-)",1330
8.85897E+12,BIG WHALE แผ่นหอมสมุนไพร 14'S/กล่อง,88.25
8.85897E+12,BIGG WHALE แผ่นหอมวาฬ 6'S/BX.,49.75
8.8094E+12,BIJOU ACNE DEFENSE DETOX SOAP 30G.,41.5
8.85314E+12,BILANOSE 20MG.1x10'S/BX.(สูตรBILAXTEN),72
8.85879E+12,BILAXTEN 1x10'S(BILASTINE 20MG.)MENARINI,135.75
8.85879E+12,BILAXTEN KIDS 1x10'S(BILASTINE10MG.),115.5
8.85347E+12,BILAZ 1x10'S(สูตรBILAXTEN)MACRO,73.5
7.50364E+11,BILOBA GINKGO 32'S (THP),130
8.85977E+12,BINOZYT 250MG.6'S(ZITHROMAX),114.5
8.85961E+12,BIO C 500MG. POWDER 15'S/BX.,155.5
8.85913E+12,BIO DRESSING SET STERILE EO 12'S/BX.,115.5
8.85961E+12,BIO MAG PLUS VITAMINS 30'S,179
8.85913E+12,BIO PLAST COTTON STICK 15CM.100'S(ไซส์ L),170
8.85913E+12,BIO PLAST COTTON STICK 15CM.100'S(ไซส์ M),170
8.85913E+12,BIO PLAST COTTON STICK 15CM.100'S(ไซส์ S),170
,BIO PLAST SPORT TAPE 1/2นิ้วx10หลาx24ม้วน(สีแดง ),370
8.85913E+12,BIO PLAST SPORT TAPE 1นิ้วx10หลาx12ม้วน(สีขาว ),370
,BIO PLAST SPORT TAPE 2นิ้วx10หลาx6ม้วน(สีขาว),370
8.8538E+12,BIO SUPER TREATMENT CREAM 24ซองx30ML.,151.5
2152,BIO TRUE 60ML ขวดเปลือย(*ขายขาด),27.5
3.10119E+11,BIO TRUE 60ML(BAUSCH+LOMB),52
8.85901E+12,BIOBAC 7'BT/BX (PACIFIC HEALTH CARE),309
8.85266E+12,BIOCALM 50MG(TOLPERISONE) 10x10'S,120.75
8.85266E+12,BIOCALM 50MG(TOLPERISONE) 50x10'S,464
8.85266E+12,BIOCOXIB 120MG.5x5'S/BX.(สูตรARCOXIA),379
8.85266E+12,BIOCOXIB 60MG.3x10'S(สูตรARCOXIA),345.5
8.85266E+12,BIOCOXIB 90MG.5x5'S/BX.(สูตรARCOXIA),368
3.58332E+12,BIOFLOR 250MG.10'S/BX.(probiotics)ชนิดซอง,249.75
3.58332E+12,BIOFLOR 250MG.2x5'S(ชนิดแคปซูล),249.75
8.85209E+12,BIOFRESH MOUTH SPRAY 15ML,73.5
8.85209E+12,BIOFRESH MOUTH SPRAY 5ML,43
8.00266E+12,BIOGAIA CHEWABLE 10'S(PROBIOTICS)ABBOTT *P,322
8.00266E+12,BIOGAIA CHEWABLE 30'S(ABBOTT),791
8.00266E+12,BIOGAIA DROPS 5ML(ABBOTT),785
8.00266E+12,BIOGAIA GASTRUS CHEW 10'S/BX.(PRO),0
8.85085E+12,BIOGROW DEYTOX 30'CAP,388
8.85085E+12,BIOGROW FIBER 11G.x10ซอง/BX.(BIOGANIC),269.5
8.85085E+12,BIOGROW FISH OIL 60 CAPSULE,174.5
8.85085E+12,BIOGROW GREENFLOW 10'S/BX.,278.5
8.85085E+12,BIOGROW GREENFLOW 3'S/BX.,0
8.85085E+12,BIOGROW JOIN-UP 30'S,395
8.85085E+12,BIOGROW JOIN-UP 60'S,711.5
8.85085E+12,BIOGROW LACTOMIN 60 แคปซูล/BX.,364
8.85085E+12,BIOGROW LACTOMIN PLUS 30ซอง/BX.,524.5
8.85085E+12,BIOGROW NURISS COLLA 10000MG.10'S/BX.,470.5
8.85085E+12,BIOGROW NURISS GLUTA 1000MG. 30'S,429.25
8.85085E+12,BIOGROW ORANGE FISH OIL 60'S,377.5
8.85085E+12,BIOGROW ORYZANOL 60'S+10'S,443
8.85109E+12,BIOLAC PROBIOTIC 12'S/BX.(INPAC)*ขายขาด,288
8.85109E+12,BIOLAC PROBIOTIC 30'S/BX.(INPAC),660
6.00116E+12,BIO-OIL 125ML,380
6.00116E+12,BIO-OIL 25ML,122.75
6.00116E+12,BIO-OIL 60ML,255
6.00116E+12,BIO-OIL BODY LOTION 175ML,343
6.00116E+12,BIO-OIL DRY SKIN GEL 50ML,146.5
6.00116E+12,BIO-OIL NATURAL (SCON) 25ML*ใหม่,166.75
6.00116E+12,BIO-OIL NATURAL (SCON) 60ML*ใหม่,323
8.85314E+12,BIOPHARM GUMMY CALCIUM 12ซอง/BX.(เล็ก) *P,185
8.85314E+12,BIOPHARM GUMMY CALCIUM 12ซอง/BX.(ใหญ่) *P,35.25
8.85314E+12,BIOPHARM GUMMY FISH OIL 12ซอง/BX.(เล็ก) *P,185
8.85314E+12,BIOPHARM GUMMY FISH OIL 12ซอง/BX.(ใหญ่) *P,35.25
8.85314E+12,BIOPHARM GUMMY MULTI VIT 12ซอง(เล็ก) *P,185
8.85314E+12,BIOPHARM GUMMY MULTI VIT 12ซอง/BX.(ใหญ่) EXP.04/26 *P,35.25
8.85314E+12,BIOPHARM GUMMY VIT C 12ซอง/BX.(เล็ก) *P,185
8.85314E+12,BIOPHARM GUMMY VIT C 12ซอง/BX.(ใหญ่) *P,35.25
8.85872E+12,"BIOTAPLEX-BC (B2,6,12,C)50x10'S/KENYAKU",885.5
8.01963E+12,BIOTHYMUS DONNA LOZIONE 100ML(ผู้หญิง),425.5
8.01963E+12,BIOTHYMUS DONNA SHAMPOO 200ML(ผู้หญิง),332
8.01963E+12,BIOTHYMUS DONNA TRATTAMENT 5'S/BX.(ผู้หญิง),730.25
8.01963E+12,BIOTHYMUS UOMO LOZIONE 100ML(ผู้ชาย),415
8.01963E+12,BIOTHYMUS UOMO SHAMPOO 200ML(ผู้ชาย),329.5
8.01963E+12,BIOTHYMUS UOMO TRATTAMENT 5'S/BX.(ผู้ชาย),730.25
,BIOTRIL-S 1500MG. 30ซอง(BIOPHARM),316.5
8.85266E+12,BIOTRIL-S 1500MG.10'S/BX.,174.5
,BIOTRIL-S 1500MG.30+10'S(WOW SET),400
8.8546E+12,BIO-VITAMIN C 1000MG. 30'S/ขวด(PHARMHOF),182
8.8546E+12,BIO-VITAMIN C 30'S/BX.(PHARMHOF),124
8.85266E+12,BIOZOLE 150(FLUCO.)1x1'S(50'S/BX),22
8.85266E+12,BIOZOLE 200(FLUCO.)5x10'S/BX.,522.5
2190310,BISACODLY 5MG.1000'S(เคมีภัณฑ์),125
8.85651E+12,BISACODYL 1000'S(เหลือง)(TMAN),154.5
219030416,BISACODYL 1000'S(ชมพู)(TMAN),125
8.85394E+12,BISLOC 2.5 10x10'S(BISOPROLOL)UNISUN,230
,BISMUSALATE 524MG. 10'S(แผง),0
8.85699E+12,BISMUSALATE 524MG. 25x10'S/BX.(UMEDA),637
8.85493E+12,BISOLAX 50x10'S (BISACODYL) แสงไทย,20.25
8.85089E+12,BISOLVON 8MG.(BROMHEX)10x10'S/BX.,484
8.85089E+12,BISOLVON PED.60ML(BROMHEX)ลัง30ขวด,46
8.85089E+12,BISOLVON-EX 125ML(BROMHEX)ลัง45ขวด,97.75
8.85089E+12,BISOLVON-EX 60ML(BROMHEXINE)ลัง77ขวด,51
8.85865E+12,BLACK SESAME OIL+RICE BRAN OIL 30'S(สุภาพ),143.5
9.30081E+12,BLACKMORES 9PLUS GOLD 60'S,525.5
93557351,BLACKMORES BILBERRY 2500 60'S,444
93562911,BLACKMORES BIO C ACEROLA PLUS 1500MG.40'S,174
93568265,BLACKMORES BIO C GLUTA IMU+ 30'S,475
9.30081E+12,BLACKMORES BIO EXEC-B 120'S,662.5
93562676,BLACKMORES BIO EXEC-B 30'S,237
93808590,BLACKMORES BIO EXEC-B 60'S,385.5
93572446,BLACKMORES BIO FOLIC 90'S,268.75
93564755,BLACKMORES BIO MAGNESIUM ADVANCE+D3 50'S,301
93565752,BLACKMORES BIO ZINC A CHELATE 90'S/ขวด,358.5
93573801,BLACKMORES BIO ZINC A CHELATE 30'S/ขวด,167.75
93894791,"BLACKMORES BIO-C 1,000MG 31'S*เลิกนำเข้า*",220
93575768,BLACKMORES BIO-C 1000MG. DAILY IMU+ 30'S,230.5
93575782,BLACKMORES BIO-C 1000MG. DAILY IMU+ 60'S,394
93575621,BLACKMORES BIO-C 500MG.DAILY IMU+30'S(CHEW),187.75
9.30081E+12,BLACKMORES BIO-C 500MG.DAILY IMU+60'S(CHEW),338.5
93465793,BLACKMORES BIO-E 500IU 60'S/ขวด,590
9.30081E+12,BLACKMORES BIOTIN H+ 60'S,543.5
93808293,BLACKMORES BUFFERED C 500MG 200'S,776
93894876,BLACKMORES BUFFERED-C 500MG.31'S,147.5
93808286,BLACKMORES BUFFERED-C 500MG.75'S,316.5
93566940,BLACKMORES CALCIUM +D3 60'S,245.5
93808682,BLACKMORES CoQ10 30'S/BT.,633.5
9.30081E+12,BLACKMORES EPO 1000MG 2x60'S(แพ็ค),616.25
9.30081E+12,BLACKMORES EPO 1000MG 60'S/ขวด,414
4.89149E+12,"BLACKMORES FISH OIL 1,000MG.2x80'S(แพ็ค)",720.5
9.30081E+12,"BLACKMORES FISH OIL 1,000MG.80'S/ขวด",404
93562652,BLACKMORES FISH OIL MINI 30'S/ขวด,184
93562645,BLACKMORES FISH OIL MINI 60'S/ขวด,362
8.85937E+12,BLACKMORES FISH OIL MINI 60'Sx2ขวด(แพ็คคู่),558.5
93557177,BLACKMORES GINKGO 30'S,268.75
93576185,BLACKMORES GLUCOSAMINE 1500 JOINTFLEX 30'S,806.5
93563383,BLACKMORES KOALA MULTIVIT+MINERAL 30'S,237.5
,BLACKMORES KOALA-C 30'S,206
9.30081E+12,"BLACKMORES LECITHIN 1,200MG.100'S",344
9.30081E+12,BLACKMORES LIQUID ECHINACEA 50ML,379.5
93114264,BLACKMORES LUTEIN - VIS 60'S/BT.,562
8.85937E+12,BLACKMORES MARINE COLLAGEN 60'Sx2(แพ็คคู่),2310
9.30081E+12,BLACKMORES MARINE COLLAGEN ABSOLUTE 60'S,1430.5
9.30081E+12,BLACKMORES MARINE Q10 COLLAGEN 30'S.,760
9.30081E+12,BLACKMORES MARINE Q10 COLLAGEN 60'S,1428
93453448,BLACKMORES MTV+MINERALS 60'S,258.25
9.30081E+12,BLACKMORES MTV+MINERALS 60'Sx2(แพ็คคู่),404
9.30081E+12,BLACKMORES MULTI-B 120'S,488
93562669,BLACKMORES MULTI-B 30'S,194
93808576,BLACKMORES MULTI-B 60'S./ขวด,332.75
93555692,BLACKMORES MULTIVITAMIN ACTIVE 30'S,256.5
93807746,BLACKMORES NUTRIMULTI 50'S,419.25
93565530,BLACKMORES PROBIOTICS+ DAILY BALANCE 30'S,913
9.30081E+12,BLACKMORES VITAMIN E CREAM LANOLIN 50G.,229
8.853E+12,B-LADY 21'S./แผง,68
5.01178E+12,BLISTEX CLASSIC LIP BLAM 4.25G.,96.75
5.01178E+12,BLISTEX LIP BALM BERRY SPF15 4.25G.,97.75
5.01178E+12,BLISTEX LIP BALM MINT SPF15 4.25G,97.75
9.30081E+12,BLISTEX LIP CARE HERBAL SPF15 4.25G.,97.75
8.85274E+12,BLIZTIN 1x10'S(สูตรBILAXTEN)SIAM,75.75
8.8592E+12,BLOPRESS 16MG.(CANDESARTAN)4x7'S,983.5
8.8592E+12,BLOPRESS 8MG.4x7'S,669.5
8.8592E+12,BLOPRESS PLUS 8MG.4x7'S,669.5
8.85545E+12,B-MOUTH WASH 180ML.(สหแพทย์),22.5
8.85327E+12,BODE B COMPLEX MULTI8 100'S,216.5
8.85327E+12,BODE CALCIUM PRO PLUS D 30'S,190.5
8.85327E+12,BODEVIT MUTI VITAMINERAL 30'S,203.5
8.85024E+12,BONECIT-DE CALCIUM 1500+D 60'S(SPS),160
5.00016E+12,BONJELA GEL 15G*ขึ้น,164
8.85035E+12,BOON DIABETIK บำรุงตับ 30'S(ดอกบัวคู่),154.5
8.85035E+12,BOON ยาสตรี เฟนาย ตราบุญ 30เม็ด,220
8.85876E+12,BOONE COLLAGEN 5000 PLUS 10'S,245
8.85876E+12,BOONE HIMMED ZINC 60'S,174.5
8.85876E+12,BOONE VITAMIN 100ML LYSINE,49.5
8.85876E+12,BOONE VITAMIN 60ML LYSINE,42.75
8.85876E+12,BOONE VITAMIN C 1000MG. 100'S,257
8.85876E+12,BOONE VITAMIN C 1000MG. 60'S,205.5
8.85876E+12,BOONE ฟ้าทะลายโจร 60'S(KRESS),47.5
8.8588E+12,BOSISTO 300ML (EUCALYPTUS OIL),196
8.8588E+12,BOSISTO OIL 28 ML(EUCALYPTUS OIL),81
8.8588E+12,BOSISTO OIL 56 ML(EUCALYPTUS OIL),139.5
8.8588E+12,BOSISTO OIL 8.5 ML(EUCALYPTUS OIL),35.75
8.8588E+12,BOSISTO SPRAY 150ML (EUCALYPTUS),126.75
8.8588E+12,BOSISTO SPRAY 300ML.(แพ็คคู่+75ML.),392
8.8588E+12,BOSISTO'S CITRONELLA SPAY 75ML(ตะไคร้),93
8.8588E+12,BOSISTO'S CITRUS สีส้ม 150ML,149.5
8.8588E+12,BOSISTO'S CITRUS สีส้ม 300ML,222.5
8.8588E+12,BOSISTO'S CITRUS สีส้ม 75ML,93
8.8588E+12,BOSISTO'S MINT สีฟ้า 150ML,156
8.8588E+12,BOSISTO'S MINT สีฟ้า 300ML,231.5
8.8588E+12,BOSISTO'S MINT สีฟ้า 75ML,93
8.85394E+12,BOSNUM 180MG.10'S(fexofenadine),61
8.85394E+12,BOSNUM 60MG.(FEXOFENADINE)10'S/BX,28
8.85112E+12,BOTAN MINT-BALLสีฟ้า 20'S/BX,20
8.85112E+12,BOTAN ตลับขาว 24ตลับ/กล่อง,310
,BOTAN รสชะเอม ชูก้าฟรี 6ซอง/กล่อง,81.5
8.85112E+12,BOTAN_แผ่น 100'S/BX 20BX/ลัง,11.75
8.85501E+12,BOTIDINE 10x10'S(LORATADINE)(PATAR),50
8.85195E+12,BOTOBEL การบูรขวด 30กรัม,11
8.85195E+12,BOTOBEL การบูรหอม เกรดA ห่อ 100 กรัม,32.5
8.85195E+12,BOTOBEL ขมิ้นชันผงบริสุทธิ์ 20กรัม,12.25
8.85195E+12,BOTOBEL ขมิ้นชันผงบริสุทธิ์ 70กรัม,35
8.85195E+12,BOTOBEL ตะไคร้หอมไล่ยุง 100กรัม,35
8.85195E+12,BOTOBEL ผงกำมะถัน 150กรัม(ห่อ),35
8.85195E+12,BOTOBEL ผงกำมะถัน 70กรัม,18
8.85195E+12,BOTOBEL ผงกำมะถัน กระปุก 220กรัม,50
8.85147E+12,BOWA GEL 240ML (TNP),31.75
8.85147E+12,BOWA โบวา 2x10'S(รสมิ้นท์),29.5
8.85651E+12,BOZO SYRUP 60ML(PIZOTIFEN)(สตอเบอรี่มีกล่อง),16.75
8.85651E+12,BOZO SYRUP 60ML(PIZOTIFEN)*ขวดเปลือย,9.5
8.852E+12,BRAND'S เขียว 39ML.x12ขวด /แพ็ค,387.75
8.852E+12,BRAND'S ใบแป๊ะก๊วย 30'S,329
8.852E+12,BRAND'S ธาตุเหล็ก+วิตามิน บี 60'S,323
8.852E+12,BRAND'S ผสมตังกุย เล็ก 42CC.x6ขวด/แพ็ค,216
8.85086E+12,BREAST PUMP NIKONIKO ปั๊มนม มีขวดเก็บนม(แคนตัน),148
8.85907E+12,BREAST PUMP เครื่องปั๊มนมใช้มือ(ชนิดเก็บ)ตั้งเต็มจิตต์,176.5
8.85454E+12,BREAST PUMP ปั๊มนมทิ้ง(แคนตัน),31.5
8.85879E+12,BREEZY MOUTH SPRAY 15ML(PIP),73.5
8.85229E+12,BREWERS YEAST 200'S (GM),107.5
8.85651E+12,BRO-AM LIQUID 60ML(AMBROXOL)TMAN,14.5
8.85291E+12,BROMAVON 500'S(BROM+PHENYL)B.L.HUA,400
8.85254E+12,BROMCOLAX SYRUP 60ML. ( BROMHEXINE),20.5
8.85254E+12,BROMCOLEX 100x10'S(BROMHEX 8MG.)OSOTH,224
8.85236E+12,BROMERGON 2.5MG.(BROMOCRIPTINE),249
8.85274E+12,BROMESEP SYR 60ML(BROM+PHY)องุ่น*รายงาน,50.75
8.85651E+12,BROMHEX 50x10'S(BROMHEXINE),128.75
8.85651E+12,BROMHEX 8MG(BROMHEXINE)1000'S,105
8.85501E+12,BROMHEXINE ELIXER 60ML.(PATAR),14.5
8.85291E+12,BROMMY SYR.60ML(BROMHEXINE)B.L.HUA,18.5
8.71465E+12,BRONAL SYRUP 60 ML.(LEVODROPROPIZINE),84.5
8.85147E+12,BRONCET EXPEC 60ML(TERBU.+GG)TNP,24
8.85188E+12,BRONCHOLINE SYR 60ML(TERBU.) (TO),11
8.85274E+12,BRONCHOSOL 60ML(SALBUTAMOL),49.5
8.85802E+12,BRONCOLIX EXPEC 60ML(TERBU.+GG),15.5
8.85266E+12,BRONGO COUGH SYRUP FOR KIDS 40ML.(FLUIFORT),58.5
8.85872E+12,BRONPECT-D 50x10'S(DEXTRO+GG)*ทำรายงาน,525
8.85885E+12,BROVOL 60ML.(BROMHEX 4.MG.)AU,18
8.85879E+12,BROVOL SYRUP 60ML.(BROMHEXINE)(PIP),22
8.85291E+12,BROWN MIXTURE 60ML(BLHUA),15.25
8.85944E+12,BRUSOFT 400MG.(IBUPROFEN)6x10'S,254
8.9013E+12,BRUSTAN 10x10'S(IBU+PARA)RANBAXY,259
8.9013E+12,BRUSTAN 50x10'S(IBU+PARA)RANBAXY,722
8.85898E+12,BRYGEL 240ML(เขียว) พลาสติกมีกล่อง,62
8.85898E+12,BRYGEL NS ขวดเปลือย 240ซีซี(ฉลากเขียว),56.25
8.85898E+12,BRYGEL S ขวดเปลือย 240ซีซี(ฉลากชมพู),62
207191,BRYGEL S ขวดเปลือย 240ซีซี(ฉลากฟ้า),56.5
2232210,BRYWOOD VAPERUB 10G.,27
2232225,BRYWOOD VAPERUB 25G,52.5
22161838,BRYWOOD VAPERUB 38G.,77.25
22161850,BRYWOOD VAPERUB 50G.,103
223225,BRYWOOD VAPERUB 5G.,14.25
8.85892E+12,BUBBLE-X 25x10'S(SIMETICONE 80MG.)เลมอน,190.75
8.85892E+12,BUBBLE-X 25x10'S(SIMETICONE 80MG.)มิ้นท์,194.5
8.85892E+12,BUBBLE-X 25x10'S(SIMETICONE 80MG.)รสส้ม,190.75
8.85147E+12,BUFENAC 25.(DICLOFENAC)100x10'S,209
8.85147E+12,BUFENAC FORT 500'S/กระปุก(DICLOFENAC),179.5
8.85147E+12,BUFENAC FORTE 50.(DICLOFENAC)50x10'S,209
8.85147E+12,BUFLEX 400.(IBUPROFEN) 500'Sชมพู,357.75
8.85147E+12,BUFLEX 400.(IBUPROFEN) 50x10'Sชมพู,390
8.85147E+12,BUFLEX 600.(IBUPROFEN) 25x10'S/BX.,298
8.85147E+12,BUFLEX 600MG. 1x10'S(BURAPHA),18
8.85147E+12,BUFLEX 600MG. 500'S/BT.,460
8.85147E+12,BUFLEX SUS.60ML.(IBU)(BURAPHA),18.75
8.85147E+12,BUFORMIN 500MG 50x10'S(METFORMIN),294.5
8.85952E+12,BUG GUARD สติ๊กเกอร์ไล่ยุง 12'S/BX.,64
8.85147E+12,BUPROXEN 500'S(NAPROXEN 250MG.)BP,879.5
8.85147E+12,BUPROXEN 50x10'S/BX.(NAPROXEN 250)BP,939.25
8.85147E+12,BURINOL 100MG.25x10'S(ALLOPURINOL),235.5
8.85147E+12,BURINOL 300MG.25x10'S(ALLOPURINOL),554
8.85899E+12,BURNOVA GEL 100G.,115.5
8.85266E+12,BURNOVA GEL PLUS 25G.(เขียว),39
8.85266E+12,BURNOVA GEL PLUS 70G.(เขียว),77
8.85266E+12,BURNOVA GEL PLUS DRAGON'S BLOOD 20G.,67
8.85266E+12,BURNOVA GEL PLUS PLANKTON 25G.(ฟ้า),45.75
8.85266E+12,BURNOVA GEL PLUS PLANKTON 70G.(ฟ้า),95.5
8.85266E+12,BURNOVA GEL PLUS SNOW ALGAE 25G.(แดง),47.5
8.85266E+12,BURNOVA GEL PLUS SNOW ALGAE 70G.(แดง),93
8.85089E+12,BUSCOPAN 10MG(HYOSCINE) 10x10'S,342
8.85898E+12,BUSO NINE 32 NASOL SPRAY 120DOSE(RHINOCORT),62
8.85898E+12,BUSO NINE 64 NASOL SPRAY 120DOSE(RHINOCORT),95.5
2190606,BUSOFEN-F 1000'S(IBU400)(สีม่วง),764.5
8.85545E+12,BUSONASE 64MCG/DOSE(สูตรRHINOCORT),124.75
8.85229E+12,BUTO-ASMA INHALER 200D.(VENTOLIN),113.5
8.85147E+12,BUZETIN 8 MG.1000'S(BROMHEX)BURAPA,142.25
407202001,BUZZLE DIGITTAL THERMOMETER รุ่น2001,125
23210,B-W JELLY 10G.,28.5
2231020,B-W JELLY 20G.,33.75
8.85898E+12,B-W JELLY 42G.,46
4.98719E+12,BYE BYE-FEVER SUPER COOLผู้ใหญ่3ซอง/BX.,70.5
4.98719E+12,BYE BYE-FEVER เด็ก 3'S/BX,70.5
4.98719E+12,BYE BYE-FEVER เด็กทารก 4 ชิ้น/BX,61
4.98719E+12,BYE BYE-FEVER ผู้ใหญ่ 3'S/BX,70.5
8.85501E+12,C 1000 BUFFET 60'S(PATAR),200
8.85889E+12,C- GEN CLEANSING ANTI BACTERIA 100ML,112.25
8.85889E+12,C- GEN CLEANSING CLEARLY 100ML,112.25
8.85889E+12,C- GEN CLEANSING CONFIDENT 100ML,112.25
,C&F SCALE ปรอทวัดไข้แท่งแก้ว (MEDIUM)12'S/กล่อง,27.5
8.85879E+12,C.P.M. 4MG.100x10'S (CMED),120.25
8.85254E+12,C-20 MILD 180ML.(0.12%CLORHEXIDINE),54.75
8.85254E+12,C-20 MOUTH WASH 180ML(สีแดง) ใหม่,39.5
8.85254E+12,C-20 MOUTH WASH 180ML(สีฟ้า) ใหม่,42.5
8.85254E+12,C-20 MOUTH WASH 360ML(สีแดง),55.5
8.85254E+12,C-20 MOUTH WASH 45ML สีฟ้า,27
8.85281E+12,CABANA LOTION 60ML(คาลาไม),18.5
8.85236E+12,CA-C1000 SANDOZ 10'S(ส้ม),69.25
8.85147E+12,CADEXCIN-N 4ML (EYE-EAR DROP)12'S/BX,20
8.85387E+12,CADRAMINE-V LOTION 120ML.ญ.(ลัง10โหล),27.5
8.85387E+12,CADRAMINE-V LOTION 60ML.ล.(ลัง15โหล),18.5
8.85879E+12,CAFERGOT 10x10'S,556
8.85879E+12,CAFERGOT 1x10'S*ใหม่,57.5
8.85713E+12,CAL PLUS COMPLEX VITS 60'S,217.5
8.85713E+12,CAL PLUS VEGETABLE CALCIUM+D3 60'S,217.5
8.85713E+12,"CAL PLUS WITH VITAMIN C,D3 60'S",217.5
8.85713E+12,CAL PLUS YOGURT WITH VITAMIN D3 60'S,217.5
8.85973E+12,"CAL STEP CALCIUM L-THREONATE+K2,D3 30'S",520.5
8.85304E+12,CALADIPHEN LOTION 100ML.(ตราเสือดาว),31.5
8.85343E+12,CALAHYST FRX 60ML(CALAMINE)FRX.,20.5
8.85112E+12,CALAMINE 120ML (ศิริบัญชา),21.5
8.85112E+12,CALAMINE 60ML (ศิริบัญชา),15
8.85699E+12,CALAMINE CREAM 30G.(UMEDA),99999
8.85254E+12,CALAMINE LOTION 55ML.(EDWARDS),30.75
8.85008E+12,CALAMINE VS 60ML(วิทยาศรม),10.5
3121304,CALAMINE-D 60ML(UMEDA),21.5
8.85304E+12,CALAMINE-LP.120CC.(เสือดาว),21.75
8.85304E+12,CALAMINE-LP.60CC.(เสือดาว) ลัง 144 ขวด,16.5
8.85869E+12,CAL-B-KMP CHEABLE TABLETS 45'S (KMP),171.5
8.85869E+12,CAL-B-KMP ชนิดเคี๊ยว 5'Sx20ซอง/กล่อง (KMP),408
8.85894E+12,CALCETATE-M 1x10'S,23.5
8.85261E+12,CALCI-D CHOCO 10'S/BX.,55
8.85261E+12,CALCI-D ORANGE 10'S/BX.,55
8.85209E+12,"CALCIFEROL CAPS VITAMIN D2/20,000 IU 10x10'S",332.75
8.90409E+12,CALCIPOTRIOL DIPSOTREX OINT.30G.(สะเก็ดเงิน),316
4.0342E+12,CALCIUM PLUS VITAMIN D 1500MG.30'S(THP),149.25
,CALCIUM-SDZ FORTE 20'S (NOVATIS),234.25
8.85406E+12,CAL-GLUNATE 500MG.10AMP.x10ML,6.5
8.85274E+12,CAL-OS 30'S แคลเซียมเคี้ยว(SIAM),75
8.85274E+12,CAL-OS CHEW 14'S(SIAM)รสส้ม,39.75
8.85274E+12,CAL-OS PLUS D 10x10'S(SAIM),336
8.85236E+12,CALSOURCE 500MG.20เม็ดฟู่(CALCIUM)GSK,257.75
8.85546E+12,CALTAB CALCIUM 1000MG 10x10'S/BX.,86.5
8.85546E+12,CALTAB+D MILLIMED 30'S,49
8.85546E+12,CALTAB+D MILLIMED 30'S(ไม่มีกล่อง),45
8.85101E+12,CALTRATE 600MG 60'S สีฟ้า,239
8.85101E+12,CALTRATE PLUS 120'S สีม่วง,542
8.85101E+12,CALTRATE PLUS 30'S สีม่วง,176
8.85101E+12,CALTRATE PLUS 60'S สีม่วง,308.5
8.85101E+12,CALTRATE SILVER 50+ 120'S สีชมพู,586
8.85101E+12,CALTRATE SILVER 50+ 30'S สีชมพู,194.75
8.85101E+12,CALTRATE SILVER 50+60'S (ใหม่),343
8.85712E+12,CAL-UP CHOCO 50x15'S,160
8.85712E+12,CAL-UPS CHOCCO 150'S (TMAN),61.75
8.85651E+12,CAL-UPS D 30'S/BX.(กล่องสีน้ำตาล),73.25
8.85712E+12,CAL-UPS JOIN 60'S (TMAN)แพ็ค3ขวด,145.5
8.85651E+12,CAL-UPS นมอัดเม็ดรสหวาน(กล่อง30ซอง)TMAN,245
8.85651E+12,CAL-UPS-D 60'S (TMAN),121
8.85651E+12,CAL-UPS-D-SOY 30'S(T.MAN),81.75
8.85651E+12,CAL-UPS-D-SOY 60'S /แพ็ค3ขวด(TMAN),134.5
8.85266E+12,CALVIN 600+D 60'S(BIOPHRAM),168
8.85266E+12,CALVIN GOLD CALCIUM 60'S,455
8.85512E+12,CALVIN MOVE 3x10'S(COLLAGEN TYPE ll),563.5
8.85266E+12,CALVIN PLUS CALCIUM 60'S,170
8.85266E+12,CALVIN PLUS CALCIUM 60'Sx3ขวด(แพ็ค),436.5
8.85899E+12,CALZA CALCIUM 1500MG. 3x10'S(สีฟ้า),342
8.85899E+12,CALZA PLUS CALCIUM L-THREO. 750 60'S ม่วง,456
8.85899E+12,CALZA-750MG. TAB FC 60'S สีฟ้า,352.5
8.85899E+12,CALZA-C 1500MG.3x10'S/BX. ส้ม,399
8.85899E+12,CALZA-C CALCIUM L-THREO 750MG+C 6x10'S,399
8.85899E+12,CALZA-C CALCIUM L-THREONAT+C 5'S/BX.,70.5
8.85281E+12,CAMBIC 15MG.(MELOXICAM)10x10'S(L.B.S),321
8.85281E+12,CAMBIC 7.5MG.(MELOXICAM)10x10'S(L.B.S),179
3130714,CAMEGA MIGRAINE 1x10'S/BX.*ขายขาด,20.75
8.85147E+12,CAMELLA 28'S(สูตร Gynera)แพ็คละ12แผง,70.5
8.85347E+12,CAMOXTIN 457MG./5ML 70ML.(AUGMENTIN)MACRO,126.5
8.85347E+12,CAMOXTIN ES 642MG./5ML 70ML.(AUGMENTIN ES),325.5
8.85147E+12,CANASONE C.B.12x15G(CLOTRI+BETA),44.5
8.85147E+12,CANASONE C.B.12x25G(CLOTRI+BETA),67.5
8.85147E+12,CANASONE C.B.12x5G(CLOTRI+BETA),21.25
8.85147E+12,CANASONE VAGINAL 0.5G.1'S(12'S/แพ็ค)TNP.,61.25
8.85188E+12,CANAZOL VAGINAL 500MG. 1'S(TO),26.75
8.85188E+12,CANAZOL-BE CR15G(CLOTRI+BETA)(TO.),39.25
8.85188E+12,CANAZOL-BE CR5G(CLOTRI+BETA)(TO),19.25
8.85188E+12,CANAZOL-BE CREAM 450G.,343
8.85147E+12,CANDEX CREAM 15G.(CLOTRIMAZOLE),27.75
8.85147E+12,CANDEX CREAM 5G.(CLOTRIMAZOLE),14.5
8.85147E+12,CANDEX-PLUS 15G.(CLOTRI+BETA),30.5
8.85147E+12,CANDEX-PLUS 5G.(CLOTRI+BETA),16.5
8.90409E+12,CANDID - V3 CLOTRI 200MG.3'S(มีอุปกรณ์),23.75
8.90409E+12,CANDID EAR DROP 15CC(CLOTRI.),66.75
8.85877E+12,CANDINOX 100MG(CLOTRI) 6'S(แพ็ค10),16.5
8.85877E+12,CANDINOX 500MG(CLOTRI) 1'S,16
8.85877E+12,CANDINOX 500MG(CLOTRI) 1'S(มีอุปกรณ์),22.75
8.85865E+12,CANDINOX CR. 10G.(CLOTRI),27.75
8.85877E+12,CANDINOX TROCHE 30x10'S(ชนิดอม)ส.เจริญ,259.25
8.85802E+12,CANDIX SOL 15ML(CLOTRIMAZOLE),20.5
4.0576E+12,CANESBALANCE VAGINAL GEL 5MLx7'S/BX.,279.75
8.85017E+12,CANESTEN CR 10G(CLOTRI) (BAYER),83.75
8.85017E+12,CANESTEN CR 20G(CLOTRI)(BAYER),140.75
8.85017E+12,CANESTEN O.D. 10G.(BIFONAZOLE),138
4.0576E+12,CANESTEN O.D. 5G.(BIFONAZOLE),82.75
8.85017E+12,CANESTEN VT 100MG(CLOTRI) 6'S,156.75
8.85017E+12,CANESTEN VT 500MG(CLOTRI) 1'S,167.5
1.00709E+14,CANNULA ADULT ยาว 2.1 เมตร(สายออกซิเจน),18.75
8.85882E+12,CANZOL 30ML(CLOTRIMAZOLE)(LSP),44.5
8.85105E+12,CAPIROX HERBAL CREAM 75ML,99999
8.85105E+12,CAPIROX-10 (PIROXICAM)1x10'S,15.75
8.85105E+12,CAPIROX-20 (PIROXICAM) 10'S/แผง,18.75
8.85961E+12,CAPPLAICIN GEL 30G.(CAPSAICIN 0.025%),73.5
8.85889E+12,CAPPRA 4'S/BX.(NATT),806
8.85712E+12,CAPSICUM GEL 30G(TMAN) EXP.05/26,34
8.85335E+12,CAPSIKA 35G.(CAPSICUM TINCTURE)BKD,61.5
8.85335E+12,CAPSIKA GEL 100G.(CAPSICUM TINCTURE)BKD,147
8.85335E+12,CAPSIKA GEL 15G.(CAPSICUM TINCTURE)BKD,32
8.85335E+12,CAPSIKA-25 15G.(CAPSICUM TINCTURE),37
8.85335E+12,CAPSIKA-25 35G.(CAPSICUM TINCTURE),73.5
8.85335E+12,CAPSIKA-25 60G.(CAPSICUM TINCTURE),107.5
,CAPSIKA-25 LOTION 100ML.(SPRAY),193
8.85899E+12,CAPSIKA-25 LOTION 80ML.BKD(สปันจ์),188.25
8.85899E+12,CAPSIKA-75 LOTION 80ML(สปันจ์),376.5
8.85174E+12,CAPSULE No.0 1000'S,96
8.85174E+12,CAPSULE No.1 1000'S,92
8.85545E+12,CARA 1'S(CLOTRIMAZOLE)เหน็บ,22.5
8.85262E+12,CARATEN 12.5 (CARVEDILOL) 10X10'S,671
8.85262E+12,CARATEN 25MG(CARVEDILOL) 10X10'S,862
8.85262E+12,CARATEN 6.25(CARVEDILOL) 10X10'S,574
8.85394E+12,CARBOCAL-D 1000MG(CALCIUM) 50x10'S,695
8.85229E+12,CA-R-BON CHARCOAL 10x10'S,143
8.85229E+12,CA-R-BON CHARCOAL 20x20'S(แพ็คใหม่),534.5
8.85898E+12,CARBOPECT SYRUP 60ML(CARBOCYS)PML.,15.75
8.85876E+12,CARBOSOL 375 MG. 500'S(7ดาว),490.25
8.85876E+12,CARBOSOL(CARBOCYSTEINE 375)50x10'S(7ดาว),599.5
8.85876E+12,CARBOSTAR SYRUP 60ML.(CARBOCIS)7ดาว,22.5
8.85699E+12,CARBOTIN 1x20x10'S(CARBO)UMEDA,424.5
8.85188E+12,CARDELOC 100.(METOPROLOL)50x10'S(TO),360
8.85188E+12,CARDENOL 10MG.100x10'S(PROPRANOLOL)TO,187.5
8.85262E+12,CARDIPLOT 10MG.10x10'S(สูตรMADIPLOT)BERLIN,289
8.85262E+12,CARDIPLOT 20MG.10x10'S(สูตรMADIPLOT)BERLIN,384.5
9.30063E+12,CARDIPRIN 100MG 3x30'S/BX.,213.75
8.85024E+12,CARDOXA 2MG.10x10'S(SPS)สูตรCARDURA,92
8.85024E+12,CARDOXA 4MG.10x10'S(SPS)สูตรCARDURA,142
1.21E+12,CARDURA 2MG10x10'S(PFIZER),1320
8.85266E+12,CARDURA 4MG10x10'S(PFIZER),1850
1.21E+12,CARDURA XL 4MG. 3x10'S,675
8.85314E+12,CARINOSE 10x10'S(LORATADINE)ชุมชน,89
8.8518E+12,CARYOPIN คาร์โยพิน ลด กรด 50เม็ด,80
8.8518E+12,CARYOPIN-F คาร์โยพิน ลด กรด 25x10เม็ด/BX.,394
8.85236E+12,CATAFLAM 25MG(DICLOFENAC) 2x10'S,97
8.85298E+11,CATANAC (DICLOFENAC 50MG)1000'S/ขวด,800
8.85298E+12,CATANAC 50MG.25x10(DICLOFENAC P.),282
8.85192E+12,CATHERINE-เก็กฮวย (ญ) 32ซอง,84
8.85192E+12,CATHERINE-เก็กฮวย-ก.16ซอง,52.75
8.85192E+12,CATHERINE-เก็กฮวย-ล.8ซอง,28.5
8.85274E+12,CAVUMOX 1G(AMOXI+CLAVU) 5x3'S,252
8.85274E+12,CAVUMOX 625MG(AMOXI+CLAVU) 5x3'S,221.5
8.85274E+12,CAVUMOX SYR 228MG 70ML(SIAM),133
8.85274E+12,CAVUMOX SYR.156MG.60CC.,84.5
8.85865E+12,CC2 COLLAGEN TYPE2 30'S,290
8.85879E+12,C-CLOX 500MG 50x10'S(DICLOXA)CMED,895
8.85493E+12,CD-OPH 5 ML.(DEXA+CHLORAM+TETRA),53.5
8.85017E+12,CDR 15'S.ส้ม,115.75
8.85017E+12,CDR FORTOS 10'S,122
8.85314E+12,CEBRIUM 5MG.50x10'S(FLUNARIZINE)ชุมชน,285
8.85147E+12,CEDELATE (FLUNARIZINE 5MG.) 25x10'S,264.25
8.85147E+12,CEDELATE (FLUNARIZINE 5MG.) 50x10'S,517.5
8.85651E+12,CEE-1000 100'S(TMAN),188
8.85651E+12,CEE-1000 30'S/BX.(T.MAN),88
8.85905E+12,CEFAXIN 500MG. 500'S(CEFALEXIN)HK.,1050
8.85876E+12,CEFCLORSTAR 250MG. (CEFACLOR)(7ดาว),108
8.85298E+12,CEFEN 600MG.50x10'S(IBUPROFEN)CPL,386.5
,CEFSPAN 100MG.10x10'S/BX.(CEFIXIME)แบ่งขาย,227.5
8.85064E+12,CEFSPAN 30ML (100MG/5ML.),206
8.85899E+12,CEFUROXIME(BLC)250MG.10x10'S(CEFUROXIME),734
8.85899E+12,CEFUROXIME(BLC)500MG.10x10'S(CEFUROXIME),1223.5
8.85343E+12,CELCOX 200MG.1x10'S(สูตรCELEBREX),51.5
1.21E+12,CELEBREX 200MG 10x10'S,2268
8.4015E+11,CELEBREX 400MG. 1x5'S/BX.,185.5
1.21E+12,CELEBREX 400MG.1x10'S (ใหม่),410
8.85188E+12,CELECOXIB (T.O.) 200MG.10x10'S/BX.(CELEBREX),343
8.85188E+12,CELECOXIB (T.O.) 200MG.1x10'S(สูตรCELEBREX),44.5
8.85905E+12,CELIMOX 25x10'S/BX.(AMOXY 500MG.)(ชมพู)HK.,265
4.897E+12,CELLUFRESH-0.5% 0.4MLx30'S/BX.,259
8.85343E+12,CELOGIS 200MG.1x10'S(สูตรCELEBREX),99999
8.85946E+12,CELVITA COLLAGEN 15G.x7'S/BX.,494.5
8.85394E+12,CELXIB 200 10x10'S/BX.(สูตรCELEBREX),495
8.85394E+12,CELXIB 200 1x10'S/BX.(สูตรCELEBREX),47.5
8.85394E+12,CELXIB 400MG. 1x10'S/BX.(สูตรCELEBREX),89.5
8.85298E+12,CEMOL (PARA 500MG)50x10'S/BX.(ขาวรี),134
8.85298E+12,CEMOL 500MG(PARA.) 1000'S สีขาว,165
8.85298E+12,CEMOL 500MG(PARA.) 50'S สีขาว 100ขวด/ลัง,13
8.85298E+12,CEMOL 500MG(PARA.)100'Sสีขาว 100ขวด/ลัง,19.75
8.85298E+12,CEMOL 500MG(เหลืองยาว)100'SCPL,31.25
8.85298E+12,CEMOL 500MG.100'S(ชมพูยาว)CPL,21
8.85298E+12,CEMOL 500MG.ฟ้า-ขาว 1000'S(CPL),166
8.85298E+12,CEMOL 500MG.ฟ้า-ขาว 100'S(CPL),26.75
8.85298E+12,CEMOL CENTRAL 50x10'S(PARA 500MG)ขาวกลม,123.75
8.85298E+12,CENBUFEN 400MG.30'S/ขวด(IBUPROFEN),0
8.85298E+12,CENCOPAN S 50x10'S/BX.(สูตรBUSCOPAN)CPL,430
7.50364E+11,CENTRACAP + PLUS SOFT 30'S(THP),223
7.50364E+11,CENTRACAP ZABBIE 30'S(THP),130
7.50364E+11,CENTRACAP วิตามินรวม 30'S(THP),176.5
8.85101E+12,CENTRUM 100'S สีขาว,668
8.85101E+12,CENTRUM 30'S สีขาว,225
8.85101E+12,CENTRUM SILVER 50+ 30'S,279
8.85101E+12,CENTRUM SILVER 50+ 90'S,758
8.85101E+12,CENTRUM STRESSTAB IRON 30'S(แดง),218.5
8.85101E+12,CENTRUM STRESSTAB ZINC 30'S,218.5
8.85089E+12,CEPACOL 24x8'S/BX.ORIGINAL,21
,CEPACOL 50x8'S.,19.25
8.85089E+12,CEPACOL RX น้ำผึ้งมะนาว 8'S(ไม่มีกล่อง),19.75
8.85089E+12,CEPACOL RX รสส้ม+VIT-C 24x8'S/BX.,19
8.85872E+12,CEPHADOL 20x10'S(DIPHENIDOL 25MG.)KENYAKU,387.5
,CEPHALEX-500 FC 100'Sกระปุก(CEPHA.)BKD.ฟ้า,250
8.85335E+12,CEPHALEX-500MG.100CAP/กระปุก(CEPHA.)BKD.เขียว,250
8.85335E+12,CEPHALEX-500MG.10x10'S(CEPHA.)BKD.,290.25
8.85876E+12,CEPHALEXIN-500MG. 50x10'S/BX.(7ดาว),1453
8.85879E+12,CERA ALCOHOL HAND GEL 50ML,74.5
8.85879E+12,CERA ORS รสส้ม 4.2G.x100ซอง/BX.(CMED),150
8.85879E+12,CERA PLUS 20G.x10'S(กลิ่นเมลอน) NO SUGAR,146.5
8.85879E+12,CERA PLUS 20G.x10'S(กลิ่นเสาวรส) NO SUGAR,146.5
8.85879E+12,CERA PLUS 20G.x10'S(ทับทิม),71
8.85879E+12,CERA PLUS 20G.x10'S(มิกซ์เบอรี่),71
8.85879E+12,CERA มิกซ์ฟรุ๊ต 25G.x10ซอง/BX.(CMED),71
8.85964E+12,CERA มิกซ์ฟรุ๊ต 25G.x50ซอง/BX.(CMED),140
8.85964E+12,CERA รสส้ม 25G.x50ซอง/BX.(CMED),140
3.33788E+12,CERAVE BLEMISH CONTROL CLEANSER 236 ML.,362.75
3.33788E+12,CERAVE BLEMISH CONTROL GEL 40ML.,420.75
3.33788E+12,CERAVE CREAM-TO-FOAM CLEANSER 100ML,210
3.33788E+12,CERAVE CREAM-TO-FOAM CLEANSER 236ML,381.75
3.33788E+12,CERAVE FACIAL MOIS. LOTION 52ML.(AM SPF30),409.5
3.33788E+12,CERAVE FACIAL MOIS. LOTION 52ML.(AM SPF50),448
3.33788E+12,CERAVE FACIAL MOISTURISING LOTION 52ML.(PM),448
3.33788E+12,CERAVE FOAMING CLEANSER 236ML.,345
3.33788E+12,CERAVE FOAMING CLEANSER 473ML,499.75
3.33788E+12,CERAVE FOAMING CLEANSER 88ML.,186.5
3.33788E+12,CERAVE HYDRATING CLEANSER 236ML,308.5
3.33788E+12,CERAVE HYDRATING CLEANSER 473ML,419.75
3.33788E+12,CERAVE HYDRATING CLEANSER 88ML.,143
3.606E+12,CERAVE HYDRATING HYALURONIC ACID SERUM 30ML.,495.5
3.33788E+12,CERAVE MICELLAR CLEANSING WATER 295ML.,408
3.33788E+12,CERAVE MOIST LOTION 236ML.,356.5
3.33788E+12,CERAVE MOISTURISING CREAM 454G.(กระปุก),572.5
3.33788E+12,CERAVE MOISTURISING CREAM 50ML.,143.75
3.33788E+12,CERAVE MOISTURISING LOTION 473ML,465
3.33788E+12,CERAVE MOISTURISING LOTION 88ML,188.75
3.33788E+12,CERAVE RETINOL SERUM 30ML.,513.75
3.33788E+12,CERAVE SA SMOOTHING CLEANSER 236ML,362.75
3.33788E+12,CERAVE SA SMOOTHING CLEANSER 473 ML.,526.75
3.606E+12,CERAVE SKIN RENEWING VITAMIN C SERUM 30ML.,642.5
8.40165E+11,CERAZETTE 28'S(DESOGESTREL),173
8.85071E+12,CERTAINTY แผ่นรองซับ 10'Sไซส์ L-XL(54x80ซม.),79.5
8.9013E+12,CERUVIN 75MG. 3x10'S(CLOPIDOGREL),254
8.85298E+12,CESOLINE W 50x10'S(HYDRALAZINE 25MG.)CPL,638
8.85317E+12,CETAB SYR.60ML(สูตรZYRTEC ),20.5
3.49932E+12,CETAPHIL BRIGHTENING DAY CR. SPF15 50G,765.5
3.49932E+12,CETAPHIL BRIGHTENING NIGHT CREAM 50G,765.5
3.49932E+12,CETAPHIL BRIGHTNESS CLEANSER 100G.,300.5
3.49932E+12,CETAPHIL BRIGHTNESS TONER 150ML,300.5
3.49932E+12,CETAPHIL CLEANSER 118ML(4FL OZ.),162.75
3.49932E+12,CETAPHIL CLEANSER 250ML.กลาง,280
3.49932E+12,CETAPHIL CLEANSER 500ML/ขวดเดี่ยว,425.5
9.31864E+12,CETAPHIL DAILY EXFOLIATING CLEANSER 178ML,293.75
3.49932E+12,CETAPHIL MOISTURZING CR. 453G.,635
3.49932E+12,CETAPHIL MOISTURZING CREAM 50G.,438.25
9.31864E+12,CETAPHIL OILY CLEANSER 236ML.(ผิวมัน),312
3.49932E+12,CETAPHIL PRO AD DERMA SKIN 295ML,485
3.49932E+12,CETAPHIL PRO AD MOISTURIZER 295ML,793
4.80602E+12,CETAPHIL SKIN CLEANSING CLOTHS 25'S/ห่อ,185.25
3.49932E+12,CETAPHIL SUNSCREEN SPF50+UVA28 50ML,710
8.85394E+12,CETIZAL 10x10'S(LEVOCET) สูตร XYZAL,518
8.85394E+12,CETIZAL 1x10'S(LEVOCETIRIZNE) สูตร XYZAL,49.75
8.85879E+12,CETO 50x10'S(IBU200+PARA325)IMPAC,485
8.85188E+12,CETRIZIN 50x10'S(สูตรZYRTEC )TO.,254
8.85188E+12,CETRIZIN SYRUP 60ML(สูตรZYRTEC )TO.,11
8.85545E+12,CETTEC 10'Sx10/BX.(สูตรZYRTEC)สหแพทย์,52
8.85545E+12,CETTEC SYRUP 100ML (สูตรZYRTEC ),22.75
8.85898E+12,CEZA SYRUP 60ML(สูตรZYRTEC),35
8.85876E+12,C-FORCE 1000MG 6'Sx10/BX.(7ดาว),212
8.85876E+12,C-FORCE 100'S 1000MG.(แพ็คละ4ขวด)(7ดาว),278
8.85876E+12,C-FORCE 30'S 1000MG.(7ดาว),125.75
3.77E+12,CG 210 MEN HAIR ESSENCE 80ML,979.25
3.77E+12,CG 210 WOMEN HAIR ESSENCE 80ML,979.25
8.00266E+12,CG4S SHAMPOO ANTI HAIR LOSS 235ML(ABBOT),320
8.85894E+12,CHALKCAP-1000MG 10x10'S(จรูญ),174
303101,CHALKCAP-1000MG 1x10'S(จรูญ),16.25
8.85894E+12,CHALKCAP-1000MG 50x10'S(จรูญ),99999
8.85976E+12,CHAMO-LICO PROPOLIS PLUS 20ML.,68.5
8.85976E+12,CHARITES 60ML (CAPSICUM),77.75
8.85886E+12,CHEEWA BACOPA 10'S(พรมมิ),46.5
8.85564E+12,CHELAVITE PLUS 10'S/BX.,99999
,CHELAVITE PLUS 60'S/BX.,452
6.9387E+12,CHEMTRUE TEST COVID-19 1'S(NASAL SWAB),99999
8.85928E+12,CHEWABLE FISH OIL 10'S,99999
30314252012,CHINCLONAC-25MG(DICLOFENAC)1000'S,99999
8.85147E+12,CHLOPHE 50X10'S(CPM.)TNP,113
8.85493E+12,CHLOR OPH EYE DROP 5ML.(CHLORAM.),25.5
8.85493E+12,CHLOR OPH.EYE OINT.5GM.(CHLORAM.),29.75
8.85147E+12,CHLORAHIST SYR 60ML (CPM)*ทำรายงาน,12.5
8.85291E+12,CHLORPHENIRAMINE 2MG.10แผงx10'S/กล่อง(BLHUA),46
8.85885E+12,CHLORPHENIRAMINE 4MG.25x10'S(ไข่ปลา)AU,75
8.85353E+12,CHLORPHENIRAMINE MALEATE INJ. 50x1ML./BX.(T.P),154.5
8.85343E+12,CHLOR-PYRAD OINT 15G(CHLORAM.),14.5
8.85387E+12,CHLORPYRIMINE (CPM 10MG) 50x1ML/BX.(ATC),295
8.85546E+12,CHLOVAS-20MG.3x10'S(สูตรLIPITOR)MILLIMED,239
8.85546E+12,CHLOVAS-40MG.3x10'S(สูตรLIPITOR)MILLIMED,250
8.85945E+12,CHLOVAS-ZIS 10MG. 3x10'S(สูตรLIPITOR),186.5
8.85945E+12,CHLOVAS-ZIS 20MG. 3x10'S(สูตรLIPITOR),279.75
8.85546E+12,CHLOVAS-ZIS 40 3x10'S(สูตรLIPITOR),246.5
8.85343E+12,CHOFIBRIN กระเทียมสกัดแคปซูล 60'S(ไฟโตแคร์),148.5
8.85894E+12,CHRONOL 500MG.25x4'S(DISUFIRAM)เหล้า,218.5
8.85347E+12,CICOUGH SYRUP 60ML.(สูตร FLEMEX KIDS)MACROPHA,30.5
8.85274E+12,CIFLOXIN 500MG 1x10'S(CIPRO.)แพ็ค10BX,73
8.85869E+12,CIFRAN 500MG.10x10'S(CIPROFLOX)SUN,375
8.85343E+12,CINNAMON อบเชยแคปซูล 60'S0(ไฟโตแคร์),97.5
8.85501E+12,CINTAR TAB 10x10'S(สูตรZYRTEC )PATAR,37.25
8.85188E+12,CIPROCEP 500MG(CIPROFLOXACIN) 10x10'S,155
8.85651E+12,CIPROXIN 500MG.10x10'S(CIPROFLOX)TMAN,225
8.85254E+12,CIPROXIN 50x10'S(CIPROFLOXACIN 500MG.),695
8.85335E+12,CIPROXYL 500MG.10x10'S(CIPRO.),188.5
5.06029E+12,CIRCADIN 2MG. 1x15'S/BX.(melatonin),419
8.85597E+12,CIRCURE CAPSULE 1x10 CAP,135.25
8.85511E+12,CIRCURE CAPSULE 3x10 CAP,135.25
8.85147E+12,CISTEINE 100MG.60ML(สูตรFLEMEX)ฟ้า,33.25
8.85147E+12,CISTEINE 250MG.60ML(สูตรFLEMEX)แดง,36.25
8.85147E+12,CISTEINE 375MG.1x12'S/แผง(TNP.)(CARBOCIS),28.25
8.85147E+12,CISTEINE 500MG.1x10'S/แผง(CARBOCIS)TNP.,40
8.85898E+12,CITIKON (CITICOLINE 1000)ORAL 10x10ML(PML),1324
4.58019E+12,CITIZEN DIGITAL TERMOMETER CT422,171.75
4.58019E+12,CITIZEN DIGITAL-BP MONITOR CH-453,1367.25
8.88633E+12,CLARICARE NASAL SPRAY 100ML,169.5
31803165,CLARICIN-P 500(CLARITHRO),99999
4.0576E+12,CLARICLEAR 15ML 0.05(สูตร ILIADIN),123.75
8.904E+12,CLARIE OD 1x7'S(CLARITHRO 500MG.),308.5
8.85343E+12,CLARITEX 10x10'S(LORATADINE)FRX.,87
8.85281E+12,CLARITH 500MG.10x10'S(CLARITHRO)L.B.S,1030
8.85017E+12,CLARITYNE 10MG(LORATADINE) 1x10'S,129.5
4.0576E+12,CLARITYNE 10MG(LORATADINE) 1x5'S,57
8.85265E+12,CLARIUS 10x10'S/BX. (สูตรAERIUS),381
8.85265E+12,CLARIUS 1x10'S(สูตรAERIUS)POLIPHARM,44.5
8.85274E+12,CLARON 250MG(CLARITHRO.) 1x10'S(SIAM),157
8.85274E+12,CLARON 500MG(CLARITHRO.) 1x10'S(SIAM),223
8.85876E+12,CLAVICO 1000(สูตร AMOKSIKLAV)70ML2x10'S,178
8.85876E+12,CLAVICO 156 (สูตร AMOKSIKLAV)60ML,59.5
8.85876E+12,CLAVICO 228(สูตร AMOKSIKLAV)70ML,97.5
8.85876E+12,CLAVICO 457 (สูตร AMOKSIKLAV)70ML,135.75
8.85182E+12,CLAVMOXY 625 TAB 10x10'S(สูตรAUGMENTIN),87
8.85001E+12,CLEAN & CLEAR DEEP FOAM 50G.,49
8.85001E+12,CLEAN & CLEAR สบู่เหลว 100ML(ส้ม),80
8.85899E+12,CLEANSCAR STRETCH MARKE CR.70G.,99999
8.85442E+12,CLEAR A SOFT ACNE CLEANSING GEL 30G.,46.35
8.85899E+12,CLENA EX ANTI MELASMA 15G.(BKD.),130.5
8.85899E+12,CLENAKO ALCOHOL GEL 75% 450ML(หัวปั๊ม)BKD,68.5
8.85899E+12,CLENASCAR ACNE SPOT GEL 7G.,63.75
8.85899E+12,CLENASCAR C GEL 15G.,272
8.85899E+12,CLENASCAR C GEL 7G.,135.5
8.85899E+12,CLENASCAR GEL 15G.,137.75
8.85899E+12,CLENASCAR GEL 7G.,69
8.85266E+12,CLENASCAR GENTLE FACE WASH 50ML,63.75
8.85899E+12,CLENASCAR POST ACNE GEL 7G.,59
8.85266E+12,CLENASCAR SENSICARE CREAM 20G.,128
8.85961E+12,CLENINE ANTIPRURITIC HERBAL CREAM 15G.,88
8.85961E+12,CLENINE ANTIPRURITIC HERBAL CREAM 5G.,44.75
8.85068E+12,CLIENE 10ML(CLINDA 1%),45
8.85354E+12,CLINDA X NATURAL SCA GEL 10G.,39.5
8.85802E+12,CLINDACAP 300MG(CLINDA.)10x10'S,309
8.85867E+12,CLINDALIN GEL 10G(CLINDAMYCIN),64.5
8.85867E+12,CLINDALIN GEL 5G(CLINDA)แพ็คละ10หลอด,34
8.85354E+12,CLINDA-M 15ML(CLINDAMYCIN)12'S,42
8.85651E+12,CLINDAMAN GEL 5G.(TMAN),25.25
8.85651E+12,CLINDAMAN LOTION 15ML(TMAN) EXP.09/26,25.75
8.8519E+12,CLINDA-P 100'S (CLINDAMYCIN 300MG.),235
8.85546E+12,CLINDAVID-300 10x10'S(CLINDAMYCIN),272
8.85545E+12,CLINDYKE CLEANSING POWDER 45G.(ผิวธรรมดา),168.5
8.85545E+12,CLINDYKE CLEANSING POWDER 45G.(ผิวมันป้องกันสิว),168.5
8.85899E+12,CLINIBLU 50x10'S(IBUPROFEN 400MG.)BKD.,668
8.85899E+12,CLINIBLU 60ML(IBUPROFEN)BKD,32.75
8.85899E+12,CLINICOF 50X10'S(DEXTRO+GG)*รายงาน,606
8.85335E+12,CLINICOLD 10X1X10'S(BROMPHE+PHENYL),133.5
8.85899E+12,CLINICOLD 60ML(BROM.+PHEN)*รายงาน,25.5
8.85899E+12,CLINICOLD TAB 50x10'S/BX.,545
8.85335E+12,CLINIMET-400 50x10'S(CIMETIDINE)BKD.,763.25
8.85899E+12,CLINIPECT SYRUP 60ML.(CARBOCIS 250MG.)BKD.,44.5
8.85335E+12,CLINIVATE 5G(BETAME)สีฟ้า,12.25
8.85335E+12,CLINIVATE-N 15G(BETAME+NEO),29.25
8.85899E+12,CLINIVATE-N 35G.(BETAME+NEO),58.75
8.85335E+12,CLINIVATE-N 5G(BETAME+NEO),15.25
8.85908E+12,CLINIX สำสีแผ่น 80'S(แถมสำลีก้าน 1ซอง),34.25
8.85335E+12,CLINODERM CR.15G.(CLOBETASONE),40.25
8.85899E+12,CLINODERM CR.35G.(CLOBETASONE),94
8.85335E+12,CLINODERM CR.5G.(CLOBETASONE) EXP.11/26,21
8.85335E+12,CLINOVIR - 400MG. 5x5'S(ACYCLOVIR)BKD.,132.25
8.85335E+12,CLINOVIR -200MG. 5x5'S(ACYCLOVIR)BKD.,78.5
8.85335E+12,CLINOVIR- 800 7x5'S(ACYCLOVIR)BKD.,249
8.85335E+12,CLINOVIR CREAM 5G.(ACYCLOVIR)BKD.,29.5
8.85266E+12,CLOBET CR 10G (CLOBETASOL) ใหม่,33.5
8.85266E+12,CLOBET CR 30G. (CLOBETASOL),92.5
8.85266E+12,CLOBET CR 5G(CLOBETASOL) ใหม่,23
8.85886E+12,CLOBETASOL - NIDA 5G.,16
8.85265E+12,CLOBETATE CREAM 15G.(CLOBETASOL),38
8.85265E+12,CLOBETATE CREAM 5G.(CLOBETASOL),15.5
8.85265E+12,CLOBETATE SCALP 30ML.,41.5
9.55626E+12,CLODERM CREAM 15G.(CLOBETASOL)HOE,83
9.55626E+12,CLODERM OINTMENT 15G.(CLOBETASOL),83
9.55626E+12,CLODERM SCALP 30ML(CLOBETASOL)HOE,128
8.85872E+12,C-LON 30'S(ผลิตภัณเสริมอาหาร),900.5
8.85188E+12,CLONOVATE CR 15G(CLOBETASOL) (TO),48
8.85068E+12,CLOPIDOGREL GPO 75MG. 10x10'S/BX.,235
8.85977E+12,CLOPIDOGREL SANDOZ 75MG. 28'S,493
8.85882E+12,CLOPIROX SOLUTION 15ML(CICLOPIROX)LSP,62.75
8.85882E+12,CLOSONE CREAM 15G.(BETA+CLOTRI),39.25
8.85882E+12,CLOSONE CREAM 25G.(BETA+CLOTRI),58.75
8.85882E+12,CLOSONE CREAM 5G.(BETA+CLOTRI),19.75
8.85265E+12,CLOTRI 1'S(CLOTRIMAZOLE 500MG.)POLIPHARM,13.5
8.85802E+12,CLOTRIDERM V.T.1'S(CLOTRI) (NL),15
8.85802E+12,CLOTRIDERM V.T.6'S(CLOTRI) (NL),15
8.9014E+12,CLOTRIMAZOLE CREAM B.P 15G.(PML),32
8.85699E+12,CLOTRIN-B 15G.(CLOTRI+BETA),26.5
8.85944E+12,CLOVIN CREAM 5G.(ACYCLOVIR) ADVANCE,16
8.85944E+12,CLOVIRAX 200(ACYCLOVIR) 10x10'S,206
8.85944E+12,CLOVIRAX 400MG. 7x10'S(ACYCLOVIR),257.5
8.85188E+12,CLOXA (T.O.) DRY 125MG.60ML(ฟ้า),17.75
8.85188E+12,CLOXA (T.O.) DRY FORTE 250MG. 60ML,22
8.85314E+12,CLOXACILLIN 500MG.50x10'S(ชุมชน)ส้ม-ดำ,662
8.85274E+12,CLOXALIN 125MG. SYR.(SAIM),45.75
8.85274E+12,CLOXALIN 250MG. 10x10'S(SIAM),174
8.85274E+12,CLOXALIN 500MG. CAP 10x10'S(SIAM),207.5
32413,CLOXOMED 500MG. 10'S,24.5
31313250,CM MILD SHAMPOO 250ML.,266.5
31313200,CM MOISTURIZING LOTION 200G.,224.5
3.58291E+12,CO APROVEL 150/12.5MG.28'S(IRBE+HCTZ)*ขายขาด,741
3.58291E+12,CO APROVEL 300MG./12.5MG.(HCTZ+IRBE)*ขายขาด,1005
8.85314E+12,COAMOX 125MG 60ML(AMOXY)สตอร์,23
8.85314E+12,COAMOX 125MG 60ML(AMOXY)ส้ม,23
8.85314E+12,COAMOX 250MG 60ML(AMOXY)ส้ม,31.5
8.85314E+12,COAMOX 500MG.10x12'S/BX.(ข-ฟ)ชุมชน,243
8.85314E+12,COAMOX 500MG.50x10'S/BX.(เขียว-ฟ้า)ชุมชน,695
3022,"COBAN คละสี 2""",99999
8.85546E+12,COBAY - 500MG.25x10'S(CIPROFLOX)MILLIMED,392
8.85147E+12,COCCILA 25x4'S (TNP),251.25
8.85147E+12,COCCILA SUS 30ML(TNP),16.5
8.85147E+12,COCCILA SUS 60ML(TNP),27.5
7.13289E+12,COCOCAP - 1000MG. 30'S(THP),171.25
8.85897E+12,COCONUT OIL 60'S(ZIGMA),211
8.85928E+12,COD LIVER OIL 10x100'S/กระปุก(PVT),99999
1.88593E+13,COD LIVER OIL 300MG.10'Sx10/BX(PVT),65.25
8.85928E+12,COD LIVER OIL 90'S(PVT)ขวดเปลือย,58
8.85881E+12,CODE X-2 ถั่งเฉ้าสกัด(กล่องละ 12 ซอง),108
8.85881E+12,CODE X-6 ถั่งเฉ้าสกัด 6เม็ด,196
8.85236E+12,CO-DIOVAN 160/25 2x14'S,821.5
8.85236E+12,CO-DIOVAN 80/12.5. 2x14'S,618
8.85314E+12,CODIPHEN 1x10'S(DIPHENHYDRAMINE)ชุมชน,25
8.85314E+12,COKLAV 1000MG.10'SสูตรAUGMENTIN(ชุมชน),79
8.85147E+12,COLATUS COUGH & COLD SYR 60ML(TNP),24.5
8.85147E+12,COLATUS(PARA+BPM+DEXTRO)10'Sรายงาน,17.5
8.85203E+12,COLCHICINE 0.6MG 10x10'S(USP),448
8.85712E+12,COLD & HOT PACK 18x9ซม.(160G.)NANOMED,77
8.85926E+12,COLD & HOT PACK 28x13.5ซม.(450G)NANOMED,144.5
8.8591E+12,COLD HOT PAD 12x10.5CM.(SMALL) LONGMED,40.5
8.8591E+12,COLD HOT PAD 25x10CM.(BIG)LONGMED,77
8.85879E+12,COLLAHEALTH 200 G.(เขียว),731
8.85904E+12,COLLY CHLOROPHYLL PLUS FIBER 15'S,230.5
8.8528E+12,COLOFAC 135MG.5x10'S(MEBEVERINE ),421
5.70893E+12,COLOPLAST LC2000 ถุงถ่ายหน้าท้อง 15MM.10'S,752
8.85961E+12,COLOSURE 400 กรัม,378.75
7.68045E+12,COLPERMIN 187MG(PEPPERMINT)10x10'S,789
8.85876E+12,COLSTARCINE 100x10'S(สูตรCOLCHICINE)7ดาว,624
8.85314E+12,COLY TABLET 500MG.50x10'S(MEFANAMIC)ชุมชน,440
8.85743E+12,COMBIF AR 10 CAPSULES(PROBIOTIC),168
8.85174E+12,COMBIZYM 10x10'S/BX.,564.5
31303,COMMIC CAP 10'S (BRYWOOD),6
31313,COMMIC MET 15MG. (BRYWOOD),6
8.85442E+12,CONCEPT ANTI-MELASMA PLUS 12G.,183.5
8.85442E+12,CONCEPT ANTI-MELASMA PLUS 24G.,276.75
8.85442E+12,CONCEPT SCAR GEL PLUS 7กรัม,183.25
8.85442E+12,CONCEPT SUN PROTEC SPF50 PA+++ 30G.(BEIGE),148
8.85442E+12,CONCEPT SUN-PROTEC.SPF50 15G.(BEIGE),90
8.85442E+12,CONCEPT ULTRA SUN PROTEC SPF50 PA+++(30G.),381
8.85442E+12,CONCEPT WHITENING 10X WASH GEL 100G.,155.5
8.85291E+12,CON-CON 15ML (BLHUA),40
4.06527E+12,CONCOR 2.5(BISOPROLOL F.)10x10'S,609.75
4.06527E+12,CONCOR 5(BISOPROLOL F.)10x10'S,825.75
4.05484E+12,CONCOR AM(5MG/10MG) 30'S,321
4.05484E+12,CONCOR AM(5MG/5MG) 30'S,299.75
314201920,CONNECTING SUCTION TUBE 1.8M(สายยาง),61
6.93875E+12,CONPROSTA 60'Sเกสรดอกไม้(ATLANTA),99999
8.85196E+12,CONTROLOC 20MG.1x14'S.(PANTOPRAZOLE),619.5
8.85196E+12,CONTROLOC 40MG.1x14'S.(PANTOPRAZOLE),822.75
79845510161,CONVATEC ACTIVELIFE ถุงอุจจาระปลายเปิดใส 10ถุง,730
8.85712E+12,COOL BABY 3x2'S/BX(NANOMED),54
4.95758E+12,COOL FEVER PAD 3ซอง/กล่อง,99999
8.85926E+12,COOL KIDS COOLING GEL หมอนเจลเย็น,218
8.85926E+12,COOL KIDS EXTRA COOL 3x2'S/BX.(ผู้ใหญ่),54
3130131,COOL KIDS SOOTHING GEL 5G. (PRO),0
8.85712E+12,COOL KIDS SOOTHING GEL 9G. *P,88.5
8.85712E+12,COOL KIDS เด็กโต 3x2'S/BX(NANOMED),54
8.85876E+12,COOL PAD FOR CHILDREN 2'S(KRESS),23.5
8.85314E+12,COOLNAC GEL 15G.(DICLOFENAC),17.5
8.85314E+12,COPHARMEX 2x10'S(CARBOCISTEINE),42
3.58291E+12,COPLAVIX 75MG./75MG. 30'S/BX.*ขายขาด,2365
8.85314E+12,COPROFEN 50x10'S(IBU 400MG.)ชุมชน,440
3.58291E+12,CORDARONE 200MG. 30'S(AMIODARONE),580.75
8.85343E+12,CORDYCEPS ถังเช่าผสมสารสกัดชะเอม 2'S/BX.,27.25
8.85343E+12,CORDYCEPS ถังเช่าผสมสารสกัดชะเอม 3x10'S/BX.,314.25
8.85314E+12,CORILAX TAB.50x10'S *ขาว (NORGESIC)ชุมชน,360
8.85314E+12,CORILAX TAB.50x10'S*ชมพู(NORGESIC)ชุมชน,360
8.85905E+12,COS 464 25x10'S(SALICYLA+PARA+PHENY+CPM)HK,360
8.85711E+12,COS GENTLE CLEANER SENSITIVE 110ML,105.75
8.85711E+12,COS GENTLE CLEANER FOR OILY 110ML,105.75
8.85711E+12,COS INTENSIVE WHITE 10G.,83
8.85546E+12,COSIC 50x10'S(PARA+ORPHE)ส้มรี,315.5
8.88501E+12,COSOPT 5ML(DORZOLAMINE+TIMOLOL),470
8.85266E+12,COTREN 500MG. 1'S(CLOTRI)BIOPHARM,22.5
8.85266E+12,COTREN CR. 5G.(CLOTRIMAZOLE),15
8.8591E+12,COTTON SOFTIP ไซส์L 100'S(แพ็ค10)ลองเมด,134
8.8591E+12,COTTON SOFTIP ไซส์M 100'S(แพ็ค10)ลองเมด,124
8.8591E+12,COTTON SOFTIP ไซส์S 100'S(แพ็ค10)ลองเมด,124
3201912,COTTON STICK SIZE L 100'S(ตั้ังเต็มจิตต์),180
32019133,COTTON STICK SIZE M 100'S(ตั้ังเต็มจิตต์),180
3201919,COTTON STICK SIZE S 100'S(ตั้ังเต็มจิตต์),180
32019206,"COTTON STICK STERILE 6"" ไซส์ L 5'S(TG.)",3
8.85019E+12,COTTONBUD 100'S รถพยาบาล,13.5
8.85019E+12,COTTONBUD ก้านเล็ก(รถพยาบาล)100'S,12.75
8.85882E+12,COUGHDYL 10x10'S(DEXTRO+GUAIFEN)*ทำรายงาน,328.5
8.85317E+12,COUGO บรรเทาไข้หวัด 5x4'S/BX.,19
8.9952E+12,COUNTERPAIN 15G.,12.5
8.85546E+12,COUNTERPAIN PLASTER 10ซองx4แผ่น(สูตรเย็น),530
8.85546E+12,COUNTERPAIN PLASTER 10ซองx4แผ่น(สูตรร้อน),530
8.9952E+12,COUNTERPAIN PLUS 25G./ลัง24 *P,118.75
8.9952E+12,COUNTERPAIN PLUS 50G. *P,201
,COUNTERPAIN พัดลมพกพา(PRO),0
8.9952E+12,COUNTERPAIN สูตรร้อน 120G.ญ.24/ลัง,125
8.9952E+12,COUNTERPAIN สูตรร้อน 30G.60/ลัง,42.5
8.9952E+12,COUNTERPAIN สูตรร้อน 60G.กลาง30/ลัง,71
8.9952E+12,COUNTERPAIN-COOL 120G.ญ.24/ลัง *P,132
8.9952E+12,COUNTERPAIN-COOL 30G.เล็ก60/ลัง *P,48.75
8.9952E+12,COUNTERPAIN-COOL 60G.กลาง30/ลัง *P,78.75
,COUNTERPAINแผ่นแปะร้อน+เย็น(แถมฟรีครีม120G.),1074
4.04281E+12,COVERPLAST แผ่นแปะสิว 15'S,110
3.6649E+12,COVERSYL 5MG 30'S,467
,COVID -19 ATK TEST NASAL(FA STEP) 1'S(แพ็ค10),59.75
8.85905E+12,"COVITIN B1,B6,B12 100'S(HK)",22
8.85945E+12,"COXIUM 1,500MG 30เม็ด(กล่องแดง)",300
8.85546E+12,"COXIUM 1,500MG(GLUCOSAMINE)30'สีฟ้า",294
8.85546E+12,COXIUM 500MG(GLUCOSAMINE)10x10'S,229
8.85546E+12,COXIUM-S PLUS 30'S,879.25
8.40165E+11,COZAAR 100MG. 30'S/BX.,935
8.85901E+12,COZORAL SHAMPOO 50ML(เจเคพี),150
8.85651E+12,CPM 1000'S สีเคลือบน้ำตาล(TMAN),75
8.85406E+12,CPM 10MG. INJECTION 1ML(ANB)10'S/BX,29.5
8.85885E+12,CPM 4MG 1000'S(AU)/แคปซูลไข่ปลา,170
8.85885E+12,CPM 4MG 1000'S(AU)เม็ดเหลือง,36
8.85885E+12,CPM 4MG 100'S (AU)/กระปุก,6.25
8.85651E+12,CPM 4MG.เม็ดลาย. 1000'S(TM),68
8.85545E+12,CPM SYRUP 60ML(สหแพทย์)*รายงาน,12
8.8522E+12,CPM-Y ถ้วยทอง 100'S/กป.,7
8.85869E+12,CRAVIT 500MG(LEVOFLOX) 5'S/BX,370
4.98708E+12,CRAVIT 5ML(LEVOFLOXACIN 0.5%),126
8.85265E+12,CRAVIXIN 500MG.10x10'S(LEVOFLOXACIN)POLI.,816
8.85651E+12,CRAXACIN 500 1x10'S(LEVOFLOXACIN)T.MAN EXP.10/26,103
8.85593E+12,CREAM 91E 8.3GM.,44
8.85265E+12,CRESTATIN 10MG. 3x10'S(CRESTOR)POLI,205.5
8.85265E+12,CRESTATIN 20MG. 3x10'S/BX.(สูตรCRESTOR),267.75
5.00046E+12,CRESTOR 10MG 28'S(ROSUVASTATIN),1020
5.00046E+12,CRESTOR 20MG 28'S(ROSUVASTATIN),1520
8.85869E+12,CRIXAN 500MG.5x14'S(CLARITHROMYCIN),1225
906180602,CRY INFRARED THERMOMETER MODEL : F02,2700
8.85919E+12,CT-KAPROLIS PLUS 15ML.,62
8.85589E+12,CUDDLE ME NIPPLE CREAM 30G.(ทาหัวนม),319
5.997E+12,CURIOSIN GEL 15G.,877.75
8.85014E+12,CURMIN 500 PLUS 100'S/ขวด ขาวละออ,98.75
8.85899E+12,CURMISCON POWER ขมิ้นผง 15ซองx2G./BX.,99999
4.04281E+12,CUTICELL C 10x10CM.x10'S/BX.(BACTIGRAS ),88
4.04281E+12,CUTIMED GEL 15G./0.5OZ(BSN),145.5
3201325,CUTIMED GEL 25G./0.9OZ + ฝาบีบ(BSN),225.5
5.00022E+12,CUTINOVA HYDRO 10x10CM 5'S(S&N),183
8.85274E+12,CYBEC 200MG.1x10'S(สูตรCELEBREX),63.5
8.85866E+12,CYBELE BELLANCE 9G.,122.5
8.85866E+12,CYBELE SCAGEL 19G.,250
8.85866E+12,CYBELE SCAGEL 19G. แพ็คสุดคุ้ม 1+1,352
8.85866E+12,CYBELE SCAGEL 4G.,69
8.85866E+12,CYBELE SCAGEL 9G.x2 DAY & NIGHT(แพ็คสุดคุ้ม),191
8.85866E+12,CYBELE SCAGEL 9G.x2 หลอด(แพ็คสุดคุ้ม),189.5
8.85866E+12,CYBELE SCAGEL 9G.ล./หลอด(ใหม่),133.75
8.85866E+12,CYBELE SCAGEL ACNE BODY SPRAY 30ML,88.75
8.85924E+12,CYBELE SCAGEL ACNE PATCH 12'S/BX.,24
8.85866E+12,CYBELE SCAGEL ACNE SPOT GEL 9G.,132
8.85866E+12,CYBELE SCAGEL KIDS 9G(แพ็คสุดคุ้ม1+1),189
8.85866E+12,CYBELE SCAGEL KIDS 9G./หลอด,136
8.85924E+12,CYBELE SCAGEL PLUS 10G.,197
8.85924E+12,"CYBELE SCAGELACNE PATCH 20'S(ลายดาว,หัวใจ)",29.5
3030420,CYCLODEX 20MG. 20'S(PIROXICAM)PML.,72
8.85485E+12,CYCLO-PROGENOVA 21'S (BAYER),162
8.85651E+12,CYPROHEP.4MG.ขาวกลม 1000'S (TM),110
8.85651E+12,CYPROHEP.4MG.ชมพูเหลี่ยม1000'S(TM),115
8.85885E+12,CYPROHEPTADINE 4MG. 1000'S(AU)ขาว,77.5
8.85298E+12,CYRIAMINE FORT 100'S/BX.(สูตรRE-B FORTE)CPL,159
8.85945E+12,CYSTALINE 600MG. 5x4'S/BX.(สูตรNACLONG),158.5
8.85945E+12,CYSTALINE 600MG.10'S MILLIMED(สูตรNACLONG),109.5
8.85298E+12,CYZINE 10x10'S(สูตรZYRTEC)CPL,35
8.8519E+12,D THROAT SPARY 0.15%(LEMON )15ML,159
8.8519E+12,D THROAT SPARY 0.3%(LEMON FLAVOR)15ML,162
8.8519E+12,D THROAT SPARY 0.3%(MINT FLAVOR)15ML,162
8.85406E+12,D10S NO SET 1000ML ANB,34
8.85406E+12,D5S (DEXTROSE 5%) 1000ML(เขียว),35
8.85406E+12,D5S (DEXTROSE 5%) 500ML(เขียว),28.25
8.85406E+12,D5S1/2(DEXTROSE 5%) 1000ML(สีม่วง)A.N.B,33
8.85406E+12,D5W 500ML(DEXTROSE 5%)ฟ้า,35
8.85335E+12,DACIN-F 150 (CLINDA)10x10/BX,225
8.85335E+12,DACIN-F 300(CLINDA)10x10/BX,319.75
8.85236E+12,DAFIRO 5MG./160MG. 28'S/BX.,470
3.6649E+12,DAFLON 1000MG 3x10'S/BX.,573
3.59446E+12,DAFLON 500MG 2x15'S,284.5
8.85874E+12,DAFNE 35(CYPRO 2+EE 0.035),89.5
8.85188E+12,DAFOMIN 500MG 30x10'S(TO)สูตร DAFLON,940
8.85188E+12,DAFOMIN 500MG.3x10'S(TO)กล่องเล็ก,129
8.853E+12,DAILYTON 28'S(สูตร EXLUTON),65
5.70219E+12,DAIVOBET OINTMENT 15G.(LEO),615.5
5.70219E+12,DAIVONEX OINT. 30G.(CALCIPOTRIOL)LEO,578
8.85058E+12,DAKTACORT 5G.(MICONA.+HYDRO.),54.25
8.85058E+12,DAKTARIN ORAL GEL. 15G.*ใหม่,79.5
8.85286E+12,DALACIN-T 10ML(CLINDA.),83.5
8.85024E+12,DAMINATE 10x10'S(SPS)(BROM+PHEN+GG),76
8.85254E+12,DANDRIL SHAMPOO 100ML(KETO),69
8.85394E+12,DANTRON 8MG.(ONDANSETRON)10x10'S/BX.,1068
8.99324E+12,DAONIL 5MG.10x10'S/BX.(GLIBENCLAMIDE),293
406100,DARFLOX TABLETS 100(ULFLOXACIN 100MG.)MEIJI,2918
8.85109E+12,DAY TEMP PARA 500MG. 100'S(ขาวรี),23.5
6.72935E+11,DAZZLING WHITE(ฟอกสีฟัน) 2G.x6'S/BX.,210
8.85114E+12,DCASH INTOUCH SPAY 220ML(ชมพู),62.25
8.85114E+12,DCASH INTOUCH SPAY 220ML(ฟ้า),62.25
8.85114E+12,DCASH MB203 น้ำตาลแดง,44.25
8.85114E+12,DCASH คาราเมล60ML#701,45
8.85114E+12,DCASH น้ำตาล60ML#801,45
8.85114E+12,DCASH น้ำตาลทองอ่อน60ML#802,45
8.85114E+12,DCASH น้ำตาลอ่อน 60ML#999/2,50
8.85114E+12,DCASH น้ำตาลอ่อน60ML#803,45
8.85114E+12,DCASH บลอนเทา60ML#705,46.25
8.85114E+12,DCASH บลอนด์กลาง60ML#908,50
8.85114E+12,DCASH บลอนด์สว่าง60ML#900,45
8.85114E+12,DCASH บลอนด์อ่อน60ML#HL1177,50
8.85291E+12,D-COATE 500'S (BLHUA)*ทำรายงาน,470
8.85291E+12,D-COATE 50x10'S(DEXTRO)BLHUA*ทำรายงาน,508
8.85888E+12,DD CREAM WATERMELON SPF50 8MLx6ซอง,217.5
8.85267E+12,DE GAS(SIMETHICONE)10'Sx50/BX.,359.75
5.70216E+12,DEANXIT (FLUPENTHIXOL 0.5MG.)10x10'S,548.75
8.85347E+12,DECAVITAMIN 500'S(MULTIVIT)MACROPHAR,434
8.85308E+12,DECHAMP เกลือแร่รสส้ม 50'S/BX.,145.5
8.85182E+12,DECOLGEN PRIN 25x4'S(ลังละ100),191
8.85961E+12,DEEDAY FISH OIL+ASTAXANTHIN 30'S,163
8.85882E+12,DEFOGEL SIMETHICONE 125MG.10x10'S/BX.,94.5
8.85882E+12,DEFOGEL SIMETHICONE 180MG.10x10'S/BX.,120.5
8.85944E+12,DEFOMIL 25x10'S/BX.(สูตรKREMIL)EX.10/26,199.75
8.85274E+12,DEFUNGO 1'S (CLOTRI.0.5G)(SIAM),25.5
8.85274E+12,DEFUNGO 6'S (CLOTRI.0.1G)(SIAM),25.25
8.85274E+12,DEFUNGO CREAM 10G.(CROTRI)SIAM,41
8.80694E+12,DEHECTA 20 ซอง/BX.(สูตรSMECTA),460
8.85347E+12,DEHEC-Z 60ML.(ZINC 15MG./5ML.)MACRO,75
8.85894E+12,DELACOR CREAM 5G.(CLOBET 0.05%),19.5
8.85894E+12,DELANIN CREAM CONTIAN QUINOL 4% 5G.(ทาฝ้า),60.75
s041612,DELL - H815DW,500
8.85024E+12,DELTACARBON (CHACOLE) 10x10'S(SPS),220.75
8.85024E+12,DELTACARBON (CHACOLE) 1x10'S(SPS)*ใหม่,24
8.85899E+12,DELYTE ORS(ส้ม) 100ซอง/แพ็ค,382
4.00529E+12,DEMOSANA CALCIUM 20เม็ดฟู่(ORANGE),86.5
4.00529E+12,DEMOSANA COLLAGEN+ C 20เม็ดฟู่(STRAWBERRY),86.5
4.00529E+12,DEMOSANA MAGNESIUM 20เม็ดฟู่(LEMON),86.5
4.00529E+12,DEMOSANA MULTIVIT 20 เม็ดฟู่ (รสส้ม),86.5
4.00529E+12,DEMOSANA MULTIVITMIN 20เม็ดฟู่(MIXED BERRY),86.5
4.00529E+12,DEMOSANA SPARK 10เม็ดฟู่(แก้แฮงค์),86.5
4.00529E+12,DEMOSANA VITAMIN B12 20เม็ดฟู่(BERRIES),86.5
4.00529E+12,DEMOSANA VITAMIN C 20เม็ดฟู่(LEMON),86.5
4.00529E+12,DEMOSANA VITAMIN C 20เม็ดฟู่(YUSU-ORANGE),86.5
4.00529E+12,DEMOSANA VITAMIN C 20เม็ดฟู่(ORANGE),86.5
4.00529E+12,DEMOSANA VITAMIN C 20เม็ดฟู่(STRAWBERRY),86.5
4.00529E+12,DEMOSANA ZINC+ C 20เม็ดฟู่(RASBERRY),86.5
4.00529E+12,DEMOSANA ZINC+C+D3 20เม็ดฟู่(ORANGE-LEMON),86.5
8.85188E+12,DENAMOL 250 60ML.รสส้ม(PARA)TO,19.75
8.85546E+12,DENOX 0.05% SPRAY 10ML.เด็ก(OTRIVIN),70.75
8.85546E+12,DENOX 0.1% SPRAY 10ML.ผู้ใหญ่(OTRIVIN),81.5
8.00135E+12,DENTAL FROSS DR.PHILLIP.ไหมขัดฟัน,29.5
4.97323E+12,DENTALPRO FLOSS 30M.(ไหมขัดฟัน),53.5
9.30081E+12,DENTISTE 100G.หลอด (แถมแปรง),121.5
9.30081E+12,DENTISTE 160G.หลอด,175.75
9.30081E+12,DENTISTE 50G./หลอด,75.25
9.30081E+12,DENTISTE ANTICAVITY MAX 10G.(แปรงแห้ง),17.5
9.30081E+12,DENTISTE ANTICAVITY MAX FLUORIDE 100G.,139.25
4.90139E+12,DENTISTE FLOSS PICK 55'S/ถุง (ไหมขัดฟันมีด้าม),54.75
9.30081E+12,DENTISTE FLOSS PICK 20'S/ซอง(ไหมขัดฟันมีด้าม),31.5
9.30081E+12,DENTISTE FLOSS PICK 40'S ไหมขัดฟันมีด้าม,47.5
9.30081E+12,DENTISTE' LOVE MINT เม็ดอมกลิ่นมิ้น 2.5กรัม,53
4.53321E+12,DENTISTE' MOUTH SPRAY 3ML.,99999
9.30081E+12,DENTISTE' MOUTH SPRAY PROBIOTIC 15ML.,216.5
9.30081E+12,DENTISTE MOUTH SPRAY(ZINC)10ML,99999
9.30081E+12,DENTISTE MOUTH SPRAY(ZINC)20ML,134
9.30081E+12,DENTISTE NATURAL HERB 100G./หลอด,214.25
9.30081E+12,DENTISTE PREMIUM CARE 100G.หลอด,127
9.30081E+12,DENTISTE PUMP 120G.,168
9.30081E+12,DENTISTE SENS.100G./หลอด,111
9.30081E+12,DENTISTE SENS.PUMP 100G.,155
9.30081E+12,DENTISTE' แปรง+ยาสีฟัน,0
9.30081E+12,DENTISTE' ฟ้าทะลายโจรเม้าท์เสปรย์ 20ML *P,218.5
9.30081E+12,DENTISTE'ขัดฟัน FERSH MINT 50M.,64.75
9.30081E+12,DENTISTE'ขัดฟัน WAX FERSH MINT15M.,38.25
8.85291E+12,DENTOFIZZ 15'S(เม็ดฟู่ทำความสะอาด),33
8.85711E+12,DEODOMIN สารส้มชนิดน้ำ สูตรไม่มีน้ำหอม(สีฟ้า),45.5
8.85711E+12,DEODOMIN สารส้มชนิดน้ำ สูตรธรรมชาติ(เหลือง),45
8.85394E+12,DEOLIN 40MG.100x10'S.(DROTAVERINE),1274
3.58291E+12,DEPAKINE 200MG. 40'S,176
3.58291E+12,DEPAKINE CHRONO 500MG. 30'S/ขวด,357.5
8.85394E+12,DEPAN-F 15MG(DEXTRO) 50x10'S*รายงาน,8
8.90112E+12,DEPIN-E RETAED (NIFEDIPINE)10x10'S,89
,DEPROXIN 20MG(FLUOXETINE) 3x10'S(SIAM),63
8.85188E+12,DEPYRET SYRUP 60ML(PARA 120MG.)TO,14
8.85699E+12,DERFALON 500 3x10'S(สูตรDAFLON )UMEDA,110.5
8.85891E+12,DERM CARE CREAM 25G.(สูตรEZERRA),140
8.85891E+12,DERM CARE LT. 200ML(สูตรEZERRA),288.5
7.29001E+12,DERMACOMBIN CR.15(NYSTATIN+GARA+TA.),111.75
7.29001E+12,DERMACOMBIN CR.5(NYSTATIN+GARA+TA.),77.75
8.85147E+12,DERMAHEU CR 15G(TNP),58
8.85147E+12,DERMAHEU CR 25G(TNP),87.25
8.85147E+12,DERMAHEU CR 50G(TNP),162.75
8.85147E+12,DERMAHEU CR 5G(TNP),29
8.85651E+12,DERMAMAN CREAM 25G.(CLOBET)T.MAN,21.75
8.85651E+12,DERMAMAN CREAM 5G.(CLOBET)TMAN,12
8.85651E+12,DERMAMAN OINTMENT 5G.(CLOBET)TMAN,20.5
8.05535E+12,DERMATIX ACNE SCAR 5G.,225
8.88646E+12,DERMATIX ULTRA 15G.,734.5
,DERMATIX ULTRA 15G.+ACNE SCAR 5G.*ใหม่,743
8.88646E+12,DERMATIX ULTRA 5G.,362.5
8.88646E+12,DERMATIX ULTRA 9G.,569.5
8.88646E+12,DERMATIX ULTRA SCAR KID 5G.,362.5
8.85879E+12,DERMATIX WOUND CARE 20G.,181.5
8.85879E+12,DERMATIX WOUND CARE 50G.,320
8.85089E+12,DERMATOP CR.15G.(PRED.),94.5
8.85089E+12,DERMATOP CR.5G.(PRED.)*ขายขาด,53
8.85977E+12,DERMAZIN CR.25G.(SILVER),63.5
8.85546E+12,DERMAZONE 15G.(CLOBETASOL)MILLIMED,37
8.85088E+12,DERMEXCEL 30G.(UREA 10%).,50
8.85088E+12,DERMEXCEL 30G.(UREA 20%),62
8.85976E+12,DERMISKIN MOISTURIZER SKIN 30G.แก้แพ้,112
8.85882E+12,DERMIX-4 15G.(BETA+GENTA+TOLNAF),55
8.85882E+12,DERMIX-4 25G.(BETA+GENTA+TOLNAF),78.25
8.85882E+12,DERMIX-4 5G.(BETA+GENTA+TOLNAF),28.5
8.85882E+12,DERMONAR LOTION 30ML.(CLOBETASOL)LSP,45.5
8.85712E+12,DERMOOTH 21'S(CYPRO.+EE) สูตร DIANE,59
8.85101E+12,DERMOVATE CR 100G.(CLOBET.)(GSK),594.75
8.85101E+12,DERMOVATE CR 15G.(CLOBET.)(GSK),148.5
8.85101E+12,DERMOVATE CR 5G(CLOBET.)(GSK),54
8.85101E+12,DERMOVATE OINT 5G (GSK),61
8.85101E+12,DERMOVATE SCALP 30ML.,186.5
8.85546E+12,DERTEC CR.15G.(BET+GEN+TONAF+IDO.),44.75
8.85546E+12,DERTEC CR.5G(BET+GEN+TONAF+IDO.),20.75
8.85394E+12,DERZID-C CR.15G.(BETA+CLOTRI),24
8.85394E+12,DERZID-N CREAM 15G.(BETA+NEO)UNISON,21.5
8.85545E+12,DESLORA 1x10'S(สูตรAERIUS),45.75
8.85545E+12,DESLORA SYRUP 60ML(สูตรAERIUS),71
8.85977E+12,DESLORATADINE 5MG.10x10'S(SANDOZ)สูตรaerius,1154
8.85977E+12,DESLORATADINE 5MG.1x10'S(SANDOZ) สูตรaerius,118
8.8546E+12,DESOLON 21'S สูตร MARVELON,52
8.85347E+12,DESTA 1x10'S/แผง(สูตรAERIUS),49.75
8.85347E+12,DESTA SF ORAL SOLUTION 60ML.(สูตรAERIUS),104
8.85347E+12,DESTA SYRUP 60ML(สูตรAERIUS)MACRO,90
8.85712E+12,D-ET สารให้ความหวานแทนน้ำตาล 40ซอง/กล่อง,108
8.85343E+12,DETAPAIN 2x10'S/FRX.สูตรNORGESIC,28.25
8.85036E+12,DETTOL 1000ML ANTISEPTIC,432
8.85036E+12,DETTOL 250ML ANTISEPTIC,172
8.85036E+12,DETTOL 4000ML.(ANTISEPTIC),1356
8.85036E+12,DETTOL 500ML ANTISEPTIC,272
8.85036E+12,DETTOL 750ML ANTISEPTIC,380.5
8.85036E+12,DETTOL DEEP CLEANSE 450ML.(แพ็คคู่),1
8.85036E+12,DETTOL FOAMING 250ML(ล้างมือ)โรสเชอร์รี่,60.5
8.85036E+12,DETTOL FOAMING ล้างมือสูตรวนิลาออคิด 250ML,61.5
8.85036E+12,DETTOL GOLD เดลี่คลีน 500ML.(แพ็คคู่)เขียว,178.5
8.85036E+12,DETTOL GOLD คลาสสิคคลีน 500ML.(แพ็คคู่)ทอง,178.5
8.85036E+12,DETTOL ONZEN ACTIVE-BOTANY 450ML.,177.5
8.85036E+12,DETTOL ORIGINAL สบู่เหลวล้างมือ 225ML+200ML,58.5
8.85036E+12,DETTOL เจลล้างมือ 200ML,135
8.85036E+12,DETTOL เจลล้างมือ 50ML,50
8.85036E+12,DETTOL ผ้าเช็ดผิวแบบเปียก 50'S/ซอง,86
8.85036E+12,DETTOL สูตรลาสติ้งเฟส 500ML,147
8.85036E+12,DETTOL สูตรลาสติ้งเฟส 625MLแพ็คคู่(1แถม1),147
8.85036E+12,DETTOL สูตรสกินแคร์ สบู่เหลวล้างมือ 225ML+200ML,58.5
8.9013E+12,DEWAX 15ML หยอดหู,52.5
424251,DEXA-Y 1000'S(DEXAMETHA)CHINTA*ทำรายงาน,212
8.85196E+12,DEXILANT 60MG.(DEXLANSOPRA.)4X7'S,2545
8.85359E+12,DEXON INJ 10ML(DEXAMETHASONE),78.5
8.85493E+12,DEXOPH ED 4ML(DEXA.+NEO.)(ใหม่),21.5
8.85899E+12,DEXTIDERM OINT. 5% 35G.(สูตรBepanthen),58.5
8.85353E+12,DEXTON INJECTION 50x1ML./BX.(DEXA 4MG.)T.P,205
8.85894E+12,DEXTROSE POWDER 20G.x50ซอง/BX.(ซองเล็ก),323.5
8.85894E+12,DEXTROSE POWDER 25G.x20ซอง/BX.,278
8.85894E+12,DEXTROSE POWDER 50G.x20ซอง/BX.(ซองใหญ่),416.5
8.85274E+12,DEZCARD 2MG.10x10'S(SIAM)สูตรCARDURA,453.5
8.85274E+12,DEZCARD 4MG.10x10'S(SIAM)สูตรCARDURA,633.5
8.85335E+12,DIABEDERM CR.10% 100G. เขียว(UREA),129
,DIABEDERM CR.10% 15G.(PRO),0
8.85899E+12,DIABEDERM CR.10% 15G.เขียว(UREA) *P,26.25
8.85335E+12,DIABEDERM CR.10% 35G. เขียว(UREA),52
8.85335E+12,DIABEDERM CR.20% 100G. ฟ้า(UREA),163
8.85335E+12,DIABEDERM CR.20% 150G. ฟ้า(UREA)/กระปุก,194.5
8.85899E+12,DIABEDERM CR.20% 15G. ฟ้า(UREA),33
8.85335E+12,DIABEDERM CR.20% 35G. ฟ้า(UREA),65.5
8.85335E+12,DIABEDERM CREAM 10% 450G.เขียว(UREA),293.5
8.85899E+12,DIABEDERM LOTION 10% 200ML. เขียว(UREA) EXP.12/26,185
8.85546E+12,DIACERIC 3x10'S(DIACEREIN 50MG.)MILLIMED,315
3.59445E+12,DIAMICRON MR60.2x15'S(GLICLAZIDE),397
4.0576E+12,DIANE 35 21'S(CYPERTERONE+EE),158.5
8.85485E+12,DIANE 35 *แพ็คเกจเก่า (CYPERTERONE+EE),156
8.71465E+12,DIAPO-CARE CR.40G.,128.5
8.85147E+12,DIARINE (LOPERAMIDE 2MG.) 50x10'S,168.75
8.85274E+12,DIASGEST TAB 10x10 (SIAM) ช่วยย่อย,215
8.85394E+12,DIAZON CR 15G(KETO. 2%),33.5
8.85347E+12,DIBENDRYL 10x10'S(DIPHENHYDRAMINE 25MG.),167
8.85874E+12,DICLEGIS 2x10'S(DOXYLAMINE+PYRIDOXINE),385.5
8.85188E+12,DICLOCILIN 250MG 500'S(TO.)/กระปุก,475
8.85188E+12,DICLOCILLIN 500MG. 250'S(TO.),484.5
8.85314E+12,DICLOFENAC 50MG.50x10'S(DICLOFENAC)ชุมชน,333
8.85905E+12,DICLOXA H.K. 500MG.50x10'S/BX.,705
8.85267E+12,DICLOXA RX 250MG. 50x10'S/BX.,702
8.85267E+12,DICLOXA RX 500MG. 25x10'S/BX. (RX),506
8.85314E+12,DICLOXACILLIN 250MG.50x10'S(ชุมชน),732
8.85314E+12,DICLOXACILLIN 500MG.50x10'S(ชุมชน),1398.75
8.85886E+12,DICLOXACILLIN-(NIDA) 500MG.50X10'S,772
8.85876E+12,DICLOXHIM (DICLOXA)125MG*ใหม่(7ดาว),36.5
8.85856E+12,DICLOXILIN 250(DICLOXA)50x10'S(42),534.25
8.85856E+12,DICLOXILLIN-500MG 50x10'S(42.),830
8.85886E+12,DICLOXIN 250MG.50x10'S(NIDA)ฟ้า-ขาว,486.75
8.85545E+12,DICLOXMED 500MG. 50x10'S(สหแพทย์),748
8.85347E+12,DIFAZT SOFT GEL 1x10'S(DICLO) MACROPHAR,45.75
8.85147E+12,DIFELENE 25MG. 1x10'S(DICLOFENAC),12.5
8.85147E+12,DIFELENE 50MG.1x10'S(DICLOFENAC)(TNP),19
8.85147E+12,DIFELENE GEL 100G.(DICLOFENAC)(TNP),86.5
8.85147E+12,DIFELENE GEL 15G.,19
8.85147E+12,DIFELENE GEL 30G.(DICLOFENAC)(TNP),32.5
8.85147E+12,DIFELENE GEL 60G.(DICLOFENAC)(TNP),59.5
9.31406E+12,DIFFCOF CHESTY COUGH SYRUP 200ML(BROMHEX),106.5
9.31406E+12,DIFFCOF CHESTY DUAL SYR 200ML(BROM+GUAI),119
8.80656E+12,DIFFERIN GEL 0.1% 30G./หลอด,573.5
8.80656E+12,DIFFERIN GEL 0.1%15G./หลอด,367
9.31406E+12,DIFFLAM FOR CHILDREN THROAT SPRAY 30ML.,218
9.31406E+12,DIFFLAM FORTE THROAT SPRAY 15ML,218
9.31406E+12,DIFFLAM HONEY&LEMON 12เม็ด/กล่องเล็ก,40
2.93141E+13,DIFFLAM HONEY&LEMON 24x8'S/BX.,480
9.31406E+12,DIFFLAM LEMON SUGAR FREE 16'S/BX.,153.75
9.31406E+12,DIFFLAM MINT SUGAR FREE 15x12'S/BX.,1185
9.31406E+12,DIFFLAM ORANGE+VIT C 12เม็ด/กล่องเล็ก,40
2.93141E+13,DIFFLAM ORANGE+VIT C 24x8'S/BX.,480
9.31406E+12,DIFFLAM WILD BERRY 12เม็ด/กล่องเล็ก,40
2.93141E+13,DIFFLAM WILD BERRY 24x8'S/BX.,480
9.31406E+12,DIFFLAM ยาอม 16'S MINT,154.5
9.31406E+12,DIFFLIS HERBAL MOUTH SPRAY 15ML,102
8.85343E+12,DIFLEX GEL 25G.(DICLOFENAC)FRX,32.75
8.85712E+12,DIGITAL TERMOMETER โดเรมอน DT01(เต็มตัว),127.25
8.85712E+12,DIGITAL TERMOMETER โดเรมอน DT02(เต็มตัว),127.25
8.85892E+12,DIGITAL THERMO เป็ดเหลือง(MAGDCINE),98
8.85892E+12,DIGITAL THERMO กบเขียว(MAGDCINE),98
8.85892E+12,DIGITAL THERMO วัว(MAGDCINE),98
8.85892E+12,DIGITAL THERMO หมีโคล่า(MAGDCINE),98
8.85892E+12,DIGITAL THERMO หมีขาว(MAGDCINE),98
,DIGITAL THERMO.ปลายอ่อนงอได้,107
4.71514E+12,DIGITAL THERMOMETER (ROSSMAX),139
6.93683E+12,DIGITAL THERMOMETER GENIAL รุ่นT15SL,56.5
8.85712E+12,DIGITAL THERMOMETER HS-08(JD),62
6.93966E+12,DIGITAL THERMOMETER WP.(สีฟ้า),105.5
8.85721E+12,DIGITAL THERMOMETER ปลายแข็ง,95
8.854E+12,DIGITAL THERMOMETER(คละสี) ปลายอ่อน,82.5
8.8591E+12,DIGITEMP TERMOMETER (LONGMED),65.75
1.21E+12,DILANTIN 100MG(PHENYTOIN)100'S,389.5
8.85262E+12,DILIZEM 30MG.10x10'S(DILTIAZEM),156.5
8.85885E+12,DIMEN (AU)10'Sx100/BX,205
8.85651E+12,DIMEN 50MG.100x10'S(TM),248
4130223,DIMEN BRYWOOD 10'S,3
8.85885E+12,DIMENHYDRINATE 1000'S(AU),150
8.8518E+12,DIMENHYDRINATE 1000'S(CHINTA),196
8.85651E+12,DIMENHYDRINATE 1000'S(T.MAN),175
8.85905E+12,DIMENHYDRINATE 100x10'S/BX.HK,235
8.85802E+12,DIMENHYDRINATE 50MG(DIMEN.)1000'S(NL),185.5
8.8546E+12,DIMENINE 10x10'S(PHARMHOF),57.75
8.85101E+12,DIMETAPP ELIX 60ML(BPM+PHENYL)*รายงาน,44
4131450,DIMONATE 50MG.(1000'S)UTO,0
8.85944E+12,DIMOPHEN DC SYRUP 60ML(DIPHENHY)*รายงาน,30
8.85092E+12,DINAC FORTE 50x10'S(DICLOFENAC)ฟ้า,203.5
8.85092E+12,DINAC-FORTE 50MG.1000'S(ฟ้า),323.5
8.85281E+12,DINICEF 125MG./5ML. 30ML.(CEFDINIR)L.B.S EXP.08/26,121.75
8.85959E+12,DINOCOF 60ML.(CARBOCIS 100MG.),41.75
8.85882E+12,DIOCTOL 10x10'S(DOCUSATE 100MG.)LSP,185.5
8.85147E+12,DIORA 21'S (TNP)กล่อง/12แผง,35
8.85147E+12,DIORA 28'S (TNP)กล่อง/12แผง,35
8.85877E+12,DIOSMIN 500MG 3x10'S(S.CHAROEN)สูตรDAFLON,114.5
8.85877E+12,DIOSMIN 500MG. 45x10'S/BX.(สูตรDAFLON),1282
8.85236E+12,DIOVAN 160MG.2x14'S/BX,693.5
8.85236E+12,DIOVAN 80MG.2x14'S,578.5
8.85147E+12,DIOXZYE (SIMETHICONE)10'Sx50/BX.มิ้น,652.25
8.85147E+12,DIOXZYE (SIMETHICONE)10'Sx50/BX.ส้ม,665.5
8.85147E+12,DIOXZYE (SIMETHICONE)25x4'S/BX.มิ้น,0
8.85147E+12,DIOXZYE 10x10'S(มิ้น)(SIMETHICONE40MG),133
,DIOXZYE 25x10'S(มิ้น)(SIMETHICONE40MG)SF,332.75
,DIOXZYE 25x10'S(ส้ม )(SIMETHICONE40MG),332.75
8.85147E+12,DIOXZYE DROP ส้ม (SIMETHICONE40MG),40
8.85274E+12,DIPAZIDE 5MG(GLIPIZIDE)10x10'S,134.5
8.90407E+12,DIPORID BABY NAPPY CR 30G.(สูตร bepanthen),74.25
8.85265E+12,DIPROBET 5G.(BETAMETHASONE),15.5
8.40165E+11,DIPROSALIC OINT 15G.,231.5
8.40165E+11,DIPROSALIC OINT 5G.,100.5
8.40165E+11,DIPROSONE CR 15G(BETAMETHA 0.05%),140.75
8.85029E+12,DIPROSONE CR 5G(BETAMETHA 0.05%),61.5
8.85877E+12,DISENTO 25x4'S/กล่อง,300
8.85944E+12,DISENTO P.F. 60ML.,27.5
8.85274E+12,DISOL ELIXIR 60ML รสส้ม(BROMHEX 4MG.)SIAM,46.5
8.85274E+12,DISOL FORTE ELIXR 60ML(BROMHEX)เชอร์รี,50.5
8.85274E+12,DISOL(BROMHEX 8 MG.)10'Sx10/BX.(SIAM),136.5
16140432,DISPO VAN PEN NEEDLES 4MM(32G).100'S/BX.,360.5
161404325,DISPO VAN PEN NEEDLES 4MM(32G)5x20'S/BX.,360.5
16140431,DISPO VAN PEN NEEDLES 5MM(31G).100'S/BX.,309
8.85203E+12,DISTACLOR 125MG/5ML 60ML(CEFACLOR),169.5
8.85387E+12,DITOIN 100MG(PHENYTOIN)1000'S(ATC),404.5
8.85274E+12,DITRENIL 10MG.3x10'S(NETRENDIPINE)SIAM,137.75
8.85274E+12,DITRENIL 20MG.3x10'S(NETRENDIPINE)SIAM,162.5
8.85274E+12,DIXOCILLIN 500MG.10x10'S(DICLOXA)SIAM,453
8.85501E+12,D-LIFE OMEGA-3+LYSINE 120ML.(PATAR),47
8.85712E+12,D-LYTE COMPLEX 50'S(TMAN),190
8.85712E+12,D-LYTE กลิ่นมะนาว 20G 50'S(TMAN),162
8.85712E+12,D-LYTE กลิ่นส้ม 20G 50'S(TMAN),162
8.85712E+12,D-LYTE กลิ่นสละ 20G 50'S(TMAN),162
8.85712E+12,D-LYTE กลิ่นสับปะรด 20G 50'S(TMAN),162
8.85712E+12,D-LYTE กลิ่นองุ่น 20G 50'S(TM)/ซอง,162
8.85963E+12,D-MOOD PROPOLIZ MOUTH SPRAY 20ML.,72
8.85281E+12,DOCAINE JELLY 30G.(LIDOCAINE)*เลิกผลิต*,84.5
8.85274E+12,DOIZ 50MG. 1x10'S(ITOPRIDE)SIAM,86.5
8.85635E+12,DOMERDON SUSPEN. 30ML.(DOMPERRIDONE),12
8.85651E+12,DOMINOX 10MG(DOMPERIDONE)100x10'S,289
8.85651E+12,DOMINOX SYR.30ML(DOMPERIDONE),12.5
8.85876E+12,DOM-M 100x10'S(DOMPERIDONE)7ดาว,499.5
8.85265E+12,DOMPERDONE 30ML (DOMPERIDONE),14.5
8.85899E+12,DOMPERIDONE-F 50x10'S/BX.(DOMPERIDONE),266.75
8.85314E+12,DOMP-M 50x10'S(DOMPERIDONE)ชุมชน,290
8.85876E+12,DOMSTAR SUS. 30ML.(DOMPERIDONE)7ดาว,12.5
40208,DONGBANG ORGANIC HERB (ชุดอบสมุนไพร),64
8.85895E+12,DOPROCT OINT 10G (CP),53
8.85895E+12,DOPROCT SUPPO 10'S(CP),53
8.85651E+12,DORMIN SOOTHING CR 15G.(TMAN),129.5
8.85147E+12,DORMIRAX 10MG 1000'S(hydroxyzine)*ขาว,208
8.85147E+12,DORMIRAX 10MG. 50x10'S/BX.,224.75
8.85147E+12,DORMIRAX 25MG(HYDROXYZINE) 10x10'S,125
8.85147E+12,DORMIRAX 25MG(HYDROXYZINE) 500'S,291
8.85274E+12,DOSANAC EMUL GEL 10G.,0
8.85274E+12,DOSANAC EMUL GEL 25G(DICLOFENAC),42
8.85274E+12,DOSANAC EMUL GEL 50G.(DICLOFENAC),60.75
8.85274E+12,DOSANAC 25(DICLOFENAC)10x10'S(SIAM),141
8.85274E+12,DOSANAC 25(DICLOFENAC)1x10'S,13.25
8.85274E+12,DOSANAC 50(DICLOFENAC)10x10'S(SIAM),260
8.85274E+12,DOSANAC 50(DICLOFENAC)1x10'S,15.5
8.85298E+12,DOSATE (OMEPLAZOLE 20MG.) 25x10'S/BX.,135
8.85635E+12,DOXIN 100MG. 25x10'S/BX(DOXY),362
8.85092E+12,DOXY 100MG.10x10(MASA)(เขียว),125.5
8.85905E+12,DOXY H.K. 50x10'S(DOXYCYCLINE 100MG.),357
8.85802E+12,DOXY NL 500 TABLETS(เหลือง),422
8.85188E+12,DOXYCLATE 100MG.500'S(TO)(เขียว),384
8.85712E+12,DOXYCYCLINE (7ดาว) 50x10'S,549.5
8.85335E+12,DOXYLCAP 50x10'S/BX.(DOXYCYCLINE)BKD.,607.25
8.85651E+12,DOXYMAN-100MG.25x10'S(DOXY)T.M,298
8.85977E+12,DOZEMO 10MG. 28'S(SANDOZ)สูตร ARICEP,1430
8.85977E+12,DOZEMO 5MG. 28'S(SANDOZ)สูตร ARICEP,832.25
8.85099E+12,D-PANTHENOL FOAM 80ML,284
8.85888E+12,D-PANTHENOL SPAY 115ML,166
8.85147E+12,D-PRAZOL 1x14'S(OMEPLAZOLE)TNP,30.75
42001,DR.ABSOLUTE (COLLAGEN 5000MG.) 20'S,443
8.85872E+12,DR.C C L5 30'S(580.-),241.5
8.85471E+12,DR.PHILLIPS BUBBLE GUM ORTHO WAX(ขี้ผึ้ง),44.75
8.85471E+12,DR.PHILLIPS DENTAL GRAPE WAX (ขี้ผึ้งจัดฟัน),44.75
8.85471E+12,DR.PHILLIPS DENTAL WAX MINT (ขี้ผึ้งจัดฟัน),44.75
8.85471E+12,DR.PHILLIPS MOUTH SPRAY 15ML.(MINT),57
8.85471E+12,DR.PHILLIPS ไหมขัดฟันชนิดมีด้าม 50ชิ้น(องุ่น),26.75
71031400152,DR.PHILLIPS ไหมขัดฟันชนิดมีด้าม 30 ชิ้น(ซองซิปล็อค),18.5
8.85471E+12,DR.PHILLIPS ไหมขัดฟันชนิดมีด้าม 50ชิ้น(เป๊ปเปอร์มิ้นท์),26.75
8.85471E+12,DR.PHILLIPS ไหมขัดฟันชนิดมีด้าม 50ชิ้น(สตอเบอรี่),26.75
8.85471E+12,DR.PHILLIPS กล่องตัดเม็ดยา(คละสี),36.75
8.85651E+12,DR.TEMP CANDY 6x2'S(TMAN),18.25
8.85651E+12,DR.TEMP CHILDREN 6'S/Bx.,18.25
8.85651E+12,DR.TEMP LAVENDER 6x2'S(TMAN),21.5
8.85651E+12,DR.TEMP สำหรับเด็กและผู้ใหญ่ 6x2'S/BX,16
8.85546E+12,DRAGON BLAM 15G.(ขาว),27
8.85892E+12,DRAGON MUSCLE RUB 30G.,28
8.85712E+12,DRAGON'S BLOOD SCAR CR.5G.,114.5
8.85857E+12,DRAMAMINE (DIMEN)10x10'S,148
8.85897E+12,DRESSET STERILE (TG.) 12 SET/BX.,13.5
8.85019E+12,DRESSING PACK STERILE 10'S/BX.(รถพยาบาล),127.5
,DRIVERMIDE -S 500 1'Sx10/แพ็ค(MEBEN.),87.5
8.85136E+12,DULAC GOLD PLUS สูตร1 600G.(แรกเกิด-1ปี),239
8.85089E+12,DULCOLAX 5MG.(BISACODYL)10x10'S/BX.,285
8.85136E+12,DUMEX GOLD PLUS สูตร3 รสจืด 600G.(1ปีขึ้น),242.25
8.85136E+12,DUMEX-ดูแลค สูตร1 320กรัม(แรกเกิด),122.5
8.85136E+12,DUMEX-ดูแลค สูตร1 600กรัม(แรกเกิด),232.5
8.85136E+12,DUMEX-ดูโกรสูตร3#น้ำผึ้ง 600กรัม,189
8.85957E+12,DUMONT SPRAY 12G.(LIDOCAIN 9.6G.),140.5
4.0058E+12,DUO ACTION 3'S,22.75
4.0058E+12,DUO GOLD 3'S,22.75
4.0058E+12,DUO NATURAL 3'S,20
8.85043E+12,DUO STRAW 3'S,22.75
7.68455E+11,DUODERM CGF 4x4 IN/10x10CMx5แผ่น/BX.,518
7.68455E+11,DUODERM EXTRA THIN 4x4 IN/10x10CMx10แผ่น/BX.,724
7.68455E+11,DUODERM HYDROACTIVE GEL 15G.(กล่องละ10หลอด),135
8.85347E+12,DUOGAS 1x14'S(OMEPRAZOLE 20MG.)MACRO,23
8.85347E+12,DUOGAS 35x10'S/BX.(OMEPLAZOLE)MACRO,430
8.00266E+12,DUPHALAC ORAL 15MLx20ซอง/กล่อง,354
8.8528E+12,DUPHALAC SOLUTION 100ML(ABBOTT),118.5
8.00266E+12,DUPHALAC SOLUTION 200ML(ABBOTT),221.5
8.8528E+12,DUPHASTON 10MG.20'S (DYDROGESTERONE)ABBOTT,490
8.85136E+12,DUPRO GOLD PLUS สูตร2 600G.(6เดือน-3ปี),287
8.85136E+12,DUPRO ซุปเปอร์มิกซ์ สูตร2 600กรัม,213
8.9014E+12,DURALYN-CR200MG.(THEOPHYLLINE)10x10'S,250
8.85147E+12,DURAN 400MG(IBUPROFEN) 10'S(TNP)*ขาวรี,19
8.85147E+12,DURAN 400MG(IBUPROFEN) 1x10'S(TNP)ชมพูกลม,18.75
8.85147E+12,DURAN 400MG. 50x10'S(TNP),528
8.85147E+12,DURAN 600MG(IBUPROFEN) 1x10'S(TNP)ขาวรี,25.5
8.85147E+12,DURAN SYP 60ML(IBUBROFEN),27.5
8.9014E+12,DURASAL-CR 10x10'S/BX.(SALBUTAMOL 4MG.),100
5.4139E+12,DURATEARS OINTMENT 3.5G(ALCON),104.5
8.85036E+12,DUREX INTENSE ORGASMIC GEL 10ML,523.25
5.0522E+12,DUREX K-Y JELLY 15G.,59.5
5.0522E+12,DUREX K-Y JELLY 50G.,119.75
5.03848E+12,DUREX PLAY CLASSIC 100ML.,170
8.85016E+12,DUREX PLAY CLASSIC 50ML.,92
5.03848E+12,DUREX PLAY STRAW 100ML(แดง),196
5.0522E+12,DUREX PLAY STRAW 50ML(แดง),120
8.85262E+12,DUSPATIN 135MG(MEBEVERINE)10x10'S,289
4.01934E+12,DYMISTA NASAL SPRAY (137/50MCG.),634
8.85314E+12,DYMOXIN 500MG.10x12'S(ชมพู-ขาว)ชุมชน,242.5
8.85314E+12,DYMOXIN 500MG.50x10'S(ชมพู-ขาว)ชุมชน,695
9.30081E+12,EAR PUTTY 1 PAIR.(ซิลิโคน),65.75
8.85882E+12,EARWAX 15ML(DOCUSATE 5MG.G)LSP,37.75
4.04281E+12,EASIFIX 2.5x2M 10ม้วน/BX.,55.75
4.04281E+12,EASIFIX 4CMx2Mx10ม้วน/BX.,66.75
4.04281E+12,EASIFIX 6CM.x2M.x10ม้วน/กล่อง,76
4.04281E+12,EASIFIX 8CM.x2M.x10ม้วน/กล่อง,87.5
8.85036E+12,EAZI BODY ACNE SOLUTION 30ML.,149.5
8.85036E+12,EAZI ASTRINZ GEL 10G.(พุพองน้ำร้อนลวก),126.5
8.85036E+12,EAZI EASING 10G.(แก้คัน),45
8.85036E+12,EAZI SCALP CARE 20ML(คัน รังแค),93.75
8.85036E+12,EAZI SOOTHING GEL 30G.,179
8.85036E+12,EAZI ZORIA CREAM 15G.(สะเก็ดเงิน),116.75
8.85394E+12,EBERIL 120MG. 1x5'S(สูตรARCOXIA)MEDLINE,52
8.85394E+12,EBERIL 120MG. 6x5'S(สูตรARCOXIA)MEDLINE,749
8.85394E+12,EBERIL 120MG.3x10'S(สูตร ARCOXIA),749
8.85394E+12,EBERIL 60MG.3x10'S(สูตร ARCOXIA),605
8.85394E+12,EBERIL 90MG. 1x5'S(สูตรARCOXIA)MEDLINE,43
8.85394E+12,EBERIL 90MG. 6x5'S(สูตรARCOXIA)MEDLINE,655
8.85394E+12,EBERIL 90MG.3x10'S(สูตร ARCOXIA),655
8.85878E+12,ECOSONE 15G.(ECONASON+TA.0.1),68.5
8.8592E+12,EDARBI 40MG.2x14'S(AZILSARTAN)TAKEDA,775
8.8592E+12,EDARBYCLOR 40/12.5MG. 28'S(AZILSAR+CHLORTHA),778.5
8.85252E+12,EDWARDS ALCOHOL GEL 70% 3.8L,386
8.85254E+12,EDWARDS CALAMINE LOTION 60ML.,17.5
8.85252E+12,EDWARDS เจลล้างมือ 470 ML( HAND GEL),125
1.21E+12,EFEXOR-XR 150MG.2x14'S.(VENLAFAXINE),2565
1.21E+12,EFEXOR-XR 75MG.2x14'S.(VENLAFAXINE),1405
8.85953E+12,EGG ALBUMIN ผงแอลบูมินไข่ 90เม็ด,450
8.85024E+12,EIDAR 3x10'S(DIACEREIN 50MG.)สูตรARTRODAR,99999
8.8595E+12,ELAMIND SOOTHING CREAM 25G.,383.25
51220416,ELASTIC BANDAGE 4 นิ้ว(ชมพู)(WINKUS),19.25
8.85141E+12,ELASTIC BANDE 2นิ้ว IZZI (B.P.C),8
51220616,ELASTIC BANDE 6 นิ้ว(ชมพู)WINKUS,29.5
8.8591E+12,"ELASTIC BANGAGE 2"" (LONG MED)",8
8.8591E+12,"ELASTIC BANGAGE 3"" (LONG MED)",11.5
8.8591E+12,"ELASTIC BANGAGE 4"" (LONG MED)",14.25
8.85454E+12,ELASTIC BANGAGE STANDA 6 นิ้ว(B.P.C.),32
8.88837E+12,ELASTIC CONFORMING 10CMx2.25M.(4นิ้ว)S&N,14
8.85924E+12,ELE WHITE MASK PLUS 50G.,382.25
8.85229E+12,ELECTROLYTE (รสส้ม) 40x20G./BX,0
4.0576E+12,ELEVIT วิตามินสำหรับก่อนและหลังตั้งครรภ์ 30'S,305.5
5.09915E+12,ELIDEL CREAM 1% 15G.(PIMECROLIMUS),764.5
5.41506E+12,ELIQUIS 5MG.60'S (APIXABAN)PFIZER,3200
8.85564E+12,ELLA SCAR CR.10G.,131
8.85564E+12,ELLA SCAR CR.20G.,234
8.85564E+12,ELLA SCAR CR.5G.,82
8.85546E+12,ELLEZIN 1x10'S(LEVOCETRIZINE 5MG.)MILLED,46
9.55626E+12,ELLGY H2O ARR CREAM 50G.,119
9.55626E+12,ELLGY H2O LOTION 250G.,184
9.55626E+12,ELLGY PLUS CRACKED HEEL CREAM 50G.,138.5
9.55626E+12,ELLGY PLUS D-FACTOR CREAM 50G,162
8.8518E+12,ELMEGO SPRAY 50ML(INDO 1%)CHINTA,61
8.85174E+12,ELMETACIN SPRAY (INDOMETHACIN)50ML.,125
8.40165E+11,ELOMET CR.15G(MOMETASONE 0.1%),197
8.40165E+11,ELOMET CR.5G(MOMETASONE 0.1%),92
8.85394E+12,ELONZA 100MG(SILDENAFIL) 2x2'S,793.5
51226502012,ELONZA 50MG(SILDENAFIL) 2x2'S,0
8.85899E+12,EMBLICOF COUGH MIXTURE 60ML,24.5
8.85147E+12,EMEX 1x10'S(DOMPERIDONE)TNP.,16.5
8.85394E+12,EMSON 3X10'S(UNISON)สูตรMYONAL,88
8.85209E+12,EMULAX 5MG(BISACODYL)1000'Sเหลือง,142.75
8.85209E+12,EMULAX 5MG. 100'S/ขวด(แพ็ค12ขวด),27.5
8.85209E+12,EMULAX 5MG. 10x10'S/BX.,59
8.85209E+12,EMULAX MOM 240ML,30
8.85699E+12,ENAF-150/3ML(ยาคุมฉีด) แพ็ค10ขวด,116.5
8.85266E+12,ENARIL 20MG 10x10'S(BIOLAB),90
8.85266E+12,ENARIL 5MG 10x10'S(BIOLAB),59
8.85511E+12,ENDOTHALYL 25x6'S (TCP.),300
8.85882E+12,ENDROPHINE MOUTH SPRAY 15ML.(BIOPHARM),92
8.88802E+12,ENERGIZER 522 9V 1'Sx12/BX.,79
8.88802E+12,ENERGIZER E91 AA PACK 2'Sx20/BX.,32
8.88802E+12,ENERGIZER E91 AA PACK 4'Sx20/BX.,49
8.88802E+12,ENERGIZER E92 AAA PACK 2'Sx20/BX.,32
8.88802E+12,ENERGIZER E92 AAA PACK 4'Sx20/BX.,63.25
9.31293E+12,ENERGIZER ECR 2032 1'Sx12/BX.,28.5
8.85002E+12,ENFAGROW A+ สูตร3 ชนิดจืด 550G.(1ปีขึ้น),269.5
8.85002E+12,ENFAGROW A+ สูตร3 วนิลา 550G.(1ปีขึ้น),269.25
8.71205E+12,ENFALAC A+ แล็คโตฟรี400G.(ท้องเสีย),370.5
8.85002E+12,ENFALAC A+ สูตร1 300G.(แรกเกิดถึง 1ปี),295.5
8.85002E+12,ENFALAC A+ สูตร1 550G.(แรกเกิดถึง 1ปี),514
8.85002E+12,ENFALAC A+ สูตร2 550G.(6เดือน-3ปี),428.5
8.85101E+12,ENO ซอง-มะนาว 60'S/กล่อง(ลัง48กล่อง),655
8.85101E+12,ENO ซอง-ส้ม 24'S(แพ็คใหม่),9.5
8.85101E+12,ENO ซอง-ส้ม 60'S/กล่อง(ลัง48กล่อง),655
8.71043E+12,ENSURE 250ML(CHOCOLATE)*ใหม่,59
8.71043E+12,ENSURE 250ML(VANILLA)*ใหม่,59
8.8528E+12,ENSURE 850G.(วนิลา)แพ็คคู่+วนิลากล่อง 150G.,1250
8.8528E+12,ENSURE 850G.(วนิลา)แพ็คคู่+สตอ400G.,1680
8.8528E+12,ENSURE DRINK 200ML(กลิ่นวนิลา)แพ็ค3กล่อง,137
8.8528E+12,ENSURE GOLD 1110G. (กลิ่นอัลมอนด์) *P,1156
8.8528E+12,ENSURE GOLD 1110G. (ธัญพืช) *P,1156
8.8528E+12,ENSURE GOLD 1110G.(370G.x3ถุง)กลิ่นวนิลา *P,1156
8.88645E+12,ENSURE GOLD 380G.(กลิ่นกาแฟ)ลัง 24 BT,468
8.88645E+12,ENSURE GOLD 380G.(กลิ่นอัลมอนด์)ลัง 24 BT,468
8.42703E+12,ENSURE GOLD 380G.(ช็อคโกแล็ต),468
8.71043E+12,ENSURE GOLD 380G.(วนิลา),468
8.88645E+12,ENSURE GOLD 380G.กลิ่นธัญพืช-หวานน้อย,468
8.88645E+12,ENSURE GOLD 800G.(กลิ่นกาแฟ) *P,848
8.88645E+12,ENSURE GOLD 800G.(กลิ่นอัลมอนด์) *P,848
8.71043E+12,ENSURE GOLD 800G.(ช็อคโกแล็ต)ลัง 12 BT *P,848
8.8528E+12,ENSURE GOLD 800G.(วนิลา)แพ็คคู่+วนิลา380G.,1960
8.88645E+12,ENSURE GOLD 800G.กลิ่นธัญพืช-หวานน้อย *P,848
8.8528E+12,ENSURE GOLD 800G.ธัญพืช แพ็คคู่+ธัญพืช 380G.,1984
8.71043E+12,ENSURE GOLD 800G.วนิลา ลัง 12 กระป๋อง *P,848
8.8528E+12,ENSURE GOLD HMB 3700 กรัม(กลิ่นวนิลา),3655
8.8528E+12,ENSURE&GLUCERNA กระเป๋าอเนกประสงค์คละลาย2025(PRO),0
3.58291E+12,ENTEROGERMINA ORAL 5MLx20'S/BX.(SANOFI),427.5
8.85394E+12,ENTIR 400MG.(ACICLOVIR)7x10'S/BX.,340.5
8.9928E+12,ENTRASOL PLATINUM 400G.(วนิลา),282
,ENZOXID,0
3.49932E+12,EPIDUO 0.1%/2.5% GEL 15G.,530.75
8.90114E+12,EPL -300(PHOSPHOLIPIDS)10x10'S(PML),470.5
8.85019E+12,EQUAL 50'S/BX,75.75
8.85019E+12,EQUAL TABLETS 100'S,76.5
8.85866E+12,ERBATOP ADVANCE INTENSIVE 50G.(9%UREA),170.75
8.85866E+12,ERBATOP ADVANCE INTENSIVE LOTION 75ML.,137.5
8.85866E+12,ERBATOP ADVANCE INTENTIVE FOOT CARE 30G.,89.5
8.85866E+12,ERBATOP -AI ADVANCE INTEN HAND CREAM 50G.,137.5
8.85866E+12,ERBATOP SOOTHING CARE A.I CREAM 7G.,69.5
8.85866E+12,ERBATOP SOOTHING CARE A.I CREAM 25G.,223
8.85866E+12,ERBATOP-AI CREAM 50G.,137.5
8.85867E+12,ERFUZIDE 30ML,22
8.85867E+12,ERFUZIDE 60ML,30
8.85867E+12,ERFUZIDE CAP.10x12'S,233.25
8.85274E+12,ERIMYCIN 60ML(ERYTHRO 200MG./5ML)SIAM,48.5
8.85254E+12,EROXADE 150MG. 10x10'S(ROXITROMYCIN),133
8.85422E+12,ESLORAY SYRUP 60ML.(สูตรAERIUS)MEIJI,92.5
8.85422E+12,ESLORAY TABLET 1x10'S(สูตรAERIUS)MEIJI,88.5
8.85024E+12,ESPENAL 10X10'S(SPS)สูตรMYONAL*S,233
8.99324E+12,ESPERSON CR 15G.(DESOXIMETASONE),83.5
8.85089E+12,ESPERSON CR 5G(DESOXIMETASONE),41.25
94003505,ESSENCE ALCOHOL HAND GEL 75% 60ML,36
8.85089E+12,ESSENTIALE FORT 9x10'S(SANOFI),948
8.85945E+12,ESTAPRAM 10MG.2x14'S(สูตร LEXAPRO),324
8.85945E+12,ESTAPRAM 20MG.2x14'S(สูตร LEXAPRO),519
4.71368E+12,ESTROMON 0.625MG(ESTROGEN)10x10'S,440
52001030895,ETHYL ALCOHOL 95% 450ML(วิทยาศรม),107.5
8.88502E+12,ETORICOXIB ALVOGEN 120MG.3x10'S(ARCOXIA),520.5
8.88502E+12,ETORICOXIB ALVOGEN 30MG.3x10'S(ARCOXIA),349.5
8.88502E+12,ETORICOXIB ALVOGEN 60MG.3x10'S(ARCOXIA),443
8.88502E+12,ETORICOXIB ALVOGEN 90MG.3x10'S(ARCOXIA),467.5
8.85188E+12,ETORICOXIB T.O. 90MG.3x10'S(สูตรARCOXIA),160
8.9013E+12,ETOXIB-120MG. 3x10'S(สูตรARCOXIA)ATLANTA,302.5
,ETOXIB-90MG.3X10'S/BX.(ARCOXIA),284
8.9013E+12,ETROBAX 120MG.1x7'S(สูตรARCOXIA)SUN,99999
8.85067E+12,EUCALYPTUS SPRAY จิงโจ้ 300ML*ใหม่,188
,EUCALYPTUS SPRAY จิงโจ้ 300ML.x2กป.(แพ็คคู่+ร่ม),378
1.88501E+13,EUCALYPTUS OIL 15ML(วิทยาศรม),34.25
8.85008E+12,EUCALYPTUS OIL 30ML(วิทยาศรม),51
8.85067E+12,EUCALYPTUS จิงโจ้ 28CC.,71.5
8.85067E+12,EUCALYPTUS จิงโจ้ 56ML,121.5
8.85067E+12,EUCALYPTUS จิงโจ้ 8.5CC.,32.75
8.85003E+12,EUCERIN SUNCREAM FR+SUNKID SPAY,988
8.85003E+12,EUCERIN SUNFLUID50 FR+SUNSPAY DRY,988
4.0059E+12,EUCERIN BABY WASH&SHAMPOO 400ML.,455.75
8.85003E+12,EUCERIN CAPILLAIRE RE-VITALIZING 250ML.(ผมร่วง),422.75
8.85003E+12,EUCERIN DPF ACNE&MAKE UP CLEAN SET,1053.5
4.0058E+12,EUCERIN DPF ACTIVE NIGHT 50ML,743
8.85003E+12,EUCERIN DPF CLEANSER 100ML,358.25
4.0058E+12,EUCERIN DPF CLEANSER 200ML,680.25
8.85003E+12,EUCERIN DPF CLEANSING WATER 200+200ML,1004
4.0058E+12,EUCERIN DPF HYDRATING DAY 50ML,743
8.85003E+12,EUCERIN HYALURON DAY&NIGHT FR3X DEEP,3244
5031820,EUCERIN HYDRO SERUM 20ML,0
4.0058E+12,EUCERIN MICRO Q10 DAY CREAM 50ML,1029
4.0058E+12,EUCERIN MICRO Q10 NIGHT CREAM 50ML,1172.25
8.85003E+12,EUCERIN PH5 LOTION 250ML *P,271.53
8.85003E+12,EUCERIN PH5 LOTION 400ML ธรรมดา *P,429
8.85003E+12,EUCERIN PH5 LOTION-F 400MLแห้งมาก *P,434
8.85003E+12,EUCERIN PH5 WASHLOTION 400ML,297
4.0058E+12,EUCERIN PH5 WHITE CLEANSING FOAM 150GM,585
4.0058E+12,EUCERIN PH5 WHITE CLEANSING GEL 150GM,591.5
8.85003E+12,EUCERIN PRO ACNE SUPER SERUM 30ML,836.5
8.85003E+12,EUCERIN PRO ACNE TONER 200ML,616.25
8.85003E+12,EUCERIN SHAMPOO ANTI-DANDRUFF 250ML.(รังแค),426.75
8.85003E+12,EUCERIN SUN DRY TOUCH SPF50+ 50ML,1049
4.0058E+12,EUCERIN SUN FLUID 50ML SPF50+,973.25
8.85003E+12,EUCERIN SUNOIL FR DPF CWT&CLEANSER,1053
8.85003E+12,EUCERIN ULTRA SENS. Q10X 50ML(DAY),819
8.85003E+12,EUCERIN WHITE THERAPY SET(ใหม่),0
8.85003E+12,EUCERIN แชมพู CAPILLAIRE 250ML,295.5
8.85003E+12,EUCERINE CLEAN MICELLAR 200ML 1แถม 1,606
8.85003E+12,EUCERINE DPFCLEAN WATER 200ML(ชิ้น2-50%),1019.25
4.0058E+12,EUCERINE SPORT CORRECTOR 5ML ฝ้า,879.25
8.85229E+12,EUCID CAPSULES 1x14'S/BX.(OMEPRAZOLE),21.5
8.80902E+12,EUN HA KOREAN RED GINSENG โสมสกัด 50'S,0
8.9013E+12,EUROFER (IRON+FOLIC)10x10'S,407
8.71465E+12,EUROFER-IRON SYRUP 60ML.,54
4.06184E+12,EUTHYROX 100MCG(LEVOTHYROXINE)4x25'S,161.5
4.06184E+12,EUTHYROX 50MCG(LEVOTHY)4x25'S *ใหม่,159
8.85712E+12,EVERFAME CHROMILATE 100'S,346
8.85712E+12,EVERFAME MAGZINOL 30 TABLETS,238.75
8.00266E+12,EVRA 3'S ยาคุมแผ่นแปะ,422
5202020,EXACTEST RSV RAPID TEST NASAL 20'S/BX.,93.75
8.85271E+12,EXATER THERMO PAD 30x45 cm.,1475
8.85271E+12,EXATER THERMO PAD 40x60CM(ใหญ่),1970
8.85874E+12,EXELFOS 3G GRANULES FOR ORAL SOLUTION 1'S,330.5
8.85236E+12,EXELON PATCH 10'S/BX.(NOVATIS),3300
8.85271E+12,EXETER 4 TIME A DAY PLANNER ตลับใส่ยา (สีขาว),56.5
8.85271E+12,EXETER 7-DAY PILL POCKET ตลับใส่ยา(วงกลม)สีขาว,56.5
8.85271E+12,EXETER COLD HOT GEL PACK 120G.(13x10.5CM.),99999
8.85271E+12,EXETER COLD HOT GEL PACK 350G.(กล่องแขวน),127.25
8.85271E+12,EXETER COLD HOT GEL PACK 350G.(กล่องแบน),127.25
8.85271E+12,EXETER EAR PLUGS SOFT FOAM 1คู่,86.5
8.85271E+12,Exeter ตลับใส่ยา 7 วัน สีขาว,59
8.85271E+12,EXETER ตลับใส่ยา 7 วัน สีน้ำเงิน,59
8.85236E+12,EXFORGE 10MG/160MG 28'S/BX.,880.75
8.85236E+12,EXFORGE 5MG/160MG 28'S/BX.,822
8.85236E+12,EXFORGE HCT 10MG/160MG/12.5MG.28'S/BX.,880
8.85546E+12,EXIB 120MG.3x10'S(สูตรARCOXIA)MILLIMED,225
8.85546E+12,EXIB 60MG. 3x10'S(สูตรARCOXIA)MILLIMED,236
8.85546E+12,EXIB 90MG.1x5'S(สูตรARCOXIA)MILLIMED,37
8.40165E+11,EXLUTON 28'S,85
8.85394E+12,EXPETAN 50x10'S(CARBOCIS 375MG.)UNISON,575
8.85082E+12,EXPLOR ROLLON FAIRLY 60ML(น้ำเงิน),30.5
8.85082E+12,EXPLOR ROLLON FALCON 60ML(ดำ),30.5
8.85082E+12,EXPLOR SPRAY FREEZE 60ML(เทา),46
8.85082E+12,EXPLOR SPRAY MAGNETIC 60ML(น้ำเงิน),46
8.85564E+12,EX-TEME 2X60'S+10'S,0
8.85892E+12,EXTERNAL ALCOHOL HAND GEL 55กรัม(เพนกวิน),0
5201403,EXTERNAL CATHETER 30MM.(สวมปัสสาวะ),17
5201435,EXTERNAL CATHETER 35MM.(สวมปัสสาวะ),17
5201440,EXTERNAL CATHETER 40MM.(สวมปัสสาวะ),17
8.85872E+12,EXTORANT 50x10'S(BROMHEX+GG)KENYAKU,353.29
8.9013E+12,EXTROBAX 90MG. 1x7'S(สูตรARCOXIA),84.5
8.85712E+12,EYE PAD 6CM.x8CM. 25'S/BX.(FIRST CARE),89.75
5162003,EYE PADS 25x1'S (TRAICHON),93.25
8.8546E+12,EYE PADS PMH 25 ชิ้น(HOF),96
8.85274E+12,EYEDEX 5ML(DEXA.+NEOMYCIN)10x5CC.,357
8.8519E+12,EYE-GENE SOFT 7.5ML(สีฟ้า),24.5
8.8519E+12,EYE-GENE น้ำเงิน 1/2 FL.OZ(15ML),27
8.8519E+12,EYE-GENE น้ำเงิน 1/4FL.OZ,22.5
8.9013E+12,EZENTIA 10MG. 2x14'S(EZETIMIBE)SUN,295.5
9.55626E+12,EZERRA CR.25G.,385
9.55626E+12,EZERRA LOTION 150ML,385
9.55626E+12,EZERRA PLUS CREAM 25G.,450
8.85068E+12,EZETIMIBE GPO 10MG. 3x10'S/BX.,132.5
8.85977E+12,EZETIMIBE SANDOZ 10MG 30'S,895
8.40165E+11,EZETROL 3x10'S (EZETIMIBE10MG.)MSD,1386
8.85394E+12,EZON-T OINT 10G (UNISON),37
8.85394E+12,EZON-T SOL 10ML (UNISON),41.5
25715684864,EZY-SLEEP FOAM EAR PLUGS 2คู่,62.75
6.9584E+12,FACE SHIELD แว่นตา +แผ่นใส 1ชิ้น,7
6191814,FACE SHIELD ยาง+แผ่น+แว่น/ชุด(รง.),12
8.8546E+12,FACLINDA 15ML.(CLINDAMYCIN)HOF,35.5
8.8571E+12,FACY WHITE BRIGHT GOLD ทิชชู่มาร์ค 12'S/BX.,52.5
8.8546E+12,FADAVAG VAGINAL 1'S/BX.(CLOTRI 500MG.)(HOF),30
8.8546E+12,FAGESIC 50x10'S/BX.(ORPHE+PARA),418.75
8.85147E+12,FALATIEN JUNIOR 60ML(LORATADINE)TNP,36.75
8.8546E+12,FALERM CREAM 5G.(ACYCLOVIR)HOF,18.5
8.85651E+12,FALETE 250/500'S(TRANEXAMIC)ขาว,705
8.85651E+12,FALETE 500/500'S(TRANEXAMIC)เทามุก,1315
8.85712E+12,FALETE CR.12G.,94
8.85018E+12,FAMILYGUARD SPRAY 280ML(เฟรช ฟลอรัล),114
8.85262E+12,FAMOC 20 10x10'S(FAMOTIDINE)BERLIN,130.5
8.85635E+12,FAMOSIA F/C 10x10'S(FAMOTIDINE 20MG.),65
8.85335E+12,FANGO 15G.(CLOTRI.),29.25
8.85335E+12,FANGO CREAM 5G.(CLOTRIMAZOLE),14
8.85899E+12,FANGO-BD 15GM.(CLOTRI+BETA)BKD.,29.5
8.85899E+12,FANGO-BD 5G.(CLOTRI+BETA),15.5
8.85924E+12,FAR INFARED PATCH 8x12 12'S หลัง เอว ท้อง(น้ำเงิน),249
8.85924E+12,FAR INFARED PATCH 8x12 4'Sหลัง เอว ท้อง (น้ำเงิน),92
8.85924E+12,FAR INFARED PATCH SCENT 8x12 12'S(ชมพู),283
8.85924E+12,FAR INFARED PATCH SCENT 8x12 4'S (ชมพู),95.5
8.85924E+12,FAR INFARED PATCH เข่า บ่า ไหล่ 10.5x15.5 12'S,307
8.85924E+12,FAR INFARED PATCH เข่า บ่า ไหล่ 10.5x15.5 4'S,103.5
8.85924E+12,FAR INFARED PATCH ทรงกลม 6ชิ้น(กล่อง10ซอง),99999
8.85335E+12,FARLOTAC 135MG.10x10'S (MEBEVERINE),285
8.85335E+12,FARMACEF 250MG(CEFUROXIME)1x10'S,87
8.85335E+12,FARMACEF 500MG(CEFUROXIME)1x10'S,142.75
8.85335E+12,FARMALEX 500 (CEPHALEXIN) 10x10'S(ส้ม-เทา),344.75
8.85394E+12,FASCAR 500MG.(CLARITHRO.)10x10'S,780
6.9528E+12,FASTEP TEAST COVID 1'S/BX.(NASAL SWAB),99999
8.85266E+12,FASTUM GEL 15G.(KETOPROFEN 2.5%),44.5
8.85266E+12,FASTUM GEL 30G.(KETOPROFEN 2.5%),78
8.85266E+12,FASTUM GEL 50G.(KETOPROFEN 2.5%),112
8.8546E+12,FATEC 10x10'S(สูตรZYRTEC),105.5
8.8546E+12,FATEC 50x10'S(สูตรZYRTEC),499.5
8.8546E+12,FATEC SYRUP 100ML(สูตรZYRTEC )PHAMAHOF,37.75
8.85024E+12,FATICIN CREAM 5G.(FUSIDIC ACID 2%)SPS,52
8.85343E+12,FAVOGAS 10'S (SIMETRICONE 80MG.),8.5
8.80644E+12,FAVOTAN 5/100(AMLO 5/LOSATAN 100)3x10'S,931.75
8.80644E+12,FAVOTAN 5/50(AMLO 5/LOSATAN50)3x10'S,788.75
8.9013E+12,FBC DAILY 30'S,104.75
8.9013E+12,FBC TABLET 20x100'S/กระปุก,61
,FEATURES DIGITAL THERMO (ปลายเเข็ง)ตั้งเต็มจิต,61.75
8.85907E+12,FEATURES DIGITAL THERMO(ปลายอ่อน)ตั้งเต็มจิต,74.5
8.85898E+12,FEBURIC 80MG. 30'S(FEBUXOSTAT),2378
8.85877E+12,FECOL 25x4'S/BX.,102
8.8572E+12,FEEL MOM BABY SOOTHING ลูกกลิ้งเสลดพังพอน10ML.,97.5
8.8572E+12,FEEL MOM เซรั่มหอมแดง 12ML.,71.5
8.0572E+12,FEEL MOM แอร์ อโรมาเทอราพี สเปรย์ 200ML.,123.5
8.8572E+12,FEEL MOM บาล์มบัวหิมะ 10ML.,112.5
4.71011E+12,FEELFREE WET WIPE 10'S/ซอง,99999
8.85879E+12,FEENA GEL 30G.(DICLOFENAC)(CMED),23
8.85879E+12,FEENA SPRAY 150ML.,206
8.85879E+12,FEENA SPRAY 50ML.,154.5
8.85899E+12,FEENOZE 0.05% 20ML(OXYMETAZOLINE),68.5
4.98719E+12,FEITAS DICLOFENAC PATCH 2'Sx15ซอง(แบ่งขาย),64.75
4.98719E+12,FEITAS DICLOFENAC PATCH 7'Sx5ซอง/BX.(แบ่งขาย),189.5
8.85266E+12,FELDENE 10MG.5x20'S,148.5
8.85335E+12,FELGESIC GEL 30G.(PIROXICAM),31.5
8.85262E+12,FELOPINE 5MG.(FELODIPINE) 3x10'S,72
8.85944E+12,FEMA GEL 25G.(DICLOFENAC)นครพัฒนา,17.5
8.85298E+12,FEMARATE 200MG.(FERROUS)1000'S(CPL),176
8.85298E+12,FEMARATE 200MG.(FERROUS)50x10'S,165
8.85546E+12,FEMINE 30 28'S(MILLIMED)แพ็คละ12แผง,43
8.85648E+12,FEMINIE MIXBERRY 20x30ML,26
8.85648E+12,FEMINIE MIXBERRY 7x30ML(กล่อง),175
8.8528E+12,FEMOSTON 1/10MG. 28'S(ESTRADIOL/DYDROGES),601
8.85024E+12,FENAFEX 180.(FEXOFENADINE)1x10'S,59.25
8.85024E+12,FENAFEX 60 (FEXOFENADINE)1x10'S *P,26
8.85274E+12,FENAMIC 250MG.10x10'S(MEFENAMIC),73.5
8.85274E+12,FENAMIC 500MG.10x10'S(สูตรPONSTAN),218.5
8.85347E+12,FENISAL 10MG.20x10'S(BACLOFEN)MACRO,505
8.85236E+12,FENISTIL GEL 20G(DIMETHINDENE),56
8.85546E+12,FERCIROL 10x10'S/BX.(IRON+FOLIC),342
8.85895E+12,"FERLI-6 20x30'S/BX.(FERROUS,FOLIC,B6)CP",274.5
8.85882E+12,FERROC PM DROP 15ML(IRON),49.25
8.85147E+12,FESPA 500MG.(MEFENAMIC)1x10'S TNP.,16.5
8.85895E+12,FESTA กลิ่นส้ม 40'S/BX.(ส้ม),3
8.85024E+12,FEXLORA 1x10'S(LORATADINE)เม็ดเคี๊ยว(SPS),46
8.85024E+12,FEXLORA KIDS 1x10'S(LORATADINE)เม็ดเคี๊ยว(SPS),41.5
8.71465E+12,FEXOFAST-180 5X10'S(สูตรTELFAST)FEXO,293
8.71465E+12,FEXOFAST-180MG 1x10'S(FEXOFENADINE),63.25
8.85335E+12,FEXOTINE 60.(FEXOFENADINE)1x10'S(แพ็ค10),25.5
8.85712E+12,FIBER MATE 8G.x20'S(T.MAN),340
8.85651E+12,FIBER MATE JELLY STRIP 10ซอง/กล่อง(TMAN),192
8.85651E+12,FIBER MATE KIDDY 60G.,154
8.85109E+12,FIBERTIN 6G.x15'S/BX.(INPAC),257
8.85262E+12,FIBRIL 160MG.3x10'S.(FENOFI.),173
8.85945E+12,FICEF 100MG. 1x10'S(สูตร CEFSPAN),134
8.85589E+12,FILL FRESH CAST COMFORT 200ML(ฉีดเฝือก),267.25
8.85945E+12,FINASCAR 5MG.3x10'S (FINASTERIDE),210
8.85945E+12,FINASCIA(FINASTERIDE 1MG.)3x10'S MILLIMED,188
8.85899E+12,FINASTERIDE 1MG.3x10'S/BX.(BKD),218
8.85924E+12,FINGER PLASTER 6'S(SOS),18
8.85907E+12,FINN 4'S,217
8.85274E+12,FIRIDE 1MG.(FINASTERIDE)3x10'S.,275
8.85274E+12,FIRIDE 5MG.(FINASTERIDE)3x10'S.,458
8.85712E+12,FIRST CARE 10x10CM./BX.(สูตรBACTIGRAS),68
8.8546E+12,FISH OIL 1000MG. 60'S(PHARMAHOF),155
8.85209E+12,FISH OIL 10'S (PIPPERMINT)BIOPHARM,0
4.16152E+12,FISH OIL OMEGA-3 30'S(THP),130
96122839,FISHERMAN BLACKCURRANTม่วง-ขาว24'S/BX.,28
50390168,FISHERMAN CITRUS 24'S/BX,28
96091852,FISHERMAN HONEY สีครีมลาย 24'S/BX.,28
96183298,FISHERMAN MIXED BERRIES 24ซอง/BX,28
96098929,FISHERMAN RASPBERRY 24'S/BX.(ชมพู-ขาว),28
96192870,FISHERMAN SF LEMON เหลือง-ขาว 24'S/BX.,28
96083864,FISHERMAN SPEARMINT 24'S/BX.,28
50043224,FISHERMAN สีเขียวมิ้นท์ 24'S/BX.,28
50043231,FISHERMAN สีเขียว-สีขาว 24'S/BX.,28
5.00036E+12,FISHERMAN สีเหลือง-อานีซีด 24'S/BX.,28
50084425,FISHERMAN สีแดง-สีขาว-เชอรี่ 24'S/BX.,28
5.00036E+12,FISHERMAN สีขาว-ออริจินัล 24'S/BX.,28
5.00036E+12,FISHERMAN สีฟ้า-สีขาว-ออริจินัล 24'S/BX.,28
50043217,FISHERMAN สีส้ม-ขาว-สไปซี่ 24'S/BX.,28
8.85964E+12,FIT B COMPLEX + ZINC 15'S,481
8.85964E+12,FIT BEROC วิตามินเม็ดฟู่ กลิ่นส้ม 7'S/กล่อง,74
8.85964E+12,FIT BEROC วิตามินเม็ดฟู่ รสมิกซ์เบอรี่ 7'S,74
8.85964E+12,FIT BIOTIC 15'S(เม็ดฟู่),726
8.85964E+12,FIT C -ACEROLA CHERRY 15'S(เม็ดฟู่),87.5
8.85964E+12,FIT C HIGH วิตามินเม็ดฟู่ 7'S/กล่อง,59.75
8.85964E+12,FIT C SHOT VIT-C+D3 2G.x30'S/BX.,165.75
8.85964E+12,FIT CDB 7'S (เม็ดฟู่รสส้ม),74
8.85964E+12,FIT CEE กลิ่นสตอเบอรี่ 12ซอง/กล่อง,62
8.85964E+12,FIT CEE กลิ่นส้ม 12ซอง/กล่อง,62
8.85964E+12,FIT CEE กลิ่นองุ่น 12ซอง/กล่อง,62
8.85964E+12,"FIT COLLAGEN DIPEPTIDE 10,000MG. 15G.x12ซอง",463.5
8.85964E+12,FIT DHA นมอัดเม็ดชนิดเคี้ยว 12ซอง/กล่อง(รสโกโก้),187
8.85964E+12,FIT HERBAL MOUTH SPRAY 15ML,70.75
8.85964E+12,FIT I-CAL PLUS 30'S(CEMED),224
8.85964E+12,FIT M - MULTIVITAMIN 15'S(เม็ดฟู่),87.5
8.85964E+12,FIT MAGNESIUM 15'S,210.5
8.85964E+12,FIT MILK CAL CHEWABLE 12'S/กล่อง,185.5
8.85879E+12,FIT MILK CAL KID CHEWABLE 5G.x12'S/BX.,360
8.85879E+12,FIT MILKCAL CALCIUM COMPLEX 851MG.90'S,250.5
8.85964E+12,FIT MUNE IMMUNE BOOSTER 15'S,807.5
8.85964E+12,FIT MUNNIES PREBIOTIC 10G.x10ซอง,501.75
8.85964E+12,FIT POST BIOTIC 2G.x30'S/BX.,1003
8.85964E+12,FIT POSTBIOTIC 20G.x10'S/BX.,298.5
8.85964E+12,FIT PROBIOTIC SHOT 2G.x10ซอง/BX.,186
8.85964E+12,FIT PROBIOTIC SHOT 2G.x30'S,536
8.85964E+12,FIT RED ORANGES 15'S(เม็ดฟู่),180.25
8.85964E+12,FIT SOFT & CLEAN ALCOHOL SPRAY 70ML,74.5
8.85964E+12,FIT WHEY BCAA 40G.x10'S/BX(รสชานม),814
8.85964E+12,FIT WHEY PROTEIN 35G.x10'S/BX.(กลิ่นโยเกิร์ต),814
8.85964E+12,FIT WHEY PROTEIN 35G.x10'S/BX.(รสมิกเบอรี่),814
8859642,FIT หัวปลีชนิดผง 15G.x10ซอง/BX.,63.5
8.85037E+12,FITNE CAP.1X20'S.พริกไทย,90.75
8.85037E+12,FITNE COFFEE COLLAGEN150G.10'S,84.25
8.85037E+12,FITNE COFFEE FIBER 10'S,104.5
8.85037E+12,FITNE COFFEE แอ๊ปเปิล+ทับทิม10'S,104.5
8.85037E+12,FITNE COFFEE ถั่วขาว 10'S,93.5
8.85037E+12,FITNE-เก๊กฮวย(20G) 8ซอง/ถุง,41.5
8.85037E+12,FITNE-เก๊กฮวย(37.5G) 15ซอง/ถุง,71.5
8.85037E+12,FITNE-เก๊กฮวย(75G) 30ซอง/ถุง,129.5
8.85037E+12,FITNE-ชาเขียว(18.8G) 8ซอง/ถุง,40.75
8.85037E+12,FITNE-ชาเขียว(35.25G) 15ซอง/ถุง,71.5
8.85037E+12,FITNE-ชาเขียว(70.5G) 30ซอง/ถุง,128.5
8.85037E+12,FITNE-ดั้งเดิม(20G) 10ซอง/ถุง,41.5
8.85037E+12,FITNE-ดั้งเดิม(40G) 20ซอง/ถุง,71.5
8.85037E+12,FITNE-ดั้งเดิม(80G) 40ซอง/ถุง,130.5
8.85037E+12,FITNE-สตรอว์เบอรี่(15.05G) 7ซอง/ถุง,41.5
8.85037E+12,FITNE-สตรอว์เบอรี่(25.8G) 12ซอง/ถุง,71.5
8.85964E+12,FITT ANDROLIS MOUTH SPRAY 15ML.,72
8.85879E+12,FITT-C 500 3x10'S (CMED),83.25
8.85964E+12,FIT-ZN ZINC AMINO ACID 2G.x30'S/BX.,193.5
8.85141E+12,FIXNET ตาข่ายสวมนิ้ว ไซด์ 0,31.5
4.04281E+12,FIXOMULL STRETCH 10CMx10M.(BSN),410.5
4.04281E+12,FIXOMULL STRETCH 10CMx2M/BX.(BSN),76.5
4.04281E+12,FIXOMULL TRANSPARENT 10CMx10M.(กันน้ำ),890
4.04281E+12,FIXOMULL TRANSPARENT 5CMx10M (กันน้ำ),543.5
8.85274E+12,FLAMIC GEL 25G.(PIROXICAM)SIAM,44
8.85274E+12,FLAMIC GEL 50G.(PIROXICAM)SIAM,61.5
8.85266E+12,FLANIL CR.100G. (BIOPHARM),62.5
8.85266E+12,FLANIL CR.30G. (BIOPHARM),22
8.85266E+12,FLANIL CR.60G. (BIOPHARM),39.5
8.85343E+12,FLAVA SOY CAPSULE 60'S(ไฟโตแคร์),232
8.85188E+12,FLAVORIN 10x10'S(FLAVOXATE 100MG.)(TO),188
7.50364E+11,FLAXSEED OIL 30'S(THP),241.5
8.85203E+12,FLEMEX KIDS 60CC(ลัง 50 ขวด),40.75
8.85203E+12,FLEMEX SYR.120CC.ญ.,79.5
8.85203E+12,FLEMEX SYR.60CC.เล็ก,48
8.85203E+12,FLEMEX TAB 50x10'S,1410
8.85203E+12,FLEMEX-ACOD 600MG. 30'S(สูตรNACLONG),375.5
8.85203E+12,FLEMEX-ACOD 600MG.10'S(สูตรNACLONG),134.75
8.85262E+12,FLEMING 1000MG. 1x10'S(AUGMENTIN) BERLIN,94
8.85262E+12,FLEMING 1000MG.10x10'S(AUGMENTIN)BERLIN,767.5
8.85262E+12,FLEMING 457.(AMOX400+CLA.57)70ML,116
8.85203E+12,FLEMOMILE ADVANCE MOUTH SPRAY 10ML,67
8.85353E+12,FLEXY GEL 30G.(DICLOFENAC)TP,24.5
8.85353E+12,FLEXY GEL 60G.(DICLOFENAC),56.5
8.85101E+12,FLIXONASE 120 SPRAYS(FLUTICASONE),443.75
8.85394E+12,FLOCTIL 100MG/5ML.(สูตรZITHROMAX),75.75
8.85394E+12,FLOCTIL 200MG/15ML.(สูตรZITHROMAX),93
8.85394E+12,FLOCTIL 250MG.6'S(AZITHROMYCIN),50
8.8583E+12,FLORA 30'S/กล่อง,82.5
8.85869E+12,FLORA COLLA 15 เม็ด/กล่อง,178
8.85965E+12,FLORA PLUD 450CC.(1ลัง/24ขวด),159
8.85965E+12,FLORA PLUD 750ML.,215.75
8.85977E+12,FLORACTO PROBIOTICS 14'S(SANDOZ),128
8.85546E+12,FLOWAMED POWDER 1500MG. 30'S/BX.(MILLIMED),260
8.85022E+12,FlOWNOTE 15G./ซอง (สมุนไพรแก้หวัด),8.5
8.85898E+12,FLOWZINE 50x10'S(CINNARIZINE)V.S.,163
8.85545E+12,FLOXCIPRO 500MG.10x10'S(CIPROFLOX)สหแพทย์,131.75
8.85147E+12,FLOXIMED 400MG. 50x10'S(NORFLOX),697
8.85546E+12,FLOXY EAR DROP 5ML(OFLOXACIN)Millimed,186.75
8.85274E+12,FLUCOZOLE 100MG.5x10'S(SIAM),426.75
8.85274E+12,FLUCOZOLE 150MG.(FLUCO.)1x1'สยาม,26.25
8.85274E+12,FLUCOZOLE 200MG.5x10'S.(SIAM),747.75
8.85266E+12,FLUDAN 5MG.50x10'S(FLUNARIZINE)BIOPHARM,369.5
8.85281E+12,FLUDIZOL 200MG.10x5'S(FLUCO.)M&H,253.5
8.71465E+12,FLUIFORT SACHET 50'S/BX.(CARBOCISTEINE),1460
8.71465E+12,FLUIFORT SYR.120ML(CARBOCIS),188
8.71465E+12,FLUIFORT SYR.40ML(CARBOCISTEINE),77.25
8.85635E+12,FLUIMUCIL 300MG. 5หลอดx3ML./กล่อง,166.75
8.85635E+12,FLUIMUCIL-A 200MG.30'S/BX.,187.5
8.85635E+12,FLUIMUCIL-A 600MG.5x2'S/BX.,147.75
8.85188E+12,FLUNCO 200MG.5x10'S/BX.(FLUCO)TO,230
8.85147E+12,FLUNOBATE-N 15G.(FLUO.+NEOMYCIN),44
8.85089E+12,FLUOCARIL-ยาสีฟัน 35กรัม,9
8.85203E+12,FLUOMIZIN VAGINAL 10MG.(DEQUALINUIM) 6'S/BX.,133.5
8.85493E+12,FLUOPH EYE DROP 5ML(FLUOROMETHOLONE 0.1%),52.5
61518,FLUORIDE 0.25MG. 100'S(GPO),32
8.85188E+12,FLUOXINE 20MG(FLUOXETINE)50x10'S,7.5
8.8596E+12,FLUSH ผงเกลือรีฟิล 30 ซอง/กล่อง,53
8.85876E+12,F-M JELLY 15G.,29
8.85501E+12,F-MIN 100x10'S กล่องใหญ่(FOLIC)(PATAR),226.5
4.897E+12,FML EYE DROP 5ML(0.1%)ALLERGAN,85.75
9.55626E+12,FOBAN OINTMENT 15G.(FUCIDIN)HOE,98.75
9.55626E+12,FOBANCORT CR.15G.(FUSIDIC+BETADIPRO),100
8.85501E+12,FOLI-C 100 TABLETS สูตร FBC,40
612032012,FOLI-C 5x100'S(สูตร FBC)(PATAR),111
8.85068E+12,FOLIC ACID GPO 5MG.1000'S,224
8.85895E+12,FOLIC ACID TABLET 100x10'S (CP),463.5
8.85298E+12,FOLIC TAB 100x10'S (CPL),365
8.85298E+12,FOLIC TABLET 100'S(CPL),22.5
8.85274E+12,FOLIVIT (FOLIC 5MG.)100'S/ขวด(SIAM),115.5
8.85856E+12,FORAMOL 10'S(PARA 500MG.)42,23
8.85712E+12,FOREHEAD.THERMO.(NANOMED)วัดไข้,40
3.58219E+12,FORLAX POWDER 10G. 20'S/BX. ยาระบาย,240
8.40165E+11,FORTZAAR 100/25(LOSATAN+HCTZ)3x10'S,1020
5.00046E+12,FORXIGA 30'S(DAPAGLIFLOZIN 10MG.)ASTRA,1525
9.31794E+12,FOSAMAX PLUS 70MG./2800IU 4'S/BX.,1215.25
8.40165E+11,FOSAMAX PLUS 70MG./5600IU 4'S/BX.,1325
8.80672E+12,FOTAGEL SUS.20ML 20'S(สูตร SMECTA) รสเมล่อน,429.5
6200223,FOTTY 10'S/แผง (แก้หวัด)ไบร์วู๊ด,99999
8.85886E+12,FOX 400 1x10'S(NORFLOXACIN)NIDA,16
8.85945E+12,FRESH CLEAR EYE WASH 10BOTx20ML(ล้างตา),64.75
8.85945E+12,FRESH CLEAR EYE WASH 10'Sx10ML(ล้างตา),35.75
8.85945E+12,FRESH CLEAR EYE WASH 5x20ML(ล้างตา),34.5
1.88593E+13,FRIZ-C มะนาว 15ซองX100'S/BX,148
1.88593E+13,FRIZ-C สตอร์ 15ซองX100'S/BX,145.25
1.88593E+13,FRIZ-C ส้ม 15ซองX100'S/BX,145.25
1.88593E+13,FRIZ-C สับปะรด 15ซองX100'S/BX,145.25
1.88593E+13,FRIZ-C องุ่น 15ซองX100'S/BX,145.25
8.85394E+12,FTOROCORT 0.1% 15G.(TRIAMCINOLONE),35.5
5.70219E+12,FUCICORT 15 GM. *P,207.5
5.70219E+12,FUCICORT 5 GM. *P,98.75
5.70219E+12,FUCIDIN CR 15G.ญ.(FUSIDIC ACID),174
5.70219E+12,FUCIDIN CR 5G.ล.(FUSIDIC ACID),87.5
5.70219E+12,FUCIDIN OINT 15G(FUSIDATE 2%),165.5
5.70219E+12,FUCIDIN OINT 5G(FUSIDATE 2%),88
5.70219E+12,FUCIDIN-H 5 GM.,94
5.06034E+12,FUCITHALMIC EYE-DROPS 5G.,101.25
8.85651E+12,FUDIC CREAM 5G.(FUSIDIC 2%)TMAN,36.75
8.85651E+12,FUDIC-B 5G.(FUSIDIC+BETA)TMAN,43.5
8.85058E+12,FUGACAR 500MG(MEBENDAZOLE) 1'S/แพ็ค10,27.75
8.85281E+12,FUNA 1'S/BX.(FLUCONAZOLE)L.B.S,11.5
8.85266E+12,FUNGAZOL 200(KETOCONAZOLE)25x10'S,464.5
8.85266E+12,FUNGAZOL SHAMPOO 150ML(สูตรNIZORAL),119.5
8.85895E+12,FUNGICON 3'S(CLOTRIMAZOLE 200MG.)CP,33.75
8.85895E+12,FUNGICON CREAM 15G.(CLOTRIMAZOLE)CPL.,24.5
8.85229E+12,FUNGIDERM 0.5G.1'S เหน็บ,29.5
8.85229E+12,FUNGIDERM 6'S/เหน็บ,34.75
8.85229E+12,FUNGIDERM CREAM 5G.(CRITRIMAZOLE),17.5
8.85229E+12,FUNGIDERM-B CR 10G(CLOTRI+BETA),30.25
8.85229E+12,FUNGIDERM-B CR 20G,52
8.85229E+12,FUNGIDERM-B CR 5G(CLOTRI+BETAMETHA),18
8.85229E+12,FUNGIDERM-K 50ML(สูตร NiZORAL),42.5
8.85229E+12,FUNGIDERM-K 5G.(KETOCONAZOLE),18
8.85944E+12,FUNGI-M CREAM 10G.(MICONAZOLE),21.5
8.85944E+12,FUNGI-M CREAM 5G. (MICONAZOLE),14
8.85877E+12,FUNGINOX SPRAY 25ML.(ใหม่)ส.เจริญ,139.75
8.85857E+12,FURANO เม็ดฟู่ทำความสะอาด 24'S (กุหลาบ) *P,85.5
8.85857E+12,FURANO เม็ดฟู่ทำความสะอาด 24'S (ชาเชียว) *P,85.5
8.85857E+12,FURANO เม็ดฟู่ทำความสะอาด 24'S (สีฟ้า) *P,85.5
8.85857E+12,FURANO เม็ดฟู่ทำความสะอาด 4'Sx12ซอง/BX.(ชมพู),305
8.85857E+12,FURANO เม็ดฟู่ทำความสะอาด 4'Sx12ซอง/BX.(ชาเขียว),305
8.85857E+12,FURANO เม็ดฟู่ทำความสะอาด 4'Sx12ซอง/BX.(มิ้นสีฟ้า),305
8.85857E+12,FURANO น้ำยาบ้วนปากสำหรับคนจัดฟัน 500ML.,104.5
8.85274E+12,FURETIC 40MG.10x10'S/BX.(FUROSEMIDE),214
8.85545E+12,FUROMIDE 500MG. 100'S(FUROSIMIDE)สหแพทย์,312
8.85802E+12,FUROSIC (FUROSEMIDE 40MG.)50x10'S(NL),193.5
8.85802E+12,FUROSIC 40MG(FUROSEMIDE) 500'S(NL),128.75
8.85147E+12,FUROX 30ML.(NIFUROXIDE),24
8.85147E+12,FUROX 60ML.(NIFUROXAZIDE),41
8.85899E+12,FUSIDERM CREAM 5G.(สูตรFUCIDIN),44.75
51131200944,FUTURO ABDOMEN (SIZE L) หน้าท้อง,615
51131200937,FUTURO ABDOMEN (SIZE M) หน้าท้อง,623
51131200760,FUTURO BACK SUPPORT ( L-XL) *P,1244.5
51131201552,FUTURO BACK SUPPORT (S-M) สีเทา *P,1244.5
51131212718,FUTURO DUAL KNEE STRAP พยุงลูกสะบ้าแถบรัดคู่ *P,459
51131211407,FUTURO FOOT (ADJ) ฝ่าเท้า *P,629
51131200685,FUTURO KNEE STARP ADJ พยุงใต้หัวเข่า(สีดำ) *P,336.5
51131201408,FUTURO SPORT ADJ KNEE เปิดสะบ้า (สีดำ) *P,667.5
51131201569,FUTURO SPORT ADJ. KNEE(เสริมแกน)สีดำ *P,760.75
51131198548,FUTURO THUMB พยุงนิ้วหัวแม่มือ(L-XL)สีดำ *P,542.75
72140458416,FUTURO THUMB พยุงนิ้วหัวแม่มือ(S-M)สีเนื้อ,492
51131198555,FUTURO THUMB พยุงนิ้วหัวแม่มือ(S-M)สีดำ *P,555.5
51131200791,FUTURO WARP AROUND ANKLE-พยุงข้อเท้า (L) *P,261
51131200777,FUTURO WARP AROUND ANKLE-พยุงข้อเท้า (S) *P,251.5
51131200784,FUTURO WARP AROUND ANKLE-พยุงข้อเท้า(M) *P,261.5
51131201415,FUTURO WRIST ADJ ข้อมือมีห่วงรองรับ(สีดำ) *P,211.5
51131201606,FUTURO WRIST NIGHT SUPPORT ADJ 1'S/BX. *P,506.75
51131201392,FUTURO WRIST SUPPORT STRAP #สีดำ *P,231
51131200913,FUTURO WRIST SUPPORT STRAP#สีเนื้อ *P,231
51131194335,FUTURO อุปกรณ์พยุงข้อเท้า รุ่นเบสิค SIZE L *P,116.5
51131194328,FUTURO อุปกรณ์พยุงข้อเท้า รุ่นเบสิค SIZE M *P,116.5
51131194267,FUTURO อุปกรณ์พยุงหัวเข่า รุ่นเบสิค SIZE L *P,116.5
51131194250,FUTURO อุปกรณ์พยุงหัวเข่า รุ่นเบสิค SIZE M *P,116.5
51131194274,FUTURO อุปกรณ์พยุงหัวเข่า รุ่นเบสิค SIZE XL *P,116.5
51131201033,FUTURO-ANKLE-ชนิดสวมข้อเท้า (L) *P,255.5
51131201026,FUTURO-ANKLE-ชนิดสวมข้อเท้า (M) *P,255.5
51131201019,FUTURO-ANKLE-ชนิดสวมข้อเท้า (S) *P,255.5
51131201002,FUTURO-KNEE-เข่า (L) *P,267.5
51131200999,FUTURO-KNEE-เข่า (M) *P,267.5
51131200982,FUTURO-KNEE-เข่า (S) *P,267.5
51131200586,FUTURO-KNEE-เข่า (XL) *P,267.5
51131200753,FUTURO-KNEE-เข่าเสริมแกนเปิดสะบ้า (ไซส์ L) *P,578.5
51131200746,FUTURO-KNEE-เข่าเสริมแกนเปิดสะบ้า (ไซส์ M) *P,578.5
51131200739,FUTURO-KNEE-เข่าเสริมแกนเปิดสะบ้า (ไซส์ S ) *P,578.5
8.90407E+12,FUVIZEN CREAM 15G(FUSIDATE 2%)ABCA,80.75
5.00016E+12,FYBOGEL ส้ม 3.5Gx10'S,187
8.85713E+12,G CAP หมวกคลุมผม สีเขียว 100'S,69.75
8.85975E+12,G CAP หมวกคลุมผม สีเขียว 10'S,12.5
8.85975E+12,G CAP หมวกคลุมผม สีฟ้า 10'S,12.5
8.85975E+12,G CAP หมวกคลุมผม สีขาว 100'S,69.75
8.85975E+12,G CAP หมวกคลุมผม สีขาว 10'S,10.5
8.85975E+12,G LUCKY BUDDY COTTON BUD 2WAY 50'S,48.5
8.85975E+12,G LUCKY FIT 3D หน้ากากอนามัย 3ชั้น 30'S(สีขาว),49.5
8.85975E+12,G LUCKY FIT 3D หน้ากากอนามัย 3ชั้น 30'S(สีดำ),49.5
8.85975E+12,G SURE PLUS BABY WIPES 20'S/PCS.,6.75
8.85975E+12,G SURE PLUS COOLING WIPES 10'S/PCS.,7.75
8.85975E+12,G SURE PLUS ผ้าอ้อมแบบเทป ไซซ์ L (24ชิ้น),305
8.85975E+12,G SURE PLUS ผ้าอ้อมแบบเทป ไซซ์ L(10ชิ้น),112.75
8.85975E+12,G SURE PLUS ผ้าอ้อมแบบเทป ไซซ์ L-XL(24ชิ้น),262.5
8.85975E+12,G SURE PLUS ผ้าอ้อมแบบเทป ไซซ์ M(10ชิ้น),110
8.85975E+12,G SURE PLUS ผ้าอ้อมแบบเทป ไซซ์ M(28ชิ้น),305
8.85975E+12,G SURE PLUS ผ้าอ้อมแบบเทป ไซซ์ XL(10ชิ้น),110
8.85975E+12,G SURE PLUS ผ้าอ้อมแบบเทป ไซซ์ XL(20ชิ้น),285
8.85975E+12,G SURE PLUS ผ้าอ้อมแบบเทป ไซซ์ XL(30ชิ้น),370
8.85975E+12,G SURE PLUS ผ้าอ้อมแบบกางเกง ไซซ์ L(10ชิ้น),133.5
8.85975E+12,G SURE PLUS ผ้าอ้อมแบบกางเกง ไซซ์ M(11ชิ้น),139
8.85975E+12,G SURE PLUS ผ้าอ้อมแบบกางเกง ไซซ์ XL(9ชิ้น),150.75
70942003087,G.U.M END-TUFT แปรง/ด้าม,78.5
70942007245,G.U.M ORTHO WAX MINT,78.25
70942914147,G.U.M TRAV-LER 1.1,135
70942916141,G.U.M TRAV-LER 1.6MM. 4'S,0
70942302777,G.U.M TUNGUE CLEANER (แปรงลิ้น),92
70942504751,G.U.M. MICRO TIP TB SENSITIVE(แปรง),64.5
70942004602,G.U.M. SUPER TIP TB SOFT FULL(แปรง),53.25
70942916127,G.U.M. TRAV-LER 1.4,135
70942011556,G.U.M.BUTLERWEAVE เส้นแบน,61
70942501248,G.U.M.ORTHODONTIC NO.124,61
8.85898E+12,GABANIL 300MG 10x10'S(GABAPENTIN)PML,256
8.85898E+12,GABANIL 400MG. 10x10'S/BX.(PML)(GABAPENTIN),344.5
8.85898E+12,GABANIL 600MG. 10x10'S/BX.(PML)(GABAPENTIN),471
8.85068E+12,GABAPENTIN 100MG.10x10'S(GPO)เขียว,175
8.85977E+12,GABAPENTIN 100MG.10x10'S(SANDOZ),523
8.85068E+12,GABAPENTIN 300MG.10x10'S(GPO)ส้ม,295
8.85977E+12,GABAPENTIN 300MG.10x10'S(SANDOZ),845
8.85267E+12,GABAREX 300MG.10x10'S(GABAPENTIN)RX.,308
8.85274E+12,GABUTIN 100MG.(GABAPENTIN)10x10'S(SIAM),443
8.85274E+12,GABUTIN 300MG.(GABAPENTIN)10x10'S(SIAM),842
8.85274E+12,GABUTIN 600MG.(GABAPENTIN)10x10'S(SIAM),1498.5
8.85266E+12,GALE 10'S(CYPROTERONE 50MG.)ANDROCUR,249.75
8.85281E+12,GALEPTIN 300MG.10x10'S(M&H)GABA./สีครีม,298
8.85236E+12,GALVUS 50MG.56'S(14x4'S),1198.5
8.85236E+12,GALVUS MET 50/1000 MG.6x10'S(NOVATIS),1288
8.85236E+12,GALVUS MET 50/500 MG.6x10'S(NOVATIS),1288
8.00266E+12,GANATON 50MG. 10'S(ITOPRIDE),144
8.85712E+12,GANO-500(TETRA)1x10'S(แพ็ค12),43.5
8.85343E+12,GANOLIN CAP หลินจือ 2'S(ไฟโตแคร์),22
8.85343E+12,GANOLIN CAP หลินจือ 3x10'S(ไฟโตแคร์),283
8.85314E+12,GAPENTIN 300MG.10x10'S/BX.ชุมชน,426
8.85017E+12,GARAMYCIN (GENTAMYCIN)CR.0.1%15G.,101.5
8.85327E+12,GARLIC OIL 90'S(ROYAL DRUGS),234
8.9013E+12,GARLIC PEARLS 100'S(SUN)กระเทียมสกัด,116
7.50364E+11,GARLICAP 10MG. 6'S/แผง(THP),0
7.50364E+11,GARLICAP GARLIC EXTRACT 60'S (THP),137
8.85347E+12,GARUTO 1x10'S/แผง(MACROPHAR),99999
8.85651E+12,GAS MED SUS.15ML.(SIMETHICONE),17.75
8.85651E+12,GASMED 15MLx10ซอง(ยาธาตุผสมอบเชย)TMAN,106
8.85651E+12,GAS-MED PLUS(DICYCLOMINE+SIMET.)60ML,22
8.85868E+12,GASMOTIN 5MG 3x10'S(MOSAPRIDE)EIASI,415
8.85891E+12,GASPEC-S 240ML(ALU+MG+SIMET),38.75
8.85422E+12,GASTACH SUS. 150ML(MEIJI)สูตรGAVISCON,223.25
8.85394E+12,GASTER(OMEPLAZOLE 20 MG.)2x7S'/BOX,34.75
8.85899E+12,GASTRO BISMOL 20x15ML.(ชมพูสละ),264.5
8.85899E+12,GASTRO BISMOL 20x15ML.(รสส้ม),264.5
8.85335E+12,GASTRO-BISMOL 240ML.กลิ่นสละ(ชมพู)*ใหม่,97.75
8.85335E+12,GASTRO-BISMOL 240ML.ส้ม*ใหม่,97.75
8.85335E+12,GASTRO-BISMOL 524. 20x10'S,868
8.85335E+12,GASTROSEC 20MG.1x14'S(OMEPRAZOLE),22.75
8.9013E+12,GASZYM 10x10'S/BX.,263
4.90281E+12,GATSBY STYLING WAX 25G.(น้ำเงิน),31.5
8.99222E+12,GATSBY STYLING WAX 25G.(ม่วง),31.5
4.90281E+12,GATSBY STYLING WAX 25G.(สีเทา),31.5
4.90281E+12,GATSBY STYLING WAX 25G.(สีแดง),31.5
8.85019E+12,GAUZE PAD 2x2 รถพยาบาล10'S/BX.,40
1230601,"GAUZE PAD 2x2"" 10'S YIBON",3
8.8591E+12,"GAUZE PAD 2x2"" 10'S ใยสังเคราะห์ (LONGMED)",27.5
1250651,"GAUZE PAD 2x2"" 20'S/BX.YIBON(ฆ่าเชื้อ)",3
8.85019E+12,GAUZE PAD 3x3 รถพยาบาล10'S/BX.,61
1230602,"GAUZE PAD 3x3"" 10'S YIBON",5
8.8591E+12,"GAUZE PAD 3x3"" 10'S ใยสังเคราะห์ (LONGMED)",47.5
8.85019E+12,GAUZE PAD 3x3(STERILE)รถพยาบาล10'S/BX.,6.25
8.85019E+12,"GAUZE PAD 4""x4""x10ซอง/BX.รถพยาบาล",115
8.8591E+12,"GAUZE PAD 4x4"" 10'S ใยสังเคราะห์ (LONGMED)",72
8.85897E+12,GAUZE PADS STERILE 3x3''x5'S/ซอง(TG.),6.25
8.85897E+12,GAUZE PADS STERILE 4x4นิ้วx5ชิ้น/ซอง(TG.),8.25
8.85036E+12,GAVISCON 10CC. 24x10ML.ราคาพิเศษ,380
8.85036E+12,GAVISCON 10CC.12x10ML.,257.75
5.00016E+12,GAVISCON 150CC.(เขียว),227
5.00016E+12,GAVISCON 2x8'S.(สีเขียว),157
8.85036E+12,GAVISCON ADVANCE 150CC. ฉลากแดง,312
8.85036E+12,GAVISCON ADVANCE MINT 24'Sx10ML.,704
8.85036E+12,GAVISCON DOUBLE ACTION 12x10ML.,190
5.00016E+12,GAVISCON DUAL 150CC.ชมพู,311
5.00016E+12,GAVISCON DUAL 24x10ML.(ลังละ12กล่อง),606
8.85036E+12,GAVISCON DUAL 300CC.(ชมพู),335
5.00016E+12,GAVISCON DUAL ACTION 2x8'S.,194
,GED กระเป๋าHOLOGRAM (PRO),0
8.85263E+12,GEN-DM 2.5KG.(กลิ่นวนิลา)ผู้ป่วยเบาหวาน,1444.5
8.85493E+12,GENTA OPH 5ML(GENTAMYCIN),22.5
8.85493E+12,GENTA-BETASONE 15G.(แสงไทย)12หลอด/แพ็ค,47
8.85493E+12,GENTA-BETASONE 5G.(แสงไทย),21.25
8.85188E+12,GENTADERM CREAM 15G.(GENTA)TO,41.5
8.85236E+12,GENTEAL EYE DROP 10ML,152.5
8.85493E+12,GENTREX CR.5G.(SANG THAI),22.5
8.85501E+12,GENVIT VITAMIN รวม+โสม 30'S/ขวด(PATAR),163.5
8.85906E+12,GEOGESIC 500MG.25x10'S(MEFENAMIC ),211
8.85546E+12,GESTAL 0.05% SPRAY 10ML.(สูตรILIADIN),56.75
8.85364E+12,GHP DRESSING SET (AVF)ชุดทำแผลปลอดเชื้อ,10.5
8.85364E+12,GHP NASICARE ขวดล้างจมูก ชนิดอัตโนมัติ 300ML.,83.5
8.85364E+12,GHP NORMAL SALINE 1000ML.(ลัง10)ดัมเบล,28.5
8.85364E+12,GHP NORMAL SALINE 500ML.(ลัง20)ดัมเบล,22
8.85364E+12,"GHP น้ำเกลือล้างจมูก,ตา,คอนแทค 1000ML.(ลัง10'S)",33
8.85713E+12,GICA(แดง) FLU A/B+RSV 3IN1 1'S/BX.(NASAL SWAB),54.75
8.85713E+12,GICA(ม่วง) FLU A/B+COVID-19+RSV 4IN1 1'S/BX.,75.25
8.85713E+12,GICA(ส้ม) FLU A/B+COVID-19 1'S/BX.(NASAL SWAB),54.75
19161623,GIFT SUPPORT PREMIUM ข้อมือ XL,178
19161603,GIFT SUPPORT PREMIUM น่อง S,166
7.61094E+12,GINSANA G115 30'S,423
4.6732E+12,GINSENG 509MG. 32'S (THP),176.5
8.85869E+12,GINSENG EARTEE 1'S(โสมเอียะตี่)ZIGMA,64
8.85869E+12,GINSENG EARTEE 4'S(โสมเอียะตี่)ZIGMA,250
8.85902E+12,GK24 4'S (ตราเกร็กคู) *P,207
8.85868E+12,GLAKAY 15MG.3x10'S(MENATETRENONE),369.5
8.85493E+12,GLAUCO-OPH 0.5% 5CC.x12/กล่อง,100.75
8.85899E+12,GLEANLINE ANDDROGRAPHIS MOUTH SPRAY 30ML.,129
8.85899E+12,GLEANLINE B COMPLEX 30เม็ด,249
8.85899E+12,GLEANLINE BANANA PLUS 60เม็ด,249
8.85899E+12,GLEANLINE L-CARNITINE 30เม็ด/ขวด,499
8.85899E+12,GLEANLINE PROBIOTIC 30CAP./ขวด,349
8.85068E+12,GLIBEN 5MG.50x10'S.(GPO),191.25
8.85545E+12,GLICLAZIDE 80MG.50x10'S(สหแพทย์),314
8.85265E+12,GLIPTIN 100 3x10'S/BX.(SITAGLIPTIN)POLI,638
8.8546E+12,GLIZIDE 5x15'S (GLIPIZIDE 5MG.)HOF,93.5
8.85889E+12,GLOWY DIGITAL THERMOMETER รุ่น ET-102,74
8.42703E+12,GLUCERNA PLUS 380G.(ธัญพืช)ไม่เติมน้ำตาล,570
8.42703E+12,GLUCERNA PLUS 800G.(ธัญพืช)ไม่เติมน้ำตาล,1030
8.8528E+12,GLUCERNA SR 1110G.(วนิลา),1360
8.71043E+12,GLUCERNA SR 380G.(วนิลา),615
8.71043E+12,GLUCERNA SR 800G.(วนิลา),1030
8.8528E+12,GLUCERNA SR 800G.แพ็คคู่+ แถมวนิลา380G.,2498
8.90412E+12,GLUCO ONE BG-03 TEST SRIPS แผ่นตรวจ 25'S,167
8.8512E+12,GLUCOLIN 400G.12กป./ลัง,129.75
8.85188E+12,GLUCOLYTE 50x10(METFORMIN 500)T.O.,4.5
8.85288E+12,GLUCOPHAGE 500(METFORMIN)50x10'S.,22
8.85288E+12,GLUCOPHAGE 850MG.30x10'S.(แบ่งขาย),37.5
8.85288E+12,GLUCOPHAGE XR 1000MG. 3x10'S/BX.,255.75
8.85288E+12,GLUCOPHAGE XR 750MG. 2x15'S/BX.,226
8.85335E+12,GLUCOSA 1500.MG.(GLUCO.) ธรรมดา30'S,215
8.85899E+12,GLUCOSA 1500MG. 30'S (ส้ม),219
8.85335E+12,GLUCOSA 1500MG. 30'S มะนาว,219
8.85335E+12,GLUCOSA-500 10x10'S(GLUCOSAMINE SULFATE),240
8.85335E+12,GLUCOSA-500MG. 100'S/ขวด(BKD.),240
8.85335E+12,GLUCOSA-750MG. 6x10'S/BX.(BKD),205.5
8.85406E+12,GLUCOSE INJ 50% 50ML(ANB),23.5
8.85406E+12,GLUCOSE INJ.50% 10x20ML/BX.(ยาฉีด),78
8.85275E+12,GLUCOSE POWDER 454G.(UTOPIAN),52.5
8.85347E+12,GLUCOTRIL 1500MG.30'S(GLUCOSAMIN),190
8.85288E+12,GLUCOVANCE 500/2.5MG.60'S(MET+GLIBEN),377.5
8.80912E+12,GLUNEO LITE TEST STRIP 50'S(แผ่นตรวจ),402
8.85024E+12,GLUSA GLUCOSAMINE 250MG.100'S(SPS),166
8.85888E+12,GLUTA GUMMIE-กลิ่นทับทิม10G.x12ซอง/BX.,12.25
8.85314E+12,GLUTRIL 1500MG 30'S(GLUCOSAMINE)ชุมชน,265
8.85802E+12,GLYCERIN SUPP.เด็ก (NL)กล่องซอง/12'S,55
8.85802E+12,GLYCERIN SUPP.เด็ก (NL)ขวด/12'S,44
8.85802E+12,GLYCERIN SUPP.ผู้ใหญ่ (NL)กล่องซอง/12'S,55
8.85802E+12,GLYCERIN SUPP.ผู้ใหญ่ (NL)ขวด/12'S,44
8.85274E+12,GLYCON 80MG 10x10'S(GLICLAZIDE)SIAM,19.25
8.85882E+12,GLYMORIN SUPP. (เด็ก) 10'S/BX.(สีฟ้า),47
8.85882E+12,GLYMORIN SUPP. เด็ก 12'S(แดง),47
8.85882E+12,GLYMORIN SUPP. ผู้ใหญ่ 12'S(เหลือง),47
8.85712E+12,G-MARINE WOMEN'S DAILY 30CAP,294
71219191,GOLD LS EXTREME SUPPORT S (มีสาย),421.5
712192,GOLD LS EXTREME SUPPORT L (มีสาย),421.5
712191,GOLD LS EXTREME SUPPORT M (มีสาย),421.5
712193,GOLD LS EXTREME SUPPORT XL (มีสาย),421.5
712194,GOLD LS EXTREME SUPPORT XXL (มีสาย),421.5
712193241,GOLD LS EXTREME SUPPORT XXXL(มีสาย),421.5
7121912,GOLD LS SUPPORT SIZE L (แบบช่องระบาย),429
7121919,GOLD LS SUPPORT SIZE S (แบบช่องระบาย),429
712192412,GOLD LS SUPPORT SIZE XL (แบบช่องระบาย),429
71219224,GOLD LS SUPPORT SIZE XXL (แบบช่องระบาย),429
71219324,GOLD LS SUPPORT SIZE XXXL (แบบช่องระบาย),429
11912121,GOLD SUPPORT ARM SLING (SIZE L)สีฟ้า,57.5
8.85505E+12,GOLD SUPPORT ARM SLING (SIZE M)สีฟ้า,57.5
8.85505E+12,GOLD SUPPORT ARM SLING (SIZE S)สีฟ้า,57.5
8.85505E+12,GOLD SUPPORT ARM SLING (SIZE XL)สีฟ้า,57.5
6.92056E+12,GOLDEN THROAT LOZENGE 8กล่อง/แพ็ค,222.25
6.95768E+12,GOLDEN TIME SARS-COV-2 ANTIGEN TEST(จมูก),20
8.85713E+12,GOOD BIOFIB SUPER FRUIT FIBER 10ซอง/กล่อง,309
8.8597E+12,GOOD C+ZINC 30'S,139
,GOOD CAL CHOCKY CALCIUM 24'S/BX.(MIX FRUIT),695
,GOOD CAL CHOCKY CALCIUM 24'S/BX.(ช็อค),695
,GOOD CAL CHOCKY CALCIUM 24'S/BX.(รสกีวี่),695
,GOOD CAL CHOCKY CALCIUM 24'S/BX.(รสนม),695
,GOOD CAL CHOCKY CALCIUM 24'S/BX.(รสส้ม),695
8.85713E+12,GOOD CAL PLUS DHA 60'S,213.5
8.8572E+12,GOOD CALLA PLUS 30'S,201.75
8.85713E+12,GOOD CALLA PLUS CALCIUM L-THEREONATE 30'S,195.75
8.85713E+12,GOOD FOCUS 5G.x10'S/BX.(กลิ่นโคล่า),185
8.8572E+12,GOOD FOR ALL MOUTH SPRAY 15ML,86
8.85713E+12,GOOD IM-MU A-Z 60'S,99999
8.85713E+12,GOOD INSUMA 30'S,216.5
8.85713E+12,GOOD KIZUMI KIDS MOUTH SPRAY 15ML.,87.5
8.85713E+12,GOOD KIZUMI MOUTH SPRAY 15ML.,87.5
8.85713E+12,GOOD LOLESS 30'S,216.5
8.85713E+12,GOOD LUTINA & ZEAXANTHIN 30'S,195.75
8.85713E+12,GOOD LYCO PLUS LYCOPENE 30'S,195
8.85713E+12,GOOD MATOKA X 10'S,257.5
8.85713E+12,GOOD MENO PLUS 30'S,216.5
8.85713E+12,GOOD MIMO SHOWER CREAM 4IN1 300ML.,185.5
8.85713E+12,GOOD MOSTO SKIN CARE SPRAY 12'Sx20ML./แพ็ค,41.5
8.85713E+12,GOOD MUTI B PLUS GABA 30'S,195
7180425,GOOD READY 25ซอง/กล่อง(บำรุงตับ ลดอาการแฮงค์ ),1545
7191619,GOOD SUPPORT พยุงหลังและเอว ไซส์ S,377.5
8.85713E+12,GOOD YOGURT PROBIOTIC 30'S,195
8.85713E+12,GOOD ZEEP MELATONIN 30'S,195
8.8572E+12,GOOD-G ALCOHOL 75% 5000ML,300
8.853E+12,GOVANA 21'S(GESTODENE0.075+EE0.030)แพ็ค10,76.25
8.853E+12,GOVANA ED 28'S(GESTO 0.075+EE0.030)แพ็ค10,76.25
8.85281E+12,G-PENTIN 100MG.10x10'S(GABAPENTIN)L.B.S,245.75
8.85281E+12,G-PENTIN 10x10'S(GABAPENTIN 300MG.)L.B.S,405
8.85151E+12,GQ WHITE KIDS หน้ากากผ้า เหลือง-เขียว(6 ชิ้น/แพ็ค),106.75
8.85151E+12,GQ WHITE KIDS หน้ากากผ้า ฟ้า-แดง(6 ชิ้น/แพ็ค),106.75
8.85151E+12,GQ WHITE หน้ากากผ้า สีขาว(6 ชิ้น/แพ็ค),126
8.85147E+12,GRAFADEX ED 5ML(GENTAMICIN)แพ็ค12,24.5
8.85274E+12,GRAMMIXIN CREAM 10G.(GENTA)SIAM,30.5
7.50364E+11,GRAPE SEED EXTRACT- 60MG. 30'S(THP),316
8.85229E+12,GREATER LUTEIN PLUS 30'S/ขวด,190
8.85229E+12,GREATOFEN 400MG. 25x10'S(IBUPROFEN)GREATER,347.5
8.85229E+12,GREATOFEN 600MG.20x10'S/BX.(IBUPROFEN),427
8.85876E+12,GREEN HOUSE แอลกอฮอร์เจล 55ML,26
8.85016E+12,GRIPE WATER 148CC.ญ.(ใหม่),112.75
8.85147E+12,GUTTRU DUAL 12ซองx10ML(TNP),188.5
8.85147E+12,GUTTRU DUAL 150ML(TNP),224.5
8.85147E+12,GUTTRU DUAL 24ซองx10ML(TNP),373
8.85899E+12,GYNACAP 1x4'S/BX.(ITRACONAZOLE 100MG.)BKD.EXP.11/26,35
8.85895E+12,GYNECON - T VAGINAL 20X5'S/BX.,290.75
8.85895E+12,GYNECON VT.20X5'S. ขึ้น,272.5
8.85802E+12,"GYNEGYL 200MG.(METRO.)1,000'S NL.",235.25
8.85485E+12,GYNERA 21'S.(BAYER),109.5
8.85485E+12,GYNERA ED28'S.,109.5
8010212,H&B LAB ALCOHOL HAND GEL 450ML,120
8.85866E+12,HAARLON HAIR & SCALP TONIC ROLL ON 8ML.,89.5
8.85866E+12,HAARLON REVITALIZING SHAMPOO 100ML,119.75
8.85866E+12,HAARLON REVITALIZING SHAMPOO 220ML,196
8.85712E+12,HABY 3IN1 น้ำยาซักผ้า 1900ML(สีชมพู),201
8.85712E+12,HABY 3IN1 น้ำยาซักผ้า 1900ML(สีฟ้า),201
8.85882E+12,HAEMODY CAPSULE บรรเทาริดสีดวง 10เม็ด/กล่อง,163
8.85185E+12,HAEMO-VIT 100'S.(ห้างยาไทย),70
8.85185E+12,HAEMO-VIT ONE 31'S.,169
8.85185E+12,HAEMOVIT แอคทีฟ 31'S,255
8.85185E+12,HAEMOVIT-GOLD 31'S,195
8.85267E+12,HAFIF SHAMPOO 50CC.(IDS)*ใหม่,43
8.85899E+12,HAIRKO HAIR TONIC SPRAY 60ML,117.5
4.98732E+12,HAKUBI Q10 CREAM 35G. *P,604.75
4.98732E+12,HAKUBI WHITE C GEL 20G. EXP.05/26 *P,577.5
8.85188E+12,HALODIN 50x10'S(LORATADINE 10MG.)TO,281
,HALYKOO แผ่นแปะกลิ่นยูคาลิปตัส 5'S(FRX),128.75
8.85545E+12,HANDI-C 240ML(ขวดปั๊ม),65.5
8.85545E+12,HANDI-C 450ML(ขวดปั๊ม),97
8.85545E+12,HANDI-C 60ML(สเปรย์),36.5
8.85608E+12,HANDY HERB ASTA XANTHIN 6MG.33G.x6'S/BX.,99999
8.85608E+12,HANDY HERB BULLET 6แผงx2'S/BX.,38.75
8.85608E+12,HANDY HERB DIETOR DAY GUMMY 6x6'S/BX.,247.5
8.85608E+12,HANDY HERB DIETOR NIGHT GUMMY 6x6'S/BX.,247.5
8.85608E+12,HANDY HERB ENER-G 2'Sx24/BX.,321.5
8.85608E+12,HANDY HERB G NIGHT BEAUTIE GUMMY 24G.x6'SBX.,170
8.85608E+12,HANDY HERB G NIGHT EXTRA GUMMY 6x4'S/BX.,247.5
8.85608E+12,HANDY HERB G NIGHT XS L-CAR GUMMY 6x4'S/BX.พีช,170
8.85608E+12,HANDY HERB G NITE 2'Sx12/BX.,164
8.85608E+12,HANDY HERB G NITE GUMMY 24G.x6ซอง(องุ่น),170
8.85608E+12,HANDY HERB G NITE GUMMY 6ซองx4ชิ้น(MIXED),170
8.85608E+12,HANDY HERB GUMMY FIBER 24G.x6'S(แอปเปิ้ล),170
8.85608E+12,HANDY HERB GUMMY FIBER FLOW 24G.x6'S(ชมพู),170
8.85608E+12,HANDY HERB JELLY ME APPLE CIDER 30G.x12(ม่วง),169.5
8.85608E+12,HANDY HERB JELLY ME COLLA 30G.x12'S(สตอเบอรี่),169.5
8.85608E+12,HANDY HERB JELLY ME FIBER 30G.x12ซอง(เขียว),169.5
8.85608E+12,HANDY HERB JELLY ME KIDS CALCIUM 30G.x12'S,216
8.85608E+12,HANDY HERB JELLY ME KIDS FIBER 30G.x12'S/BX. *P,216
,HANDY HERB JELLY ME KIDS FIBER 30G.x12'S/BX.(PRO),0
8.85608E+12,HANDY HERB JELLY ME KIDS TUNA OIL 30G.x12'S/BX.,216
8.85608E+12,HANDY HERB JELLY ME KIDS VIT C 30G.x12'S/BX.,216
8.85608E+12,HANDY HERB NIGHTNIGHT 6ขวดx50ML/แพ็ค,17
8.85608E+12,HANDY HERB O!MY CLEAR GUMMY 6x6'SBX.,164
8.85608E+12,HANDY HERB O!MY GLASS GUMMY 6x6'S/BX.,164
8.85608E+12,HANDY HERB เห็ดหลินจือ 2'Sx32/BX.,576
8.85608E+12,HANDY HERB แปะก๊วย 2'Sx48/BX.,565
8.85608E+12,HANDY HERB โสม+เก๋ากี้สกัด 6ขวดx65ML,29
8.85608E+12,HANDY HERB โสมสกัดผสมถั่งเช่า 2'Sx48/BX.,624
8.85082E+11,HANDY HERB ไฟเบอร์ กลูต้า 6x4'S/BX. EXP.03/26,162.5
8.85608E+12,HANDY HERB ไฟเบอร์โฟลว์ 6x4'S/BX.,170
8.85608E+12,HANDY HERB ถังเช่าสกัด 2'Sx24/BX.,642.75
8.85952E+12,HAPPY NOZ ANTI BAC สติ๊กเกอร์หัวหอม 6'S(ฟ้า),67.5
8.85952E+12,HAPPY NOZ ORIGINAL สติ๊กเกอร์หัวหอม 6'S(ม่วง),67.5
8.85952E+12,HAPPY NOZ VIRUS สติ๊กเกอร์หัวหอม 6'S(เขียว),67.5
8.85188E+12,HARIFIN-1 3x10'S(FINASTERIDE 1MG.),172
8.85898E+12,HARNAL OCAS 0.4MG. 3x10'S(TAMSULOSIN),918
5.02954E+12,HARROGATE SOAP GARDEN 50G.(เขียว),94
5.02954E+12,HARROGATE SOAP ORIGINAL 50G.(เหลือง),94
5.02954E+12,HARROGATE SOAP ROSE 50G.(ชมพู),94
5.02954E+12,HARROGATE SOAP SPRING 50G.(ฟ้า),94
8.85274E+12,HARTSORB 5MG.10x10'S(ISOSORBILE DI),119
8.85651E+12,HARU ACNE-AWAY CREAM 10G.(TMAN),65.25
8.85651E+12,HARU BIOTIN MAX 30'S(TMAN),147
8.85651E+12,HARU CLEAN'E ลอกสิวเสี้ยน 6'S(แพ็คละ6),44
8.85511E+12,HASHI BABY DROP 4ML(สูตรชุ่มชื่น)สีฟ้า,48
8.85511E+12,HASHI BABY DROP 4ML(อ่อนโยน)เขียว,41.5
8.85511E+12,HASHI NASAL ASPIRATOR(ชุดอุปกรณ์ดูดน้ำมูก),100
8.85511E+12,HASHI SALINE SPRAY-GENTLE 30ML (สีเขียว),87.25
8.85511E+12,HASHI SALINE SPRAY-MOIST 30ML(สีฟ้า),97.5
13131103,HASHI กระเป๋าแคนวาสสีขาวใบเล็ก(PRO),0
8.85511E+12,HASHI ชุดอุปกรณ์ล้างจมูก /ชุด(สีชมพู) *P,152.5
8.85511E+12,HASHI ชุดอุปกรณ์ล้างจมูก /ชุด(สีฟ้า) *P,152.5
8.85511E+12,HASHI รีฟิว 1.7GM.X30'S สีเขียว(สูตรอ่อนโยน),58.75
8.85511E+12,HASHI รีฟิว 2.8GM.X30'S ฟ้า,58.75
8.85281E+12,HAWKSONE 10'S(PIROXICAM)แพ็คละ12ก.,13
9.55626E+12,H-CORT CR. 15G.(HYDROCORTISONE),77.5
9.55626E+12,H-CORT OINT. 15G.(HYDROCORTISONE),87
,HCT 25 MG.50x10'S(PATAR) (HCTZ.),104.5
8.85829E+12,HECIN ฆ่าเหา20G.(PERMETHRIN 1%),28.75
8.85829E+12,HECIN-F CREAM 30G.(หิตและโลน),51
8.85274E+12,HEIDI 200(IBU400MG.)20x10'S(SIAM),272
8.85274E+12,HEIDI 400(IBU400MG.)20x10'S(SIAM),503
8.85274E+12,HEIDI SUS.(IBUPROFEN 100MG.)SIAM.,48.5
8.85092E+12,HELEN 21'S(MILLEMED),59.5
8.85894E+12,HELLO - D 1000IU 10x10'S/BX.,229.5
8.85894E+12,HELLO - D 2000IU 10x10'S/BX.,400
8.85894E+12,HELLO - D 2000IU 1x10'S,47
8.85894E+12,HELLO SOFT UREA CREAM 20G.,47.5
8.85894E+12,HELLO-E CREAM 20G.,45.5
8.85229E+12,HEMOLON 3x10'S(สูตรDAFLON)GREATER,133.5
8.85945E+12,HEMOMIN BLEND ไข่ขาวชนิดผง(กลิ่นวนิลา) 400G.,336
8.85945E+12,HEMOMIN DHA GUMMY 20Gx10'S(สตรอเบอรี่),171
8.85945E+12,HEMOMIN เครื่องดื่มไข่ขาวผง 10ซอง/กล่อง,335.5
8.85945E+12,HEMOMIN เครื่องดื่มไข่ขาวผง กลิ่นวนิลา 400G.,610
8.85945E+12,HEMOMIN ไข่ขาวผงชนิดเม็ด กลิ่นวนิลา 10G.x12'S/BX.,484.5
8.85905E+12,"HEMONIC VITAMIN B1,6,12 1x10'S(HK)",31
8.85905E+12,HEMONIC VITAMIN B1-6-12 100'S(HK),185.5
8.85886E+12,HEMORAL 3x10CAP(ยาบรรเทาริดสีดวง),85.5
8.85886E+12,HEMORAL 60 CAP(ยาบรรเทาริดสีดวง),167.5
8.8565E+12,HEPACAP 10x10'S.(NEOPHARM),413
8.85262E+12,HEPALAC 100CC.(LACTULOSE),76
8.85262E+12,HEPATOLAC 100ML.(LACTULOSE)สูตร HEPALAC,62
8.85262E+12,HEPATOLAC 10x15ML.(LACTULOSE)สูตรHEPALAC,97
8.85014E+12,HERBAL C ZINC PLUS 60'S(ขาวละออ),141.75
8.85209E+12,HERBAL NIGTH TIME SPRAY 15ML(ตรางู),75.75
8.85335E+12,HERBAL ONE CINNAMON 100'S (อ้วยอัน),98
8.85209E+12,HERBAL RESCUE SPAY 15ML(ตรางู),78.5
8.85209E+12,HERBAL RESCUE SPRAY 5ML(ตรางู)*เลิกผลิต*,40
8.85712E+12,HERO CREAM 5ML(ตราเดอะคูณ),69
8.85712E+12,HERO FOR MEN LOTION 2ML(ตราเดอะคูณ),31
8.85875E+12,HEROMYCIN (TETRA)1x10'S.(แพ็ค10),21.5
8.85265E+12,HERPENON 5G.(ACYCLOVIRZ),17
8.85265E+12,HERPENON 800MG.10x10'S(ACICLOVIR)POLI,604.5
8.85254E+12,HEXENE SKIN CLEASER 100ML,45.75
8.85254E+12,HEXENE SKIN CLEASER 45ML,23
8.85254E+12,HEXENE SKIN CLEASER 5ลิตร/แกลอน,860
8.85898E+12,HEXENON-B 100x10'S/BX.(BROMHEX 8MG.) PML.,185.5
8.85829E+12,HEXIN ถ่ายพยาธิ 12แผงx4'S/กล่อง)*แพ็คใหม่,197
8.85E+12,HI CLASS ปรับผ้านุ่ม น้ำเงิน 600ML,18
8.85E+12,HI CLASS ปรับผ้านุ่ม สีชมพู 600ML,10.5
8.85E+12,HI CLASS ปรับผ้านุ่ม สีฟ้า600ML,10.5
8.85E+12,HI CLASS ปรับผ้านุ่ม สีม่วง 600ML,10.5
4.98708E+12,HIALID 0.1% 5ML(DRY EYE)น้ำเงิน,143
4.98708E+12,HIALID 0.3% 5ML(DRY EYE)เขียว,275
4.98708E+12,HIALID MINI 0.1% (0.4mlx30หลอด),309
8.85196E+12,HICEE 100MG. 200'S/ขวด,136.5
8.85203E+12,HICEE 100MG. 4'Sx20/BX.(กล่องเล็ก) *P,96.75
8.85196E+12,HICEE 100MG. 4'Sx40/Bx.,191.5
8.85196E+12,HICEE 100MG. 50'S/ขวด,55
8.85196E+12,HICEE 500MG.15'S.(กล่องละ10หลอด),588
8.85196E+12,HICEE 500MG.15เม็ดx4หลอด/กล่อง *ใหม่,236.5
,HICEE กระบอกน้ำแบบใสคละสี(PRO),0
8.85262E+12,HIDIL 300MG.(GEMFIBOZIL300)10x10'S.,193
8.85262E+12,HIDIL 600MG.(GEMFIBROZIL)10x10'S.,333
8.00266E+12,HIDRASEC 100MG. 10 CAP/BX.(ABBOTT),268
3.40097E+12,HIDRASEC PAEDIATRIC 10MG.16'S/BX.,391
3.40097E+12,HIDRASEC PAEDIATRIC 30MG.16'S/BX.,488
8.85394E+12,HIGAN (HYOSCINE 10MG.)50x10'S,645
8.90114E+12,HIMALAYA LIP BALM 10G.,46
8.90114E+12,HIMALAYA NEEM FACE WASH 100ML,79
8.90114E+12,HIMALAYA UNDER EYE CREAM 15ML.,107.5
8.85052E+12,HIPBIOTECH ATK COVID TEST โพรงจมูก SWAB 1'S,56
8.85136E+12,HI-Q COMFORT 400G.,355.5
8.85136E+12,HI-Q COMFORT 800G.(แรกเกิด-1ปี),696.5
8.85136E+12,HI-Q H.A.1 พรีไบโอเทค 400G.(แรกเกิด-1ปี),292.25
8.85136E+12,HI-Q H.A.2 พรีไบโอเทค 400G.(6เดือน-3ปี),285.25
8.85136E+12,HI-Q LACTOSE FREE 400G.(แรกเกิด-1ปี),318
8.85136E+12,HI-Q PEPTI 900G.แรกเกิด-1ปี(แพ้นมวัว),968
8.85136E+12,HI-Q PEPTI 400G.(แพ้นมวัว),443
8.85136E+12,HI-Q SOY 1PLUS โปรตีนถั่วเหลือง400G.(1ปีขึ้น),328.5
8.85136E+12,HI-Q SOY โปรตีนถั่วเหลือง400G.(แรกเกิด),328.5
8.85136E+12,HI-Q SUPER GOLD H.A. 600G.,514
8.85136E+12,HI-Q SUPER GOLD PLUS 250G.,262.75
8.85136E+12,HI-Q SUPER GOLD#สูตร1 250กรัม,229
8.85136E+12,HI-Q SUPER GOLD#สูตร1 600กรัม,537.25
8.85136E+12,HI-Q SUPER GOLD#สูตร2 600กรัม,446
8.85136E+12,HI-Q สูตร1 รสจืด600G.(แรกเกิด-1ปี),342
8.85136E+12,HI-Q สูตร2 รสจืด600G.(6เดือน - 3ปี),303
8.85136E+12,HI-Q1 สูตร3 รสจืด600G.(1ปีขึ้น),241
,HIRUDOID ANTI-HAIR LOSS ESSENCEWOMEN 80ML.,560
8.85174E+12,HIRUDOID CR.10G.แดง-ขาว*ใหม่,78
8.85174E+12,HIRUDOID CR.20G.แดง-ขาว*ใหม่,133
8.85174E+12,HIRUDOID CR.40G.แดง-ขาว*ใหม่,205.75
8.85174E+12,HIRUDOID FORTE 10G.(ใหม่),123
8.85174E+12,HIRUDOID FORTE 20G.(ใหม่),205.75
8.85174E+12,HIRUDOID FORTE 40G.,316
8.85174E+12,HIRUDOID-FORTE 5G.เล็ก,50.75
8.85174E+12,HIRUSCAR ANTI-ACNE ADVANCE SPORT GEL 10G.,151.75
8.85174E+12,HIRUSCAR ANTI-ACNE ADVANCE SPORT GEL 4ML.,125.5
8.85174E+12,HIRUSCAR GEL KIDS 10G.,186
8.85174E+12,HIRUSCAR POSACNE 10G.ขาว EXP.12/26,218
8.85174E+12,HIRUSCAR POSACNE 5G. EXP.12/26,147
8.85174E+12,HIRUSCAR SILICONEPRO 10G.,347.75
8.85174E+12,HIRUSCAR SILICONEPRO 4G.,206.75
8.85174E+12,HIRUSCAR ULTRA SCAR CARE GEL 20G.,386.75
8.85174E+12,HIRUSCAR ULTRA SCAR CARE GEL 5G.,137.5
8.85174E+12,HIRUSOFT ALCOHOL GEL 70% 50ML,65.75
8.85174E+12,HIRUSOFT ALCOVERA SPRAY 70% 50ML,40.5
8.85869E+12,HISTAC 150MG 10x10'S(RANITADINE),69
8.85147E+12,HISTADINE 1x10'S(LORATADINE )BURAPHA,11.75
8.85274E+12,HISTAN SYR.30CC.(HYDROXYZINE)SIAM*ทำรายงาน,47.5
8.85493E+12,HISTA-OPH ED. 10CC. (ใหญ่),36.75
8.85493E+12,HISTA-OPH ED.5CC.เล็ก (ใหม่),28.75
8.85298E+12,HISTATAB(CPM)100'S,6.25
8.85281E+12,HISTICA 10x10'S/BX.(สูตรZYRTEC )(M&H),64
8.85546E+12,HISTIGO -16(BETAHISTINE)6x10'S(MILLIED),195
8.85546E+12,HISTIGO -24(BETAHISTINE)2x10'S(MILLIED),129.5
8.85905E+12,HK-MYCIN 1x10'S(TETRA 500MG.),28
9.55626E+12,HOE BEPROSONE CREAM 15G.(BETAMET),113.5
8.8546E+12,HOF BIO ZINC 30'S(PHARMAHOF),94.5
8.8546E+12,HOF CARE C-20 180ML.(PHARMAHOF),34
8.8546E+12,HOF CARE DIGITAL THERMOMETER KET-03,82.5
8.8546E+12,HOF CARE INFRARED SCAN 7 รุ่นเคเอฟที-22เอ็ม,916.5
8.8546E+12,HOF PRE FITO 10ซอง/กล่อง(PHARMAHOF),79.5
8.8546E+12,HOF PROPOLIS MOUTH SPRAY 15ML.(PHARMAHOF),66.75
8.8546E+12,HOF SARS-COV-2 ANTIGEN TEST 1'S(NASAL/SALIVA),27.5
8.8546E+12,HOFBIC 7.5MG. 10'S(สูตร MOBIC)PHARMAHOF,41.5
8.8546E+12,HOFVATE 5G.(CLOBETASOL)HOF,13.75
8.8546E+12,HOFXIB 90MG.5x7'S(สูตรARCOXIA),258
8.8546E+12,HOM TESTOCAPS 3X10'S(สูตรANDRIOL),268.5
8.85857E+12,HONORE BACK SUPPORT มีสาย SIZE 2XL (สีดำ),360
8.85857E+12,HONORE BACK SUPPORT มีสาย SIZE L (สีดำ),360
8.85857E+12,HONORE BACK SUPPORT มีสาย SIZE M (สีดำ),360
8.85857E+12,HONORE BACK SUPPORT มีสาย SIZE XL (สีดำ),360
8.85857E+12,HONORE LS SUPPORT 2XL(สีเนื้อ),360
8.85857E+12,HONORE LS SUPPORT L (สีเนื้อ),360
8.85857E+12,HONORE LS SUPPORT M (สีเนื้อ),360
8.85857E+12,HONORE LS SUPPORT XL(สีเนื้อ),360
8.85147E+12,HOREN 1x10'S(SILYMARIN 140MG.),117.5
8.85932E+12,HOSPRO COLD HOT PAD (SIZE M),76
8.85932E+12,HOSPRO COLD HOT PAD (SIZE S),62
8.85932E+12,HOSPRO ที่นอนเป่าลม รุ่น H-AM01,1502
8.85037E+12,HOTTA ขิง 100% ไม่มีน้ำตาล 50ซอง/ถุง,326
8.85037E+12,HOTTA ขิง 100% ไม่มีน้ำตาล 7G.x10ซอง(EXP.12-2026),76.75
8.85037E+12,HOTTA ขิงน้ำผึ้งมานูก้า14G.x10ซอง/ถุง(สูตรลดน้ำตาล),84
8.85037E+12,HOTTA ขิงผงรสเข้มข้นผสมหญ้าหวาน 9G.x14'S/ถุง,98.5
8.85037E+12,HOTTA ขิงผงรสเข้มข้นผสมหญ้าหวาน 9G.x5'S/ถุง,43.5
8.85037E+12,HOTTA ขิงผงรสต้นตำหรับผสมหญ้าหวาน 9G.x14'S/ถุง,93
8.85037E+12,HOTTA ขิงผงรสต้นตำหรับผสมหญ้าหวาน 9G.x5'S/ถุง,41.75
8.85037E+12,HOTTA ขิงผสมน้ำผึ้ง 40ซอง/ถุง,322
3141502,HP - P1505 (หมึก)แผนกบัญชี,500
20131602,HP CARE SERIES กระเป๋าน้ำร้อนไฟฟ้า(กล่อง),147
8.85874E+12,H-PRO 30'S(REVITABELL),409
8161203,HPหมึก - LESERJET (เครื่องใหญ่),1500
8.85651E+12,HUDDY 1x25x10'S/BX.(PARA+CPM+PHENYL),185
8.85945E+12,HYATEAR EYEDROPS 0.3x20'S(สูตรVISLUBE),240
8.85945E+12,HYATEAR EYEDROPS 0.45MLx5'S(สูตรVISLUBE),71.5
8.85099E+12,HY-C VITAMIN C 50 กลิ่นสตอเบอรี่ 36ซอง/BX. EXP.12/26,285
8.85099E+12,HY-C VITAMIN C 50 กลิ่นส้ม 36ซอง/BX.,285
8.85099E+12,HY-C VITAMIN C 50 กลิ่นสัปปะรด 36ซอง/BX.,285
8.85099E+12,HY-C VITAMIN C 50 กลิ่นองุ่น 36ซอง/BX.,285
8.85713E+12,HYCLEAN FAMILY สีเหลือง ALOE VELA 56ชิ้น(ใหญ่),92.5
8.85713E+12,HYCLEAN FAMILY สีชมพู กลิ่นพีช 56ชิ้น(ใหญ่),92.5
8.85713E+12,HYCLEAN FAMILY สีฟ้า กลิ่นชาเขียว 56ชิ้น(ใหญ่),92.5
8.85068E+12,HYDROCHLORO.(HCTZ) 25MG.50x10'S.(GPO) EXP.10/26,168
8.85068E+12,HYDROCHLORO.(HCTZ) 50MG.50x10'S.(GPO) EXP.11/26,248
8.85112E+12,HYDROGEN 30ML.(SIRI.),5.75
8.85112E+12,HYDROGEN 450ML(ศิริบัญชา)ลัง2โหล,18
8.85112E+12,HYDROGEN 60ML(SIRI.),6.75
8.85304E+12,HYDROGEN-LP.450.CC. (30.-)/ขวด,18.75
8.85959E+12,HYDROLUBE 0.3% EYE DROP 10ML. (สูตร NATEAR),56.75
8.85651E+12,HYDROX-10 100x10'S(ขาว)TM,180
804102,HYDROX-10 1000'S.(HYDOEXYZINE)(ขาว),149
80425201,"HYDROX-25MG 1,000'S(HYDROX TM.)(ขาว)",320
8.85876E+12,HYDROXIM 25MG.100x10'S(HYDROX)7ดาว,499.5
8.85876E+12,HYDROXIM-10MG.100x10'S(HYDROX)7ดาว,415.5
8.85545E+12,HYDROXYZINE FC.100x10'S(ขาว)(สหแพทย์),145
8.85545E+12,HYDROXYZINE-FC 10MG.1000'S(สหแพทย์),124
8.85009E+12,HYGIENE รีดผ้า-สีฟ้า 550ML,12.25
8.85262E+12,HYLES 100MG.10x10'S(SPORONOLACTONE),520
8.85262E+12,HYLES 25MG. 10x10'S(SPORONOLACTONE)BERLIN,138
8.85905E+12,HYOGAN 100x10เม็ด(HYOSCINE)H.K.,1280
8.85905E+12,HYOGAN 50x10'S(HYOSCINE)HK*,550
8.85501E+12,HYOSCINE BM 50x10'S(สูตรBUSCOPAN)PATAR,587.5
8.85876E+12,HYOSCINE STAR 50x10'S/BX.(7ดาว),1174.25
8.85876E+12,HYOSCINE STAR SYRUP 30ML(7ดาว),19.5
8.85876E+12,HYOSCINE STAR SYRUP 60ML(7ดาว),29.5
8.85867E+12,HYOZIN INJ. 20MG./1ML x 50 (HYOSCINE),10
8.85024E+12,HYPERCOR 2.5MG.10x10'S(BISOPROLOL)SPS,202
8.85024E+12,HYPERCOR 5MG 10x10'S(BISOPROLOL)SPS,220
8.85501E+12,I FEN F 400 50x10'S(IBUPROFEN)PATAR,410
8.85501E+12,I FEN F 600 (IBUPROFEN)10x10'S PARTAR,150
8.85501E+12,I FEN SYR 60 ML(IBUPROFEN)PATAR,16.5
650146,I FINN MOUTH SPRAY 15ML,86.5
8.85892E+12,I -HERB ANDRO MOUTH SPRAY 20ML.,98
8.85274E+12,IBIAMOX 250MG.10x10'S(AMOXICILLIN)SIAM,314
8.85274E+12,IBIAMOX 500MG.2x10'S(AMOXY),95
8.85274E+12,IBIAMOX SYR.125MG.(AMOXY)60CC.,60.75
8.85274E+12,IBIAMOX SYRUP 250MG(SIAM),70.5
8.85865E+12,I-BILBERRY 30 TABLETS,295
8.85274E+12,IBILEX 500MG. 10x10'S/BX.(SIAM),902
8.85274E+12,IBILEX SUS.125MG.(CEPHALEXIN),66.5
8.85188E+12,IBROFEN 400MG. FC 500'S(ชมพู)TO,309
8.85188E+12,IBROFEN 400ชมพู(IBU)50x10'S(TO),387.25
8.85188E+12,IBROFEN 600MG. 250'S(TO.)ชมพู,283.25
8.85188E+12,IBROFEN 600ชมพู(IBU)25x10'S(TO.),304
8.85188E+12,IBROFEN SYR.(IBU.) 60ML.(TO)ขวดเปลือย,14.25
8.85546E+12,IBUCAP 400MG. 10x10'S(IBU.)MILLIMED,426
8.85876E+12,IBUKRESS SUSPENSION 60ML.(IBUPROFEN 100MG.),21
8.85651E+12,IBUMAN-PLUS(IBU+PARA) 40x10'S,660
8.85879E+12,IBUMED 400MG.10x10'S/BX.(CMED),9
8.85109E+12,IBUPAC 400(IBUPROFEN) 50x10'S/BX.(INPAC),286.5
8.85905E+12,IBUPROFEN 400MG. 50x10'S(HK),320
8.85343E+12,IBUTAMOL 10x10'S(IBU400+PARA325),152.5
8.85564E+12,I-CALCIUM L-THREO+COLLA TYPE II 10'S(ส้ม),210
8.85281E+12,I-CETIN 25x10'S(CARBOCISTEINE 500MG.),590
8.85511E+12,I-COF 375MG.25x10'S.(CARBOCISTEINE),446
8.85511E+12,I-COF KID 60CC.(CARBOCISTEINE 100MG.),30.5
8.85511E+12,I-COF SYRUP 60ML.(CARBOCISTEINE 250MG.),33.75
8.85229E+12,ICOLID 15MG.10'S.50x10'S*รายงาน,8.25
8.85229E+12,ICOLID DX 50x10'S/BX.(เขียว),9.5
8.85229E+12,ICOLID LOZENGES 40x10'S ชะเอม,11.25
8.85229E+12,ICOLID LOZENGES มิ้นท์ 40x10'S,11.25
8.85229E+12,ICOLID PLUS 60CC.(DEXTRO+CPM.)*รายงาน,22.25
8.85229E+12,ICORIN KID 60ML(BUTAMIRATE 4MG.),32
8.85281E+12,ICOXIB 120MG. 3x10'S/BX(สูตรARCOXIA)LBS,214
8.85281E+12,ICOXIB 90MG. 3x10'S/BX(สูตรARCOXIA)LBS,166
8.85898E+12,ICOZOLE (ITRA 100MG.)25x4'S/PML,440
8.85856E+12,IDA-S 60ML (BROMHEXINE)42,44.5
8.85505E+12,I-FLEX CONFORMING BANDAGE 4 นิ้ว,17.25
8.85546E+12,I-HERB COPOLIS MOUTH SPRAY 20ML,93.75
8.85511E+12,I-KIDS CALCIUM POPS 10'S/กล่อง(ช็อกโกแลต),113.5
8.85511E+12,I-KIDS CALCIUM POPS 10'S/กล่อง(นมสตอเบอรี่),113.5
8.85511E+12,I-KIDS HONEY COLA POPS 10'S/กล่อง,98
8.85511E+12,I-KIDS HONEY ELDERBERRY POPS 10'S/กล่อง,98
8.85511E+12,I-KIDS HONEY GRAPE POPS VIT B+C 10'S/กล่อง,115.75
8.85511E+12,I-KIDS HONEY LIME POPS 10'S/กล่อง,98
8.85511E+12,I-KIDS HONEY ORANGE POPS VIT B+C 10'S/กล่อง,115.75
8.85511E+12,I-KIDS HONEY SALA LIME POPS 10'S/กล่อง,98
8.85511E+12,I-KIDS MOUTH SPRAY 15ML(สตอเบอรี่)(T.C.),137
8.85511E+12,I-KIDS MOUTH SPRAY 15ML(ส้ม)(T.C.),137
8.85252E+12,IKNEW BODY LINE 200G.,213
8.854E+12,IKVIT CALCIUM-600 PLUS 6 VITAMIN 20'S,127.5
8.854E+12,IKVIT ESSENCE-21 20'S,127.5
8.854E+12,IKVIT GUMMY MULTIVITAMIN 12'S/BX. (สตรอว์เบอรี่),275
8.854E+12,IKVIT GUMMY VITAMIN C 12'S/BX.(ส้ม),275
8.854E+12,IKVIT VITAMIN C-950+D&ZINC 20'S,106
4.98718E+12,ILIADIN 0.05% 10CC. SPRAY(ผู้ใหญ่),128.75
4.98718E+12,ILIADIN DROP 0.025% 10CC.(MERCK)เด็ก,78.25
4.98718E+12,ILIADIN DROP 0.05%10CC.(MERCK)ผู้ใหญ่,78.25
8.85288E+12,ILIADIN SALINE 30ML (น้ำเกลือพ่นจมูก),248
8.85203E+12,ILOSONE 125MG/5ML 60ML(ERYTHRO),58
8.85101E+12,IMIGRAN 50MG.(SUMATRIPTAN)2'S.,250
8.85014E+12,IMMUNYTOP TAB.100'S.(กระเทียมสกัด),220
8.85001E+12,IMODIUM 20x6'S (LOPERAMIDE),624
6.0914E+12,IMURAN TABLETS 100'S (AZATHIOPRINE 50MG.),1632
8.85347E+12,INAL SYRUP 60ML.(สูตร LEVOPRON/BRONAL)MACRO,68
8.85876E+12,INDOHIM 1000'S(INDO 25MG.)(เขียว-เหลือง)7ดาว,419
8.85876E+12,INDOHIM 25MG.10'Sx100(เขียว-เหลือง)(7ดาว),634
8.85651E+12,INDOMAN 25MG.(INDO.)100x10'Sฟ้าขาว,320
8.85651E+12,INDOMAN CAP 1000'S ฟ้าขาว(TMAN),260
8.85885E+12,INDOMETHACIN 1000'S(AU)ฟ้า-ขาว,190
8.85651E+12,INDO-TRUSMAN 1000'S(INDO สีส้ม-งา)TMAN,248
8.85493E+12,INF-OPH ED.5CC.(PREDNISOLONE),30
8.85271E+12,INFRARED FORHEAD รุ่นNC200 (MICROLIFE),1506
8.85926E+12,INFRARED THERMO BERRCOM MODEL:JXB-178,1435
8.85696E+12,INFRARED THERMOFINDER S FS-700(HUBDIC),2650
8.85924E+12,INFRARED THERMOMETER 2IN1 (SOS),762.5
8.85266E+12,INFRARED THERMOMETER MODEL QY-EWQ-01,1680
4.71064E+12,INFRARED THERMOMETER(รุ่น RT1112),1382
8.85892E+12,INGESIC 50x10'S(PARA+ORHE)INTERPHARMA,278
8.8511E+12,INHALEX FORTE 4MLx7หลอดx3แพ็ค/กล่อง,334.75
8.85842E+12,INNO TAPE 1/2นิ้วx24x10หลา,345
91420112,INNO TAPE 1นิ้วx12x10หลา,345
914202,INNO TAPE 2นิ้วx6x10หลา,345
8.85976E+12,INNOBIC DAILY NUTRIGEN M 10'S/BX.(เขียว),319
8.85976E+12,INNOBIC DAILY NUTRIGEN S 10'S/BX.(น้ำเงิน),319
8.85976E+12,INNOBIC DAILY NUTRIGEN U 10'S/BX.(กล่องส้ม),319
8.85976E+12,INNOBIC GUMMY TRIPHALA & COLA 30G.x12แพ็ค,299
8.85976E+12,INNOBIC PRO B-GLUCAN+ 30'S,464
8.85976E+12,INNOBIC PRO SALMON OIL 1000MG. 30'S,282
8.85976E+12,INNOBIC PROBIOTICS GD 30'S,464
8.85842E+12,INNOFIX 10CM.x1M./BX.,16.5
1.88584E+13,INNOPLAST - พลัส 20'S,0
13201606,INSULIN MIXTARD PENFILL 30 HM 100 IU 5x3 ML.,696
8.85956E+12,INTERPHARMA MAGNESIUM 20'S(เม็ดฟู่),115.75
8.85712E+12,INTERPHARMA MULTIVITAMIN 20'S(เม็ดฟู่),95.5
8.85712E+12,INTERPHARMA PROBAC 7 30'S,1190
8.85892E+12,INTERPHARMA PROBAC BIOACTIVE 6'S/BX.,234
8.85956E+12,INTERPHARMA VITAMIN C 1000MG. 20เม็ดฟู่,95.5
8.8813E+12,INTORICOXIB 90MG.1x7'S(สูตรARCOXIA),94
8.85227E+12,INTRASITE GEL 25G.(มีกล่อง ),215
8.85254E+12,I-PROFEN 400MG. 50x10'S(OSOTH)แผงใสชมพู,265
8.85254E+12,I-PROFEN 400MG. 50x10'S(OSOTH)ชมพูแผงทึบ,352
8.85254E+12,I-PROFEN 400MG.50x10'Sสีครีม (OSOTH),300
8.85501E+12,I-RON-F 100x10'S/BX.(PATAR),229.5
4.26006E+13,ISMO 20MG.5x20'S(ISOSORBIDE-5-NITRATE),615
8.71043E+12,ISOMIL PLUS AI Q PLUS NG 400G.1ปีขึ้น,362
8.85274E+12,ISOPEN-20(20MG.)(ISOSORBIDE)10x10'S,187
8.8528E+12,ISOPTIN SR 30'S(240MG.VERAPAMIL),662
5.29067E+12,ISOREM 5MG.10X10'S(ISOSORBIDE)อมใต้ลิน,125
8.85262E+12,ISOTRATE (ISDN 10 MG.)50x10'S,342
8.85394E+12,ITRACON (ITRACONAZOLE) 100MG 25x4'S,790
8.85265E+12,ITRAFUNGAL 10x10'S/BX.(ITRACONAZOLE)POLI,395
8.85879E+12,ITRA-MED 10x10'S(ITRACO 100MG.)CMED,565
8.85892E+12,ITRAZOLE 25x4'S(ITRACONAZOLE 100MG.),457.5
8.85394E+12,ITRIDE 50 1x10'S/BX.(ITOPRIDE)UNISON,107
8.85394E+12,ITRIDE 50MG.(ITOPRIDE) 6x10'S/BX.(GANATON),583
8.85651E+12,IVER-6MG. 2x6'S(IVERMECTIN)TMAN,906
8.85229E+12,IVORIN 60ML(LEVODROPROPIZINE)GREATER,44.5
8.85147E+12,IYAFIN JUNIOR 30CC.รสส้ม,17.5
8.85147E+12,IZAC MINT 50x10'S,6
8.85147E+12,IZAC มะนาว 50x10'S,6
8.85147E+12,IZAC ส้ม 50x10'S,6
6.43004E+12,"IZE ALTERISA 15 CAPSULES(1,250.-)",367.25
8.85406E+12,IZE JELLI BALM (12x7g) เจลลิปบาล์ม,185
8.853E+12,JANNY 2'S (สูตร POSTONOR),12.75
9.31794E+12,JANUMET 50MG/1000MG. 7'Sx8/BX.,1465
9.31794E+12,JANUMET 50MG/500MG. 7'Sx8/BX.,1465
8.85029E+12,JANUVIA 100MG. 28'S./BX.,1445
4.04885E+12,JARDIANCE 10MG. 30'S(EMPAGLIFLOZIN),1650
4.04885E+12,JARDIANCE 25MG. 30'S(EMPAGLIFLOZIN),2705
8.85712E+12,JAS ALOE VERA GEL 100G.,61.25
8.85712E+12,JAS ALOE VERA GEL 240ML,0
8.85712E+12,JAS ALOE VERA ICY COOL GEL 120ML,0
8.8502E+12,JASON'S HERBAL(เขียว) 12ตลับ/กล่อง(เล็ก),36.25
8.8502E+12,JASON'S PEPERMINT (ฟ้า)12ตลับ/กล่อง(เล็ก),36.25
8.8502E+12,JASON'S PEPERMINT(ฟ้า)10'Sx24แผง/กล่อง,14.5
8.8502E+12,JASON'S เมทอล+ยูคา(แดง)10'Sx12แผง/กล่อง,177.5
8.8502E+12,JASON'S แบล็คเชอรี่ (ม่วง)12ตลับ/กล่อง(เล็ก),36.25
8.8502E+12,JASON'S น้ำผึ้ง+เลม่อน(เหลือง)10'Sx12แผง/กล่อง,177.5
8.8502E+12,JASON'S ส้ม 10'Sx24แผง/กล่อง,14.5
8.8502E+12,JASON'S ส้ม 12ตลับ/กล่อง(เล็ก),36.25
8.8502E+12,JASON'Sเมทอล+ยูคา(แดง)12ตลับ/กล่อง(เล็ก),36.25
8.80937E+12,JENNY WHITE SNAIL 7G.x12ซอง/BX.,21.5
8.80927E+12,JENNY YOGURT NIGHT SERUM 8G.x6ซอง,21.5
8.85147E+12,JENY F.M.P. 50x28'S.(TNP)*ใหม่,20.4
8.85872E+12,JINTAN-ขาว 25ซอง/กล่อง,340
35664196066,JOBSTถุงน่องใต้เข่า แรงรัด15-20*(ไซด์ L),1220.25
35664196059,JOBSTถุงน่องใต้เข่า แรงรัด15-20*(ไซด์ M),1220.25
35664196189,JOBSTถุงน่องใต้เข่า แรงรัด20-30*(ไซด์ L),1220.25
35664196172,JOBSTถุงน่องใต้เข่า แรงรัด20-30*(ไซด์ M),1220.25
35664223021,JOBSTถุงน่องต้นขา แรงรัด15-20*(ไซด์ L),1754.25
35664223014,JOBSTถุงน่องต้นขา แรงรัด15-20*(ไซด์ M),1754.25
35664223144,JOBSTถุงน่องต้นขา แรงรัด20-30*(ไซด์ L),1754.25
35664223137,JOBSTถุงน่องต้นขา แรงรัด20-30*(ไซด์ M),1754.25
4.80101E+12,JOHNSON'S BABY OIL 125ML.,81.5
8.85001E+12,JOHNSON'S BABY OIL 50ML,43
8.85829E+12,JOINT 20MG.10'S.,13.5
8.85899E+12,JOINTFLEX 1500 POWDER 30'S/BX.(รสส้ม)BKD,313
3200201,JPCARE ALCOHOL COTTON BALL 100แผงx8'S/BX.,550
8.85876E+12,JPCARE ALCOHOL COTTON BALL 15แผงx8'S(7ดาว),91.5
8.85888E+12,JULA'S HERB AVOCADO MOISTURE 8G.x6ซอง/BX.,219.5
8.85888E+12,JULA'S HERB HAND GEL 30MLx6'S/BX.,134.25
6.95174E+12,JUMPER เครื่องวัดออกซิเจนในเลือด รุ่น JPD-500D,762.5
8.85699E+12,JUSTIMA 21'S (สูตร YASMIN) MASA,194
8.85406E+12,K&K NASAL CONNECT อุปกรณ์ต่อขวดล้างจมูก 1ชิ้น,84.5
8.85406E+12,K&K NORMAL SALINE 1000ML จุกแหลม ลัง12,46
8.85406E+12,K&K NORMAL SALINE 1000ML(ดัมเบล) ลัง10*จำกัด2ลัง,32.5
8.85406E+12,K&K NORMAL SALINE 100MLจุกแหลม ลัง24BT,25.5
8.85406E+12,K&K NORMAL SALINE 200MLจุกแหลม ลัง24,32.5
8.85406E+12,K&K NORMAL SALINE 500 ML.(ดัมเบล) /ลัง20,28.5
8.85406E+12,K&K NORMAL SALINE 500 ML.จุกแหลม ลัง24,35.5
8.85406E+12,K&K SALINE WIPES 10'S/ซอง,18.5
8.85406E+12,K&K จุกล้างจมูก 2'Sx24อัน/BX.(ANB),24.5
8.85406E+12,K&K จุกล้างจมูกซิลิโคน นุ๊ม นุ่ม 1 ชิ้น(ANB),24.75
8.85082E+12,KA BODY LOTION SPF25 250ML.,101
8.85082E+12,KA BODY LOTION SPF25 75ML.,41
8.85082E+12,KA BODYLOTION SPF25 150ML,72.5
8.85082E+12,KA LIP CARE MENTHOL 3.5G.,18
8.85082E+12,KA LIP CARE MIS FRUIT 3.5G.,18
8.85082E+12,KA LIP CARE ORANGE 3.5G.(ปวีณ์มล),18
8.85082E+12,KA SOFT LIPS 2G.x12'S,18
8.85082E+12,KA SPONGY FACIAL GEL 35G.(ชมพู),20
8.85082E+12,KA SPONGY FACIAL GEL 70G.(ชมพู),33.5
8.85082E+12,KA SPONGY FACIAL GEL 70G.(ฟ้า),33.5
8.85082E+12,KA UV EXTREME PROTEC SPF 50+ SPRAY 50ML.,93.5
8.85082E+12,KA UV SUN LOCK SPF50 30ML.(สีขาว),120.25
8.85082E+12,KA UV SUN LOCK SPF50 60ML.(สีเนื้อ),205
8.85082E+12,KA UV SUN LOCK SPF50 60ML.(สีขาว),205
8.85082E+12,KA UV WHITE SPF50 30ML(สีแพสเทล),120.25
8.85082E+12,KA UV WHITE SPF50 30ML(สีขาว),120.25
8.85082E+12,KA UV.PROTECTION SPF35.6x10G.(ซอง),12
8.85082E+12,KA WHITENING SPF33 75ML,58.25
8.85082E+12,KA ครีม-ไวท์สปอต 25G.(ชมพู),42
8.85082E+12,"KA.CR.15G.,ลดรอยสิว",33
8.85899E+12,KACHAA PLUS 6แผงx10'S/BX.(BKD),436
8.85899E+12,KACHAA-NITO (กระชายดำ) 30'S(BKD.),177
8.85899E+12,KACHAA-NITO 6x10'S,463.5
8.85961E+12,KACHALIS NOURISHING GEL 15ML.,342.5
8.85961E+12,KACHALIS SHOT DRINK 10'Sx15ML.BX.,293.5
8.85899E+12,KACHANA กระชายดำสกัด 3x10'S(BANGKOK),525.5
8.85899E+12,KACHANA สารสกัดกระชายดำ 60'S,391.5
8.854E+12,KAL-G.150G.(HYDROLYTE COLLAGEN)แพ็ค2กป.,982
8.85651E+12,KALIDIN SYRUP 60ML.(LORATADINE)TMAN,23.75
8.85511E+12,KALTAZONE 5G.(CLOBETHASOL) TCP.,19.75
8.85879E+12,KAMILLOSAN-M 15CC.(MEDA PHARMA),139.5
8.85134E+12,KAMISTAD HERBAL TOOTHPASTE 20G.,33.5
8.85134E+12,KAMISTAD TOOTHPASTE 100G./หลอด,96.5
4.897E+12,KAMISTAD-GEL N 10G.(STADA),83
8.85928E+12,KAMO-G MOUTH SPRAY 25ML.,60
8.85905E+12,KAMOL SYRUP 60ML(PARA120MG.)ราสเบอรี่,13.75
8.8572E+12,KAMOLA KIDS-MOUTH SPRAY 15ML,77
8.8572E+12,KAMOLA MOUTH SPRAY 15ML,77
111413031,KANAMYCIN 1G.x10ขวด/BX.,34.5
8.85422E+12,KANAMYCIN 250MG.10x10'S(MEIJI),363.75
8.85281E+12,KANOLONE 30ML (T.A.0.1%),18.75
8.85281E+12,KANOLONE 60ML (T.A.0.1%),31
8.85281E+12,KANOLONE CR.50x1G.(TA.0.1%)/กล่อง,234.5
8.85281E+12,KANOLONE CR.5G.(TA.0.1%)/หลอด,21.5
8.85281E+12,KANOLONE PEPERMINT GEL 50ซองx1G./BX.,237.75
8.85281E+12,KANOLONE PEPERMINT GEL 5G.,22
8.85265E+12,KARA SHAMPOO 100ML(KETO),67
4.98708E+12,KARY UNI 5MLx10/BX.(PIRENOXINE )ต้อกระจก,70
8.85281E+12,KASCOXIP 120MG. 3x10'S(สูตรARCOXIA),399.5
8.85281E+12,KASCOXIP 60MG. 3x10'S(สูตรARCOXIA),348.5
8.85014E+12,K-CANLA ใบบัวบกสกัด 60เม็ด(ขาวละออ),197
8.85203E+12,KEFLEX 125MG/5ML 60ML(CEPHALEXIN),79.5
8.85188E+12,KELA CR.0.1% 15G.(TA.)(TO) ขึ้น,33
8.85188E+12,KELA CR.0.1% 5G.(TA.)(TO),17
8.85188E+12,KELA LOTION 30CC.(TA.)(TO.),23.5
8.85188E+12,KELA LOTION. 60ML.(TA.)(TO),35.75
8.85394E+12,KEMZID CR. 0.1%15G.(TA.),21.25
8.85501E+12,KENET-100 6'S(CLOTRI.)(PATAR),14
8.85501E+12,KENET-500x1'S(CLOTRI.)(PATAR),14
8.85101E+12,KEPPRA 100MG/ML 300ML (LEVETIRACETAM),2436.5
8.85101E+12,KEPPRA 250MG.30'S(LEVETIRACETAM)GSK.,652
8.85101E+12,KEPPRA 500MG.6x10'S(LEVETIRACETAM),2235.5
8.85274E+12,KETAZON 100ML.(KETOCONAZOLE)SAIM,96.5
8.85274E+12,KETAZON 200MG 10x10'S(KETO),293
8.85274E+12,KETAZON CR 5G.(KETOCONAZOLE),40.25
8.85274E+12,KETAZON SHAMPOO 50ML(SAIM),53.75
8.85274E+12,KETEN 1MG.(KETOTIFEN)10x10/BX SIAM,151.75
8.85274E+12,KETEN 60ML(KETOTIFEN)(SIAM),47.5
8.8597E+12,KIDNY CHECK ชุดตรวจไมโครอัลบูมินแบบตลับ 1ชุด,99999
8.85298E+12,KINTAL B 500'S/กระปุก(IBU+PARA)CPL,1
8.85298E+12,KINTAL B 25x10'S/BX.(IBU+PARA)CPL,365
8.85E+12,KIREI KIIEI HAND GEL 70% 50ML,28.5
8.85895E+12,KIT - SYRUP 60ML (PARA 160MG.)รสเชอรี่/CP,23.75
8.85895E+12,KIT-F 15CC.(PARA)(CP.),14
8.8528E+12,KLACID 125/5ML 60ML(CLARITHROMYCIN),333
8.00266E+12,KLACID MR 500MG. 7'S(CLARITHROMYCIN),398.5
8.85406E+12,KLEAN & KARE ANTI ACNE GEL 5G.,76.5
8.85406E+12,KLEAN & KARE SCAR & SPOT GEL 5G.,76.5
8.85712E+12,KLEAN 2009 GEL 450G.(หัวปั๊ม)TMAN,135
8.85406E+12,KLEAN&KARE NIZZY SPRAY 18ml น้ำเกลือสเปรย์,55.75
8.8591E+12,KLEANGLOVE ถุงมือไนไตร(ไม่มีแป้ง)#สีดำ SIZE L,115
8.8591E+12,KLEANGLOVE ถุงมือไนไตร(ไม่มีแป้ง)#สีดำ SIZE M,115
8.8591E+12,KLEANGLOVE ถุงมือไนไตร(ไม่มีแป้ง)#สีดำ SIZE S,115
8.8591E+12,KLEANGLOVE ถุงมือไนไตร(ไม่มีแป้ง)#สีฟ้า SIZE L,115
8.8591E+12,KLEANGLOVE ถุงมือไนไตร(ไม่มีแป้ง)#สีฟ้า SIZE M,115
8.8591E+12,KLEANGLOVE ถุงมือไนไตร(ไม่มีแป้ง)#สีฟ้า SIZE S,115
8.8591E+12,KLEANPAD SIZE 6x10CM. 4'S/BX.(N6x10),23
8.8591E+12,KLEANPAD SIZE 6x7CM. 3'S/BX.(T6x7)กันน้ำ,20.5
8.8591E+12,KLEANPAD SIZE 8x8CM. 4'S/BX.(N8x8),24
8.8591E+12,KLEANPAD SIZE 8x8CM.3'S/BX.(T8x8)กันน้ำ,25.75
8.8591E+12,KLEANSAL จุกล้างจมูก 2ชิ้นx10'S/แพ็ค(LONGMED),190
8.8591E+12,KLEANSET เซ็ตทำแผล 12'S/BX.(LONGMED),114.75
8.8591E+12,KLEANTRANS เทปใส 1/2นิ้วx 1.5หลาx12ม้วน/แพ็ค,42
8.8591E+12,KLEANTRANS เทปใส 1/2นิ้วx 2.5หลาx12ม้วน/แพ็ค,58
8.8591E+12,KLEANTRANS เทปใส 1/2นิ้วx10หลาx12ม้วน/แพ็ค,111.5
8.8591E+12,KLEANTRANS เทปใส 1/2นิ้วx5หลาx12ม้วน/แพ็ค,71.75
8.85981E+12,KLEARLY NO.1 23 PROBIOTIC 25'S,236
8.85699E+12,KLINDAMYCIN - 300MG.10x10'S(UMEDA),258.25
8.8587E+12,KLINE CREAM 30G.(สารสกัดสมุนไพร),75.25
8.85229E+12,KLINNA GEL 10G.(CLINDA 1%)GREATER,53.5
8.85229E+12,KLINNA SOLUTION 20ml (CLINDAMYCIN),42
8.85088E+12,KLOBECORT MILKY LOTION 10G.(2M),46.5
8.85088E+12,KLOBECORT MILKY LOTION 30G.(2M),97
8.8546E+12,KLYPAIN ANALGESIC BALM 30G.(PHARMAHOF),23.5
8.8546E+12,KLYZEN GEL 30G.(DICLOFENAC)PHAMAHOF,20.5
8.85869E+12,KMP MOUTH SPRAY 12ML.,56.5
111006,KOJI 10x10'S/BX.(CHOCHICINE 0.6MG.),0
8.85501E+12,KOJI 50x10'S(สูตร COLCHICINE)PATAR,276
8.85064E+12,KOKORI SOOTHING CREAM 50G.,99999
4.98707E+12,KOOL FEVER BABY 3ชิ้น/BX ลัง 48 bx,75.5
4.98707E+12,KOOL FEVER EXTRA COOL 3ชิ้น/BX.,75
4.98707E+12,KOOL FEVER MINT 3'S/BX.เด็กโต,75
4.98707E+12,KOOL FEVER-เด็ก 3 ชิ้น/BX ลัง 48 bx,75.5
4.98707E+12,KOOL FEVER-ผู้ใหญ่ 3ชิ้น/BX ลัง 48 bx,75.5
8.85889E+12,KOOLCAP 30'S(NATT),86
92070070,KOOLCAPP 20x8'S(NATT),519.5
,KOSAMINE 15x6'S(GLUCOSAMINE 500MG.)SIAM,430
,KOSAMINE 30Sachets(GLUCOSAMINE),412
8.85014E+12,KRACHAI PLUS 60'S(กระชาย+เบต้ากลูแคน)ขาวละออ,145.5
7.13289E+12,KRATHING-CAP GOLD 10'S(THP),232.25
8.85182E+12,KREMIL TABLETS 20x10'S(โฉมใหม่),325
8.85182E+12,KREMIL-S 20x10'S*ใหม่,383
8.85876E+12,KRESS BROXO SYRUP 60ML.(AMBROX),22.5
8.85876E+12,KRESS CLINDAMYCIN 5G.,25
8.85876E+12,KRESS COLET 250 SYR. 60ML(CARBOCYS),22.5
8.85876E+12,KRESS CORT 0.02% CR. 5G.,13
8.85876E+12,KRESS DERM CREAM 5G.(KETOCONAZLOE),17
8.85876E+12,KRESS LOTION 60ML (TIAM 0.1G.),29.5
8.85876E+12,KRESS S-TOLZEN 50x10'S(สูตร MYDOCLAM),285.5
8.85876E+12,KRESS TRIMBAC SUS. 60ML.(SULPHA+TRIMET),19.75
8.85876E+12,KRESS VIT C 1000'S(กลิ่นมะนาว),83
8.85876E+12,KRESS VIT C 1000'S(กลิ่นลิ้นจี่),83
8.85876E+12,KRESS VIT C 1000'S(กลิ่นส้ม),86
8.85876E+12,KRESS VIT C 1000'S(กลิ่นสับปะรด),83
8.85876E+12,KRESS VIT C 1000'S(กลิ่นองุ่น),83
8.85876E+12,KRESS VIT C 1000'S(สตรอเบอร์รี่),83
8.85876E+12,KRESS VIT C สตอร์ 50ซอง/กล่อง,349.5
8.85876E+12,KRESS VIT C ส้ม 50ซอง/กล่อง,349.5
8.85876E+12,KRESS VIT C องุ่น 50ซอง/กล่อง,349.5
8.85876E+12,KRESS XARAX 25MG. 50x10'S(HYDROX),266.5
8.85876E+12,KRESS เพชรสังฆาต 60 แคปซูล,58.5
8.85876E+12,KRESS ขมิ้นชัน 60'S(KRESS PHARMA),49.75
8.85876E+12,KRESS-B CREAM 20G.(CLOTRI+BETA),44.5
8.85876E+12,KRESS-B CREAM 5G.(CLOTRI+BETA),16.5
8.85876E+12,KRESS-B-C บำรุงโลหิต 100'S/BX.,52.5
8.85876E+12,KRESSCANYL EXPEC. 60ML.(TERBU+GUAIFEN),23.5
8.85876E+12,KRESSCLOR 250 DRY SYRUP 60ML(CEFACLOR),133.75
8.85876E+12,KRESSDIXA-500 25x10'S(DICLOXA)ส้มครีม,666.75
8.85876E+12,KRESSEN CREAM 25G.,17.5
8.85876E+12,KRESSFEC 500MG.25x10'S(MEFANAMIC),375
8.85876E+12,KRESSFLOX 400MG. 50x10'S/BX.(NORFLOX),750.5
8.85876E+12,KRESS-HISTINE 24MG. 10x10'S(BETAHISTINE),349.5
8.85876E+12,KRESSHYCINE SYRUP 60ML.(HYOSCINE),25.5
8.85876E+12,KRESSLEX -500 25x10'S(CEPHALEXIN)น้ำเงิน,673
8.85876E+12,KRESSLEX DRY 125MG.60ML.(CEPHA)ส้ม เปลือย,28
8.85876E+12,KRESSLEX DRY 250MG.60ML.(CEPHA)(เปลือย),29
8.85876E+12,KRESSLEX DRY 250MG.60ML.(CEPHA)มีกล่อง,33.75
8.85876E+12,KRESSLOG ORALPASTE 5G.,16.5
8.85876E+12,KRESSMOL 50x10'S(PARA 500MG.)ขาวรี,250
8.85876E+12,KRESSMOL SYRUP 60ML.(PARA 120MG.),18.75
8.85876E+12,KRESSMOL SYRUP PARA.250 60ML ส้ม(มีกล่อง),22.5
8.85876E+12,KRESSMOL-120 (PARA)60ML(เขียว),17.5
8.85876E+12,KRESSMOL-120 (PARA)60ML(แดง),17.5
8.85876E+12,KRESSMOX 125MG(รสส้ม)60ML(มีกล่อง),22
8.85876E+12,KRESSMOX 125MG(สตอเบอรี่)60ML(มีกล่อง),22
8.85876E+12,KRESSMOX 125MG.(รสกล้วย)60ML(มีกล่อง),22
8.85876E+12,KRESSMOX 125MG.60ML.รสกล้วย(ขวดเปลือย),14.5
8.85876E+12,KRESSMOX 125MG.60ML.รสส้ม(ขวดเปลือย),14.5
8.85876E+12,KRESSMOX 125MG.60ML.สตอเบอรี่(ขวดเปลือย),14.5
8.85876E+12,KRESSMOX FORT 250MG(ส้ม)(มีกล่อง),27
8.85876E+12,KRESSMOX FORT 250MG.รสส้ม(ขวดเปลือย),21.75
8.85876E+12,KRESSMOX-500 25x10'S(AMOXI)เขียว-ฟ้า,440.5
8.85876E+12,KRESSMOX-500 25x10'S(AMOXICILIN)ชมพู-ขาว,440.5
8.85876E+12,KRESSPERDONE SUSPEN. 60ML.(DOMPERIDONE),21
8.85876E+12,KRESSPROX 500MG. 50x10'S(CIPRO),1236.75
8.85876E+12,KRESSTADINE 1x10'Sx10/แพ็ค(LORATADINE) EXP.10/26,12.5
8.85876E+12,KRESSTADINE 60ML(LORATADINE),21.5
8.85876E+12,KRESSTEC 250'S/กระปุก(CETIRIZINE)ZYRTEC,133.5
8.85876E+12,KRESSTEC 50x10'S(สูตรZYRTEC),247
8.85876E+12,KRESSVENT SYRUP 60ML.(SALBUTAMOL),20.5
8.85014E+12,K-SAMIN ผงงาดำ 60เม็ด (ขาวละออ),197
8.85975E+12,KSG PLAST ผ้ายืดพันแผลมีกาว 2.5ซม.x2ม.(1ม้วน),34
8.85749E+11,KSG PLAST ผ้ายืดพันแผลมีกาว 6ซม.x2ม.(1ม้วน),49
8.85975E+12,KSG PLAST ฟิกซ์&สเตรช 10ซม.x10ม.(1ม้วน),145
8.85975E+12,KSG PLAST ฟิล์มใสกันน้ำ 10x12ซม.5'S/BX.,32.75
8.85975E+12,KSG PLAST ฟิล์มใสกันน้ำ 6x7ซม.5'S/BX.(W1),32.75
8.85975E+12,KSG เทปแต่งแผลเยื่อกระดาษ 1นิ้วx10หลาx1ม้วน(P2),20.75
8.85975E+12,KSG เทปแต่งแผลเยื่อกระดาษ1/2นิ้วx10หลาx1ม้วน(P1),11.25
8.85975E+12,KSG เทปแต่งแผลชนิดใส 1/2นิ้วx10หลาx1ม้วน(C1),12.5
8.85975E+12,KSG เทปแต่งแผลชนิดใส 1นิ้วx10หลาx1ม้วน(C2),20.75
8.85975E+12,KSG เทปแต่งแผลชนิดใส 4นิ้วx10หลาx1ม้วน(C3),38.5
8.85876E+12,K-TEC SYRUP 100ML.( สูตร FATEC ),36.75
8.85876E+12,K-TEC SYRUP 60ML.(สูตร FATEC),25
8.85317E+12,KUL-DA 10G.(TOLNAFTATE 10MG.)BMP,39
8.85281E+12,KUPA 20x10'S(BROM+GG)M&H,89
8.854E+12,KURAMI SHAMPOO 125CC.(สูตรSENSITIVE),122
5.0522E+12,K-Y GEL 42G.ล.,151
5.0522E+12,K-Y GEL 82G.ญ.,214.5
8.85271E+12,L.C.H 1000 X.M.S 30'S(BIOPLUS),545.5
8.85271E+12,L.C.H.3LPLUS 30'S,227.5
3.33788E+12,LA ROCHE ANTH ANTI-BRILLANCE SPF50 75ML,685.25
3.33787E+12,LA ROCHE ANTH BABY SPF50 50ML,590.5
3.33788E+12,LA ROCHE ANTH DRY TOUCH SPF50 50ML#6430,923
30162662,LA ROCHE ANTH FLUID SPF50+ 50ML#2662,906.75
3.33788E+12,LA ROCHE ANTH LOTION SPF50 100ML,758.5
3.33788E+12,LA ROCHE ANTH PEDIATRICS SPF50 250ML,1030
3.33788E+12,LA ROCHE ANTH ULTRA CREAM SPF50+ 50ML,891
3.33787E+12,LA ROCHE ANTH ULTRA-LIGHT SPF50 200ML,859
8.85043E+12,LA ROCHE ANTH XL DRY TOUCH SET,891
3.33788E+12,LA ROCHE ANTHE UVMUNE 400 FLUID SPF50+ 50ML.,931.5
3.33787E+12,LA ROCHE CACIPLAST BAUME B5 15ML,173.5
3.33787E+12,LA ROCHE CACIPLAST BAUME B5 40ML,345
30106659,LA ROCHE CACIPLAST LEVRES 7.5ML,206
3.33787E+12,LA ROCHE CACIPLAST MAINS 50ML,200.5
3.33788E+12,LA ROCHE EFFACLAR DUO+M 40ML.,711.5
3.33787E+12,LA ROCHE EFFACLAR GEL MOUSS 200ML#1083,605.75
3.33787E+12,LA ROCHE EFFACLAR GEL MOUSS 50ML,202
3.33788E+12,LA ROCHE EFFACLAR SERUM 30ML#2827,832.5
3.33787E+12,LA ROCHE LIPIKAR FLUIDE 200ML(ขวดปั๊ม),178.5
3.33787E+12,LA ROCHE LIPIKAR FLUIDE 400ML(ขวดปั๊ม),306
3.33787E+12,LA ROCHE LIPIKAR GEL LAVANT 400ML,237.25
3.33787E+12,LA ROCHE MICELLAE WATER SENS 100ML,277.5
3.33787E+12,LA ROCHE MICELLAE WATER SENS 400ML,693
3.33788E+12,LA ROCHE MICELLAE WATER ULTRA 100ML,277.5
3.33788E+12,LA ROCHE MICELLAE WATER ULTRA 400ML,693
3.33787E+12,LA ROCHE POWDER SPF25 9.5G.#11BS,590
3.33787E+12,LA ROCHE REDERMIC C 40ML,1455.5
3.33787E+12,LA ROCHE REDERMIC C EYES 15ML,1039
3.33787E+12,LA ROCHE SENSI WHITE ESSENCE 30ML,1380
3.33787E+12,LA ROCHE SENSI WHITE FOAM 125ML,624.5
3.33787E+12,LA ROCHE SENSI WHITE EMUS 50ML,1259.5
3.33787E+12,LA ROCHE SENSI WHITE LOTION 200ML,902
3.43342E+12,LA ROCHE SEROZINC 150ML,421.25
3.33788E+12,LA ROCHE SEROZINC 300ML,564
3.33788E+12,LA ROCHE SEROZINC 50ML,171.5
3.33787E+12,LA ROCHE SUBSTINAE+SERUM 30ML,1593.5
3.43342E+12,LA ROCHE THERMALE WATER 150ML,381.25
3.43342E+12,LA ROCHE THERMALE WATER 50ML,154
3.43342E+12,LA ROCHE TOLERIANE CREME 125ML#5332,400.5
3.33788E+12,LA ROCHE-POSAY ANTHELIOS UVMUNE 400 FLUID SPF50+ 50ML.,929.75
8.90407E+12,LAA LI BALM DEEP MOISTURISER 15G.(ABCA),70.5
8.90407E+12,LAA LI BALM DEEP MOISTURISER 50G.(ABCA),195.5
8.85493E+12,LAC-OPH ED 10CC.(SENG THAI),26.75
8.85089E+12,LACTACYD CARE 150ML(ชมพู),108.25
8.85089E+12,LACTACYD CARE 60ML(ชมพู),50
8.85089E+12,LACTACYD LIQUID 150ML.(ขาว),108.25
8.85089E+12,LACTACYD SOFT&SILKY 150ML(ม่วง),108.25
8.85089E+12,LACTACYD WOMEN HYGIENE 60ML,57
8.85406E+12,LACTATE RINGER (NOSET) 500ML.(ลัง20),33.25
8.85406E+12,LACTATED RINGER'S 1000ML+สายน้ำเกลือ,53.5
8.85037E+12,LADINA ยาสตรีชนิดน้ำ 400ML,142
8.85037E+12,LADINA ยาสตรีสกัดชนิดแคปซูล 20'S,86.75
8.8572E+12,LADI-PLUS BODY SPRAY 6ML,116
8.8546E+12,LADYNORE (สูตร Postinor) ยาคุมฉุกเฉิน,22
8.85229E+12,LAEVOLAC 100ML.(LACTULOSE)GREATER,85.5
8.85593E+12,LAMAZONE CR.(CLOTRI)10G.,36.25
7.31162E+12,LAMISIL CR. 15G.(TERBINAFIN),230
7.31162E+12,LAMISIL CREAM 7.5G.(TERBINAFIN),125
8.85262E+12,LANZAAR 100MG. 10x10'S(BERLIN),289
8.85262E+12,LANZAAR 50MG. 10x10'S(BERLIN),191
8.90373E+12,LAZINE 10x10'S LEVOCET.(สูตรXYZAL),450.75
8.90373E+12,LAZINE 1x10'S(สูตรXYZAL) LEVOCET.,45.5
8.85713E+12,LEAFIA ผงตับไก่ 50G.x12ซอง/BX.,72
8.85713E+12,LEAFIA ผงปรุงรสจากผัก สูตรไม่เติมเกลือ 30G.x12,97.5
8.85713E+12,LEAFIA ผงปรุงรสจากผักสูตรเกลือต่ำ 30G.x12ซอง,86.5
8.85713E+12,LEAFIA ผงผักโรยข้าว รสแซลมอล 30G.x12ซอง,64.5
8.85713E+12,LEAFIA ผงผักโรยข้าว รสไข่ 30G.x12ซอง/BX.,57
8.85713E+12,LEAFIA ผงผักโรยข้าว รสดั้งเดิม 30G.x12ซอง,57
8.85944E+12,LEBREX 200MG. 10x10'S/BX.(สูตรCELEBREX),99999
8.85274E+12,LEFLOXIN 100MG.1x10'S(LEVOFLOX)SIAM,148
8.85274E+12,LEFLOXIN 500MG.1x10'S(LEVOFLOX.)(SIAM),336
8.85274E+12,LEFLOXIN EYES DROP 5ML.(LEVOFLOXACIN)SIAM,68.75
8.85872E+12,LEFTOSE 10x10'S/BX.(KENYAKU) *P,181.5
,LEFTOSE 10x10'S/BX.(PRO),0
8.85897E+12,LEGALON 140MG.4x10'S,657
8.85304E+12,LEO POVIDONE-IODINE 15MLx12ขวด,124
8.85304E+12,LEO POVIDONE-IODINE 30MLx12ขวด,214
8.85262E+12,LEPPA 250MG.3x10'S(สูตร KEPPRA) BERLIN,202
8.85262E+12,LEPPA 500MG.6x10'S(สูตร KEPPRA) BERLIN,587
8.85651E+12,LERES 1x10'S(สูตรXYZAL)T.MAN (LEVOCET.),60.5
8.85024E+12,LERMEX 200MG.5x5'S(ACYCLOVIR)SPS.,58
8.85024E+12,LERMEX 800 (ACYCLOVIR).SPS7x5'S,248
8.8546E+12,LESCILON 21'S(สูตรMERCILON),82
8.8546E+12,LESCILON 28'S(สูตรMERCILON),82
8.85394E+12,LESFLAM 50MG.10x10'S(DICLOFENAC P.),122.75
8.85314E+12,LEVOCET 1x10'S(LEVOCET)(สูตรxyzal)ชุมชน,53
4.71572E+12,LEVOCETIN 10x10'S(สูตรXYZAL)BIOPHARM,478.75
4.71572E+12,LEVOCETIN 1x10'S(สูตรXYZAL)BIOPHARM,55.75
122213500,LEVOMAC 500 1x5'S/BX.(LEVOFLOX),42.75
8.85394E+12,LEVOMET 250/25MG.(LEVODOPA+CARBI)10x10'S,579
8.85188E+12,LEVO-OPH EYE DROP 5ML.(LEVOFLOXACIN)TO.,51.5
8.85152E+12,LEVOSIDE 1x10'S(XYZAL)NDB LEVOCET.,58.5
8.85188E+12,LEVTRIZIN 10x10'S(สูตรXYZAL)TO LEVOCET.,487.5
8.85188E+12,LEVTRIZIN 1x10'S(สูตรXYZAL)TO. LEVOCET,52
5.70216E+12,LEXAPRO 10MG.2x14'S.(ESCITALOPAM),1180
8.85394E+12,LEXEMIN 300MG.10x10'S(FENOFIBRATE),1120
6.92086E+12,LIANHUA QINGWEN 24 CAPSULE,194.5
8.85926E+12,LICE-HAO ไล่เห่า 30ML.(NANOMED),105.5
8.85867E+12,LIDOCAINE 2% INJ. 50ML,38
8.8583E+12,LILLY CAPSULE 30'S,63
8.8571E+12,LILLY PLUS COFFEE 10'S/BX,121.75
s12121950,LILYSHINE BODY LOTION 50G.,0
8.85825E+12,LINCOCILIN 2ML.(LINCOMYCIN),12.5
8.85898E+12,LINDINE 1x10'S(LORATADINE)PML,13.5
5.997E+12,LINDYNETTE 20 21'S(สูตรMELIANE),72.25
8.85254E+12,LINGADO 10x10'S(LORATADINE 10MG.),80
8.8588E+12,LINHZHIMIN หลินจือมิน 60'S/กล่อง,818
8.85343E+12,LINZHIPRO สารสกัดเห็ดหลินจือ 3x10'S/BX.,320.5
8.85024E+12,LIOBAC BACLOFEN 10MG.20x10'S(SPS),257.5
23154489945,LIP CARE ไม้ไทย(กล่องละ24ตลับ),570.5
1.21E+12,LIPITOR 10MG.3x10'S,1235
1.21E+12,LIPITOR 20MG.3x10'S,1675
8.85908E+12,LIPO 8 DUG 50'S,255
8.85651E+12,LIPRIKAINE CR 30G.(T.MAN) LIDOCAINE,246
8.8572E+12,LIPS CARE(เภสัช)/แพ็คละ24ตลับ,156
4.98707E+12,LIQUIPLAST 10G.(ฟิล์มเคลือบแผล),137
8.85274E+12,LISPRIL 10MG. 30'S(LISINOPRIL)SIAM,114.5
8.85274E+12,LISPRIL 5MG. 30'S(LISINOPRIL)SAIM,60.5
8.85001E+12,LISTERINE FRESHBURST ZERO ALC. 750+250ML,125
8.85001E+12,LISTERINE ORIGINAL เหลือง 250CC.,69
8.85001E+12,LISTERINE TARTAR PROTEC 250ML,69.75
8.85001E+12,LISTERINE TARTAR PROTEC 750ML(แพ็คคู่1+1),225
8.85001E+12,LISTERINE TARTAR PROTECTION 750ML(1ขวด),140.5
8.85001E+12,LISTERINE TOTAL CARE ZERO 250CC.,99999
8.85001E+12,LISTERINE ZERO TOTAL CARE SENSITIVE 250ML.,68.5
8.85001E+12,LISTERINE-COOLMINT 100ML.,26
8.85001E+12,LISTERINE-COOLMINT 750ML+250ML(1ฟรี1),126
8.85001E+12,LISTERINE-COOLMINT. 250ML(ซื้อ1แถม1),60
8.85001E+12,LISTERINE-COOLMINT. 750ML(ขวดเดี่ยว),127.5
8.85001E+12,LISTERINE-TTC.250ML.สีม่วง(ซื้อ1 แถม1),68
8.85001E+12,LISTERINE-TTC.500ML.ม่วง.,115.25
8.85001E+12,LISTERINE-TTC.750ML.ม่วง.(ซื้อ1แถม1),209.5
8.85897E+12,LITTLE HEART LOTION 50ML(โลชั่นตะไคร้หอม),88.25
8.85897E+12,LITTLE HEART แผ่นหอมติด แมส 30'S/BX.,82.5
8.85897E+12,LITTLE MOSGUITO PATCH 30'S/BX.,95
8.85983E+12,LITTLE MOSGUITO PATCH กลิ่นตะไคร้ 10ซอง/BX.,367.5
8.85897E+12,LITTLE NOSE PATCH แผ่นหอมแดง 22'S/กล่อง,95
8.85897E+12,LITTLE NOSE PATCH แผ่นหอมแดงเข้นข้น 6'S/BX.,49.75
8.85983E+12,LITTLE TWIN 2IN1 FOR NIGHT 20'S/BX.,240
8.85897E+12,LITTLE TWIN PROTECT DAY&NIGHT 6+6'S/BX.,71.75
8.85266E+12,LIVALO 2MG.100'S/กล่อง(BIOPHARM),1980
8.85876E+12,LIVECAP 10x10'S/BX.แคปซูลนิ่ม(7ดาว),1151
8.85899E+12,LIVERA 140MG. 3x10'S(SILYMARIN)BKD.,234.5
8.40165E+11,LIVIAL 2.5MG. 28'S(TOBOLONE),901
8.85856E+12,LIVSAMOL 10'S(PARA 500MG.)42,23.5
8.85976E+12,LOBENATE GEL 20.G(CHLORHEXIDINE+SILVER),82
18119000,LOC รถเข็นเหล็กเคลือบสี(เบาะผ้าสีแดง) - HY9000,2390
12061450,LOCANA INJ. 50ML(LIDOCAIN)5x50ML/BX.,34.5
8.85651E+12,LOCOSE TAB(GLIBEN 5MG.)10x10'S,36.75
4.06527E+12,LODOZ 2.5/6.25MG.3x10'S(BISO/HCTZ),237.5
4.06527E+12,LODOZ 5/6.25MG.3x10'S(BISO/HCTZ),312
8.85511E+12,LOG ATK COVID TEST น้ำลายและโพรงจมูก 1'S,106
8.85898E+12,LOGAS-40 DROP 15ML(SIMETHICONE)PML,20
8.85712E+12,LO-GRD 10'Sx15ML.(รสเปปเปอร์มินต์),215.5
8.90153E+12,LOKIT 20MG.10x10'S(OMEPLAZOLE)PML,66
8.85874E+12,LOLA 21'S(LEVONOR0.1+EE0.02),67.25
8.85046E+12,LOLANE NATURA LEAVE ON 120ML(องุ่น),75.5
8.85046E+12,LOLANE NATURA MAGIC SERUM 50ML(เขียว),58
8.85046E+12,LOLANE NATURA SERUM 120ML(สตอ),75.5
8.85046E+12,LOLANE NATURA SERUM 50ML(เหลือง),58
8.85046E+12,LOLANE-คัลเลอร์แชมพู#F1น้ำตาล(กล่อง),59
8.85046E+12,LOLANE-คัลเลอร์แชมพู#F2น้ำตาลอ่อน(กล่อง),57.5
8.85046E+12,LOLANE-คัลเลอร์แชมพู#N1สีดำ(กล่อง),51
8.85046E+12,LOLANE-คัลเลอร์แชมพู#N2น้ำตาลเข้ม(กล่อง),51
8.85046E+12,LOLANE-คัลเลอร์แชมพู#N3ช็อคโกแลต(กล่อง),51
8.85046E+12,LOLANE-คัลเลอร์แชมพู#N4สีน้ำตาลอ่อน(กล่อง),51
8.85046E+12,LOLANE-คัลเลอร์แชมพู#N5น้ำตาลแดง(กล่อง),51
8.85274E+12,LOMIDE 2MG (LOPERAMIDE) 10x10'S(SIAM),98.5
8.8591E+12,LONGMED CONFORMING BD 2นิ้วx12'S/BX.,53
8.8591E+12,LONGMED CONFORMING BD 3นิ้วx12'S/BX.,73.5
8.8591E+12,LONGMED CONFORMING BD 4นิ้วx12'S/BX.,95.25
8.85511E+12,LONNAGEL (T.A.)เป๊ป 25ซองx1G.(TCP),175
8.85511E+12,LONNAGEL (T.A.)กลิ่นเชอรี่ 25ซองx1G.(TCP),175
8.85511E+12,LONNAGEL (ส้ม)(T.A.)25x1G.(TCP),175
8.85511E+12,LONNAGEL CR.5G.(เชอรี่)(T.A.)(TCP),28.5
8.85511E+12,LONNAGEL CR.5G.(เป๊ป)(T.A.)(TCP),28.5
8.85511E+12,LONNAGEL CR.5G.(ส้ม)(T.A.)(TCP),28.5
8.85286E+12,LOPID 300MG.(GEMFIBROZIL) 6x10'S.,451
8.85266E+12,LOPID 600MG.(GEMFIBROZIL)6x10'S.,879
5.41506E+12,LOPID O.D.900MG.(GEMFIBROZIL)3x10'S.,552
8.85274E+12,LOPRESS 1MG.(PRAZOSIN)10x10'S.,64
8.85274E+12,LOPRESS 2MG.(PRAZOSIN)10x10'S,97
8.85937E+12,LOPY HAND CLEAN SPRAY ALCOHOL 100ML,70
8.85229E+12,LORADINE 10x10'S(LORATADINE)GREATER,106.75
8.85147E+12,LORAGIS 1X10'S(LORATADINE) TNP.,17.5
8.85147E+12,LORAGIS 60ML(LORATADINE)12x60ML.,33.25
8.85877E+12,LORANOX 20x10'S(LORATADINE)ส.เจริญ,113
8.85274E+12,LORANTA 100MG.(LORSATAN)3x10'S,207
8.85274E+12,LORANTA 50MG.(LOSARTAN)3x10'S.,145.5
8.85886E+12,LORATADINE -NIDA 1x10'S/แผง,12.5
8.90112E+12,LORIDIN MD 10MG.10x10'S(LORATADINE)PML,94
8.85314E+12,LORINOSE 1x10'S/แผง(LORATADINE 10MG.)ชุมชน,25.75
8.85335E+12,LORITA 10X10'S(LORATADINE)FAMALINE,70
8.85024E+12,LORIUS 60ML (สูตรAERIUS) SPS,82
8.85274E+12,LORSEDIN 10x10'S(LORATADINE)SIAM,174.75
8.85274E+12,LORSEDIN 1x10'S(LORATADINE),27
8.85274E+12,LORSEDIN 60ML(LORATADINE),57.5
8.85651E+12,LOSALAC SYR.100ML(LACTULOSE),74
8.85068E+12,LOSARTAN GPO 100MG.20x15'S/BX.,432.75
8.85068E+12,LOSARTAN GPO 50MG.20x15'S/BX.,315
8.85266E+12,LOTEMP 60ML(PARA 120MG)สตอเบอรี่,24
8.85266E+12,LOTEMP FORTE ส้ม 250MG(PARA),28
8.85266E+12,LOTEMP KIDS 60ML.(PARA 120MG.)กลิ่นบับเบิ้ลกัม,26.5
8.85304E+12,LP SALINE 200ML.(NSS),20.75
8.85304E+12,LP SALINE SOL.120ML.(NSS),18.75
8.85304E+12,LP SALINE SOL.60ML.(NSS),14.75
8.85304E+12,LP SODIUM CHLORIDE SOL.500ML.0.9%,24.75
8.85304E+12,LPSALINE NORMAL SALINE 1000ML.,37
8.85882E+12,LSP ARGININE SOFT GEL 60'S(แอล อาร์จินีน),231.75
8.85894E+12,LUBRIC - EYES DROPS 32'Sx0.8ML,176.25
8.85092E+12,LUBRIC-EYES DROP 8'Sx0.8ML/BX.,47
7.13289E+12,LUCICAP 60MG. 30'S(THP) บำรุงสายตา,232.25
8.85343E+12,LUCINAR CREAM 5G.(FUSIDIC 2%)FRX,38.25
,LUCKY MATE ALCOHOL 75% 1000ML,70
,LUCKY MATE ALCOHOL 75% 5000ML,290
4.897E+12,LUMIGAN 0.01% 3ML(BIMATOPROST),387
4.80001E+12,LUMIGAN 0.03% 3ML(BIMATOPROST),495
8.90112E+12,LUMONT 10MG.3x10'S(สูตรSINGULAIR),206.5
6.94564E+12,LUNCH BOX 700ML(ABBOT),0
8.85869E+12,LUTEIN- สารสกัดดอกดาวเรือง KMP 60'S,130.5
8.85651E+12,LUTEINA BERRY POWER 20ซอง/กล่อง,370
8.85651E+12,LUTEINA VIZ 30'S/ขวด(TMAN),233.5
8.85712E+12,LUTEINA สารสกัดดาวเรือง 60'S(TMAN),140
8.85899E+12,LUTI-BERRY MIXED 1x10'S(BKD),96.75
8.85961E+12,LUTI-BERRY MIXED 30'S,195.5
121920500,LUX SOFT TOUCH 500ML,0
8.85899E+12,LYBACA 1x10'S (PREGABALIN 75MG.),59
8.85266E+12,LYBALIN 75MG.(PREABALIN)56'S,565
8.85088E+12,LYMA CREAM 5G.(CLOTRIMAZOLE)(2M),12.5
8.85088E+12,LYMARIN CR.15G.(2M),46
8.85088E+12,LYMARIN CR.5G.(2M),23
8.85925E+12,LYO CONDITIONER 200ML.,252.5
8.85925E+12,LYO HAIR TONIC 100ML.(ขาว),509
8.85925E+12,LYO HAIR TONIC 30ML.(น้ำเงิน),237
8.85925E+12,LYO HAIR แชมพูย้อมผม 30ML.x6ซอง(น้ำตาลเข้ม),224
8.85925E+12,LYO HAIR แชมพูย้อมผม 30ML.x6ซอง(น้ำตาลประกายแดง),224
8.85925E+12,LYO HAIR แชมพูย้อมผม 30ML.x6ซอง(น้ำตาลประกายทอง),224
8.85925E+12,LYO HAIR แชมพูย้อมผม 30ML.x6ซอง(สีดำ),224
8.85925E+12,LYO SHAMPOO 200ML.,252.5
1.21E+12,LYRICA 25MG.4x14'S(PREGABA)PFIZER,1015
1.21E+12,LYRICA 75MG.4x14'S(PFIZER),1720
8.8593E+12,M MILK UHT นมโค รสจืด 180มล.x3กล่อง(แพ็ค),37
8.85254E+12,M.P.OSOTH 15 MG.10x10'S/BX.(MELOX),194.5
8.85254E+12,M.P.OSOTH 15MG. 500'S/BT.,800
8.85501E+12,M16 ปวดฟัน *ใหม่,16.25
8.85072E+12,MAASS GINGER SPRAY 10ML(สเปรย์ขิง),73
8.85072E+12,MAASS GINGER SPRAY 15ML(สเปรย์ขิง)*ใหม่,74
8.85905E+12,MACAL 1x50x10'S (PARA 500MG.) HK.,199
8.85347E+12,MAC-CALAC 100ML.(LACTULOSE)สูตรHEPALAC,77.5
8.85872E+12,MACCI 3x10'S(ผลิตภัณฑ์เสริมอาหาร),900.5
8.85944E+12,MACHTO GEL 240ML ลัง 36 ขวด,33.75
33732000116,MACK'S EAR SEALS ที่อุดหูแบบกันน้ำ 1คู่/BX.,112.25
8.85615E+12,MADE IN NATURE COLLAGEN FOAM 100ML,83.5
8.8592E+12,MADIPLOT 10MG.10x10'S.(MANIDIPINE),1070
8.8592E+12,MADIPLOT 20MG. 10x10'S(MANIDIPINE),1455
8.85266E+12,MADONNA 2'S.(สูตรPOSTINOR)แพ็ค 10'S,15
8.85266E+12,MADONNA ONE 1'S(LEVONORGESTREL),15
7.64013E+12,MADOPAR HBS 125MG.100'S(LEVO+BENSER),849
8.85894E+12,MAGDOLATE 120ML (MAGNESIUM 1.16G.),222.5
8.8592E+12,MAGESTO-F 1000'S ช่วยย่อย,590
8.8592E+12,MAGESTO-F 100'S ช่วยย่อย,70.5
8.8592E+12,MAGESTO-F 10'Sx50 ชนิดซอง,513
8.85713E+12,MAGNE CARE 60'S(GOOD FOR ALL),288.5
7.13289E+12,MAGNESIUM PLUS VITAMIN 30'S(THP),148.75
8.85317E+12,MAGNESUM GEL 240ML(MINT)BM.,23
8.85877E+12,MAINNOX 250MG.10'S(แพ็คละ20แผง)ส.เจริญ,14.25
8.85876E+12,MAMARINE BIO-C ELDERBERRY 120ML(ม่วง),270
8.85876E+12,MAMARINE BIO-C ELDERBERRY 60ML(ม่วง),144
8.85876E+12,MAMARINE BIO-C JELLY 10'S/BX.,208
8.85876E+12,MAMARINE BIO-C PLUS ELDERBERRY 30'S,185
8.85876E+12,MAMARINE DHA 2 GO 2G.x10ซอง/BX.,105
8.85876E+12,MAMARINE KIDS BOOSTER+ BIO C120 ML ส้ม,248.75
8.85876E+12,MAMARINE KIDS BOOSTER+ BIO C60 ML(ส้ม),127
8.85876E+12,MAMARINE KIDS FORTE +LYSINE 120 ML น้ำเงิน,125
8.85876E+12,MAMARINE KIDS FORTE +LYSINE 60 ML น้ำเงิน,64.5
8.85876E+12,MAMARINE KIDS ORIGINAL 120cc (ฟ้า),68.5
8.85876E+12,MAMARINE OMEGA 3-DHA FISHCAPS 60'S,271.5
8.85876E+12,MAMARINE OMEGA-3 MOM 30'S,216
8.85876E+12,MAMARINE OMEGA-3 SENIOR 30'S,282
8.85876E+12,MAMARINE PROFIBER 60G.,149.5
8.85876E+12,MAMARINE PURE COLLA PEPTIDE 100กรัม,203
8.85876E+12,MAMARINE PURE COLLA PEPTIDE 10'S/BX.,170
8.85111E+12,MAMYPOKO PANTS D&N(L)3ชิ้น,16.5
8.85111E+12,MAMYPOKO PANTS D&N-ช/ญ(L)14ชิ้น,81.25
8.85111E+12,MAMYPOKO PANTS D&N-ช/ญ(M)17ชิ้น,81.25
8.85111E+12,MAMYPOKO PANTS D&N-ช/ญ(S)19ชิ้น,81
8.85111E+12,MAMYPOKO PANTS D&N-ช/ญ(XL)13ชิ้น,81.25
8.85111E+12,MAMYPOKO PANTS D&N-ช/ญ(XXL)11ชิ้น,81
8.85111E+12,MAMYPOKO PANTS EXTRA-ช/ญ(S)19+1ชิ้น,159
8.85111E+12,MAMYPOKO PANTS EXTRA-ชาย(L)14+1ชิ้น,159
8.85111E+12,MAMYPOKO PANTS EXTRA-ชาย(L)4ชิ้น,44.25
8.85111E+12,MAMYPOKO PANTS EXTRA-ชาย(M)17+1ชิ้น,159
8.85111E+12,MAMYPOKO PANTS EXTRA-ชาย(M)5ชิ้น,44.25
8.85111E+12,MAMYPOKO PANTS EXTRA-ชาย(XL)3ชิ้น,44.25
8.85111E+12,MAMYPOKO PANTS EXTRA-ชาย(XXL)3ชิ้น,44.25
8.85111E+12,MAMYPOKO PANTS EXTRA-หญิง(L)14+1ชิ้น,159
8.85111E+12,MAMYPOKO PANTS EXTRA-หญิง(M)17+1ชิ้น,159
8.85111E+12,MAMYPOKO PANTS STANDARD-ช/ญ(L)16ชิ้น,125
8.85111E+12,MAMYPOKO PANTS STANDARD-ช/ญ(M)20ชิ้น,125
8.85111E+12,MAMYPOKO PANTS STANDARD-ช/ญ(S)23ชิ้น,125
8.85111E+12,MAMYPOKO PANTS STANDARD-ช/ญ(XL)14ชิ้น,127
8.85111E+12,MAMYPOKO PANTS STANDARD-ช/ญ(XXL)12ชิ้น,125
8.85111E+12,MAMYPOKO TAPE (XXL)12ชิ้น,163
8.85651E+12,MANAZITH 1x6'S/BX.(สูตรZITHROMAX),63.5
8.85651E+12,MANAZITH DRY 15ML.(สูตรZITHROMAX),94
8.85651E+12,MANCLAMINE 228 POW.(AMOX200+CLAV28),80.25
8.85651E+12,MANCLAMINE 312 POW.(AMOX250+CLAV62),91
8.85651E+12,MANCLAMINE 457MG 70ML.(AMOX400+CLA57),119
8.85651E+12,MANCOXIB - 60MG. 3x10'S/BX.(ARCOXIA)TMAN EXP.07/26,190
8.85651E+12,MANCOXIB-120 3x10'S/BX.(สูตรARCOXIA),205
8.85651E+12,MANIDERM CREAM 5G.(สูตDERMATOP),50
8.85406E+12,MANITOL 20% 100ML(A.N.B ) EXP.04/26,50.25
8.85651E+12,MANMOX 125MG.POW.องุ่น(เปลือย),14.5
8.85651E+12,MANMOX DRY 125MG.องุ่น(มีกล่อง),18.75
8.85651E+12,MANMOX DRY 250MG.ส้ม(ขวดเปลือย),19.75
8.85651E+12,MANMOX DRY 250MG.ส้ม(มีกล่อง),25.5
8.85651E+12,MANMOX DRY 250MG.องุ่น(ขวดเปลือย),19.75
8.85651E+12,MANMOX DRY 250MG.องุ่น(มีกล่อง),25.5
8.85815E+12,MANO DARK HAIR (แชมพู)6ซอง/กล่อง(ขายยกกล่อง),93.5
8.85815E+12,MANOPROVIT SYR.100CC.,32
8.85815E+12,MANOPROVIT TAB 72'S.,38.5
8.85651E+12,MANROXIN-300(ROXYTRHO)10x10'S,284.25
8.85651E+12,MANTAB 50x10'S(สูตรZYRTEC )TMAN,269
8.85651E+12,MANTIL TAB 100x10'S (LOPERAMIDE),299
8.85651E+12,MANTIL TAB 50x10'S (LOPERAMIDE),3.5
8.85546E+12,MAPLE FORTE 1'Sx12แผง/แพ็ค(ยาคุมฉุกเฉิน),210
4.897E+12,MAR BABY NOSE 100ML.,264.5
4.897E+12,MAR PLUS NS.20CC.(STADA),186
8.85254E+12,MARCUS TABLETS 50x10'S/BX.(สูตรNORGESIC),322
8.85898E+12,MARGARET 28'S.(25แผง/แพ็ค) 90.- ใหม่,60.75
8.85888E+12,MARIGOLD ACNE GEL 8MLx6ซอง/BX.,176.5
3.51865E+12,MARIMER BABY SPRAY 100ML,289
3.51865E+12,MARIMER HYPERTONIC SPRAY 100ML,289
,MARIMER ISOTONIC 100ML (PPO),0
3.51865E+12,MARIMER ISOTONIC SPRAY 100ML,289
3.51865E+12,MARIMER UNIDOSES 10x5ML(รุ่นใหม่),170.25
3.51865E+12,MARIMER UNIDOSES 12x5ML,151.5
8.85888E+12,MARINGA REPAIR GEL 8MLx6ซอง/BX.,174.5
8.85241E+12,MARLAD LOTION 3ML.,32.75
8.85885E+12,MARNON 50x28'S./BX,9
8.40165E+11,MARVELON 21'S.(แพ็คละ10แผง),99.25
8.40165E+11,MARVELON 28'S.(แพ็คละ10แผง),99.25
8.85699E+12,MASABALM 30G.,18.5
8.85944E+12,MASAGA CREAM 30G.(นครพัฒนา),17.75
8.85944E+12,MASAGA CREAM 60G.(นครพัฒนา),36.75
8.85699E+12,MASAREN GEL 30G.(DICLOFENAC),17
8.85092E+12,MASAROX 10x10'S(ROXITHRO 150MG),175.5
8.85905E+12,MATAN 500MG.25x10'S(MEFANAMIC)HK,258
8.9013E+12,MAXGALIN 75MG.3x10'S/BX.(PREGABA)LYRICA,219.5
8.85951E+12,MAXKIN - AHA 20G. 10%,123.25
8.85876E+12,MAXTRIM SYRUP 60ML.(SULPHA+TRIMET),18.75
8.89896E+12,MAXXLIFE ACDE-MAX PLUS BIOFLAVONOID 30'S,167.5
8.89896E+12,MAXXLIFE AME PLUS พลูคาว+กระชายขาว 60'S,491.25
8.85896E+12,MAXXLIFE ASTAXANTHIN 6MG. 30'S,857.5
8.89896E+12,MAXXLIFE B-COMPLEX PLUS 30'S,167.5
8.85865E+12,MAXXLIFE BERIZ 21'S สูตรDIANE,73.75
8.8591E+12,MAXXLIFE BIOVEGGIE 30ซอง+3 ซอง/กล่อง,395
8.85896E+12,MAXXLIFE CALCIUM BORON 60'S,347
8.85896E+12,MAXXLIFE COLLAGEN PIPTIDE COW 110G.,742
8.85896E+12,MAXXLIFE CORDYCEPS DUO PACK(ถั่งเช่า),1362
8.85896E+12,MAXXLIFE DETOXZY 10'S,170.25
8.85896E+12,MAXXLIFE FEMINE 30 CAPSULE,755
8.85896E+12,MAXXLIFE FISH COLLAGEN PIPTIDE 110G.,975.25
8.85896E+12,MAXXLIFE FISH OIL 30'S,0
8.85896E+12,MAXXLIFE FISH OIL 90'Sแถม30'S,357
8.85651E+12,MAXXLIFE GLUCOSAMINE 1500MG. 30'S,262.75
8.85896E+12,MAXXLIFE HAP-PE 30'S,772.5
8.85896E+12,MAXXLIFE IRON AMINO ACID CHELATE 30'S,333.25
8.85879E+12,MAXXLIFE ISOMAX 30'S,745
8.85879E+12,MAXXLIFE ISONITY 30'S,904
8.85879E+12,MAXXLIFE KELOSIL SILICONE SCAR GEL 10G.,301
8.85879E+12,MAXXLIFE LICYSCABY SHAMPOO 30ML,91.25
8.85896E+12,MAXXLIFE LILYSHINE 30'S,472.5
8.85896E+12,MAXXLIFE MAG-CAL 30 ซอง,496.5
8.85896E+12,MAXXLIFE MAGNESIUM PLUS 60'S,353
8.85908E+12,MAXXLIFE MAXX FLOW 7'S/กล่อง,288.5
8.85896E+12,MAXXLIFE MULTIMINERAL 30'S,201
8.85899E+12,MAXXLIFE NASIC CLEANSE PACK 30 ซอง,93
8.85896E+12,MAXXLIFE NASIC CLEANSE ชุดล้างจมูก 250ML,170
8.85896E+12,MAXXLIFE ODI SHAMPOO 100ML,191
9.77474E+11,MAXXLIFE ORAL SPRAY+Q10 15ML.,107.5
8.85876E+12,MAXXLIFE PEPTIDE COLLAGEN 3G.30+10'S,899
8.85896E+12,MAXXLIFE RICAPIL RAPID 200ML,685.75
8.85896E+12,MAXXLIFE RICE BRAN OIL 30'Sx2(แพ็คคู่),368.5
8.85879E+12,MAXXLIFE SCORGEL BEYOND PLUS 10G.,122.5
8.85651E+12,MAXXLIFE SHARK CARTILAGE 30CAP,490
8.85896E+12,MAXXLIFE SILUET 30'S,349
,MAXXLIFE SOPHIE 28'S(สูตรANNA),17.25
8.85865E+12,MAXXLIFE TEMPCOX PARA 120MG.(รสองุ่น),13.5
8.85865E+12,MAXXLIFE TEMPCOX PARA 250MG.(รสส้ม),15.75
8.8591E+12,MAXXLIFE VEGETABLE TABLETS 60'S,99999
8.8591E+12,MAXXLIFE VEGGIE GUMMY 120G./ขวด,186
8.85896E+12,MAXXLIFE VITA U PLUS 30'S,99999
8.85896E+12,MAXXLIFE ZINC AMINO ACID 30'S,338
8.89896E+12,MAXXLIFE กระชายขาว พลัส 30'S,196
8.85896E+12,MAXXLIFE สารสกัดเห็ดหลินจือ 30'Sแถมดอกเห็ด,688
8.89896E+12,MAXXLIFE สารสกัดถั่งเช่า ผสมเห็ด 30'S,471.75
8.85444E+12,MAXXLIFE สาหร่ายเกรียวทอง GD1 100'S (SPIRULINA),289
8.85444E+12,MAXXLIFE สาหร่ายเกรียวทอง+VIT C 100'S,287.25
8.85896E+12,MAXXLIFE หน้ากากอนามัย 3 ชั้น 50'S (สีเขียว),37
8.85896E+12,MAXXLIFE หน้ากากอนามัย 3 ชั้น 50'S (สีขาว),37
8.85896E+12,MAXXLIFE หน้ากากอนามัย 3 ชั้น 50'S (สีฟ้า),37
8.85896E+12,MAXXLIFE หน้ากากอนามัย 3ชั้น 10ชิ้น/ซอง(สีเขียว),15.5
8.85896E+12,MAXXLIFE หน้ากากอนามัย 3ชั้น 10ชิ้น/ซอง(สีขาว),15.5
8.85896E+12,MAXXLIFE หน้ากากอนามัย CARBON 4ชั้น 5'S/ซอง,18.75
8.89896E+12,MAXXLIFE หน้ากากอนามัยKF94 10ชิ้น/ห่อ,25
8.85274E+12,MAZOLE CREAM 5G.(CLOTRIMAZOLE)AU,13.75
131919,MAZOLE ชนิดสอด 2'S (CLOTRIMAZOLE ),68.75
8.85274E+12,MAZT 5MG. 3x10'S(MOSAPRIDE)SIAM,323.5
8.85347E+12,M-BREX LIQUID 60ML(สูตรAMMELTZ) EXP.09/26,99
8.85347E+12,M-CIN SPRAY 50ML.(INDOMETACIN)MACRO,86.5
8.85281E+12,M-CLEANING ALCOHOL SPRAY 100ML,42
8.85281E+12,M-CLEANSING ALCOHOL HAND GEL 100ML.75%,34
8.85546E+12,MCXY COUGH 50x10'S(MILLMED),982
8.85711E+12,MCXY HAND GEL 50ML 70%,36
8.85945E+12,MCXY KLEAR FOR NASAL 10'Sx20ML.,52
8.85945E+12,MCXY KLEAR FOR NASAL 5'Sx20ML.,37.25
8.85945E+12,MCXY-COLD 12x10'S./BX,121.5
8.85056E+12,MEBO CR.10G.,85.5
8.85056E+12,MEBO CR.40G.,284
8.85024E+12,MECOBA 10X10'S(สูตรMETHYCOBAL)SPS,192
8.85394E+12,MECOBIN 0.5MG 25x10'S(สูตรMETHYCOBAL),351
8.85024E+12,MECYLIC OINT.15G.(SPS)(สูตรDIPROSALIC),54
8.90405E+12,MECZE 500MG.3x10'S(สูตรMETHYCOBAL),59.5
3.66356E+12,MEDERMA INTENSE SCAR GEL 10G.(แพ็ค1+1),310
3.66356E+12,MEDERMA INTENSE SCAR GEL 20G.,565
3.66356E+12,MEDERMA PM INTENSIVE SCAGEL 20G.,573.5
3.66356E+12,MEDERMA SCAR GEL FOR KID 20G.,382.5
3.66356E+12,MEDERMA STRETCH MARK 50G.,246.5
8.85545E+12,MEDICCOXIB 200MG.10x10'S(CELEBREX)สหแพทย์,387
8.85545E+12,MEDICET 1x10'S/BX. LEVOCET.(สูตรXYZAL) EXP.10/26,52.75
8.85545E+12,MEDICFLOX 1x10'S(LEVOFLOXACIN 500MG.)สหแพทย์,76
8.85545E+12,"MEDICPLEX (B1,2,6,12)1000'S(สหแพทย์)",204.75
8.85545E+12,MEDICVIT 1000'S/กระปุก(สหแพทย์),236
8.8591E+12,MEDIFIX DRESSING ROLL 10CM.x1M.(LONGMED),22
8.8591E+12,MEDIFIX DRESSING ROLL 5CM.x10M (LONGMED),70
8.85545E+12,MEDITIC 50x10'S(AMILORIDE 5/HCTZ 50)สหแพทย์,149.75
8.8591E+12,MEDKLEAN GUAZE SWABS 100'S(3''x3'' 8PLY),40.5
8.85088E+12,MEDMAKER CR.20G.VIT.E,51
8.85088E+12,MEDMAKER CR.50G.VIT.E,106.75
8.85088E+12,MEDMAKER M-SOFT UREA CR. 20G.,49.5
8.85088E+12,MEDMAKER PETROLIUM BABY 50G.(แพ็ค10กระปุก),33.5
8.85088E+12,MEDMAKER PETROLIUM กระปุก 50G.,34
8.85088E+12,MEDMAKER PETROLIUM หลอด 50G.,34
8.85088E+12,MEDMAKER U-REPAIR CR. 30G.UREA 20%(U1),62
8.85088E+12,MEDMAKER U-REPAIR CR. 30G.UREA 20%(U2),74
8.85347E+12,MEFA 500MG 50x10'S(สูตร PONSTAN)MACRO สีไข่ไก่,385
8.85545E+12,MEFAMED (MEFENAMIC 500MG)25x10'S,139
8.85545E+12,MEFAMED 500MG. 500'S(สูตรPONSTAN),235
8.85281E+12,MEFEC 500MG 25x10'S(MEFENAMIC)L.B.S,280
8.85876E+12,MEFENSTAR FORTE 50x10'S(PONSTAN)สีเขียว,495
8.85876E+12,MEFENSTAR FORTE 50x10'S(PONSTAN)สีเหลือง,495
8.85077E+12,MEGA AB PRE & PRO 10'S/BX.,233.5
8.85077E+12,MEGA ALERTEN 100 MG. 3x10'S/BX.,547
8.85077E+12,MEGA ALERTEN 50MG. 30'S/ขวด,480
8.85077E+12,MEGA ASTAX 4 MG 3x10'S,280
8.85077E+12,MEGA AVARIN 1x10'S*ใหม่,59.5
8.85077E+12,MEGA BETACAR-15 60'S,263
8.85077E+12,MEGA CALCIUM-D 20'S/ขวด,73
8.85077E+12,MEGA CALCIUM-D 60'S ปรค.,178
8.85077E+12,MEGA CHOLEZZ 3x10'S/BX.,528
8.85077E+12,MEGA CLA ADVANCE 3x10'S/BX.,475
8.85077E+12,MEGA COSANOL 30'S/ขวด,315.5
8.85077E+12,MEGA CURCARE PHYTOSOME 3x10'S,348
8.85077E+12,MEGA DHA 100 30'S,98.5
8.85077E+12,MEGA DHA 500 30'S,260.5
8.85077E+12,MEGA DHA-125 100'S,380.75
8.85077E+12,MEGA DIAVIT 1x10'S,86
8.85077E+12,MEGA DIAVIT5x10'S,437
8.85077E+12,MEGA DOFLAM 1x10'S(DICLOFENAC 50MG.),73.5
8.85077E+12,MEGA D-TOXI 30'S,322
8.85077E+12,MEGA DUOCETZ 5x10'S*ทำรายงาน,463.5
8.85077E+12,MEGA ECHINAX 10x10'S/BX.,925
8.85077E+12,MEGA EUGICA 8'Sx15แผง/กล่อง,349
8.85077E+12,MEGA EUGICA IVY SYRUP 100ML,146
8.85077E+12,MEGA EUGICA IVY SYRUP 20'S/BX.,163
8.85077E+12,MEGA EUGICA MOUTH SPRAY 10ML,70
8.85077E+12,MEGA EVENING PRIMROSE(EPO)1000MG 100'S,362
8.85077E+12,MEGA EVENING PRIMROSE(EPO)1000MG 30'S,121
8.85077E+12,MEGA FEMOSA 3x10'S,395
8.85077E+12,"MEGA FERROTONE 1x10'S(IRON,FOLIC,B12)",45
8.85077E+12,MEGA FIBER 30'S,528
8.85077E+12,MEGA FISH OIL 100'S/กระปุก *P,333.75
,MEGA FISH OIL 30'S(PRO),0
8.85077E+12,MEGA FLEXIGEN 15'S,493
8.85077E+12,MEGA FLEXSA 1500 31'S/BX.,453
8.85077E+12,MEGA FLEXSA 500 30'S/BX.,258
8.85077E+12,MEGA FLEXSA PLUS 15'S(GLUCOSA+CHODROITIN),453
8.85077E+12,MEGA GARLIC OIL 100'S(กระเทียม),102
8.85077E+12,MEGA GILOBA 3x10'S/แผง,323.25
8.85077E+12,MEGA GILOMAX 30'S,227.5
8.85077E+12,MEGA GINKGO BILOBA 40MG. 60'S.,183
8.85077E+12,MEGA GINSOMIN 20x8'S/BX.(กล่องละ20แผง),1030
8.85077E+12,MEGA GLUCOMEAL 400G.(วนิลา),855.5
8.85077E+12,MEGA GOFEN 400MG.(IBU)1x10'S.*ใหม่,81
8.85077E+12,MEGA GOFEN LIQUIZ (100MG.)60ML.,92.75
8.85077E+12,MEGA GOGAZ 1x10'S*ใหม่,28
8.85077E+12,MEGA GRAPE SEED 20MG.60'S,283
8.85077E+12,MEGA GRAPE SEED HS 2x15'S/BX.,867.5
8.85077E+12,MEGA HI-GREEN 3x10'S,319.5
8.85077E+12,MEGA II CARE 3x10'S,207
8.85077E+12,MEGA IICARE DAILY 3x10'S/BX.*สูตรใหม่,419
8.85077E+12,MEGA IMMUPLEX 300G.(กระป๋อง),768
8.85077E+12,MEGA LECITHIN 1200MG.100'S,242
8.85077E+12,MEGA LIPO-X 3x10'S/BX.,291
8.85077E+12,MEGA LIVOTONE 10x10'S/BX.,1224
8.85077E+12,MEGA LOREZE (LORA 10MG.) 1x10'S,83
8.85077E+12,MEGA MAXX OMEGA 3 60'S/ขวด,660
8.85077E+12,MEGA MAXX OMEGA 3 60'S(แพ็ค+FISH OIL 30'S) *P,417
8.85077E+12,MEGA MUCLEAR 10'S(สูตรNACLONG),116.75
8.85077E+12,MEGA MULTILIVES 30'S,597
8.85077E+12,MEGA MULTIZYME 1x4'S/BX.,59
8.85077E+12,MEGA NAPROFAZT 1x10'S/BX.(NAPROXEN),98
8.85077E+12,MEGA NAT D 5000IU 3x10'S/BX.(D3),618
8.85077E+12,MEGA NAT D 60'S/ขวด,380
8.85077E+12,MEGA NAT E 30'S,331
8.85077E+12,MEGA NAT MAG 30'S,160
8.85077E+12,MEGA NAT.C YUMMY GUM 25x2'S/BX. *P,83
8.85077E+12,MEGA NAT-B 40'S./ขวด,226
8.85077E+12,MEGA NAT-B100'S,550
8.85077E+12,"MEGA NAT-C 1,000MG.150'S. *P",546
,"MEGA NAT-C 1,000MG.30'S.(PRO)",0
8.85077E+12,"MEGA NAT-C 1,000MG.30'S.72bt/ลัง *P",170
8.85077E+12,"MEGA NAT-C 1,000MG.60'S.30BT/ลัง *P",239
8.85077E+12,MEGA NAT-C ESTER 30'S/BX *P,201
8.85077E+12,MEGA NORMAGUT 1x10'S(probiotics),189
8.85077E+12,MEGA NUTRIVITA DAILY 1x10'S,83.25
8.85077E+12,MEGA NUTRIVITA DAILY 3x10'S/BX.*ใหม่,245
8.85077E+12,MEGA OPTIVIT 30'S,402
8.85077E+12,MEGA PHENZ NIGHTTIME SLEEP 10'S(DIPHEN),83
8.85077E+12,MEGA PRO AMINO 10'S,682
8.85077E+12,MEGA PRODEFENZ 3x10'S(LACTOBACILLUS),756.5
8.85077E+12,MEGA PYNOCARE WHITE 2x10'S/BX.,568
8.85077E+12,MEGA REGENEZ 3x10'S,287
8.85077E+12,MEGA RIVITA 3x10'S,447
8.85077E+12,MEGA SAMETTO 3x10'S/BX.,489
8.85077E+12,MEGA SOYGERM CAL-D 30'D,380
8.85077E+12,MEGA SPIRULINA 500MG 100'S,246.75
8.85077E+12,MEGA STERCIA -5 3x10'S/BX.,392.75
8.85077E+12,MEGA STERZAR 1MG. 4X7'S/BX.,254
8.85077E+12,MEGA TINY CAP FISH OIL 500 30'S *P,116
8.85077E+12,MEGA TRIPLE OMEGA 30'S,279
8.85077E+12,MEGA ULTRAPRO 900G.(ช๊อคโกแลต),1437
8.85077E+12,MEGA ULTRAPRO 900G.(วนิลลา),1437
8.85077E+12,MEGA UNOMINT 10'S,44.5
8.85077E+12,MEGA UROFLOW 3x10'S(TAMSULOSIN 0.4MG.),509.5
8.85077E+12,MEGA VALIAN-X 12x10'S.(กล่องละ12แผง),1118
8.85077E+12,MEGA VIAFLEX 1500MG. 30'S,280
8.85077E+12,MEGA VITAMIN A 25000 IU 100'S,72
8.85077E+12,MEGA VITAMIN E 100IU. 100'S.,202
8.85077E+12,MEGA VITAMIN E 200IU.60'S,202
8.85077E+12,MEGA VITAMIN E 400U.30'S.,202
8.85077E+12,MEGA ZEMAX SX 3x10'S,317.25
8.85077E+12,MEGA ZEMAX SX 3x10'S(แพ็ค3กล่อง),912
8.85077E+12,MEGA ZINCOMIN 60'S/ขวด,208
8.85077E+12,MEGA ZIRIN 1x10'S(สูตรZYRTEC ),83
8.85422E+12,MEIACT FINE GRANULES 0.5G.x120'S/BX.,2004.25
8.85422E+12,MEIACT TABLET 100MG.10x10'S(ไม่แบ่ง),2955
8.85422E+12,MEIGABALIN 25MG.8x7'S/BX.(MEIJI),396.75
8.85422E+12,MEIGABALIN 75MG.8x7'S/BX.(MEIJI),481.5
4.90278E+12,MEIJI AMINO COLLAGEN 5000MG. 98กรัม/ซอง,430.5
4.90278E+12,MEIJI COLLA 5000MG.+Q10 & RICE EXTRACT 196G.,1055
8.8587E+12,MEIJI COLLAGEN 5000MG. 182G.(กล่อง),525.5
8.85422E+12,MEIPHALEX 125MG 60ML(CEPHALEXIN)MEIJI,51.5
8.85422E+12,MEIXIL KID 250MG. 60ML(AMOXY)MEIJI,46.25
8.8595E+12,MELAMII ANTI-MELASMA 8G.,299.75
8.85394E+12,MELCAM 7.5MG.10x10'S(MELOXICAM),350
8.85394E+12,MELCAM-15 10x10'S(MELOXICAM)UNISUN,525
8.85485E+12,MELIANE 21'S.แพ็ค/10แผง,112.75
8.85485E+12,MELIANE ED 28'S.แพ็ค/10แผง,112.75
8.85945E+12,MELLUTEAR 30'S/BX (สูตร CELLUFRESH),183.5
8.85188E+12,MELOBIC 15mg.(MELOXICAM)10x10'S,377.5
8.85188E+12,MELOBIC 7.5MG.(MELOXICAM)10x10'S,252
8.90112E+12,MEL-OD 15MG. 10x10'S(MELOXICAM)PML,217
8.90112E+12,MEL-OD 7.5 10x10'S(MELOXICAM)PML,149
8.85874E+12,MELODIA 21'S(สูตรYASMIN),243
8.85274E+12,MELOX 15MG.(MELOXICAM)10x10'S/BX.,752.5
8.85274E+12,MELOX 15MG.(MELOXICAM)1x10'S,95
8.85274E+12,MELOX 7.5 MG.1x10'S.(MELOXICAM)SIAM,51
8.85343E+12,MEM-O-G สารสกัดใบแปะก๊วย 10x10'S(ไฟโตแคร์),301.25
8.85152E+12,MENTHOLATUM GEL 28G.,41.75
3.88503E+13,MENTOPAS 20'S/BX(NEOPLAST),268
8.85147E+12,MEPAGYL 200MG.1x10'S(METRONIDAZOLE)TNP.,15.5
7.33243E+12,MEPIFORM SILICONE GEL SHEET 4x30CM.5'S/BX.,5354
8.85263E+12,MEPTIN 50MCG.10x10'S./กล่อง,427
8.85263E+12,MEPTIN 60ML.(PROCATEROL),49.5
8.85263E+12,MEPTIN MINI 25MCG.10x10'S./กล่อง,312
8.85879E+12,MERA 10x10'S BX.เขียวเหลี่ยม(สูตร NORGESIC),62.5
8.40165E+11,MERCILON 21'S.แพ็ค/10แผง,155.5
8.40165E+11,MERCILON 28'S.แพ็ค/10แผง,155.5
8.85868E+12,MERISLON 12MG.3x10'S(EISAI) EXP.12/26,107.5
8.85868E+12,MERISLON 6MG.3x10'S.,58.5
8.85699E+12,MERSON-16 1x10'S(BETAHISTINE),22.5
8.85024E+12,MERTIGO 12MG.10x10'S(BETAHIS)SPS,131.5
8.85024E+12,MERTIGO BETAHISTINE 6MG. 50x10'S(SPS),281.5
8.85024E+12,MERTIGO BETAHISTINE 6MG.10x10'S(SPS),59
8.85712E+12,MERVEILE ACNE GEL 6G.,0
8.85394E+12,MESIN 50x2'S(ALBENDAZOLE)เมดไลน์,425
8.85394E+12,MESLON 1000MG.10x10'S(สูตรDAFLON),592
8.85394E+12,MESLON 10x10'S 500MG.สูตรDAFLON,319.75
8.85394E+12,MESLON 1x10'S(DIOSMIN+HESPERIDIN)สูตร DAFLON,38.25
8.85394E+12,MESLON 3x10'S สูตรDAFLON,104
8.85274E+12,MESONE CREAM 5G.(BETAMET 1MG.)AU,13.75
8.85274E+12,MESONE-N CREAM 5G.(BETA+NEO)AU,13.75
8.85879E+12,MESTINON 150'S(PYRIDOSTIGMINE 60MG.),1426.5
8.853E+12,MESTO-T/F 10x10'S/BX.(ไพบูเมด),69
132020500,MESTO-T/F 500'S/กระปุก(ไพบูเมด),257.5
8.85892E+12,METFORIN 50x10'S(METFORMIN 500MG.)INTER,224.75
8.85545E+12,METFORMIN 500MG.50x10'S(สหแพทย์),176.5
8.85876E+12,METFORMIN 500MG.50x10'S.(GPO),285
8.85545E+12,METFORMIN 850MG. 50x10'S(สหแพทย์),227
8.85267E+12,METFORMIN RX 500MG. 50x10'S/BX.,292
8.85868E+12,METHYCOBAL 500MG.3x10'S.,158.5
8.85545E+12,METHYL-B 1x10'S(สูตรMETHYCOBAL),17.25
8.85545E+12,METHYL-B 50x10'S(สูตรMETHYCOBAL),459
4.897E+12,METOPROLOL 100MG. 10x10'S(STADA),337.75
8.85394E+12,METORAL DENTAL PASTE 1G.,0
8.90109E+12,METROGYL GEL 10G.(METRONIDAZOLE),75.5
8.90225E+12,METROGYL SUS.30CC(metronidazole),35
8.90225E+12,METROGYL SUSP.60CC.,62.75
8.85274E+12,METROLEX 200MG.10x10'S(SIAM),88
8.85274E+12,METROLEX 400MG. 1000'S/ขวด(SIAM),0
1.32012E+12,METROLEX 400MG.1000'S/ขวด(SAIM),566
8.85274E+12,METROLEX 400MG.10x10'S(SIAM),130.5
8.85545E+12,METRONIDAZOLE 200MG. 1000'S(สหแพทย์),216
8.85545E+12,METRONIDAZOLE 400MG.50x10'S(สหแพทย์),225
8.85353E+12,MET-SIL INJ 10MG.2MLx50'S(METOCLOPRAMIDE),336
8.85876E+12,METSTARMIN 100x10'S(สูตรMETFORMIN)(7ดาว),495
8.85024E+12,METZODIN NASAL SPAY 10ML(สูตรOTRIVIN),48
8.85869E+12,MEVALOTIN 40MG. 30'S,1135
8.85546E+12,MEXY SYRUP 60ML(BROM+PHEN)*รายงาน,20.5
8.85147E+12,MEZINE SUS.60ML(SULFA200+TRIMETH40),16.75
132603,MEZOLE CAPSULES 21'S (METRO 250MG),62.5
131913300,MEZOLE TABLETS 7'S(TINIDAZOLE 300MG ),75
8.85892E+12,M-FLOX 400MG.10x10'S(NORFLOX)INTER,154
4.04885E+12,MICARDIS 40MG.3x10'S(BOEHRINGER),648.5
4.04885E+12,MICARDIS PLUS 40/12.5MG.3x10'S,864.5
13030419,MICRODRIP SET 60 DROPS/ML(สายน้ำเกลือ),12
4.0576E+12,MICROGYNON 30ED. 28'S,53.5
8.85092E+12,MICROLENYN 30ED 28'S(สูตรMICROGYNON ),18.25
4.719E+12,MICROLIFE เครื่องวัดความดัน รุ่น 3AR1-3P,1298.5
8.85879E+12,MIEMIE GUMMIE-วิตามินรวม15G.x12ซอง/BX.,11
8.85229E+12,MIFORMIN 10x10'S(METFORMIN 500MG.),76.5
8.85651E+12,MIGANA 40x10'S/BX.(สูตร carfergot),798
8.85651E+12,MIGANA. TAB. 1000'S/ขวด(สูตร carfergot),1419.25
8.85265E+12,MIGRANO 1x10'S/BX.(สูตรCAFERGOT),19
8.85265E+12,MIGRANO 25x10'S/BX.(สูตรCAFERGOT),387.25
8.8503E+12,MIKROFIX 1/2นิ้วx10หลาx24'S/BX,270.5
13120403,MILLIE DAY CREAM 10ML(ชมพู),144.25
13121403,MILLIE NIGHT CREAM 10ML(ฟ้า),164.25
8.85945E+12,MILLIOPH EYE DROP 10ML(สูตรANTAZALLERGE ),29
8.85546E+12,MILLY 28'S(MILLIMED) สูตร anna,16.25
8.85945E+12,MILTEAR 1MLx20'S/BX.น้ำตาเทียม(สูตร NATEAR),112.5
8.85945E+12,MILTEAR 1MLx30'S/BX.น้ำตาเทียม(สูตร NATEAR),142.5
8.85945E+12,MILTEAR EYE DROPS 10ML(สูตร NATEAR),65
9.30081E+12,MINI EYE MASK (HOT&COLD),94.5
8.85286E+12,MINIDIAB 5MG.2x15'S.(GLIPIZIDE),104
8.85266E+12,MINNY 21 (สูตรMERCILON)แพ็ค/10แผง,87.5
8.85266E+12,MINNY 28 (สูตรMERCILON) แพ็ค/10แผง,87.5
8.85546E+12,MINOZ 28'S (MILLIMED) 12แผง/แพ็ค,73
8.85147E+12,MINRA 60ML.ส้ม(BROM+PHEN)*รายงาน,27.25
8.85147E+12,MINRA 60MLองุ่น (BROM+PHEN)*รายงาน,27.25
8.85147E+12,MINRA DROP 15ML(องุ่น)*รายงาน,30.25
8.85036E+12,MINUS SUN 5G.(PRO),0
8.85036E+12,MINUS-SUN SHIELD SPF 50+ PA+++(เบจ)30G. *P,260
8.85036E+12,MINUS-SUN SPF40 30G. สีเบจ *ใหม่ *P,179.75
8.85036E+12,MINUS-SUN SPF40 30G. สีขาว *ใหม่ *P,179.75
8.85422E+12,MIOTIN SYR.60CC.(MIDCAMYCIN),103
131819182,MIRA SYRINGE แก้ว 2 ML,30.5
131819185,MIRA SYRINGE แก้ว 5 ML,34.5
8.85262E+12,MIRACID 20MG. 10x10'S/BX.*ใหม่,173.5
8.85262E+12,MIRACID 20MG.14'S. 100BX/ลัง,32.75
8.85112E+12,MIRACLE BB PERFECT C1,26
8.85112E+12,MIRACLE BB PERFECT C2,26
8.85112E+12,MIRACLE BB POWDER C1,37.25
8.85112E+12,MIRACLE BB POWDER C2,27.5
8.85112E+12,MIRACLE BB WINK POWDER C1,26.25
8.85112E+12,MIRACLE BB WINK POWDER C2,26.25
8.85893E+12,MIRACLE PERFECTA SRIM 30'S+10(ไทย),260
8.85262E+12,MIRAX-M 10x10'S(DOMPERIDONE)BERLIN,59.75
8.85897E+12,MIRGEAL 20ซองx15ML/กล่อง,616
130303,MITCHELL CHANG 500ML,77
13201610,MIXTARD PENFILL 30 HM 1x10ML.(100IU/ML),360
8.85511E+12,MIZZI LIP BALM 6'S/BX,28
8.85511E+12,MIZZI MAGIC LIP 6'S/BX.(ชมพู),61.25
8.85951E+12,MK VITAMIN GUMMY B12 24Gx12ซอง(มิกซ์),24.5
8.85951E+12,MK VITAMIN GUMMY BIOTIN 24Gx12ซอง(สตอ),24.5
8.85951E+12,"MK VITAMIN GUMMY C,D,ZINC 24Gx12ซอง(LEMON)",24.5
8.85951E+12,MK VITAMIN GUMMY CALCIUM 24Gx12ซอง(องุ่น),24.5
8.85875E+12,MM MILK OF MAGNESIA(CHERRY)240ML,24.5
8.85875E+12,MM MILK OF MAGNESIA(MINT)240ML,24.5
4.04885E+12,MOBIC 7.5MG.10x10'S.,1023
4.04885E+12,MOBIC 7.5MG.1x10'S(แผง),100.75
1319140319,MODSENAL ฟ้า (TRAMADOL) 500'S,0.81
8.85905E+12,MODUZOLE 1x14'S (OMEPLAZOLE)HK.,18
8.85274E+12,MOLAX SUS. 30ML(DOMPERIDONE)SIAM,44.5
8.85274E+12,MOLAX-M 10MG.10x10'S(DOM.),126
8.85068E+12,MOM MILK OF MAGNESIA 240ML.(GPO),36
8.85068E+12,MOM MILK OF MAGNESIA 450ML.(GPO),52
8.90409E+12,MOMATE CR.15G.(MOMETASONE),92
8.90409E+12,MOMATE CR.5G.(MOMETASONE),43.75
8.85274E+12,MOMESONE CREAM 0.1% 5G(MOMETASONE)SIAM,43.5
8.85068E+12,MOMETASONE GPO 0.1% CREAM 15G.,59.5
8.85068E+12,MOMETASONE GPO 0.1% CREAM 5G.,30.5
8.85977E+12,MOMETASONE NASAL 140 DOSE (SANDOZ),523.5
8.85651E+12,MOMMYCARE 30G.(ทาหัวนมสำหรับแม่)T.MAN,356.5
8.85879E+12,MON PIP SYRUP 60ML.(PARA 120MG.),23.5
8.85945E+12,MONAS 21'S (สูตรYASMIN),217
8.85546E+12,MONKAST-10 2x14'S(สูตรSINGULAIR),210
8.85945E+12,MONKAST-5 2x14'S(สูตรSINGULAIR),124.75
8.85262E+12,MONOLIN 20MG.10x10'S,135
8.85262E+12,MONOLIN 20MG.SR 3x10'S(ISMN.),88
8.85262E+12,MONOLIN 60MG.SR 3x10'S(ISOSORBIDE),203.5
8.8511E+12,MONTEK 10MG.4x7'S/BX.(สูตรSINGULAIR),294.5
8.964E+12,MONTIGET CHEWABLE TAB 5MG.14'S(SINGULAIR),230.5
8.964E+12,MONTIGET TABLETS 10MG. 14'S(SINGULAIR),75
8.85394E+12,MONTULAIR 10MG.10x10'S(สูตรSINGULAIR),524
8.85394E+12,MONTULAIR 4MG. ORAL GRANULES 28'S/BX.,335
8.85635E+12,MONUROL 3G.x1'S/BX.(FOSFOMYCIN)ZAMBON,384
8.85874E+12,MOPRIX 20MG.(OMEPRAZOLE)14'S/BX.,41.5
8.85392E+12,MORALIZ STYLING GEL(คละสี)100G.,11
8.85712E+12,MORINGA CAP 60'S มะรุม,64
8.55712E+12,MOS VITAL JELLY MULTIVITAMIN 10'S(มิกซ์เบอรี่),257.5
13112040,MOSKITOS 40G.กันยุง,0
36000291452,MOSKITOS 75ML.กันยุง,170
13112002,MOSKITOS BALM.AFTER BITE,37
8.85651E+12,MOSSI GUARD 30x2'S แปะกันยุง,275
8.85651E+12,MOSSI GUARD CREAM 50G.(T.MAN),77
9.55501E+12,MOSSI GUARD WIPES 10'S(TMAN),30.75
8.85651E+12,MOSSI GUARD แผ่นกันยุง 5แผ่นx12ดวง/BX.,210
8.85317E+12,MOTAR 10x10'S(HYOSCINE+ACETAMIN),259
8.85317E+12,MOTAR 1x10'S(HYOSCINE+PARA),26.5
8.85188E+12,MOTIDOM-M 50x10'S(DOMPERIDONE),154.5
8.85001E+12,MOTILIUM 3x10'S(DOMPERIDONE 10MG.),101
8.85867E+12,MOTIVAN 50MG./1ML x 50 AMP(DIMEN),260
8.85879E+12,MOX-C500 50x10'S(AMOXI)ชมพู-ม่วง(CMED),785
8.85885E+12,MOXCILLIN 50x10'S/BX.(AMOXI 500MG.)AU(ฟ้า-เขียว),456
8.85877E+12,MOXCILLIN SYRUP 125MG. 60ML(ส.เจริญ),29
8.85877E+12,MOXCILLIN SYRUP 125MG.(ขวดแก้ว),18
8.85877E+12,MOXCILLIN SYRUP 250MG.60ML(ส.เจริญ),29.25
6.92188E+12,MOXICAP 500 MG. 10x10'S(เขียว-ฟ้า),88
5.29093E+12,MOXICLAV 1G. 14'S(CMED)สูตรAUGMENTIN,148.25
8.85068E+12,MOXIFLOX GPO 5'S(MOXIFLOXACIN 400MG.),249
8.85188E+12,MOXIFLOXACIN EYE DROPS 5ML(TO),165
8.85886E+12,MOXILIN 500MG.500'S(เขียว-ฟ้า)NIDA,630
8.85886E+12,MOXILIN 500MG'50X10'S (เขียว-ฟ้า)NIDA,459
8.85856E+12,MOXILIN DRY SYRUP 125MG.(42),21
8.85856E+12,MOXILIN DRY SYRUP 250MG.(42)ส้ม,26.75
8.85856E+12,MOXILIN-250(42)(เขียว-ฟ้า) 50x10'S,8.5
8.85856E+12,MOXILIN-500(42)(เขียว-ฟ้า) 50x10'S,664.5
8.85856E+12,MOXILIN-500(42)(เหลือง-แดง)50x10'S,664.5
8.85545E+12,MOXIPHARM (AMOXY 500) 500'S ฟ้าเขียว(MEDIC),489.5
8.85545E+12,MOXIPHARM 50x10'S(AMOXY 500)สหแพทย์,490
8.85879E+12,MOX-TAB 875MG.10x10'S(AMOXI)CMED,399
8.85905E+12,MOXY (AMOXY 500MG) 50x10'S/BX.(ฟ้าเขียว) HK,536
7.53638E+11,MSP ASTAXANTHIN 6MG. 30'S/BX.,332
7.50364E+11,MSP BLACK SESAME OIL-1000MG. 30'S/BX.,255.5
7.50364E+11,MSP COCONUT OIL PLUS MCT OIL 1000MG.30'S,213
7.50364E+11,MSP COLLAGEN DI&TRIPEP 5000MG.7+1ซอง/BX.,247
7.50364E+11,MSP COLLAGEN TYPE ll 60MG. 30'S/กล่อง,324
7.50364E+11,MSP FIBER กลิ่นแอปเปิ้ล 7+1ซอง/กล่อง,204.5
7.50364E+11,MSP MAGNESIUM COMPLEX 5ฟอร์ม 30'S/BX.,247
7.50364E+11,MSP MALEE-CARA PLUS 30'S/BX.,247
7.50364E+11,MSP ME-X PLUS 10'S/BX.,170.5
7.50364E+11,MSP MIRACLE BILOBA PLUS 30'S/BX.,136.5
7.50364E+11,MSP MIRACLE CALCIUM L-THREONATE PLUS 30'S,247
7.50364E+11,MSP MIRACLE VAGEEN 650MG. 30'S/BX.,306.5
7.50364E+11,MSP MIRACLE ZINCCAP PLUS 30'S/BX.,128
7.50364E+11,MSP PRIMROSE OIL-1000MG. 30'S/BX.,144.5
7.50364E+11,MSP น้ำมันเมล็ดแฟลกซ์ พลัส 30'S(FLAXSEED OIL),247
7.50364E+11,MSP น้ำมันกระเทียมพลัส 60'S/BX.(GARLIC OIL),162.75
8.85188E+12,MUCIL 100MG. 30'S/BX(สูตรNACLONG),51.5
8.85188E+12,MUCIL 200MG. 30'S/BX(สูตรNACLONG),61
8.85262E+12,MUCILIN ORANGE 5G.x30'S/BX(ใหม่)(BERLIN),244
8.85262E+12,MUCILIN-SF MIXED BERRY 5G.x10ซอง/BX.,87.25
8.85262E+12,MUCILIN-SF ORANGE 5G.x10ซอง/BX.,87.25
8.85335E+12,MUCOBROX 500'S/BT.(AMBROXOL)BKD.,293.5
8.85545E+12,MUCOCIN 1000'S(BROMHEXINE)สหแพทย์,79
8.85879E+12,MUCOFLEX SYRUP 60ML.(CARBOCYSTEINE)CMED,21.75
8.85898E+12,MUCOFLO SYRUP 60ML(BROMHEX)PML.,15
8.85867E+12,MUCOLA INJ.50AMPx2ML(BROMHEX)UNION,4
8.85229E+12,MUCOLID (AMBROXOL 30MG.)1x10'S/BX.,15.5
8.85229E+12,MUCOLID (JUNIOR)SYR.60CC.บูลเบอร์รี่,28.5
8.85229E+12,MUCOLID (JUNIOR)SYR.60CC.สตอร์,28.5
8.85229E+12,MUCOLID 30MG. 50x10'S(AMBROXOL),720
8.85229E+12,MUCOLID SF 200MG.3G.x60'S(สูตรNACLONG),241.5
8.85229E+12,MUCOLID SF 600MG.7Gx30'S(สูตรNACLONG),314.75
8.85229E+12,MUCOLID SYR.60CC.(AMBROXOL),28.5
8.85229E+12,MUCOMEX 50x10'S(สูตรFLEMEX)GREATER,684.5
8.85538E+12,MUCO-SEA 200MG. 50'S/BX.(สูตรNACLONG),128.75
4.80014E+12,MUCOSOLVAN 30 MG 10x10'S (AMBROXOL),574
8.85263E+12,MUCOSTA 100MG.10x10'S(PREPARATION),829
8.85876E+12,MUCOSTAR 100x10'S/BX.(AMBROXOL)7ดาว,460
8.85876E+12,MUCOSTAR 1x10'S/BX.(AMBROXOL)7ดาว,8.5
8.85876E+12,MUCOSTAR 50x10'S/BX.(AMBROXOL)7ดาว,342.25
8.85876E+12,MUCOSTAR SYRUP 60ML(AMBROXOL)7ดาว,21
8.85291E+12,MUCOTIC HD 600MG.50'S(BL.HUA)(สูตรNACLONG),279.75
8.85877E+12,MULTI B + GINKGO 20x10'S(นครพัฒนา),61
8.85024E+12,MULTICAP 10x10'S(SPS),200
8.85196E+12,MULTICAP 1x10'S (SPS),23
8.85353E+12,MULTIVITAMIN (OVAL)100'S(TP),57.75
8.85593E+12,MULTIVITAMIN 1000'S/กระปุก(NCR),289.25
13202212,MULTIVITAMIN SYRUP 60ML(LSP),17.5
8.85651E+12,MUNO POWDER KIDS 70ML(TMAN),130.5
8.85188E+12,MUPORIN OINT 5G.(BACTOBAN)(MUPIROCIN),41.5
8.85281E+12,MUSCORT ครีมบรรเทาปวด 25 กรัม,17.5
8.85564E+12,MUSLAX NANO SPRAY,118.5
8.85109E+12,MUSLEXAC 1x10'S/แผง(สูตรNORGESIC)INPAC,8.75
8.85109E+12,MUSLEXAC 50x10'S(สูตรNORGESIC)INPAC,198
8.85229E+12,MYBACIN ALCOHOL GEL 60ML/ขวด(กลิ่นชาเขียว),28.5
8.85229E+12,MYBACIN ALCOHOL GEL ALOE VERA 500ML.,176.75
8.85229E+12,MYBACIN CHLORHEXIDINE บ้วนปาก 250ML,40
8.85229E+12,MYBACIN COOL MINT 250ML.,41
8.85229E+12,MYBACIN HAND GEL 75% 60ML./หลอด(กลิ่นชาเขียว),35.75
8.85229E+12,MYBACIN JUNIOR 250ML(สตอเบอรี่),39.5
8.85229E+12,MYBACIN JUNIOR 250ML.(กลิ่นส้ม),39.5
8.85229E+12,MYBACIN MOUTHWASH FLUORIDE 250ML.,45.5
8.85229E+12,MYBACIN ORAL SPRAY มังคุด 4.5ML.,42.75
8.85229E+12,MYBACIN ORIGINAL 250ML.,32.75
8.85229E+12,MYBACIN OTC MINT 140x8'S/BX.(รสมิ้น)*รุ่นใหม่,9
8.85229E+12,MYBACIN OTC มะนาว 20x8'S/BX.,178.5
8.85229E+12,MYBACIN OTC มิ้นท์ 20x8'S/BX.,178.5
8.85229E+12,MYBACIN OTC ส้ม 20x8'S/BX.,178.5
8.85229E+12,MYBACIN TARTAR CONTROL 250ML.,36.5
8.85229E+12,MYBACIN THROAT มิ้นท์ 140x10'S/กล่อง,7.5
8.85229E+12,MYBACIN THROAT มิ้นท์ 20x10'S/BX.,146
8.85229E+12,MYBACIN WHITE PROTECTION 250ML.,36.5
8.85229E+12,MYBACIN ZINC (เชอร์รี่) 20x10'S/BX.,99999
8.85229E+12,MYBACIN ZINC (รสขิง) 20x20'S/BX.,354
8.85229E+12,MYBACIN ZINC HONEY LEMON 40x10'S/BX.,292
8.85229E+12,MYBACIN ZINC MOUTH SPRAY 15ML.,89
8.85229E+12,MYBACIN ZINC PLUS 20x10'S/BX.(แบล็คเคอร์แรนท์),175
8.85229E+12,MYBACIN ZINC PLUS 20x10'S/BX.(กลิ่นองุ่นมะนาว),175
8.85229E+12,MYBACIN ZINC น้ำผึ้งมะนาว 140x10'S/BX.,7.5
8.85229E+12,MYBACIN ZINC น้ำผึ้งมะนาว 20x10'S/BX.,145.5
8.85229E+12,MYBACIN ZINC รสส้ม 15ซองx20เม็ด/กล่อง,218.75
8.85229E+12,MYBACIN ZINC รสส้ม 20x10'S/BX.,99999
8.85229E+12,MYBACIN ZINC สตรอว์ 20x10'S/BX.,178.75
8.85229E+12,MYBACIN ZINC(MINT)20x20'S/BX.,354
8.85229E+12,MYBACIN ZINC(ฝรั่ง+ชาเขียว)20x20'S/BX.,354
8.85229E+12,MYBACIN ZINC-มะนาว 140x10'S/กล่อง,7.25
8.85229E+12,MYBACIN ZINC-รสส้ม 140x10'S/กล่อง,7.25
8.85229E+12,MYBACIN ฟ้าทะลายโจร 250ML.,40.75
8.85229E+12,MYBACIN ยาสีฟันสูตรฟ้าทะลายโจร 100กรัม,84.5
8.85229E+12,MYBACIN สารสกัดฟ้าทะลายโจรเมาท์สเปรย์ 15ML.,103.5
8.85092E+12,MYCARBON 10x10'S(MASALAB),127.5
8.85254E+12,MYCODERM POWDER 75G.(CLOTRIMAZLOE),118.75
8.85651E+12,MYCORAL CR. 5G.(KETOCONAZOLE2%),18
8.85651E+12,MYCORAL CR.20G.(KETOCONAZOLE2%),26.5
5.29067E+12,MYCORIL SPRAY 75G.(CLOTRI)PML,188.5
,MYCOSAMTHONG SYRUP 40ML(ยาสามธง),30.75
8.85254E+12,MYCOZOLE-B CREAM 15G.(OSOT),28.75
8.85651E+12,MYDA CR. 5G.(CLOTRIMAZOLE),10.75
8.85651E+12,MYDA POWDER 20G.(CLOTRI.)แพ็ค6,26.5
,MYDA ROMA CREAM 5G.(BETA+CLOTRI)TMAN,22.5
8.85651E+12,MYDA SHAMPOO 50ML.(KETOCONAZONE 2%),33.5
8.85651E+12,MYDA-B CR 25GM.พิเศษ(CLOTRI.+BETA.),51
8.85651E+12,MYDA-B CR.15G.ญ(CLOTRI.+BETA.),32.5
8.85651E+12,MYDA-B CR.5G.(CLOTRI+BETA.),15.25
8.85651E+12,MYDA-BS CR.15G.(BETA+CLOTRI),33.5
8.85651E+12,MYDA-BS CR.5G.(BETA+CLOTRI),16.5
8.85651E+12,MYDERM QUAD CR 15G.(BETA+GENTA+TONAF),47.75
8.85651E+12,MYDERM QUAD CR 5G.(BETA+GENTA+TONAF) EXP.10/26,21.75
8.85229E+12,"MYDERMIC 15G.(BACITRACIN,NEOMYCIN)",27.5
8.85394E+12,MYDOCALM 150MG.10x10'S(TOLPERISONE),427
8.85394E+12,MYDOCALM 150MG.1x10'S(TOLPERISONE),46
8.85394E+12,MYDOCALM 50MG.100x10'S.(TOLPERISONE),1668
8.85394E+12,MYDOCALM 50MG.1x10'S/BX.(TOLPERISONE),18.75
8.85229E+12,MYFENAX GEL 25G.(DICLOFENAC)GREATER,28.5
8.85229E+12,MYGESAL BALM 30G.(GREATER),21.75
8.85229E+12,MYHERBAL MYBACIN TROSPAY 15ML(มังคุด),101
8.85229E+12,MYHERBAL MYBACIN TROSPRAY 15ML,88
8.9013E+12,MYLOM DROP 15ML(SIMETHICONE),39.5
8.85147E+12,MYMOL 100'S/ขวด(PARA 500MG.) เม็ดรี,36.5
8.85147E+12,MYMOL 10X10'S(PARA 500MG.),50.5
8.85147E+12,MYMOL 25X10'S(PARA 500MG.),104.5
8.85147E+12,MYMOL 500MG. PARA 1000'S(เม็ดสีขาว)ฝาขวดสีขาว,185
8.85147E+12,MYMOL 500MG. PARA 1000'S(ฟ้า-ขาว)ฝาขวดสีฟ้า,189.5
8.85147E+12,MYMOL PARA 325 10x10'S/BX.,50
8.85147E+12,MYMOL PARA 500MG.100'S(ฟ้า-ขาว)ลัง 20โหล,20
8.85147E+12,MYMOL SYR 60ML. (PARA 120MG.)แดง,15.5
8.85877E+12,MYODRINE 40x10'S/BX.(สูตรNORGESIC)ส.เจริญ,329
8.85877E+12,MYODRINE 50x10'S/BX.(สูตรNORGESIC)ส.เจริญ,340
8.85274E+12,MYOFLEX 10x10'S/BX.(PARA+ORPHEN),251.5
8.85868E+12,MYONAL 50MG.3x10'S.(EPERISONE),198
8.85651E+12,MYOPAS 100x10'S(PARA+ORPHENADINE),435
8.85651E+12,MYOPAS TAB.1000'S(PARA+ORPHENADINE),415
8.85291E+12,MYOSPA 500'S(PARA+ORPHE)สีฟ้ารี(BLHUA),352.75
8.85291E+12,MYOSPA 50x10'S(PARA+ORPHE)สีฟ้ารี(BLHUA),412
8.85576E+12,MYOTAME 25x10'S(สูตรNORGESIC)SEA PHARM,206
8.85188E+12,MYOXAN 50MG.50x10'S.(สูตรMYDOCALM),253
8.85229E+12,MYPARA (PARA 500MG.)10แผงx10เม็ด/กล่อง,54.5
8.85229E+12,MYPARA 10แผงx12'S/BX,56.75
8.85229E+12,MYPARA 30x12'S/BX,169
8.85229E+12,MYPARA SYRUP 60ML(120MG.)ราสเบอรี่,25
8.85229E+12,MYSOVEN 100MG.60'S(สูตรNACLONG),102
8.85229E+12,MYSOVEN 200MG.60'S(สูตรNACLONG),203.5
8.85229E+12,MYSOVEN 600MG.30'S(สูตรNACLONG),261
8.85905E+12,MYTUSSIN SYRUP 60ML(CARBOCYS 250MG.)HK,17
8.85088E+12,M-ZAVIR CREAM 5G.(ACYCLOVIR)2M,25.5
8.85651E+12,N SERIES BRAND 14.5x10CM.12x2'S/BX.(เย็นใหญ่),42.75
8.85651E+12,N SERIES BRAND 7x10CM.12x2'S/BX.(เย็นเล็ก),24.5
8.85651E+12,N SERIES BRAND RED 12'S/BX.(ร้อนเล็ก),22.5
8.85802E+12,N.L DOXY CAP 50x10'S/BX.(NL),422.5
8.85897E+12,N.W. DRESSING PAD 4x6นิ้วx1ชิ้น(TG.),5.25
8.85092E+12,NABESAC 50x10'S(PARA500+OPHE)ม่วงเหลี่ยม,247
8.85092E+12,NABESAC 50x10'S(PARA500+OPHE35)ส้มรี,247
8.85092E+12,NABESAC50x10'S(PARA500+OPHE)เขียวเหลี่ยม,247
8.85879E+12,NACLONG 600MG(ACETYLCYSTEINE),151
8.85899E+12,NACOXIB-90MG.1x10'S(สูตรARCOXIA),69
8.85899E+12,NACOXIB-90MG.1x5'S/แผง(สูตรARCOXIA),47.5
8.85098E+12,NANNY ถุงเก็บน้ำนม 40'S,89
8.85098E+12,NANNY ถุงเก็บน้ำนม 5ออนซ์ 60'S/กล่อง,90
8.85098E+12,NANNY ถุงเก็บน้ำนม 8oz. 60'S/กล่อง(12ก./ลัง),122
8.85926E+12,NANOMED DIGITAL THERMOMETER (DT-05),80.5
8.85879E+12,NAPEX 50x10'S(BROMP+GG+PHE+BROM),713
8.85879E+12,NAPEX10x10'S(BROMPHE+GG+PHEN+BROMHEX),152
3.0065E+11,NAPHCON-A 15CC.(NAPHASOLINE),83
8.85024E+12,NAPPY-HIPPO 25G.(ZINC OXIDE 7.5)SPS.,33.5
8.85024E+12,NAPPY-HIPPO 5G.(ZINC OXIDE 7.5)กล่อง12หลอด,13.75
8.85635E+12,NAPROSAIN 250MG. 25x10'S(NAPROXEN),351.5
5.02173E+12,NAPROSYN LE 250MG 10x10'S/BX.,741
8.85314E+12,NAPROXEN 250MG. 10x10'S(ชุมชน),197.75
8.85068E+12,NAPROXEN 250MG. 50x10'S(GPO),608
8.85876E+12,NAPROXEN 250MG.25x10'S(7ดาว),294.75
1424250,NAPXON 500'S /ขวด(NAPROXEN 250MG.),1030
8.85564E+12,NARAKO COLLAGEN 10000MG. 10'S/BX.,400
3.58291E+12,NASACORT AQ.120D(TRIAMCINOLONE),443
8.85406E+12,NASAL KIT ชุดอุปกรณ์ล้างจมูก(KLEAN&KARE),26.5
8.85147E+12,NASIFED 10X10'S(BURAPHA),95.5
8.85545E+12,NASIN 25x10'S/BX.(NAPROXEN 250MG.)สหแพทย์,232
8.85651E+12,NASO TAB.(SALBUTAMOL)1000'S,130
8.85185E+12,NASOL NEBULISER SPRAY 15ML(ราคาใหม่),78.75
8.85147E+12,"NASOLIN PL 1x10'S(CPM,PHENYL.)แพ็ค 24 bx",16.25
8.85147E+12,"NASOLIN SYR.60CC.(CPM,PHENYL.)*ทำรายงาน",24.25
8.40165E+11,NASONEX NS.0.05% 140 DOSE,759
8.40165E+11,NASONEX NS.0.05% 60D./ขวด,443
8.85262E+12,NASOSPRAY 140 DOSE(MOMETASONE)BERLIN,428
8.85314E+12,NASOTAPP 10x10'S(PHENYL+BROM)(ชุมชน),128
8.85314E+12,NASOTAPP 50x10'S(PHENYL+BROM)(ชุมชน),590
14081630,NAT HERBS 30ML.(แนท เฮิร์บส์),119
8.8511E+12,NATEAR 10CC. (น้ำตาเทียม),85.75
8.8511E+12,NATEAR UD 0.8MLx28'S/BX.,194
8.8511E+12,NATEAR UD 0.8MLx7'S/BX.,56.5
8.85905E+12,NATEN 100MG. 3x2'S(CLOTRI)HK.,18.5
8.85905E+12,NATEN 500MG. 2'S(CLOTRI) สูตรCANESTEN,21
8.85901E+12,NATERAL CHIA SEED 100% 15'S/BX.,223.5
3.59446E+12,NATRILIX-SR 30'S(INDAPAMIDE 1.5MG.),269
8.85085E+12,NATUR ถุงเก็บน้ำนม 20'S/กล่อง,46.75
8.85085E+12,NATUR ถุงเก็บน้ำนม 30'S/กล่อง,66
14202014,NATUR ถุงเก็บน้ำนม 4OZ. 5 'S,0
8.85085E+12,NATUR ถุงเก็บน้ำนม 4ออนซ์ 30ถุง/BX.,62.5
8.85085E+12,NATUR ถุงเก็บน้ำนม 50'S/กล่อง,105.5
8.85976E+12,NATURAL NXT STEVIA SYRUP 320ML.(หญ้าหวาน),134
8.85036E+12,NATURE. BIO ZINC PLUS 90'S,258
8.85354E+12,NATURE. BIOTIN 60'S,240.25
8.85036E+12,NATURE. PRE PAN FIBER 7'S/BX.,427
8.85036E+12,NATURE.EPO.+ VIT E 1000MG.60'S,373
8.85036E+12,NATURE.EPO.+ VIT E 500MG.60'S,320.75
8.85036E+12,NATURE.EPO.1000MG.30'S,113
8.85354E+12,NATURE.ZINC 19.71GM.90'S,166
8.85876E+12,NATUREGIFT BERNA 1000(เลม่อน),82.5
8.85876E+12,NATUREGIFT BERNA 1000(ส้ม),82.5
8.85876E+12,NATUREGIFT COFFEE 21(ถุง),84
8.85876E+12,NATUREGIFT COFFEE PLUS 10'S,82.5
8.85876E+12,NATUREGIFT COLLAGEN COFFEE(ชมพู),105
8.85876E+12,NATUREGIFT EXTRA Q10 10'S,117.5
8.85274E+12,NAUSIL 50x10'S/BX.(METOCLOPRAMIDE),785
8.85229E+12,NAVAMED 50x2'S(DIMENHYDRINATE)GRATER,134
8.85229E+12,NAVAMIN 50x10'S(DIMEN 50MG.)GREATER,214
8.85545E+12,NAZOLE 10x10'S(KETO 200MG.)สหแพทย์,138
1.28859E+18,NEEDLE DISP(NIP)(100x18x1.1/2นิ้ว),59
1.28859E+18,NEEDLE DISP(NIP)(100x18x1นิ้ว),59
1.28859E+18,NEEDLE DISP(NIP)(100x21x1นิ้ว),59
1.28859E+18,NEEDLE DISP(NIP)(100x22x1นิ้ว),59
1.28859E+18,NEEDLE DISP.(NIP)(100x20x1.1/2นิ้ว),59
1.28859E+18,NEEDLE DISP.(NIP)(100x20x1นิ้ว),59
8.85894E+12,NEEDLE DISP.(NIP)(100x23x1.1/2นิ้ว),59
1.28859E+18,NEEDLE DISP.(NIP)(100x23x1นิ้ว),59
1.28859E+18,NEEDLE DISP.(NIP)(100x24x1.1/2นิ้ว),59
8.85894E+12,NEEDLE DISP.(NIP)(100x24x1.1/4นิ้ว),60
1.28859E+18,NEEDLE DISP.(NIP)(100x24x1นิ้ว),59
1.28859E+18,NEEDLE DISP.(NIP)(100x25G.x1.1/2นิ้ว),59
1.28859E+18,NEEDLE DISP.(NIP)(100x25x1นิ้ว),59
8.85894E+12,NEEDLE DISP.(NIP)(100x26x1นิ้ว),60
1.28859E+18,NEEDLE DISP.(NIP)(100x27x1/2นิ้ว),59
1.28859E+18,NEEDLE DISP.(NIP)(100x27x1นิ้ว),59
8.85894E+12,NEEDLE DISP.(NIP)(21x1.1/2นิ้ว)100'S,59
8.85262E+12,NELAPINE 20MG SR3x10'S(NIFEDIPINE),97
141518512,NEO RUB ALCOHOL GEL 70% 5 ลิตร,1083
14151830,NEO RUB ALCOHOL GEL 70% 30ML,53
8.85977E+12,NEOBUN MENTHOL PLASTER 13x12ซม. 6ซอง/BX.,36.75
8.85977E+12,NEOBUN PLASTER 20x10'S(แพ็คเกจใหม่),354
8.85977E+12,NEOBUN PLASTER ขนาดใหญ่ 8x11ซม. 6'S/BX.,108
3.88503E+13,NEOBUN PLASTER ขนาดใหญ่ 8x11ซม.20'S/BX.,204
8.8503E+12,NEOBUN-GEL 5ซอง/BX.(สูตรเย็น),162
8.85977E+12,NEOBUN-GEL COOL 20ซอง/BX.(สูตรเย็น),695
8.85977E+12,NEOBUN-GEL WARM 20ซอง/BX.(สูตรร้อน),695
8.8503E+12,NEOBUN-GEL ขนาดมินิไซส์ 4x7ซม. 20'S(ร้อน),360
8.8503E+12,NEOBUN-GEL ขนาดมินิไซส์ 4x7ซม. 20'S(สูตรเย็น),360
8.85711E+12,NEOCA ASTHIN 30'S,371
8.85546E+12,NEOCA C 1000MG 30'S,184.75
8.85711E+12,NEOCA COXIUP 15.18G,0
8.85711E+12,NEOCA GARCININ 10'S/BX.(สารสกัดส้มแขก),75.5
8.85802E+12,NEOFENAC-25MG.50x10'S(NL),150
8.85802E+12,NEOFENAC-50MG.50x10'S(DICLOFENAC)NL,230
8.85959E+12,NEOGRAM EYE DROPS 5ML. (สูตร POLY OPH),31
8.90112E+12,NEOLOR 5MG. 10x10'S (สูตรAERIUS) EXP10-2026,403.5
8.85263E+12,NEO-MUNE 400G.(กลิ่นเมล่อน)OTSUKA,422
8.85263E+12,NEO-MUNE 400G.(กลิ่นข้าวญี่ปุ่น)OTSUKA,422
8.85263E+12,NEO-MUNE 400G.(กลิ่นวนิลลา)OTSUKA,422
8.85802E+12,NEOPAIN 500MG. 500'S(MEFENAMIC)NL.,387.25
8.85874E+12,NEO-PENOTRAN FORTE 7'S(METRO+MICO),311
8.85977E+12,NEOPLAST ALCOHOL PAD 200'S/BX,177
8.8503E+12,NEOPLAST ALCOHOL PAD 20'S/BX,32.5
8.85977E+12,NEOPLAST CLEAR PLASTIC พลาสเตอร์ใส 100'S/BX.,48.5
8.85977E+12,NEOPLAST CLEAR PLASTIC พลาสเตอร์ใส10x10'S/BX.,122.5
8.8503E+12,NEOPLAST EYE PATCH 20'S/BX,98
1415166,NEOPLAST KOOL PATCH เจลลดไข้ 6ชิ้น(โปรโมชั่น),0
8.8503E+12,NEOPLAST KOOL PATCH เจลลดไข้ 6ชิ้น/กล่อง,46.25
8.8503E+12,NEOPLAST MOSQUITO PATCH 5'S/ซอง,0
8.85977E+12,NEOPLAST TAN PLASTIC พลาสติกสีเนื้อ 100'S/BX.,47.5
8.85977E+12,NEOPLAST TAN PLASTIC พลาสติกสีเนื้อ10x10'S/BX.,122.5
8.8503E+12,NEOPLAST-GOLD 100'S/BX.,47
8.8503E+12,NEOPLAST-GOLD 10x10'S/BX.,9
8.85977E+12,NEOPLAST-S ผ้ายืด100'S/BX.,38.75
8.8503E+12,NEOPLASTพลาสติกสีเนื้อ 20'S/BX.,13.25
8.8503E+12,NEOPLASTพลาสติกสีใส 20'S/BX.,13.25
8.8503E+12,NEOPORE (24x0.5นิ้วx10หลา)/เปลือย,244.25
3.88503E+13,NEOPORE 1/2 นิ้ว x 1.5 หลา(แพ็ค24ม้วน)*จิ๋ว,141.75
3.88503E+13,NEOPORE 1/2นิ้วx10หลา(แพ็คละ24)*ใหญ่1/2นิ้ว,388.75
3.88503E+13,NEOPORE 1/2นิ้วx2.5หลา(แพ็คละ12ม้วน)*เล็ก,75.75
3.88503E+13,NEOPORE 1/2นิ้วx5หลา(แพ็ค12ม้วน)*กลาง,157.5
3.88503E+13,NEOPORE 1นิ้วx10หลา(แพ็ค12ม้วน)*ใหญ่1นิ้ว,380
8.8503E+12,NEOPORE 1นิ้วx5หลา(แพ็ค12ม้วน),305
8.85092E+12,NEOSEC 50x10'S(สูตรNORGESIC )ขาวกลม,247
8.8503E+12,NEOTAPE POROUS เทปสีขาว 1/2x10x12ม้วน/BX.,23.5
8.8503E+12,NEOTAPE POROUS เทปสีขาว 1นิ้วx5หลาx12ม้วน,386.75
8.8503E+12,NEOTAPE POROUS น้ำตาล 1/2 x 1หลา,0
8.85977E+12,NEOTAPE POROUS น้ำตาล 1นิ้วx5หลา(แพ็ค12ม้วน) EXP.08/26,386.75
8.8503E+12,NEOTAPE POROUS สีน้ำเงิน 1/2x1หลาx24ม้วน/BX.,102
8.85977E+12,NEOTAPE POROUS สีน้ำตาล 1/2x10หลาx12ม้วน/BX.,386.75
8.85977E+12,NEOTAPE-กระบอก(1/2นิ้วx24x10หลา)(ขาว),414
8.85977E+12,NEOTAPE-กระบอก(1นิ้วx12x10หลา)(ขาว),414
8.85977E+12,NEOTAPE-กระบอก(2นิ้วx6x10หลา)(ขาว),414
8.85147E+12,NEOTICA 20MG.1x10'S(PIROX.)แพ็ค24,15.5
8.85147E+12,NEOTICA BALM 100G.ญ.*ใหม่,93.75
,NEOTICA BALM 10G./หลอด,12
8.85147E+12,NEOTICA BALM 15G./หลอด,19
8.85147E+12,NEOTICA BALM 30G.เล็ก/หลอด,36
8.85147E+12,NEOTICA BALM 60G.กลาง/หลอด,67
8.85147E+12,NEOTICA COOL GEL 30G.,37
8.90415E+12,NEPRO HP POWDER 400G.(กลิ่นวนิลา),401
8.8528E+12,NEPRO HP VANILLA 237ML(โรคไต) exp.ไม่มียาว,117.5
8.85335E+12,NEPTIDE-L 500'S(NIMESULIDE 100MG),2
8.85394E+12,NERVICA 25MG.4x14'S(PREGAB.)สูตรLYRICA,313
8.85394E+12,NERVICA 75MG. 4x14'S(PREGABALIN)สูตรLYRICA,409
8.44529E+12,NESTLE BOOST GLUCOSE CONTROL 800G.(วนิลา),915
7.61304E+12,NESTLE BOOST OPTIMUM 400G.(วนิลา),394
8.88647E+12,NESTLE BOOST OPTIMUM 800G.(กลิ่นธัญพืช),769
7.61304E+12,NESTLE BOOST OPTIMUM 800G.(วนิลา),769
8.8591E+12,"NET GAUZE PAD 2x2"" 10'S (LONGMED)",27.5
8.8591E+12,"NET GAUZE PAD 3x3"" 10'S (LONGMED)",51.5
8.8591E+12,"NET GAUZE PAD 4x4"" 10'S (LONGMED)",70
1.21E+12,NEUGABA 300MG.6x10'S(PFIZER) EXP.11/26,294.75
8.85265E+12,NEUPENTIN 300MG.10x10'S(GABAPENTIN)POLI,351.5
8.85265E+12,NEUPENTIN 400MG.10x10'S(GABAPENTIN)(POLI),458
8.85262E+12,NEURICA 75MG.10x10'S(PREGABALIN)BERLIN,638.5
8.85288E+12,NEUROBION 25x10'S./กล่อง,851
4.98718E+12,NEUROBION 6x10'S./กล่อง*แพ็คใหม่,268
,NEUROCOBAL 500mcg.3x10'S/BX.(METHYCOBAL),58.5
4.98718E+12,NEUROMET 500 (MECOBALAMIN)5x10'S,262
1.21E+12,NEURONTIN 100 MG.10x10'S(PFIZER),1555
1.21E+12,NEURONTIN 300MG.3x10'S(PFIZER),887
8.85343E+12,"NEUROTEX B1,6,12 5x10'S(FRX)",136.25
8.85872E+12,NEUTAPIN 100MG. 3x10'S(QUETIAPINE)KENYAKU,432.5
8.85872E+12,NEUTAPIN 200MG. 3x10'S(QUETIAPINE)KENYAKU,582.5
8.85872E+12,NEUTAPIN 25MG. 3x10'S(QUETIAPINE),387
8.85347E+12,NEUTRAL CARE GENTLE CLEANSER 120ML,97.5
8.85274E+12,NEUVIPLEX (B1-B2-B6-B12)3x10'S(SIAM),50
8.85802E+12,NEWFULVIN 500MG.250'S(GRISEOFULVIN)NL,534.25
8.85593E+12,NEWPHARVIT 100'S นิวเจริญ,67.25
8.85593E+12,NEWPHARVIT PLUS 100'S(เหลือง)195.-,95
8.85593E+12,NEWTOWER ORIGINAL 10ซองx20G.,38
8.85593E+12,NEWTOWER ORIGINAL 50'S/BX.,171
8.85593E+12,NEWTOWER รสส้ม 25'S/BX,84
5.90266E+12,NEXCARE CLEAR WATERPROOF 50'S/BX.,106.75
5.00046E+12,NEXIUM 20MG.2x7'S/BX,510
5.00046E+12,NEXIUM 40MG.2x7'S/BX,750
8.85696E+12,NEXT HEAL+H (TLM) 50'S (แผ่นตรวจ),399.75
6.92351E+12,NEXT HEALTH UDER PAD รองซับ (ไซซ์ L)10'S/BX.,71
8.85546E+12,NICOMILD-2 7แผงx9'S/กล่อง,236
8.85001E+12,NICORETTE COOL MINT 2MG. 15'S./BX.,105
8.85001E+12,NICORETTE COOL MINT 2MG.7x15'S./BX.,659
8.85001E+12,NICORETTE COOL MINT 4MG. 105'S,938
8.85001E+12,NICORETTE COOL MINT 4MG. 15'S./BX.,156
8.85001E+12,NICORETTE INVISIPATCH 10MG. 7 PATCHES/BX.,610
8.85001E+12,NICORETTE INVISIPATCH 15MG. 7 PATCHES/BX.,610
8.85001E+12,NICORETTE INVISIPATCH 25MG. 7 PATCHES/BX.,612
8.85001E+12,NICORETTE QUICKMINT(NICOTINE 1MG.)150SPRAY,618
8.85651E+12,NIDAZONE 250MG.1000'S(METRO)TMAN,326.5
8.71465E+12,NIDOL 100MG.3x10'S.(EURODRUG),64.5
8.71465E+12,NIDOL GEL 30G.(NIMESULINE),110.25
5.29067E+12,NIFELAT R 20MG.10x10'S(NIFEDIPINE)PML,259
8.85188E+12,NIKARIN ORAL GEL 10G.MICONAZOLE(TO),33.75
3.85086E+12,NIKO NIKO เจลประคบร้อน-เย็น 12x26ซม.(ใหญ่),98
8.85086E+12,NIKO NIKO เจลประคบร้อน-เย็น 13x14 ซม.(SMALL),60
8.8592E+12,NIKP-LEVOFLOXACIN OPHTHALMIC 0.5% 5ML.,103
8.8592E+12,NIKP-MANIDIPINE 10MG. 10x10'S/BX.,494
8.8592E+12,NIKP-MANIDIPINE 20MG. 10x10'S/BX.,518.5
8.8592E+12,NIKP-PITAVASTIN 2MG.10x10'S(PITAVASTATIN),1550
8.85298E+12,NILIDE (NIMESULIDE 100MG.)30'S/กล่อง,47
8.85188E+12,NINAZOL CR.10G.(KETO),31.25
8.85188E+12,NINAZOL CR.5G.(KETO.),21
8.85188E+12,NINAZOL SHAMPOO 100ML.(KETO),51.5
8.85188E+12,NINAZOL TAB.(KETO)100'S(TO),137.25
8.85188E+12,NINAZOL TO.10x10'S.(KETO.)/กล่อง,155
8.85894E+12,NIPRO SCALP VEIN SET 24Gx3/4 นิ้ว(เข็มผีเสื้อ),6
190403185,NIRLIFE SODIUM CHLORIDE 50x5ML/BX.(น้ำเกลือ),184
8.85945E+12,NITE CAP 10x1x10'S(DIPHENHYDRAMINE),315.5
,NITE CAP 3x10'S(DIPHENHYDRAMINE)MILLIMED,95
8.85872E+12,NITE-NITE 30'S(Allicare),499.5
8.85058E+12,NIZORAL CR. 15G./หลอด(KETO.),122.75
5.03663E+12,NIZORAL DERMA DAILY CONTROL&ENHANCE 6ML.(PRO),0
5.03663E+12,NIZORAL DERMA DAILY SHAMPOO 200ML. *P,317.5
5.03663E+12,NIZORAL SHAMPOO 6MLx50'S/BX.,469.25
5.03663E+12,NIZORAL SHAMPOO. 200ML.,346.5
5.03663E+12,NIZORAL SHAMPOO.100CC.กลาง,192.5
5.03663E+12,NIZORAL SHAMPOO.50CC.เล็ก /ขวด,112.75
7.13289E+12,N-LECITHIN 1200MG. 30'S (THP),125.75
8.85335E+12,NOCID 1x14(OMEPRAZOLE.).FAMALINE,25.5
4.98707E+12,NODOGLE MOUTH SPAY 15ML (แพ็ค 6 ขวด),89.75
8.85802E+12,NOFLOX-100MG. 500'S/ขวด(NL),165
8.85101E+12,NOOTROPIL 800MG.2x15'S (PIRACETAM),436
8.85147E+12,NORA 200MG. 1x10'S./แผง,38
8.85147E+12,NORA CR. 10G.(KETOCONAZONE) TNP.,36.5
8.85147E+12,NORA CR.5G (KETOCONAZOLE 2%)TNP.,23.75
8.85147E+12,NORA SHAMPOO 100ML,129.5
8.85147E+12,NORA SHAMPOO 50ML./ขวด,76.25
8.85335E+12,NORAPHEN 500'S/ขวด(สูตรNORGESIC)เหลืองรี,297
8.85335E+12,NORAPHEN 50x10'S(สูตรNORGESIC)BKD,440
8.85869E+12,NORBACTIN 400MG.10x10/BX.(NORFLOX),187.5
1.89041E+13,NORCA 10x10(สูตร PRIMOLUT-N),217.5
8.85945E+12,NORFCIN 400MG.12x1x10'S(NORFLOX)MILLIMED,158
9.31406E+12,NORFLEX 5x20'S ชนิดแผง(ORPHENADRINE 100MG.),282
8.85265E+12,NORFLOCIN 400MG. 50x10'S/BX.(POLIPHARM),620
8.85254E+12,NORFLOX 400 OSOTH 10x10'S,149.5
8.85267E+12,NORFLOX 400MG.(RX)25x10'S,374
8.85188E+12,NORFLOXIN 200MG.500'S(TO),269.5
8.85188E+12,NORFLOXIN 400MG.500'S (TO),519.5
8.85876E+12,NORFLOXSTAR 400MG.50x10'S/BX.(7ดาว),649.5
9.31406E+12,NORGESIC 2x10'S.(แพ็คละ20กล่อง),57.5
8.85406E+12,NORMAL SALINE ดัมเบล1000ML.ANB(*จำกัด2ลัง),32.5
8.85263E+12,NORMAL SALINE(ดัมเบล)1000ML.THIO/ลัง10,33.25
8.85406E+12,NORMAL SALINE(ดัมเบล)500ML.ANB/ลัง20,28.5
6.92189E+12,NORMAN ATK COVIDS-19 จมูก+น้ำลาย 1'S,34
5.41506E+12,NORMETEC 10MG./40MG. 30'S(AMLO+OLMES),878
5.41506E+12,NORMETEC 5MG./20MG. 30'S(AMLO+OLMES),580
8.85286E+12,NORMETEC 5MG./40MG. 30'S(AMLO+OLMES),878
8.85924E+12,NOROID SOOTHING CREAM 5G.,46.75
8.85865E+12,NORTERONE 10x10'S/BX.(สูตรPRIMOLUT-N) EXP.11/26,312
1.21E+12,NORVASC 10MG. 30'S (PFIZER) EXP.11/26,994
1.21E+12,NORVASC 5MG.3x10'S,606
8.85274E+12,NORXACIN 400MG.1X8'S(SIAM) NORFLOX,42.5
8.85274E+12,NORXACIN 400MG.20X8'S(NORFLOX)SIAM,587.75
8.85898E+12,NOSE FROSSY SPAY 14ML,43
8.85266E+12,NOSMEN 120MG.1x5'S(สูตรARCOXIA),83
14220631,NOVOFINE 31G. 100'S/กล่อง (เข็ม),612.5
5.997E+12,NOVYNETTE 21'S(สูตร MERCILON),72
8.85651E+12,NOX PATCH RED BODY MASK 12'S/BX.(T.MAN),37.25
8.85651E+12,NOX ROLL ON 30CC.(T.MAN),63
8.85651E+12,NOX SPAY 60CC.,79.5
8.85829E+12,NOXA 20MG. 1x10'S(PIROXICAM)กล่องแดง,11
8.85651E+12,NOX-COOL GEL 25G.(T.MAN),26.5
8.85651E+12,NOX-PAIN CREAM 25G.(T.MAN),18.75
8.85651E+12,NOX-PAIN CREAM 50G.(T.MAN),35.5
8.85829E+12,NOXZY(LOPERAMIDE) 12แผงx4เม็ด/กล่อง.*ใหม่,80
7.35009E+12,NOZOVENT MOUTH SPRAY 30ML(PML),210
8.85406E+12,NSS 0.9% (NO SET) 1000ML(แดง),33.5
8.85406E+12,NSS 0.9% (NO SET) 100ML(แดง),16
8.85406E+12,NSS 0.9% (NO SET) 500ML(แดง),27
,NSS T.O. 0.9% 100AMPx5ML./BX.(TO),99999
8.85188E+12,NSS T.O. 0.9% FOR INJECTION 100AMPx5ML/BX.,393.5
8.90112E+12,NUCOXIA 120MG. 3x10'S(สูตรARCOXIA)PML,269.75
8.90112E+12,NUCOXIA 90MG. 3x10'S(สูตรARCOXIA)PML,142
8.85872E+12,NUDE HONEY LEMON 30'Sx20ตลับ/แพ็ค(เหลือง),42.75
8.85872E+12,NUDE MELON 30'Sx20ตลับ/แพ็ค(เขียว),42.75
8.85872E+12,NUDE PEPPERMINT 30'Sx20ตลับ/แพ็ค(ฟ้า),42.75
8.85872E+12,NUDE RASPBERRY 30'Sx20ตลับ/แพ็ค(แดง),42.75
9.31406E+12,NUELIN-SR 200(THEOPHYLLINE) 5x20'S,203
8.85265E+12,NUHAIR 3% SCALP LOTION 60 ML.,381
8.85265E+12,NUHAIR 5%(MINOXIDIL)30ML มีกล่อง,280.5
8.85265E+12,NUHAIR 5%(MINOXIDIL)60ML มีกล่อง,512
8.85265E+12,NUHAIR NOURISHING SHAMPOO 200ML.,128.75
8.85546E+12,NUOSIC 50x10'S(สูตรNORGESIC )เขียวเหลี่ยม,355
8.85546E+12,NUOSIC 50x10'S(สูตรNORGESIC )ชมพู,355
8.85546E+12,NUOSIC PINK 500 MG (PARA+ORPHE)1000'S,503.5
8.85188E+12,NURASIC(ORPHE+PARA)50x10'S(TO.),232
8.8512E+12,NUROFEN 60CC.(IBUPROFEN)*ใหม่,115
5.00016E+12,NUROFEN GEL 50G.(210.-),167
5.00016E+12,NUROFEN ZAVANCE 400MG.10'S,130
8.85712E+12,NURSE COTTON BUD กระปุก 100'S(นางพยาบาล),14
8.85712E+12,NURSE COTTONBUD 100'S(นางพยาบาล),7.5
8.85712E+12,NURSE COTTONBUD ก้านจิ๋ว 100'S(นางพยาบาล),9.5
8.85712E+12,NURSE GAUZE นางพยาบาล 3''x3'' 8Ply/BX.,64
8.85712E+12,NURSE GAUZE นางพยาบาล 2''x2'' 8Ply/BX.,36.5
8.85712E+12,NURSE GAUZE นางพยาบาล 4''x4'' 8Ply/BX.,95.75
8.85712E+12,NURSE STERILE GAUZE SWABS 2''x2''x5ชิ้นx20'S/BX.,58.5
8.85712E+12,NURSE STERILE GAUZE SWABS 3''x3''x5ชิ้นx20'S/BX.,83.5
8.85712E+12,NURSE STERILE GAUZE SWABS 4''x4''x5ชิ้นx20'S/BX.,127
8.85712E+12,NURSE ผ้าก๊อตปลอดเชื้อ 2''x2'-8PLY(100'S/BX.),70
8.85712E+12,NURSE ผ้าก๊อตปลอดเชื้อ 3''x3''-8PLY(100'S/BX.),101
8.85712E+12,NURSE ผ้าก๊อตปลอดเชื้อ 4''x4''-8PLY(100'S/BX.),144.5
8.85068E+12,NUTRAKAL MEGAMEN 28'S(น้ำเงิน),157
8.85068E+12,NUTRAKAL WOMEN'S DAILY 28'S(ชมพู),157
8.85442E+12,NUTRI CLEAR A SOFT ACNE GEL 15G.,151
8.85442E+12,NUTRI CLEAR A SOFT ACNE GEL 5G.,85
14201203,NUTRI LINE-C สายยางให้อาหาร(M.E.),15.5
8.85442E+12,NUTRI MASTER ACEROLA VIT C 30'S,218.5
8.85442E+12,NUTRI MASTER ACNE CLEANSING GEL PLUS 100G.,118.75
8.85442E+12,NUTRI MASTER BONCAL PLUS CURCUMIN 14'S/ขวด,99999
8.85442E+12,NUTRI MASTER BONCAL PLUS CURCUMIN 30'S,601.75
8.85442E+12,NUTRI MASTER BONCAL TYPE ll +D 10'S(มะนาว),380.75
8.85442E+12,NUTRI MASTER CALCIUM PLUS 30'S,141.5
8.85442E+12,NUTRI MASTER EPO 1000MG. 30'S/ซอง,103.75
8.85442E+12,NUTRI MASTER EVENING PRIMROSE OIL 30'S,106.5
8.85442E+12,NUTRI MASTER EXXE GLUTA. LT. 200G.,92.75
8.85442E+12,NUTRI MASTER E-ZYWITE 30'S,556
8.85442E+12,NUTRI MASTER FISH OIL 1000MG. 30'S,86.5
8.85442E+12,NUTRI MASTER FISH OIL 1000MG. 30'S/ซอง,90.75
8.85442E+12,NUTRI MASTER OIL MIX 30'S,145.5
8.85442E+12,NUTRI MASTER ZINC 15MG. 30'S,121.75
8.85136E+12,NUTRICIA MILNUTRI SURE 300G.,304.5
8.85897E+12,NUTROPLEX OLIGO 100ML,141.5
8.85897E+12,NUTROPLEX OLIGO 60ML,87.5
8.85895E+12,NYST ORAL 12ML.(NYSTATIN)CPL.,41.5
8.85511E+12,N-ZEN 50MG.(DICLOFENAC)10'Sx12แผง/กล่อง,145
8.85511E+12,N-ZEN BAND ELASTIC BANDAGE 2 นิ้ว(คละสี),24
8.85511E+12,"N-ZEN FIRSTBAND 1"" สีเนื้อ",29.5
8.85511E+12,"N-ZEN FIRSTBAND 2""เนื้อ",48.25
,"N-ZEN FIRSTBAND 2""แดง",48.25
,"N-ZEN FIRSTBAND 2""น้ำเงิน",48.25
8.85511E+12,"N-ZEN FIRSTBAND 3"" เนื้อ",58
8.85511E+12,"N-ZEN FIRSTBAND 3"" แดง",58
8.85511E+12,"N-ZEN FIRSTBAND 3"" น้ำเงิน",57.5
8.85511E+12,N-ZEN GEL 30G.เล็ก /หลอด,28.5
8.85511E+12,N-ZEN GEL 60G.ญ./หลอด,42.5
8.85511E+12,N-ZEN SPRAY สูตรเย็น 50ML,132.25
4.89108E+12,O.B. COMFORT SUPER 8'S,69
48933629,O.B.PRO COMFORT 8'S(REGULAR),59.5
8.85147E+12,O.DOTTONE 24x1x1'S/BX.(ยาคุมฉุกเฉิน),18.75
8.85182E+12,OBIMIN -AZ 20'S,66.5
8.85182E+12,OBIMIN -AZ 60'S,198.5
8.85898E+12,OC-35 (สูตร DIAN35)แพ็ค 20แผง,86.5
8.90112E+12,OCID 1x10'S/BX.(OMEPRAZOLE 20MG.)PML,17.75
8.90112E+12,OCID 50x10'S(OMEPRAZOLE)PML,368
8.90112E+12,OCID IV INJEC.40MG/VIAL(OMEPRAZOLE)PML,52.25
8.85909E+12,OCUFRESHS DP EYE DROP 10ML,65.5
15718103509,OCUSOFT LID SCRUB ORIGINAL 50ML,287.75
15718103301,OCUSOFT LID SCRUB ORIGINAL EYE CLEAN 30'S/BX.,366
15718104506,OCUSOFT LID SCRUB PLUS 50ML,438.5
15718104308,OCUSOFT LID SCRUB PLUS EYE CLEAN 30'S/BX.,545
8.85092E+12,OFEE 100MG.(ORPHENADINE) 50x10/bx,588
8.85335E+12,OFLOCEE 100MG. 10x10'S(OFLOX),142.25
8.85335E+12,OFLOCEE 200MG. 10x10'S(OFLOX),235.5
151213200,OFLOMAC 200 10x10'S(OFLOX) ABCA,204.75
8.85274E+12,OFLOXIN(OFLOXACIN)200MG.10x10'S.(SIAM),450
8.85545E+12,OFLOXYL 200MG. 10x10'S(OFLXACIN)สหแพทย์,131
5.01131E+12,OILATUM BABY BATH EMOLLIENT 150ML,276.5
5.01131E+12,OILATUM BAR 100 G.,164.5
6.0914E+12,OILEZZ 22'S./แผง,259
8.85183E+12,OK HERBAL สีดำ 12ซอง/กล่อง,393
8.85183E+12,OK HERBAL สีน้ำตาลเข้ม 12ซอง/กล่อง,393
8.90112E+12,OKLOT 75MG. 10x10'S/BX.(CLOPIDOGREL),1030
8.85112E+12,OLENEE 50ML. น้ำมันมะกอก,13
8.85188E+12,OLFOVEL-500MG.10x10'S(LEVOFLOXACIN)TO.,1030
8.85188E+12,OLFOVEL-500MG.1x10'S(LEVOFLOXACIN)TO.,182.5
5.41506E+12,OLMETEC 40MG.3x10'S,825
8.85188E+12,OLOPT EYE DROPS 2.5ML.(OLOPATADINE)TO.,110
8.85713E+12,OLYMED AFTER WOUND & ANTI -SCAR 7G.,160
8.85397E+12,OLYNE - DEK (ส้ม)100'S/BX.,149
8.85397E+12,O-LYTE ส้ม 25'S/BX,80.5
8.8528E+12,OMACOR OMEGA-3-ACID 1000MG.28'S(ABBOT),962
8.85879E+12,OMED 1x14'S(OMEPRAZOLE)CEMED,25.5
8.85898E+12,OMELIN 0.05% NASAL SPRAY 15ML.(สูตรILIADIN),42.75
8.85898E+12,OMELIN-LIGHT 0.025% 10ML.(สูตร ILIADIN)PML,26.5
8.85651E+12,OMEMAN 20 MG. 2x7'S/กล่อง(OMEPRAZOLE),28.25
8.85109E+12,OMEPAC (OMEPRAZOLE 20MG.)50x10'S/BX.,308
8.85876E+12,OMEPLUZ 20MG.1x14'S/BX.(OMEPRAZOLE)(7ดาว),30
8.90241E+12,OMEPRAZOLE FOR INJECTION 40MG.(Lyophilised),38
8.85068E+12,OMEPRAZOLE GPO 10x10'S/กล่อง 24/ลัง,61.5
8.85905E+12,OMESAN 1000'S/กระปุก(OMEPLAZOLE)HK.,515
8.85905E+12,OMESAN 50x10'S/BX.(OMEPLAZOLE)HK.,265
8.85343E+12,OMESEC 20MG. 2x7'S(OMEPLAZLOE),26.5
8.85892E+12,OMEZOLE 14'S (OMEPRAZLOE 20MG.)INTER,23.5
8.85892E+12,OMEZOLE 25x10'S (OMEPRAZLOE 20MG.)INTER,225
8.9013E+12,OMICAP-20(OMEPRAZOLE)10x10'S(ATLANTA),58
8.85905E+12,OMNIFEN 60ML.รสส้ม(IBUPROFEN)(HK),14
8.85905E+12,OMNIFEN 60ML.สตอเบอรี่(IBUPROFEN)(HK),14
8.85879E+12,O-MOX 500MG ชมพู-ขาว 500'S (CEMED),541
4.01567E+12,OMRON ADAPTER S,505
4.97548E+12,OMRON BODY COMPOSITION MONITOR BHF-375,6235.25
,OMRON HEM-CR24 CUFF,823.25
6.94563E+12,OMRON เข็ม HEA-LNC30 25'S,77.25
8.85263E+12,ONCE COMPLETE 400G. (กลิ่นนม),360
8.85263E+12,ONCE DIALYZE 400G.(ผู้ป่วยล้างไต),383
8.85263E+12,ONCE PRO 400G.(กลิ่นวนิลลา)OTSUKA,430
8.85263E+12,ONCE RENAL 400G. (อาหารทางการแพทย์โรคไต),298
8.85267E+12,ONE GERD COOL MINT 10ML.x12'S/BX.(RX),113.75
8.85267E+12,ONE GERD COOL MINT 150ML,136
8.8598E+12,ONE LORA 60ML.(สูตรAERIUS)RX,78.75
,ONE STEP ชุดตรวจครรภ์ชนิดหยด 1'S/BX (PRO),0
8.85281E+12,ONE-SIX-TWELVE 50x10'S.BX.(M&H),450
8.85281E+12,ONE-SIX-TWELVE FORT 25x10'S/BX.(M&H),461
4.03084E+12,ONETOUCH SELECT 25'S(แผ่น),390.25
3.53886E+11,ONETOUCH ULTRA 50'S STRIPS(แผ่น),850
8.85147E+12,ONE-TREX 10x10'S/BX.(สูตรZYRTEC ),81.5
8.85546E+12,ONJEL 20 28'S(MILLIMED)12แผง/แพ็ค,72
8.85274E+12,ONSIA 8MG. 10'S (ONDANSETRON)SIAM,158
8.85281E+12,ONZET 200MG/5ML สูตร ZITHROMAX (M&H),83
8.85281E+12,ONZET-P 15ML สูตร ZITHROMAX (M&H),83
8.85945E+12,OPADOPH EYEDROP (OLOPATADINE) 5ML,182
8.85406E+12,OP-IZE EYE WASH 110ML(A.N.B),28.5
8.85147E+12,OPPLIN EYE WASH 100ML(TNP),26.25
8.85397E+12,OPSA-HIS 5ML.(THAI P.D.),22
8.85397E+12,OPSAR EYE DROP 5ML,13.5
8.85397E+12,OPSARAM ED.5CC./ขวด(CHLORAM),14
8.85397E+12,OPSARDEX 5ML(DEXA+NEOMYCIN),22.5
8.85894E+12,OPSARTIMOL EYE DROPS 0.5% 5ML,71
8.85397E+12,OPSAR-ล้างตา 100CC.เล็ก(THAI P.D.),25.5
8.85397E+12,OPSAR-ล้างตา 75ML./ขวด(THAI P.D.),23.5
8.8511E+12,OPSIL-A ED.10CC./ขวด,33
8.8511E+12,OPSIL-TEARS 10 ML.,35.5
8.85464E+12,OPTAL-ล้างตา 100ML.(เล็ก),23
8.85985E+12,OPTAMIN PRO 3x10CAP/BX.,411.5
8.85959E+12,OPTHAZOLINE EYE DROP 5ML.(สูตร HISTA OPH),29.5
3.00651E+11,OPTI - FREE REPLENISH 300ML,207.75
4.897E+12,OPTIVE EYE DROP 15ML.EXP.12/2026,137
4.897E+12,OPTIVE FUSION MD 10ML.,299
4.897E+12,OPTIVE FUSION UD 30x0.4ML./BX.,397
4.897E+12,OPTIVE UD 30'S x 0.4ML./BX.,266
8.85343E+12,OPTIVIS EYE OINTMENT 5G.(CHLORAM),14.5
9.55611E+12,OPTREX EYELOTION 300ML,211
9.55611E+12,OPTREX ยาล้างตา 110CC.,142
8.85147E+12,ORACORTIA(TRIAM 0.1%)12หลอดx5G./BX.(TNP),34.5
1518201103,ORANGE TEST THC (MARIJUANA) กัญชา 50'S (จุ่ม),1037.5
8.85394E+12,ORANO 50x10'S/BX.(NORGESIC)*ใหม่,436.75
8.85291E+12,OREDA R.O. ส้ม 50'S ใหญ่ /BX.(BLHUA),224
8.85291E+12,OREDA-เด็ก.ขาว 100'S /กล่อง(BLHUA),157
8.85291E+12,OREDA-เด็ก.ส้ม 100'S เล็ก /BX.(BLHUA),157
8.85876E+12,OREX STERIPAD แผ่นชุบแอลกอฮอล์ 200ซอง/กล่อง,178
6.4321E+12,ORFARIN 3 MG. 100'S/BT.(WARFARIN),455
8.85147E+12,ORGESIC 50x10'S/BX.(สูตรNORGESIC ),359.5
8.85147E+12,ORGESIC 500'S/BT.ส้ม(สูตรNORGESIC ),304.5
8.85147E+12,ORMIST 1x10'S /แผง (สูตรZYRTEC ),19.25
8.85147E+12,ORMIST 60ML(สูตรZYRTEC )TNP.,31.25
8.90232E+12,OROFER CAPSULES 10x10'S/BX.,792.5
9.55626E+12,ORREPASTE 5G.ป้ายปาก,37.5
8.85898E+12,ORTENAC 50x10'S (DICLOFENAC 50MG)PML*ขายขาด,257
8.85394E+12,OSAMINE 500MG. 10x10'S(GLUCOSAMINE),237
8.85394E+12,OSAMINE-S 1500MG. 30'S(GLUCOSAMINE),230.5
8.85802E+12,OSCIN 50x10'S(HYOSCINE)10MG.(NL),700
8.8592E+12,OSENI 28'S(ALOGLIP 25MG/PIOGLI 15MG)TAKEDA,1596.5
8.8592E+12,OSENI 28'S(ALOGLIP 25MG/PIOGLI 30MG)TAKEDA,1797.5
8.85274E+12,O-SID 14'S (OMEPRAZOLE) SIAM,61.5
8.85894E+12,OSKEPT (CALCIUM+D3) 10x10'S(CHAROON),257.5
8.8546E+12,OSPHRINE 10x10MG.(ORPHENADRINE 50MG.)HOF,94.75
8.85291E+12,OSRA R.O 5.5G.X50'S(BLHUA),89.75
8.85064E+12,OSSIUM 10x10'S(OSSEIN HYDROXY)COSMA,432
6.43004E+12,OSTAREX 1000MG.15'S/BX.,372.5
8.85265E+12,OSTEOTIN CAPSULE 500MG.10x10'S/BX.,223
8.85265E+12,OSTEOTIN POWDER 1500MG 30'S,223
8.85236E+12,OTRIVIN NASAL SPAY 0.05%(เด็ก),127
8.85236E+12,OTRIVIN NASAL SPAY 0.1%(ผู้ใหญ่)แดง*ใหม่,137.5
8.85442E+12,OUTCOME LICE แชมพูฆ่าเหา 60ML/ขวด*ใหม่,118.5
8.85266E+12,OVINUM 50MG.1x10'S./แผง(CHOMIPHENE),197.75
8.85866E+12,OXE CURE ACNE CLEANSER 75ML,115.25
8.85951E+12,OXE CURE ACNE CLEAR OIL CONTROL 10MLx6'S/BX.,362
8.85951E+12,OXE CURE ACNE CLEAR POTION 15ML,120
8.85951E+12,OXE CURE ACNE DEFENSE SERUM 5MLx6'S/BX. *P,211
8.85951E+12,OXE CURE ACNE POWDER LOTION 25ML,146.75
8.85951E+12,OXE CURE DAILY SUNSCREEN SPF50+ 6G.x6'S/BX.,195
,OXE CURE SULFUR SOAP 30G.(PRO),0
8.85951E+12,OXE CURE SULFUR SOAP(สบู่) 30G.,36.75
8.85951E+12,OXE CURE ULTRA GENTLE MOISTUR 10MLx6'S/BX.,362
8.85866E+12,OXE FACIAL ACNE LOTION 5ML,65.5
150618,OXOFERIN SOLUTION 50ML,549
1.04711E+18,OXYGEN MASK ผู้ใหญ่ (ชุด)GELEMED,53.5
15240707,OXYGEN เกย์จ SOLIDA,1205.5
8.85229E+12,OXYMET NASAL DROP 0.025% 10ML.,25.75
8.85229E+12,OXYMET NASAL SPRAY 0.05% 15ML.(OTRIVIN),31
8.85314E+12,OXYNOSE SPRAY 0.05% 10ML.(OTRIVIN),61.5
8.8572E+12,OZ-P MOUTH SPRAY 15ML.(ELDERBERRY),102
8.8572E+12,OZP น้ำมันหัวหอมแบบหัวลูกกลิ้ง 5ML.,96.5
8.8572E+12,OZP สติ๊กเกอร์หัวหอมกระชาย 6ชิ้น/BX.,50.75
16190819,P.S SANITIZER HAND SPRAY 240ML,92.75
8.85406E+12,PACETAMOL INJ 2MLx10AMP(PARA+LIDOCANIE),31.75
8.85501E+12,PAGYN TABLET 1x4'S(TINIDAZOLE)PATAR,9
8.85209E+12,PAINELIEF COOL GEL 30GM.,66.25
8.85209E+12,PAINELIEF COOL GEL 60GM.,108
8.85546E+12,PAINEX 200MG.3x10'S(CELEBREX)MILLIMED,173
8.85546E+12,PAINEX 400MG.3x10(CELEBREX)MILLIMED,455
8.85877E+12,PAINNOX 500MG.20x10'S(MEFANAMIC)มีกล่อง,297.75
8.85877E+12,PAINNOX 500MG.50x10'S(MEFANAMIC)เปลือย,13.5
8.85317E+12,PAINPYRIN 10'S(ORPHE.+PARA),8
8.85274E+12,PAINZA COOL GEL 30MG.(SIAM),48
8.85274E+12,PAINZA COOL GEL 50MG.(SIAM),68.5
8.85274E+12,PAINZA CREAM 30G. (SIAM),34
8.85274E+12,PAINZA CREAM 50G. (SIAM),50.5
10181140648,PALMER'S FIRMING BODY LOTION 315ML.ขวดปั๊ม,318
9.30081E+12,PALMER'S ITCHY SKIN 100ML(SRPAY),318
10181040504,PALMER'S ITCHY SKIN 150ML(SRPAY),318
10181041587,PALMER'S SKIN THERAPY OIL 60ML.,318
10181040313,PALMER'S STRETCH MARKS 250ML.ขวดปั๊ม,318
10181040351,PALMER'S STRETCH MARKS CR 125G.,341.5
8.85501E+12,PALOC LOTION 30ML.(TRIAM 0.1%)PATAR,15.5
8.85501E+12,PALOC LOTION 60ML.(T.A.0.1%),14.75
8.85501E+12,PAMOL DROPS 15ML.(PARA 60ML.)PATAR,14.25
8.85501E+12,PAMOL SYRUP 60ML.(PARA 150MG.)PATAR,13.75
8.85024E+12,PAMPERRIN 25G.CR.(DRAPOLENE)(SPS),26.5
8.85263E+12,PAN ENTERAL 400G.(กลิ่นวนิลา),250.5
8.85062E+12,PANADOL 500MG.15x10'S/BX.,142.5
8.85101E+12,PANADOL ACTIFAST 10'S/BX.,37
8.85101E+12,PANADOL สตอร์ 60ML 120MG เลิกผลิต,47.5
8.85101E+12,PANADOL ส้ม 60ML250MG.(PARA),58.75
8.85856E+12,PANOXILIN-500MG ส้ม-ดำ 50x10'S(CLOXA)42,824
8.85188E+12,PANTOPRAZOLE T.O. 40MG. 14'S(CONTROLOC),344
8.85651E+12,PARA FAST ACTIV 25x10'S(PARA 500MG.)T.MAN,375
,PARA FAST ACTIV 3x10'S(PARA 500MG.)TMAN,16.5
8.85147E+12,PARA ฟ้า-ขาว 500MG.(BP) 100'S ลัง 20โหล,22
8.85147E+12,PARA ฟ้า-ขาว 500MG.(BP.)1000'S/กระปุก,212
8.85092E+12,PARACAP 325MG.50x10'S/BX.(MASA),220
8.85092E+12,PARACAP 500MG. 50'S/ขวด,29.5
8.85092E+12,PARACAP 500MG.1000'S(ฟ้า)(MASA),195
8.85092E+12,PARACAP 500MG.1000'S(ส้ม)(MASA),195
8.85092E+12,PARACAP 500MG.100'S.(ขาว),48.5
8.85092E+12,PARACAP 500MG.50x10'S/BX.,335.75
8.85876E+12,PARACETAMOL 1000'S(PARA 500MG.ขาว-กลม)7ดาว,317.5
8.85876E+12,PARACETAMOL 1000'S(PARA 500MG.ขาว-ฟ้า)7ดาว,258
8.85876E+12,PARACETAMOL 100'S(PARA 500MG.ขาว-กลม)7ดาว,31.5
8.85876E+12,PARACETAMOL 100'S(PARA 500MG.ขาวฟ้า)7ดาว,33.5
8.85109E+12,PARACETAMOL 500MG. 1000'S(เม็ดรีสีฟ้า)INPAC,220
8.85477E+12,PARACETAMOL 500MG. 100'S(เยาราช),99999
8.85501E+12,PARACETAMOL 500MG. 50x10'S(PATAR),200
8.85885E+12,PARACETAMOL 500MG.(ขาว) 50'S(AU),22.75
8.85109E+12,PARACETAMOL 500MG.100'S(ขาว)INPAC,24.5
8.85876E+12,PARACETAMOL SYRUP 60ML.(7ดาว)6-12ปี,22.5
8.85545E+12,PARADINE 50x10'S/BX.(สูตรNORGESIC)สหแพทย์,234
8.85092E+12,PARAFEN 1x10x10'S/BX.(PARA500+IBU200)MASA,119.75
8.85546E+12,PARA-G 100'S(PARA 500MG.),30.5
8.85254E+12,PARAGEN 50x10'S(PARA 500MG.)OSI,258
GP713BA!7135702,PARAMAN-2 (PARA325) 1000'S,120
8.85281E+12,PARAMAX 50x10'S(PARA500MG.)L.B.S,299
8.85353E+12,PARAMOL INJECTION 50x2ML.(PARA+LIDO)TP.,320.5
8.85461E+12,PARATEMP(PARA 500MG.)10x10'S/BX.(ยันฮี),74.25
8.85868E+12,PARIET 10MG.14'S./BX.(RABEPRAZOLE),455.75
8.85868E+12,PARIET 20MG.14'S./BX.(RABEPRAZOLE),595
8.85101E+12,PARODONTAX HERBAL FRESH 150G.,152
8.85101E+12,PARODONTAX PROTECT 150G.,152
8.85501E+12,PARTARVIT 1000'S ม่วงรี(PATAR)วิตามินรวม,249.5
161920100,PASUTARA ALCOHOL GEL 75% 100ML(LEMON),65
16192055,PASUTARA ALCOHOL GEL 75% 55ML(LEMON),49.5
3.0065E+11,PATADAY 2.5ML(ALCON),424
8.85501E+12,PATAR VITAMIN C 50x20'S(สับปะรด),171.5
8.85501E+12,PATAR COD LIVER OIL 60'S,46
8.85501E+12,PATAR E-400 30'S/กระปุก(PARTAR),69.75
8.85501E+12,PATAR-CAP 10x10'S (DEXTRO+GG.)*รายงาน,75.25
8.85501E+12,PATAR-CAP 200'S(DFEXTRO+GG),120
8.85501E+12,PATARDIUM 50x10'S(LOPERAMIDE)PATAR,147
8.85501E+12,PATARGESIC 50x10'S(สูตรNORGESIC),254.5
8.85501E+12,PATARRVATE-N 5G.(BETA+NEOMYCIN),12.5
8.85501E+12,PATARVIT VITAMIN+LYSINE SYRUP 120ML(PATAR),24
8.85501E+12,PATARVIT VITAMIN+LYSINE SYRUP 60ML(PATAR),17.75
8.85147E+12,PATBLU 100'S(PARACETAMOL 500MG.)TNP,57
8.85147E+12,PAVIRIA (ACYCLOVIR 200MG.)5x5'S/TNP.,109
8.80005E+12,PCL COVID19 ANTIGRN AG GOLD SA 1ชุด,240
8.85442E+12,PEDALIS 60ML.SPRAY ระงับกลิ่นเท้า,50.5
8.88645E+12,PEDIASURE COMPLETE 370MG.,390
161213,PELAMIDE (NIMESULIDE)100MG.500'S,1
8.85879E+12,PEMED 100x10'S ส้มดอกไม้ (NORGESIC),622
8.85406E+12,"PENCILLIN 500,000IU.ANB.12'S./กล่อง",17.5
160419100,PENDISTREP L.A. 100ML(ATS),99999
8.85347E+12,PEPDENAL-40(FAMOTIDINE) 20x10'S(MACRO),206
8.85274E+12,PEPFAMIN 20MG.10x10'S(FAMOTIDINE)SIAM,173.5
8.85011E+12,PEPPERMINT FIELD BALM STICK,40
8131903,PERCUSSION HAMMER TAYLOR 19CM.(ค้อน),68
8.85961E+12,PERFECT MOISTURIZER GEL 10'Sx2ML.(FOR MEN),185.5
8.85869E+12,PERLA HERBAL EXTRACT 30'S(KMP),285
7.64017E+12,PERSKINDOL COOL GEL 100G.(น้ำเงิน),176
7.64017E+12,PERSKINDOL COOL SPRAY 250ML/กป.(น้ำเงิน),193
7.64017E+12,PERSKINDOL GEL 100G./หลอด(เหลือง),185
7.64017E+12,PERSKINDOL SPRAY 150CC.เหลือง,218.5
,PEURRI ACNE CLEANSER 30ML.,91.75
8.8595E+12,PEURRI ANTI ACNE GEL 3G.,78
8.8595E+12,PEURRI CLEAR ALL ACNE CLEANSER 100ML,208
8.8595E+12,PEURRI RAPID ALL ACNE CLEAR GEL 8G.,208
8.85892E+12,P-FEN 400MG. 50x10'S(IBUPROFEN)INTER,308.75
8.85892E+12,P-FEN 600MG. 50x10'S(IBUPROFEN)INTER,585
8.85546E+12,P-FEN 60ML(IBUPROFEN 100MG.),18.25
8.85892E+12,P-FEN PLUS+(IBU400+PARA325)10x10'S(INTERPHA),179.25
8.85298E+12,PHAMAMIN 100x10'S(DIMEN)CPL,178.5
8.85089E+12,PHARMATON KIDDI 100CC.*ใหม่,131
8.85089E+12,PHARMATON MULTIVIT & MINERALS 100'S,1128
8.85089E+12,PHARMATON MULTIVIT & MINERALS 30'S,362
8.85152E+12,PHARMICA LINIMENT SPRAY 60ML,125
8.85876E+12,PHARMICA PLASTER COOL 10x14CMx10ชิ้น/BX.,292
8.85876E+12,PHARMICA PLASTER WARM 10x12CM.x6x2'S/BX.,293.5
8.85298E+12,PHEMAX 100'S/BX.(ORPHENADRINE 70MG.)CPL,139
8.85651E+12,PHEMINE 1000'S /ขวด(T.MAN),450
8.85651E+12,PHEMINE 25x10'S(BROM+GG+PHENYL),215
1604180420,PHENDIRIDINE 1000'S/ขวด(T.P.),0.5
8.85825E+12,PHENODEX INJ 10x10ML./BX.(DEXA)(VESCO),46.25
8.93603E+12,PHIL VOLTE CREAM 10G.(CLOTRI+BETA+GENTA),33.5
8.85147E+12,PHINDROZ 0.05% 10ML(TNP)(สูตร ALIADIN),61.25
8.85891E+12,PHOEBUS CREAM 15G. (สูตร DERMAHEU),56
8.85891E+12,PHOEBUS CREAM 30G. (สูตร DERMAHEU),80.5
8.85101E+12,PHYSIOGEL AI CREAM 50ML,529.5
8.88801E+12,PHYSIOGEL DAILY DEFENCE CLEANSER 200ML,610
4.89202E+12,PHYSIOGEL DAILY DEFENCE DAY SPF15 40ML,710.5
4.89202E+12,PHYSIOGEL DAILY DEFENCE NIGTH CR.40ML,710.5
8.85101E+12,PHYSIOGEL DMT CLEANSER 150ML,184
8.85101E+12,PHYSIOGEL DMT CLEANSER 900ML.,535
8.85101E+12,PHYSIOGEL DMT CLEANSER 500ML(หัวปั๊ม),423.5
8.85101E+12,PHYSIOGEL DMT CREAM 75ML,381.75
8.85101E+12,PHYSIOGEL SOOTHING CARE 40ML,696
8.85101E+12,PHYSIOGEL SOOTHING CARE DAY SPF20 40ML,757
8.85869E+12,PIKKA-25 GEL 35G.(KMP),44.75
8.85E+12,PIM ANKLE SUPPORT-มียางพัน(L),157
8.85E+12,PIM ANKLE SUPPORT-มียางพัน(M),157
8.85E+12,PIM ANKLE SUPPORT-มียางพัน(XL),157
8.85E+12,PIM BACK SUPPORT (มีสาย)SIZE XL,323.5
8.85E+12,PIM CALF SUPPORT-น่อง(L),137.25
8.85E+12,PIM CALF SUPPORT-น่อง(M),137.25
8.85E+12,PIM ELBOW-ข้อศอก (L),137.25
8.85E+12,PIM ELBOW-ข้อศอก (M),137.25
8.85E+12,PIM ELBOW-ข้อศอก (XL),137.25
8.85E+12,PIM KNEE SUPPORTเข่า (L),137.25
8.85E+12,PIM KNEE SUPPORTเข่า (M),137.25
8.85E+12,PIM KNEE SUPPORTเข่า (XL),137.25
8.85E+12,PIM KNEE SUPPORTแกนสปริง(L),245
8.85E+12,PIM KNEE SUPPORTแกนสปริง(M),245
8.85E+12,PIM KNEE SUPPORTแกนสปริง(XL),245
8.85E+12,PIM KNEE SUPPORTแกนสปริงเปิดสะบ้า (L),265
8.85E+12,PIM KNEE SUPPORTแกนสปริงเปิดสะบ้า (M),265
8.85E+12,PIM KNEE SUPPORTแกนสปริงเปิดสะบ้า (XL),265
8.85E+12,PIM THUMB SUPPORTพยุงหัวแม่มือ (L),157
8.85E+12,PIM THUMB SUPPORTพยุงหัวแม่มือ (M),157
8.85E+12,PIM THUMB SUPPORTพยุงหัวแม่มือ (S),157
8.85E+12,PIM WRIST-ข้อมือ (S),127.5
8.85E+12,PIM WRIST-ข้อมือ(L),127.5
8.85E+12,PIM WRIST-ข้อมือ(M),127.5
8.85E+12,PIM เข็มขัดพยุงหลัง ไซด์ L (สีเนื้อ),323.5
8.85E+12,PIM เข็มขัดพยุงหลัง ไซด์ M (สีเนื้อ),323.5
8.85E+12,PIM เข็มขัดพยุงหลัง ไซด์ XL (สีเนื้อ),323.5
8.90601E+12,PINRONE 10x10'S (สูตร PRIMOLUT-N),257.5
8.85879E+12,PIP HAND GEL CLEANER ALCOHOL 70% 50ML,31
8.85879E+12,PIP -IBU400 10x10'S/BX.ขาวรี(IBUPROFEN),103
8.85879E+12,PIP KETO 100'S/BX.,1.5
8.85879E+12,PIP NASO 60ML (สูตรZYRTEC ),21.5
8.85879E+12,PIP TAPP 60ML(BROMP+PHEN)*รายงาน,21.5
8.85879E+12,PIP TARYNE SYRUP 60ML.(LORA.),27.5
8.85879E+12,PIP.KETO 10x10/BX(KETOCONAZONE),164
8.85879E+12,PIP.KETO 15G.(KETOCONASONE),21.5
8.85879E+12,PIP.KETO 5G.(KETOCONASONE),13.5
8.85879E+12,PIPALBEN TAB.100'S/กระปุก(ALBEN.)(PIP),136
8.85879E+12,PIP-BESONE 0.1% CR.15G(BETAMETHASONE),22
8.85879E+12,PIP-BESONE 0.1%CR.5G(BETAMETHASONE),11
8.85879E+12,PIP-CIMET400(CIMETIDINE) 10x10'S เขียว,160.75
8.85879E+12,PIP-IBU400 50x10'S(PIP)(ขาว),480.25
8.85593E+12,PIRCAM 20MG.10'S./แผง,22
8.85593E+12,PIRCAM ครีมทาแก้ปวด 30กรัม,34
8.85545E+12,PIROXAL GEL 25G.(PIROXYCAM),17
8.85876E+12,PIROXHIM FORTE 10'S(PIROXICAM 20MG.)(7ดาว),10.5
8.85188E+12,PIROXICAM CAPSULE 10MG. 1000'S(T.O)ขาว,253
8.85152E+12,PIROXICAM GEL 25G.(PHARMICA),26.5
8.85699E+12,PIROXICAM-FORTE (20MG.)50x10'S/BX.,391.5
8.853E+12,PIROXICAM-FORTE(PIROX. 20MG.)1x10'S,11
8.85147E+12,PIROXONE (PIROXICAM 20MG.)10'S(BP),14.25
8.85869E+12,PLAIRENIX CREAM 30G.(ครีมไพล)KMP,57
8.85899E+12,PLAIVANA ไพลวาน่า ครีมนวด 100G.,185
8.85335E+12,PLAIVANA ไพลวาน่า ครีมนวด 15G.,39.5
8.85335E+12,PLAIVANA ไพลวาน่า ครีมนวด 35G.,81.5
8.85275E+12,PLAMIDE INJ 50x2ML/BX.(METOCLOPRAMIDE),7
8.85266E+12,PLANIL 2X GEL 30G.(DICLOFENAC 2.32%),71.5
3.58291E+12,PLAVIX 75MG.14'S./แผง,1165
4.26027E+12,PLENDIL 10MG.30'S.(FELODIPINE),480
4.26027E+12,PLENDIL 5MG 30'S(FELODIPINE),358.5
8.85263E+12,PLETAAL 50MG.10x10'S(CILOSTAZAL),1912
8.85635E+12,PLU-LIS MOUTH KIDS MOUTH SPRAY 15ML.(ส้ม),115.75
8.85635E+12,PLU-LIS MOUTH MAX MOUTH SPRAY 15ML.(น้ำเงิน),115.75
8.85635E+12,PLU-LIS MOUTH SPRAY 15ML.,110.5
8.85265E+12,POBALIN 150MG. 8x7'S/BX.(PREGABALIN),412
8.85265E+12,POBALIN 25MG. 8x7'S/BX.(PREGABALIN),144.5
8.85265E+12,POBALIN 50MG. 8x7'S/BX.(PREGABALIN),205
8.85265E+12,POBALIN 75MG. 8x7'S/BX.(PREGABALIN),99999
8.85651E+12,POLAR KLEAN FOAM 50ML,89
8.85651E+12,POLAR KLEAN HAND SOAP MOUSSE 250ML.,57
8.85651E+12,POLAR SPRAY EUCALYPTUS 280ML(T.MAN),188
8.85651E+12,POLAR SPRAY EUCALYPTUS 80ML(T.MAN),94.75
8.85651E+12,POLAR SPRAY INNOCENCE 280ML(T.MAN),188
8.85651E+12,POLAR SPRAY INNOCENCE 80ML.,94
8.85651E+12,POLAR WIPE 20ชิ้น(TMAN),39
8.85265E+12,POLI-CIFLOXIN 500 10x10'S/BX.(CIPRO),243
8.85265E+12,POLICOXIA 60MG. 3x10'S/BX.(สูตรARCOXIA)POLI,126
8.85265E+12,POLICOXIA 90MG. 3x10'S(สูตรARCOXIA),161
8.85265E+12,POLICYCLINE (DOX 100MG)500'S(ม่วง),1
8.85265E+12,POLICYCLINE 100MG (DOXY)50x10'S,620.5
8.85101E+12,POLIDENT CR.20G.(ไม่มีสารแต่งสี กลิ่น),86.5
8.85101E+12,POLIDENT CR.20G.เฟรชมินท์,86.5
8.85009E+12,POLIDENT CR.60G.เฟรชมินท์/หลอด,216
8.85062E+12,POLIDENT MAX HOLD & SEAL 40G.(ไม่แต่งสีและกลิ่น),215.5
8.85062E+12,POLIDENT MAX HOLD & SEAL 40G.(มายมินท์),215.5
8.85101E+12,POLIDENT PRO RETAINER 30'S/BX.,145.5
8.85101E+12,POLIDENT เม็ดฟู่ 30เม็ด,116.25
8.85802E+12,POLIDINE 15CC.กล่องเล็ก12ขวด(NL),125
8.85802E+12,POLIDINE 15CC.กล่องใหญ่24ขวด(NL),247.5
8.85802E+12,POLIDINE 30CC.(กล่องละ12ขวด)(NL),170
8.85802E+12,POLIDINE SOLUTION 450ML(NL) สูตรBETADINE,123.75
8.85265E+12,POLIGOT-CF 100'S(POLIPHARM)(สูตร CAFERGOT),128.5
,POLIGOT-CF 1x10 กล่อง 1 แผง,22
8.85265E+12,POLILERGY 10x10'S/BX.(สูตรXYZAL) LEVOCET.,360.5
8.85265E+12,POLILERGY 1x10'S/BX.(สูตรXYZAL) LEVOCET.,51
8.85265E+12,POLIZINE 25MG.25x10'S(HYDROX),172
8.85082E+12,POLKA ALCOHOL HAND CLEANER 75% 220G.,51
8.85082E+12,POLKA CR.25G.ล./หลอด(ทาเท้า),43.75
8.85082E+12,POLKA CREAM 60G.ล./หลอด(ทาเท้า),78.75
8.85082E+12,POLKA HAND CREAM 60G. (SPF 18),106
8.85082E+12,POLKA HAND CREAM SHEA-10% 60G.,76.25
8.85298E+12,POLYGOT 1000'S.(สูตร CAFERGOT),1127
8.85298E+12,POLYGOT 10'Sx50/BX.(สูตร CAFERGOT),649.25
8.85298E+12,POLYGOT 1x10'S(สูตร CAFERGOT)CPL,18
8.85493E+12,POLY-OPH ED.5CC.เล็ก/ขวด,25
8.85493E+12,POLY-OPH EYE DROP 10ML(ใหญ่),33.5
8.85298E+12,POLYTANOL(AMITRIP 10MG.)10'Sx50,120
8.85034E+12,PONSTAN 500MG. 25x10'S(มีกล่อง),1068
16161930,"PO-PLUS รสส้ม 30GM 25'S/BX,",5
8.85394E+12,PORMUS 50x10'S(PARA+ORPHE)UNISON,440
9.55789E+12,PORO SUS 250MG. 60ML(PARA),28.25
8.88876E+12,POROUS CAPSICUM PLASTER 24'S/BX(ห้าตะขาบ),26
8.85934E+12,POSE QUAT PAD 80'S(แผ่นทำความสะอาดฆ่าเชื้อ),192.75
8.85934E+12,POSE-JEL LUBRICATING JELLY 4x5G./BX.,35.5
8.85865E+12,POSTARR-2 0.75MG. 20x2'S(ยาคุมฉุกเฉิน),288.5
8.85394E+12,POSTINOR 0.75MG.2'S.(ใหม่)แพ็ค10,36.5
8.85384E+12,POVIDINE 12'Sx30ML(สูตรBETADINE)BUKALO,150
8.85008E+12,POVIDINE 30MLx12ขวด/กล่อง(สูตรBETADINE)VS,15.75
8.85343E+12,POVIDONE FRX 24ขวดx15ML/กล่อง(สูตรBETADINE),332.75
8.85651E+12,POWYER เกลือแร่รสผลไม้รวม 10ซอง/BX.(TMAN),59.75
8.85712E+12,POX109 10'S 40.-/กล่อง(H.K.),21.75
8.85281E+12,POXIA 90MG.3x10'S(สูตรARCOXIA)M&H,413.5
8.85298E+12,POZHEXOL 1000'S(TRIHEXYPHENIDY)CPL,194
4.04885E+12,PRADAXA 110MG.30CAPS(DABIGATRAN),1686
4.04885E+12,PRADAXA 150MG.30CAPS(DABIGATRAN),1704
4.04885E+12,PRADAXA 75MG.30CAPS(DABIGATRAN),1704
8.85905E+12,PRASIX 4'S(PRAZIQUANTEL)H.K.,28
8.85956E+12,PREBO GUMMY KYOHO GRAPE 6'S/BX.,196
8.85899E+12,PRECIUS 6x10'S (PREGABALIN 75MG.)BKD.,419
4.897E+12,PRED FORTE 1% 5CC./ขวด,89
8.85493E+12,PRED OPH EYE-EAR 4ML(PRED+GENTA),28
8.85068E+12,PREDNISOLONE CR.15G.(GPO)ส้ม,12.25
8.85068E+12,PREDNISOLONE CR.5G.(GPO)ส้ม,5.5
16141912,PREDNISOLONE INJ.10ML(T.P),1
8.85068E+12,PREDNISOLONE-N CR.15G.(GPO)/หลอด,17.5
160410,PREDON INJ.10ML(PREDNI)L.B.S,37.25
8.85265E+12,PREGABALIN 75MG. 8x7'S(PACIFIC),638.75
8.85977E+12,PREGABALIN SANDOZ 150MG.56'S,1548
8.85977E+12,PREGABALIN SANDOZ 25MG. 56'S,530.75
8.85977E+12,PREGABALIN SANDOZ 75MG.8x7'S/BX.สูตรLYRICA,1065
8.8511E+12,PREGABALIN TEVA 25MG. 56'S/BX.,330
8.8511E+12,PREGABALIN TEVA 50MG. 56'S/BX.,438
8.8511E+12,PREGABALIN TEVA 75MG. 56'S/BX.,438
4.71282E+12,PREGAINE SHAMPOO 200CC.,149.75
8.8593E+12,PREG-T MIDSTERAM (ปากกา)PHAMAHOF,43.25
8.85869E+12,PREMA DEY 30'S(KMP),77.5
8.85893E+12,PREMA OIL 60'S(น้ำมันมะพร้าว+กระเทียม),411
8.85147E+12,PREME 12x21'S./แผง,86
8.85147E+12,PREME 12x28'S./แผง,86
8.85147E+12,PREME CLEANING GEL 30G.,87
8.85147E+12,PREME COLLAGEN DAY CREAM SPF30 30G.,400
8.85147E+12,PREME COLLAGEN EYE CREAM 20ML,437.5
8.85147E+12,PREME COLLAGEN NIGHT CREAM 30G.,418
8.85147E+12,PREME C-WHITE 15G.,102.5
8.85147E+12,PREME E-PLUS 15G.,103
8.85147E+12,PREME NATURAL FACE FOAM 100G.เขียว,166.5
8.85147E+12,PREME NATURAL FACE FOAM 30G.เขียว,61
8.85147E+12,PREME NATURAL FACE FOAM 50G.เขียว,97.5
8.85147E+12,PREME NOBU ACNE 5G.,51
8.85147E+12,PREME NOBU BALANCING ESSENCE,203
8.85147E+12,PREME NOBU CLEANSING GEL 75G.,170.25
8.85147E+12,PREME NOBU PINK FOAM 50G.,97.5
8.85147E+12,PREME NOBU PINK FORM 30G.,62
8.85147E+12,PREME NOBU SUN SPF50+ 30G.,245
s1613190610,PREMIER-SOFT FOAM (PH5.5)10G.,0
8.85711E+12,PREMIER-SOFT FOAM (PH5.5)10G.แอปเปิ้ล,0
8.85262E+12,PRENOLOL 100MG.10x10'S.(ATENOLOL),96.75
8.85262E+12,PRENOLOL 25MG.50x10'S.(ATENOLOL),230
8.85262E+12,PRENOLOL 50MG.10x10'S.(ATENOLOL),52.75
8.85314E+12,PREPENTIN 75MG. 56'S/BX.ชุมชน,420
8.85196E+12,PREVACID FDT 30MG.1x14'S.(LANSOPRAZOLE),720.5
8.85196E+12,PREVACID FDT 30MG.2x14'S.,1730
8.85928E+12,PREVENTIVE.LIFE CODY PLUS 120ML.,47.5
8.85928E+12,PREVENTIVE.LIFE O-PLUS ส้ม120ML.,47.5
8.85928E+12,PREVENTIVE.LIFE O-PLUSน้ำผึ้งมะนาว120ML.,47.5
8.85485E+12,PRIMOLUT-N 5MG.10x10'S./BX.,529
4.0576E+12,PRIMOLUT-N 5MG.2x15'S./BX.,166
5.41506E+12,PRISTIQ 50MG.28'S(DESVENLAFAXINE)PFIZER,1492.5
8.8588E+12,PRO 10 15'S/BX.(PROBIOTIC),363.5
10712121009,PRO SKIN VITAMIN E 12 CAPSULE,141.5
8.85898E+12,PROBEN TABLET 500'S(PROBENECID 500MG.),2.25
8.85944E+12,PROBUFEN 400MG. 50x10'S(IBUPROFEN)กลม,285
8.85944E+12,PROBUFEN 600MG.25x10'S/BX.(IBUPROFEN)รี,240
8.85944E+12,PROBUFEN 600MG.50x10'S/BX.(IBUPROFEN)รี,435
8.85944E+12,PROBUFEN GEL 25G.(IBUPROFEN),38.75
8.85422E+12,PROCTASE-P 500'S(MEJI),864.5
8.85422E+12,PROCTASE-P 50x10'S(MEJI) ลดบวม,840
8.85882E+12,PROCTYL OINTMENT 10G.(LSP)(สูตร PROCTOSEDYL),69.75
8.85882E+12,PROCTYL SUPPO. 10'S(LPS)(สูตร PROCTOSEDYL),56
8.85092E+12,PRODER MILD SOOTHING CREAM 25G.,73.5
8.853E+12,PROFENA - 400 F/C 50x10'S(IBUPROFEN),419.5
8.85895E+12,PROFLEX DIVA CHOCOLATE 500G.,817.5
8.85895E+12,PROFLEX DIVA GREEN TEA 500G.,817.5
8.85895E+12,PROFLEX DIVA KIWI 500G.,817.5
8.85895E+12,PROFLEX DIVA MIXED BERRY 500G.,817.5
8.85895E+12,PROFLEX DIVA VANILLA 500G.,817.5
8.85895E+11,PROFLEX WHEY ISO.700G.GREEN TEA เขียว,935
8.85895E+12,PROFLEX WHEY ISO.700G.PURE เขียว,935
8.85895E+12,PROFLEX WHEY ISO.700G.ช็อค,935
8.85895E+12,PROFLEX WHEY PROTEIN700G.จืด(เขียว),817.5
8.85895E+12,PROFLEX WHEY PROTEIN700G.วานิลลา(ฟ้า),817.5
8.85895E+12,PROFLEX WHEY PROTEIN700G.สตอร์,817.5
8.8591E+12,PROGAUZE SWAB 3''x3'' 8PLY 10x10'S/BX.(LONGMED),49.5
4.0576E+12,PROGYNOVA 1MG.3x28'S.,468
4.0576E+12,PROGYNOVA 2MG.3x28'S.,485
8.40165E+11,PROPECIA 1MG.4x7'S./BX,1163.5
8.85961E+12,PROPOLIS รีเฟรชชิ่ง เมาท์ สเปรย์ 20ML(BKD.),103
8.85891E+12,PROPOLIS ANTI ACNE SOAP 65G.,33
8.85651E+12,PROPOLIS PLUS 15ML.,144.5
8.85266E+12,PROPOLIS PLUS MOUTH SPRAY 12ML(บีริช),97.25
8.85651E+12,PROPOLIZ CANDY POP 10ซอง/BX.,135
8.85651E+12,PROPOLIZ EXTHERB LOZENGE 15x8'S/BX.,347
8.85651E+12,PROPOLIZ KID MOUTH SPRAY 10ML(T.MAN),79
8.85651E+12,PROPOLIZ LOZENGE VIT-C 1x10x8'S/BX.,142
8.85651E+12,PROPOLIZ MIXS LOZENGE 1x15x15'S/BX.,238
8.85651E+12,PROPOLIZ PLUS HONEY LOZENGE 1x10x8'S/BX.,141
8.85651E+12,PROPOLIZ SPRAY 15ML(กระขายขาว)T.MAN,108
8.85712E+12,PROPOLIZ SPRAY 15MLสูตรดั้งเดิม (T.MAN),83.5
8.85651E+12,PROPOLIZ SPRAY PLUS EXTHERB 15ML(T.MAN),108
8.85651E+12,PROPOLIZ VIT-C+มะขามป้อม1x10x8'S(เม็ดเคี้ยว),150
8.85651E+12,PROPOLIZ X LOZENGE (น้ำผึ้งมะนาว)1x15x8'S/BX.,347
8.85651E+12,PROPOLIZ X MOUTH SPRAY 15 ML.,115
8.85024E+12,PROPYL 50MG.(SPS.)50x10'Sขายขาด,318.5
8.40165E+11,PROSCAR 5MG.2x15'S./กล่อง,1500.5
8.8519E+12,PROSERIDE 5MG.3x10'S(FINASTERIDE),236.25
4.10448E+12,PROSPAN COUGH SYRUP 100ML,162
8.85857E+12,PROSPER เครื่องชั่งน้ำหนัก รุ่น PW-100,369.75
8.85857E+12,PROSPER เครื่องวัดความดันโลหิต PB-102,713
8.88644E+12,PROSTAGUTT 60 CAPSULES(MENARINI),909
8.85265E+12,PROSTAT 1MG.3x10'S(FINESTENRIDE)POLI,180.5
8.85265E+12,PROSTAT 5 (FINASTERIDE)3x10'S (โปลิฟาร์ม),552
8.71043E+12,PROSURE 220ML(กลิ่นวนิลา),154.5
8.8528E+12,PROSURE 380กรัม(กลิ่นวนิลา),775
8.85882E+12,PROTEMP 10x10 SOFT GEL(PARA 325MG.)LSP,463.5
5.70219E+12,PROTOPIC OINT.0.1%10G.(TACROLIMUS.),1270.75
8.85865E+12,PROTRIVA BLACK SEEDS 30'S/ขวด,214.5
8.85876E+12,PROVAMED 3 STEPS FOR SUN (เซ็ต),0
8.85876E+12,PROVAMED ACEROLA C NIGHT 15ML,158.5
8.85876E+12,PROVAMED ACEROLA C WHIP FOAM 80G.,80
8.85876E+12,PROVAMED ACEROLA SERUM 15ML.,142.5
8.85876E+12,PROVAMED ACNE RETINOL-A GEL 10G.,106.5
8.85876E+12,PROVAMED ACNE SPOT GEL 10G.,106.75
8.85876E+12,PROVAMED ACNI CLEANSING WATER 200ML.,209.5
8.85876E+12,PROVAMED ACNI TONER 200ML.,140.75
8.85876E+12,PROVAMED ACNICLEAR GEL120ML(ล้าง),131
8.85876E+12,PROVAMED ACNICLEAR PORE MATT 15G.,198.5
8.85876E+12,PROVAMED AGE ESSENCE 200ML.,504
8.85876E+12,PROVAMED AGE EYE SERUM 15ML.,278
8.85876E+12,PROVAMED AGE CORRECTOR 50G.(ไนท์ครีม),507
8.85876E+12,PROVAMED AGE CORRECTOR FILLER 30G.,418.5
8.85876E+12,PROVAMED ALOE VERA GEL 150G.,128.5
8.85876E+12,PROVAMED ALOE VERA GEL 50G.,76.25
8.85876E+12,PROVAMED ANTI ACNE MOISTURIZER 40G.,294
8.85876E+12,PROVAMED AQUA SUN SPF50 40ML.,245.5
8.85876E+12,PROVAMED ASTAXAN NIGHT JELL 30G.,293
8.85876E+12,PROVAMED ASTAXANTHIN FOAM 80G.,120
8.85876E+12,PROVAMED ASTAXANTHIN NIGHT JELLY 50G.,279
8.85876E+12,PROVAMED BABINI ARICA GEL 15G.(แก้ฟกช้ำ),121.25
8.85876E+12,PROVAMED BABINI OINTMENT 50G.,137
8.85876E+12,PROVAMED BABINI SOOTH.CREAM 15G.,109
8.85876E+12,PROVAMED BABY BOTTLE CLEASER 1000ML.,119.5
8.85876E+12,PROVAMED DERMA SOOTHING CR.30G.,301.75
8.85876E+12,PROVAMED DERMA SOOTHING CREAM 50G.,244.5
8.85876E+12,PROVAMED DERMA SOOTHING LIQUID 100ML.,136.5
8.85876E+12,PROVAMED DERMA SOOTHING LOTION 100ML.,224.5
8.85876E+12,PROVAMED E SERUM 10000IU 30ML.,265.25
8.85876E+12,PROVAMED GLUTA BOOST 200ML.SPF30,252
8.85876E+12,PROVAMED GLUTA BOOSTER 200ML.EXP.09/26,215.5
8.85876E+12,PROVAMED GLUTA SERUM 30ML.,327.5
8.85876E+12,PROVAMED GOTUKOLA ACNE CLEANSING GEL 120ML.,139.75
8.85876E+12,PROVAMED HYAFLASH SERUM 15ML.,167
8.85876E+12,PROVAMED MELASMA OVERNIGHT MASK 50G.,265.5
8.85876E+12,PROVAMED POST ACNE SCAR GEL 10G.,233.75
8.85876E+12,PROVAMED PRO-BALANCE UV AQUA SERUM 40ML.,253.5
8.85876E+12,PROVAMED RAPID CLEAR ACNE SET,0
8.85152E+12,PROVAMED SCAR SILICONE 10G.,233.75
8.85876E+12,PROVAMED SCAR ZONE(ผิวแตกลาย)200ML.,200.75
8.85876E+12,PROVAMED SENSITIVE CLEANSER 100ML.,98
8.85876E+12,PROVAMED SENSITIVE CLEANSER 260ML.,234
8.85876E+12,PROVAMED SENSITIVE MOISTURE CR.45ML.,297
8.85876E+12,PROVAMED SOFT&SMOOTH CREAM 40G.,161.25
8.85876E+12,PROVAMED SOLARIS BODY SPRAY SPF50 100ML.,220
8.85876E+12,PROVAMED SOLARIS BODY#50 100ML.,225
8.85876E+12,PROVAMED SOLARIS FACE 50#50ML.,184.5
8.85876E+12,PROVAMED STRETCH MASK(ทาท้อง)200ML.,220.5
8.85876E+12,PROVAMED SUN FACE 50ML(BEIGE)+ALOE 25G.,275
8.85876E+12,PROVAMED SUN FACE 50ML(WHITE)+ALOE 25G.,276
8.85876E+12,PROVAMED SUN FACE SPF50+ 30ML(BEIGE),180.5
8.85876E+12,PROVAMED SUN FACE SPF50+ 30ML(WHITE),194
8.85876E+12,PROVAMED SUN PERFECT CLAEN 200ML.,194
8.85876E+12,PROVAMED SUN PERFECT CLAEN 50ML.,81.25
8.85876E+12,PROVAMED VIT.E SERUM 50G.,135.75
8.85485E+12,PROVIRONUM 25MG. 5x10'S/BX.,418
8.85961E+12,PROZEUS 15 2G.x10ซอง/กล่อง,245
8.85961E+12,PROZEUS 15 2G.x30ซอง/กล่อง,726
8.85961E+12,PROZEUS 15 2G.x5'S/BX.(PROBIOTICS),140
8.85961E+12,PROZEUS PINK POWER 7PROBIOTIC 2G. 30'S,726
8.85961E+12,PROZEUS PINK POWER 7PROBIOTIC 2G.x10'S/BX.,245
8.85961E+12,PROZEUS REGEN PODER 2G.x10'S/BX.,248
8.85885E+12,PROZONE 50x10'S(IBUPROFEN 400MG.)AU,255
8.85955E+12,PRUKSAPORN ALCOHOL GEL 500ML,140
8.85891E+12,P-S MOUTH SPRAY 20ML EXP.04/26,90.75
8.90121E+12,PUDIN HARA 10x10'S/BX.ลัง 30 bx.,142.5
9.32288E+12,PULMICORT RES. 0.5MG/2ML 4ซองx5'S/BX.,788
5.00046E+12,PULMICORT TURBUHALER 200MCG./DOSE,544
220149,PULSE OXIMETER FINGERT วัดออกซิเจน,195
8.85613E+12,PURE GRAIN น้ำผึ้ง 100% 130กรัม/หลอด,36.5
8.85712E+12,PURE MED KITO BERRY 15'S/BX.(ใหญ่),595
8.85712E+12,PURE MED KITO BERRY 5'S/BX.(เล็ก),220.5
8.85712E+12,PURE MED KITO BERRY PLUS 7'S/BX.,99999
8.85712E+12,PURE MED LOTNE X3 PLUS 7'S/BX.,231
8.85712E+12,PURE MED RUBY COLLAGEN 15'S/BX.(ใหญ่),595
8.85712E+12,PURE MED RUBY COLLAGEN 5'S/BX.(เล็ก),220.5
8.85085E+12,PUREEN ถุงเก็บน้ำนม 4OZ. 30'S/BX.,59.5
8.85085E+12,PUREEN ถุงเก็บน้ำนม 8OZ. 20'S/BX.,38
8.85085E+12,PUREEN ถุงเก็บน้ำนม 8OZ. 50'S/BX.,104
8.85265E+12,PURIDE 100MG. 50x10'S(ALLOPURINOL),420
8.85265E+12,PURIDE 100MG.10x10'S (ALLOPURINOL),87.75
8.85265E+12,PURIDE 300MG. 50x10'S(ALLOPURINOL),780
8.85112E+12,PURIDINE 15CC.แพ็ค12ขวด(สูตรBETADINE)(ศิริ),140.75
8.85112E+12,PURIDINE 30CC.แพ็ค12ขวด(สูตรBETADINE)(ศิริ),204
8.85564E+12,PURLINA IV PACK2+10'S,546
8.71465E+12,PUROXAN (DOXOFYLLINE 400MG.)10x10'S,1400
8.71465E+12,PUROXAN SYRUP 100ML.(DOXOFYLLINE),103.75
8.853E+12,PY-AMOX DRY SYRUP 125MG.(AMOXI),15
8.853E+12,PY-AMOX DRY SYRUP 250MG.60ML(AMOXI),18
8.85699E+12,PYBUFEN -P400 50x10'S/BX.,375
8.85699E+12,PYBUFEN-P600 50x10'S/BX.(UMEDA),489.25
8.853E+12,PYBUTIL 50x10'S(LOPERAMIDE)ไพบูเมด,185
8.85347E+12,PYGABA 75MG. 4x14'S(PREGA)MACROPHAR,370
8.85905E+12,PYORAN (PARA 500+HYOSCINE)50x10'S(H.K.),772.5
8.85291E+12,PYRACON DROP 15ML(PARA),21.5
8.85291E+12,PYRACON FORTE 60ML(PARA 250MG.),27.75
8.85291E+12,PYRACON LIQ. 60ML(PARA 120MG.)เขียว,18.5
8.85291E+12,PYRACON LIQ. 60ML(PARA120MG.)แดง,17.75
8.85267E+12,PYRAMOX 500MG.50x10'S(AMOXI)RX.(เขียว-ฟ้า),764.5
8.85923E+11,PYRANA 10x10'S/BX.(PARA 500MG.)MODERN,55.75
8.85892E+12,PYRANA VOLTA GEL 30G.(DICLOFENAC),24
8.85406E+12,PYRIDOXINE 100MG.1MLx10'S(B6) /ยาฉีด,32
8.90601E+12,Q-EYE 120ML.(ล้างเลนส์),62
8.85564E+12,QMARINE GLUTA MAX 30'S,728.25
8.85882E+12,QUANTUM SYRUP 60ML.(LSP),999999
8.85923E+12,QUIK CLEAN SOFT CARE WIPE 40'S/ห่อ,12
4.98707E+12,QUIKWIPE FUKIFUKI แผ่นเช็ดเลนส์ 10'S,48.75
4.98707E+12,QUIKWIPE FUKIFUKI แผ่นเช็ดเลนส์ 20'S(แพ็ค6 อัน),78
8.8596E+12,QUOKKA MOZZIE SPRAY 15ML(กันยุง),130.75
8.85101E+12,QUOMEM 150MG.(GSK.)4x15'S,1448
8.85977E+12,RABEPRAZOLE SANDOZ 20MG.14'Sสูตร PARIET,330
8.85545E+12,RABUFEN 400MG.25x10'S/BX.(IBUPROFEN)สหแพทย์,241
8.90407E+12,RACSER JELLY 2% 30G.(LIDOCAIN)ABCA,117.5
8.90407E+12,"RACSER VISCOUS100ML(xylocaine,lidocaine)",262.75
8.85899E+12,RADIARA ALOE VERA GEL 35G.,58.75
8.85899E+12,RADIARA ALOE VERA GEL 50G.,58.75
8.9611E+12,RALEXA 50MG.3x10'S(สูตรMYONAL)PLATINUM,69.75
18051507,RAMBO - BRYWOOD 15G.,14.5
18021507,RAMBO - BRYWOOD 30G.,19.5
8.85944E+12,RAMOL (PARA 500MG.) 100'S(นครพัฒนา),21.5
8.85944E+12,RAMOL PARA 120MG. 60ML.(RASPBERRY),26.75
8.9013E+12,RANCELEX 200MG.3x10'S(CELEBREX)RANBAXY,142
8.9013E+12,RANCLAV 1G. 3x4'S/BX.(สูตรAUGMENTIN)SUN,79
8.9013E+12,RANCLAV SUS. 228.5MG/5ML. 70ML(AUGMENTIN),107.5
8.9013E+12,RANCLAV SUS.457/5ML. 70ML.(AUGMENTIN),129
8.85266E+12,RANIDINE 150MG.10x10'S.(BIOLAB),73.5
8.9013E+12,RANVIR 800MG.50'S (ACYCLOVIR) SUNPHARMA,455
8.85882E+12,RAVEPHIS FRESH MOUTH SPRAY 15ML.(LSP) EXP.02/26,102
8.85147E+12,RAVIT-FORT 30'S/BX.(BURAPHA),109.5
8.85147E+12,R-DEN 28'S(24แผง/แพ็ค)(ไทยนคร),25.75
8.85394E+12,RE-B FORTE 10x10'S(UNISON),325
8.85857E+12,REBAC SILICONE GEL 15G.(BIOPHARM),568.5
8.85857E+12,REBAC SILICONE GEL 5G.(BIOPHARM),274
,Rebate Jan-Dec 2017,0
8.85017E+12,REDOXON VIT.C+ZINC 15 TAB*เลิกผลิต*,140.25
8.90409E+12,REDUCOF SUGAR FREE 10'S/BX.,55.5
,REDUCOF SUGAR FREE 10'S/BX.(PRO),0
8.90409E+12,REDUCOF SUGAR FREE 3x10'S/BX.,143
8.85442E+12,REFER STRETCHMARK REMOVER 50G.,190.5
8.85442E+12,REFER STRETCHMARK ทาท้อง 50G.(ใหม่),190.5
8.85442E+12,REFER ทาส้นเท้าแตก CR 50G,115.75
10158593804,REGIN COOL SPRAY 60ML (ลำไย),75.5
8.85545E+12,REJEN HAIR SOLUTION 70ML(สหแพทย์),213.5
8.85109E+12,REKA ผงเกลือแร่ ORS 100'S/BX.(INPAC),143
8.85712E+12,RELAX CREAM 50G.(สูตรร้อน)ราคาตัดบาร์โค๊ด,205
1.21E+12,RELPAX (ELETRIPTAN 40MG.) 2'S(PFIZER),208.75
8.40165E+11,REMERON SOLTAB 30MG.5x6'S/BX.,1575.5
5.29067E+12,REMETHAN 100 R 3x10'S(DICLOFENAC)PML,89
8.85899E+12,REMOOF SCAR SILICONE GEL 7G.,112.5
9.55502E+12,RENARBELL SHAPE-TEA บรรจุ 25ซอง,190
8.85699E+12,RENTEX 10x10'S/BX.(สูตรZYRTEC)UMEDA,44.5
8.85699E+12,RENTEX 25x10'S/BX.(สูตรZYRTEC)UMEDA,95.5
4.89149E+12,RENU MULTIPLUS 8CC./ขวด,98.5
3.10119E+11,RENU MULTIPLUS-กลาง.120CC.*ใหม่,73
8.85909E+12,RENU MULTIPLUS-ญ.355CC.*ใหม่,119
3.10119E+11,RENU MULTIPLUS-ล.60CC./ขวด,50
8.85089E+12,RENVELA 800MG. 30'S/ขวด(SEVELAMER)*ขายขาด,2315
18160320,REPACIN F.C TABLETS 2x10'S(ESCIN 20MG.),80.5
8.85651E+12,REPACIN F.C.TAB 10x10'S/BX.(ESCIN 20MG.),392
8.85897E+12,REPARIL 20MG.10x10'S.,518
4.01934E+12,REPARIL GEL 10G.เล็ก EXP.11/26,64
8.85897E+12,REPARIL GEL 20G.กลาง,104.25
8.85897E+12,REPARIL GEL 40G.ใหญ่ /หลอด,196.75
8.85058E+12,RESOLOR 1MG. 28'S(PRUCALOPRIDE)JANSSEN,854
5.06006E+12,RESOLOR 2MG. 28'S(PRUCALOPRIDE)JANSSEN,1430
8.85188E+12,RESPIMOL EVOHALER 200D.(สูตรVENTOLIN),86
8.47E+12,RESTIV MEN 75ML(BIOPHAM),795.5
8.85882E+12,RESTZ SPRAY 50ML.(INDOMETACIN 8MG.),99999
8.85188E+12,RETEN (MINOXIDIL 2%) 100ML (TO),184.5
8.85188E+12,RETEN FIVE 30ML.(MINOXIDIL5%)(TO),136
8.85188E+12,RETEN FIVE 60ML.(MINOXIDIL5%)(TO),283.5
8.85058E+12,RETIN-A 0.025%10G.(J&J),72.25
8.85869E+12,REVITAN โสมสกัดผสมวิตามินและเกลือแร่ 30'S,178
8.90409E+12,REVOKE 1'S(LEVONORGESTREL)MYLAN,23.5
8.85394E+12,REXACIN 400MG(NORFLOX)25x10'S,328.5
8.85267E+12,REXODRIN 25x10'S(PARA+ORPHE) RX,161.5
8.85877E+12,RHEUMANOX FORT 40x10'S(IBUPROFEN 600MG.),364.5
8.85651E+12,RHEUTRIL-1500MG. 30'S(TMAN.),205
8.85147E+12,RHINALAX 60ML250MG.(CARBO.)(เขียว),23.5
8.85147E+12,RHINALAX-B 60CC./ขวด,19.5
8.85089E+12,RHINATHIOL KIDS 60CC./ขวด(CARBO)EXP.10/26,52.75
8.85876E+12,RHINO EASYFIX 2.5CM.x4M.x10ม้วน/BX.,202.75
8.85876E+12,RHINO EASYFIX 4CM.x4M.x10ม้วน/BX.,299.75
8.85876E+12,RHINO EASYFIX 6CM.x4M.x10ม้วน/BX.,397
8.85876E+12,RHINO EASYFIX 8CM.x4M.x10ม้วน/BX.,471
8.85876E+12,RHINOBUN GEL ICE BLUE 5ซองx2'S/BX,121
8.85876E+12,RHINOBUN GEL RED CHILLI 5ซองx2ชิ้น/กล่อง,121
8.85876E+12,RHINOBUN ICY SPRAY 150ML.,137.75
8.85876E+12,RHINOBUN PLASTER 20x10'S/BX,252
8.85876E+12,RHINOCAST COMFORT SPRAY 150ML.(ฉีดเฝือก),151.5
8.85001E+12,RHINOCORT AQUA 64MCG./ขวด,316
8.85876E+12,RHINOFILM SPRAY 40ML.(สเปรย์ฟิล์มใสเคลือบแผล),125.75
1.88584E+13,RHINOFIX PAPER TAPE 1/2นิ้วx10หลาx24ม้วน/กล่อง,267
1.88584E+13,RHINOFIX PAPER TAPE 1นิ้วx10หลาx12ม้วน/กล่อง,267
8.85876E+12,RHINOPLAST พลาสเตอร์ผ้ายืด 100'S/BX.,30.5
8.85842E+12,RHINOPLASTIC พลาสติกสีเนื้อ 100'S/BX.,41.5
8.85876E+12,RHINOPLASTIC สีใส 100'S/BX.,41.5
1.18858E+14,RHINOPORE เทปใส 1/2นิ้วx10หลาx24ม้วน/กล่อง,358.5
1.18858E+14,RHINOPORE เทปใส 1/2นิ้วx5หลาx12ม้วน/กล่อง,136.75
1.18858E+14,RHINOPORE เทปใส 1นิ้วx10หลาx12ม้วน/กล่อง,357.75
1.18858E+14,RHINOPORE เทปใส 1นิ้วx5หลาx12ม้วน/กล่อง,292
8.85876E+12,RHINOSAN SP PAIN RELIEF PATCH 12ซองx10'S/BX.,236
8.85876E+12,RHINOTAPE 1นิ้วx12ม้วนx10หลา /กระบอก,394.5
8.85876E+12,RHINOTAPE 2นิ้วx6ม้วนx10หลา /กระบอก,394.5
1.18858E+14,RHINOTAPE POROUS 1/2นิ้วx10หลาx12'S/BX.(น้ำตาล),287.75
1.18858E+14,RHINOTAPE POROUS 1/2นิ้วx10หลาx12'S/BX.(สีขาว),287.75
1.18858E+14,RHINOTAPE POROUS 1นิ้วx5หลาx12'S/BX.(น้ำตาล),287.75
1.18858E+14,RHINOTAPE POROUS 1นิ้วx5หลาx12'S/BX.(สีขาว),287.75
8.85802E+12,RHINOTAPP 10x10(BROM+PHENYL)(NL),53.5
8.85802E+12,RHINOTAPP 50x10'S(BROM+PHENYL)(NL),230.5
8.85802E+12,RHINOTAPP 60ML(BROM+PHEN)องุ่น*รายงาน,18.25
8.85856E+12,RHITECIN 10x10'S/BX.(สูตรZYRTEC ),43.75
8.85188E+12,RHUMANOL CREAMAGEL 20G.(DICLOFENAC),99999
7.6107E+12,RICOLA LEMON MINT 20'S(เหลืองมะนาว)/แพ็ค,40
7.6107E+12,RICOLA MOUNTAIN MINT 20'S(เขียว)/แพ็ค,40
7.6107E+12,RICOLA ORIGINAL HERB 20'S(ส้ม)/แพ็ค,40
8.853E+12,RIFAMCIN 3'Sx5ขวด/BX.(RIFAMPICIN 300),98
8.85546E+12,RITHROMED 150MG.10x10'S(ROXITHRO),141
8.85254E+12,RITYNE 10X10'S(LORATADINE)OSOTH,48.5
8.85437E+12,ROACTA 10MG. 30'S(ISOTRETINOIN),0
8.85437E+12,ROACTA 20MG. 30'S(ISOTRETINOIN),0
25490268,ROBERT-เล็ก 2OZ.,48.5
18024,ROBERT-ใหญ่ 4OZ.,72.75
8.85101E+12,ROBITUSSIN ME 60ML.(กลิ่นราสเบอร์รี่),47
8.85147E+12,ROCITRO 50x10'S(ROXITHRO)TNP.,1468
8.85335E+12,ROCKI GEL 35G.(PIROXICAM 0.5%),99999
8.85281E+12,ROFEPAIN GEL 30G.(KETOPROFEN 2.5G)LBS,35.5
8.85545E+12,ROMED 150MG.10x10'S(ROXITHRO)สหแพทย์,113
8.85545E+12,ROMED 300MG10x10'S(สหแพทย์)ROXITHRO,218
8.85882E+12,ROMIVON 10x10'S(DEXTRO+BROM)LSP*รายงาน,438.5
8.85266E+12,RONTIN 300MG 100'S(GABA)BIOPHARM,317
8.85266E+12,RONTIN 600MG 10x10'S(GABA)BIOPHARM,619
8.85281E+12,ROPRAM 10'S/แผง(TRIMIPRAMINE 25MG.)L.B.S.,10.25
8.85262E+12,ROSETTA 10MG. 3x10'S(สูตรCRESTOR)BERLIN,262
8.85262E+12,ROSETTA 20MG. 3x10'S(สูตรCRESTOR)BERLIN,288
8.85274E+12,ROSIL SOLUTION 10ML(CLINDAMYCIN)SIAM,43.5
8.85092E+12,ROSUVA 10MG.3x10'S(ROSUVASTATIN)MASA,68.5
8.85977E+12,ROSUVASTATIN SANDOZ 10MG.2x14'S(CRESTOR),715.5
8.85977E+12,ROSUVASTATIN SANDOZ 20MG.2x14'S(CRESTOR),884
8.85274E+12,ROTHRICIN 150MG.1X10'S(ROXITHRO),33
5.39039E+12,ROWACHOL 100 CAPSULES (ROWA),409.75
5.39039E+12,ROWATINEX 10x10'S,487
8.85266E+12,ROXCIN 150MG.10x10'S(ROXITROMYCIN),183
8.85188E+12,ROXIFEN GEL 25G.(PIROXICAM)TO.,22.75
8.85335E+12,ROXITOP 150MG. 10x10'S(ROXITHRO) EXP.11/26,195
8.85335E+12,ROXITOP 300MG. 10x10'S(ROXITHRO),309.75
8.85188E+12,ROXTHRIN(ROXITHRO)150MG.10x10'S(TO),154.5
8.85229E+12,ROXTROCIN 150MG. 10x10'S(GREATER),160.5
8.85876E+12,ROXXIMSTAR-300MG.10x10'S/BX.(ROXITHRO),299.75
8.85024E+12,ROXY 10x10'S(ROXITHRO150MG),136
8.85651E+12,ROXYCAN-FORTE 10x10'S.(TM.),85
8.85651E+12,ROXYCAN-FORTE 20MG.1000'S(TM.),350
8.85261E+12,ROYAL ARABICA LATTE 3IN1 18G.x22ซอง./ถุง,67
8.85261E+12,ROYAL D ENERGY GEL 10ซอง/กล่อง(รสส้ม),367.5
8.85261E+12,ROYAL-D 10'S x 25G.(รสผลไม้รวม)กล่องเล็ก,34.5
8.85261E+12,ROYAL-D 10'S x 25G./BX. (รสส้ม)กล่องเล็ก,34.5
8.85261E+12,ROYAL-D 10'S x 25G./BX. (สตอเบอรี่)กล่องเล็ก,34.5
8.85261E+12,ROYAL-D 50'S x 25G./BX. 12BX/ลัง(รสผลไม้รวม),158.75
8.85261E+12,ROYAL-D ENERGY GEL 40G.x10'S/BX.(โกโก้),346
8.85261E+12,ROYAL-D WHEY PROTEIN CHOCO 30G.(PRO),0
8.85261E+12,ROYAL-D WHEY PROTEIN CHOCO 30G.x15ซอง/BX. *P,461.5
8.85454E+12,RUBBER BALL CLEANER ดูดน้ำมูก,18.5
1802010308,RUBBING ALCOHOL SPRAY 70% 60ML,45
8.85089E+12,RULID 150MG.1x10'S(ROXITHRO)SANOFI*ขายขาด,144
8.85635E+12,RUMASIAN PAEDIATRIC 60ML.(IBUPROFEN),19
,RYBELSUS 14MG. 30'S(SEMAGLUTIDE),7752
,RYBELSUS 3MG. 30'S/BX.(SEMAGLUTIDE),7664
,RYBELSUS 7MG. 30'S(SEMAGLUTIDE),7752
8.85876E+12,S TIFEN SYRUP 60ML.(KETOTIFEN)7ดาว,19.5
8.85112E+12,S.B. ALCOHOL ชนิดแผ่น 100'S/BX.(ศิริบัญชา),80.5
8.8503E+12,S.S.STRIPS 100'Sพลาสติกใสขาว(NEOPLAST),44.25
4.10304E+12,S/B ANTI DRY HYDRATING BODY LT.,356.5
8.85464E+12,S/B ANTI-DANDRUFF SHAMPOO 200ML,245
4.10304E+12,S/B ANTI-STRETCH MASK 200ML.,319.25
8.85464E+12,S/B BABY BUBBLE BATH 1000ML,99999
8.85464E+12,S/B BABY BUBBLE BATH 150ML,189
8.85464E+12,S/B CHLIDREN'S SHAMPOO(แพ็คคู่),173.25
4.10304E+12,S/B CLEANSING BAR,182.5
8.85464E+12,S/B CLEAR FACE 150ML.,382
4.10304E+12,S/B DIPER RASH CREAM 50ML,222.25
8.85464E+12,S/B EVERYDAY SHAMPOO 200ML,196
4.10304E+12,S/B EXTREME DRY SKIN LOTION 200ML,270
4.10304E+12,S/B FACIAL CLEANSER 150ML,355
1902132014,S/B GENTLE TONER 200ML,99999
4.10304E+12,S/B LIP DEFENSE SPF30,101
8.85464E+12,S/B LIQUID FB WASH 300ML,306
4.10304E+12,S/B VISIO CLEANSING MILK 200ML.,663.5
4.10304E+12,S/B VISIO GENTLE TONER 200ML.,518.25
8.85101E+12,S-26 PROGRESS GOLD 600กรัม(1ปีขึ้นไป),308
8.85101E+12,S-26 PROMIL GOLD 600กรัม(6เดือน-3ปี),475.5
8.85101E+12,S-26 SMA GOLD 600กรัม(แรกเกิด-1ปี),555
8.85101E+12,S-26 เอส เอ็ม เอ (สูตร 1) 1200กรัม,596
8.85101E+12,S-26 เอส เอ็ม เอ (สูตร 1) 350กรัม,177.5
8.85101E+12,S-26 เอส เอ็ม เอ (สูตร 1) 600กรัม,303
8.85101E+12,S-26 โปรเกส 600กรัม(1 ปีขึ้นไป)สูตร3,227.5
8.85101E+12,S-26 โปรมิล (สูตร2) 1200กรัม,545
8.85101E+12,S-26 โปรมิล (สูตร2) 350กรัม,162.25
8.85101E+12,S-26 โปรมิล (สูตร2) 600กรัม,278.5
8.85894E+12,"SAFELET CATH 22Gx1""/50'S(เข็มน้ำเกลือ)",12.25
8.85894E+12,SAFELET CATH 24Gx3/4''/50'S(เข็มน้ำเกลือ),612.5
9.30081E+12,SAFETY TABLET CUTTER 2IN1 (สีฟ้า),51.5
8.90405E+12,SAFEX 100ML(Lactulose),80
8.85545E+12,SALBUTAMOL 2MG.(MEDIC)1000'S/ขวด(ม่วง),145
8.85876E+12,SALBUTANT SYRUP 60ML(SALBUTAMOL)(7ดาว),17.5
8.85945E+12,SALDA INHALE 20'Sx2.5ML (SALBUTAMOL 0.1%),205
8.85892E+12,SALDA SYRUP 60ML(SALBUTAMOL)มีกล่อง,18.25
8.85266E+12,SALMOL EXPECTORANT 60ML.*ใหม่,18.5
8.85266E+12,SALMOL SYRUP 60ML (SALBUTAMOL),16.75
8.85327E+12,SALMON OIL PLUS E 75'S(ROYAL DRUGS),356.25
4.03272E+12,SALOFALK 500 100'S(MESALAZINE)MENARINI,3153.75
,SALONPAS 10 ชิ้น(แพ็คคู่1+1),30
8.99287E+12,SALONPAS 10ชิ้นx20กล่อง/แพ็ค *P,34.5
8.99287E+12,SALONPAS 20ชิ้นx10อัน/แพ็ค,58.25
8.99287E+12,SALONPAS 40ชิ้นx5อัน/แพ็ค,119.5
8.99287E+12,SALONPAS CREAM 30G.,32
4.98719E+12,SALONPAS PAIN RELIEF 7x10cm 1'Sx5ซอง/กล่อง,109
4.98719E+12,SALONPAS PAIN RELIEF 7x10cm 3'Sx10ซอง/กล่อง,698.75
8.85262E+12,SAMARIN 140(SILYMARIN)10x10'S,525
8.85262E+12,SAMARIN 70MG.(SILYMARIN)10x10'S,275
8.85545E+12,SAMBEE 10'S.x100/กล่อง,4.5
8.85545E+12,SAMBEE B1-6-12 1000'S/ขวด,395
8.85545E+12,"SAMBION (B1,B6,B12) 1x10'S",19.75
9.31481E+12,SAMBUCOL ELDERBERRY MINI'S 120ML.,279
8.85274E+12,SAMNIR (CEFDINIR)100MG.10'S(SIAM),138
8.85274E+12,SAMNIR(CEFDINIR) SUS.125MG (SIAM),153.5
8.8546E+12,SANOCORT CREAM 5G.(TRIAM 0.02%),9.75
8.8546E+12,SANOCORT LOTION 60ML(TA.0.1%),34
8.8546E+12,SANOCORT-A CREAM 15G.(TA.0.1%),22.25
8.8546E+12,SANOCORT-A CREAM 5G.(TA.0.1%),12
8.8546E+12,SANOTYNE 1x10'S(LORATADINE)PHAMAHOF,14.5
8.8546E+12,SANOTYNE 50x10'S(LORATADINE)PHAMAHOF,612
8.85147E+12,SARA 500MG.กลม 100'S./ขวด(ไทยนคร),107.5
8.85147E+12,SARA 500MG.กลม 50'S(ไทยนคร),65.5
8.85147E+12,SARA 500MG.รี 100'S./ขวด(ไทยนคร),106
8.85147E+12,SARA 500MG.รี 50'S(ไทยนคร),65
8.85147E+12,SARA BLACKCURRANT120MG.60ML.,27
8.85147E+12,SARA FOIL-กลม 100x10'S./แผง(ไทยนคร),7.25
8.85147E+12,SARA FOIL-กลม 20x10'S./BX.ใหม่( 60/ลัง),196
8.85147E+12,SARA FOIL-ยาวรี 20x10'S./BX.ใหม่(60/ลัง),196
8.85147E+12,SARA INFANT DROPS 15CC./ขวด,29.5
8.85147E+12,SARA SYRUP รสทับทิม 120MG.60CC.,29
8.85147E+12,SARA มิกซ์เบอรี่ 120MG. 60ML,29
8.85147E+12,SARA รสองุ่น160MG.60CC.*ใหม่,31.75
8.85147E+12,SARA สตอร์ 250MG. 60ML.,36.75
8.85147E+12,SARA สตอร์120MG. 60CC.,29
8.85147E+12,SARA ส้ม 250MG. 60CC.,36.5
8.85017E+12,SARIDON 25x10'S./BX.(PARA),237.25
8.85546E+12,SASHA 21'S (สูตร DIANE),62.75
4.98732E+12,SATOGESIC GEL 35G(INDOMET.+LMENTHOL),172.5
8.01956E+12,SAUGELLA 100CC.สีเขียว ACTIVA,114.5
8.01956E+12,SAUGELLA 100CC.สีชมพู (POLIGYN),134.25
8.01956E+12,SAUGELLA 100CC.สีฟ้า(DERMOLIQUIDO),92
8.01956E+12,SAUGELLA 250CC.สีเขียว ACTIVA,233.5
8.01956E+12,SAUGELLA 250CC.สีฟ้า(DERMOLIQUIDO),190.75
8.8546E+12,SAZEROL แชมพู 100ML(KETO)PHAMAHOF,57
8.8546E+12,SCADERM PLUS SNAIL 5G.,0
8.85866E+12,SCAGEL SILICONE GEL SHEET 3x15CM.(ผ่าคลอด),166
8.85866E+12,SCAGEL แผ่นซิลิโคนเจล 1PCx5x5CM./BX.,85.75
8.85866E+12,SCAR ESTHETIQUE 10G. ใหญ่,280
8.85866E+12,SCAR FX SILICONE SHEETING 1x2.5นิ้ว,0
8.85651E+12,SCAR-AWAY GEL 10G. (TMAN),130.5
8.85904E+12,SCARLET CREAM 20G.,192
7.35009E+12,SCHERIPROCT-N CR. 10G./หลอด,86.5
7.35009E+12,SCHERIPROCT-N SUPP. 10'S./BX.,81.75
,SCHIFF MELATONIN 3MG 300'S,343
5.03848E+12,SCHOLL FOOT SPAY 150ML(ระงับกลิ่นเท้า),214.25
5.03848E+12,SCHOLL SHOE SPRAY 150ML (รองเท้า),209.75
5.0522E+12,SCHOLL VELVET SMOOTH EXPRESS PEDI,968.25
8.85876E+12,S-CLAV 312MG./5ML. 60 ML,77.5
8.85101E+12,SCOTT'S COD LV.100'S./ขวด ใหม่,149
8.85062E+12,SCOTT'S EMUL.200CC.ล./ขวด,87.5
8.85101E+12,SCOTT'S+VIT C MIXBERRY 50'S,108
8.85101E+12,SCOTT'S+VIT C MIXBURRY 20'S,39.75
8.85101E+12,SCOTT'S+VIT.C ORANGE 20'S/กล่อง,39.5
8.85538E+12,SEA ORS (รสส้ม) 100'S/BX.(SEA PHARM),260
8.85538E+12,SEA ORS (รสส้ม) 50'S/BX.(SEA PHARM)ใหญ่,193
8.85538E+12,SEA ORS-HR (รสส้ม)5'S/BX.(SEA PHARM),77
8.85538E+12,SEA-LYTE เกลือแร่รสมะนาว 5ซอง/กล่อง,17.5
8.85538E+12,SEA-LYTE SPORT เกลือแร่มิกซ์ฟรุ๊ต 12ซอง/กล่อง,43
8.85538E+12,SEA-LYTE เกลือแร่รสส้ม 5ซอง/กล่อง,17.5
8.85538E+12,SEA-LYTE รสมะนาว 50'S/BX.,123.75
8.85538E+12,SEA-LYTE รสส้ม 50'S/BX.,123.75
8.85464E+12,SEBAMED DIAPER CREAM 50ML.(สูตรผื่นผ้าอ้อม),140.5
4.10304E+12,SEBAMED PROTECTIVE FACIAL CREAM 50ML.,396
8.90407E+12,SEBCA SHAMPOO 100ML(สูตรSELSUN)ABCA,96.75
8.85898E+12,SEDRA 25MG. 10x10'S(HYDROXYZINE)PML.,92
8.85394E+12,SEFNOR 400(NORFLOXACIN)10x10'S/BX.(UNISON),125
2.00001E+12,SEINOFY COVID-19 ATK TEST NASAL (ก้านสั้น),20
8.85923E+12,SEKURE FEEDING BAG(ถุงบรรจุอาหารเหลว)500ML.,12.75
8.85923E+12,SEKURE สายให้อาหารชนิดมีกระเปาะ TUBE C(แพ็ค50),14.25
8.85868E+12,SELBEX 50MG.3x10'S(TEPRENONE)ESAI,189.75
8.85651E+12,SELEDERM SHAMPOO 30ML(TMAN)สูตร SELSUN,27.75
8.85651E+12,SELEDERM SHAMPOO 60ML(TMAN) สูตร SELSUN,47.5
8.85188E+12,SELFIDE 120ML.(สูตรSELSUN),70
8.85188E+12,SELFIDE 30ML(สูตร SELSUN),30
8.85188E+12,SELFIDE 60ML(สูตร SELSUN),47
8.85394E+12,SELLON SHAMPOO 120ML(สูตร SELSUN),107
8.85394E+12,SELLON SHAMPOO 40ML(สูตร SELSUN),53.5
8.85229E+12,SELMA CREAM 5G.(CLOBETHASONE),22.75
8.85152E+12,SELSUN 120ML.,211
8.85152E+12,SELSUN 30CC.เล็ก,82.5
8.85152E+12,SELSUN 60CC.กลาง/ขวด,127.5
,SEMETH 80MG.(SIMETHICONE) 10'S ส้ม,99999
8.8518E+12,SENHAMI ยาอมเซนฮามี่ 12x20'S/BX.,34.25
5.00016E+12,SENOKOT 3x20's/BX.,137.5
8.85024E+12,SENOLAX 1x20'S(SENOKOT)(SPS),18.5
8.85024E+12,SENOLAX 3x20'S(SENOKOT)(SPS),54.75
8.85406E+12,SENSI PLUS 100ML(K&K)ล้างเลนส์,43.75
8.85406E+12,SENSI PLUS 500ML(K&K)ล้างเลนส์,126.75
8.85009E+12,SENSODYNE FRESH MINT 100G.,109
8.85101E+12,SENSODYNE HERBAL MULTI CARE 100G,113
4.89202E+12,SENSODYNE DEEP CLEAN 100G,91.5
8.85101E+12,SENSODYNE SENSITIVITY & GUM 100G,170
8.85009E+12,SENSODYNE WHITENING 100G.,109
19205,SEPTOL 50 CC.,31
8.85147E+12,SEPTYL 15CCx24'S/BX.(สูตรBETADINE),266.5
8.85147E+12,SEPTYL ALCOHOL GEL 40G.(BURAPA),22
8.85147E+12,SEPTYL ALCOHOL GEL 420G.หัวปั๊ม(BURAPA),98.5
8.85147E+12,SEPTYL ALCOHOL SPRAY 30ML(BURAPA),22
3.76001E+12,SERC 16MG.3x20'S./BX,408
8.00266E+12,SERC 24MG. 1x20'S./BX,227
8.85101E+12,SERETIDE ACC.50/250MCG.60D.,574
8.85101E+12,SERETIDE EVO.25/125MCG./ขวด,570
8.85101E+12,SERETIDE EVO.25/50MCG./ขวด,488
8.85274E+12,SERGOLINE 3x10'S(NICERGOLINE 30MG.)SIAM,244
8.9013E+12,SERLIFT 50(SERTRALINE)30'S(SUN),108
1.21E+12,SERMION 10MG.2x25'S/กล่อง(NICERGOLINE),441.75
1.21E+12,SERMION 30MG.2x15'S/กล่อง(NICERGOLINE),715
6.92043E+12,SEROQUEL 25MG. 3x10'S BX.(QUETIAPINE),941.5
8.85281E+12,SERTAN 50 3x10'S/BX.(SERTRALINE),165.5
8.85068E+12,SERTRALINE 50MG 2x15'S(GPO),117
8.85335E+12,SESAMIN สารสกัดงาดำ 60'S(อ้วยอัน),203
7.13289E+12,SESAMINE OIL - 1000MG. 30'S(THP),279
8.85274E+12,SETIN 10MG. 1x10'S(สูตรZYRTEC )SIAM,17.5
8.85274E+12,SETIN 10MG.10x10'S(สูตรZYRTEC )SIAM,212
8.85274E+12,SETIN SYRUP 60ML(สูตรZYRTEC )สตอเบอรี่,58.75
8.85203E+12,SETOFLEX สวมเข่า ไซส์ L,130
8.85203E+12,SETOFLEX สวมเข่า ไซส์ XL,130
8.85203E+12,SETOFLEX สวมเข่า ไซส์ XXL,130
8.85203E+12,SETOFLEX สวมข้อมือ ไซส์ XL,75
8.85203E+12,SETOFLEX สวมข้อศอก ไซส์ L,102.75
8.85203E+12,SETOFLEX สวมข้อศอก ไซส์ S,102.75
8.85203E+12,SETOFLEX สวมน่อง ไซส์ M,127
8.85288E+12,SEVEN SEAS GUMMY รสส้ม 12ซอง/กล่อง,51
8.85288E+12,SEVEN SEAS GUMMY สตอเบอร์รี่12ซอง/กล่อง,51
8.85288E+12,SEVEN SEAS GUMMYแบล็คเคอเเรนท์12'S/BX,51
4.98718E+12,SEVEN SEAS MULTI-VITAMIN 120ML/ขวด,82.75
4.98718E+12,SEVEN SEAS OCEAN GOLD 100CC./ขวด,135.75
4.98718E+12,SEVEN SEAS+LYSINE 100CC./ขวด,143
8.85274E+12,SIADOCIN 100MG(DOXY)1x10'S CAPSULE,31.5
8.85274E+12,SIAGRAN 1x4'S(SUMATRIPTAN)SIAM,90.75
8.85274E+12,SIALEXIN 250MG.10x10'S./แผง,296
8.85274E+12,SIALEXIN 500MG.10x10'S./แผง(SIAM),540.5
8.85274E+12,SIALEXIN SYR125.60CC.(SIAM),57.5
8.85886E+12,SIAM HERBAL LAX-HERB 3x10'S(ยาถ่าย),116.5
8.85886E+12,SIAM HERBAL ขมิ้นชัน 10'Sx20แผง/แพ็ค,235
8.85886E+12,SIAM HERBAL ขมิ้นชัน แคปซูล 120'S,95.5
8.85886E+12,SIAM HERBAL ขมิ้นชัน แคปซูล60'S,42
8.85886E+12,SIAM HERBAL อมบ๊วย 24ซอง/กล่อง,186
8.85886E+12,SIAM HERBAL อมมะแว้ง 24ซอง/กล่อง,186
8.85274E+12,SIAMDOPA 125MG.10x10'S(METHYDOPA)SIAM,99999
8.85274E+12,SIAMFORMET 500MG.10x10'S.(METFORMIN),104.75
8.85274E+12,SIAMFORMET 850MG.10x10'S./แผง,195.75
8.85274E+12,SIAMFORMET 850MG.30x10'S./แผง*ใหม่,412
8.85274E+12,SIAMIDINE 200MG.10x10'S(CIMETIDINE)SIAM,131.5
8.85274E+12,SIAMIDINE 400MG.10x10'S(CIMET.)SIAM,131.5
8.85274E+12,SIA-MOX 125MG 60CC.(SIAM) EXP.11/26,52
8.85274E+12,SIA-MOX 500MG.1x10'S (SIAM) เขียว-ฟ้า,26.75
8.85274E+12,SIA-MOX SYR.250MG.60CC./ขวด(SIAM),66.5
8.85274E+12,SIARIZINE 25MG.10x10'S.(CINNARICINE.),106.75
8.85068E+12,SIDEGRA 100MG.4'S (SIDENAFIL)*ทำรายงาน,87
8.85068E+12,SIDEGRA 50MG.4'S(SIDENAFIL)*ทำรายงาน,52
8.85394E+12,SIDORY 4MG.3x10'S(SILODOSIN) (สูตร URIEF),336
8.85868E+12,SIDUOL 3x10'S./กล่อง,108
8.85274E+12,SIFLEX 375MG.10x10'S(CARBOCYSTEINE),260
8.85274E+12,SIFLEX SYR 100MG PED.(SAIM),47.5
8.85274E+12,SIFLEX SYR 250MG.(SAIM),49.5
8.85882E+12,SIFRIN NEBULIZER 0.05% 15ML.(สูตรILIADIN)LSP,40.75
8.85882E+12,SIFRIN PEDIATRIC NEBU 0.025% 15ML.(ILIADIN)LSP,40.75
4.04885E+12,SIFROL 0.25MG.30'S(BERHRINGER)พาร์กินสัน,803.5
8.85866E+12,SI-HERB DRESSING 10x10x3'S/BX.(กันติดแผล),108
8.85188E+12,SILVERDERM 25G.(TO),30.5
8.85267E+12,SILVEX CREAM 250G.(กระปุก)RX.,218.5
8.85267E+12,SILVEX CREAM 25G.,42.75
8.85869E+12,SILYMARIN 140MG. 5x10'S(SUN),231.5
8.85274E+12,SIMACORT 10G.(TRIAM 0.1G.)SAIM,32.5
8.42703E+12,SIMILAC LF 375G. ลัง 24 กระป๋อง,215
8.85274E+12,SIMOYIAM 5MG.(FLUNA.)10x10'S,118.5
8.85876E+12,SINCLONAC 1000'S(DICLOFENAC 50MG.)7ดาว,207
8.85876E+12,SINCLONAC 1000'S(DICLOFENAC 25MG.)(เหลือง)7ดาว,189.5
8.85281E+12,SINEMET 25/100 10x10'S*แบ่งขาย,83
8.85464E+12,SINGKAST (CHAWABLE) 4MG. 28'S(สูตรSINGULAIR),415.5
8.40165E+11,SINGULAIR 10MG.4x7'S,1195
8.40165E+11,SINGULAIR 4MG.4X7'S.CHEW,742.5
8.40165E+11,SINGULAIR 5MG CHEW 7'Sx4,747
8.85281E+12,SINGULAR 5MG 7'Sx4 /BX,737
8.85876E+12,SINPROFEN 400MG. 50x10'S/BX.(IBUPROFEN)7ดาว,220
8.85545E+12,SINUFEN(BROM+PHENYL)1000'S(สหแพทย์),276
8.85545E+12,SINUFEN(BROM+PHENYL)25x10'Sสหแพทย์,127.75
8.59602E+12,SINULAN FORTE EXPRESS VIRUS CLEANER 15ML.,222
4.0298E+12,SINUPRET 25'S/BX.,175
8.85937E+12,SINURSE MICRO DIFFUSION NASAL SPRAY 80ML.,180
8.85905E+12,SINUSA 25x10'S/BX.(BROMPHE+PHENY)HK,234
8.85651E+12,SIPRA SERUM SPRAY FOR MEN 15ML(TMAN),146.5
19200713,SISTY GAMMA ORYZANOL+VIT-B 5'S/BX,309
8.85945E+12,SITAGTIN-100MG.3x10'S(SITAGLIPTIN),990
8.85442E+12,SITSEF 15ML.(ทำความสะอาดฝารองนั่ง),47
8.9013E+12,SIVYLAR 5x10'S(SILYMARIN 140MG.),219
8.85274E+12,SIXIME 100MG.(สูตร cefspan) 10'S,147
8.85935E+12,SKETOLENE 8G.x12ซอง/BX.(กลิ่นตะไคร้),4.5
8.85209E+12,SKETOLENE SPRAY เขียว 30ML.(ตะไคร้),37.75
8.85209E+12,SKETOLENE SPRAY เขียว 60ML.(ตะไคร้),54.5
8.85209E+12,SKETOLENE SPRAY โซซอฟท์เคลียร์ 40ML.(ม่วง),34
8.85209E+12,SKETOLENE SPRAY ชิลด์ 40ML.(ส้ม),34
8.85209E+12,SKETOLENE SPRAY ชิลด์ 70ML.(ส้ม),48
19110335,SKIN CHK ALCOHOL SPRAY 70% 35ML,26
8.85335E+12,SKINFECT CREAM 15G.(GENTA),26
8.85335E+12,SKINFECT-B 15G.(BETA+GENTA),29.5
8.85335E+12,SKINFECT-B 5G.(BETA+GENTA),15.75
8.85008E+12,SKINOL ALCOHOL 70% 30ML(วิทยาศรม),9.5
8.85008E+12,SKINOL ALCOHOL 70% 60ML(วิทยาศรม),13
8.85008E+12,SKINOL ALCOHOL SPRAY 75% 18ML(แพ็ค24)วศ.,20.75
5.70219E+12,SKINOREN CR.30G.*ราคาใหม่,461
8.85897E+12,SKINTER ALOR VERA 100% 120G.,96
8.85897E+12,SKINTER GUARD ANTI - MOSGUITO 20ML,54
8.85897E+12,SKINTER GUARD DEET 95% 70ML,153
8.85897E+12,SKINTER SUN BURN GEL 25G.,27
1912131,SLIMMING ชาชง 50ซอง,78.25
8.859E+12,SLIM-X 10'S,54.5
8.859E+12,SLIM-X 50'S ปานะโอสถ,235.25
8.85608E+12,SM ยาระบาย ดีท๊อกซ์ 60'S/BX.(SAND-M),190.5
8.85608E+12,SM ยาระบายดีท๊อกซ์ 10'Sx12แผง/แพ็ค(SAND-M),36.5
9.30081E+12,SME ACNE CLEAR GEL 1FL.OZ EXP.04/26,73
9.30081E+12,SME ACNE CLEAR GEL 4FL.OZ,195.25
9.30081E+12,SME ACNE CLEAR TONER 150ML,191.25
9.30081E+12,SME ACNE HYDROGEL 10G.,167
9.30081E+12,SME ACNE HYDROGEL 7G./หลอด,128.5
9.30081E+12,SME ACNE HYDROGEL PLUS 10G.,173.25
9.30081E+12,SME ACNE HYDROGEL PLUS 5กรัมx6ซอง/BX.,47.75
9.30081E+12,SME ALOCHOL GEL 75% 100ML,89.75
9.30081E+12,SME ANTI-MELASMA FORM 1FL.OZ.(30G.),81
9.30081E+12,SME ANTI-MELASMA FORM 2FL.OZ.,139
9.30081E+12,SME ANTI-MELASMA FORM 4FL.OZ.,243.25
9.30081E+12,SME BABY FACE FOAM 1oz.(เขียว),66
9.30081E+12,SME BABY FACE FOAM 2oz.(เขียว),133.5
9.30081E+12,SME BABY FACE FOAM 4FL.OZ(เขียว),219.5
9.30081E+12,SME BABY FACE FOAM 8oz.(เขียว),353.5
9.30081E+12,SME BABY FACE GEL 1.5oz./หลอด,81.25
9.30081E+12,SME BABY FACE GEL 3.3oz/หลอด,161
9.30081E+12,SME BABY FACE GEL 5.5oz./หลอด,247.25
9.30081E+12,SME BRIGTH BABY FACE CC SPF50++++ CREAM 5G.,99999
9.30081E+12,SME CC CREAM SPF25 PA++ 30G.,325
9.30081E+12,SME CR.100G./หลอด,494
9.30081E+12,SME CR.15G./หลอด,155.5
9.30081E+12,SME CR.40G./หลอด,265.75
9.30081E+12,SME CR.7G./หลอด,85.75
9.30081E+12,SME CREAM PLUS WHITE 10G.,90.25
9.30081E+12,SME CREAM PLUS WHITE 30G.,207.25
9.30081E+12,SME CREAM PLUS WHITE 60G.,427
9.31368E+12,SME ED CONDITIONER 500ML,244
9.31368E+12,SME ED SHAMPOO 500ML,244
9.30081E+12,SME EYE MASK (กล่องใหญ่),128.5
9.30081E+12,SME EYE MASK 1 PACK /BX.,69
9.30081E+12,SME FACE LIFT CAPSULE เขียว 12'S,204.5
9.30081E+12,SME FACE LIFT CAPSULE เขียว 3'S,59.5
9.30081E+12,SME GOLD ADVANCED SKIN CREAM 12G.,112
9.30081E+12,SME GOLD CR.30G./หลอด,261
9.30081E+12,SME GOLD CR.65G.,496
9.30081E+12,SME GOLD FOAM 1.5oz.,109
9.30081E+12,SME GOLD FOAM 4oz./หลอด,288
9.30081E+12,SME GOLD WHITE & AGELESS 30G.,600
9.30081E+12,SME HOMME EXTRA WHT. 50G.,337
9.30081E+12,SME LIQUID CLEANSER 150ML.,230
9.30081E+12,SME MAKEUP CLEANSING WATER 100ML,129.5
9.30081E+12,SME MAKEUP CLEANSING WATER 200ML,232.5
9.30081E+12,SME MINERAL SPAY 60ML,86
9.30081E+12,SME MIRACLE ทอง 12'S,325.5
9.30081E+12,SME NEW SKIN LIQUID PLASTER 4ML.,99999
9.30081E+12,SME Physical SPF 50 15 gm สีเบจ,214.5
9.30081E+12,SME Physical SPF 50 15 gm สีขาว,214.5
9.30081E+12,SME PHYSICAL SPF 50. 40G (สีเบจ),552.5
9.30081E+12,SME PHYSICAL SPF 50. 40G (สีขาว),552.5
9.30081E+12,SME PHYSICAL SPF 50. 7G (สีเบจ),121.25
9.30081E+12,SME PHYSICAL SPORT SPF50+PA+++ (20ML.),336.25
9.30081E+12,SME PHYSICAL WHT.SPF 72 20G.,354
9.30081E+12,SME PURIFYING SHAMPOO 250ML,352
9.30081E+12,SME SCAR SERUM 7G.,222.25
9.30081E+12,SME SCAR SERUM FACE & BODY 10G.,245
9.30081E+12,SME SCAR SMOOTH 1'S,80.25
9.30081E+12,SME SCAR SMOOTH 3'S,216
9.30081E+12,SME SCRUB 1.2oz.,72.25
9.30081E+12,SME SCRUB 2.2oz./หลอด,123.25
9.30081E+12,SME SCRUB 4oz.,211
9.30081E+12,SME SERUM ARBUTIN VITAMIN E 5G.,99999
1913050104,SME SHOWER GEL 95ML.(ADORE IN PARFUM),211.5
1913050707,SME SHOWER GEL 95ML.(GORGEOUS GARDENIA),211.5
1913051218,SME SHOWER GEL 95ML.(LIERRE),211.5
1913051316,SME SHOWER GEL 95ML.(MON PARIS),211.5
191305092,SME SHOWER GEL 95ML.(SECRET CODE),211.5
1913051914,SME SHOWER GEL 95ML.(SIGNATURE),211.5
1913052004,SME SHOWER GEL 95ML.(TENDRE CHANCE),211.5
9.30081E+12,SME SKIN THEAPIE 200ML,249
9.30081E+12,SME SKIN THEAPIE 50ML,75.25
9.30081E+12,SME SKIN THERAPIE 100 ML.,146
9.30081E+12,SME SKIN.WHT.THERAPIE 100ML,161.25
9.30081E+12,SME SKIN.WHT.THERAPIE 200ML,281.5
9.30081E+12,SME ULTRA LIP BALM (BERRY),68.5
9.30081E+12,SME ULTRA LIP BALM (FLIP TOP),68.5
9.30081E+12,SME WHITE SERUM SPF44 (0.8 FL.OZ.)ใหม่,381.25
9.30081E+12,SME WHT. BABYFACE GEL 3.3 FL.OZ.,168.25
9.30081E+12,SME WHT.&FIRM BODY WASH 240ML,168.5
9.30081E+12,SME WHT.BABY CR.1oz./หลอด,214
9.30081E+12,SME WHT.BABY.CR.0.4oz./หลอด,87
9.30081E+12,SME WHT.FOAM 1oz.,72
9.30081E+12,SME WHT.FOAM 2oz./หลอด,133
9.30081E+12,SME WHT.FOAM 4oz./หลอด,225
9.30081E+12,SME WHT.SCRUB 1.2oz.,83.25
9.30081E+12,SME WHT.SCRUB 2.2oz./หลอด,147
9.30081E+12,SME WHT.SCRUB 4FL.OZ.,257.5
9.30081E+12,SME WHT.SERUM 0.4oz./หลอด,266
9.30081E+12,SME WHT.SERUM 0.8oz./หลอด,425.75
3.66559E+12,SMECTA 10'Sx3G./BX.(สตอร์เบอรี่),139
3.66559E+12,SMECTA 10'Sx3G./BX.(ส้ม&วนิลลา),139
3.66559E+12,SMECTA GO READY TO USE 12'S/BX.,292
8.85882E+12,SMILE COFFEE(250.-),108
9.30081E+12,SMOOTH C CHEWABLE VIT C 120MG.14'S,35.5
9.30081E+12,SMOOTH E ALCOHOL GEL 75% 60ML,75
8.85254E+12,SMOOTH E VITAMIN C 100MG. 100'S/ขวด,92
8.85872E+12,SMOOTO เลมอน-ซี แอคเน่เซรั่ม 10MLx6'S,16.25
8.85872E+12,SMOOTO โทเมโท กลูต้า สลิปปิ้ง10MLx6'S,16.25
8.85908E+12,SNAIL WHITE BODY BOOSTER 201ML,348
8.85908E+12,SNAIL WHITE CLEASING 151ML,323.5
8.85908E+12,SNAIL WHITE MASK SHOT (แพ็คละ5ซอง),117
8.85908E+12,SNAIL WHITE MIRACLE 30ML.,906.5
9.34553E+12,SNOREBEN SUPPORT AND PROMOTE(อุปกรณ์),99999
8.85188E+12,SOBELIN(FLUNARIZINE)5MG.1000'S/BT.,260
8.85188E+12,SOBELIN(flunarizine)5MG.50x10'S.(TO),189
8.8522E+12,SODA MINT 1000'S(ถ้วยทอง),62.5
8.8522E+12,SODA MINT 100'S(ถ้วยทอง),12.5
8.85343E+12,SODAMINT (FRX.) 1000'S/กระปุก,92.75
8.85343E+12,SODIUM BENZOATE สหการ 227G.(สารกันบูด),49
8.85147E+12,SOFCLEAN จุกล้างจมูก 2ชิ้น/BX.,24.5
8.85147E+12,SOFCLENS NSS. 1000ML(ไทยนคร),45
8.85147E+12,SOFCLENS NSS. 100ML(ไทยนคร),25
8.85147E+12,SOFCLENS NSS. 500ML(ไทยนคร),34
3.58291E+12,SOFRADEX EAR/EYE DROPS 8ML,76.25
8.85891E+12,SOFT HEEL CREAM 30G.(ทาส้นเท้า)เอส.ที.สเป็ค,139.25
8.85182E+12,SOLMAX 25x10'S./BX,915
8.85897E+12,SOLMAX FORTE 60ML.(CARBOCYS500MG.),63.5
8.85897E+12,SOLMAX KID 60ML(องุ่น),56.5
8.854E+12,SOLUCAL 30'S/BX(Calcium+Collagen+D3),297.5
8.85262E+12,SOLUFEN 400 10x10'S(IBUPRO)BERLIN,425
8.85894E+12,SOLUFRESH EYE DROP 0.4MLx30'S,176.25
8.43304E+12,SOMAZINA 1000MG.6'Sx10ML.,1312
8.43304E+12,SOMAZINA 30ML(CITICOLINA/CITICOLINE),725
8.85877E+12,SOMINAR(DOXYLAMINE 25MG.)20x10'S(ส.),354
8.85024E+12,SONAP 275MG.10x10'S(NAPROXEN)(SPS),156
8.85024E+12,SONAP FORTE 550MG.10x10'S/BX.,293
8.85024E+12,SONAP FORTE 1x10'S (NAPROXEN 550MG.),36
8.85298E+12,SONERIPER M 25x10'S(สูตรMYONAL)CPL,103
8.85926E+12,SOOTHING ROLLER BALL 5ML(แก้ปวดศรีษะ),76.5
8.85262E+12,SOPROXEN 275 10X10'S(NAPROXEN),174.5
8.85944E+12,SORIVATE CREAM 15G.(CLOBETASOL)APM,31
8.85944E+12,SORIVATE CREAM 5G.(CLOBETASOL)APM,15.5
8.85924E+12,SOS ALCOHOL PREP PAD 8.3x3.8ซม. 200'S/BX.,171.5
8.85924E+12,SOS ALCOHOL PREP PAD 8.3x3.8ซม. 20'S/BX.,19.75
8.85712E+12,SOS BLISTER PASTER 4'S,36
8.85924E+12,SOS CAST & WOUND(ถุงหุ้มเฝือก-เข่า)1'S(FM-085),113.5
8.85924E+12,SOS CAST & WOUND(ถุงหุ้มเฝือก-ศอก)1'S(FM-084),113.5
8.85924E+12,SOS CO-ADHESIVE BANDAGE 1นิ้วx5หลาx1ม้วน/BX,26.75
8.85924E+12,SOS CO-ADHESIVE BANDAGE 2นิ้วx5หลาx1ม้วน/BX,45.5
8.85924E+12,SOS CO-ADHESIVE BANDAGE 3นิ้วx5หลาx1ม้วน/BX,59
8.85924E+12,SOS COOLING แผ่นเจลลดไข้ 4'S(MINIONS),65.75
8.85712E+12,SOS DIGITAL TERMOMETER(เป็ดเหลือง),97
8.85712E+12,SOS DIGITAL TERMOMETER(กบเขียว),97
8.85712E+12,SOS DIGITAL TERMOMETER(วัว),97
8.85712E+12,SOS DIGITAL TERMOMETER(หมีโคล่า),97
8.85712E+12,SOS DIGITAL TERMOMETER(หมีขาว),97
8.85924E+12,SOS DIGITAL THERMO BT-A11CN(ฟ้า),80.5
8.85924E+12,SOS DIGITAL THERMO BT-A21CN (KITTY),121.5
8.85924E+12,SOS DIGITAL THERMO BT-A21CN (ปลายอ่อน)แดง,87.5
,SOS DIGITAL THERMO ลาย KITTY(แดง),165
8.85924E+12,SOS DIGITAL THERMO ลาย KITTY(ชมพู),152.5
8.85924E+12,SOS DIGITAL THERMO. ปลายแข็งคละสี รุ่นฺBT-A11,71
8.85924E+12,SOS DRESSING 2.2x3.5ซม. 10'S/BX. ขนาดมินิ(S),19.75
8.85924E+12,SOS DRESSING BROWN MAXI 6x7ซม.4'S(SB2),24.5
8.85924E+12,SOS DRESSING EYE PAD 5.8x8.3ซม.10'S(ผู้ใหญ่),80.75
8.85924E+12,SOS DRESSING EYE PAD 5x7.5ซม.10'S(E2)เหลือง,72.75
8.85924E+12,SOS DRESSING EYE PAD 5x7.5ซม.x10ชิ้น(เด็ก),75
8.85924E+12,SOS DRESSING F1 8'S/BX.(ผ้าสีเนื้อ),9
8.85924E+12,SOS DRESSING KITTY KTP02 6'S รุ่นT1 (แดง),20.5
8.85924E+12,SOS DRESSING KITTY P1 8'S ชมพู(KTM02),12
8.85924E+12,SOS DRESSING KITTY S 4'S(KTSS01),24
8.85924E+12,SOS DRESSING KITTY T 4'S(KTST01),33.75
8.85924E+12,SOS DRESSING PB1 10'S/BX.(พลาสติกสีเนื้อ),9
8.85924E+12,SOS DRESSING PC1 10'S/BX.(พลาสติกใส),10.5
8.85924E+12,SOS DRESSING S1-B 3x7ซม.10'S/BX.,20.5
8.85712E+12,SOS DRESSING S2(6x7),25.75
8.85712E+12,SOS DRESSING S2''x4'' 9x15ซม.3'S/BX.,52.5
8.85712E+12,SOS DRESSING S3(6x10),28.75
8.85712E+12,SOS DRESSING S3''x3'' 12x12ซม.2'S/BX.,36.5
8.85924E+12,SOS DRESSING SB SERIES 2''x2'' 3'S(8x8ซม.),29
8.85924E+12,SOS DRESSING SB SERIES 3''x3'' 2'S(12x12ซม.),34.5
8.85712E+12,SOS DRESSING T 10x20ซม. 2'S/BX.,67.5
8.85712E+12,SOS DRESSING T1 โดเรม่อน (เขียว),17
8.85712E+12,SOS DRESSING T1 โดเรม่อน (ชมพู),17
8.85712E+12,SOS DRESSING T1 โดเรม่อน 10'S/BX,171
8.85712E+12,SOS DRESSING T1(2.5x5.6),20
8.85924E+12,SOS DRESSING T1-B 3x7ซม.9'S/BX.,20.5
8.85712E+12,SOS DRESSING T2(6x7) 3'S/BX.,26.5
8.85924E+12,SOS DRESSING T2''x2'' (8x8CM.) 3'S/BX.,30.75
8.85712E+12,SOS DRESSING T2''x4'' 9x15ซม.2'S/BX.,52.5
8.85712E+12,SOS DRESSING T3 (6x10),28.5
8.85924E+12,SOS DRESSING T3''x3'' 12x12ซม.2'S/BX.,36.5
8.85712E+12,SOS DRESSING T4 (10x25CM.),80.75
8.85924E+12,SOS DRESSING พลาสเตอร์ผ้า ลายแมว 8'S(FA2),16.75
8.85924E+12,SOS DRESSING พลาสเตอร์ผ้า ลายหมา 12'S(FA2),16.75
8.85924E+12,SOS DRESSING พลาสเตอร์ผ้าลายฟลามิงโก้ 12'S(FA2),14.25
8.85924E+12,SOS DRESSING สีเนื้อ MAXI 3x7ซม.8'S/BX.(SB-1B),19.75
8.85924E+12,SOS DRESSING สีเนื้อ MAXI 6x10ซม.3'S(SB3),28.75
8.85924E+12,SOS DRESSINGโดเรม่อน 4'S(S)สีฟ้า,25
8.85924E+12,SOS DRESSINGโดเรม่อนกันน้ำ4'S(T)แดง,35
8.85924E+12,SOS ELASTIC BANDANGE 2นิ้วx12ม้วน/BX.,10.5
8.85924E+12,SOS ELASTIC BANDANGE 3นิ้วx12ม้วน/BX.,14
8.85924E+12,SOS ELASTIC BANDANGE 4นิ้วx12ม้วน/BX.,17.5
8.85924E+12,"SOS GAUZE PAD 2""X2""x10'S/BX.",29.75
8.85924E+12,"SOS GAUZE PAD 3""X3""x10'S/BX.",43
8.85924E+12,"SOS GAUZE PADใยสังเคราะห์ 2""X2""x10'S/BX.(STERILE)",48.5
8.85924E+12,SOS GUAZE DRESSINGS G3 10x10'S(BACTIGRAS),103.5
8.85924E+12,SOS HELLO KITTY แผ่นลดไข้ 4'S(KTC501),63
8.85924E+12,SOS INFRARED THERMOMETER FT-F31(โดเรม่อน),1228
8.85924E+12,SOS LIPIDO-COLLOID GAUZE 10x10ซม.10'S(L3),237
8.85924E+12,SOS MINIONS PLASTER PE 8'S (P1 MM01),12
8.85924E+12,SOS MINIONS PLASTER กันน้ำ 6'S(T1 MP01),19.5
8.85712E+12,SOS P1 DORAEMON 30'S/BX,352.5
8.85924E+12,SOS PLUS ANKLE SUPPORT 1'S/BX.(SIZE M),200
8.85924E+12,SOS PLUS ARM SLING SIZE L 1ชิ้น,93
8.85924E+12,SOS PLUS ARM SLING SIZE M 1ชิ้น,93
8.85924E+12,SOS PLUS FINGER PLASTER ข้อนิ้ว 4'S(FF1),11.5
8.85924E+12,SOS PLUS SPORT TAPE ขนาด 0.5นิ้ว (1ม้วน ),17.5
8.85924E+12,SOS PLUS SPORT TAPE ขนาด 1นิ้ว (1ม้วน ),30.5
8.85924E+12,SOS PLUS SPORT TAPE ขนาด 2นิ้ว (1ม้วน ),61
8.85924E+12,SOS PLUS TAPE ROLL 10CM.x10M.(RS2) 1'S/BX.,227.5
8.85924E+12,SOS PLUS TAPE ROLL 10CM.x1M.(RS8) 1'S/BX.,28
8.85924E+12,SOS PLUS TAPE ROLL 10ซม.x1ม./BX.(R8),25.5
8.85924E+12,SOS PLUS TAPE ROLL 15CM.x10M.(RS3) 1'S/BX.,259.5
8.85924E+12,SOS PLUS TAPE ROLL 5CM.x10M.(RS1) 1'S/BX.,118
8.85924E+12,SOS PLUS WRIST SUPPORT (ปรับได้) 1'S/BX.,200
8.85924E+12,SOS PLUS แผ่นแปะจมูก (N1) 8'S/BX.,26
8.85924E+12,SOS PLUS พลาสเตอร์ บลูดีเทค 10'S(B1),11.75
8.85924E+12,SOS PLUS พลาสเตอร์กันน้ำ (KITTY)10'S/BX.(MB),17.25
8.85924E+12,SOS PLUS พลาสเตอร์กันน้ำ (MINIONS)10'S/BX.(MB),19.5
8.85924E+12,SOS PLUS พลาสเตอร์ผ้าสีสันสดใส 12'S/BX.(FC1),13.75
8.85924E+12,SOS PLUSเครื่องวัดออกซิเจนปลายนิ้ว MODEL: A2,441
8.85712E+12,SOS PR1 PAPER 1/2x10หลาx24'S/BX.,264.5
8.85712E+12,SOS PR2 PAPER 1x10หลาx12'S/BX.,264.5
8.85924E+12,SOS PU ROLL แผ่นฟิล์มใสกันน้ำ 10ซม.x1เมตร 1'S/BX.,91
8.85924E+12,SOS SILICONE PLASTER 4'S/BX.(SP1),20
8.85712E+12,SOS TR1 TRANSPORE 1/2x10หลาx24'S/BX.,268
8.85712E+12,SOS TR2 TRANSPORE 1/2x5หลา 24'S/BX,157
8.85712E+12,SOS TR3 TRANSPORE 1x10หลาx12ม้วน/BX,267.5
8.85924E+12,SOS เทปพันยืดหยุ่น 2นิ้วx12ม้วน/กล่อง(คละสี),41.5
8.85924E+12,SOS เทปพันยืดหยุ่น 3นิ้วx6ม้วน/กล่อง(คละสี),47.5
8.85924E+12,SOS แผ่นลดไข้ HELLO KITTY 4'S/BX.,57
8.85924E+12,SOS ก้านสำลี โพวิโดน-ไอโออีน 15ชิ้น/BX.,21.5
8.85924E+12,SOS พลาสเตอร์ กันน้ำ DINO 10'S (T1),142.5
8.85924E+12,SOS หน้ากากMINIONS 3ชั้น(PM2.5)12'S(ผู้ใหญ่สีดำ),187
8.85908E+12,SOSOFF COTTON BUDS 100'S/ซอง,8.75
8.85908E+12,SOSOFF COTTON BUDS ก้านเล็ก 100'S/ซอง,13.25
8.85908E+12,SOSOFF สำลีม้วน 150กรัม,39.5
8.85908E+12,SOSOFF สำลีรีดขอบ 50กรัม,21.75
8.90177E+12,SPACOVIN 40MG.10x10'S(DROTAVERRINE)PML,110
1916132012,SPAMUS 100x10'S TM.(TOPERISONE),545
8.85882E+12,SPAS VERINE 10x10'S/BX.(ALERINE+SIMETHICONE),503.5
8.85335E+12,SPASCOPAN 500'S(HYOSCINE)BKD,733.5
8.85335E+12,SPASCOPAN HYOSCINE-N 50x10'S(BANGKOK),785
8.8546E+12,SPASMO 50x10'S/BX.(HYOSCINE)PHARMAHOF,1470
8.85298E+12,SPASURI (FLAVOXATE 100MG.)10x10'S(CPL),207
8.85147E+12,SPATYL 1x10'S(สูตรBUSCOPAN)TNP,24.5
8.85898E+12,SPAXID-VS 20x10'S/BX.( สูตร KREMIL-S),324.5
8.85274E+12,SPAZOL (ITRACONAZOLE)100MG.25x4'S,1110
,SPAZOL (ITRACONAZOLE)100MG.25x4'S(แถมฟรี),0
9.31406E+12,SPECTRABAN SENSITIVE SPF-30 20G.,175.5
9.31406E+12,SPECTRABAN SPF50+ PA+++ 100G.,606
9.31406E+12,SPECTRABAN-SPF50 20G./หลอด,180.5
8.85188E+12,SPECTRIM (สูตรBACTRIM)50x10'S/BX.,4.5
8.85188E+12,SPECTRIM SUS.60ML(TO),12.5
8.85635E+12,SPEDIFEN 400MG. 5x6'S(IBUPROFEN)ขาวรี,367.75
8.85635E+12,SPEDIFEN 400MG.1x6'S(IBUPROFEN),81
8.85511E+12,SPEK MOUTH & THROAT SPRAY 20ML(TC.),113.25
8.85889E+12,S-PEX 2 CAPSULE,113
4.04885E+12,SPIRIVA 18MCG 30CAPS รีฟิล,1330
4.04885E+12,SPIRIVA 18MCG COMBO HANDIHALER 30'S,1405
4.04885E+12,SPIRIVA RESPIMAT 4ML 2.5MCG.INHA,1730
8.85335E+12,SPORAXYL CREAM 15G.(KETO)BKD.,39.25
8.85335E+12,SPORAXYL CREAM 5G.(KETO)BANKOK,19.75
8.9013E+12,SPORIDIN 10x10'S(CEPHALEXIN 500MG.),319.75
8.9013E+12,SPORIDIN 60ML(CEPHALEXIN125MG.),28.25
8.85877E+12,SPORNAR 100MG. 10x10'S (ITRA.)แผงใส,485
8.85877E+12,SPORNAR 100MG.25x4'S (ITRA.) (แผงทึบ),485
8.8587E+12,SRICHAND SUN LOTION SPF 50+ 7MLx6ซอง/BX.,126
6.43004E+12,STAND UP 4'S(580.-),220.5
8.85876E+12,STARBUFEN SUSPENSION 60ML.(สูตรNUROFEN),18.75
8.85876E+12,STARCLAV 1000MG.10'S/BX.(AUGMENTIN),128.5
8.85712E+12,STARCLAV 156MG./5ML.(60ML.)(AUGMENTIN),75
8.85876E+12,STARCLAV 625MG.10'S/BX.(AUGMENTIN)7ดาว,154.5
8.85876E+12,STARCLOVIR CREAM 5G.(ACICLOVIR)7ดาว,30
8.85712E+12,STARDA VAGINAL 6'S/BX.(CLOTRI 100MG.)7ดาว,16.75
8.85876E+12,STARDA VAGINAL-500 1เม็ด(CLOTRI)7ดาว,15.5
8.85876E+12,STARDA-BE(CLOTRI+BRTA) 15G.x12'S/BX.(7ดาว),39
8.85712E+12,STARDA-BE(CLOTRI+BRTA) 25G.x12'S/BX.(7ดาว),54.5
8.85876E+12,STARDA-BE(CLOTRI+BRTA) 5G.x12'S/BX.(7ดาว),17.5
8.85876E+12,STAREN 25MG. 1000'S(DICLOFENAC)กลมเหลือง,227
8.85712E+12,STAREN 25MG. 1000'S(DICLOFENAC)กลมชมพูม่วง,227
8.85876E+12,STAREN 25MG. 1000'S(DICLOFENAC)ขาวกลม,227
8.85876E+12,STAREN 25MG. 1000'S(DICLOFENAC)ส้มกลม,227
8.85876E+12,STAREN 50 100x10'S(DICLOFENAC)7ดาว(สีม่วง),599.5
8.85876E+12,STAREN 50MG 1000'S/ขวด(DICLOFENAC)7ดาว,370
8.85876E+12,STARGESIC 1x10'S(สูตรNORGESIC)7ดาว,15
8.85876E+12,STARGESIC 50x10'S/BX.(NORGESIC),425
8.85876E+12,STAR-HISTINE 16MG.10x10'S(BETAHISTINE),263
8.85712E+12,STARLEX 125 DRY SYRUP 60ML.(AMOXY)7ดาว,22
8.85876E+12,STARLEX DRY SYRUP 250MG. 60ML.(CEFALEXIN),34
8.85712E+12,STARLONE 30ML(TRIAMCINOLONE 0.1G.)(7ดาว),18.25
8.85876E+12,STARLONE 60ML(TRIAMCINOLONE 0.1G.)(7ดาว),26.5
8.85876E+12,STARMOL 1000'Sเขียวเหลี่ยม(สูตรNORGESIC)7ดาว,367
8.85712E+12,STARMOL PLUS 100x10'Sเขียว 7ดาว,650.5
1920132012,STARMOL PLUS(7-STAR)1000'S(7ดาว),340
8.85876E+12,STARMOVATE CREAM 25G.(CLOBETASOL)7ดาว,38.5
8.85712E+12,STARMOX DRY SYRUP 125MG. 60ML.(สตอเบอรี่),21
8.85876E+12,STARMOX DRY SYRUP 125MG./5ML. 60ML.(องุ่น),21
8.85712E+12,STARMOX DRY SYRUP 125MG./5ML.60ML.(ส้ม),21
8.85876E+12,STARMOX DRY SYRUP 125MG./60ML.(กล้วย),21
8.85876E+12,STARMOX FORT 250MG. 60ML.ส้ม(AMOXY)(7ดาว),27
8.85876E+12,STARTEC 100x10'S(สูตรZYRTEC)7ดาว,540
8.85876E+12,STARTEC 1x10'S(สูตรZYRTEC )7STAR(7ดาว),99999
8.85876E+12,STARTHROCIN 250MG.50x10'S(ERYTHRO),1415
8.85876E+12,STARTHROCIN DRY SYRUP 125MG.(ERYTHRO)(7ดาว),25.5
8.85876E+12,STARTRIL-S 1500 10'S(GLUCOSAMINE)รสส้ม,70
8.85876E+12,STARTRIL-S 1500MG.30'S/BX.(GLUCOSA)7ดาว,236.5
8.85024E+12,STEI 16MG. 1x10'S(BETAHISTINE),27
8.85024E+12,STEI 24MG.(BETAHISTINE )10x10'S/BX,412
8.85545E+12,STERILE DRESSING SET 20'S/แพ็ค(สหแพทย์),192.5
8.85263E+12,STERILE WATER 1000ML(10/ลัง)(THAIO)น้ำกลั่น,33
8.85406E+12,STERILE WATER A.N.B 1000ML(10/ลัง)น้ำกลั่นฟ้า,31.5
8.85406E+12,STERILE WATER FOR INJECT 1000ML(SWI),31.5
8.85406E+12,STERILE WATER FOR INJECT. 50x10ML(ANB),176.5
8.85406E+12,STERILE WATER น้ำกลั่น A.N.B 500 ML,27.5
8.906E+12,STERON 5MG.10x10'S (UMC.)(สูตรPRIMOLUT-N),250.75
7.07387E+11,STETHOSCOPE 3M CLASSIC ชุดหูฟัง-สีน้ำเงิน,2761
1920190311,STETHOSCOPE ALUMINUM ชุดหูฟัง-สีเทา,282.25
192019032,STETHOSCOPE ALUMINUM ชุดหูฟัง-สีม่วง,282.25
8.85699E+12,STOMOX SUS.200ML(ขวดเหลี่ยม),23.5
8.85699E+12,STOMOX SUS.240ML(ขวดกลม),36.5
8.8512E+12,STREPSIL-CHESTY 24เม็ด/กล่อง,93.75
8.8512E+12,STREPSIL-CHESTY 8'S.(กล่องละ24ซอง),46.75
8.8512E+12,STREPSIL-CITRUS LEMON 16เม็ด/กล่อง,72
8.85036E+12,STREPSIL-CITRUS LEMON.6'S(กล่องละ24ซอง),26.5
8.8512E+12,STREPSIL-COOL 24เม็ด/กล่อง,72
8.85036E+12,STREPSIL-COOL 8'S.(กล่องละ24ซอง),23.25
8.8512E+12,STREPSIL-DRY COUGH 24เม็ด/กล่อง,73
8.8512E+12,STREPSIL-DRY COUGH 8'S(กล่องละ24ซอง),46.75
8.8512E+12,STREPSIL-MAXIPLUZZ 16เม็ด/กล่อง,99.75
8.85036E+12,STREPSIL-MAXIPLUZZ 6'S(กล่องละ24ซอง),53.25
8.85036E+12,STREPSIL-MAXPRO 8'S(กล่องละ24ซอง),73.25
8.8512E+12,STREPSIL-ORIGINAL 24เม็ด/กล่อง,84.25
8.85036E+12,STREPSIL-ORIGINAL 8'S(กล่องละ24ซอง),23.25
8.85036E+12,STREPSILS HERBAL คาโมมายล์ เลม่อน 10'S(20กรัม),26.5
8.85036E+12,STREPSILS HERBAL ทัมทิมชะเอม 10'S(20กรัม),26.5
8.85036E+12,STREPSIL-น้ำผึ้งมะนาว (8เม็ดx24ซอง/กล่อง),26.5
8.85036E+12,STREPSIL-น้ำผึ้งมะนาว 12เม็ด/กล่องเล็ก,49.5
8.8512E+12,STREPSIL-น้ำผึ้งมะนาว 24เม็ด/กล่องเล็ก,84.25
8.85036E+12,STREPSIL-น้ำผึ้งมะนาว 3'Sx12ซอง/BX.,107
8.85036E+12,STREPSIL-วิตามินซี (8เม็ดx24ซอง/กล่อง),23.25
8.85036E+12,STREPSIL-วิตามินซี 12เม็ด/กล่องเล็ก,49.5
8.8512E+12,STREPSIL-วิตามินซี 24เม็ด/กล่องเล็ก,84.25
8.85036E+12,STREPSIL-วิตามินซี 3'Sx12ซอง/BX.,107
8.85872E+12,STRONK-K (ถาวร)12'S/BX.,37.5
8.85872E+12,STRONK-K (ถาวร)25'S/BX (ลัง24ก.),75
8.85872E+12,STRONK-K MIXED FRUIT 12'S/BX.,37.5
8.85872E+12,STRONK-K MIXED FRUIT 25'S/Bx.(ลัง24กล่อง),75
3.48132E+11,STUD 100 SPRAY (ยาทน),270
8.85058E+12,STUGERON 25MG.3x10'S./BX.,85
8.9014E+12,SUBSYBE-CR 10x10'S/BX.,573.5
8.9014E+12,SUBSYDE-CR 2x10'S/BX.(DICLOFENAC 100MG.),102
8.85266E+12,SUCEE 21.(BIOPHARM) ชมพู 20'S/แพ็ค,83
8.85266E+12,SUCEE 28 (BIOPHARM) ส้ม 20'S/แพ็ค,83
8.8511E+12,SUDOCREM 10G.,35.5
,SUDOCREM 10G.(PRO),0
8.8511E+12,SUDOCREM MOISTUIZING CREAM 125G. *P,272.5
8.8511E+12,SUDOCREM NATURALS NAPPY CREAM 30G.,272.5
8.85274E+12,SUGRIL 5MG.10x10'S TABLETS(GLIBEN),74.5
8.85274E+12,SULAM 375MG.1x10'S(SULBACTAM)SIAM,70
8.85872E+12,SULCAIN TABLETS 50x10'S(MAG+ALU+SULCAIN),1150
8.85317E+12,SULIDINE + PARA 60CC.*ทำรายงาน,20.75
8.85317E+12,SULIDINE SYR.60CC.(ไม่มีพารา)*ทำรายงาน,21.5
8.85317E+12,SULIDINE-CP 10x10'S./BX.,188
8.85394E+12,SULSA 500 1x10'S(SULFASALAZINE),161
8.85314E+12,SUMIGRAN 1x6'S/BX.(SUMATRIPTAN 50MG.)ชุมชน,64.5
8.85936E+12,SUN CLARA-GLUTA 10'S,129.5
8.93514E+12,SUNMED แผ่นรองซับ 10'S/ห่อ(ลัง18ห่อ),76.5
8.85026E+12,SUNMUM ถุงเก็บน้ำนม 30ชิ้น/BX.,39
8.85026E+12,SUNMUM ถุงเก็บน้ำนม 50ชิ้น/BX.,94
8.90409E+12,SUPIROCIN OINTMENT 5G.(สูตรBACTOBAN),43.25
8.00266E+12,SUPRALIP-NT 145MG.3x10'S.,612
19070302,SURGICAL BLADES NO.23 100'S(ใบมีด),323.5
8.85857E+12,"SURGIMESH NET 40CM.(SIZE 2) สวมมือ,แขน.ศอก",26
8.85857E+12,"SURGIMESH NET 40CM.(SIZE 3)สวมเข่า,เท้า,น่อง",27.25
8.85274E+12,SUROTIN 10MG.3x10'S(สูตรCRESTOR)SIAM,190
8.85274E+12,SUROTIN 20MG.3x10'S(สูตรCRESTOR)SIAM,233.5
8.85024E+12,SUTAC 10x10'S/BX.(สูตรZYRTEC )SPS,66.25
8.85024E+12,SUTAC 1x10'S(สูตรZYRTEC)SPS,15.5
8.85274E+12,SVOZ 400MG.1x5'S(MOXIFLOXACIN)SIAM,381
8.85274E+12,SVOZ EYES DROP 5ML.(MOXIFLOXACIN)SIAM,68.75
8.85188E+12,SWI T.O. FOR INJECTION 100AMPx10ML/BX.,292
7.64016E+12,SWISS ENERGY L-CARNITINE 20เม็ดฟู่,382.5
7.64016E+12,SWISS ENERGY MAGNESIUM &B1-6-12 20'S,254.5
9.31177E+12,SWISSE APPLE CIDER VINGAR 1200MG. 60'S,556
9.31177E+12,SWISSE ASTAXANTHIN+GLUTA 30'S/ขวด,750
2.93118E+13,SWISSE ASTAXANTHIN+GLUTA 30'Sx2(แพ็คคู่ ),875
9.31177E+12,SWISSE BIOTIN FORTE WITH C+ZINC 60'S/ขวด,376
9.31177E+12,SWISSE C ACEROLA PLUS 60'S,328.5
9.31177E+12,SWISSE CALCIUM+VITAMIN D3 90'S,294.5
9.31177E+13,SWISSE CALCIUM+VITAMIN D3 90'Sx2(แพ็คคู่ ),576
9.31177E+12,SWISSE CHO-LESS 30'S/ขวด,357
2.93118E+13,SWISSE COLLAGEN GRAPE SEED 60'S(DUO 1+1),599.75
9.31177E+12,SWISSE COLLAGEN+GRAPE SEED 12'S,142
9.31177E+12,SWISSE COLLAGEN+GRAPE SEED 60'S,519.75
9.31177E+12,SWISSE CRANBERRY 30'S,290.5
9.31177E+12,SWISSE DAILY ACTIVE PROBIOTICS 30'S,881
9.31177E+12,SWISSE DAILY BALANCE PROBIOTIC 30'S,846
9.31177E+12,SWISSE ESSENTIAL MULTI 60'S/ขวด,471.5
9.31177E+12,SWISSE GRAPE SEED 15'S,142
9.31177E+12,SWISSE GRAPE SEED 60'S/ขวด,385
9.31177E+12,SWISSE HSN+ 60'S,312.5
9.31177E+12,SWISSE LECITHIN 1200MG. 150'S/กระปุก,471.75
9.31177E+12,SWISSE L-THEANINE G'NIGHT 50'S,723
9.31177E+12,SWISSE LUTEIN PRO+ 60'S,452
9.31177E+12,SWISSE MAGNESIUM 60'S,365
9.31177E+12,SWISSE ME PROBIOTIC+ GUMMIES 45เม็ด,365
9.31177E+12,SWISSE MULTIVITAMIN +FOLIC 30'S/ขวด,310
9.31177E+12,SWISSE MULTIVITAMIN WITH B 30'S,313
2.93118E+13,SWISSE MULTIVITAMIN WITH B 30'Sx2(แพ็คคู่ ),457
9.31177E+12,SWISSE SUNNEDAY 30'S,862.75
9.31177E+12,SWISSE VITAMIN C 1000MG. 20(เม็ดฟู่),252
9.31177E+12,SWISSE VITAMIN C 1000MG. 60'S,352
9.31177E+13,SWISSE VITAMIN C 1000MG.60'Sx2 (แพ็คคู่),597
7.32184E+12,SYMBICORT FORT TUR.320/9MCG. 60D./ขวด,1020
7.32184E+12,SYMBICORT TURBU.160 /4.5 120 DOSE,1139
7.32184E+12,SYMBICORT TURBU.160/4.5 60D./ขวด,778
5.02173E+12,SYNFLEX 275MG.10x6'S(NAPROXEN),573
8.85874E+12,SYNFONIA 28'S (สูตรYAZ),274
8.85899E+12,SYNOVAR COLLAGEN TYPE ll 60'S(BKD.),548.75
8.85899E+12,SYNOVAR POWDER COLLAGEN TYPE ll 3x10'S/BX.,315
,SYN-O-VIT FORTE SYRUP 15ML.(ห้ามจัดจำหน่าย)(PRO),0
8.85254E+12,SYN-O-VIT SYRUP 60ML(วิตรวม+ไลซีน) *P,23.5
8.85254E+12,SYN-O-VITS 1 GALLON (MULTIVIT),382.25
8.85254E+12,SYN-O-VITS FORT L-LYSINE PLUS MULTIVIT 120ML.,112.5
1.28859E+18,SYRING 1CC.(NIPRO) 100'S/BX,186.25
1.28859E+18,SYRING 50CC.(NIPPO)(ECCENTRIC TIP)30'S/BX,328.5
SS65EE3006P,SYRING 50CC.20'S/BX(TERUMO) หัวข้าง,279.5
1.28859E+18,SYRING 50ML.(NIPPO) 30'S/BX.(CATHTER TIP),323.5
1.28859E+18,SYRING INSULIN 1CC.27G.x1/2(NIPRO)100'S,244.5
1.28859E+18,"SYRING INSULIN 1CC.29G.x1/2""x100'S(NIPRO)ส้ม",244.5
1918120,SYRING INSULIN 1x29G1/2 100'S TERUMO,315
8.85891E+12,SYRING แก้ว 50CC./MLให้อาหาร(แคนตัน)S.T,220.5
19181150,SYRING แก้ว 5CC./ML(แคนตัน)S.T,32.75
8.85174E+12,SYRING แก้วให้อาหาร 50ML.x1ชิ้น,206
8.85454E+12,SYRINGE BALL No.1(CANTAN),42.5
8.85454E+12,SYRINGE BALL No.2(CANTAN),50.5
8.85454E+12,SYRINGE BALL No.3(CANTAN),54.75
8.85454E+12,SYRINGE BALL No.4(CANTAN),59.75
8.85454E+12,SYRINGE BALL No.5 (CANTAN),66.5
8.85454E+12,SYRINGE BALL No.6(CANTAN),73.5
8.85454E+12,SYRINGE BALL No.7(CANTAN),68.5
8.85454E+12,SYRINGE BALL No.8(CANTAN),73.5
8.85907E+12,SYRINGE BALL เบอร์ 1 (ตั้งเต็มจิต),39
8.85907E+12,SYRINGE BALL เบอร์ 2 (ตั้งเต็มจิต),43
8.85907E+12,SYRINGE BALL เบอร์ 3 (ตั้งเต็มจิต),50.75
1.28859E+18,SYRINGE DISP.100'Sx10CC.(NIP)/BX.,218
1.28859E+18,SYRINGE DISP.100'Sx3CC.(NIP)/BX.,132
1.28859E+18,SYRINGE DISP.100'Sx5CC.(NIP)/BX.,151
1.28859E+18,SYRINGE DISP.50'Sx20CC.(NIP)/BX.,208.25
8.85956E+12,SYS BETAGLU SHOT 3G.x30ซอง/BX.,680
8.85956E+12,SYS BETAGLU SHOT 7ซอง/BX.,206
8.85558E+12,SYS CALLY 500MG. 24'S/BX.,386.5
,SYS LYSINE PLUS COLOSTRUM (รสช้อค) 3'S/แพ็ค(PRO),0
8.85558E+12,SYS LYSINE PLUS COLOSTRUM (รสช้อคโกแลต) *P,578
8.85558E+12,SYS PRO FIBER 10'S/BX.,331
3.00651E+11,SYSTANE ULTRA 10ML(ALCON),149
3.00653E+11,SYSTANE ULTRA FAST-ACTING DRY EYE 10ML. EXP.11/26,297.5
8.85879E+12,SYSTRAL CR.10G.(CHLORHENNOXAMINE),32
8.85879E+12,SYSTRAL CR.25G.(CHLORHENNOXAMINE),69
8.85343E+12,SYTREX 10x10'S(CETRIZINE)(สหการ),56.25
8.85713E+12,T PLUS สำลีแผ่นไม่รีดขอบ 50กรัม,21.75
8.85545E+12,T.A. LOTION 0.1% 30G.(สหแพทย์),19.75
8.85254E+12,T.A.ครีม 0.1%15G.(OSOTH),20.5
8.85254E+12,T.A.ครีม 0.1%5G.(OSOTH),13.5
8.85254E+12,T.A.ครีม.0.02% 15G.(OSOTH),20.5
8.85254E+12,T.A.ครีม.0.02% 5G.(OSOTH),12.5
8.85651E+12,T.M.DAZOLE 25x4'S(TINIDAZOLE 500MG.),155.5
8.85651E+12,T.MAN LOTION 30ML,22.5
8.85651E+12,T.MAN-LAX TAB(BISACODYL) 1000'S(ครีม),310
8.85188E+12,T.O.NIL 5MG.10'Sx100/BX.(GLIBEN)T.O.,163.5
8.85651E+12,T.V.LOTION 30ML,16.5
8.85651E+12,T.V.LOTION 60ML.,24.75
8.85651E+12,T.V.mox 500 ชมพู-ขาว 50x10's/BX.,14
8.85265E+12,TACINOL 15G.(TRIAM 0.1),25.25
8.85265E+12,TACINOL 20x1GM./BX.ป้ายปาก(POLIPHARM),118
8.85265E+12,TACINOL 5G.(TRIAM 0.1),11.5
8.85265E+12,TACINOL LOTION 60ML,34.5
8.85265E+12,TACINOL ORAL PASTE 5G.(ป้ายปาก),17.5
4.98708E+12,TAFLOTAN 2.5ML(TAFLUPROST),493.5
8.85867E+12,TAJENA INJ 75MG./3ML x 50(DICLOFENAC),147
8.85945E+12,TALAFIL-10 1x4'S/BX.(TADALAFIL)MILLIMED*ทำรายงาน,637
8.85546E+12,TALAFIL-20 1x4'S/BX.(TADALAFIL)MILLIMED*ทำรายงาน,1211
8.85945E+12,TALAFIL-5 2x15'S/BX.(TADALAFIL)MILLIMED*ทำรายงาน,1325
3.66559E+12,TANAKAN 40MG.2x15'S./BX.,235
4.90479E+12,TANITA เครื่องชั่งชนิด SCALE รุ่น HA-801,578.25
8.85874E+12,TANSY ONE 1'S(EXELTIS) ยาคุมฉุกเฉิน,40
8.8511E+12,TANZARIL (LOSARTAN)100MG.3x10'S./BX,120
8.8511E+12,TANZARIL (LOSARTAN)50MG.3x10'S(ราคาใหม่),66.75
8.85203E+12,TAPAZOLE 5MG.100'S/ขวด 10'S/แพ็ค,195
8.85265E+12,TARA CREAM 5G.(MICONAZOLE),11.5
8.85463E+12,TARADA HERB'S SPRAY 12ML(ตรา แรด)*เลิกผลิต*,151.5
8.85265E+12,TARA-PLUS CR. 5G.(MICONAZOLE+TA),16.5
8.85265E+12,TARA-PLUS CR.15G.(MICONAZOLE+TA),34.25
8.85265E+12,TARATEN 15G.(CLOTRIMAZOLE)POLI,25
4.98708E+12,TARIVID OPHTTHLMIC OINT. 3.5G.(OFLOXACIN 0.3%),166.5
7.13289E+12,TAROXICAP 30'S(THP),313.25
8.85274E+12,TAUGLICOLO (BROMHEX) 50ML(SIAM),45.75
8.85274E+12,TAUGLICOLO 10x10'Sx10 (SIAM)/BX.,129.75
9.00151E+12,TAVIPEC 3x10'S./BX.,183.5
8.85511E+12,TC MYCIN 250MG.10'S/ลังละ100,24.5
8.85511E+12,TC MYCIN 500MG.10'S./กล่อง,37.5
8.85511E+12,TC.MYCIN OINT.10G./หลอด,18.5
8.85546E+12,T-CAP GEL 35G.(CAPSAICIN 25MG.),53.5
8.85086E+12,T-CARE เจลประคบร้อน-เย็น 13x14ซม.(SMALL),63.5
8.85086E+12,T-CARE เจลประคบร้อน-เย็น 14x8ซม.(มินิ),53.75
3.0065E+11,TEARS NATURALE FREE 0.9CC 32'S(ใหม่),308.75
3.00651E+11,TEARS NATURALE-2 ED.15CC.,122.25
8.88644E+12,TEBONIN FORT 120MG. 30'S(GINKGO),742
8.85651E+12,TEBOVIN 1000'S B2(RIBOFLAVIN)/กระปุก,255
8.85651E+12,TEDIUM 2MG.(LOPERAMIDE)10x10'S,4.5
8.99324E+12,TELFAST 180MG.1x10'S.,214
8.99324E+12,TELFAST 60MG.10'S./แผง,84.75
7.89106E+12,TELFAST 6MG./ML 150ML,212.25
8.85089E+12,TELFAST 6MG./ML 60ML,126.5
8.8546E+12,TEMNOL 500MG 20x10'S,0
4.95758E+12,TEMPRA COOLING PATCH 8'Sx2/กล่อง ลดไข้,162.5
8.9952E+12,TEMPRA DROP รสองุ่น 15CC.,39
8.93521E+12,TEMPRA FIZZ 12'S (PARACETAMOL) *P,75
,TEMPRA FIZZ กระบอกน้ำมีหูจับข้าง(PRO),0
8.9952E+12,TEMPRA FORTE 60CC.(รสส้ม),44.75
8.9952E+12,TEMPRA FORTE 60CC.(สตอเบอรี่),44.75
8.9952E+12,TEMPRA KIDS 60CC.(รสส้ม),37.5
8.9952E+12,TEMPRA KIDS 60CC.(สตอเบอรี่),37.5
8.85946E+12,TEN CREAM 5G.(TRIAMCINOLONE 0.1%),22.75
8.85898E+12,TENDOSIN 50x10'S(NAPROXEN 250MG.)VS PHARMA,541.5
8.85274E+12,TENOLOL 100MG.10x10'S.(SIAM),171.25
8.85274E+12,TENOLOL 50MG.10x10'S.(SIAM),114.25
8.85651E+12,TENOSALIC OINTMENT 15G.(สูตรDIPROSALIC)TMAN,47.5
8.85651E+12,TENOSALIC OINTMENT 5G.(BETA+SALICYLIC)TMAN,20.75
8.85651E+12,TENOVATE-N 5G.(T.MAN) BETA+NEOMYCIN,10.5
8.85067E+12,TENSOPALSTTIC SAFARI 20'S/BX.,99999
8.85067E+12,TENSOPLAST 100'S/BX.201bx/ลัง *P,64.5
8.85067E+12,TENSOPLASTIC แผ่นใสสีขาว 100'S/BX.,82
8.85067E+12,TENSOPLASTIC ใสสีเนื้อ 10'Sx30/BX.,284.25
8.85067E+12,TENSOPLASTIC-ใสสีเนื้อ 100'S/BX.,75.5
8.85347E+12,TERACORTE 15G.(DESOXIME) สูตร TOPICORT,64
8.85876E+12,TERBUHIM(THERBUTALINE) 100x10'S(7ดาว),400
8.85092E+12,TERBUTAB(TERBU2.5MG.)50x10'S,137.25
8.85188E+12,TERBUTALINE 2.5MG.(TO)1000'S,157.5
8.85291E+12,TERCO-D 50X10'S (DEXTRO)เขียว*ทำรายงาน,438
8.85291E+12,TERCO-D 50X10'S(DEXTRO) ส้ม*ทำรายงาน,438
8.85266E+12,TERRAMYCIN ป้ายตา3.5G (หลอดเปลือย),28.75
8.85266E+12,TERRAMYCIN ป้ายตา3.5G.(มีกล่อง),39.5
20130120,TERUMO AGANI เข็มเบอร์ 20Gx1นิ้ว 100ชิ้น,59
20130121,TERUMO AGANI เข็มเบอร์ 21Gx1นิ้ว 100ชิ้น,59
20130122,TERUMO AGANI เข็มเบอร์ 22Gx1นิ้ว 100ชิ้น,59
1.36923E+18,TERUMO AGANI เข็มเบอร์ 24Gx1 นิ้ว 100ชิ้น,55
2018132412,TERUMO AGANI เข็มเบอร์ 24Gx1.1/2 นิ้ว 100ชิ้น,55
20130124,TERUMO AGANI เข็มเบอร์ 24Gx1นิ้ว 100ชิ้น,59
1.36923E+18,TERUMO AGANI เข็มเบอร์ 25Gx1นิ้ว 100ชิ้น,99999
13041905,TERUMO MEDISAFE EX เข็มเจาะ 30'S,92
1.16923E+18,TERUMO SYRING 10ML. 100'S/BX.,212
20181320,TERUMO SYRING 20ML. 100'S/BX.,423
30,TERUMO SYRING 3ML 100'S/BX.,113.5
1.16923E+18,TERUMO SYRING 5ML 100'S/BX.,139.5
8.85712E+12,TESTOS(TESTOSTERONE 40MG)3x10'S/BX.,320
8.85885E+12,TETRACYCLINE 250MG.1000'S(ดำ-แดง)AU,490
8.85387E+12,TETRANA 250MG.(TETRA)1000'S(ATC),441
8.85712E+12,THE RAB 2 CAPSULE,99999
8.85802E+12,THEOBRON (THEO+GG)100'S/ขวด(NL),77.75
8.85651E+12,THEOLIN(Theophyline200)1000'S(T.MAN),396
302201612,THEOPHYLLINE TAB 200MG ส้ม,99999
7.29E+12,THEOTRIM 200(THEOPHYLINE)10x10'S,184
8.85067E+12,THERMA PLAST บรรเทาปวดคอ 3ชิ้น/BX.,92
8.85067E+12,THERMA PLAST บรรเทาปวดบ่า 3ชิ้น/BX.,111
8.85067E+12,THERMA PLAST บรรเทาปวดหลัง 3ชิ้น/BX.,95
8.85067E+12,THERMA PLASTแผ่นประคบร้อน 5'S/BX.,138
8.80909E+12,THERMOMETER HUBDIC รุ่น HFS-1000,780
8.8591E+12,THERMOMETER LONGTEMP 12'S/BX.(LONGMED),27.5
20131320,THERMOMETER แท่งแก้ว 12'S/BX.(F.C.P),17.5
8.85696E+12,THERMOMETER แท่งแก้ว(SIZE S) /TLM.,23
8.85892E+12,THERMOMETERS CRW-1108(ไร้สารปรอท)MAG,40.5
9.30081E+12,THREE SEVEN กรรไกรตัดเล็บ(เล็ก),43
9.30081E+12,THREE SEVEN กรรไกรตัดเล็บ(ใหญ่),47
9.30081E+12,THREE SEVEN ที่กดสิว,57.5
8.85898E+12,THREE-B FORTE 10x10'S/BX.(PML),199.5
8.85546E+12,THROATSIL 100MG.60MLสีแดง(CARBO.),18
8.85546E+12,THROATSIL 250MG.60MLสีฟ้า(CARBO.),21
8.85546E+12,THROATSIL AMLA 12ซอง/กล่อง(มะขามป้อม),194.25
8.85546E+12,THROATSIL MENTHOL 12ซองx20'S/BX.,220.75
8.85546E+12,THROATSIL MENTHOL 24'S,99999
8.85546E+12,THROATSIL PLUS 8'S.x24/BX,362
8.85546E+12,THROATSIL-ซอง น้ำผึ้งมะนาว 8'S.24ซอง/BX.,294
8.85546E+12,THROATSIL-ซองส้ม 8'S.x24/BX,294
8.85546E+12,THROATSIL-รสส้ม 24เม็ด/BX.,99999
8.85024E+12,THYROID-S 500'S (THYROID EXTRACT 60MG.)(SPS),3090
8.85024E+12,THYROSIT 50x10'S(L-THYRO)100MCG.ขายขาด,226.5
8.85147E+12,TIFFY DEY 25x4'S./60 BX./ลัง,192
8.85147E+12,TIFFY RUB 10G.,27
8.85147E+12,TIFFY RUB 20G.ขวดเล็ก,46.5
8.85147E+12,TIFFY RUB 40G.,76
8.85147E+12,TIFFY RUB 6G./ตลับ,16.5
8.85147E+12,TIFFY SYR.30CC./ขวด ปรค.*รายงาน,20.5
8.85147E+12,TIFFY SYR.60CC./ขวด*รายงาน,32
8.85199E+12,TIGER BALM 30G.แดง /ขวด,75
8.85199E+12,TIGER BALM 30G.ขาว,75
8.88865E+12,TIGER BALM COOLING PATCH 1 ชิ้น/ซอง,0
8.88865E+12,TIGER BALM FEVER PATCH 3ซอง/BX.,68
8.85199E+12,TIGER BALM LINIMENT 28ML,85.75
8.85199E+12,TIGER BALM LOTION 80ML.,142.5
8.88865E+12,TIGER BALM MOSOQUITO SPRAY 120ML,92
8.88865E+12,TIGER BALM MOSQUITO PATCH 10'S,90.5
8.85199E+12,TIGER BALM SOFT 25G.,73.75
8.88865E+12,TIGER BALM ยาดมตราเสือ 2ML/หลอด,15
8.85067E+12,TIGER CARIGAUZE 2x2นิ้ว 12'S/BX.(PHARMACARE),73.5
8.85199E+12,TIGER MUSCLE RUB 30G.(ขาว) *P,51.5
8.85199E+12,TIGER NECK&SHOULDER BOOST 50G.(แดง-ร้อน) *P,139.5
8.85199E+12,TIGER NECK&SHOULDER RUB 50G.(ดำ-เย็น) *P,134
8.85199E+12,TIGER PLASTER เย็น แผ่นใหญ่ 24'S/BX.,58
8.85199E+12,TIGER PLASTER BACK PAIN ร้อน-ใหญ่24/BX,59.5
8.85199E+12,TIGER PLASTER เย็น แผ่นเล็ก 24'S/BX.,43
8.85199E+12,TIGER PLASTER ร้อน แผ่นเล็ก 24'S/BX.,43
8.85199E+12,TIGER PLASTER ร้อน แผ่นใหญ่ 24'S/BX.,58
8.85199E+12,TIGER PLASTER ร้อนเล็ก7x10CM.x5ซอง/ไม่เเบ่ง,115
8.85199E+12,TIGER PLASTERเย็น-เล็ก7x10CM.x5ซอง(ไม่เเบ่ง),115
8.85199E+12,TIGER PLASTERร้อนใหญ่10x14CM.x5ซอง/ไม่เเบ่ง,150
8.85067E+12,TIGERPLAST ANIMOL KINGDOM 10x8'S/BX. *P,86
8.85067E+12,TIGERPLAST ANKLE ไซส์ L (32.0-36.0ซม.) *P,189
8.85067E+12,TIGERPLAST ANKLE ไซส์ M (29.0-32.5ซม.) *P,189
8.85067E+12,TIGERPLAST AQUATECET+ 100x120mm(W4) *P,42
8.85067E+12,TIGERPLAST AQUATECET+ 5'S 100x120(N4)XXL *P,65.5
8.85067E+12,TIGERPLAST AQUATECT+ กันน้ำ 2'S 60x100(W2) *P,32.5
8.85067E+12,TIGERPLAST AQUATECT+ กันน้ำ 2'S 80x100(W3) *P,39
8.85067E+12,TIGERPLAST AQUATECT+ กันน้ำ 3'S 60x70(W1) *P,33.5
8.85067E+12,TIGERPLAST CARIBAND 4ซม.x2มx10ม้วน/กล่อง *P,51.25
8.85067E+12,TIGERPLAST CARIFIX STRETCH 10CM.x10M.,272.75
8.85067E+12,TIGERPLAST CARIFIX STRETCH 10CM.x1M *P,35.5
8.85067E+12,TIGERPLAST CARIFIX STRETCH 5CM.x10M./BX. *P,168.5
8.85067E+12,TIGERPLAST CARIFIX WATERPROOF 10CM X1M *P,89
8.85067E+12,TIGERPLAST CARIPORE CLEAR 1/2นิ้วx 5หลา/ม้วน *P,13.5
8.85067E+12,TIGERPLAST CARIPORE CLEAR 1นิ้วx10หลา/ม้วน *P,35.5
8.85067E+12,TIGERPLAST CLEAR 10'S(PRO),0
8.85067E+12,TIGERPLAST CLEAR 25'S/BX. พลาสเตอร์พลาสติกใส *P,24.5
8.85067E+12,TIGERPLAST CLEAR พลาสติกใส 10x10'S *P,101
8.85067E+12,TIGERPLAST CONFORMING 3นิ้วx5หลาx12'S/BX. *P,212.75
8.85067E+12,TIGERPLAST ELBOW(ศอก) SIZE L *P,160
8.85067E+12,TIGERPLAST ELBOW(ศอก) SIZE M *P,160
8.85067E+12,TIGERPLAST ELBOW(ศอก) SIZE S *P,160
8.85067E+12,TIGERPLAST FLEXIE ผ้ายืดหยุ่น 10'S(PRO),0
8.85067E+12,TIGERPLAST KNEE(เข่า) SIZE L (41-46CM.) *P,202
8.85067E+12,TIGERPLAST KNEE(เข่า) SIZE M (36-41CM.) *P,202
8.85067E+12,TIGERPLAST KNEE(เข่า) SIZE S (31-36CM.) *P,202
8.8502E+12,TIGERPLAST LEOPOVIDONE 15ML(BETADINE) *P,24.5
8.85304E+12,TIGERPLAST LEOPOVIDONE 30ML(BETADINE) *P,34.5
8.8502E+12,TIGERPLAST LEOPOVIDONE 450ML.(BETADINE) *P,143.5
8.8502E+12,TIGERPLAST LEOPOVIDONE GEL 20G. *P,45.75
8.85067E+12,TIGERPLAST PREMIUM ผ้ายืด 10ซองx10'S/BX. *P,108
8.85067E+12,TIGERPLAST SHEER พลาสติกสีเนื้อ 10x10'S/BX.,98.5
8.85067E+12,TIGERPLAST SOFT PAD 3'S 100x120(P4) *P,39.5
8.85067E+12,TIGERPLAST SOFT PAD 4'S 60x100(P2) *P,32.75
8.85067E+12,TIGERPLAST SOFT PAD 4'S 80x100(P3) *P,39.5
8.85067E+12,TIGERPLAST SOFT PAD 5'S 60x70(P1) *P,32.75
8.85067E+12,TIGERPLAST SPORT TAPE 0.5นิ้วx9ม./ม้วน(สีขาว) *P,26
8.85067E+12,TIGERPLAST SPORT TAPE 1นิ้วx12ม้วน(ขาว) *P,471.75
8.85067E+12,TIGERPLAST SPORT TAPE 1นิ้วx12ม้วน(น้ำเงิน),460.5
8.85067E+12,TIGERPLAST SPORT TAPE 1นิ้วx4.5M /ม้วน,35.5
8.85067E+12,TIGERPLAST SPORT TAPE 2นิ้วx6ม้วน(ขาว) *P,471.75
8.85067E+12,TIGERPLAST SUPPORT STABILIZING KNEE เข่า(M),527
8.85067E+12,TIGERPLAST WATERPROOF 10'S 19x40(WF) *P,23.5
8.85067E+12,TIGERPLAST WATERPROOF 10'S 25x72(WS) *P,23.5
8.85067E+12,TIGERPLAST WATERPROOF 5'S 60x70(N1) *P,39.75
8.85067E+12,TIGERPLAST WATERPROOF FIT 16'S/BX.,19.75
8.85067E+12,TIGERPLAST ZOO PARTY 8'Sx10ซอง/BX.,100
8.85067E+12,TIGERPLAST เทปพันยึดข้อต่อสีเนื้อ 0.5นิ้วx9ม.x10หลา *P,26.25
8.85067E+12,TIGERPLAST ผ้ายืด 100'S/BX *P,34.5
8.85067E+12,TIGERPLASTIC SHEER XL 25'S/BX.,24.5
8.85024E+12,TIMAZOL 5MG.(METHI)10x10(SPS)*ขายขาด,94
8.85946E+12,TIME ORAL ULCER 36x2'S ปิดแผลในปาก,1296.75
8.85946E+12,TIME ORAL ULCER PATCH 18ซองx4'S/แพ็ค **แบ่งขาย,64
8.85024E+12,TIMI 15G.(MICONAZOLE+TA)(SPS),37
8.85024E+12,TIMI 5G.(MICONAZOLE+TA)/หลอด(SPS),16.5
8.85266E+12,TIMODROP 5ML(TIMOLOL)BIOPHARM,75
8.8511E+12,TIMOSIL 0.5% 5ML(TIMOLOL),164
8.90405E+12,TIN TIN CR.20G.(TRETINOIN 0.05)แคสป้า,80
8.85317E+12,TIPO TABLETS 1x10'S(TRIPROLIDINE)BM,18.5
8.85291E+12,TIZINE 60ML(CEITRIZINE),13.5
8.85651E+12,TM LUBRICENT GEL 42G.(TMAN),35
5.4139E+12,TOBRADEX EYE DROP.5ML./ขวด,129.75
5.4139E+12,TOBRADEX EYE OINTMENT 3.5G.,93.5
5.4139E+12,TOBREX ED.0.3% 5CC./ขวด,117
5.4139E+12,TOBREX EYE OINTMENT 3.5G.,88
8.85188E+12,TODACIN-300 10x10'S(CLINDA)/BX.(TO),312
8.85188E+12,TOFAGO 1x10'S/BX.(TO)(สูตร carfergot),23.75
8.85188E+12,TOFEXO 60 5x10'S(สูตรTELFAST)TO,138
8.85188E+12,TOFLEX 125MG.60CC.(TO)(CEPHA.),24.75
8.85188E+12,TOFLEX 250MG (CEPHALEXIN)60ML.,36
8.85188E+12,TOLCHICINE (COLCHICINE)10x10'S/BX.(TO),55
8.85188E+12,TOLCHICINE 100x10'S/BX.(COLCHICINE)(TO),465
8.85883E+12,TOMATOX มาส์ก 3.5กรัมx12ซอง/BX.,173
8.85511E+12,TOMEI ANTI-ACNE CREAM PLUS 9G.(7IN1),142
8.85511E+12,TOMEI CLINDA GEL 5G.(T.C.),34.5
8.85511E+12,TOMEI FACIAL CLEANSER 100ML,135.75
8.85511E+12,TOMEI FACIAL CLEANSER 45ML,91.25
8.85511E+12,TOMEI FACIAL MOISTURIZER 30ML,125.75
8.85511E+12,TOMEI FACIAL MOISTURIZER 50ML,311
8.85188E+12,TOMONT 10MG.4x7'S(สูตรSINGULAIR)TO.,220
8.85898E+12,TOMUSOL 50x10'S(สูตรMYDOCALM)PML,302.75
8.85493E+12,TONAF 1% 15G./หลอด(แดง ),59.5
8.85493E+12,TONAF 1% 5G. /หลอด(แดง),29.5
8.85493E+12,TONAF 2% 15G./หลอด(เขียว),71
8.85493E+12,TONAF 2% 5G./หลอด(เขียว),34.5
8.85493E+12,TONAF-B CR.15G.ญ.,69.5
8.85493E+12,TONAF-B CR.5G.เล็ก. EXP.12/26,33.25
8.85872E+12,TONK-KKK 25'S/BX *P,74
8.85397E+12,TONY LOTION 30ML.,19.5
8.85397E+12,TONY LOTION 60ML.,31.5
8.85883E+12,TONYMOLY CREAM 4.5G.x12ซอง/BX.,223.5
8.85712E+12,TOOKKY ชุดล้างจมูก200ML+เกลือ10ซอง,93.25
8.85712E+12,TOOKKY ผงเกลือล้างจมูก 30ซอง(สูตรอ่อนโยน),45.25
8.85058E+12,TOPAMAX 100MG.60'S(TOPIRAMATE)JENSSEN,2260
8.85058E+12,TOPAMAX 25MG.60'S(TOPIRAMATE)JENSSEN,868
8.85058E+12,TOPAMAX 50MG.60'S(TOPIRAMATE)JENSSEN,1429
8.85945E+12,T-OPH EYE DROP 5ML.(TIMOLOL 0.5%),69.25
8.03366E+12,TOPICORT 0.25% CR.15G./ขวด*ขายขาด,121.5
8.03366E+12,TOPICORT 0.25% CR.5G./ขวด*ขายขาด,53
8.85089E+12,TOPICORT CR.300G./ขวด*ขายขาด,1506
8.85959E+12,TOPIDERM 5G.(DESOXIMETASONE 0.25%),43
8.85089E+12,TOPIFRAM SKIN CREAM 15G./ขวด,104
8.85024E+12,TOPOXY 10G.(สูตรTOPICORT)(SPS),45
8.85314E+12,TORCOZIA 90MG.1x5'S(สูตรARCOXIA)ชุมชน,43
8.85274E+12,TORIXIB 60MG.3x10'S/BX.(สูตรARCOXIA)SIAM,195
8.85274E+12,TORIXIB 90MG. 10x10'S/BX.(สูตรARCOXIA)SIAM,810
8.85147E+12,TORRAFEN (IBU+PARA) 10'S/BX.,12
8.85147E+12,TORRENT 10'S(PARA450+ORPHE35) TNP.,14.5
8.85651E+12,T-OSMIN 25x10'S สูตร DAFLON,837
8.85188E+12,TOVASTIN 10MG.3x10'S(สูตรLIPITOR)TO,215
8.85188E+12,TOVASTIN 20MG 30'S(สูตรLIPITOR)TO,257.5
8.85188E+12,TOVASTIN 40MG 30'S(สูตรLIPITOR)TO,343.5
201630,T-PLUS เกลือแร่ 25'S/BX.,5
4.04885E+12,TRAJENTA 5MG. 30'S,1420
4.04885E+12,TRAJENTA DUO 2.5MG./1000MG. 60'S*ขายขาด,1498
8.85147E+12,TRAM CREAM 0.02% 15G.,39
8.85147E+12,TRAM CREAM 0.02% 5G.,18
8.85147E+12,TRAM CREAM 0.1% 15G.,43.25
8.85147E+12,TRAM CREAM 0.1% 5G.,19.75
8.85147E+12,TRAM LT.30CC./ขวด,22.25
8.85147E+12,TRAM LT.60CC./ขวด,36
8.85188E+12,TRAMIC 250MG.500'S(TRANSAMIN)(TO)ส้ม,931
8.85188E+12,TRAMIC 500(TRANSAMIN)(TO)10x10'S/BX.,394.5
8.85188E+12,TRAMIC 500MG.250'S(TRANSAMIN)(TO)แดง-ขาว,876
8.85229E+12,TRAMSILONE CR.5G(TRIAM0.02%)(GM),11.5
8.85229E+12,TRAMSILONE ORALPASTE 5G.(GREATER),24.5
8.85945E+12,TRANCEL TEAR 30x0.8ML.(TEARS NATURALE FRE),206.25
8.85464E+12,TRANSAMIN 100 CAPSULES(250MG.)OUIHENG,263
8.85869E+12,TRANSAMIN 500MG.10x10'S/BX.(OLIC),570
5.70219E+12,TRAVOCORT CR.10G./หลอด,116.5
5.70219E+12,TRAVOGEN CR.10G.กลาง/หลอด,116.5
8.85298E+12,TRAZODONE 50MG. 10'Sx25แผง/BX(CP),386
8.99324E+12,TRENTAL 400MG 10x10'S(PENTOXIFYLLINE)*ขายขาด,1031.5
8.85068E+12,TRIAMCINOLONE CREAM 0.1% 15G.(GPO),22
8.85394E+12,TRIMICON CR. 15G (UNISON),32
8.85886E+12,TRINOLONE - KID สตอเบอร์รี่ 25x1G./BX.,151.5
8.85886E+12,TRINOLONE CR.25x1G./BX.,151.5
8.85886E+12,TRINOLONE CR.5G./หลอด,25.75
8.85886E+12,TRINOLONE CREAM 0.02% 50G.,51.5
8.85651E+12,TRINOMAN 0.02% CR.15G.(ฟ้า),17.5
8.85651E+12,TRINOMAN 0.1% CR.15G.(เหลือง),20.25
8.85501E+12,"TRIO-B(B1,6,12) 3x10'S(PATAR) สูตร NEUROBION",76
8.85291E+12,TRIPLE-B 250'S(B.L.HUA)สูตร NEUROBION,355
8.85802E+12,TRIPNATOL 10MG.1000'S(NL)ชมพู,160
8.85802E+12,TRIPNATOL-25MG. 500'S(NL)เหลือง,159.5
8.85387E+12,TRIPTA 10MG.1000'S/ขวด(ATC)เหลือง,173.25
8.85387E+12,TRIPTA 25MG.1000'S(ATC)ชมพู,343
8.85905E+12,TRIPTIN - 10MG. 100x10'S(HK.)(AMITRIP),266
8.85905E+12,TRIPTIN-25 100x10'S(AMITRIPT)เหลือง/H.K.,380
8.85899E+12,TRISTAN 90MG.20x1x3'S/BX.(ARCOXIA),524
8.99324E+12,TRITACE 2.5MG. 10x10'S*ขายขาด,1105
8.99324E+12,TRITACE 5MG.3x10'S(RAMIPRIL)SANOFI *ขายขาด,485
3.59445E+12,TRIVASTAL RETARD 50MG. 30'S(SERVIER),590.5
8.85877E+12,TRIVICO TAB 500'S(B1.6.12)ส.เจริญ,300
8.85353E+12,"TRIVIT-B (B1,6,12)50x3ML.(TP.)",264.5
8.85199E+12,TROS HAIR GEL#FIX&SHINE 45G.,13
8.85152E+12,TRUSLEN COFFEE PLUS 12ซอง/BX,62
8.85876E+12,TRUSLEN INSTANT COFFEE 12'S/BX.,199
8.85956E+12,TS-6 LADY HEALTH CLEANSING 100ML.,235.5
8.85203E+12,TUBIGRIP 2-PLY ข้อศอก(L)/อัน,100.5
8.85203E+12,TUBIGRIP FEEL FREE ANKLE(ข้อเท้า) SIZE L,139.75
8.85203E+12,TUBIGRIP FEEL FREE ANKLE(ข้อเท้า) SIZE M,139.75
8.85203E+12,TUBIGRIP FEEL FREE ANKLE(ข้อเท้า) SIZE S,139.75
8.85203E+12,TUBIGRIP FEEL FREE ANKLE(ข้อเท้า) SIZE XL,139.75
8.85203E+12,TUBIGRIP FEEL FREE KNEE (เข่า) SIZE L,139.75
8.85203E+12,TUBIGRIP FEEL FREE KNEE (เข่า) SIZE M,139.75
8.85203E+12,TUBIGRIP FEEL FREE KNEE (เข่า) SIZE S,139.75
8.85203E+12,TUBIGRIP FEEL FREE KNEE (เข่า) SIZE XL,139.75
8.85203E+12,TUBIGRIP FEEL FREE PALM(ข้อมือ-ฝ่ามือ) SIZE L,139.75
8.85203E+12,TUBIGRIP FEEL FREE PALM(ข้อมือ-ฝ่ามือ) SIZE M,139.75
8.85203E+12,TUBIGRIP FEEL FREE PALM(ข้อมือ-ฝ่ามือ) SIZE S,139.75
8.85203E+12,TUBIGRIP S.S.B. ถุงน่อง(สวมเต็มขา) SIZE S,361
8.85203E+12,TUBIGRIP S.S.B.ถุงน่อง (สวมเต็มขา) SIZE L,361
8.85203E+12,TUBIGRIP SSB ป้องกันเส้นเลือดขอดต่ำกว่าเข่า(ไซซ์ L),270.5
8.85203E+12,TUBIGRIP SSB.FULL LEG (สวมตลอดขา) SIZE L,361
8.85203E+12,TUBIGRIP SSB.FULL LEG (สวมตลอดขา) SIZE M,361
8.85203E+12,TUBIGRIP SSB.FULL LEG (สวมตลอดขา) SIZE XL,361
8.85203E+12,TUBIGRIP เข่า-KNEE (L)/อัน,101.75
8.85203E+12,TUBIGRIP เข่า-KNEE (M)/อัน,101.75
8.85203E+12,TUBIGRIP เข่า-KNEE (S),101.75
8.85203E+12,TUBIGRIP เข่า-KNEE (XL)/อัน,101.75
8.85203E+12,TUBIGRIP ข้อเท้า-ANKLE (L)/อัน,122.5
8.85203E+12,TUBIGRIP ข้อเท้า-ANKLE (M)/อัน,122.5
8.85203E+12,TUBIGRIP ข้อเท้า-ANKLE (S)/อัน,122.5
8.85203E+12,TUBIGRIP ข้อเท้า-ANKLE (XL)/อัน,122.5
8.85203E+12,TUBIGRIP ข้อมือ-ฝ่ามือ PALM (L)/อัน,107.5
8.85203E+12,TUBIGRIP ข้อมือ-ฝ่ามือ PALM (M)/อัน,107.5
8.85203E+12,TUBIGRIP ข้อมือ-ฝ่ามือ PALM (S)/อัน,107.5
8.85203E+12,TUBIGRIP ข้อศอก-ELBOW (L)/อัน,75
8.85203E+12,TUBIGRIP ข้อศอก-ELBOW (M)/อัน,75
8.85203E+12,TUBIGRIP ต้นขา-THIGH (S)/อัน,89
8.85203E+12,TUBIGRIP น่อง-CALF (L)/อัน,94
8.85203E+12,TUBIGRIP น่อง-CALF (M)/อัน,94
8.85203E+12,TUBIGRIP น่อง-CALF (S)/อัน,94
8.85203E+12,TUBIGRIP ผ้ารัดหน้าท้อง SIZE L,401.75
8.85203E+12,TUBIGRIP ผ้ารัดหน้าท้อง SIZE M,401.75
8.85203E+12,TUBIGRIP ผ้ารัดหน้าท้องชนิดปรับได้ ไซด์ L,425
8.85203E+12,TUBIGRIP ผ้ารัดหน้าท้องชนิดปรับได้ ไซด์ M,353
8.85203E+12,TUBIGRIP ผ้ารัดหน้าท้องชนิดปรับได้ ไซด์ S,353
8.85203E+12,TUBIGRIP ผ้ารัดหน้าท้องชนิดปรับได้ ไซด์ XL,425
8.85203E+12,TUBIGRIP สะโพก-ABDO.(L)/อัน,116.5
8.85203E+12,TUBIGRIP สะโพก-ABDO.(M)/อัน,116.5
8.85203E+12,TUBIGRIP สะโพก-ABDO.(S)/อัน,116.5
8.85926E+12,TUPTIM KAEW ลูกกลิ้งแก้ปวดเมื่อย 60G.(NANOMED),151.5
8.8512E+12,TUSSILS-5 24ซองx8'S./กล่อง,34
3.21654E+12,TWINA CR. 15G.(CLOTRI+BETA)(TMAN),36.5
8.85001E+12,TYLENOL 500MG.100'S./ขวด,122.5
8.85001E+12,TYLENOL 500MG.20X10'S/BX ลัง60bx,236
8.85001E+12,TYLENOL 500MG.50'S./ขวด,64.5
8.85001E+12,TYLENOL 8HR.1x10'S/BX,35.75
8.85001E+12,TYLENOL DROP 80MG./0.8 (15ML),41.75
8.85001E+12,TYLENOL SUSP.60CC./ขวด,61
8.90342E+12,TYNOR J-03 WRIST BRACE W/THUMB NEO(UN),248
8.90342E+12,TYNOR J-15 KNEE WRAP HIGED NEO(S)เข่า,921.25
8.90342E+12,TYNOR K-01 INSOLE FULL SILICONE (L)แผ่นรอง,630.25
8.90342E+12,TYNOR K-01 INSOLE FULL SILICONE (M)แผ่นรอง,630.25
8.90342E+12,TYNOR K-01 INSOLE FULL SILICONE (S)แผ่นรอง,630.25
8.90342E+12,TYNOR K-01 INSOLE FULL SILICONE (XL)แผ่นรอง,630.25
8.90342E+12,TYNOR K-02 HEEL CUSHION SILICONE(PAIR)(S),296.75
8.90342E+12,TYNOR K-02 HEEL CUSHION SILICONE(PAIR)(XL),296.75
8.85188E+12,TYSTATIN SUSP.12CC.(TO)/ขวด,32.75
8.85946E+12,U & ME MINERAL PLUS VIR B+C+D3 5'S(มิกซ์เบอร์รี่),73.5
8.85946E+12,U & ME MINERAL PLUS VIR B+C+D3 5'S(รสส้ม),73.5
8.85946E+12,U & ME MINERAL PLUS VIR B+C+D3 5'S(รสองุ่น),73.5
8.90605E+12,UBLAC PROBIOTIC 3x10'S/BX.(PML),274
8.85651E+12,UDEA 10% 30G.(UREA+DEXPANT+NA-PCA)TMAN,53
8.85651E+12,UDEA 20% 30G.(UREA+DEXPANT+NA-PCA)TMAN,63
8.85699E+12,UDOCALM 10x10'S(สูตรMYDOCLAM)UMEDA,71.25
8.85699E+12,U-FLOX 400MG. 50x10'S(UMEDA),741.5
2103032,ULCACIN INJ.50x2ML(CIMETIDINE)UTOPIAN,4.5
8.85274E+12,ULCEFATE (SUCRALFATE) 240ML,489.5
8.85274E+12,ULCEFATE 1G. 10x10'S(SUCRALFATE)(SIAM),710
8.85274E+12,ULCEFATE 20x5ML.(SUCRALFATE),475.5
8.85274E+12,ULCEFATE 60ML.(SUCRALFATE),147.5
8.85274E+12,ULCEFATE CHEWABLE 30'S(SIAM),176.5
8.85188E+12,ULCEMET 400MG. 50x10'S(CIMETIDINE)TO,558
8.85464E+12,ULGASTRIN 42'S./ขวด,106
8.85265E+12,ULPRAZOLE 14'S/BX.(OMEPRAZOLE)POLI,36.5
8.85147E+12,ULSAMET 400MG.500'S(CIMET.)BURAPHA,669
8.85147E+12,ULSAMET 400MG.50x10'S(CIMITIDINE)BURAPA,724.5
9.12001E+12,ULTRACARBON N.F. 5x10'S.(PML),357
8.85288E+12,ULTRACARBON-X 250MG.5x10'S.,249
8.85058E+12,ULTRACET 1x10'S *รายงาน,137
8.85699E+12,UMAFEN-200(IBUPROFEN)50x10'S/BX.UMEDA,235
8.85699E+12,UMAFEN-400(IBUPROFEN) 50x10'S/BX.(UMEDA),326
8.85872E+12,UMBILI ANTI & AFTER B.BALM 5G.,46.75
8.85872E+12,UMBILI BABY GEL 30G.(กลิ่นเปปเปอร์มิ้น)สีฟ้า,108
8.85719E+11,UMBILI BABY GEL 30G.(กลิ่นแป้งเด็ก)ชมพู,108
8.85872E+12,UMBILI BOBUN-ZAI สเปรย์ไล่ยุงและแมลงออแกนิค 30ML.,77.5
8.85713E+12,UMBILI CHILL CHILL สติ๊กเกอร์กันยุง 10'S(ชมพู),54
8.85713E+12,UMBILI CHILL CHILL สติ๊กเกอร์กันยุง 10'S(ม่วง),54
8.85713E+12,UMBILI CHILL CHILL สติ๊กเกอร์กันยุง 10'S(ส้ม),54
8.85872E+12,UMBILI NATURAL BABY TOOTHGEL STRAW 30G.,77.25
8.85872E+12,UMBILI NATURAL CARE CREAM 20G.,154.5
8.85713E+12,UMBILI ฉุนฉุน เบบี้จี เซรั่มหอมแดง 10ML(ชมพู),95
8.85713E+12,UMBILI ฉุนฉุน ผ้าสมุนไพรเย็น 4ซอง/กล่อง,133.5
8.85713E+12,UMBILI ฉุนฉุน รีเฟรชชิ่ง เซรั่มหอมแดง 12ML.(สีฟ้า),95
8.85872E+12,UMBILI ชื่นชม ครีม บาล์ม 10G.,144
8.85713E+12,UMBILI รีเฟรชชิ่ง หอมแดง เบบี้เซรั่ม ลูกกลิ้ง 5ML.(สีฟ้า),61
8.85713E+12,UMBILI หอมดีสติ๊กเกอร์หอมแดงGOOD DAY 10'S,57
8.85713E+12,UMBILI หอมดีสติ๊กเกอร์หอมแดงGOOD NIGHT 10'S,57
8.85699E+12,UMEGOT 1x10'S(สูตรCAFERGOT)UMEDA,17.5
8.85266E+12,UNASYN POWDER 250/5ML(SULTAMICILLIN),331
211407,UNI GAUZE ABSORBENT GUAZE 36''x100Yds,124.5
8.85394E+12,UNIDERM CREAM 15G.(CLOBETASOL)UNISON,28.75
21140736,UNI-GAUZE 3นิ้วx6 หลา/แพ็ค12ม้วน(UNITED),40.25
8.85394E+12,UNIMOX 500.50x10'S(ม่วง-ชมพู)UNISON,450
8.85394E+12,UNIMOX 500MG.500'S(ม่วง-ชมพู)UNISON,1.25
8.85254E+12,UNIPRED CREAM 5G.(PREDNI+NEOMYCIN),14
8.85394E+12,UNIREN SPRAY 60ML(DICLOFENAC)*ใหม่,135
8.8592E+12,UNISIA 8/5 3X10'S(CANDESARTAN+AMLO),728
8.85394E+12,UNISON ENEMA 10'Sx10CC.เด็ก/กล่อง,70.75
8.85394E+12,UNISON ENEMA 10x20CC.ผู้ใหญ่,75.5
8.85394E+12,UNISON OINTMENT 15G. 24'S/กล่อง,14.25
8.85394E+12,UNISON U-ENEMA 100CC./กล่อง,21.25
9191229,UNOLOK INSULIN SYRING 29Gx1/2''x 100'S/BX.,165
8.85898E+12,UNSPASIC 50x10'S(สูตรBUSCOPAN)V.S PHARMA,658.5
8.85897E+12,URALYT-U 280G./กป.,507
8.85868E+12,URIEF 4MG.3x10'S(SILODOSIN)EISAI,432
21181419,URINAL (กระบอกปัสสาวะ ผู้ชาย) สเตนเลส,565.5
8.85454E+12,URINAL-กระบอกปัสสาวะ ผู้ชายพลาสติก(แคนตัน),31.5
8.85923E+12,URINE BAGS ถุงปัสสาวะชนิดเทบน 2000ML.(แพ็ค10),18
8.85877E+12,URINOX 400.(NORFLOX)20x10'S,330
8.85394E+12,UROXIN 500MG.10x10'S(CIPRO.)(UNISON),297.5
8.85262E+12,URSOLIN 10x10'S(URSODEOXYCHOLIC 250MG.),910
8.85024E+12,U-SPA 100MG.(FLAVOXATE )10x10'S,216
8.85024E+12,U-SPA 200MG.(FLAVOXATE )10x10'S,323
8.85262E+12,UTMOS 15MG. 10x10'S/BX.,244
8.85262E+12,UTMOS 30MG. 10x10'S/BX.,388
8.85275E+12,UTO LINCOMYCIN 300MG. 10ML,31.5
212618,UZORIN CAP (BRYWOOD) 10'S,99999
8.85254E+12,V 1-6-12 100x10'S(OSOTH),489.5
8.85825E+12,V.NOLONE 10 INJ. 5ML(TRIAM ),48.25
8.85898E+12,V.S SYRUP 60ML(CPM+AMMONI+SODIUM)ทำรายงาน,18.25
8.85877E+12,VAGICIN 5'S (NYSTATIN+CHLORAM+DII),24.5
8.85867E+12,VAGIZOLE 0.1G. x 6'S/BX.(CLOTRI.),18.5
8.8511E+12,VALATAN 160MG.4x7'S(VALSARTAN),72.25
8.8511E+12,VALATAN 80MG.4x7'S(VALSARTAN),55.5
9.31406E+12,VALDA PASTILLES LEMON 20G.x12ซอง/BX.,23.75
9.31406E+12,VALDA PASTILLES LEMON 50G.x10ตลับ/BX.,43.5
9.31406E+12,VALDA PASTILLES ORIGINAL 20G.x12ซอง/BX.,23.75
9.31406E+12,VALDA PASTILLES ORIGINAL 50G.x10ตลับ/BX.,43.5
3.59445E+12,VALDOXAN 25MG. 28'S(AGOMELATINE)SERVIER,1808
8.85265E+12,VALERBET-N CREAM 15GM.(BETA+NEOMYCIN),38.75
8.85265E+12,VALERBET-N CREAM 5GM.(BETA+NEOMYCIN),16.5
8.90373E+12,VALOVIR-500 5x10'S(VALACICLOVIR)OSOTH,2060
8.85068E+12,VALSARTAN GPO 160MG.3x10'S/BX.,120
8.85944E+12,VAMAZOLE 1'S(CLOTRI 500G.)ADVANCE,19.75
8.85944E+12,VAMAZOLE CREAM 10G.(CLOTRIMAZOLE),15
8.85944E+12,VAMAZOLE CREAM 5G.(CLOTRIMAZOLE),12.75
8.85017E+12,VAPEX-เล็ก 5CC./ขวด,28.75
8.85017E+12,VAPEX-ใหญ่ 14CC./ขวด,63.5
8.85017E+12,VAPEX-ยาดม 60'S /กล่อง,19.75
8.85876E+12,VARICOZ 500MG. 10x10'S(สูตร DAFLON)(7ดาว),399.75
3.59446E+12,VASTAREL-MR 60'S(TRIMETAZIDINE 35MG.),542
8.85274E+12,VAZOL CREAM 5G.(CLOTRI+BETA)AU,13.75
8.85825E+12,V-C INJ.10x2CC/BX (VESCO)(VITAMIN C),34.5
8.85501E+12,V-CAP 10x10'S(SIMETICONE 150MG.),114.25
8.85347E+12,VECIN 3x10'S(AESCIN 20MG.)MACROPHAR,86
8.85036E+12,VEET 25G. (คามิลเลีย ซีด ออยล์),88.5
8.85036E+12,VEET 25G. (มะละกอ),88.5
8.85036E+12,VEET 25G. อโรเวลา+วิตามินอี(สีฟ้า),88.5
8.85036E+12,VEET 25G.โลตัสมิลค์+จัสมิน(ชมพู),88.5
8.9014E+12,VEET SENSITIVE TOUCH (เครื่อง),480.25
8.85036E+12,VEET แว็กซ์สติปส์เชียบัตเตอร์&เบอร์รี่(กล่อง),74.75
8.85036E+12,VEET แว็กซ์สติปส์อัลมอนด์ออย (กล่อง),74.75
8.85314E+12,VEFLOX 500MG.1x10'S(LEVOFLOXACIN)ชุมชน,105
8.85314E+12,VEFLOX 750(LEVOFLOXACIN) 1x10'S(ชุมชน),129
8.85876E+12,VELDENT DENTURE ADHESIVE CR. 60G.(ติดฟันปลอม),194.5
8.85876E+12,"VELDENT MOUTH SPRAY(โพรพอลิส,กระชาย)18ML",116.75
8.85876E+12,VELDENT MOUTH SPRAY(โพรพอลิส+พลับ)18ML,83
8.85281E+12,VENIUM 25x10'S/BX.(L.B.S)(Aluminium H),282
8.85898E+12,VENOFEN-600MG. 10x10'S(IBUPROFEN)PML.,133.5
8.85892E+12,VENSIX (DIMEN+B6) 1x25x4CAP/BX.,120.75
8.85101E+12,VENTOLIN EVOHALER 200D.*ใหม่,185
8.85945E+12,VENUZ ONE 1'Sx10แผง/แพ็ค(ยาคุมฉุกเฉิน),130
8.85182E+12,VERAGEL DMS 20x10'S (GREAT EASTERN),324
120720,VERANA L-GLUTA BERRY PLUS ซอง(20.-),0
8.85945E+12,VERCALOL 12.5MG. 10x10'S/BX.(CARVEDILOL),496
8.85945E+12,VERCALOL 25MG. 10x10'S/BX.(CARVEDILOL),776
8.85945E+12,VERCALOL 6.25MG.10x10'S/BX.(CARVEDILOL),544
8.9013E+12,VERCEF 125/5ML 60ML(CEFACLOR)SUN,95
8.85867E+12,VERMAX INJECTION 100ML,208
8.85298E+12,VERMINE 40MG.10x10'S (VERAPAMIL)CPL,140
8.85265E+12,VERMIXIDE 10ML(ALBENDAZOLE)(45.-),10
4.04276E+12,VERRUMAL 13ML.ทาหูด,204
8.85825E+12,VESCOMECID(OMEPRAZOLE 20MG.)25x10'S,220.5
8.85825E+12,VESCONAC 25MG.1000'S(DICLOFENAC)VESCO,137
8.85825E+12,VESCONAC INJ (DICLOFENAC 75MG.)50x3ML.,4.5
8.85825E+12,VESCOPOLAMINE INJ.(HYOSCINE) 50x1ML,11
8.85825E+12,VESNON-V 100MG.10AMPx2ML(TRAMADOL),8.5
8.85511E+12,VESOPH EYE-DROPS 5ML(DEXA+NEO)TCP.,17.75
8.02003E+12,VESSEL 250LSU 50CAP(SULODEXIDE)ABBOTT,1844.5
8.85825E+12,VESTAN 500MG. 500'S/กระปุก(MEFENAMIC)VESCO,227
8.01956E+12,"VIARTRIL-S 1,500MG.30's/กล่อง",1080
8.85266E+12,"VIBEE B1,6,12 10x10'S(BIOPHARM)",232
8.85876E+12,VIBOOSTA ACEROLA CHERRY 20'S/หลอด,80
8.85876E+12,VIBOOSTA C1000MG. 30'S,128.75
8.85876E+12,VIBOOSTA C-FORCE 1000 20'S (เม็ดฟู่),80
8.85876E+12,VIBOOSTA COLLA CAL D 12หลอดx7'S/BX.,675
8.85876E+12,VIBOOSTA COLLA CAL D 20'S/หลอด,80
8.85876E+12,VIBOOSTA ENZY เม็ดฟู่ 20'S(ช่วยย่อย),80
8.85876E+12,VIBOOSTA LUTEIN PLUS 12หลอดx7'S/BX.,675
8.85876E+12,VIBOOSTA LUTEIN PLUS 20'S/หลอด,80
8.85876E+12,VIBOOSTA MAGNESIUM PLUS 20'S(เม็ดฟู่),80
8.85876E+12,VIBOOSTA MULTIVIT 12หลอดx7'S/BX.,675
8.85876E+12,VIBOOSTA MULTIVIT 20'S (เม็ดฟู่),80
8.85876E+12,VIBOOSTA POSTIC FIBER 20'S/หลอด,80
3.33788E+12,VICHY AQ MINERAL WATER GEL 50ML,762.25
3.33787E+12,VICHY AQ SERUM 30ML,936.5
3.33787E+12,VICHY AQ TONER WATER 200ML,486.25
3.33788E+12,VICHY AQUALIA SERUM 30ML,935
3.33788E+12,VICHY AQUALIA THERMAL GEL 50ML,762.5
3.33787E+12,VICHY IDEAL SUN SPOTS SPF40 30ML,659.25
3.33787E+12,VICHY IDEAL WHITE DEEP LOTION 200ML,625
3.33787E+12,VICHY IDEAL WHITE EYES 15ML,971
3.33787E+12,VICHY IDEAL WHITE FOAM 100ML,555.25
3.33787E+12,VICHY IDEAL WHITE META EMULSION 50ML,1040.5
3.33787E+12,VICHY IDEAL WHITE META ESSENCE 30ML,1318
3.33788E+12,VICHY IDEAL WHITE SLEEPING MASK 75ML,1109.5
3.33788E+12,VICHY ILLUMIN DAY CREAM 50ML,1030
3.33788E+12,VICHY ILLUMIN LOTION 100ML,823.25
3.33788E+12,VICHY ILLUMIN MOIST ESSENCE 30ML,1304.5
3.33787E+12,VICHY LIFT DAY SUPREME 50ML,1385
3.33787E+12,VICHY LIFT NIGHT SUPREME 50ML,1463
3.33788E+12,VICHY LIFT SERUM10 30ML,1579
3.33787E+12,VICHY LIFT SERUM10 YEUX&CILS 15ML,1201.5
8.85043E+12,VICHY LUMIERE SPECAIL SET(530.-),0
3.33788E+12,VICHY MINERAL 89 50ML,910
8.85043E+12,VICHY MINERAL 89 SPECI SET(650.-),0
3.33787E+12,VICHY MINERRAL WATER SPRAY 150ML,378.5
3.33787E+12,VICHY MINERRAL WATER SPRAY 300ML,481.25
3.33787E+12,VICHY MINERRAL WATER SPRAY 50ML,152
3.33787E+12,VICHY NEOGENIC SHAMPOO 200ML,378.5
3.33788E+12,VICHY NOR 3EN1 CLEAN+SCRUB+MASK 125ML,550
3.33788E+12,VICHY NOR BEAUTIFYING 50ML,653
3.33787E+12,VICHY NOR FOAMING CREAM 125ML,248
3.33787E+12,VICHY NOR GEL NETTOYANT 100ML,248
3.33787E+12,VICHY NOR GEL NETTOYANT 200ML(ขวดปั๊ม),489
3.33787E+12,VICHY NOR HYALU SPOT 15ML,447
3.33787E+12,VICHY NOR MICELLAR SOLUTION 200ML,515.5
3.33787E+12,VICHY NOR PUR FY NG TONER 200ML,502
3.33787E+12,VICHY PURETE' 3EN1 CLEANSING 200ML,515.5
3.33787E+12,VICHY PURETE' CLEANSING 150ML(หัวปั๊ม),536.25
3.33787E+12,VICHY PURETE' CLEANSING GEL 200ML,481.25
3.33787E+12,VICHY SUN DRY TOUCH SPF50 50ML,749
5.01397E+12,VICK FIRST DEFENCE NASAL SPRAY 15ML,216.5
5.00017E+12,VICKS BABY BALSAM 50G.,215.5
4.98718E+12,VICKS ขวดเล็ก 25G./ขวด,95
4.98718E+12,VICKS ขวดใหญ่ 50G/ขวด,184
5.49872E+13,VICKS ตลับเล็ก 5G.60'S/BX,23
4.98718E+12,VICKS ตลับใหญ่ 10G.60'S/BX,42.5
8.85898E+12,VIDETAPP ELIXIR 60ML(BROM+PHENY)*รายงาน,17.5
4.03057E+12,VIDISIC GEL 10G.,128
8.85274E+12,VIFAS 180MG.10x10'S (สูตรTELFAST.) (SIAM),1566.5
8.85274E+12,VIFAS 180MG.1x10'S (สูตรTELFAST.) (SIAM),107.5
8.85274E+12,VIFAS 60MG.1x10'S (สูตรTELFAST.) (SIAM),49.5
3.00654E+11,VIGAMOX SOL 5ML(MOXIFLOX.)(ALCON),182
8.85274E+12,VILERM 200MG.5x5'S./BX(ACYCLOVIR),155
8.85274E+12,VILERM 400MG.14x5'S/BX(ACYCOVIR),623
8.85274E+12,VILERM 800MG.7X5'S./BX(ACYCLOVIR),439
8.85274E+12,VILERM CR.1G.x10'S(ACYCLOVIR),124.5
8.85274E+12,VILERM CR.5G.(SIAM)(ACYCLOVIR),48.5
8.854E+12,VIN21 POST ACNE 15CC./หลอด,98.5
8.854E+12,VIN21 ANTI-MELASMA CARE 15CC./หลอด,257.5
8.854E+12,VIN21 MELASMA EXTRA CARE 10ML.,262
8.85876E+12,VIO C 1000MG. 30เม็ด(BIOPHARM),130
8.85266E+12,VIO NERBB-B 60'S/BX.(BIOPHARM),248
8.85188E+12,VIOLIN 2 MG (SALBUTAMOL) 1000'S(TO),140
8.85188E+12,VIOLIN SYR.60ML(SALBUTAMOL),12
8.85865E+12,VIOTRUM MTV PLUS 60'S,268
103082207,VIR GUARD ALCOHOL 76.5 % 18ลิตร/ถัง,7000
8.85956E+12,VIROGON 200MG 5x5'S,99.75
8.85956E+12,VIROGON 400MG.7x10'S.(ACYCOVIR),354.75
8.85956E+12,VIROGON 800MG.7x5'S(ACYCLOVIR),354.75
8.85147E+12,VIRONIL 400MG.7X10'S (ACYCOVIR),335.75
4.0576E+12,VISANNE 2MG. 2x14'(DIENOGEST)*ขายขาด,2675
8.85899E+12,VISLUBE 20x0.45CC./กล่อง,348
8.85712E+12,VI-STAR B1-6-12 100x10'S/BX.(7ดาว),599.5
8.85152E+12,VISTRA 3WHEY PROTEIN 525G.(15ซอง)ช๊อค,900
8.85152E+12,VISTRA 3WHEY PROTEIN+ 525G.(วนิลา),900
8.85876E+12,VISTRA ACEROLA 100'S.,508
8.85876E+12,VISTRA ACEROLA 45'S./ขวด,236.5
8.85152E+12,VISTRA ACEROLA 45'S+GRAPE SEED 20'S(เซตคู่),241.5
8.85152E+12,VISTRA ADVANCE ELASTIN PEPTIDE +COLLA 10'S,336
8.85152E+12,VISTRA ADVANCED ELASTIN+COLLA 5000 6'S/BX.,336
8.85152E+12,VISTRA ASTAXANTHIN 4MG. 30'S,350.5
8.85152E+12,VISTRA ASTAXANTHIN 6MG. 30'S*ใหม่,474
8.85152E+12,VISTRA B COMPLEX+MINERALS.30'S,137
8.85152E+12,VISTRA B COMPLEX+โสม 30'S,216.5
8.85152E+12,VISTRA BACOPA EXTRACT 300MG. 30'S,168.75
8.85152E+12,VISTRA BETA GLUCAN 30'S,432.25
,VISTRA BIFIDO BALANCE 2x30'S(แพ็คคู่),412
8.85152E+12,VISTRA BILBERRY EXTRACT PLUS 30'S,292.5
8.85152E+12,VISTRA BILBERRY EXTRACT PLUS 60'S,521.5
8.85152E+12,VISTRA BIO CALCIUM L-THREONATE 30'S,345.75
8.85152E+12,VISTRA BIO-C 1000MG.30'S,195.25
8.85152E+12,VISTRA BIOFLAVONOIDS 1000MG. 30'S,302.5
8.85152E+12,VISTRA BON-ACTIVE UC-ll 40MG. 30'S,522.75
8.85876E+12,VISTRA CALPLEX (สตอเบอรี่) 10'S/BX.,92
8.85152E+12,VISTRA CALPLEX 700MG.30'S,122
8.85152E+12,VISTRA CALPLEX 90'S ใหญ่,321.5
8.85152E+12,VISTRA CALPLEX CALCIUM 600MG.30'S,150
8.85152E+12,VISTRA CARNIMIX 60'S,727.5
8.85152E+12,VISTRA CERAMIDE GAMMA + Q10 30'S,538
8.85152E+12,VISTRA CLA & L-CARNITINE 30'S,454.75
8.85152E+12,VISTRA CLA 1200MG. 60'S,757
8.85876E+12,VISTRA COLL.PEP.4000MG.(APPLE)ซอง,214.25
8.85152E+12,VISTRA COLLA DIPEPTIDE 1000MG.+VITC 30'S,329.75
8.85152E+12,VISTRA COLLA TRIPEPTIDE 1300MG. 30'S,301
8.85152E+12,VISTRA COLLA TRIPEPTIDE 1300MG.7x6'S/BX.,0
8.85152E+12,VISTRA COLLA TYPE ll 1000MG.+TUMERIC 10'S,411
8.85152E+12,VISTRA COLLAGEN 10000MGรสส้ม+สับปะรด,517
8.85152E+12,VISTRA COLLAGEN 10000MGสตรอ+ลิ้นจี่,517
8.85152E+12,VISTRA CO-Q10 30 เม็ด(ใหม่),140.75
8.85152E+12,VISTRA CORDYCEPS EXCT. 30'S(ถั่งเช่า),500
8.85152E+12,VISTRA CRANBERRY 30'S,221.5
8.85152E+12,VISTRA DAILY PROBIOTIC 30'S,502
8.85152E+12,VISTRA DT FIBER(เขียว) 7000,102
8.85876E+12,"VISTRA EPO.1,000MG.75'S.ขวด",227
8.85152E+12,VISTRA FINGER ROOT EXTRACT 240MG.30'S,255
8.85152E+12,VISTRA GINKGO 30'S./ขวด,174.75
8.85152E+12,VISTRA GINKGO 4'Sx6ซอง/BX.,0
8.85152E+12,VISTRA GLUTA 1000 PLUS 30'S,468.5
8.85152E+12,VISTRA GLUTA COMP.800MG.30'S,384
8.85152E+12,VISTRA GLUTA COMPLEX 800MG.30'Sx2(แพ็คคู่),720.5
8.85152E+12,VISTRA GOTU KOLA 2x30'S(แพ็คคู่),342
8.85152E+12,VISTRA GOTU KOLA 30'S,175.75
8.85876E+12,VISTRA GRAPE SEED 30'S./ขวด,197.5
,VISTRA GRAPE SEED 7'Sx6ซอง./BX.,99999
8.85152E+12,"VISTRA HAPPY NEW YEAR SET(1,470.-)",814.5
8.85152E+12,VISTRA HI-10 16G.x15'S/BX,234
8.85152E+12,VISTRA IMU-PRO C 2X30 TAPS & WIGGLE SET,608
8.85152E+12,VISTRA IMU-PRO C ACEROLA CHERRY 30'S,317.5
8.85152E+12,VISTRA IMU-PRO ELDERBERRY+MULTIVIT 120ML,206.75
8.85152E+12,VISTRA INNERMOST BRIGHT SET3(แพ็ค),650
8.85152E+12,VISTRA KIWI EXTRACT 50MG.30'S,297
8.85152E+12,VISTRA L-ARGININE PLUS L-ORNITHINE 60'S,576
8.85152E+12,VISTRA L-CARNITINE 3L 2x30'S+20'Sแพ็ค,488.25
8.85152E+12,VISTRA L-CARNITINE 3L30'S,227
8.85876E+12,VISTRA L-CARNITINE+L-PHENYL SET 2+1,655
8.85152E+12,VISTRA LIVOTOX 30'S,292.75
8.85876E+12,VISTRA L-ORNITHINE 500MG. 30'S,248
8.85152E+12,VISTRA MAGNESIUM COMPLEX 30'S,151.75
8.85152E+12,VISTRA MOVEFLEX 30'S(GLUCOSA 1500MG.),296
8.85152E+12,VISTRA MULTI&MINERAL+AMINO 30'S,163
8.85152E+12,VISTRA MULTI&MINERAL+AMINO 50'S,252.75
8.85152E+12,VISTRA MULTIVIT ULTRA PLUS AMINO 30'S,214
8.85152E+12,VISTRA ODORLESS FISH OIL 1000MG.45'S,104.5
8.85152E+12,VISTRA OLIVE FRUIT EXTRACT 30'S,290.25
8.85152E+12,VISTRA OMEGA 30'S,99999
8.85152E+12,VISTRA PHYTOSTEROL PLUS POLICOSANOL 30'S,294
8.85152E+12,VISTRA PLANT AMIPRO+VIT B 30'S,154.5
8.85152E+12,VISTRA RED LINGZHI 30'S(หลินจือแดง),442.5
8.85152E+12,VISTRA RED WINE 25MG. 30'S,290.25
8.85152E+12,VISTRA REGROW 30'S,258.75
8.85152E+12,VISTRA RELACZA PLUS 30'S(ช่วยนอนหลับ),255
8.85876E+12,VISTRA RICE & BRAM OIL 30'S 500mg.,133.25
8.85152E+12,VISTRA RICE & BRAM OIL 40'S.1000mg.,269.75
8.85152E+12,VISTRA SAKURA EXTRACT & MARINE 30'S,612
8.85152E+12,VISTRA SALMON FISH OIL 100'S/ขวด,249.5
8.85152E+12,VISTRA SALMON FISH OIL 45'S,128.75
8.85876E+12,VISTRA SALMON FISH OIL 75'S/ขวด,198.5
8.85152E+12,VISTRA SESAMIN NIGHT TIME 30CAPS *P,521
,VISTRA SESAMIN NIGHT TIME 7CAPS(PRO),0
8.85152E+12,VISTRA SHINENY AND HEALTHY SET,1052
8.85152E+12,VISTRA SOY GERM POWDER 30'S(FORTY PLUS),378.5
8.85152E+12,VISTRA SOY LECITHIN 1200MG. 90'S,179.75
8.85152E+12,VISTRA TOMATO EXT.30CAPSULE,335.75
8.85152E+12,VISTRA WHEY PROTEIN 255G.(17G.x15'S)วนิลา,277.75
8.85876E+12,VISTRA ZINC 20'S,0
8.85876E+12,VISTRA ZINC 45'S./ขวด,155.5
8.85254E+12,VIT 500MG. C-MILE 12หลอดx15เม็ด/กล่อง,551
8.85254E+12,VIT C-MILE 500MG. 12x15'S(EDWAEDS),443
8.85876E+12,VITA & MINE SOFTGEL 10x10'S/BX.(7ดาว),299.75
s8859073000101,VITA C CALCIUM GUMMY 15G.x12,24.5
,VITA C GUMMY 15G. รสสตอเบอรี่ (PRO),0
8.85936E+12,VITA C GUMMY 40G.x12'S/BX ส้ม *P,26
8.85936E+12,VITA C GUMMY 40G.x12'S/BX แบล็คเคอเรนท์ *P,26
8.85936E+12,VITA C GUMMY 40G.x12'S/BX โคล่า *P,26
8.85936E+12,VITA C GUMMY 40G.x12'S/BX สตอร์ *P,26
8.85936E+12,VITA C GUMMY 40G.x12'S/BX.(กลิ่นองุ่นมัสแคท) *P,26
8.85907E+12,VITA C GUMMY 40G.x12'S/BX.กล้วย,26
8.85882E+12,VITA K2 MENAQUINONE-7 60'S(LSP),167
8.85394E+12,VITABION 10x10'S(สูตร NUROBION),257.5
8.85394E+12,VITABION 50x10'S(สูตร NUROBION),1225
8.85651E+12,VITA-C CANDY POP 10'S/BX.(แอปเปิ้ล),123.5
8.85651E+12,VITA-C CANDY POP 10'S/BX.(ส้ม),123.5
8.85651E+12,VITA-C CHEWY รสผลไม้รวม 20ซอง/กล่อง,157
8.85651E+12,VITA-C GUMMY MULTI FRUIT 24ซอง(TMAN),158
8.85651E+12,VITA-C JELLY STRIP 10ซอง/กล่อง,79.5
8.85651E+12,VITA-C LITE VITAMIN C 10x100เม็ด(รสส้ม),395.5
8.85651E+12,VITA-C LUTEIN BERRY GUMMY 24ซอง/BX.,159
8.85651E+12,VITA-C กลิ่นเลม่อน 1000'S(TMAN),97
8.85651E+12,VITA-C กลิ่นเลม่อน 50ซองx30'S/BX(T.MAN),196
8.85651E+12,VITA-C มัลติฟรุต เฟลเวอร์ พลัส 24ซอง/BX.,160
8.85651E+12,VITA-C สตอเบอรี่ 50ซองx30'S/BX(T.MAN),240
8.85712E+12,VITA-C สตอร์เบอรี่ 1000'S(TMAN),108
8.85651E+12,VITA-C ส้ม 1000'S(TMAN),97
8.85651E+12,VITA-C ส้ม 50ซองx30'S/BX (T.MAN),196
8.85712E+12,VITA-C สับปะรด 1000'S(TMAN),97
8.85712E+12,VITA-C สับปะรด 50ซองx30'S/BX(T.MAN),196
8.85712E+12,VITA-C องุ่น 1000'S(TMAN),97
8.85712E+12,VITA-C องุ่น 50ซองx30'S/BX(T.MAN),196
8.85961E+12,VITAHAIR ORGANIC SHAMPOO 200ML.,152
8.85904E+12,VITALOZENGE (สตอ+เชอรี่)กล่องละ6หลอด,296.5
8.85904E+12,VITALOZENGE(มะม่วงเสาวรส)กล่องละ6หลอด,296.5
8.85236E+12,VITALUX PLUS 30'S(ALCON),298.5
162001,VITAMIN A 25000 IU 100'S (PATAR),52
,"VITAMIN B 1,6,12 100'S(TP)",61
8.85885E+12,VITAMIN B COMPLEX 1000'S(AU) แดง,110
8.85353E+12,VITAMIN B COMPLEX 100'S(TP),55.75
8.85406E+12,VITAMIN B1-100MG. INJ.1MLx10'S/BX.,34
8.85353E+12,VITAMIN B12 1000MCG INJ. 50'Sx1ML/BX.(T.P),198
8.85298E+12,VITAMIN C 1000(CPL.) 30'S,87
8.85068E+12,VITAMIN C 500MG. 100'S(GPO)ลัง20,128
8.85651E+12,VITAMIN C 500MG.100'S(TMAN),120.5
8.85501E+12,VITAMIN-B STRONG 1000'S (PATAR),153
8.85353E+12,VITAMIN-C INJ. 500MG.50x2ML/BX.(T.P),222
8.85335E+12,VITARA - E 25G.,44.25
8.85266E+12,VITARA AD CREAM PLUS 10G.(BERICH),148.5
8.85266E+12,VITARA AD CREAM PLUS 30G.(BERICH),286.5
8.85926E+12,VITARA AHA 10% SERUM PLUS 10G.,90.5
8.85266E+12,VITARA ALCOHOL SPRAY EXTRA 50ML,38.25
,VITARA ALOEVELA 70G.,77
8.85899E+12,VITARA ALOEVELA AFTER SUN GEL 120G.,117.5
8.85335E+12,VITARA ALOEVELA AFTER SUN GEL 240G.,192
8.85266E+12,VITARA ALOEVELA COOL GEL 120G.,110.5
8.85335E+12,VITARA ALOEVELA GEL 120G.(สูตรORIGINAL),89.5
8.85266E+12,VITARA ALOEVELA+C&E GEL 120G.,103.75
8.85266E+12,VITARA ALOEVELA+COLLAGEN GEL 120G.,103.75
8.85266E+12,VITARA ALOEVELA+CUCUMBER GEL 120G.,103.75
8.85266E+12,VITARA ALOEVERA GEL PLUS TX 120G.,117.5
8.85266E+12,VITARA ALOEVERA+PANTHENOL 120G.,115.5
8.85266E+12,VITARA ALOEVERA+PANTHENOL 70G.,84.25
8.85266E+12,VITARA ANTI ACNE CREAM 35G.,167
8.85266E+12,VITARA ANTI ACNE LIQUID CLEANSER 100ML,132.25
8.85899E+12,VITARA BETA-C CREAM 15G.(BETA+CLOTRI),39.75
8.85266E+12,VITARA BODY MIST SUN SPRAY SPF50+ 100ML,241.25
8.85266E+12,VITARA C ZINC PLUS MOUTH SPRAY 12ML.,163.5
8.85335E+12,VITARA CLINDA GEL 7G.,26.75
8.85266E+12,VITARA COLD & ALLERGY NASAL SPRAY 20ML,161.25
8.85266E+12,VITARA E & UREA 5% 20G.,58.75
8.85266E+12,VITARA E WHITENING&SOOTHING CR.25G.,61.25
8.85266E+12,VITARA FACIAL CLEANSING GENTEL&MILD 100ML,141.25
8.85266E+12,VITARA HAND GEL +ALOE VERA 75% 465ML,149.25
,VITARA HAND GEL+ALOE 70% 50ML,30
,VITARA HAND GEL+ALOE EXTRA 75% 50ML,32
8.85266E+12,VITARA HEMP SEED OIL ESSENCE CREAM 120G.,132.5
8.85266E+12,VITARA HYALURON SERUM 20G.(BERICH),278
8.85083E+12,VITARA HYGIENIC ALCOHOL WIPES 20'S,35
8.85266E+12,VITARA MICELLAR WATER CLEANSING 150ML,129
8.85266E+12,VITARA PROMUNE C 30'S(เสริมภูมิคุ้มกัน),244.75
8.85266E+12,VITARA SCAR GEL PLUS 15G.,178
8.85926E+12,VITARA SENSITIVE CLEANSING GEL 100G.,160.5
8.85266E+12,VITARA SILICONE SCAR PLUS SPF 9G.,231.5
8.85266E+12,VITARA SKIN BEFINE LOTION 30G.,182
8.85266E+12,VITARA SUNSCREEN NANO WHITE SPF50+ 20G.,165.5
8.85266E+12,VITARA ULTRA SILICONE PLUS C&E 15G.,222.5
8.85266E+12,VITARA-TX (PPE) CR.15G.(ทาฝ้า),166
8.85266E+12,VITARA-TX (PPE) CR.5G.(ทาฝ้า),59
8.85876E+12,"VIT-B 1,6,12 FORTE 5x10'S(สูตรNEUROBION) KRESS",176.5
8.85343E+12,VIT-C 25 FRX 50ซองx30เม็ด/BX.(รสสตอเบอรี่),197
8.85343E+12,VIT-C 25 FRX 50ซองx30เม็ด/BX.(รสส้ม),197
8.85343E+12,VIT-C 25 FRX 50ซองx30เม็ด/BX.(รสองุ่น),197
8.85343E+12,VIT-C 25 FRX 60ซองx30เม็ด/BX.(ผลไม้รวม),236
8.85291E+12,VIT-D DROP 15ML.(BLHUA),99999
8.85898E+12,VITOP 10x10'S(VITAMINS & MINNERALS),345
8.85608E+12,VIT'S2GO(VITAMIN A)12x2'S/กล่อง,157
5.00046E+12,VIVACOR 10MG.28'S(สูตรCRESTOR),636
5.00046E+12,VIVACOR 20MG.28'S(สูตรCRESTOR),945
4.03057E+12,VIVIDRIN ED.10CC./ขวด** ขึ้น,139
8.85394E+12,VIVIR 800MG. 7x5'S(ACYCLOVIR),233.75
8.85394E+12,VIVIR CREAM 5G.(ACICLOVIR)UNISON,25.5
8.85501E+12,VIVIT 100'S(กล่องละ10แผง)(PATAR),179.5
222210,VIVIT 50x10'S(MULTIVIT)(PATAR.),18
8.85009E+12,VIXOL น้ำยาล้างห้องน้ำ-สีขาว 900ML,37
8.85009E+12,VIXOL น้ำยาล้างห้องน้ำ-สีชมพู 900ML,37
8.85009E+12,VIXOL น้ำยาล้างห้องน้ำ-สีดำ 900ML,37
8.85335E+12,VIZO 200MG.5x5'S(ACYCLOVIR)(FARMALINE),78.25
8.85335E+12,VIZO 400MG.14x5'S (ACYCOVIR)(FARMALINE),265.5
8.85335E+12,VIZO 800MG.7x5'S (ACYCLOVIR)(FARMALINE),264
8.85394E+12,VOCIN 500MG.10x10'S(LEVOFLOXACIN),782
8.85394E+12,VOCIN 500MG.1x10'S(LEVOFLOXACIN),101
8.85394E+12,VOCIN 500MG.1x5'S(LEVOFLOXACIN),76
8.85546E+12,VOFLOX-250 1x5'S(LEVOFLOXACIN)MILLIMED,110
8.85546E+12,VOFLOX-500 1x5'S(LEVOFLOXACIN)MILLIMED,46.5
8.85882E+12,VOLCLONAC SPRAY 60ML(BIOPHARM),103
8.85188E+12,VOLNAC 25MG.100x10'S(DICLOFENAC),2
8.85651E+12,VOLTA 15G.(DICLOFENAC)T.MAN,13.5
8.85236E+12,VOLTAREN 25MG.3x10'S./แผง,145
8.85236E+12,VOLTAREN GEL 100G.ใหญ่พิเศษ,409.75
8.85236E+12,VOLTAREN GEL 10G.เล็ก /หลอด,67
8.85236E+12,VOLTAREN GEL 25G. ใหม่,147
8.85236E+12,VOLTAREN GEL 50G.ใหญ่ /หลอด,260
8.85236E+12,VOLTAREN-SR 100MG.3x10'S./bx,632
8.85236E+12,VOLTAREN-SR 75MG.3x10'S.,395
8.85236E+12,VOLTFAST 50MG.30'S/BX.(DICLOFENAC),243.5
8.85236E+12,VOLTFAST 50MG.9'S/BX.(DICLOFENAC),76.5
8.85347E+12,VOMITIL-M 50x10'S(DOMPERIDONE),189
8.85394E+12,VOPAR 250 10x10'S(LEVODO+BENSERA)UNISON,805
8.85394E+12,VULTIN 100MG.10x10'S(GABAPENTIN)UNISUN,194
8.85394E+12,VULTIN 300MG.10x10'S(GABAPENTIN)UNISUN,320
8.40165E+11,VYTORIN 10MG./10MG.30'S(EZET/SIMVAS),1380.5
8.40165E+11,VYTORIN 10MG./20MG.30'S/BX.(EZET/SIMVAS),1380.5
8.85278E+12,WAKIE 10x10'S./กล่อง,122
,WALLIAS ALCOHOL 75% 1000ML(PRUKSAPORN),70
,WALLIAS ALCOHOL 75% 5000ML,290
6.93602E+12,WALLIAS COVID-19&RSV&FLU A/B TEST 1'S(NASAL),48
8.8595E+12,WALLIAS ทิชชู่แอลกอฮอล์ 50'S/ห่อ,30
8.85869E+12,WATTANA HERBS FOR HEALTH+PLUS 4เม็ด/กล่อง,228.5
8.85101E+12,WELLBUTRIN XL 150MG.30'S(GSK),940.5
8.85101E+12,WELLBUTRIN XL 300MG.30'S(GSK),1297
,WELLMED HAND SANITIZIER GEL 70% 60ML,39
8.85866E+12,WELLUP ACEROLA CHERRY 1000MG. 30'S,280
8.85866E+12,WELLUP EVER CLEAR SOAP 50G.,55
8.85866E+12,WELLUP MOISTURIZING LOTION EX 200ML.,150
8.85866E+12,WELLUP MOUTH SPRAY EX 15ML.,114.5
8.8594E+12,WHITE PLUME ผ้าก๊อซ 2x2 นิ้ว 10'S/BX.,27
8.8594E+12,WHITE PLUME ผ้าก๊อซ 3x3 นิ้ว 10'S,48.25
8.8794E+12,WHITE PLUME ผ้าก๊อซ 4x4 นิ้ว 10'S,78.5
8.85712E+12,WHITENING 3D 50กรัม(ยาสีฟัน),99999
1.88593E+13,WII-TOP 10x10'S(PVT)MULTIVIT,230
6.97429E+12,WISE TEST ตรวจ COVIDS-19(น้ำลาย)แพ็ค20ชิ้น,65
8.85501E+12,WISH C 50x20'S กลิ่นลิ้นจี่ (PATAR),151
8.85501E+12,WISH C 50x20'S กลิ่นองุ่น (PATAR),151
6.02402E+11,WITH LOVE เครื่องดื่มหัวปลี ขิง ธรรมชาติ 10ซอง,115
6.02402E+11,WITH LOVE เครื่องดื่มหัวปลี ขิง อินทผลัม10ซอง,115
6.02402E+11,WITH LOVE เครื่องดื่มหัวปลี ตะไคร้ สำเร็จรูป 10ซอง,115
8.85713E+12,WONDER DENGUE lgG/lgM-NS1 3in1 1'S(ไข้เลือดออก),76
8.85907E+12,WOUND DRESSING คุณหมอ N3,25.5
8.85286E+12,XALACOM EYE DROPS 2.5ML,616
1.21E+12,XALATAN EYE DROP 0.005% 2.5ML(PFIZER),532
5.70219E+12,XAMIOL SCALP 15G.,663.5
8.85894E+12,XANDASE 100MG.50x10'S(ALLOPURINOL),498.75
8.85894E+12,XANDASE 300MG.50x10'S(ALLOPURINOL),1349
8.85262E+12,XANIDINE 150MG.10x10'S.,75
8.85889E+12,XANTHIP GOLD 250 ML(น้ำมังคุด),254
1.21E+12,XARATOR 10MG. 30'S(สูตรLIPITOR),517
1.21E+12,XARATOR 20MG. 30เม็ด(สูตรLIPITOR),641
1.21E+12,XARATOR 40MG. 30เม็ด(สูตรLIPITOR),785
8.85485E+12,XARELTO 10MG.10'S(RIVAROXABAN)BAYER*ขายขาด,1409
8.85017E+12,XARELTO 15MG.30'S(RIVAROXABAN)BAYER*ขายขาด,4141.5
8.85017E+12,XARELTO 20MG.28'S (RIVAROXABAN)BAYER*ขายขาด,4141.5
3.58291E+12,XATRAL-XL 10MG.1x30'S./กล่อง(ใหม่)*ขายขาด,857
8.8546E+12,XCELENT-C PLUS 10'S/BX.,98.75
4.2601E+12,XENICAL 120MG.1x21'S (ORLISTAT),695.5
8.85254E+12,XIDANE 7.5MG. 10x10'S(MELOXICAM),158
5.00046E+12,XIGDUO XR 10MG./1000MG. 28'S,1505.5
8.85394E+12,XUBIL 45ML.(MONOBASIC+DIBASIC),30.5
24120310,XYLOCAINE JELLY 2% 30G.(LIDOCAIN),143.25
8.85898E+12,XYROCIN-500 50x10'S(CIPROFLOXACIN)PML,639.5
8.85101E+12,XYZAL 1x10'S /BX(LEVOCET),134
8.85485E+12,YASMIN 21(DROSPERI+ETHINYL)10'S/แพ็ค,331.5
8.85485E+12,YAZ 28'S.(DROSPERINONE+ETHINYL),367
6.93326E+12,YUWELL INFRARED THERMOMETER YT-2 (เครื่อง),813
,YUWELL เครื่องผลิต OXYGEN รุ่น9F-5BW,15800
6.93326E+12,YUWELL เครื่องพ่นยาแบบอัดอากาศ รุ่น 405A,779
8.43304E+12,ZALAIN (SERTACONAZOL 2%) 20G.,144
8.43304E+12,ZALAIN (SERTACONAZOL 2%) 5G.,56
8.43304E+12,ZALAIN 300MG.1'S(SERTACONAZOL),155.5
8.85017E+12,ZAM-BUK HR 18g แซม-บัค เอชอาร์ 24ตลับ/แพ็ค,34
8.85017E+12,ZAM-BUK HR 36G. แซม-บัค เอชอา ใหญ่,63
8.85017E+12,ZAM-BUK HR 8g แซม-บัค เอชอาร์,23
8.02529E+12,ZANIDIP 10MG.28'S(LERCANIDIPINE)ABBOTT,560
8.02588E+12,ZANIDIP 20MG.28'S(LERCANIDIPINE)ABBOTT,815
8.85274E+12,ZANTIDON 300MG. 10x10'S(RANITIDINE)SIAM,191
8.85944E+12,ZARIUS 1x10'S(สูตร AERIUS),49.75
8.85944E+12,ZARIUS SYRUP 60ML.(สูตรAERIUS),57.75
8.85101E+12,Z-BEC 60'S./ขวด,310
8.85274E+12,Z-DEEN 1x10'S(LORATADINE 10MG.)SIAM,48
8.8571E+12,ZEALOSE (155.-) 6'S/BX,88
8.85274E+12,ZEBEN 10ML(ALBENDAZOLE)SIAM,44.5
8.90405E+12,ZECID-20(OMEPRAZOLE) 10x10,64.75
8.85501E+12,ZEE-500 VITAMIN C 100'S/BX.(PATAR),122.5
8.85882E+12,ZEEM ACNE GEL 5G.,69.5
8.85887E+12,ZEEM SCA GEL 9G.(ALLIUM CEPA 15%),122.5
8.85394E+12,ZELA 2'Sx50(UNISON)(ALBEN.),429
8.85394E+12,ZELA-C 10ML./ขวด(UNISON)(ALBEN),19.5
8.85394E+12,ZELA-C 12ซองx10ML./(UNISON)(ALBEN),122.5
8.85867E+12,ZEMA CR.10G./หลอด,29.5
8.85867E+12,ZEMA CR.15G./หลอดใหญ่,43.5
8.85867E+12,ZEMA CR.5G./หลอด(ลังละ100หลอด),19.5
8.85867E+12,ZEMA LOTION 15CC.เล็ก /ขวด,17.5
8.85867E+12,ZEMA LOTION 30CC.ใหญ่ /ขวด,28.75
8.85867E+12,ZEMA PRO CREAM 15G.(TERBIN.)สูตร LAMISIL,57
8.85867E+12,ZEMA PRO CREAM 5G.(TERBIN.)สูตร LAMISIL,29
8.85281E+12,ZEMAX 250MG.1x6'S(ZITHROMAX)LBS,58.75
8.85147E+12,ZENDA 1000(NICLOSAMIDE)25x2'S,312.5
8.85956E+12,ZENSIL 10x10'S(สูตรZYRTEC ),99.5
8.85956E+12,ZENSIL 1x10'S(สูตรZYRTEC )แพ็ค20แผง,13.5
8.85062E+12,ZENTEL 400MG. 1'S,37.5
8.853E+12,ZENTOZA 25x2'S(ALBENDAZOLE 200MG.),176.25
8.85335E+12,ZENTOZIDE 1x4'S(PRAZIQUANTEL 600MG.)BKD.,40
8.85335E+12,ZENZERA 50x2'S/BX.(ALBEN 200MG.),368
8.85899E+12,ZENZERA-200 36ซองx10ML(ALBEN),358
8.85897E+12,ZE-OIL 300'S,1617
8.85897E+12,ZE-OIL 60'S,475.5
8.85281E+12,ZEPLEX 500MG(CEPHALEXIN) 10x10'S(M&H)ฟ้า-ครีม,240.25
8.85945E+12,ZEROTAN(ELETRIPTAN 40MG.) 2'S/BX.(RELPAX),121.5
8.85335E+12,ZERTINE 10x10'S(สูตรZYRTEC )FARMALINE,71.75
8.85335E+12,ZERTINE SYR. 60ML.(สูตรZYRTEC ),34.5
8.85147E+12,ZETHEN 10x9'S(GLUCOSAMINE 500)TNP,317.25
8.85147E+12,ZETHEN 5x9'S(GLUCOSAMINE 500)TNP,159
8.85877E+12,ZETRIX SYRUP 60ML(สูตรZYRTEC )(รสกล้วย),21.75
8.85262E+12,ZETTROL 10x10'S(EZETIMIBE 10MG.)BERLIN,764
8.85262E+12,ZETTROL 3x10'S(EZETIMIBE 10MG.)BERLIN,235
8.85266E+12,ZEVIN 200MG. 5x5'S/BX.(ACYCLOVIR),82.5
8.85266E+12,ZEVIN 400MG. 7x10'S/BX.(ACYCOVIR),408
8.85266E+12,ZEVIN 800MG. 7x5'S/BX.(ACYCOVIR),362
8.85266E+12,ZEVIN CR.3GM.(ACYCLOVIR),36
8.85266E+12,ZEVIN CREAM 10G.(ACYCLOVIR),94.5
8.85266E+12,ZEVIN CREAM 1G.x10(ACYCLOVIR),93.5
TF2580,ZHULIAN คอฟฟี่ พลัสผสมโสม 40ซองx20G./ถุง,553
TF2581,ZHULIAN คอฟฟี่ พลัสผสมโสม 84ซองx20G./ถุง,1089
TF 2582,ZHULIAN คอฟฟี่พลัส โสม+คอนลาเจน 18ซองx20G./ถุง,224
8.85699E+12,ZIFLOX-500MG.10x10'S(CIPROFLOX)UMEDA,165
8.85335E+12,ZIGA CAP 1x14'S(OMEPLAZOLE),35.5
8.85335E+12,ZIGA GAS 240ML,67.5
8.85335E+12,ZIGA GEL มิ้น 240 ML.(ลัง24),53
8.85335E+12,ZIGA GEL ส้ม 240ML.(ลัง24),53
8.85899E+12,ZIGA SUSPENSION GEL 20'Sx15ML/BX.(300.-),10
8.85712E+12,ZIGALESS 6'Sx15ML(TMAN),320.5
8.85956E+12,ZIMMEX 10MG.100x10'S.(SIMVASTATIN),807
8.85956E+12,ZIMMEX 10MG.3x10'S.(SMC) *ใหม่,26
8.85956E+12,ZIMMEX 20MG.100x10'S.(SIMVASTATIN),1248.75
8.85956E+12,ZIMMEX 20MG.3x10'S.(SIMVASTATIN),39.75
8.85956E+12,ZIMMEX 40MG.3x10'S.(SIMVASTATIN),79.5
8.85068E+12,ZIMVA 10 MG.10x10'S (SIMVASTATIN),55
8.85068E+12,ZIMVA 20 MG.10x10'S (SIMVASTATIN),95
8.85068E+12,ZIMVA 40MG.10x10'S (SIMVASTATIN),164
8.85891E+12,ZINC AMINO ACID CHELATE 30'S,50.5
8.85944E+12,ZINC OXIDE OINTMENT 20G.,0
8.85923E+12,ZINC PLUS AMINO ACID 60'S(BOPHARM),258.5
8.85275E+12,ZINC TABLET 100'S(UTOPINA),82.5
7.13289E+12,ZINCCAP 70MG. 30'S (THP),130
8.85879E+12,ZINE PIP 25 (HYDROXYZINE)(ฟ้า)10x10'S,69.75
8.85501E+12,ZINOR 400 (NORFLOX)50x10'S(PATAR),595
8.85286E+12,ZITHROMAX (AZITHRO)100MGx6'S(ผง),222
8.85266E+12,ZITHROMAX 15CC.(200MG./5ML)(AZITHRO),201
8.85286E+12,ZITHROMAX 250MG. 6'S.(AZITHRO),414.75
8.85966E+12,Z-NITE PLUS+(ผงดอกคาโมมายด์)1G.x14'S(เม็ดเคี๊ยว),99999
8.8546E+12,ZNOR 30'S แก้นอนกรน,294
8.85347E+12,ZOBREX 200MG.10x10'S/BX.(สูตรcelebrex),1166.25
8.85347E+12,ZOBREX 200MG.1x10'S/BX.(สูตรCELEBREX),51
9.31794E+12,ZOCOR 10MG.2x15'S(SIMVASTATIN)MSD,588.5
9.31794E+12,ZOCOR 20MG.2x15'S(SIMVASTATIN)MSD,652.5
8.85188E+12,ZOCOVIN 400(ACYCOVIR)7x10'S,189
8.85945E+12,ZOMOXIN EYEDROP 5ML(MOXIFLOXACIN)Mlillimed,130
8.85877E+12,ZORAX SUSPENSION 60ML(ACYCLOVIR),35.5
8.85101E+12,ZOVIRAX CR.5G./หลอด,394.5
9.55535E+12,ZURTHOL HYGINENE MULTI 250ML,71.5
9.55535E+12,ZURTHOL HYGINENE MULTI 60ML(38.-),26.5
9.55535E+12,ZURTHOL HYGINENE MULTI 750ML,172
8.85501E+12,Z-XANTHIN 500MG. 30'S(PATAR),158
8.90112E+12,ZYCEL 200 1x10'Sx10แผง/แพ็ค(สูตรCELEBREX),35
8.85892E+12,ZYFOPRO 250MG. 50x10'S/BX.(CIPROFLOX)INTER,400.5
8.85892E+12,ZYFOPRO 500MG.25x10'S(CIPROFLOX)INTER,406.75
8.90112E+12,ZYLIN 25MG. 3x10'S(PREGABALIN)PML.,113
8.90112E+12,ZYLIN 75 3X10'S/BX.(PREGABALIN),153
6.0914E+12,ZYLORIC 100MG.4x25'S(ALLOPURINOL),531.5
8.01956E+12,ZYMAFLUOR 0.25MG.100'S.(FLUORIDE),94.25
8.85546E+12,ZYMED SYRUP 60ML(สูตรZYRTEC ),22
8.85335E+12,ZYNO 0.02%15GM.(TA.)BKD.,21.25
8.85335E+12,ZYNO 0.1%15GM.(TA.)BKD.,26
8.85899E+12,ZYNOLOG ORAL PASTE 5G. (TRIAM 0.1%),23.5
8.85254E+12,ZYRAC 1x10'S/BX.(สูตรZYRTEC )(OSOT),9.5
8.85092E+12,ZYREX 50x10'S(สูตรZYRTEC )(เม็ดเหลือง)MASA,215
8.85092E+12,ZYREX 50x10'S(สูตรZYRTEC )(เม็ดขาว)MASA,206
8.85109E+12,ZYRPAC 100x10'S/BX.(สูตรZYRTEC),319
8.85109E+12,ZYRPAC 10x10'S/BX.(สูตรZYRTEC)INPAC.,38.75
8.85101E+12,ZYRTEC 10MG.1x10'S.แพคเกจใหม่,100.5
8.85101E+12,ZYRTEC SYR 75CC.(CETRIZINE),99
8.90112E+12,ZYSTINE 24MG.10x10'S(BETAHISTINE)แคสป้า,418
8.85635E+12,ZYTIZINE SYRUP 60ML.(สูตรZYRTEC)ASIAN,16
71524072,เกจ์ออกซิเจน(MEDICAL REGULATOR),960
8.85876E+12,เกลือแร่ FILLY-D (กลิ่นส้ม) 50'S/BX.,249.75
8.85937E+12,เกลือแร่ ORA-S TROLYTE รสส้ม25G.x25'S/BX.,65
8.85937E+12,เกลือแร่ คิงคอง-ดี 25G.x25'S/BX.,57.75
8.85454E+12,เก้าอี้สุขภัณฑ์ 16 นิ้ว(ฝารองนั่ง+ขาตั้ง),576.5
4.01563E+12,เข็มเจาะ ACCU-CHEK SOFT CLICK 25'S/BX,81.5
6.94952E+12,เข็มเจาะ LANCETS 100'S/BX.(NEXT HEAL+H),107.5
7.61343E+12,เข็มเจาะ ONETOUCH ULTRASOFT LANCET 25'S,78
6.973E+12,เข็มเจาะน้ำตาล ACE+MED BLOOD LANCET 28G. 100'S,77.5
14041905,เข็มโค้งเย็บแผล SIZE 16(CUTTING 3/8) 5'S,170
8.85869E+12,เคเอ็มพี ลูทีน คอมเพล็กซ์ 12แผง/แพ็ค*ขายขาด,146.75
6.94697E+12,เครื่องช่วยฟังแบบคล้องหู VHP-201,975.25
4.01567E+12,เครื่องชั่ง DIGITAL OMRON-HN289 (BLACK),885
204061120,เครื่องชั่ง HELLO KITTY BODY FAT SCALE รุ่น PT-725,917
8.85221E+12,เครื่องชั่งDIGITAL SCALE มีไฟ(โดเรม่อน),0
110314140,เครื่องชั่งน้ำหนัก+วัดส่วนสูง (ชนิดยืน),4557
,เครื่องชั่งน้ำหนักเด็กอ่อนดิจิตอลพร้อมเครื่องวัดส่วนสูง,99999
4.90479E+12,เครื่องชั่งน้ำหนักแบบเข็ม TANITA HA-880 WHITE,362
8.8597E+12,เครื่องชั่งน้ำหนักดิจิตอล KIREO,360.5
6.92223E+12,เครื่องชั่งน้ำหนักสเกล(มิกกี้) MODEL:HA2017,220.5
8.85026E+12,เครื่องชั่งน้ำหนักสเกล(สติช) MODEL:HA2018,220.5
8.85261E+12,เครื่องดื่มเกลือแร่ ROYAL-D 300ML.,11
8.85874E+12,เครื่องดื่มสมุนไพรพญานาค 150ML(ขาว),66
8.85874E+12,เครื่องดื่มสมุนไพรพญานาค พร้อมท์ 150ML(ทอง),12.75
603,เครื่องดูดเสมหะ FRESCO,6860
,เครื่องตรวจ,0
,เครื่องตรวจ หู ตา คอ จมูก,0
4.01563E+12,เครื่องตรวจน้ำตาล ACCU-CHEK ACTIVE(กล่องเขียว),963.5
4.01563E+12,เครื่องตรวจน้ำตาล ACCU-CHEK GUIDE(กล่องน้ำเงิน),2141.5
4.01563E+12,เครื่องตรวจน้ำตาล ACCU-CHEK INSTANT,1404
8.80912E+12,เครื่องตรวจน้ำตาล GLUNEO LITE BLOOD GLUCOSE,800
8.85696E+12,เครื่องตรวจน้ำตาล NEXT HEAL+H (TLM),806.75
8.854E+12,เครื่องตรวจน้ำตาล NOCODING ONE PLUS (SET),0
,เครื่องปั่นอมัลกัม(เครื่องปั่นและผสมสารอุดฟัน),0
1524075,เครื่องผลิตออกซิเจน 5 ลิตร รุ่น SZ-5BW,16500
1201326,เครื่องพ่นแอลกอฮอล์ ATOMIZER NO.YJ-01A,220.25
4.97548E+12,เครื่องพ่นยา OMRON COMPAIR รุ่นNE-C28,2080
4.97548E+12,เครื่องพ่นยา OMRON รุ่น NE-C801,1860
8.85696E+12,เครื่องพ่นยาNEXT HEALTH COMPRESSING รุ่นNH69008,937
8.85696E+12,เครื่องพ่นยาNEXT HEALTH COMPRESSING รุ่นNH69010,1337
6.93326E+12,เครื่องพ่นยาแบบพกพา YUWELL MESH รุ่น M102,872
8.85857E+12,เครื่องพ่นละอองยา PROSPER รุ่น PN-102,659
,เครื่องพิมพ์ฉลากยาแบบใช้ความร้อน(Thermal Printer),0
6.97055E+12,เครื่องวัดความดัน ACE+MED รุ่นMDB803,600
8.854E+12,เครื่องวัดความดัน ARM BLOOD PRESSURE รุ่นBP101K,838.5
8.85889E+12,เครื่องวัดความดัน GLOWY รุ่น BP-201,695
8.85696E+12,เครื่องวัดความดัน NEXT HEAL+H รุ่น888 (CUFF L),860
8.85696E+12,เครื่องวัดความดัน NEXT HEALTH รุ่นNH-881 (ไซส์ L),774
8.85696E+12,เครื่องวัดความดัน NEXT HEALTH รุ่นNH-881(ขนาดปกติ),774
4.97548E+12,เครื่องวัดความดัน OMRON รุ่น HEM-7120,1250
4.97548E+12,เครื่องวัดความดัน OMRON MONITOR HEM-7156-A,2145
8.85696E+12,เครื่องวัดความดันNEXT HEALTH รุ่นNH-880(ใหญ่),666.5
8.85696E+12,เครื่องวัดความดันNEXT HEALTH รุ่นNH-880(ปกติ),666.5
8.85713E+12,เครื่องวัดอุณหภูมิหน้าผาก-หู BLUE DOT รุ่นB-FT102BT,805
8.85193E+12,เคลียร์ แชมพูไอซ์คูล-สีฟ้า 170มล.,59.5
8.85193E+12,เคลียร์ แชมพูไอซ์คูล-สีฟ้า 70มล.,19.5
8.85193E+12,เคลียร์ แชมพูซากุระ 170มล.,60.5
8.85193E+12,เคลียร์ แชมพูซากุระ 70มล.,10.5
8.85193E+12,เคลียร์ แชมพูผู้ชายคูลสปอร์ต-สีน้ำเงิน 170มล.,57
8.85193E+12,เคลียร์ แชมพูผู้ชายคูลสปอร์ต-สีน้ำเงิน 70มล.,19.5
8.85193E+12,เคลียร์ แชมพูผู้ชายดีฟคลีนส์-สีเงิน 170มล.,57
8.85193E+12,เคลียร์ แชมพูผู้ชายดีฟคลีนส์-สีเงิน 70มล.,19.5
8.85193E+12,เคลียร์ แชมพูผู้ชาย-สีส้ม 170มล.,57.5
8.85193E+12,เคลียร์ ครีมนวด สีฟ้า 160มล.,0
8.85193E+12,เคลียร์ ครีมนวด สีฟ้า 70มล.,0
8.85193E+12,เคลียร์ ครีมนวดสีชมพูซากุระ 145มล.,0
8.85193E+12,เคลียร์ ครีมนวดสีชมพูซากุระ 60มล.,0
8.89896E+12,เจลผสมพริก GORILLA CAPSICUM GEL 50 GM.,120
8.85343E+12,เจลพริก 30กรัม (ไฟโตแคร์),45
8.85711E+12,เจียวกู้หลาน แคปซูล 500MG. 100'S,106
8.85099E+12,เจียวกู้หลาน ยาชง 20ซอง(งามระหง),68
8.85009E+12,เช็ดกระจกถุงเติมWHIZ NO DUSTT 500ML(ฟ้า),24
4.98711E+12,เซโรงัง 50เม็ด,77.5
4.98711E+12,เซโรงัง โทอิเอ 24'S,135.75
4.90187E+12,เซนกะ-เพอร์เฟควิป 40กรัม(น้ำเงิน),61.25
8.85011E+12,เซียงเพียว รีลีฟ ครีม 32G.,32.5
8.85011E+12,เซียงเพียว รีลีฟ ครีม 62G.,56.5
8.85011E+12,เซียงเพียว รีลีฟ ครีม HR 100G.,91.75
8.85011E+12,เซียงเพียวอิ๊ว ลูกกลิ้ง สูตร1 3CC.(แดง),28.25
8.85011E+12,เซียงเพียวอิ๊ว ลูกกลิ้ง สูตร1 5CC.(แดง),33.75
8.85011E+12,เซียงเพียวอิ๊ว ลูกกลิ้ง สูตร2 5CC.(ขาว),33.75
8.85011E+12,เซียงเพียวอิ๊วน้ำสีแดง กลาง7CC./ขวด(สูตร1),38
8.85011E+12,เซียงเพียวอิ๊วน้ำสีแดง-ญ.25CC./ขวด(สูตร1),102.75
8.85011E+12,เซียงเพียวอิ๊วน้ำสีแดง-ล.3CC./ขวด(สูตร1),19.75
8.85011E+12,เซียงเพียวอิ๊วน้ำสีขาว 7 ซีซี(สูตร2),34.5
8.85011E+12,เซียงเพียวอิ๊วน้ำสีขาว ญ.25CC./ขวด(สูตร2),102.5
8.85011E+12,เซียงเพียวอิ๊วน้ำสีขาว ล.3CC./ขวด(สูตร 2),19.75
8.85011E+12,เซียงเพียวอิ๊วลูกกลิ้ง(สูตร2) 3CC.x6ขวด(ไม่แบ่ง),138
201616,เตียงผู้ป่วยมือหมุน 2 ไกร์ ราวสไลด์ AP-0606-1,14210
201616611,เตียงผู้ป่วยมือหมุน 2 ไกร์(ราวกั้น)รุ่น AP-0611,14210
201616307,เตียงผู้ป่วยมือหมุน 3ไกร์ ราวสไลด์ รุ่น AP-0607,21609
8.85712E+12,เทพไทย ยาสีฟันสมุนไพร เซนซิทีฟ สเปียร์มิ้นท์ 30G.,52
8.85712E+12,เทพไทย ยาสีฟันสมุนไพร ดั้งเดิม 30กรัม,46.5
8.85712E+12,เทพไทย ยาสีฟันสมุนไพร ดั้งเดิม 70กรัม,81.5
8.85712E+12,เทพไทย ยาสีฟันสมุนไพร ดั้งเดิม(SENSITIVE) 30กรัม,52
8.85712E+12,เทพไทย ยาสีฟันสมุนไพร มิกซ์ฟรุ๊ต 30กรัม,46.5
8.85712E+12,เทพไทย ยาสีฟันสมุนไพร มิกซ์ฟรุ๊ต 70กรัม,81.5
8.85712E+12,เทพไทย ยาสีฟันสมุนไพร รสเกลือ 30กรัม,46.5
8.85712E+12,เทพไทย ยาสีฟันสมุนไพร สเปียร์มิ้นท์ 30G.,46.5
8.85712E+12,เทพไทย ยาสีฟันสมุนไพร สเปียร์มิ้นท์ 70กรัม,81.5
8.85085E+12,เนเจอร์ สไมล์ จุกนมสิลิโคน#M,16.25
2020223,เบบี้ ไบร์วู๊ด ไซรับ (เขียว),24.25
214221918,เบอร์นโนว่า เซรั่ม พลัส โยเกิร์ต,76.5
8.85011E+12,เป๊ปเปอร์มินท์ เจล 8 กรัม,40
8.85011E+12,เป๊ปเปอร์มินท์แบล็คอินเฮลเลอร์ ยาดมลูกกลิ้ง(แพ็ค6ล.),36.5
16182260,เปอริวิต ไซรับ 60 ซี.ซี,50.5
161822,เปอริวิต วิตามิน 50 เม็ด(เม็ดเคลือบ),42.25
16181623,เปอรี่ไบร์วู๊ด 50เม็ด,45
8.85E+12,เปาเอ็มวอชสูตรน้ำ(เขียว)850ML,0
8.85E+12,เปา-ซิลเวอร์ นาโน 800กรัม,0
8.85E+12,เปา-ซิลเวอร์ นาโน(ซอฟ) 800กรัม,0
8.85E+12,เปา-ซิลเวอร์ ฝาหน้า 800กรัม,0
8.85E+12,เปาวินวอชสูตรน้ำ 850ML(ส้ม),0
8.85909E+12,เพชรสังฆาต 100 CAP (เวชพงศ์โอสถ),71.5
8.85608E+12,เพชรสังฆาต ช่อเขียวมะกอก 12x10'S/BX(SAND-M),196.75
8.85014E+12,เพชรสังฆาต ตราดอกว่าน 100'S/ขวด(ขาวละออ),83.5
8.8571E+12,เพชรสังฆาต ตราธงทอง 100'S(160.-),82.5
8.85874E+12,เพ็ญภาค ซีซ่า มะขามป้อม วิตามินซี+ไฟเบอร์ 150ML.,25.5
8.85955E+12,เพียวริก้า DRAGON'S BLOOD SCAR GEL 20G.EXP.11/26 *P,476.5
8.85955E+12,เพียวริก้า DRAGON'S BLOOD SCAR GEL 3G. *P,84.75
8.85955E+12,เพียวริก้า DRAGON'S BLOOD SCAR GEL 8G. *P,208
,เพียวริกา INTENSIVE DARK SPOT 3G (PRO),0
8.85955E+12,เพียวริก้า PLUS ADVANCE DRAGON'S BLOOD SCAR 9G.,267.5
8.85928E+12,เม็ดอม ลอร์ซู 12กล่อง/แพ็ค,257
8.85651E+12,เม็ดอมคอมฟีร์ COMFY LOZENGE 1x10x8'S/BX.,146.5
8.85174E+12,เมอร์รี่ สเปรย์ตะไคร้หอมไล่ยุง NO.1 120ML.,67
8.85008E+12,เยนเชียนไวโอเลต 15ซีซี(วิทยาศรม),7.5
8.85008E+12,เยนเชียนไวโอเลต 30ซีซี(วิทยาศรม),9
8.85008E+12,เยนเชียนไวโอเลต 450ML.(วิทยาศรม),62.5
4.80089E+12,เรโซนาโรออน-เซ็กซี่ 25มล.(ชมพู),22
4.80089E+12,เรโซนาโรออน-แอคทีฟ 25มล.(เทา),22
4.80089E+12,เรโซนาโรออน-ไวเทนนิ่ง 25มล.(ม่วง),22
4.80089E+12,เรโซนาโรออน-ชาวเวอร์คลีน 25มล(ฟ้า),22
4.80089E+12,เรโซนาโรออน-พาสชั่น 25มล.(แดง),22
8.8587E+12,เล่งคุณ ถุงอบสมุนไพรหลังคลอด(650.-),390
8.85195E+12,เลมอน(อบชะเอมหวาน) 50กรัม ตราอีแอล,18
8.85195E+12,เลมอนชิ้น (อบบ๊วย) 50กรัม ตราอีแอล,18
8.85195E+12,เลมอนอบสามรส(เชคส้ม)100กรัม ตราอีเเอล,35.75
191411,เสาให้น้ำเกลืออย่างดี มีล้อเคลื่อนที่(ชุด),1568
8.85099E+12,เห็ดหลินจือแคปซูล ตรางามระหง 30'S,150
25192012,เหยือกสเตนเลส 1000 ซีซี มีฝาเปิด,350
8.85711E+12,เอี๊ยะบ่อเช่า ขมิ้นชัน 100'S/ขวด(C&L),83.25
8.85882E+12,เอี๊ยะบ่อเช่าแคปซูลใบมะขามแขก 10x10'S(C&L),196
8.85882E+12,เอี๊ยะบ่อเช่าแคปซูลใบมะขามแขก 2x10'S(C&L),49.5
8.85882E+12,เอี๊ยะบ่อเช่าผสมว่านชักมดลูก(ไข่มุุก) สูตร2 10'S,106
8.85882E+12,เอี๊ยะบ่อเช่าผสมว่านชักมดลูกสูตร 2(ผสมไข่มุก)750ซีซี.,693
182413,แก้วเก็บความเย็นHAKUBI คละสี (PRO),0
11202530,แก้วตวงยา ทำจากแก้วอย่างดี 30ML.,9
1920011407,แคสป้า ตู้แอนนี่กริบ(เล็ก),0
203124,แบคซิลา 4เม็ด/แผง(ไบร์วู๊ด),99999
220070620,แบคทีเจียฟิวเตอร์ ต่อเครื่องดูดเสมหะ,146
8.852E+12,แบรนด์รังนกแท้ ผสมน้ำตาลกรวด 42ML(แพ็ค6ขวด),508
8.852E+12,แบรนด์รังนกแท้ สูตร คลาสสิค 42ML(แพ็ค6ขวด),509
8.852E+12,แบรนด์รังนกแท้ สูตรไซลิทอล 42ML(แพ็ค6ขวด),508
8.85001E+12,แป้งแคร์ BB GLUTA 40กรัม,0
8.85112E+12,แป้งโยคี 100G.(ศิริบัญชา)/กป.,14.75
8.85867E+12,แป้งโยคี 100กรัม (รัศมีวงกลม),12.5
8.85112E+12,แป้งโยคี 60G.(ศิริบัญชา)/กป.,9.75
8.85867E+12,แป้งโยคี 60กรัม (รัศมีวงกลม),9
8.85209E+12,แป้งตรางู ลาเวนเดอร์ 150กรัม(ม่วง),25
8.85867E+12,แป้งนาทีฟ-บีบี 40กรัม(ส้ม),0
8.8587E+12,แป้งศรีจันทร์ ศศิออยล์คอนโทรล 30กรัม,28.5
8.8587E+12,แป้งศรีจันทร์เบบี้นิวบอร์น พาวเดอร์ 150G.,36.75
8.85115E+12,แปรงสีฟันเบอร์แมน แอ๊คทีฟ-ซอฟท์,15
8.85001E+12,แปรงสีฟันคอลเกต-เดอลุกซ์ พลัส,8
8.85001E+12,แปรงสีฟันคอลเกต-เอ็กซืตร้าคลีน แถมยาสีฟัน,16
8.85876E+12,แผ่นเจลลดไข้ JELLY COOL CHILDREN 6'S(7ดาว),65.25
8.85111E+12,แผ่นเสริมซึมซับไลฟ์รี่ ขนาดมาตราฐาน 28ชิ้น,152
8.85493E+12,แผ่นแปะกันยุง บูกาบูก้า 24ชิ้น/ซอง(ม่วง),83.5
9.78806E+12,แผ่นรองซับ ACE+MED 45x70CM.ไซส์ L 10'S/ห่อ,70
4.71101E+12,แผ่นรองซับ FELLFREE 8ชิ้น ไซส์ XXL(ลัง12),83.5
4.71011E+12,แผ่นรองซับ FELLFREE 10ชิ้น ไซส์ L (ลัง20),86
8.85713E+12,แผ่นรองซับ G SURE PLUS 45x70CM.10'S(L)ลัง12,62.5
8.85975E+12,แผ่นรองซับ G SURE PLUS 60x90CM.10'S(XXL)ลัง12,78.5
8.85046E+12,แผ่นรองซับ SANIPAD 45x70CM. 10'S(SIZE L ),77
8.85071E+12,แผ่นรองซับ SOFTEX L 10'S ลัง 12 ห่อ,75.25
8.854E+12,แผ่นรองซับ เฮลท์ อิมแพ็ค ไซซ์ L(45x70CM.),76
5.42007E+12,แผ่นรองซับ ด็อกเตอร์ คลีน 60x90 ซม.10'S/ห่อ,63.75
3161816,แผ่นรองปั๊มหัวใจ CPR ขนาด 45x55x1ซม.,1450.5
8.85712E+12,แผ่นลดไข้ COOL TEMP ผู้ใหญ่ 6'S/BX.(NANOMED),54
8.8593E+12,แผ่นลดไข้ EZY PATCH 6แผ่น/BX.เด็กโต(HOF),72
8.8593E+12,แผ่นลดไข้ EZY PATCH FOR ADULT 6'S/BX.(HOF),72
8.85924E+12,แผ่นลดไข้ SOS COOLING GEL PATCH 4'S/BX.,65.75
8.85924E+12,แผ่นลดไข้เด็กเล็ก SOS DORAMON 4'S(DC 401),52.5
8.85924E+12,แผ่นลดไข้เด็กโต SOS DORAMON 4'S(DC 501),60.5
8.85182E+12,แผ่นอนามัย ลอรีเอะ เนเจอรัลคลีน 20ชิ้น,0
4.90243E+12,แพนทีนแชมพู-โททอลดาเมท 70ML,0
4.90243E+12,แพนทีนแชมพู-คัลเลอร์ 70ML,0
4.90243E+12,แพนทีนแชมพู-ซิลกี้&สมูท 70ML,0
4.90243E+12,แพนทีนแชมพู-ฟลูเนสไลฟ์ 70ML,0
4.90243E+12,แพนทีนครีมนวด-แฮร์ฟอล 70ML,0
4.90243E+12,แพนทีนครีมนวด-โททอลดาเมท 70ML,0
4.90243E+12,แพนทีนครีมนวด-ฟลูเนส 70ML,0
8.85182E+12,แฟซ่าแชมพู-สูตรกุหลาบผมขาด 70ML,0
8.85182E+12,แฟซ่าแชมพู-สูตรมะกรูดสดชื้น 70ML,0
8.85182E+12,แฟซ่าแชมพู-สูตรอัญชันผมดำ 70ML,0
4.80036E+12,แล็คโตเย่น-สูตร1 600กรัม,0
4.80036E+12,แล็คโตเย่น-สูตร2 600กรัม,0
4.80036E+12,แล็คโตเย่น-สูตร3 600กรัม,0
8.8572E+12,แลดี้-โลชั่น 3ซีซี(เขียว),31.75
8.8593E+12,แว่นตากันสารคัดหลั่ง 1ชิ้น(ME),40
8.85869E+12,แอนดร็อกซิล 30'S/ขวด(KMP),97.75
8.85869E+12,แอนดร็อกซิล 45'S/ขวด(KMP),147
8.85869E+12,แอนดร็อกซิล 60MG.3x5'S/BX.(KMP),147
8.85869E+12,แอนดร็อกซิล ฟ้าทะลายโจร 1x10'S(KMP),34.75
8.85869E+12,แอนดร็อกซิล ฟ้าทะลายโจร10x10'S (KMP),325.75
8.85869E+12,แอนดร็อกซิล สารสกัดฟ้าทะลายโจร 10x4'S(KMP),147
9.41501E+12,แอนลีน โกลด์-ช็อคโกแลต 350G.,143.5
9.41501E+12,แอนลีน โกลด์-รสจืด 350G.,143.25
8.85343E+12,แอมโมเนียหอมสหการ 450ซีซี,89.75
8.85112E+12,แอลกอฮอล สเปรย์ 70% 18ML(กล่อง6 ตลับ)ศิริ,26
8.85881E+12,แฮนดี้แมน น้ำยาดันฝุ่น 1 ลิตร(ชมพู),90
1102255,โกร่งบดยา+ที่บด กระเบื้อง 5 ซม.,23
1102257,โกร่งบดยา+ที่บด กระเบื้อง 7 ซม.,33.75
70225409,โกร่งบดยา+ที่บด กระเบื้อง 9 ซม.,45.75
1120075,โคเทียมเกวียน ยากษัยเส้น สีแดง12ขวด/ลัง,137.25
8.85E+12,โคโดโม กลิ่นส้ม 80G.แถมแปรง,34
302130303,โคบาล มัยซิน แค๊ปซูล 250MG.,99999
3021303,โคบาล มัยซิน ออยเม้นท์ 5G.,50
302022305,โคบาล-ไบร์วู๊ด หยอดหู 10ซีซี(CHLORAM)น้ำเงิน,50
3020223,โคบาล-ไบร์วู๊ดหยอดหู 10ซีซี(CHLORAM)ชมพู,43
8.85111E+12,โซฟี AIR FREE 20ชิ้น(ไม่มีน้ำหอม),24
8.85111E+12,โซฟี AIRFIT ซุปเปอร์สลิม 4ชิ้น,13.5
8.85111E+12,โซฟี แบบกระชับ 22ซม. 4'S(12.-),8.5
8.85111E+12,โซฟี แบบกระชับ 26ซม. 4'S(14.-),13
8.85111E+12,โซฟี แบบกระชับ 33ซม.3ชิ้น(กลางคืน),13.25
8.85111E+12,โซฟี แบบกระชับ 35ซม. 4ชิ้น(กลางคืน),21.25
8.85111E+12,โซฟี แบบกระชับไม่มีปีก 5'S,10.5
8.85111E+12,โซฟี ถนอมผิว ซุปเปอร์สลิม 14ชิ้น,46.5
8.85111E+12,โซฟี ลอง&ไวด์ 20ชิ้น,27.5
8.85111E+12,โซฟี ลอง&ไวด์ แบบบาง(มีกลิ่นหอม) 20ชิ้น,29
8.85111E+12,โซฟี-ขอบปกป้อง 4'S,10.5
8.85193E+12,โดฟแชมพู-สีน้ำเงิน 70มล.,15.25
8.85193E+12,โดฟแชมพู-สีฟ้า 70มล.,15.25
8.85193E+12,โดฟครีมนวด-สีน้ำเงิน 70มล.,20.25
8.85193E+12,โดฟครีมนวด-สีฟ้า 70มล.,20.25
8.85112E+12,โบตันเฮอร์เบิลดริ๊งก์แคนดี้(กลิ่นชะเอมมิ้นท์)12ซอง/กล่อง,154.5
8.85112E+12,โบตันเฮอร์เบิลดริ๊งก์แคนดี้(กลิ่นน้ำเก็กฮวย)12'S/กล่อง,166
8.85008E+12,โปโด. เพนท์ โค. 15ML(PODOPHYLLIN)วิทยาศรม,267.75
8.85145E+12,โป๊ยเซียน ยาหม่องผสมพญายอ 22G./ขวด,13
8.85001E+12,โมเดส คอตตอนนี่ซอฟ มีปีก 4ชิ้น,9
8.85001E+12,โมเดส ซีเคียว 4ชิ้น(ไม่มีปีก),9
8.85001E+12,โมเดส ซีเคียว มีปีก 4+1ชิ้น,9
8.85398E+12,โยโกะเกลือสปาขัดผิว#สูตรโยเกิร์ต 6ซอง/กล่อง,9.5
8.85398E+12,โยโกะเกลือสปาขัดผิว#สูตรนม 6ซอง/กล่อง,9.5
8.85888E+12,โลชั่นผิวใสมะหาด บอดี้ซีรั่ม 120ML.,76.5
11131602,ใบแก้ว ขมิ้นผงแท้ ขนาด 10กรัม(6.-)แพ็คละ25ซอง,3.5
8.85869E+12,ใบมะขามแขกแคปซูล 10x10'S/BX.(KMP),99.75
8.85869E+12,ใบมะขามแขกแคปซูล 30เม็ด/BX.(KMP),30.5
8.85869E+12,ใบมะขามแขกแคปซูล 60'S/ขวด(KMP),54
8.85209E+12,ไกร์ป มิกซ์เช่อร์ 120ML(ตรางู),21.25
8.85882E+12,ไซโปร น้ำเชื่อม 60ML(CYPRO)LSP*ทำรายงาน,23.75
8.85343E+12,ไทยเฮิร์บเฟรช LEMON 12ซอง/กล่อง,214
8.85343E+12,ไทยเฮิร์บเฟรช MINT 12ซอง/กล่อง,214
8.85343E+12,ไทยเฮิร์บเฟรช SPEARMINT 12ซอง/กล่อง,214
8.85898E+12,ไบร์เยล FP.50x10'S./แผง(ไบร์วู๊ด),505
222185,ไบร์ไวแร็กซ์ ครีม 5 กรัม(ACYCLOVIR)ไบร์วู๊ด,30
2031610,ไบร์-คลอโปร 10MG.(CHLORPROMAZINE),99999
2034,ไบร์ซาน 4เม็ด(ถ่ายพยาธิตัวตืด)20แผง/BX.,310
2030403,ไบร์ซิดอล แค็บซูล(MEBHYDROLINE 50MG.),29.25
8.85343E+12,ไพแร็ด-ไวโอเลต 15ซีซี(สหการ),6.5
8.85343E+12,ไพแร็ด-ไวโอเลต 450ซีซี(สหการ),50.5
8.85037E+12,ไพรเฮิร์บ ฟ้าทะลายโจรสกัด 1x10'S/แผง,47.5
8.85343E+12,ไพลครีม 30กรัม(ไฟโตแคร์),37.5
,ไพลวาน่า ครีม 5 กรัม(PRO),0
8.85961E+12,ไพลวาน่า สเปยร์ 100ML.,195.5
8.85343E+12,ไฟโตแคร์ ฟ้าทะลายโจร 350กรัม 60'S (GPO.),35.5
8.85343E+12,ไฟโตแคร์ สารสกัดฟ้าทะลายโจร 45'S (GPO.) EXP.01/26,135.75
4.98482E+12,ไฟฉาย LED แสงสีขาว PANASONIC,157
8.85199E+12,ไฟน์ไลน์น้ำยาซักผ้า-สีชมพู 400ML,0
8.85199E+12,ไฟน์ไลน์น้ำยาซักผ้า-สีฟ้า 400ML,0
1320311,ไม้เท้า 3 ขา A(แคนตัน),392
,ไม้เท้า 3 ขา HOSPRO รุ่น H-WS926,468.5
,ไม้เท้า 4 ขา HOSPRO รุ่น H-WS932,468
8.85511E+12,ไม้เท้าก้านร่ม ขาเดียว,216
,ไม้เท้าขาเดี่ยว HOSPRO รุ่น H-WS9381L,378
8.854E+12,ไม้เท้าขาเดียว เฮลธ์ อิมแพค รุ่น เอฟวาย920แอล,139.75
13200816,ไม้เท้าพับได้ 3 ส่วน รุ่นพีเมี่ยม(หัวเป็ด),99999
132016527,ไม้เท้าพับได้ 4ท่อน รุ่น ALK527L,203
8.8894E+12,ไม้กดลิ้น HONGYU MODEL M 100ชิ้น/BX (NON-STERILE),55.5
,ไม้กวาดพื้น,0
13201118,ไม้กวาดหยักไหย่,0
13112548,ไม้ค้ำยัน 48นิ้ว(คู่) SIZE M,269
13112552,ไม้ค้ำยัน 50นิ้ว(คู่)SIZE L,269
1311255,ไม้ค้ำยัน 52 นิ้ว(คู่)SIZE XL,269
13112513,ไม้ค้ำยันรักแร้ รุ่น A925 ไซด์ M (อลูมิเนียม),608
,ไม้ค้ำรักแร้อลูมิเนียม HOSPRO รุ่น H-CH925L ไซส์ L,643.75
,ไม้ค้ำรักแร้อลูมิเนียม HOSPRO รุ่น H-CH925L ไซส์ M,643.75
,ไม้ค้ำศอก HOSPRO รุ่น H-CH937L,460.5
8.85111E+12,ไลฟ์รี่ กางเกงซึมซับ-(L) 11ชิ้น,267
8.85111E+12,ไลฟ์รี่ กางเกงซึมซับ-(L) 3ชิ้น,97
8.85111E+12,ไลฟ์รี่ กางเกงซึมซับ-(M) 3ชิ้น,97
8.85111E+12,ไลฟ์รี่ กางเกงซึมซับ-M 11ชิ้น,267.25
8.85111E+12,ไลฟ์รี่ กางเกงซึมซับ-XL 2ชิ้น,88.25
8.85111E+12,ไลฟ์รี่ กางเกงซึมซับ-XL 9ชิ้น,279
8.85712E+12,ไวโซนิก ยาถ่ายพยาธิตัวตืด 25x4'S/BX.,472
8.85442E+12,ไวท์ฟาร์มช็อคบอล 12ซอง/กล่อง,130
,ไอยรา HERBAL DRINK 15ซอง/กล่อง(แดง),163
8.85651E+12,ไอยรา เม็ดอมผสมสารสกัดตรีผลา 8'Sx10ซอง/BX.,140
8.85008E+12,ไฮโดรเย่นเพอร์อ๊อกไซด์ 60ซีซี(วิทยาศรม),10
8.85183E+12,ก.ย.15 40ML./ ขวด(สูตรดั้งเดิม),29.5
8.85183E+12,ก.ย.15 มิลกี้โลชั่น กล่อง/24ซอง,90.5
8.85183E+12,ก.ย.15 มิ้ลกี้โลชั่น สีชมพู 50กรัม,30.75
8.85183E+12,ก.ย.15 มิ้ลกี้โลชั่น สีฟ้า 50กรัม,30.75
8.85183E+12,ก.ย.15 มิ้ลกี้โลชั่น สีม่วง 50กรัม,30.75
8.85183E+12,ก.ย.15-ซองน้ำเงิน แพ็คละ24ซอง(ไม่แบ่ง),96
111120132,กรรไกรตัดไหม โค้ง 4.1/2นิ้ว(115MM.),108.75
p111120131,กรรไกรตัดไหม ตรง 4.1/2 นิ้ว(115MM.),99.75
1101,กรองแอร์ กล่องแดง (แผนกขนส่ง),150
11141311,กรองน้ำมันเครื่อง (แผนกขนส่ง),108
8.85869E+12,กระเทียมสกัด 60 แคปซูล(KMP),130.5
11161912,กระเป๋าแพทย์แบบ สะพาย(เล็ก)(6x12x8นิ้ว),330
11161925,กระเป๋าแพทย์แบบ สะพาย(ใหญ่)(8x14x9.5นิ้ว),418
11160812,กระเป๋าแพทย์แบบหิ้ว(เล็ก)(8.5x12.5x8.5นิ้ว),420
11160825,กระเป๋าแพทย์แบบหิ้ว(ใหญ่)(8x14x9.5นิ้ว),610
8.8591E+12,กระเป๋าน้ำร้อน 0.7ลิตร ขนาดเล็ก (LONGMED),66
8.8591E+12,กระเป๋าน้ำร้อน 2ลิตร ขนาดใหญ่ (LONGMED),72.5
823201,กระเป๋าน้ำร้อนใบใหญ่อย่างดี-มีผ้าหุ้ม(ใบ),88.25
8.85086E+12,กระเป๋าน้ำร้อนอย่างดี G.S. 0.7ลิตร(เล็ก),76
8.85713E+12,กระชายขาว ตราฤทธิ์ 30'S(290.-),90
4.90281E+12,กระดาษซับมัน GATSBY 35แผ่น 6ซอง/กล่อง,303
11041602,กระดาษปริ้นใบเสร็จความร้อน 80x80 แพ็ค10ม้วน,30
8.85185E+12,กระต่ายบิน TOTRAL 30MLx20ซอง/BX,527.5
8.85642E+12,กระบอกตวงยา 300CC.(สแตนเลส),215.5
8.85642E+12,กระบอกปัสสาวะหญิง(แบบใส),83.25
8.8571E+12,กรีนเฮิร์ป บาล์ม ตะไคร้หอมกันยุง 20 กรัม,20
8.8571E+12,กรีนเฮิร์ป ยาหม่องเสลดพังพอน 10 กรัม,13.5
8.8571E+12,กรีนเฮิร์ป ยาหม่องเสลดพังพอน 20 กรัม,24.5
8.8571E+12,กรีนเฮิร์ป ยาหม่องเสลดพังพอน 50 กรัม,43
8.85112E+12,กฤษณากลั่น 15ML./ขวด(ใหม่),58.75
1119122,กล่องใส่สำลี 2 1/2x4นิ้ว 0392.(ส*ก),132.5
1119123,กล่องใส่สำลี 3x4นิ้ว 0394.(ส*ก),186.25
8.85648E+12,กล้องยานัตถุ์ หมอมี สแตนเลสแท้ 1ชิ้น (มีซอง),60.75
8.85067E+12,กวนอิม ครีม 3กรัม(รุ่นทอง)แพ็ค24ตลับ,7.75
8.85869E+12,กวาวเครือขาว แคปซูล 30'S(KMP),107
8.85657E+12,กวาวเครือขาว ตราแม่กุหลาบ 100'S(ห้าม้า),78.25
2511011606,กอเอี๊ยะปิดฝี ตราแมวกงจักร์ 100ชิ้น/กล่อง,195.75
71420500,กานาแท็ป 500 MG. 8'S(BRYWOOD),38.25
8.9923E+12,กานิเย่ เพียวแอคทีฟแอคเน่ออยโฟม 50กรัม,52.5
8.9923E+12,กานิเย่ เมน-ชาโคลโฟม 50ML,50.5
8.9923E+12,กานิเย่ เมนพาวเวอร์ไวท์สคับ100ML,102
8.9923E+12,กานิเย่ เมน-วาซาบิโฟม 100กรัม,67.5
8.9923E+12,กานิเย่ เมน-วาซาบิโฟม 50กรัม,50.5
8.85043E+12,กานิเย่-เมน แอคโนไฟท์ ไวท์เทนนิ่ง 7MLx6'S/BX.,11
8.85043E+12,กานิเย่-ครีม ไลท์ 7MLx 6'S/BX.(ฝาเกรียว),12
8.9923E+12,การ์นิเย่-เพียวสครับโฟม50ML,56.5
8.9923E+12,การ์นิเย่-เมนแบล็คโฟม 100ML,68.5
8.99138E+12,การ์นิเย่-โฟมไลท์ 50ML,49
8.9923E+12,การ์นิเย่-ซากุระโฟม 50G.,49
8.85174E+12,การบูรก้อนตราพัด ขนาด 2 ออนซ์(56.4กรัม),34
111802500,การบูรผง ถุงละ 1 กิโล,395
8.85507E+12,การบูรหอมตรา เฌอเอม 35กรัม/ชิ้น,44
7112507,กิงโก ตราวาย-กิง(ใบแป๊ะก๊วยชนิดเม็ด)30'S ลัง72,188
8.85343E+12,ขมิ้นชัน 240MG. GPO 10X10'S,97
8.85112E+12,ขมิ้นชัน แคปซูล 15x10'S/BX.(ศิริบัญชา),8.25
8.85343E+12,ขมิ้นชัน แคปซูล 500G. GPO 10X10'S,120.25
8.85869E+12,ขมิ้นชันแคปซูล 100'S(KMP),59
8.85869E+12,ขมิ้นชันแคปซูล 10x10'S/BX.(KMP),98.75
8.85815E+12,ขมิ้นชันแคปซูล 6x20'S/แพ็ค(แหลมทอง),162
8.85608E+12,ขมิ้นชันแคปซูล ช่อเขียวมะกอก12x10'S/แพ็ค,157.5
8.85112E+12,ขมิ้นชันแคปซูล12แผงx10'S/BX.(ศิริบัญชา)*แพ็คใหม่,103.5
111316,ขมิ้นผงแท้ ตราโพธิ์แก้ว 8กรัม(กล่อง100ซอง),3.5
1111125,ขวดแก้วสีชา 60 ซีซี,59
2200410,ขวดดรอป 10ซีซี(ขวด+ฝา+จุก)คละสี,1.5
2200450,ขวดดรอป 5ซีซี(ขวด+ฝา+จุก)คละสี,1
220301312,ขวดพลาสติก 30ML. 100BT/แพ็ค,1.25
,ขวดพลาสติก 60ML. 100BT/แพ็ค,2
8.85014E+12,ขาวละออ ยาขมิ้นชันชนิดเม็ด ตราดอกว่าน 100'S/ขวด,64.5
8.85014E+12,ขาวละออ ยาบำรุงน้ำนมแคปซูล 60เม็ด,114.5
8.85869E+12,ขิงแคปซูล 10x10'S(KMP),122.5
8.85869E+12,ขี้ผึ้ง เคพี88 (แก้กลากเกลื้อน) 12ขวด/กล่อง,111.5
8.85384E+12,ขี้ผึ้งเบอร์ 29A(กล่องละ12ขวด) ลัง 120โหล,108.75
8.8588E+12,ขี้ผึ้งตราเก้าเอ 12'S/กล่อง(9A),76.5
8.85876E+12,ขี้ผึ้งสีชมพูเจ็ดดาว-40 ตลับ 12 กรัม,23
8.85343E+12,ครีม พญายอ รักษาเริม 5กรัม(ไฟโตแคร์),44.75
8.8571E+12,ครีมไพล ตราธงทอง 30กรัม,46.25
8.85554E+12,ครีมบัวบก ตราอภัยภูเบศ 10G.,25.5
8.85193E+12,ครีมอาบน้ำLUX-SOFT TOUCH 80ML,0
8.85193E+12,ครีมอาบน้ำLUX-WHITE IMPRESS 200ML,0
8.85193E+12,ครีมอาบน้ำแพรอท-เขียว 200ML,0
8.85193E+12,ครีมอาบน้ำแพรอท-กุหลาบ 200ML,0
8.85193E+12,ครีมอาบน้ำแพรอท-ชมพู 200ML,0
8.85193E+12,ครีมอาบน้ำแพรอท-น้ำเงิน 200ML,0
8.85E+12,ครีมอาบน้ำโชกุบุสชึ-ส้ม 100ML,0
8.85001E+12,ครีมอาบน้ำโพรเท็ค-เฟรช 180ML,0
8.85001E+12,ครีมอาบน้ำโพรเท็ค-เฟรช 70ML,0
8.85001E+12,ครีมอาบน้ำโพรเท็ค-พรอพโพลิส 200ML,0
8.85001E+12,ครีมอาบน้ำโพรเท็ค-พรอพโพลิส 85ML,0
8.85865E+12,ค็อกซ์ แบลดเดอร์พิล 30'S,26.25
30260,คอมบิค 33 60ML(CPM+AMMOIUM)ไบร์วู๊ด,49
8.85193E+12,คอมฟอร์ทน้ำยาปรับผ้านุ่ม ชมพู 600ML,0
8.85193E+12,คอมฟอร์ทอัลตร้า-น้ำเดียวชมพู 330มล.,0
8.85193E+12,คอมฟอร์ทอัลตร้า-น้ำเดียวฟ้า 330มล.,0
8.85193E+12,คอมฟอร์ทอัลตร้าสีชมพู 375มล.,0
3131918,คอมมิคไซรับ 60ML(DEX+CPM)ไบร์วู๊ด,43
8.85001E+12,คอลเกตแปรงสีฟันเด็ก-เดอร์ลกซ์,0
4.80889E+12,คอลเกตแปรงสีฟันเด็ก-การ์ตูน,0
8.85013E+12,คาเนชั่น สูตร1+ รสจืด 550G.(1ปีขึ้นไป),0
8.85013E+12,คาเนชั่น สูตร3+ รสน้ำผึ้ง 550G.,0
8.85013E+12,คาเนชั่น สูตร3+ รสวนิลา 550G.,0
8.85013E+12,คาเนชั่น สูตร3+ รสวนิลา 900G.,0
8.8572E+12,คิงคอง ยาน้ำมันสูตร 16 ขนาด2ซีซี,29.5
25490271,คุณพระ /ซอง,10
8.80003E+12,คูราทิค แผ่นแปะแผลช่องปาก (12mm) 2ชิ้น,39.75
8.85892E+12,จับเลี้ยง ชนิดชง ตราปลาเบ็ด 10กรัมx5'S/กล่อง,48
8.85712E+12,จับเลี้ยง ชนิดชง ตราปลาเบ็ด 50ซอง/กล่อง,287
8.8507E+12,จับเลี้ยง น้ำเต้าทอง(สูตรหญ้าหวาน) 10ซอง/กล่อง,128.5
8.85431E+12,จาเป่า-ครีมย้อมผมดำ 24ซอง/กล่อง,0
8.85713E+12,จิน ไท่ กั๋ว เจียว หนัง 2'S/กล่อง,63
8.85713E+12,จิน ไท่ กั๋ว เจียว หนัง 6'S/กล่อง,166.5
8.85458E+12,จินเฟรช ขิงผง ไม่เติมน้ำตาล 7ซอง/BX.,63
8.85458E+12,จินเฟรช ขิงผง รสเข้มข้น(หวานน้อย) 7ซอง/BX.,63
8.85458E+12,จินเฟรช ขิงผง รสดั้งเดิม 7ซอง/BX.,63
,จิ่วเจิ้งชิงเย่อเจียวหนัง 12'S/กล่อง(บรรเทาหวัด),134
8.85914E+12,จิ่วเจิ้งปู่เซิน ผลิตภัณฑ์เสริมอาหาร 6'S(PRO),0
8.85614E+12,จิ่วเจิ้งปู่เซินเจียวหนัง เอสวัน 6'S *P,169
12022012,ฉลากยา ครีม /แพ็ค,131.5
12022513,ฉลากยาเม็ด (แพ็ค) 1000 ดวง,131.5
12022514,ฉลากยาน้ำ (แพ็ค) 1000 ดวง,131.5
3035,ช้อนชา 5ซีซี. 50'S/ห่อ,64
8.85099E+12,ชางามระหง-ชง 30ซอง /กล่อง,58.5
8.85642E+12,ชามรูปไต 6 นิ้ว สแตนเลส,93.25
8.85642E+12,ชามรูปไต 8 นิ้ว สแตนเลส,121
3182016,ชามรูปไต พลาสติก,20
8.85036E+12,ชิลด์ท้อคซ์สเปรย์-เพาเวอร์(แดง) 300ML,44
8.85036E+12,ชิลด์ท้อคซ์สเปรย์-แนทเชอร์(เขียว) 300ML,46.25
8.85036E+12,ชิลล์ท้อกซ์ เพาเวอร์ ม่วง 800ML,0
16160560,ชุด PPE 60 แกรม (ขาว),120
6.97311E+12,ชุด PPE 75 แกรม (ฟ้า),160
7.82655E+12,ชุด PPE (โรงงาน.ไทย) รุ่นหนา,350
1916030302,ชุดกระบอกพ่นยา SPACER CHAMBER,755
,ชุดตรวจ HIV ในช่องปาก 1ชุด(ชนิดหยด)PR.,253.5
,ชุดตรวจ HIV จากเลือด 1ชุด(PR.),253.5
8.85713E+12,ชุดตรวจ WONDER 3IN1 NASAL SWAB 1'S/BX.(ส้ม),35
8.85713E+12,ชุดตรวจ WONDER 4IN1 NASAL SWAB 1'S/BX.(ชมพู),45
8.85713E+12,ชุดตรวจ WONDER 5IN1 NASAL SWAB 1'S/BX.(ฟ้า),55
8.85713E+12,ชุดตรวจ WONDER 6IN1 NASAL SWAB 1'S/BX.(ม่วง),76
8.85713E+12,ชุดตรวจWONDER2IN1 NASAL&SALIVA 1'S/BX.(เขียว),15.5
8.85892E+12,ชุดตรวจกัญชาแบบหยด THC DEVICE 1x1'S(MAG),43
6.97517E+12,ชุดตรวจครรภ์ GICA TEST CASSETTE 1'S(หยด),12.5
6.97517E+12,ชุดตรวจครรภ์ GICA TEST MIDSTREAM 1'S(ปากกา),19.5
6.97517E+12,ชุดตรวจครรภ์ GICA TEST STRIP 1'S(จุ่ม),12
8.85696E+12,ชุดตรวจตกไข่ CHECK TRU LH OVULATION TEST,112
8.85897E+12,ชุดตรวจตกไข่ CHECK+ONE OVULATION - จุ่ม,107
8.85897E+12,ชุดตรวจตกไข่ CHECK+ONE OVULATION-ชนิดหยด,160
8.85296E+12,ชุดถุงยางPLAYBOYแบล็คไทด์ 52มม.x2ก.+เสื้อ,101.5
8.85932E+12,ชุดที่นอนลม OLA250+มอเตอร์(แถมผ้ายาง),2528.5
141311,ชุดพ่นยาเด็ก,62.5
1402130104,ชุดพ่นยาผู้ใหญ่(NEBULIZER MASK),62.5
,ชุดสินค้าสำหรับ FLOOR STAND SOS 40CM.(Setเล็ก),3120
,ชุดสินค้าสำหรับ FLOOR STAND SOS 60CM.(Setใหญ่),5180
8.99277E+12,ซอฟเฟล โลชั่น กลิ่นเฟรช(ส้ม) 60ml,40.5
8.99277E+12,ซอฟเฟล โลชั่น กลิ่นฟลอร่า(ชมพู) 60ml,40.5
8.99277E+12,ซอฟเฟล โลชั่นทากันยุง ตะไคร้60ml,42
8.99277E+12,ซอฟเฟล สเปรย์ กลิ่นเฟรช 80 ml(ส้ม),54.75
8.99277E+12,ซอฟเฟล สเปรย์ กลิ่นเฟรช(ส้ม) 30 ml,27.25
8.99277E+12,ซอฟเฟล สเปรย์ กลิ่นฟลอร่า 80 ml,54.75
8.99277E+12,ซอฟเฟล สเปรย์ กลิ่นฟลอร่า(ชมพู) 30 ml,27.25
8.85193E+12,ซันไลต์ 3600มล.(แกลลอน),144
8.85193E+12,ซันไลต์ 500มล.,30.5
8.85193E+12,ซันไลต์ 550มล.(ถุงเติม),29
8.85193E+12,ซันซิลแชมพู+ครีมนวด-เขียว(140+60)มล.,0
8.85193E+12,ซันซิลแชมพู+ครีมนวด-ชมพู(140+60)มล.,0
8.85193E+12,ซันซิลแชมพู+ครีมนวด-ส้ม(140+60)มล.,0
8.85193E+12,ซันซิลแชมพู-สีชมพู 70มล.,15
8.85193E+12,ซันซิลแชมพู-สีส้ม 70มล.,15
8.85193E+12,ซิสตร้าโลชั่น-นมผึ้ง(ม่วง)150มล.,41.25
8.85193E+12,ซิสตร้าโลชั่น-นมผึ้ง(ม่วง)400มล.,91
8.85608E+12,ซีเคเอ็ม เจลบรรเทาปวดเมื่อย สูตรเย็น 12'S/BX.,94.5
8.85608E+12,ซีเคเอ็ม ยาครีมบรรเทาปวดเมื่อย สูตรร้อน 12'S/BX.,94.25
9.556E+12,ซีรีแล็ค ข้าวสาลีกล้วยบด 250G.แพ็ค/3BX,81
9.556E+12,ซีรีแล็ค สูตรเริ่มต้น 120G.,0
9.556E+12,ซีรีแล็ค สูตรเริ่มต้น 250G. แพ็ค/3BX,81
9.556E+12,ซีรีแล็ค สูตรธัญพืชผักรวม 250G.,81
9.556E+12,ซีรีแล็ค สูตรผลไม้รวม 250G. แพ็ค/3BX,81
8.85183E+12,ดร.มนตรี-โฟมไวท์&ออยล์ 50กรัม,37
8.85183E+12,ดร.มนตรี-โฟมคลับ&ออยล์ 62.5กรัม,37
8.85183E+12,ดร.มนตรี-โฟมสมูท&ออย 50กรัม,37
8.85035E+12,ดอกบัวคู่ สบู่แอนดี้แบคมังคุด 85กรัม(2+1),42.5
8.85035E+12,ดอกบัวคู่-ยาสีฟันสูตรดั้งเดิม 30กรัม,10.5
408,ดอนฮวน 6'S/BX.ฮอร์โมน(ไบร์วู๊ด),60
8.85008E+12,ด่างทับทิม 10G.(วิทยาศรม),11.75
8.85329E+12,ด่างทับทิม 450G.(แสงสว่าง),110
8.85907E+12,ด่างทับทิม 450G.(ตั้งเต็มจิต),110
413023,ด้ามมีดผ่าตัด #3 (ใส่เบอร์ 10-15),64
413024,ด้ามมีดผ่าตัด #4 (ใส่เบอร์ 20ขึ้นไป),64
4.90243E+12,ดาวน์นี่ปรับผ้านุ่ม-เบบี้เจนเทิล 370ML,30
4.90243E+12,ดาวน์นี่ปรับผ้านุ่ม-โรมานซ์ 330ML,34.25
4.90243E+12,ดาวน์นี่ปรับผ้านุ่ม-ซันไรซ์ 375ML,30
8.85136E+12,ดูมิลค์ - สูตร3 รสจืด 550G.,116
8.85136E+12,ดูมิลค์ - สูตร4 รสน้ำผึ้ง 550G.,116
8.85897E+12,ตรวจครรภ์ CHECK+ONE PREG TEST (ชนิดหยด),12.5
8.85897E+12,ตรวจครรภ์ CHECK+ONE PREG.TEST (ปากกา),35.5
9.30081E+12,ตรวจครรภ์ BABY CASSETTE (ชนิดหยด),36.5
8.85897E+12,ตรวจครรภ์ CHECK PLUS PREG TEST (แบบหยด),12.5
8.85897E+12,ตรวจครรภ์ CHECK PLUS STRIP FORMAT(ชนิดจุ่ม),9.5
8.85897E+12,ตรวจครรภ์ CHECK+ONE PREG TEST (ชนิดจุ่ม),9.5
4.98718E+12,ตรวจครรภ์ CLEARBLUE PLUS(ชนิดปากกา),122.5
8.85431E+12,ตรวจครรภ์ CTRUE (ชนิดหยด),0
8.85431E+12,ตรวจครรภ์ CTRUE (ชนิดปากกา),0
8.85889E+12,ตรวจครรภ์ GLOWY HCG TEST ชนิดจุ่ม 1'S/BX.,6.5
8.85889E+12,ตรวจครรภ์ GLOWY HCG TEST หยด 1'S/BX,11.5
6.95768E+12,ตรวจครรภ์ GOLDEN TIME ชนิดปากกา 2 TESTS,99999
8.85876E+12,ตรวจครรภ์ KRESS TEST HCG ชนิดจุ่ม 1'S/BX.,14.5
8.85876E+12,ตรวจครรภ์ KRESS-SURE TEST /กล่อง(หยด),22.75
8.85892E+12,ตรวจครรภ์ MAG TEST PRAGNANCY(ชนิดจุ่ม),11
,ตรวจครรภ์ MO YIN-TEST ชนิดหยด 1'S/BX.,21.5
8.85712E+12,ตรวจครรภ์ NANO PREG TEST CASSETTE(ชนิดหยด),20.75
8.85712E+12,ตรวจครรภ์ NANO PREG TEST MIDSTREAM (ปากกา),33
8.85712E+12,ตรวจครรภ์ NANO PREG TEST STRIP (จุ่ม),13
8.85696E+12,ตรวจครรภ์ ORANGE TEST(ชนิดจุ่ม),15
8.85696E+12,ตรวจครรภ์ ORANGE TEST(ชนิดหยด),19
8.85696E+12,ตรวจครรภ์ ORCHID+ TEST ชนิดจุ่ม 1'S(TLM),6.5
8.85696E+12,ตรวจครรภ์ ORCHID+PREGNANCY TEST(ปากกา),22.75
8.85696E+12,ตรวจครรภ์ ORIGIN PREGNANCY TEST (ชนิดจุ่ม),6.75
8.85696E+12,ตรวจครรภ์ ORIGIN PREGNANCY TEST (ชนิดหยด),11.5
8.85712E+12,ตรวจครรภ์ PEN TEST-STAR 1'S(ปากกา),40
8.85876E+12,ตรวจครรภ์ PRECARE CASSETTE TEST (หยด),15
8.85876E+12,ตรวจครรภ์ PRECARE HCG PREGNACY TEST (ชนิดจุ่ม),13
8.8591E+12,ตรวจครรภ์ PREGNANCY TEST ชนิดจุ่ม(LONG MED),10
8.8591E+12,ตรวจครรภ์ PREGNANCY TEST ชนิดหยด(LONG MED),13
8.8591E+12,ตรวจครรภ์ PREGNANCY TEST ปากกา(LONG MED),26
8.85267E+12,ตรวจครรภ์ PRO STREP ชนิดหยด(RX.),26.5
8.85267E+12,ตรวจครรภ์ PROMPT ชนิดจุ่ม(RX.),12.25
8.85876E+12,ตรวจครรภ์ QUICK SURE ชนิดปากกา 1'S,35.5
8.8587E+12,ตรวจครรภ์ WISH PREG TEST จุ่ม 2 เทส/BX(GHP),16.5
8.8587E+12,ตรวจครรภ์ WISH PREG TEST ปากกา 2 เทส/BX(GHP),36
8.85713E+12,ตรวจครรภ์WONDER HCG TEST MISTREAM 1'S(ปากกา),17.5
8.85713E+12,ตรวจครรภ์WONDER ONE STEP ชนิดบอกรายสัปดาห์ 1'S,72
8.8587E+12,ตรวจครรภ์ชนิดปากกา PHECARE MIDSTREAM TEST,17.5
8.85892E+12,ตรวจสาร MAG TEST 3IN1(ยาบ้า+กระท่อม+กัญชา) หยด,145
8.85696E+12,ตรวจสารเสพติด CHEMTRUE TEST METH 1'S(จุ่ม),19.25
8.85696E+12,ตรวจสารเสพติด CHEMTRUE TEST METHA 1'S(หยด),23.5
8.85892E+12,ตรวจสารเสพติด MAG TEST 2IN1(ยาบ้า+เคตามีน)หยด,75
8.85892E+12,ตรวจสารเสพติด MAG TEST METH. STRIP 1'S(จุ่ม),22
8.85892E+12,ตรวจสารเสพติด MAG TEST METH.แพ็คละ50ชุด(จุ่ม),715.5
8.85892E+12,ตรวจสารเสพติดMAG TEST METH 1'S/BX.ชนิดหยด,24
8.85869E+12,ตรีผลา ผสมวิตามินซี 12แผง/แพ็ค(KMP),49
8.85869E+12,ตรีผลาผสม วิตามินซี 30'S(KMP),122.5
3201212,ตลับใส่คอนแทคเลนส์ /ชิ้น,0
25715674339,ตลับใส่ยา 2ช่อง PILL PLANNER (AM/PM),76.5
25715677903,ตลับใส่ยา EZY DOSE PILL PLANNER 7 วัน (สีส้ม),46
25715670096,ตลับใส่ยา EZY DOSE PILL PLANNER 7 วัน(วงโดนัท),46
25715670164,ตลับใส่ยา EZY DOSE PILL PLANNER DAILY 4x/DAY,37
50000003075,ตลับใส่ยาGNC (สีขาว),0
50000003105,ตลับใส่ยาGNC (สีส้ม),0
201210,ตลับพลาสติก 10 กรัมคละสี/ตลับ,1.5
20125,ตลับพลาสติก 5 กรัมคละสี /ตลับ,1
25715670157,ตัดเม็ดยา EZY DOSE TAB CUTTER(แบบธรรมดา),91
8.85271E+12,ตัดเม็ดยา PILL SPLITTER - สีใส(EXETER),85.5
8.85271E+12,ตัดเม็ดยา PILL SPLITTER - สีน้ำเงิน(EXETER),85.5
8.8522E+12,ถ้วยทอง ยาหม่องน้ำ 3ซีซี,17
8.8522E+12,ถ้วยทอง ยาหม่องน้ำ 7ซีซี,30.5
8.8522E+12,ถ้วยทอง ยาหม่องน้ำ ลูกกลิ้ง 7ซีซี,33.5
201220,ถ้วยล้างตา พลาสติก 12ชิ้น/ห่อ,3
20161920,ถังพลาสติกพร้อมฝาปิดใช้กับเก้าอี้นั่งถ่าย 11 นิ้ว,292
8.85642E+12,ถาดนับยา,209.5
8.85642E+12,ถาดหลุมทำแผล (6x10นิ้ว),154.75
8.85174E+12,ถุงการบูรหอมตราพัต ขนาด 30กรัม,26.75
20191824,ถุงซิป RX (สีชา) 8x12 ซม./(ห่อเล็ก),24
2019182468,ถุงซิป RX 6x8 /(ห่อเล็ก),13
201918247,ถุงซิป RX 7x10 /(ห่อเล็ก),16.5
2019182412,ถุงซิป RX 8x12 /(ห่อเล็ก),18.5
201918249,ถุงซิป RX 9x13 /(ห่อเล็ก),23.5
2019031015,ถุงซิป สีชา 10x15 ซม.(ห่อเล็ก),23.25
2019031217,ถุงซิป สีชา 12x17 ซม.(ห่อเล็ก),32.5
20190368,ถุงซิป สีชา 6x8 ซม.(ห่อ),18.75
201903710,ถุงซิป สีชา 7x10 ซม.(ห่อเล็ก),23.5
201903812,ถุงซิป สีชา 8x12 ซม.,27
201903913,ถุงซิป สีชา 9x13 ซม.(ห่อเล็ก),31.75
201946,ถุงซิปใส 4x6 ซม./(ห่อเล็ก),20.75
201957,ถุงซิปใส 5x7 ซม./(ห่อเล็ก),14.5
201968,ถุงซิปใส 6x8 ซม./(ห่อเล็ก),14.5
118372,ถุงซิปใส 7x10 ซม./(ห่อเล็ก),20.5
2019812,ถุงซิปใส 8x12 ซม./(ห่อเล็ก),21
21184123,ถุงซิปใส 9x13 ซม.ใหญ่ (แพ็ค 1 กิโลกรัม),111
21180204,ถุงปัสสาวะURINE COLLECTIONBAG UB-1603(เทล่าง),20.25
,ถุงมือ FREELOX 100'S/BX.(SIZE L),94
,ถุงมือ FREELOX 100'S/BX.(SIZE M),94
,ถุงมือ FREELOX 100'S/BX.(SIZE S),94
8.85913E+12,ถุงมือ I'M GLOVES SIZE M-ไม่มีแป้ง 10ชิ้น(ม่วง),21.5
8.85913E+12,ถุงมือ I'M GLOVES SIZE M-มีแป้ง 10ชิ้น(ชมพู),17
8.85696E+12,ถุงมือ NEXT HEALTH PRO ไซส์ L 100'S(ลัง10),82
8.85696E+12,ถุงมือ NEXT HEALTH PRO ไซส์ M 100'S(ลัง10),82
8.85696E+12,ถุงมือ NEXT HEALTH PRO ไซส์ S 100'S(ลัง10),82
8.85985E+12,ถุงมือ PRO GLOVES (ไซส์ L) 20BX/ลัง,94
8.85985E+12,ถุงมือ PRO GLOVES (ไซส์ M)20BX/ลัง,94
8.85985E+12,ถุงมือ PRO GLOVES (ไซส์ S)20BX/ลัง,94
8.85985E+12,ถุงมือ PRO GLOVESไซส์ L (ไม่มีแป้ง)20BX/ลัง,105
8.85985E+12,ถุงมือ PRO GLOVESไซส์ M (ไม่มีแป้ง)20BX/ลัง,105
8.85985E+12,ถุงมือ PRO GLOVESไซส์ S (ไม่มีแป้ง)20BX/ลัง,105
2.20028E+12,ถุงมือ ไฮแคร์ เซนส์ SIZE M 100'S/กล่อง,127.5
8.85913E+12,ถุงมือ ซาโตรี่ size L,195
8.85913E+12,ถุงมือ ซาโตรี่ size S,170
8.85871E+12,ถุงมือไนไตรล์ไม่มีแป้ง MASTER GLOVE 100'S สีฟ้า(L),148
8.21571E+12,ถุงมือไม่มีเเป้ง PRO CLEAN ไซซ์ L 100'S (สีดำ),94
8.21571E+12,ถุงมือไม่มีแป้ง PRO CLEAN ไซซ์ M 100'S (สีดำ),92
8.85296E+12,ถุงยาง BODY GUARD 54MM. 3'S,40.25
8.85296E+12,ถุงยาง BODY GUARD 56MM. 3'S,42.25
8.85957E+12,ถุงยาง DUMONT BASIC 49MM. 3'S,4.5
8.85096E+12,ถุงยาง FREELOX 52MM.(สตอเบอรี่)/แพ็ค24,12.5
8.85096E+12,ถุงยาง FREELOX จอย 52มม.(เขียว)/แพ็ค24,11.5
8.85394E+12,ถุงยาง FREELOX สีชมพู รุ่นแม็กซ์ 52มม.3'S(แพ็ค48ก.),9
8.85394E+12,ถุงยาง FREELOX สีส้ม 49มม.3'S (แพ็ค 48ก.),9
8.85064E+12,ถุงยาง INSTYLE GOLD 52MM.3'S,11
8.85064E+12,ถุงยาง INSTYLE PROTEXTRA 49MM.3'S,10
4.54769E+12,ถุงยาง OKAMOTO STAW S.53 12'S/PACK,35.5
8.85296E+12,ถุงยาง ONETOUCH อัลติมา(50.5MM.),36.25
8.85296E+12,ถุงยาง PLAYBOY ZERO ZERO THREE (52มม.),50.75
8.85296E+12,ถุงยาง PLAYBOY เฟเธอร์ไลท์(52มม.),42.75
8.85296E+12,ถุงยาง PLAYBOY แบล็คไทด์(52มม.),44.5
8.85296E+12,ถุงยาง PLAYBOY แม็กซ์ ดอท(52มม.),52.5
8.85296E+12,ถุงยาง PLAYBOY แม็ทซ์(49มม.),30.75
8.85296E+12,ถุงยาง PLAYBOY คอมฟอร์ท(56มม.),59.25
8.85296E+12,ถุงยาง PLAYBOY สตอว์เบอรี่(52มม.),52.5
8.85296E+12,ถุงยาง PLAYBOY สวีท เลิฟ(52มม.)12ชิ้น/BX.,175.5
8.85881E+12,ถุงยาง TANGO 49 มม. 3'S,13.25
8.85881E+12,ถุงยาง TANGO DOTTED 53มม. 3'S,17.5
8.85881E+12,ถุงยาง TANGO SMOOTH 53มม. 3'S,13.25
8.85016E+12,ถุงยางDUREX COMFORT 56 มม.(น้ำเงิน),69.5
5.0522E+12,ถุงยางDUREX DUAL PLEASURE 56MM.,74.5
8.85016E+12,ถุงยางDUREX EXCITA 3'S(53MM),44.75
8.85016E+12,ถุงยางDUREX FETHERLITE 3'S,58.5
5.03848E+12,ถุงยางDUREX FETHERLITE ULTIMA 3'S,63.5
8.85016E+12,ถุงยางDUREX KINGTEX(49MM) 3'S,35.5
5.03848E+12,ถุงยางDUREX LOVE 3'S/BX.,35
8.85036E+12,ถุงยางDUREX LOVE 3'S/กล่อง(2+1/แพ็ค),64.25
5.03848E+12,ถุงยางDUREX PERFORMA 3'(52.5MM.),65
8.85036E+12,ถุงยางDUREX PLEASURE PACK (แพ็ค),140
5.03848E+12,ถุงยางDUREX SENSATION 3'S(52MM),59
8.85016E+12,ถุงยางDUREX STRAWBERRY 3'S(52.5MM.),57.75
8.85036E+12,ถุงยางDUREX เอ็กซ์พลอร์ 3'S 52.5MM.,35
5.0522E+12,ถุงยางDUREX แอรี่ 2'S 52MM.(แพ็ค6กล่อง),54.75
8.85036E+12,ถุงยางDUREX ช็อกโกแล็ต 3'S 53MM.(ผิวไม่เรียบ),59
8.85096E+12,ถุงยางLIFESTYLES IN TOUCH 3'S (52มม.)มีปุ่ม,23.5
8.85096E+12,ถุงยางLIFESTYLES LOVE TIME 3'S(52มม.)น้ำเงิน,23.5
8.85096E+12,ถุงยางLIFESTYLES MIXBERRY 3'S(49มม.),23.5
8.85096E+12,ถุงยางLIFESTYLES SILK 49MM. 3'Sสีแดง,8
8.85096E+12,ถุงยางLIFESTYLES SKYN ORIGINAL 52มม.3'S,23.5
8.85096E+12,ถุงยางLIFESTYLES STRAWBERRY 3'S(52มม.),25.5
8.85096E+12,ถุงยางLIFESTYLES STUDDED 3'S(52มม.)(ม่วง),23.5
8.85096E+12,ถุงยางLIFESTYLES แฟนตาซี 52มม. 3'S,23.5
8.85096E+12,ถุงยางLIFESTYLES แมกซ์ 54มม. 3'S(เขียว),23.5
8.85096E+12,ถุงยางLIFESTYLESเนเชอรัล 49มม. 3'S,23.5
4.54769E+12,ถุงยางOKAMOTO 003 ALOE S.52 12'S/P,52
4.54769E+12,ถุงยางOKAMOTO 003.S52 12'S/P.,41.5
4.54769E+12,ถุงยางOKAMOTO DOT de COOL S.52 12'S/P,39
4.54769E+12,ถุงยางOKAMOTO GEL PLUS S52 12'S/PACK,32
8.85296E+12,ถุงยางดูแคร์ 3'S XL 56MM.,99999
8.85874E+12,ถุงยางอนามัย เอ็นดูด็อทท์ 3'S 52mm,99999
200849,ถุงหิ้วขาวนม 4x9 นิ้ว(ครึ่งกิโล),55
20085121,ถุงหิ้วขาวนม 5x12นิ้ว(1กิโล),95.5
2008512,ถุงหิ้วขาวนม 5x12นิ้ว(ครึ่งกิโล),55
2008614,ถุงหิ้วขาวนม 6x14นิ้ว(1 กิโล),95.5
200816142,ถุงหิ้วขาวนม 6x14นิ้ว(ครึ่งกิโล),55
2008916,ถุงหิ้วขาวนม 8x16นิ้ว(1 กิโล),95.5
2008918,ถุงหิ้วขาวนม 9x18นิ้ว(ครึ่งกิโล),49.75
20085120,"ถุงหิ้วพิมพ์ชื่อ ""เวลเล็คฟาร์มา"" 5x12 นิ้ว",22
20088160,"ถุงหิ้วพิมพ์ชื่อ ""เวลเล็คฟาร์มา"" 8x16นิ้ว",50
8.85965E+12,ทวิน ยาน้ำสมุนไพร 500ซีซี 12'S/โหล,252.5
8.85958E+12,ทองทรงไทย เลมอนกลาสมาสสาจ ออยล์ 20ซีซี,99999
8.85958E+12,ทองทรงไทย ยาหม่องไพร 18 30G.,37.75
8.85112E+12,ทัมใจ 100'S/BX (รุ่นใหม่)(ลัง100กล่อง),157
8.85008E+12,ทิงเจอร์ไอโอดีน 450CC./ขวด(วิทยาศรม),127.5
8.85008E+12,ทิงเจอร์ไอโอดีน วิทยาศรม 15CC,8.75
8.85008E+12,ทิงเจอร์ไอโอดีน วิทยาศรม 30 cc,13.5
8.85112E+12,ทิงเจอร์ไอโอดีน ศิริบัญชา 450CC./ขวด,141.5
,ทิชชูเปียกผึ้ง/หมีคละแบบ 80ชิ้น(PRO),0
18110804,ที่หัดเดินอลูมิเนียมมีล้อพับได้รุ่น 912L,3018.5
9.42103E+12,นมแพะ DG1-ADVANCE GOLD 400G.(สูตร1),536
9.42103E+12,นมแพะ DG2-ADVANCE GOLD 400G.(สูตร2),536
9.41501E+12,นมแพะ DG-สูตร1 400G.(แรกเกิด)12'S/ลัง,445
9.41501E+12,นมแพะ DG-สูตร1 800G.(แรกเกิด)12'S/ลัง,891
9.41501E+12,นมแพะ DG-สูตร2 400G.(6เดือน)12'S/ลัง,445
9.41501E+12,นมแพะ DG-สูตร2 800G.(6เดือน)12'S/ลัง,866.5
9.41501E+12,นมแพะ DG-สูตร3 400G.(1ปีขึ้นไป)12'S/ลัง,421
9.41501E+12,นมแพะ DG-สูตร3 800G.(1ปีขึ้นไป)12'S/ลัง,845
8.85012E+12,นมตราหมี ADVANCE สูตร 3 รสจืด 600G.(1ปีขึ้น),198.5
8.85013E+12,นมตราหมี ADVANCE สูตร2 600G.(6เดิอน-3ปี),212
8.85876E+12,นมอัดเม็ด MILKY D 24ซอง/กล่อง (นมชมพู)7ดาว,155.5
8.85876E+12,นมอัดเม็ด MILKY D 24ซอง/กล่อง (รสช็อกโก)7ดาว,155.5
8.85876E+12,นมอัดเม็ด MILKY D 24ซอง/กล่อง (รสนม)7ดาว,155.5
8.85876E+12,นมอัดเม็ด MILKY D 24ซอง/กล่อง (รสมอลต์)7ดาว,155.5
8.85442E+12,นมอัดเม็ด ไวท์ฟาร์ม รสช็อกโกแลต 10'S/BX(11.2G),86
8.85442E+12,นมอัดเม็ด ไวท์ฟาร์ม รสกล้วย 10'S/BX.(11.2G),86
8.85442E+12,นมอัดเม็ด ไวท์ฟาร์ม รสสตอเบอรี่ 10'S/BX.(11.2G),86
8.85442E+12,นมอัดเม็ด ไวท์ฟาร์ม รสหวาน 10'S/BX.(11.2G),86
8.85099E+12,นมอัดเม็ดมิ้ลค์มิ้ลค์-รสหวาน 24ซอง/กล่อง,237
8.85099E+12,นมอัดเม็ดมิ้ลค์มิ้ลค์-รสหวาน40'S/ขวด,36
8.85343E+12,นฤมิต เครื่องดื่มสกัดขิง เห็ดหูหนูพุทราจีน 10ซอง,175
8.85867E+12,นาทริฟ-แป้ง(ชมพู) 40G.,14.5
8.85008E+12,น้ำเกลือล้างแผล 120ซีซี(วิทยาศรม),12.5
8.85008E+12,น้ำเกลือล้างแผล 240ซีซี(วิทยาศรม),18
8.85888E+12,น้ำดื่มตรา เอโร่ 600ML,0
8.85712E+12,น้ำดื่มตรา ไอวอเตอร์ 350ML,0
8.85712E+12,น้ำดื่มตรา ไอวอเตอร์ 600ML,10
8.85069E+12,น้ำผึ้งเวชพงศ์ 120ซีซี เล็ก,58.5
8.85069E+12,น้ำผึ้งเวชพงศ์ 325ซีซี กลาง,121.75
8.85898E+12,น้ำมัน แรมโบ้ 120 ซี.ซี,46.25
8.85898E+12,น้ำมัน แรมโบ้ 15 ซี.ซี,18.25
180230,น้ำมัน แรมโบ้ 30 ซี.ซี,29.25
8.85898E+12,น้ำมัน แรมโบ้ 60 ซี.ซี,35
8.85657E+12,น้ำมันเขียว ตราแม่กุหลาบ ใหญ่ 20ซีซี,78.5
8.85657E+12,น้ำมันเขียว ตราแม่กุหลาบ ขวดเล็ก 3ซีซี,18.5
14131125,น้ำมันเขียวตราแม่มะลิ(ขวดใหญ่),59.75
1413111,น้ำมันเครื่อง 1 ลิตร (แผนกขนส่ง),0
1413116,น้ำมันเครื่อง 6 ลิตร+1ลิตร(แผนกขนส่ง),718
8.85388E+12,น้ำมันเหลือง เช็ง ซิม อิ๊ว 23ซีซี,63.5
8.85388E+12,น้ำมันเหลือง เช็ง ซิม อิ๊ว 5ซีซี,23
8.85657E+12,น้ำมันเหลือง แม่กุหลาบ ใหญ่ 20ซีซี,78.5
8.85657E+12,น้ำมันเหลือง แม่กุหลาบ ขวดเล็ก 3ซีซี,18.5
8.85814E+12,น้ำมันเหลือง สมถวิล 24ซีซี (ขวดใหญ่),85.75
8.85814E+12,น้ำมันเหลือง สมถวิล 5ซีซี (ลูกกลิ้งเล็ก),43.75
8.85814E+12,น้ำมันเหลือง สมถวิล 8ซีซี (ลูกกลิ้งใหญ่),59.5
8.85814E+11,น้ำมันเหลือง สมถวิลขวดเล็ก 4ซีซี.(ชำร่วย),28.75
8.85712E+12,น้ำมันเหลือง หอมจันทร์โอสถ 15ซีซี.,39.75
8.85712E+12,น้ำมันเหลือง หอมจันทร์โอสถ 25ซีซี.(ใหญ่),64.75
8.85884E+12,น้ำมันเหลืองจี้กง 25CC./ขวด,80.5
8.85199E+12,น้ำมันกวางลุ้ง 15CC.กลาง /ขวด,61
8.85199E+12,น้ำมันกวางลุ้ง 28CC.ใหญ่ /ขวด,90
8.85199E+12,น้ำมันกวางลุ้ง 3CC.เล็ก /ขวด,18.5
8.85199E+12,น้ำมันกวางลุ้ง 57CC.ครอบครัว /ขวด,137.5
48930727,น้ำมันดอกไม้ขาว-ญ.5CC./น้ำเงิน*ใหม่,41.5
48930734,น้ำมันดอกไม้ขาว-ล.2.5CC./เขียว*ใหม่,30.5
8.88895E+12,น้ำมันนกอินทรีย์ 24CC. ลัง,105.75
8.88895E+12,น้ำมันนกอินทรีย์ No.1 12CC.*ใหม่240/ลัง,58.75
8.88895E+12,น้ำมันนกอินทรีย์ No.2 6CC.*ใหม่,36
8.88895E+12,น้ำมันนกอินทรีย์ No.3 3CC. 600/ลัง,24.5
8.88895E+12,น้ำมันนกอินทรีย์ สูตร2 24ML,106
8.88895E+12,น้ำมันนกอินทรีย์ สูตร2 3ML,24.5
8.85209E+12,น้ำมันนวด ตรางู 30ML(เขียว),19
8.85209E+12,น้ำมันนวด ตรางู 60ML(เขียว),33
8.85847E+12,น้ำมันมวย 120CC.ใหญ่,97.75
8.85847E+12,น้ำมันมวย 15CC.จิ๋ว,25
8.85847E+12,น้ำมันมวย 30CC.เล็ก,40
8.85847E+12,น้ำมันมวย 450CC.ปอนด์ /ขวด,272
8.85847E+12,น้ำมันมวย 60CC.กลาง,65.5
8.85847E+12,น้ำมันมวยครีม 100G.,77
8.85847E+12,น้ำมันมวยครีม 30G. /หลอด,34
8.85847E+12,น้ำมันมวยครีม 60G. /หลอด,59
8.85847E+12,น้ำมันมวยสเปรย์ 40CC.,54.5
8.85008E+12,น้ำมันมะกอก บริสุทธิ์60ML.(วิทยาศรม),33.25
8.8508E+12,น้ำมันมะกอก-จำปาทอง 20มล.,5
8.8508E+12,น้ำมันมะกอก-จำปาทอง 50มล.,7.25
8.85329E+12,น้ำมันมะกอกหอม โอรีโอ้ 60ซีซี.(แสงสว่าง),10.5
8.85712E+12,น้ำมันมะพร้าว 120ML.(AGRILIFE),81
8.85712E+12,น้ำมันมะพร้าว 225ML.(AGRILIFE),129.5
8.85712E+12,น้ำมันมะพร้าว 450ML.(AGRILIFE),199
8.85713E+12,น้ำมันมะพร้าวสกัดเย็น 1000ML(WELLMED),429.5
8.85713E+12,น้ำมันมะพร้าวสกัดเย็น 100ML(WELLMED),82
8.85713E+12,น้ำมันมะพร้าวสกัดเย็น 200ML(WELLMED),154.5
8.85713E+12,น้ำมันมะพร้าวสกัดเย็น 500ML+ หัวปั๊ม (WELLMED),267.5
8.85702E+12,น้ำมันยา ตรามาร์วิน 70ML,40.75
8.85702E+12,น้ำมันยา ตรามาร์วิน สเปรย์ 20G.,37.5
8.85008E+12,น้ำมันละหุ่งหวาน 30CC./ขวด(วิทยาศรม),13
8.85008E+12,น้ำมันละหุ่งหวาน 60CC./ขวด(วิทยาศรม),17.5
8.85229E+12,น้ำยาบ้วนปาก CD-24 240ML.(MINT),46.5
8.85229E+12,น้ำยาบ้วนปาก MYBACIN COOL MINT 95ML.(ฟ้า),20.5
8.85229E+12,น้ำยาบ้วนปาก MYBACIN JUNIOR 95ML.(กลิ่นส้ม),18.75
8.85229E+12,น้ำยาบ้วนปาก MYBACIN JUNIOR 95ML.(สตอเบอรี่),18.75
8.85229E+12,น้ำยาบ้วนปาก MYBACIN ORIGINAL 95ML.(เหลือง),20.5
8.85229E+12,น้ำยาบ้วนปาก MYBACIN TARTAR 95ML,23
8.85229E+12,น้ำยาบ้วนปาก MYBACIN ฟ้าทะลายโจร 500ML.,81
8.85009E+12,น้ำยาล้างห้องน้ำVIXOL-PINK 450ML,17.5
8.85009E+12,น้ำยาล้างห้องน้ำVIXOL-WHITE 450ML,17.5
8.85018E+12,น้ำยาล้างห้องน้ำเป็ด-ชมพู 700ML(หัวแหลม),41.25
8.85018E+12,น้ำยาล้างห้องน้ำเป็ด-ชมพู 900ML,41.25
8.85018E+12,น้ำยาล้างห้องน้ำเป็ด-ม่วง 700ML(หัวแหลม),41.25
8.85018E+12,น้ำยาล้างห้องน้ำเป็ด-ม่วง 900ML,44
8.85085E+12,นิจิดีส์เล็ก 15.3กรัม (50.-) แถบแดง(ลัง 12 โหล),34.75
8.85593E+12,นิวเจริญ พารา 500MG. 100'S/ขวด( PARACETAMOL ),54
8.85593E+12,นิวเจริญ พารา 500MG.10x10'S( PARACETAMOL ),69.75
8.85136E+12,นิวทริเซีย อินฟาทรินี่ 400G.(แรกเกิด-1ปี),414.25
8.85003E+12,นีเวีย เมคอัพคลีนซิ่งมิลค์ 200ML,149
8.85003E+12,นีเวีย เอ็กซ์ไบร์-ไมเซล่า วอเตอร์ 200ML(ชมพู),132.25
8.85003E+12,นีเวีย เอ็กซ์ไวท์เมคอัพเคลียร์โฟม 50G.(ญ),51
8.85003E+12,นีเวีย เอ็กซ์ไวท์เมคอัพมัดโฟม100G.(ญ),94
8.85003E+12,นีเวีย เอ็กซ์ตร้าไวท์-โทนเนอร์ 200ML,150.5
8.85003E+12,นีเวีย เอ็กตร้าไวท์เมคมัดโฟม 50G.(ญ),51.5
8.85003E+12,นีเวีย แคร์ริ่งมูส ไวท์ออยล์ 150ML(ญ),76.5
8.85003E+12,นีเวีย แคร์ริ่งวิป เพิร์ลไวท์ 100G.(ญ),76.5
8.85003E+12,นีเวีย แคร์ริ่งวิป เพิร์ลไวท์ 50G.(ญ),43
8.85003E+12,นีเวีย แคร์ริ่งวิป ไวท์ออยล์ 100G.(ญ),76.5
8.85003E+12,นีเวีย แอคเน่แคร์-โทนเนอร์ 200ML,150.5
8.85003E+12,นีเวีย แอคเน่แคร์-ไมเซล่า วอเตอร์ 200ML(ม่วง),132
4.00581E+12,นีเวีย ไวท์เพิร์ลโฟม 50G.(ญ),46
8.85003E+12,นีเวีย ไวท์ออย มัดโฟม 50G.(ญ),51.5
4.00581E+12,นีเวีย ไวท์ออยคอนโทล-โทนเนอร์ 200ML,150.5
8.85003E+12,นีเวีย ออยคอนโทรล ไมเซล่า วอเตอร์ 200ML(เขียว),132
4.00581E+12,นีเวีย อินเทนซีฟมอยส์เจอเซรั่ม SPF40 180ML,122.5
8.85003E+12,นีเวียเซรั่ม เฟิร์มแอนด์สมูท SPF50 180ML,125.25
8.85003E+12,นีเวียเซรั่ม ไวท์รีแพร SPF50 180ML,125.25
8.85003E+12,นีเวียเซรั่ม ไวท์ออร่า SPF33 180ML,125.25
4.00581E+12,นีเวียเมน เอ็กไวท์โฟม 100G.,94
4.00581E+12,นีเวียเมน เอ็กไวท์โฟม 50G.+50%,58
4.00581E+12,นีเวียเมน เอ็กตร้าไวท์มัดโฟม 100กรัม,102
4.00581E+12,นีเวียเมน เอ็กมอนส์เซฟวิ่งโฟม 200ML,163.25
8.85003E+12,นีเวียเมน แอคเน่มัดโฟม 100กรัม,102
8.85003E+12,นีเวียเมน แอนไทออยไวท์มัดโฟม 100กรัม,102
8.85003E+12,นีเวียเมน โทเทิลแอนไทแอคเน่โฟม 100G+30%,94
8.85003E+12,นีเวียเมน โทเทิลแอนไทแอคเน่โฟม 50G.,58
8.85003E+12,นีเวียเมน ลิควิคโฟม แอคเน่ 100ML,48
8.85003E+12,นีเวียเมน ลิควิคโฟม แอคเน่ 50ML,42
8.85003E+12,นีเวียเมน ลิควิคโฟม ออยเคลียร์ 100ML,48
8.85003E+12,นีเวียเมน ลิควิคโฟม ออยเคลียร์ 50ML,42
8.85003E+12,นีเวียเมน-แอคเน่ออยส์โฟม 50G.,61.25
8.85003E+12,นีเวียเมน-ไว้ท์แอคเน่มัดโฟม 50กรัม,61.25
7.31947E+12,นีเวียเมน-ไวท์โฟมมัด 50G.,61.25
8.9923E+12,นีเวียเมน-ดูโอไล์ท์โฟม 50ML,52
8.85003E+12,นีเวีย-แอคเน่แคร์เมคอัพมัดโฟม 100กรัม,0
8.85003E+12,นีเวีย-แอคเน่โคลนโฟม 100กรัม(ญ),0
8.85003E+12,นีเวียโลชั่น เฟิร์มแอนด์สมูท 400ML,111.5
8.85003E+12,นีเวียโลชั่น เรเดียนแอนด์สมูท 400ML,111.5
4.00581E+12,นีเวียโลชั่น บอดี้มิ้ลล์ 400ML(น้ำเงิน),136
8.85003E+12,นีเวียโลชั่น บอดี้มิ้ลล์ SPF15 350ML(น้ำเงิน),138.25
8.85003E+12,นีเวีย-ไวท์เเพิร์ลโคลนมัดโฟม 100กรัม,94
4.00581E+12,นีเวีย-ไวท์เพิร์ลโฟม 100กรัม(ญ),91
8.85003E+12,นีเวีย-ไวท์เมคอัพเคลียร์โฟม 100กรัม,0
4.00581E+12,นีเวียซัน เฟสไวท์ SPF50 15ML+40%,74
8.85003E+12,นีเวียซัน คิดส์สวิมเพลย์ SPF50 100ML,323
4.00581E+12,นีเวียซัน บอดี้ไวท์ SPF50 125ML+40%,269
4.00581E+12,นีเวียซัน บอดี้มอยส์ SPF30 50ML,99
4.00581E+12,นีเวียซัน บอดี้มอยส์ SPF50 125ML,311
4.00581E+12,นีเวียซัน บอดี้มอยส์ SPF30 125ML,264
4.00581E+12,นีเวียซัน บอดี้มอยส์ SPF50 50ML,153.5
8.85003E+12,นีเวียซัน วอเตอร์สปอร์ต SPF50 100ML,327
4.00581E+12,นีเวียซันบอดี้ไว้ท์ SPF50 50ML,153
8.85003E+12,นีเวียดิโอสเปรย์ B&W เคลียร์150ML(ญ),99
42185437,นีเวียดีโอ โรลออน(ช) คูลคิก 25ML,29.25
8.85003E+12,นีเวียดีโอ โรลออน(ญ) เพิร์ลบิวตี้ 25ML,32.5
42131946,นีเวียดีโอ โรลออน(ญ) เอ็กไวท์ 25ML,29.25
8.85003E+12,นีเวียดีโอ โรลออน(ญ) ไวท์ 25ML,29.25
8.85003E+12,นีเวียดีโอ โรลออน(ญ) ไวท์ 50ML,79.5
42096528,นีเวียดีโอ สติ๊ก(ญ) เอ็กไวท์ 40ML,91
8.85003E+12,นีเวียลิป สตอเบอรี่ 4.8G.,55.25
4.00581E+12,นีเวียสเปรย์ B&W PURE 150ML(ญ),100.5
8.85003E+12,นีเวียสเปรย์ เพิร์ล&บิวตี้ 150ML,94
4.00581E+12,นีเวียสเปรย์ เฟรชแอคทีฟ 150ML(ช),130.5
4.00581E+12,นีเวียสเปรย์ เอ็กตร้าไวท์ 150ML,100.5
4.00581E+12,นีเวียสเปรย์ แฮปปี้เซฟ 150ML(ญ),99.5
8.85003E+12,นีเวียสเปรย์ โพเทค&แคร์ 150ML(ญ),94
4.00581E+12,นีเวียสเปรย์-B&W 150ML(ช),130.5
8.85003E+12,นีเวียสเปรย์-เซนซิทีฟ 150ML(ช),142
8.85003E+12,นีเวีย-สเปรย์เอ็กไวท์ซีรัม 100ML,0
8.85003E+12,นีเวียสเปรย์-คูลพาวเดอร์ 150ML(ช),135
4.00581E+12,นีเวียสเปรย์-ซิลเวอร์โพรเทค 150ML(ช),875
4.00581E+12,นีเวียสเปรย์-ดราย 150ML(ช),135
4.00581E+12,นีเวียสเปรย์-ดราย 150ML(ญ),102
4.00581E+12,นีเวียสเปรย์-ดิโอเฟรช 150ML(ญ),102
4.00581E+12,นีเวียสเปรย์-สเตรสโพเทค 150ML(ช),135
8.85003E+12,นีเวีย-ออยล์เมคอัพโฟม 100กรัม,0
8.85003E+12,นีเวีย-อินสแตนไวท์&เฟิร์มเซรั่มSPF50 180ML,0
8.85261E+12,นีโอ-ไลต์ (รสส้ม)25ซอง/กล่อง,63
8.85261E+12,นีโอ-ไลต์ (รสส้ม)50ซอง/กล่อง,126.25
8.85608E+12,บรรเทาอาการปวดเมื่อย ตราช่อเขียวมะกอก 6x10'S/BX.,108
8.85193E+12,บรีสเอ็กเซลเอ็กซ์ตร้า 250กรัม(เขียว),27
8.85193E+12,บรีสเอ็กเซลเอ็กซ์ตร้า 600กรัม(เขียว),47
8.85193E+12,บรีสเอ็กเซลเอ็กซ์ตร้า 900กรัม(เขียว),69.5
8.85193E+12,บรีสเอ็กเซลคอมฟอร์ท 250กรัม,21
8.85193E+12,บรีสเอ็กเซลคอมฟอร์ท 800กรัม(ชมพู),70
8.85193E+12,บรีสเอ็กเซลน้ำ 400มล.,34
8.85193E+12,บรีสเอ็กเซลน้ำคอมฟอร์ท 400มล.,39
8.85193E+12,บรีสเอ็กเซลน้ำอโรมา 400มล.,39
8.85193E+12,บรีสคัลเลอร์ 900กรัม,41.5
8.85193E+12,บรีสพาวเวอร์ 3000 กรัม(แดง),133
8.85193E+12,บรีสพาวเวอร์ สวีท ฟลาวเวอร์ 900กรัม,41.5
8.85195E+12,บ๊วยเค็มอบแห้ง (อบบ๊วย) 50กรัม ตราอีแอล,18
8.85195E+12,บ๊วยแดง(เชอรี่) 100กรัม ตราอีเเอล,35.75
8.85195E+12,บ๊วยสดแช่อิ่ม 100กรัม ตราอีเเอล,35.75
8.85195E+12,บ๊วยหวาน 60กรัม ตราอีแอล,18
8.85195E+12,บ๊วยห้ารสตราอีแอล 65กรัม ตราอีแอล,18
8.85008E+12,บาล์มวิทยาศรม 100G./ขวด,98.5
4.90281E+12,บีเฟสต้า เคลนซิ่ง แอคเน่แคร์ 300ML(เขียว),291.5
4.90281E+12,บีเฟสต้า เคลนซิ่ง ไบร์อัพ 300ML(น้ำเงิน),291.5
4.90281E+12,บีเฟสต้า เคลนซิ่ง ซีบัม 300ML(ฟ้า),291.5
2031014,บี-คอล จูเนียร์ 6'S/แผง (ไบร์วู๊ด),9.5
2191985,บูซ่า 1985 แค๊ปซูล (BRYWOOD),99999
219252,บูซ่า 252 แค๊ปซูล (BRYWOOD),99999
16202020,ปฏิทิน(แบบตั้งโต๊ะ),0
1422164,ปากกาอินซูลิน NOVOPEN 4,1284
16111611,ปากคีบจับผ้าก๊อต 9 1/2(25CM.),289
8.85702E+12,อาปาเช่ เม็ดอมมะขามป้อม(กลิ่นเชอร์รี่)12'Sx25ซอง/กล่อง,391.5
8.85702E+12,อาปาเช่ ยาอมรสมะขามป้อม 25ซอง/กล่อง,391.5
8.85868E+12,อายูร่า พิงค์เลดี้ สูตร 2 500ซีซี**ใหม่,89.5
8.85263E+12,อาหารเสริมBLENDERA-MF 2.5KG.(OTSUKA),683
8.85859E+12,อิงอร สบู่น้ำมะขาม 85 กรัม(มีกล่อง),13.5
8.85195E+12,อีแอล ลูกท้ออบแห้ง ขวดใหญ่(แพ็ค20ขวด),18
8.85914E+12,อี้ฉี้เจียวหนัง SUPERปู่เซิน 2 เม็ด,110
8.85112E+12,อุทัยทิพย์ ตรากิเลน 15ML.,33.5
8.85899E+12,อุปกรณ์ล้างจมูก CLEANOZE 250ML.,85
8.8596E+12,อุปกรณ์ล้างจมูก FLUSH 250ML,156.5
