ชื่อสินค้า (และรายละเอียด),ราคา
ACCU-CHEK GUIDE 25'S(แผ่นตรวจ)/กล่อง *P,฿438
ACCU-CHEK INSTANT 25'S แผ่นตรวจ *P,฿428
AERIUS ORAL SOLUTION 60ML.(SUGARFREE) *P,฿202
ALINAMIN EX PLUS 120'S (TAKEDA) *P,฿603
ALINAMIN EX PLUS 60'S (TAKEDA) *P,฿404
ALLERNIX 1x10'S(LORATADINE) *P,฿34
ALLERNIX SYRUP 60ML(LORATADINE) *P,฿41
AMOGIN-GEL 240ML(MILLIMED) 4โหล/ลัง *P,฿36
3M MICROPORE 1/2นิ้วx10หลาx24ม้วน/แพ็ค(ขาว),฿23.25
3M MICROPORE 1/2นิ้วx5.5x12ม้วน/แพ็ค(ขาว),฿19.5
3M MICROPORE 1นิ้วX10หลาX12'S/แพ็ค(ขาว),฿47
3M MICROPORE 1นิ้วx10หลาx12ม้วน/แพ็ค(มีแท่นตัด),฿49
3M MICROPORE 1นิ้วx10หลาx12ม้วน/แพ็ค.(สีเนื้อ),฿42.75
3M MICROPORE 1นิ้วx5.5หลาx6ม้วน/แพ็ค(ขาว),฿39
3M TRANSPORE 1/2นิ้วx10หลาx24'S/แพ็ค,฿22.75
3M TRANSPORE 1นิ้วx10หลาx12'S/แพ็ค,฿43.25
3M COLDHOT THERAPY HAPPY KID PACK 2'S,฿189
3M INTERDENTAL BRUSH 3'S(1.0MM)ด้ามงอ,฿132.5
3M MICROPORE 1นิ้วx10หลาx12ม้วน/แพ็ค(มีแท่นตัด),฿49
3M MICROPORE 1นิ้วx10หลาx12ม้วน/แพ็ค.(สีเนื้อ),฿42.75
3M โคแบน เทปพันยืดหยุ่น 2นิ้วx5หลาx1ม้วน(สีเนื้อ),"฿99,999"
3M ไหมขัดฟันมีด้ามFINE SLIDE FLOSSER 30'S,฿35.5
3M.TEGADERM 10x12CM.3ชิ้น/BX.(A2),฿63.5
4 MIX OIL 30'S(สุภาพโอสถ),฿143.5
3M TRANSPORE 1/2นิ้วx5หลาx12ม้วน/แพ็ค,฿201
3M แผ่นซับสิว สีชมพู 12ชิ้น(กลม),฿54.75
AMBES 10MG(AMLOPINE) 10x10'S(GPO),฿97
AMBES 5MG(AMLOPINE) 10x10'S(GPO),฿57
ANTACIL 50x10's (TNP),฿484
AZYCIN 250 MG(AZITHRO) 6'S(GPO),฿70
B-100 COMPLEX (B3-B1-B2-B6)50x1ML(TP.),฿227
BELCID FORTE SUSP 240ML.20ขวด/ลัง,฿34
ARTRODAR DIACEREIN 50MG.30'S/BX.(TRB) *P,฿511
BAIN SYRUP 150ML. *P,฿134
BENZAC AC GEL 2.5% 15G(BENZYL PEROXIDE) *P,฿106.75
BENZAC AC GEL 2.5% 60G (BENZOYL) *P,฿264
BENZAC AC GEL 5% 15G (BENZOYL) *P,฿115.5
BENZAC AC GEL 5% 60G (BENZOYL) *P,฿288
BENZAC PUTIFYING FOAM CLEANSER 130ML. *P,฿332.5
BIOGAIA CHEWABLE 10'S(PROBIOTICS)ABBOTT *P,฿322
3M MICROPORE 1/2นิ้วx10หลาx24ม้วน/แพ็ค(ขาว),฿23.25
3M MICROPORE 1/2นิ้วx5.5x12ม้วน/แพ็ค(ขาว),฿19.5
3M MICROPORE 1นิ้วX10หลาX12'S/แพ็ค(ขาว),฿47
3M MICROPORE 1นิ้วx10หลาx12ม้วน/แพ็ค(มีแท่นตัด),฿49
3M MICROPORE 1นิ้วx10หลาx12ม้วน/แพ็ค.(สีเนื้อ),฿42.75
3M MICROPORE 1นิ้วx5.5หลาx6ม้วน/แพ็ค(ขาว),฿39
3M TRANSPORE 1/2นิ้วx10หลาx24'S/แพ็ค,฿22.75
3M TRANSPORE 1นิ้วx10หลาx12'S/แพ็ค,฿43.25
3M COLDHOT THERAPY HAPPY KID PACK 2'S,฿189
3M INTERDENTAL BRUSH 3'S(1.0MM)ด้ามงอ,฿132.5
3M MICROPORE 1นิ้วx10หลาx12ม้วน/แพ็ค(มีแท่นตัด),฿49
3M MICROPORE 1นิ้วx10หลาx12ม้วน/แพ็ค.(สีเนื้อ),฿42.75
3M โคแบน เทปพันยืดหยุ่น 2นิ้วx5หลาx1ม้วน(สีเนื้อ),"฿99,999"
3M ไหมขัดฟันมีด้ามFINE SLIDE FLOSSER 30'S,฿35.5
3M.TEGADERM 10x12CM.3ชิ้น/BX.(A2),฿63.5
4 MIX OIL 30'S(สุภาพโอสถ),฿143.5
3M TRANSPORE 1/2นิ้วx5หลาx12ม้วน/แพ็ค,฿201
3M แผ่นซับสิว สีชมพู 12ชิ้น(กลม),฿54.75
AMBES 10MG(AMLOPINE) 10x10'S(GPO),฿97
AMBES 5MG(AMLOPINE) 10x10'S(GPO),฿57
ANTACIL 50x10's (TNP),฿484
AZYCIN 250 MG(AZITHRO) 6'S(GPO),฿70
B-100 COMPLEX (B3-B1-B2-B6)50x1ML(TP.),฿227
BELCID FORTE SUSP 240ML.20ขวด/ลัง,฿34
BIOPHARM GUMMY CALCIUM 12ซอง/BX.(เล็ก) *P,฿185
BIOPHARM GUMMY CALCIUM 12ซอง/BX.(ใหญ่) *P,฿35.25
BIOPHARM GUMMY FISH OIL 12ซอง/BX.(เล็ก) *P,฿185
BIOPHARM GUMMY FISH OIL 12ซอง/BX.(ใหญ่) *P,฿35.25
BIOPHARM GUMMY MULTI VIT 12ซอง(เล็ก) *P,฿185
BIOPHARM GUMMY MULTI VIT 12ซอง/BX.(ใหญ่) EXP.04/26 *P,฿35.25
BIOPHARM GUMMY VIT C 12ซอง/BX.(เล็ก) *P,฿185
BIOPHARM GUMMY VIT C 12ซอง/BX.(ใหญ่) *P,฿35.25
3M MICROPORE 1/2นิ้วx10หลาx24ม้วน/แพ็ค(ขาว),฿23.25
3M MICROPORE 1/2นิ้วx5.5x12ม้วน/แพ็ค(ขาว),฿19.5
3M MICROPORE 1นิ้วX10หลาX12'S/แพ็ค(ขาว),฿47
3M MICROPORE 1นิ้วx10หลาx12ม้วน/แพ็ค(มีแท่นตัด),฿49
3M MICROPORE 1นิ้วx10หลาx12ม้วน/แพ็ค.(สีเนื้อ),฿42.75
3M MICROPORE 1นิ้วx5.5หลาx6ม้วน/แพ็ค(ขาว),฿39
3M TRANSPORE 1/2นิ้วx10หลาx24'S/แพ็ค,฿22.75
3M TRANSPORE 1นิ้วx10หลาx12'S/แพ็ค,฿43.25
3M COLDHOT THERAPY HAPPY KID PACK 2'S,฿189
3M INTERDENTAL BRUSH 3'S(1.0MM)ด้ามงอ,฿132.5
3M MICROPORE 1นิ้วx10หลาx12ม้วน/แพ็ค(มีแท่นตัด),฿49
3M MICROPORE 1นิ้วx10หลาx12ม้วน/แพ็ค.(สีเนื้อ),฿42.75
3M โคแบน เทปพันยืดหยุ่น 2นิ้วx5หลาx1ม้วน(สีเนื้อ),"฿99,999"
3M ไหมขัดฟันมีด้ามFINE SLIDE FLOSSER 30'S,฿35.5
3M.TEGADERM 10x12CM.3ชิ้น/BX.(A2),฿63.5
4 MIX OIL 30'S(สุภาพโอสถ),฿143.5
3M TRANSPORE 1/2นิ้วx5หลาx12ม้วน/แพ็ค,฿201
3M แผ่นซับสิว สีชมพู 12ชิ้น(กลม),฿54.75
AMBES 10MG(AMLOPINE) 10x10'S(GPO),฿97
AMBES 5MG(AMLOPINE) 10x10'S(GPO),฿57
ANTACIL 50x10's (TNP),฿484
AZYCIN 250 MG(AZITHRO) 6'S(GPO),฿70
B-100 COMPLEX (B3-B1-B2-B6)50x1ML(TP.),฿227
BELCID FORTE SUSP 240ML.20ขวด/ลัง,฿34
CETAPHIL CLEANSER 118ML(4FL OZ.) *P,฿162.75
CETAPHIL OILY CLEANSER 236ML.(ผิวมัน) *P,฿312
COUNTERPAIN PLUS 25G./ลัง24 *P,฿118.75
COUNTERPAIN PLUS 50G. *P,฿201
COUNTERPAIN-COOL 120G.ญ.24/ลัง *P,฿132
COUNTERPAIN-COOL 30G.เล็ก60/ลัง *P,฿48.75
COUNTERPAIN-COOL 60G.กลาง30/ลัง *P,฿78.75
DIABEDERM CR.10% 15G.เขียว(UREA) *P,฿26.25
3M MICROPORE 1/2นิ้วx10หลาx24ม้วน/แพ็ค(ขาว),฿23.25
3M MICROPORE 1/2นิ้วx5.5x12ม้วน/แพ็ค(ขาว),฿19.5
3M MICROPORE 1นิ้วX10หลาX12'S/แพ็ค(ขาว),฿47
3M MICROPORE 1นิ้วx10หลาx12ม้วน/แพ็ค(มีแท่นตัด),฿49
3M MICROPORE 1นิ้วx10หลาx12ม้วน/แพ็ค.(สีเนื้อ),฿42.75
3M MICROPORE 1นิ้วx5.5หลาx6ม้วน/แพ็ค(ขาว),฿39
3M TRANSPORE 1/2นิ้วx10หลาx24'S/แพ็ค,฿22.75
3M TRANSPORE 1นิ้วx10หลาx12'S/แพ็ค,฿43.25
3M COLDHOT THERAPY HAPPY KID PACK 2'S,฿189
3M INTERDENTAL BRUSH 3'S(1.0MM)ด้ามงอ,฿132.5
3M MICROPORE 1นิ้วx10หลาx12ม้วน/แพ็ค(มีแท่นตัด),฿49
3M MICROPORE 1นิ้วx10หลาx12ม้วน/แพ็ค.(สีเนื้อ),฿42.75
3M โคแบน เทปพันยืดหยุ่น 2นิ้วx5หลาx1ม้วน(สีเนื้อ),"฿99,999"
3M ไหมขัดฟันมีด้ามFINE SLIDE FLOSSER 30'S,฿35.5
3M.TEGADERM 10x12CM.3ชิ้น/BX.(A2),฿63.5
4 MIX OIL 30'S(สุภาพโอสถ),฿143.5
3M TRANSPORE 1/2นิ้วx5หลาx12ม้วน/แพ็ค,฿201
3M แผ่นซับสิว สีชมพู 12ชิ้น(กลม),฿54.75
AMBES 10MG(AMLOPINE) 10x10'S(GPO),฿97
AMBES 5MG(AMLOPINE) 10x10'S(GPO),฿57
ANTACIL 50x10's (TNP),฿484
AZYCIN 250 MG(AZITHRO) 6'S(GPO),฿70
B-100 COMPLEX (B3-B1-B2-B6)50x1ML(TP.),฿227
BELCID FORTE SUSP 240ML.20ขวด/ลัง,฿34
ENSURE GOLD 1110G. (กลิ่นอัลมอนด์) *P,"฿1,156"
ENSURE GOLD 1110G. (ธัญพืช) *P,"฿1,156"
ENSURE GOLD 1110G.(370G.x3ถุง)กลิ่นวนิลา *P,"฿1,156"
ENSURE GOLD 800G.(กลิ่นกาแฟ) *P,฿848
ENSURE GOLD 800G.(กลิ่นอัลมอนด์) *P,฿848
ENSURE GOLD 800G.(ช็อคโกแล็ต)ลัง 12 BT *P,฿848
ENSURE GOLD 800G.กลิ่นธัญพืช-หวานน้อย *P,฿848
ENSURE GOLD 800G.วนิลา ลัง 12 กระป๋อง *P,฿848
3M MICROPORE 1/2นิ้วx10หลาx24ม้วน/แพ็ค(ขาว),฿23.25
3M MICROPORE 1/2นิ้วx5.5x12ม้วน/แพ็ค(ขาว),฿19.5
3M MICROPORE 1นิ้วX10หลาX12'S/แพ็ค(ขาว),฿47
3M MICROPORE 1นิ้วx10หลาx12ม้วน/แพ็ค(มีแท่นตัด),฿49
3M MICROPORE 1นิ้วx10หลาx12ม้วน/แพ็ค.(สีเนื้อ),฿42.75
3M MICROPORE 1นิ้วx5.5หลาx6ม้วน/แพ็ค(ขาว),฿39
3M TRANSPORE 1/2นิ้วx10หลาx24'S/แพ็ค,฿22.75
3M TRANSPORE 1นิ้วx10หลาx12'S/แพ็ค,฿43.25
3M COLDHOT THERAPY HAPPY KID PACK 2'S,฿189
3M INTERDENTAL BRUSH 3'S(1.0MM)ด้ามงอ,฿132.5
3M MICROPORE 1นิ้วx10หลาx12ม้วน/แพ็ค(มีแท่นตัด),฿49
3M MICROPORE 1นิ้วx10หลาx12ม้วน/แพ็ค.(สีเนื้อ),฿42.75
3M โคแบน เทปพันยืดหยุ่น 2นิ้วx5หลาx1ม้วน(สีเนื้อ),"฿99,999"
3M ไหมขัดฟันมีด้ามFINE SLIDE FLOSSER 30'S,฿35.5
3M.TEGADERM 10x12CM.3ชิ้น/BX.(A2),฿63.5
4 MIX OIL 30'S(สุภาพโอสถ),฿143.5
3M TRANSPORE 1/2นิ้วx5หลาx12ม้วน/แพ็ค,฿201
3M แผ่นซับสิว สีชมพู 12ชิ้น(กลม),฿54.75
AMBES 10MG(AMLOPINE) 10x10'S(GPO),฿97
AMBES 5MG(AMLOPINE) 10x10'S(GPO),฿57
ANTACIL 50x10's (TNP),฿484
AZYCIN 250 MG(AZITHRO) 6'S(GPO),฿70
B-100 COMPLEX (B3-B1-B2-B6)50x1ML(TP.),฿227
BELCID FORTE SUSP 240ML.20ขวด/ลัง,฿34
FURANO เม็ดฟู่ทำความสะอาด 24'S (กุหลาบ) *P,฿85.5
FURANO เม็ดฟู่ทำความสะอาด 24'S (ชาเชียว) *P,฿85.5
FURANO เม็ดฟู่ทำความสะอาด 24'S (สีฟ้า) *P,฿85.5
HAKUBI Q10 CREAM 35G. *P,฿604.75
HAKUBI WHITE C GEL 20G. EXP.05/26 *P,฿577.5
HANDY HERB JELLY ME KIDS FIBER 30G.x12'S/BX. *P,฿216
HASHI ชุดอุปกรณ์ล้างจมูก /ชุด(สีชมพู) *P,฿152.5
HASHI ชุดอุปกรณ์ล้างจมูก /ชุด(สีฟ้า) *P,฿152.5
3M MICROPORE 1/2นิ้วx10หลาx24ม้วน/แพ็ค(ขาว),฿23.25
3M MICROPORE 1/2นิ้วx5.5x12ม้วน/แพ็ค(ขาว),฿19.5
3M MICROPORE 1นิ้วX10หลาX12'S/แพ็ค(ขาว),฿47
3M MICROPORE 1นิ้วx10หลาx12ม้วน/แพ็ค(มีแท่นตัด),฿49
3M MICROPORE 1นิ้วx10หลาx12ม้วน/แพ็ค.(สีเนื้อ),฿42.75
3M MICROPORE 1นิ้วx5.5หลาx6ม้วน/แพ็ค(ขาว),฿39
3M TRANSPORE 1/2นิ้วx10หลาx24'S/แพ็ค,฿22.75
3M TRANSPORE 1นิ้วx10หลาx12'S/แพ็ค,฿43.25
3M COLDHOT THERAPY HAPPY KID PACK 2'S,฿189
3M INTERDENTAL BRUSH 3'S(1.0MM)ด้ามงอ,฿132.5
3M MICROPORE 1นิ้วx10หลาx12ม้วน/แพ็ค(มีแท่นตัด),฿49
3M MICROPORE 1นิ้วx10หลาx12ม้วน/แพ็ค.(สีเนื้อ),฿42.75
3M โคแบน เทปพันยืดหยุ่น 2นิ้วx5หลาx1ม้วน(สีเนื้อ),"฿99,999"
3M ไหมขัดฟันมีด้ามFINE SLIDE FLOSSER 30'S,฿35.5
3M.TEGADERM 10x12CM.3ชิ้น/BX.(A2),฿63.5
4 MIX OIL 30'S(สุภาพโอสถ),฿143.5
3M TRANSPORE 1/2นิ้วx5หลาx12ม้วน/แพ็ค,฿201
3M แผ่นซับสิว สีชมพู 12ชิ้น(กลม),฿54.75
AMBES 10MG(AMLOPINE) 10x10'S(GPO),฿97
AMBES 5MG(AMLOPINE) 10x10'S(GPO),฿57
ANTACIL 50x10's (TNP),฿484
AZYCIN 250 MG(AZITHRO) 6'S(GPO),฿70
B-100 COMPLEX (B3-B1-B2-B6)50x1ML(TP.),฿227
BELCID FORTE SUSP 240ML.20ขวด/ลัง,฿34
HICEE 100MG. 4'Sx20/BX.(กล่องเล็ก) *P,฿96.75
LEFTOSE 10x10'S/BX.(KENYAKU) *P,฿181.5
LIQUIPLAST 10G.(ฟิล์มเคลือบแผล) *P,฿137
MEGA FISH OIL 100'S/กระปุก *P,฿333.75
MEGA MAXX OMEGA 3 60'S(แพ็ค+FISH OIL 30'S) *P,฿417
MEGA MUCLEAR 10'S(สูตรNACLONG) *P,฿116.75
MEGA NAT.C YUMMY GUM 25x2'S/BX. *P,฿83
"MEGA NAT-C 1,000MG.150'S. *P",฿546
3M MICROPORE 1/2นิ้วx10หลาx24ม้วน/แพ็ค(ขาว),฿23.25
3M MICROPORE 1/2นิ้วx5.5x12ม้วน/แพ็ค(ขาว),฿19.5
3M MICROPORE 1นิ้วX10หลาX12'S/แพ็ค(ขาว),฿47
3M MICROPORE 1นิ้วx10หลาx12ม้วน/แพ็ค(มีแท่นตัด),฿49
3M MICROPORE 1นิ้วx10หลาx12ม้วน/แพ็ค.(สีเนื้อ),฿42.75
3M MICROPORE 1นิ้วx5.5หลาx6ม้วน/แพ็ค(ขาว),฿39
3M TRANSPORE 1/2นิ้วx10หลาx24'S/แพ็ค,฿22.75
3M TRANSPORE 1นิ้วx10หลาx12'S/แพ็ค,฿43.25
3M COLDHOT THERAPY HAPPY KID PACK 2'S,฿189
3M INTERDENTAL BRUSH 3'S(1.0MM)ด้ามงอ,฿132.5
3M MICROPORE 1นิ้วx10หลาx12ม้วน/แพ็ค(มีแท่นตัด),฿49
3M MICROPORE 1นิ้วx10หลาx12ม้วน/แพ็ค.(สีเนื้อ),฿42.75
3M โคแบน เทปพันยืดหยุ่น 2นิ้วx5หลาx1ม้วน(สีเนื้อ),"฿99,999"
3M ไหมขัดฟันมีด้ามFINE SLIDE FLOSSER 30'S,฿35.5
3M.TEGADERM 10x12CM.3ชิ้น/BX.(A2),฿63.5
4 MIX OIL 30'S(สุภาพโอสถ),฿143.5
3M TRANSPORE 1/2นิ้วx5หลาx12ม้วน/แพ็ค,฿201
3M แผ่นซับสิว สีชมพู 12ชิ้น(กลม),฿54.75
AMBES 10MG(AMLOPINE) 10x10'S(GPO),฿97
AMBES 5MG(AMLOPINE) 10x10'S(GPO),฿57
ANTACIL 50x10's (TNP),฿484
AZYCIN 250 MG(AZITHRO) 6'S(GPO),฿70
B-100 COMPLEX (B3-B1-B2-B6)50x1ML(TP.),฿227
BELCID FORTE SUSP 240ML.20ขวด/ลัง,฿34
"MEGA NAT-C 1,000MG.30'S.72bt/ลัง *P",฿170
"MEGA NAT-C 1,000MG.60'S.30BT/ลัง *P",฿239
MEGA NAT-C ESTER 30'S/BX *P,฿201
MEGA TINY CAP FISH OIL 500 30'S *P,฿116
OCUSOFT LID SCRUB ORIGINAL  50ML *P,฿287.75
OCUSOFT LID SCRUB ORIGINAL EYE CLEAN 30'S/BX. *P,฿366
OCUSOFT LID SCRUB PLUS 50ML *P,฿438.5
OCUSOFT LID SCRUB PLUS EYE CLEAN 30'S/BX. *P,฿545
3M MICROPORE 1/2นิ้วx10หลาx24ม้วน/แพ็ค(ขาว),฿23.25
3M MICROPORE 1/2นิ้วx5.5x12ม้วน/แพ็ค(ขาว),฿19.5
3M MICROPORE 1นิ้วX10หลาX12'S/แพ็ค(ขาว),฿47
3M MICROPORE 1นิ้วx10หลาx12ม้วน/แพ็ค(มีแท่นตัด),฿49
3M MICROPORE 1นิ้วx10หลาx12ม้วน/แพ็ค.(สีเนื้อ),฿42.75
3M MICROPORE 1นิ้วx5.5หลาx6ม้วน/แพ็ค(ขาว),฿39
3M TRANSPORE 1/2นิ้วx10หลาx24'S/แพ็ค,฿22.75
3M TRANSPORE 1นิ้วx10หลาx12'S/แพ็ค,฿43.25
3M COLDHOT THERAPY HAPPY KID PACK 2'S,฿189
3M INTERDENTAL BRUSH 3'S(1.0MM)ด้ามงอ,฿132.5
3M MICROPORE 1นิ้วx10หลาx12ม้วน/แพ็ค(มีแท่นตัด),฿49
3M MICROPORE 1นิ้วx10หลาx12ม้วน/แพ็ค.(สีเนื้อ),฿42.75
3M โคแบน เทปพันยืดหยุ่น 2นิ้วx5หลาx1ม้วน(สีเนื้อ),"฿99,999"
3M ไหมขัดฟันมีด้ามFINE SLIDE FLOSSER 30'S,฿35.5
3M.TEGADERM 10x12CM.3ชิ้น/BX.(A2),฿63.5
4 MIX OIL 30'S(สุภาพโอสถ),฿143.5
3M TRANSPORE 1/2นิ้วx5หลาx12ม้วน/แพ็ค,฿201
3M แผ่นซับสิว สีชมพู 12ชิ้น(กลม),฿54.75
AMBES 10MG(AMLOPINE) 10x10'S(GPO),฿97
AMBES 5MG(AMLOPINE) 10x10'S(GPO),฿57
ANTACIL 50x10's (TNP),฿484
AZYCIN 250 MG(AZITHRO) 6'S(GPO),฿70
B-100 COMPLEX (B3-B1-B2-B6)50x1ML(TP.),฿227
BELCID FORTE SUSP 240ML.20ขวด/ลัง,฿34
SUDOCREM MOISTUIZING CREAM 125G. *P,฿272.5
SYS LYSINE PLUS COLOSTRUM (รสช้อคโกแลต) *P,฿578
TEMPRA FIZZ 12'S (PARACETAMOL) *P,฿75
TENSOPLAST 100'S/BX.201bx/ลัง *P,฿64.5
TIGERPLAST ANIMOL KINGDOM 10x8'S/BX. *P,฿86
TIGERPLAST ANKLE ไซส์ L (32.0-36.0ซม.) *P,฿189
TIGERPLAST ANKLE ไซส์ M (29.0-32.5ซม.) *P,฿189
TIGERPLAST AQUATECET+ 100x120mm(W4) *P,฿42
3M MICROPORE 1/2นิ้วx10หลาx24ม้วน/แพ็ค(ขาว),฿23.25
3M MICROPORE 1/2นิ้วx5.5x12ม้วน/แพ็ค(ขาว),฿19.5
3M MICROPORE 1นิ้วX10หลาX12'S/แพ็ค(ขาว),฿47
3M MICROPORE 1นิ้วx10หลาx12ม้วน/แพ็ค(มีแท่นตัด),฿49
3M MICROPORE 1นิ้วx10หลาx12ม้วน/แพ็ค.(สีเนื้อ),฿42.75
3M MICROPORE 1นิ้วx5.5หลาx6ม้วน/แพ็ค(ขาว),฿39
3M TRANSPORE 1/2นิ้วx10หลาx24'S/แพ็ค,฿22.75
3M TRANSPORE 1นิ้วx10หลาx12'S/แพ็ค,฿43.25
3M COLDHOT THERAPY HAPPY KID PACK 2'S,฿189
3M INTERDENTAL BRUSH 3'S(1.0MM)ด้ามงอ,฿132.5
3M MICROPORE 1นิ้วx10หลาx12ม้วน/แพ็ค(มีแท่นตัด),฿49
3M MICROPORE 1นิ้วx10หลาx12ม้วน/แพ็ค.(สีเนื้อ),฿42.75
3M โคแบน เทปพันยืดหยุ่น 2นิ้วx5หลาx1ม้วน(สีเนื้อ),"฿99,999"
3M ไหมขัดฟันมีด้ามFINE SLIDE FLOSSER 30'S,฿35.5
3M.TEGADERM 10x12CM.3ชิ้น/BX.(A2),฿63.5
4 MIX OIL 30'S(สุภาพโอสถ),฿143.5
3M TRANSPORE 1/2นิ้วx5หลาx12ม้วน/แพ็ค,฿201
3M แผ่นซับสิว สีชมพู 12ชิ้น(กลม),฿54.75
AMBES 10MG(AMLOPINE) 10x10'S(GPO),฿97
AMBES 5MG(AMLOPINE) 10x10'S(GPO),฿57
ANTACIL 50x10's (TNP),฿484
AZYCIN 250 MG(AZITHRO) 6'S(GPO),฿70
B-100 COMPLEX (B3-B1-B2-B6)50x1ML(TP.),฿227
BELCID FORTE SUSP 240ML.20ขวด/ลัง,฿34
TIGERPLAST AQUATECET+ 5'S 100x120(N4)XXL *P,฿65.5
TIGERPLAST AQUATECT+ กันน้ำ 2'S 60x100(W2) *P,฿32.5
TIGERPLAST AQUATECT+ กันน้ำ 2'S 80x100(W3) *P,฿39
TIGERPLAST AQUATECT+ กันน้ำ 3'S 60x70(W1) *P,฿33.5
TIGERPLAST CARIBAND 4ซม.x2มx10ม้วน/กล่อง *P,฿51.25
TIGERPLAST CARIFIX STRETCH 10CM.x1M *P,฿35.5
TIGERPLAST CARIFIX STRETCH 5CM.x10M./BX. *P,฿168.5
TIGERPLAST CARIFIX WATERPROOF 10CM X1M *P,฿89
3M MICROPORE 1/2นิ้วx10หลาx24ม้วน/แพ็ค(ขาว),฿23.25
3M MICROPORE 1/2นิ้วx5.5x12ม้วน/แพ็ค(ขาว),฿19.5
3M MICROPORE 1นิ้วX10หลาX12'S/แพ็ค(ขาว),฿47
3M MICROPORE 1นิ้วx10หลาx12ม้วน/แพ็ค(มีแท่นตัด),฿49
3M MICROPORE 1นิ้วx10หลาx12ม้วน/แพ็ค.(สีเนื้อ),฿42.75
3M MICROPORE 1นิ้วx5.5หลาx6ม้วน/แพ็ค(ขาว),฿39
3M TRANSPORE 1/2นิ้วx10หลาx24'S/แพ็ค,฿22.75
3M TRANSPORE 1นิ้วx10หลาx12'S/แพ็ค,฿43.25
3M COLDHOT THERAPY HAPPY KID PACK 2'S,฿189
3M INTERDENTAL BRUSH 3'S(1.0MM)ด้ามงอ,฿132.5
3M MICROPORE 1นิ้วx10หลาx12ม้วน/แพ็ค(มีแท่นตัด),฿49
3M MICROPORE 1นิ้วx10หลาx12ม้วน/แพ็ค.(สีเนื้อ),฿42.75
3M โคแบน เทปพันยืดหยุ่น 2นิ้วx5หลาx1ม้วน(สีเนื้อ),"฿99,999"
3M ไหมขัดฟันมีด้ามFINE SLIDE FLOSSER 30'S,฿35.5
3M.TEGADERM 10x12CM.3ชิ้น/BX.(A2),฿63.5
4 MIX OIL 30'S(สุภาพโอสถ),฿143.5
3M TRANSPORE 1/2นิ้วx5หลาx12ม้วน/แพ็ค,฿201
3M แผ่นซับสิว สีชมพู 12ชิ้น(กลม),฿54.75
AMBES 10MG(AMLOPINE) 10x10'S(GPO),฿97
AMBES 5MG(AMLOPINE) 10x10'S(GPO),฿57
ANTACIL 50x10's (TNP),฿484
AZYCIN 250 MG(AZITHRO) 6'S(GPO),฿70
B-100 COMPLEX (B3-B1-B2-B6)50x1ML(TP.),฿227
BELCID FORTE SUSP 240ML.20ขวด/ลัง,฿34
TIGERPLAST CARIPORE CLEAR 1/2นิ้วx 5หลา/ม้วน *P,฿13.5
TIGERPLAST CARIPORE CLEAR 1นิ้วx10หลา/ม้วน *P,฿35.5
TIGERPLAST CLEAR 25'S/BX. พลาสเตอร์พลาสติกใส *P,฿24.5
TIGERPLAST CLEAR พลาสติกใส 10x10'S *P,฿101
TIGERPLAST CONFORMING 3นิ้วx5หลาx12'S/BX. *P,฿212.75
TIGERPLAST ELBOW(ศอก) SIZE L *P,฿160
TIGERPLAST ELBOW(ศอก) SIZE M *P,฿160
TIGERPLAST ELBOW(ศอก) SIZE S *P,฿160
3M MICROPORE 1/2นิ้วx10หลาx24ม้วน/แพ็ค(ขาว),฿23.25
3M MICROPORE 1/2นิ้วx5.5x12ม้วน/แพ็ค(ขาว),฿19.5
3M MICROPORE 1นิ้วX10หลาX12'S/แพ็ค(ขาว),฿47
3M MICROPORE 1นิ้วx10หลาx12ม้วน/แพ็ค(มีแท่นตัด),฿49
3M MICROPORE 1นิ้วx10หลาx12ม้วน/แพ็ค.(สีเนื้อ),฿42.75
3M MICROPORE 1นิ้วx5.5หลาx6ม้วน/แพ็ค(ขาว),฿39
3M TRANSPORE 1/2นิ้วx10หลาx24'S/แพ็ค,฿22.75
3M TRANSPORE 1นิ้วx10หลาx12'S/แพ็ค,฿43.25
3M COLDHOT THERAPY HAPPY KID PACK 2'S,฿189
3M INTERDENTAL BRUSH 3'S(1.0MM)ด้ามงอ,฿132.5
3M MICROPORE 1นิ้วx10หลาx12ม้วน/แพ็ค(มีแท่นตัด),฿49
3M MICROPORE 1นิ้วx10หลาx12ม้วน/แพ็ค.(สีเนื้อ),฿42.75
3M โคแบน เทปพันยืดหยุ่น 2นิ้วx5หลาx1ม้วน(สีเนื้อ),"฿99,999"
3M ไหมขัดฟันมีด้ามFINE SLIDE FLOSSER 30'S,฿35.5
3M.TEGADERM 10x12CM.3ชิ้น/BX.(A2),฿63.5
4 MIX OIL 30'S(สุภาพโอสถ),฿143.5
3M TRANSPORE 1/2นิ้วx5หลาx12ม้วน/แพ็ค,฿201
3M แผ่นซับสิว สีชมพู 12ชิ้น(กลม),฿54.75
AMBES 10MG(AMLOPINE) 10x10'S(GPO),฿97
AMBES 5MG(AMLOPINE) 10x10'S(GPO),฿57
ANTACIL 50x10's (TNP),฿484
AZYCIN 250 MG(AZITHRO) 6'S(GPO),฿70
B-100 COMPLEX (B3-B1-B2-B6)50x1ML(TP.),฿227
BELCID FORTE SUSP 240ML.20ขวด/ลัง,฿34
TIGERPLAST KNEE(เข่า) SIZE  L (41-46CM.) *P,฿202
TIGERPLAST KNEE(เข่า) SIZE M (36-41CM.) *P,฿202
TIGERPLAST KNEE(เข่า) SIZE S (31-36CM.) *P,฿202
TIGERPLAST LEOPOVIDONE 15ML(BETADINE) *P,฿24.5
TIGERPLAST LEOPOVIDONE 30ML(BETADINE) *P,฿34.5
TIGERPLAST LEOPOVIDONE 450ML.(BETADINE) *P,฿143.5
TIGERPLAST LEOPOVIDONE GEL 20G. *P,฿45.75
TIGERPLAST PREMIUM ผ้ายืด 10ซองx10'S/BX. *P,฿108
3M MICROPORE 1/2นิ้วx10หลาx24ม้วน/แพ็ค(ขาว),฿23.25
3M MICROPORE 1/2นิ้วx5.5x12ม้วน/แพ็ค(ขาว),฿19.5
3M MICROPORE 1นิ้วX10หลาX12'S/แพ็ค(ขาว),฿47
3M MICROPORE 1นิ้วx10หลาx12ม้วน/แพ็ค(มีแท่นตัด),฿49
3M MICROPORE 1นิ้วx10หลาx12ม้วน/แพ็ค.(สีเนื้อ),฿42.75
3M MICROPORE 1นิ้วx5.5หลาx6ม้วน/แพ็ค(ขาว),฿39
3M TRANSPORE 1/2นิ้วx10หลาx24'S/แพ็ค,฿22.75
3M TRANSPORE 1นิ้วx10หลาx12'S/แพ็ค,฿43.25
3M COLDHOT THERAPY HAPPY KID PACK 2'S,฿189
3M INTERDENTAL BRUSH 3'S(1.0MM)ด้ามงอ,฿132.5
3M MICROPORE 1นิ้วx10หลาx12ม้วน/แพ็ค(มีแท่นตัด),฿49
3M MICROPORE 1นิ้วx10หลาx12ม้วน/แพ็ค.(สีเนื้อ),฿42.75
3M โคแบน เทปพันยืดหยุ่น 2นิ้วx5หลาx1ม้วน(สีเนื้อ),"฿99,999"
3M ไหมขัดฟันมีด้ามFINE SLIDE FLOSSER 30'S,฿35.5
3M.TEGADERM 10x12CM.3ชิ้น/BX.(A2),฿63.5
4 MIX OIL 30'S(สุภาพโอสถ),฿143.5
3M TRANSPORE 1/2นิ้วx5หลาx12ม้วน/แพ็ค,฿201
3M แผ่นซับสิว สีชมพู 12ชิ้น(กลม),฿54.75
AMBES 10MG(AMLOPINE) 10x10'S(GPO),฿97
AMBES 5MG(AMLOPINE) 10x10'S(GPO),฿57
ANTACIL 50x10's (TNP),฿484
AZYCIN 250 MG(AZITHRO) 6'S(GPO),฿70
B-100 COMPLEX (B3-B1-B2-B6)50x1ML(TP.),฿227
BELCID FORTE SUSP 240ML.20ขวด/ลัง,฿34
TIGERPLAST SOFT PAD 3'S 100x120(P4) *P,฿39.5
TIGERPLAST SOFT PAD 4'S 60x100(P2) *P,฿32.75
TIGERPLAST SOFT PAD 4'S 80x100(P3) *P,฿39.5
TIGERPLAST SOFT PAD 5'S 60x70(P1) *P,฿32.75
TIGERPLAST SPORT TAPE 0.5นิ้วx9ม./ม้วน(สีขาว) *P,฿26
TIGERPLAST SPORT TAPE 1นิ้วx12ม้วน(ขาว) *P,฿471.75
TIGERPLAST SPORT TAPE 2นิ้วx6ม้วน(ขาว) *P,฿471.75
TIGERPLAST WATERPROOF 10'S 19x40(WF) *P,฿23.5
3M MICROPORE 1/2นิ้วx10หลาx24ม้วน/แพ็ค(ขาว),฿23.25
3M MICROPORE 1/2นิ้วx5.5x12ม้วน/แพ็ค(ขาว),฿19.5
3M MICROPORE 1นิ้วX10หลาX12'S/แพ็ค(ขาว),฿47
3M MICROPORE 1นิ้วx10หลาx12ม้วน/แพ็ค(มีแท่นตัด),฿49
3M MICROPORE 1นิ้วx10หลาx12ม้วน/แพ็ค.(สีเนื้อ),฿42.75
3M MICROPORE 1นิ้วx5.5หลาx6ม้วน/แพ็ค(ขาว),฿39
3M TRANSPORE 1/2นิ้วx10หลาx24'S/แพ็ค,฿22.75
3M TRANSPORE 1นิ้วx10หลาx12'S/แพ็ค,฿43.25
3M COLDHOT THERAPY HAPPY KID PACK 2'S,฿189
3M INTERDENTAL BRUSH 3'S(1.0MM)ด้ามงอ,฿132.5
3M MICROPORE 1นิ้วx10หลาx12ม้วน/แพ็ค(มีแท่นตัด),฿49
3M MICROPORE 1นิ้วx10หลาx12ม้วน/แพ็ค.(สีเนื้อ),฿42.75
3M โคแบน เทปพันยืดหยุ่น 2นิ้วx5หลาx1ม้วน(สีเนื้อ),"฿99,999"
3M ไหมขัดฟันมีด้ามFINE SLIDE FLOSSER 30'S,฿35.5
3M.TEGADERM 10x12CM.3ชิ้น/BX.(A2),฿63.5
4 MIX OIL 30'S(สุภาพโอสถ),฿143.5
3M TRANSPORE 1/2นิ้วx5หลาx12ม้วน/แพ็ค,฿201
3M แผ่นซับสิว สีชมพู 12ชิ้น(กลม),฿54.75
AMBES 10MG(AMLOPINE) 10x10'S(GPO),฿97
AMBES 5MG(AMLOPINE) 10x10'S(GPO),฿57
ANTACIL 50x10's (TNP),฿484
AZYCIN 250 MG(AZITHRO) 6'S(GPO),฿70
B-100 COMPLEX (B3-B1-B2-B6)50x1ML(TP.),฿227
BELCID FORTE SUSP 240ML.20ขวด/ลัง,฿34
TIGERPLAST WATERPROOF 10'S 25x72(WS) *P,฿23.5
TIGERPLAST WATERPROOF 5'S 60x70(N1) *P,฿39.75
TIGERPLAST เทปพันยึดข้อต่อสีเนื้อ 0.5นิ้วx9ม.x10หลา *P,฿26.25
TIGERPLAST ผ้ายืด 100'S/BX *P,฿34.5
VISLUBE 20x0.45CC./กล่อง *P,฿348
VISTRA SESAMIN NIGHT TIME 30CAPS *P,฿521
VITA C GUMMY 40G.x12'S/BX  ส้ม *P,฿26
VITA C GUMMY 40G.x12'S/BX แบล็คเคอเรนท์ *P,฿26
3M MICROPORE 1/2นิ้วx10หลาx24ม้วน/แพ็ค(ขาว),฿23.25
3M MICROPORE 1/2นิ้วx5.5x12ม้วน/แพ็ค(ขาว),฿19.5
3M MICROPORE 1นิ้วX10หลาX12'S/แพ็ค(ขาว),฿47
3M MICROPORE 1นิ้วx10หลาx12ม้วน/แพ็ค(มีแท่นตัด),฿49
3M MICROPORE 1นิ้วx10หลาx12ม้วน/แพ็ค.(สีเนื้อ),฿42.75
3M MICROPORE 1นิ้วx5.5หลาx6ม้วน/แพ็ค(ขาว),฿39
3M TRANSPORE 1/2นิ้วx10หลาx24'S/แพ็ค,฿22.75
3M TRANSPORE 1นิ้วx10หลาx12'S/แพ็ค,฿43.25
3M COLDHOT THERAPY HAPPY KID PACK 2'S,฿189
3M INTERDENTAL BRUSH 3'S(1.0MM)ด้ามงอ,฿132.5
3M MICROPORE 1นิ้วx10หลาx12ม้วน/แพ็ค(มีแท่นตัด),฿49
3M MICROPORE 1นิ้วx10หลาx12ม้วน/แพ็ค.(สีเนื้อ),฿42.75
3M โคแบน เทปพันยืดหยุ่น 2นิ้วx5หลาx1ม้วน(สีเนื้อ),"฿99,999"
3M ไหมขัดฟันมีด้ามFINE SLIDE FLOSSER 30'S,฿35.5
3M.TEGADERM 10x12CM.3ชิ้น/BX.(A2),฿63.5
4 MIX OIL 30'S(สุภาพโอสถ),฿143.5
3M TRANSPORE 1/2นิ้วx5หลาx12ม้วน/แพ็ค,฿201
3M แผ่นซับสิว สีชมพู 12ชิ้น(กลม),฿54.75
AMBES 10MG(AMLOPINE) 10x10'S(GPO),฿97
AMBES 5MG(AMLOPINE) 10x10'S(GPO),฿57
ANTACIL 50x10's (TNP),฿484
AZYCIN 250 MG(AZITHRO) 6'S(GPO),฿70
B-100 COMPLEX (B3-B1-B2-B6)50x1ML(TP.),฿227
BELCID FORTE SUSP 240ML.20ขวด/ลัง,฿34
VITA C GUMMY 40G.x12'S/BX โคล่า *P,฿26
VITA C GUMMY 40G.x12'S/BX สตอร์ *P,฿26
VITA C GUMMY 40G.x12'S/BX.(กลิ่นองุ่นมัสแคท) *P,฿26
เพียวริก้า DRAGON'S BLOOD SCAR GEL 20G.EXP.11/26 *P,฿476.5
เพียวริก้า DRAGON'S BLOOD SCAR GEL 3G. *P,฿84.75
เพียวริก้า DRAGON'S BLOOD SCAR GEL 8G. *P,฿208
จิ่วเจิ้งปู่เซินเจียวหนัง เอสวัน 6'S *P,฿169
ยาคุม BELARA 21'S รูปกุหลาบ *P,฿255.5
3M MICROPORE 1/2นิ้วx10หลาx24ม้วน/แพ็ค(ขาว),฿23.25
3M MICROPORE 1/2นิ้วx5.5x12ม้วน/แพ็ค(ขาว),฿19.5
3M MICROPORE 1นิ้วX10หลาX12'S/แพ็ค(ขาว),฿47
3M MICROPORE 1นิ้วx10หลาx12ม้วน/แพ็ค(มีแท่นตัด),฿49
3M MICROPORE 1นิ้วx10หลาx12ม้วน/แพ็ค.(สีเนื้อ),฿42.75
3M MICROPORE 1นิ้วx5.5หลาx6ม้วน/แพ็ค(ขาว),฿39
3M TRANSPORE 1/2นิ้วx10หลาx24'S/แพ็ค,฿22.75
3M TRANSPORE 1นิ้วx10หลาx12'S/แพ็ค,฿43.25
3M COLDHOT THERAPY HAPPY KID PACK 2'S,฿189
3M INTERDENTAL BRUSH 3'S(1.0MM)ด้ามงอ,฿132.5
3M MICROPORE 1นิ้วx10หลาx12ม้วน/แพ็ค(มีแท่นตัด),฿49
3M MICROPORE 1นิ้วx10หลาx12ม้วน/แพ็ค.(สีเนื้อ),฿42.75
3M โคแบน เทปพันยืดหยุ่น 2นิ้วx5หลาx1ม้วน(สีเนื้อ),"฿99,999"
3M ไหมขัดฟันมีด้ามFINE SLIDE FLOSSER 30'S,฿35.5
3M.TEGADERM 10x12CM.3ชิ้น/BX.(A2),฿63.5
4 MIX OIL 30'S(สุภาพโอสถ),฿143.5
3M TRANSPORE 1/2นิ้วx5หลาx12ม้วน/แพ็ค,฿201
3M แผ่นซับสิว สีชมพู 12ชิ้น(กลม),฿54.75
AMBES 10MG(AMLOPINE) 10x10'S(GPO),฿97
AMBES 5MG(AMLOPINE) 10x10'S(GPO),฿57
ANTACIL 50x10's (TNP),฿484
AZYCIN 250 MG(AZITHRO) 6'S(GPO),฿70
B-100 COMPLEX (B3-B1-B2-B6)50x1ML(TP.),฿227
BELCID FORTE SUSP 240ML.20ขวด/ลัง,฿34
ยาธาตุน้ำขาวกระต่ายบิน 450ซีซี (ลัง4โหล) *P,฿104.75
ยาว่านชักมดลูกจอมใจ 30แคป. *P,฿154.75
ยาว่านชักมดลูกจอมใจ-เล็ก 300ซีซี. *P,฿139.75
ยาว่านชักมดลูกจอมใจ-ใหญ่ 750ซีซี. *P,฿279.75
ยาสตรีนิสิงเหจอมทอง-ญ.750ซีซี./ขวด *P,฿82.75
ยาสตรีนิสิงเหจอมทอง-ล.300ML *P,฿44
หน้ากาก NEXT HEALTH 3ชั้น 50'S/BX.(สีเขียว) *P,฿37.5
หน้ากาก NEXT HEALTH 3ชั้น 50'S/BX.(สีขาว) *P,฿37.5
3M MICROPORE 1/2นิ้วx10หลาx24ม้วน/แพ็ค(ขาว),฿23.25
3M MICROPORE 1/2นิ้วx5.5x12ม้วน/แพ็ค(ขาว),฿19.5
3M MICROPORE 1นิ้วX10หลาX12'S/แพ็ค(ขาว),฿47
3M MICROPORE 1นิ้วx10หลาx12ม้วน/แพ็ค(มีแท่นตัด),฿49
3M MICROPORE 1นิ้วx10หลาx12ม้วน/แพ็ค.(สีเนื้อ),฿42.75
3M MICROPORE 1นิ้วx5.5หลาx6ม้วน/แพ็ค(ขาว),฿39
3M TRANSPORE 1/2นิ้วx10หลาx24'S/แพ็ค,฿22.75
3M TRANSPORE 1นิ้วx10หลาx12'S/แพ็ค,฿43.25
3M COLDHOT THERAPY HAPPY KID PACK 2'S,฿189
3M INTERDENTAL BRUSH 3'S(1.0MM)ด้ามงอ,฿132.5
3M MICROPORE 1นิ้วx10หลาx12ม้วน/แพ็ค(มีแท่นตัด),฿49
3M MICROPORE 1นิ้วx10หลาx12ม้วน/แพ็ค.(สีเนื้อ),฿42.75
3M โคแบน เทปพันยืดหยุ่น 2นิ้วx5หลาx1ม้วน(สีเนื้อ),"฿99,999"
3M ไหมขัดฟันมีด้ามFINE SLIDE FLOSSER 30'S,฿35.5
3M.TEGADERM 10x12CM.3ชิ้น/BX.(A2),฿63.5
4 MIX OIL 30'S(สุภาพโอสถ),฿143.5
3M TRANSPORE 1/2นิ้วx5หลาx12ม้วน/แพ็ค,฿201
3M แผ่นซับสิว สีชมพู 12ชิ้น(กลม),฿54.75
AMBES 10MG(AMLOPINE) 10x10'S(GPO),฿97
AMBES 5MG(AMLOPINE) 10x10'S(GPO),฿57
ANTACIL 50x10's (TNP),฿484
AZYCIN 250 MG(AZITHRO) 6'S(GPO),฿70
B-100 COMPLEX (B3-B1-B2-B6)50x1ML(TP.),฿227
BELCID FORTE SUSP 240ML.20ขวด/ลัง,฿34
หน้ากาก NEXT HEALTH 3ชั้น 50'S/BX.(สีชมพู) *P,฿37.5
หน้ากาก NEXT HEALTH 3ชั้น 50'S/BX.(สีดำ) *P,฿37.5
หน้ากาก NEXT HEALTH 3ชั้น 50'S/BX.(สีฟ้า) *P,฿37.5
3M MICROPORE 1/2นิ้วx10หลาx24ม้วน/แพ็ค(ขาว),฿23.25
3M MICROPORE 1/2นิ้วx5.5x12ม้วน/แพ็ค(ขาว),฿19.5
3M MICROPORE 1นิ้วX10หลาX12'S/แพ็ค(ขาว),฿47
3M MICROPORE 1นิ้วx10หลาx12ม้วน/แพ็ค(มีแท่นตัด),฿49
3M MICROPORE 1นิ้วx10หลาx12ม้วน/แพ็ค.(สีเนื้อ),฿42.75
3M MICROPORE 1นิ้วx5.5หลาx6ม้วน/แพ็ค(ขาว),฿39
3M TRANSPORE 1/2นิ้วx10หลาx24'S/แพ็ค,฿22.75
3M TRANSPORE 1นิ้วx10หลาx12'S/แพ็ค,฿43.25
3M COLDHOT THERAPY HAPPY KID PACK 2'S,฿189
3M INTERDENTAL BRUSH 3'S(1.0MM)ด้ามงอ,฿132.5
3M MICROPORE 1นิ้วx10หลาx12ม้วน/แพ็ค(มีแท่นตัด),฿49
3M MICROPORE 1นิ้วx10หลาx12ม้วน/แพ็ค.(สีเนื้อ),฿42.75
3M โคแบน เทปพันยืดหยุ่น 2นิ้วx5หลาx1ม้วน(สีเนื้อ),"฿99,999"
3M ไหมขัดฟันมีด้ามFINE SLIDE FLOSSER 30'S,฿35.5
3M.TEGADERM 10x12CM.3ชิ้น/BX.(A2),฿63.5
4 MIX OIL 30'S(สุภาพโอสถ),฿143.5
3M TRANSPORE 1/2นิ้วx5หลาx12ม้วน/แพ็ค,฿201
3M แผ่นซับสิว สีชมพู 12ชิ้น(กลม),฿54.75
AMBES 10MG(AMLOPINE) 10x10'S(GPO),฿97
AMBES 5MG(AMLOPINE) 10x10'S(GPO),฿57
ANTACIL 50x10's (TNP),฿484
AZYCIN 250 MG(AZITHRO) 6'S(GPO),฿70
B-100 COMPLEX (B3-B1-B2-B6)50x1ML(TP.),฿227
BELCID FORTE SUSP 240ML.20ขวด/ลัง,฿34
หน้ากาก NEXT HEALTH 3ชั้น 50'S/BX.(สีชมพู) *P,฿37.5
หน้ากาก NEXT HEALTH 3ชั้น 50'S/BX.(สีดำ) *P,฿37.5
หน้ากาก NEXT HEALTH 3ชั้น 50'S/BX.(สีฟ้า) *P,฿37.5
3M แผ่นซับสิว สีชมพู 12ชิ้น(กลม),฿54.75
8 VITA WITH LYSINE KIDS 60ML.(PHARMAHOF),฿30.5
A.C.V 5x5'S/BX.(ACYCLOVIR 200MG.),฿96
ACNE-AID FOAMING OIL CONTROL 100ML(แดง),฿140
ACNE-AID LIQ.สีแดง 50CC.,฿90.5
AERONIDE 200MCG(BUDESONIDE)AERO,฿207
AEROTAMOL 100MCG(สูตรVENTOLINพ่น),฿95.5
AIR-X 80MG 50x10'S มิ้นท์,฿603
3M COLDHOT THERAPY HAPPY KID PACK 2'S,฿189
3M INTERDENTAL BRUSH 3'S(1.0MM)ด้ามงอ,฿132.5
3M MICROPORE 1นิ้วx10หลาx12ม้วน/แพ็ค(มีแท่นตัด),฿49
3M MICROPORE 1นิ้วx10หลาx12ม้วน/แพ็ค.(สีเนื้อ),฿42.75
3M โคแบน เทปพันยืดหยุ่น 2นิ้วx5หลาx1ม้วน(สีเนื้อ),"฿99,999"
3M ไหมขัดฟันมีด้ามFINE SLIDE FLOSSER 30'S,฿35.5
3M.TEGADERM 10x12CM.3ชิ้น/BX.(A2),฿63.5
4 MIX OIL 30'S(สุภาพโอสถ),฿143.5
3M TRANSPORE 1/2นิ้วx5หลาx12ม้วน/แพ็ค,฿201
3M แผ่นซับสิว สีชมพู 12ชิ้น(กลม),฿54.75
AMBES 10MG(AMLOPINE) 10x10'S(GPO),฿97
AMBES 5MG(AMLOPINE) 10x10'S(GPO),฿57
ANTACIL 50x10's (TNP),฿484
AZYCIN 250 MG(AZITHRO) 6'S(GPO),฿70
B-100 COMPLEX (B3-B1-B2-B6)50x1ML(TP.),฿227
BELCID FORTE SUSP 240ML.20ขวด/ลัง,฿34
หน้ากาก NEXT HEALTH 3ชั้น 50'S/BX.(สีชมพู) *P,฿37.5
หน้ากาก NEXT HEALTH 3ชั้น 50'S/BX.(สีดำ) *P,฿37.5
หน้ากาก NEXT HEALTH 3ชั้น 50'S/BX.(สีฟ้า) *P,฿37.5
AIR-X 80MG 50x10'S รสมะนาว,฿603
AIR-X 80MG 50x10'S ส้ม(ใหม่),฿603
AIR-X DROPS 15ML/ขวด,฿45.75
ALBEMED (ALBENDAZOLE)6'Sx10/BX.,฿119
ALBER-T OINT. 10G.(TOLNAF+TRIACETIN),฿43.25
ALCOHOL ALSOFF สเปรย์ 30ML(LP),฿22.75
ALCOHOL GEL DRY CLEAN 15ML(NANOMED),฿15.5
ALINAMIN EX PLUS 60'S (TAKEDA) *P,฿404
3M COLDHOT THERAPY HAPPY KID PACK 2'S,฿189
3M INTERDENTAL BRUSH 3'S(1.0MM)ด้ามงอ,฿132.5
3M MICROPORE 1นิ้วx10หลาx12ม้วน/แพ็ค(มีแท่นตัด),฿49
3M MICROPORE 1นิ้วx10หลาx12ม้วน/แพ็ค.(สีเนื้อ),฿42.75
3M โคแบน เทปพันยืดหยุ่น 2นิ้วx5หลาx1ม้วน(สีเนื้อ),"฿99,999"
3M ไหมขัดฟันมีด้ามFINE SLIDE FLOSSER 30'S,฿35.5
3M.TEGADERM 10x12CM.3ชิ้น/BX.(A2),฿63.5
4 MIX OIL 30'S(สุภาพโอสถ),฿143.5
3M TRANSPORE 1/2นิ้วx5หลาx12ม้วน/แพ็ค,฿201
3M แผ่นซับสิว สีชมพู 12ชิ้น(กลม),฿54.75
AMBES 10MG(AMLOPINE) 10x10'S(GPO),฿97
AMBES 5MG(AMLOPINE) 10x10'S(GPO),฿57
ANTACIL 50x10's (TNP),฿484
AZYCIN 250 MG(AZITHRO) 6'S(GPO),฿70
B-100 COMPLEX (B3-B1-B2-B6)50x1ML(TP.),฿227
BELCID FORTE SUSP 240ML.20ขวด/ลัง,฿34
หน้ากาก NEXT HEALTH 3ชั้น 50'S/BX.(สีชมพู) *P,฿37.5
หน้ากาก NEXT HEALTH 3ชั้น 50'S/BX.(สีดำ) *P,฿37.5
หน้ากาก NEXT HEALTH 3ชั้น 50'S/BX.(สีฟ้า) *P,฿37.5
ALLERGIA KID CREAM 7G.คันและแพ้(N&K),฿73.5
ALLORA 60ML (สูตร AERIUS)UNISON,฿55.25
ALOE GEL 30G(THP)/หลอด,฿36.25
ALSOFF สเปรย์ 70% 30 ML.(กลิ่นมะลิ),฿22.75
AMBES 5MG(AMLOPINE) 10x10'S(GPO),฿57
AMBROCIN 50x10'S(AMBROXAL)สหแพทย์,฿144
AMK 1000MG 10x10'S(แพ็คละ10แผง)(AUGMENTIN),฿950
AMK 1000MG 1x10'S(RX)/กล่อง(AUGMENTIN),฿95
3M COLDHOT THERAPY HAPPY KID PACK 2'S,฿189
3M INTERDENTAL BRUSH 3'S(1.0MM)ด้ามงอ,฿132.5
3M MICROPORE 1นิ้วx10หลาx12ม้วน/แพ็ค(มีแท่นตัด),฿49
3M MICROPORE 1นิ้วx10หลาx12ม้วน/แพ็ค.(สีเนื้อ),฿42.75
3M โคแบน เทปพันยืดหยุ่น 2นิ้วx5หลาx1ม้วน(สีเนื้อ),"฿99,999"
3M ไหมขัดฟันมีด้ามFINE SLIDE FLOSSER 30'S,฿35.5
3M.TEGADERM 10x12CM.3ชิ้น/BX.(A2),฿63.5
4 MIX OIL 30'S(สุภาพโอสถ),฿143.5
3M TRANSPORE 1/2นิ้วx5หลาx12ม้วน/แพ็ค,฿201
3M แผ่นซับสิว สีชมพู 12ชิ้น(กลม),฿54.75
AMBES 10MG(AMLOPINE) 10x10'S(GPO),฿97
AMBES 5MG(AMLOPINE) 10x10'S(GPO),฿57
ANTACIL 50x10's (TNP),฿484
AZYCIN 250 MG(AZITHRO) 6'S(GPO),฿70
B-100 COMPLEX (B3-B1-B2-B6)50x1ML(TP.),฿227
BELCID FORTE SUSP 240ML.20ขวด/ลัง,฿34
หน้ากาก NEXT HEALTH 3ชั้น 50'S/BX.(สีชมพู) *P,฿37.5
หน้ากาก NEXT HEALTH 3ชั้น 50'S/BX.(สีดำ) *P,฿37.5
หน้ากาก NEXT HEALTH 3ชั้น 50'S/BX.(สีฟ้า) *P,฿37.5
AMK SUS.228.5MG/5ML(70ML),฿98
AMK SUS.457MG/5ML(70ML),฿144.75
AMLOPINE 10MG 10x10'S,฿199
AMLOPINE 5MG.10x10'S.(BERLIN),฿153.5
AMMELTZ 48CC.เล็ก,฿96
AMMELTZ GLOD 48ML.(เล็ก),฿149.25
AMOGIN-GEL 240ML(MILLIMED) 4โหล/ลัง *P,฿36
AMOKSIKLAV 1G.10'S/กล่อง(AUGMENTIN),฿114
3M COLDHOT THERAPY HAPPY KID PACK 2'S,฿189
3M INTERDENTAL BRUSH 3'S(1.0MM)ด้ามงอ,฿132.5
3M MICROPORE 1นิ้วx10หลาx12ม้วน/แพ็ค(มีแท่นตัด),฿49
3M MICROPORE 1นิ้วx10หลาx12ม้วน/แพ็ค.(สีเนื้อ),฿42.75
3M โคแบน เทปพันยืดหยุ่น 2นิ้วx5หลาx1ม้วน(สีเนื้อ),"฿99,999"
3M ไหมขัดฟันมีด้ามFINE SLIDE FLOSSER 30'S,฿35.5
3M.TEGADERM 10x12CM.3ชิ้น/BX.(A2),฿63.5
4 MIX OIL 30'S(สุภาพโอสถ),฿143.5
3M TRANSPORE 1/2นิ้วx5หลาx12ม้วน/แพ็ค,฿201
3M แผ่นซับสิว สีชมพู 12ชิ้น(กลม),฿54.75
AMBES 10MG(AMLOPINE) 10x10'S(GPO),฿97
AMBES 5MG(AMLOPINE) 10x10'S(GPO),฿57
ANTACIL 50x10's (TNP),฿484
AZYCIN 250 MG(AZITHRO) 6'S(GPO),฿70
B-100 COMPLEX (B3-B1-B2-B6)50x1ML(TP.),฿227
BELCID FORTE SUSP 240ML.20ขวด/ลัง,฿34
หน้ากาก NEXT HEALTH 3ชั้น 50'S/BX.(สีชมพู) *P,฿37.5
หน้ากาก NEXT HEALTH 3ชั้น 50'S/BX.(สีดำ) *P,฿37.5
หน้ากาก NEXT HEALTH 3ชั้น 50'S/BX.(สีฟ้า) *P,฿37.5
AMOXYCILLIN 500MG. 500'S ชมพู(สหแพทย์),฿525
AMOXYCILLIN 500MG. 50x10'S ชมพู(สหแพทย์),฿490
AMOXYCILLIN 500MG. 50x10'S(เขียว-ฟ้า)7ดาว SSP,฿443
ANAPRIL 20MG.10x10'S.(ENALAPRIL),฿96
ANAPRIL 5MG.10x10'S.(ENALAPRIL),฿59
ANAPRIL-S 5MG.10x10’S(ENALAPRIL),฿57
ANASIC BALM 25GM./หลอด,฿22.5
ANTAZALLERGE 10x10ML (SIAM)แพ็ค10ขวด,฿37
3M COLDHOT THERAPY HAPPY KID PACK 2'S,฿189
3M INTERDENTAL BRUSH 3'S(1.0MM)ด้ามงอ,฿132.5
3M MICROPORE 1นิ้วx10หลาx12ม้วน/แพ็ค(มีแท่นตัด),฿49
3M MICROPORE 1นิ้วx10หลาx12ม้วน/แพ็ค.(สีเนื้อ),฿42.75
3M โคแบน เทปพันยืดหยุ่น 2นิ้วx5หลาx1ม้วน(สีเนื้อ),"฿99,999"
3M ไหมขัดฟันมีด้ามFINE SLIDE FLOSSER 30'S,฿35.5
3M.TEGADERM 10x12CM.3ชิ้น/BX.(A2),฿63.5
4 MIX OIL 30'S(สุภาพโอสถ),฿143.5
3M TRANSPORE 1/2นิ้วx5หลาx12ม้วน/แพ็ค,฿201
3M แผ่นซับสิว สีชมพู 12ชิ้น(กลม),฿54.75
AMBES 10MG(AMLOPINE) 10x10'S(GPO),฿97
AMBES 5MG(AMLOPINE) 10x10'S(GPO),฿57
ANTACIL 50x10's (TNP),฿484
AZYCIN 250 MG(AZITHRO) 6'S(GPO),฿70
B-100 COMPLEX (B3-B1-B2-B6)50x1ML(TP.),฿227
BELCID FORTE SUSP 240ML.20ขวด/ลัง,฿34
หน้ากาก NEXT HEALTH 3ชั้น 50'S/BX.(สีชมพู) *P,฿37.5
หน้ากาก NEXT HEALTH 3ชั้น 50'S/BX.(สีดำ) *P,฿37.5
หน้ากาก NEXT HEALTH 3ชั้น 50'S/BX.(สีฟ้า) *P,฿37.5
APOLETS 75MG 3x10'S/Bx.(CLOPIDOGREL),฿292
ARCOXIA 60MG. 1x5'S,฿184
ATK TEST COVID 2IN1 SET 1 TEST/BOX.(iiLO),฿35.75
AXCEL FUSIDIC ACID-B CR 5GM.(FUSIDIC+BETA),฿38.75
A-Z MULTIVITAMIN 60'S,฿199
AZYCIN 250 MG(AZITHRO) 6'S(GPO),฿70
B CO-ED 100'S/BT.(สหแพทย์),฿31.5
B CO-ED 100x10'S(สหแพทย์),฿262
3M COLDHOT THERAPY HAPPY KID PACK 2'S,฿189
3M INTERDENTAL BRUSH 3'S(1.0MM)ด้ามงอ,฿132.5
3M MICROPORE 1นิ้วx10หลาx12ม้วน/แพ็ค(มีแท่นตัด),฿49
3M MICROPORE 1นิ้วx10หลาx12ม้วน/แพ็ค.(สีเนื้อ),฿42.75
3M โคแบน เทปพันยืดหยุ่น 2นิ้วx5หลาx1ม้วน(สีเนื้อ),"฿99,999"
3M ไหมขัดฟันมีด้ามFINE SLIDE FLOSSER 30'S,฿35.5
3M.TEGADERM 10x12CM.3ชิ้น/BX.(A2),฿63.5
4 MIX OIL 30'S(สุภาพโอสถ),฿143.5
3M TRANSPORE 1/2นิ้วx5หลาx12ม้วน/แพ็ค,฿201
3M แผ่นซับสิว สีชมพู 12ชิ้น(กลม),฿54.75
AMBES 10MG(AMLOPINE) 10x10'S(GPO),฿97
AMBES 5MG(AMLOPINE) 10x10'S(GPO),฿57
ANTACIL 50x10's (TNP),฿484
AZYCIN 250 MG(AZITHRO) 6'S(GPO),฿70
B-100 COMPLEX (B3-B1-B2-B6)50x1ML(TP.),฿227
BELCID FORTE SUSP 240ML.20ขวด/ลัง,฿34
หน้ากาก NEXT HEALTH 3ชั้น 50'S/BX.(สีชมพู) *P,฿37.5
หน้ากาก NEXT HEALTH 3ชั้น 50'S/BX.(สีดำ) *P,฿37.5
หน้ากาก NEXT HEALTH 3ชั้น 50'S/BX.(สีฟ้า) *P,฿37.5
B CO-ED 5x10'S/BX.(สหแพทย์),฿64
BACOTAN 30ML (HYOSCINE),฿13
BACTIGRAS 10X10CM (SM&NP)/กล่อง,฿166
BAKAMOL 100'S(PARA500MG.)สหแพทย์,฿67.5
BAKAMOL 10x10'S(PARA500MG.)สหแพทย์,฿77.75
BAKAMOL 50x10'S(PARA500MG.)สหแพทย์,฿268
BAKAMOL SYRUP 60ML(PARA120MG.)สตอ,฿30.5
BANBACT OINT. 15G.(สูตรBACTOBAN),฿85.75
3M COLDHOT THERAPY HAPPY KID PACK 2'S,฿189
3M INTERDENTAL BRUSH 3'S(1.0MM)ด้ามงอ,฿132.5
3M MICROPORE 1นิ้วx10หลาx12ม้วน/แพ็ค(มีแท่นตัด),฿49
3M MICROPORE 1นิ้วx10หลาx12ม้วน/แพ็ค.(สีเนื้อ),฿42.75
3M โคแบน เทปพันยืดหยุ่น 2นิ้วx5หลาx1ม้วน(สีเนื้อ),"฿99,999"
3M ไหมขัดฟันมีด้ามFINE SLIDE FLOSSER 30'S,฿35.5
3M.TEGADERM 10x12CM.3ชิ้น/BX.(A2),฿63.5
4 MIX OIL 30'S(สุภาพโอสถ),฿143.5
3M TRANSPORE 1/2นิ้วx5หลาx12ม้วน/แพ็ค,฿201
3M แผ่นซับสิว สีชมพู 12ชิ้น(กลม),฿54.75
AMBES 10MG(AMLOPINE) 10x10'S(GPO),฿97
AMBES 5MG(AMLOPINE) 10x10'S(GPO),฿57
ANTACIL 50x10's (TNP),฿484
AZYCIN 250 MG(AZITHRO) 6'S(GPO),฿70
B-100 COMPLEX (B3-B1-B2-B6)50x1ML(TP.),฿227
BELCID FORTE SUSP 240ML.20ขวด/ลัง,฿34
หน้ากาก NEXT HEALTH 3ชั้น 50'S/BX.(สีชมพู) *P,฿37.5
หน้ากาก NEXT HEALTH 3ชั้น 50'S/BX.(สีดำ) *P,฿37.5
หน้ากาก NEXT HEALTH 3ชั้น 50'S/BX.(สีฟ้า) *P,฿37.5
BANNER FISH OIL+VIT B COM 30'S(ฟ้า),฿218
BANNER FISH OIL+VIT B COM 60'S(ฟ้า),฿438
BANNER MULTIVITA+ZINC 30'S(เหลือง),฿222
BANNER MULTIVITA+ZINC 60'S(เหลือง),฿431
BANNER SOY PROTEIN+LECITIN 30'S(แดง),฿178
BANNER SOY PROTEIN+LECITIN 60'S(แดง),฿342
B-COXIB 120MG. 3x10'S(ARCOXIA)สหแพทย์,฿158
BEGESIC 30G.(BERLIN),฿26.75
3M COLDHOT THERAPY HAPPY KID PACK 2'S,฿189
3M INTERDENTAL BRUSH 3'S(1.0MM)ด้ามงอ,฿132.5
3M MICROPORE 1นิ้วx10หลาx12ม้วน/แพ็ค(มีแท่นตัด),฿49
3M MICROPORE 1นิ้วx10หลาx12ม้วน/แพ็ค.(สีเนื้อ),฿42.75
3M โคแบน เทปพันยืดหยุ่น 2นิ้วx5หลาx1ม้วน(สีเนื้อ),"฿99,999"
3M ไหมขัดฟันมีด้ามFINE SLIDE FLOSSER 30'S,฿35.5
3M.TEGADERM 10x12CM.3ชิ้น/BX.(A2),฿63.5
4 MIX OIL 30'S(สุภาพโอสถ),฿143.5
3M TRANSPORE 1/2นิ้วx5หลาx12ม้วน/แพ็ค,฿201
3M แผ่นซับสิว สีชมพู 12ชิ้น(กลม),฿54.75
AMBES 10MG(AMLOPINE) 10x10'S(GPO),฿97
AMBES 5MG(AMLOPINE) 10x10'S(GPO),฿57
ANTACIL 50x10's (TNP),฿484
AZYCIN 250 MG(AZITHRO) 6'S(GPO),฿70
B-100 COMPLEX (B3-B1-B2-B6)50x1ML(TP.),฿227
BELCID FORTE SUSP 240ML.20ขวด/ลัง,฿34
หน้ากาก NEXT HEALTH 3ชั้น 50'S/BX.(สีชมพู) *P,฿37.5
หน้ากาก NEXT HEALTH 3ชั้น 50'S/BX.(สีดำ) *P,฿37.5
หน้ากาก NEXT HEALTH 3ชั้น 50'S/BX.(สีฟ้า) *P,฿37.5
BELCID FORTE SUSP 240ML.20ขวด/ลัง,฿34
BELCID SUSP 240ML.20ขวด/ลัง,฿34
"BELCID SUSP.1,000CC.ญ./ขวด",฿83
BELLA PARA 500MG.10x10'S (INTERPHRAMA),฿68.5
BENZAC AC GEL 2.5% 15G(BENZYL PEROXIDE) *P,฿106.75
BENZAC AC GEL 2.5% 60G (BENZOYL) *P,฿264
BENZAC AC GEL 5% 15G (BENZOYL) *P,฿115.5
BEPANTHEN FIRST AID CR. 3.5G.,฿22
3M COLDHOT THERAPY HAPPY KID PACK 2'S,฿189
3M INTERDENTAL BRUSH 3'S(1.0MM)ด้ามงอ,฿132.5
3M MICROPORE 1นิ้วx10หลาx12ม้วน/แพ็ค(มีแท่นตัด),฿49
3M MICROPORE 1นิ้วx10หลาx12ม้วน/แพ็ค.(สีเนื้อ),฿42.75
3M โคแบน เทปพันยืดหยุ่น 2นิ้วx5หลาx1ม้วน(สีเนื้อ),"฿99,999"
3M ไหมขัดฟันมีด้ามFINE SLIDE FLOSSER 30'S,฿35.5
3M.TEGADERM 10x12CM.3ชิ้น/BX.(A2),฿63.5
4 MIX OIL 30'S(สุภาพโอสถ),฿143.5
3M TRANSPORE 1/2นิ้วx5หลาx12ม้วน/แพ็ค,฿201
3M แผ่นซับสิว สีชมพู 12ชิ้น(กลม),฿54.75
AMBES 10MG(AMLOPINE) 10x10'S(GPO),฿97
AMBES 5MG(AMLOPINE) 10x10'S(GPO),฿57
ANTACIL 50x10's (TNP),฿484
AZYCIN 250 MG(AZITHRO) 6'S(GPO),฿70
B-100 COMPLEX (B3-B1-B2-B6)50x1ML(TP.),฿227
BELCID FORTE SUSP 240ML.20ขวด/ลัง,฿34
หน้ากาก NEXT HEALTH 3ชั้น 50'S/BX.(สีชมพู) *P,฿37.5
หน้ากาก NEXT HEALTH 3ชั้น 50'S/BX.(สีดำ) *P,฿37.5
หน้ากาก NEXT HEALTH 3ชั้น 50'S/BX.(สีฟ้า) *P,฿37.5
BEPANTHEN FIRST AID CR.30G./หลอด,฿125.75
BEPANTHEN OINT 30G(BAYER),฿133
BERATE CREAM 5G.(BETAMETHA)นครพัฒนา EXP.11/26,฿21
BERCLOMINE SYR 60ML(SIMETH+DICYCL),฿27
BERLONTIN 100MG.10x10'S(GABAPENTIN),฿209
BERLONTIN 300MG.10x10'S(BERLIN)(GABAPENTIN),฿294
BEROCCA IMMU D+ 15'S(C D PLUS ZINC),฿147
BEROCCA รสผลไม้รวม 15'S./หลอด,฿170.5
3M COLDHOT THERAPY HAPPY KID PACK 2'S,฿189
3M INTERDENTAL BRUSH 3'S(1.0MM)ด้ามงอ,฿132.5
3M MICROPORE 1นิ้วx10หลาx12ม้วน/แพ็ค(มีแท่นตัด),฿49
3M MICROPORE 1นิ้วx10หลาx12ม้วน/แพ็ค.(สีเนื้อ),฿42.75
3M โคแบน เทปพันยืดหยุ่น 2นิ้วx5หลาx1ม้วน(สีเนื้อ),"฿99,999"
3M ไหมขัดฟันมีด้ามFINE SLIDE FLOSSER 30'S,฿35.5
3M.TEGADERM 10x12CM.3ชิ้น/BX.(A2),฿63.5
4 MIX OIL 30'S(สุภาพโอสถ),฿143.5
3M TRANSPORE 1/2นิ้วx5หลาx12ม้วน/แพ็ค,฿201
3M แผ่นซับสิว สีชมพู 12ชิ้น(กลม),฿54.75
AMBES 10MG(AMLOPINE) 10x10'S(GPO),฿97
AMBES 5MG(AMLOPINE) 10x10'S(GPO),฿57
ANTACIL 50x10's (TNP),฿484
AZYCIN 250 MG(AZITHRO) 6'S(GPO),฿70
B-100 COMPLEX (B3-B1-B2-B6)50x1ML(TP.),฿227
BELCID FORTE SUSP 240ML.20ขวด/ลัง,฿34
หน้ากาก NEXT HEALTH 3ชั้น 50'S/BX.(สีชมพู) *P,฿37.5
หน้ากาก NEXT HEALTH 3ชั้น 50'S/BX.(สีดำ) *P,฿37.5
หน้ากาก NEXT HEALTH 3ชั้น 50'S/BX.(สีฟ้า) *P,฿37.5
BEROCCA รสอะซีโลร่าและมะม่วง 15'S/หลอด,฿170.5
BERODUAL INH 200D.,฿303
BESTATIN 10MG(SIMVAS.) 10x10'S(BERLIN),฿105
BESTATIN 20MG(SIMVAS.)10x10'S(BERLIN),฿143
BESTATIN 40MG.10X10'S(BERLIN),฿230.75
BETADINE THROAT SPRAY 25ML,฿257.75
BETALOL 10MG(PROPRANOLOL)100x10'S(แบ่งขาย),฿5
BETALOL 10MG. 10x10'S(PROPRANOLOL),฿48
3M COLDHOT THERAPY HAPPY KID PACK 2'S,฿189
3M INTERDENTAL BRUSH 3'S(1.0MM)ด้ามงอ,฿132.5
3M MICROPORE 1นิ้วx10หลาx12ม้วน/แพ็ค(มีแท่นตัด),฿49
3M MICROPORE 1นิ้วx10หลาx12ม้วน/แพ็ค.(สีเนื้อ),฿42.75
3M โคแบน เทปพันยืดหยุ่น 2นิ้วx5หลาx1ม้วน(สีเนื้อ),"฿99,999"
3M ไหมขัดฟันมีด้ามFINE SLIDE FLOSSER 30'S,฿35.5
3M.TEGADERM 10x12CM.3ชิ้น/BX.(A2),฿63.5
4 MIX OIL 30'S(สุภาพโอสถ),฿143.5
3M TRANSPORE 1/2นิ้วx5หลาx12ม้วน/แพ็ค,฿201
3M แผ่นซับสิว สีชมพู 12ชิ้น(กลม),฿54.75
AMBES 10MG(AMLOPINE) 10x10'S(GPO),฿97
AMBES 5MG(AMLOPINE) 10x10'S(GPO),฿57
ANTACIL 50x10's (TNP),฿484
AZYCIN 250 MG(AZITHRO) 6'S(GPO),฿70
B-100 COMPLEX (B3-B1-B2-B6)50x1ML(TP.),฿227
BELCID FORTE SUSP 240ML.20ขวด/ลัง,฿34
หน้ากาก NEXT HEALTH 3ชั้น 50'S/BX.(สีชมพู) *P,฿37.5
หน้ากาก NEXT HEALTH 3ชั้น 50'S/BX.(สีดำ) *P,฿37.5
หน้ากาก NEXT HEALTH 3ชั้น 50'S/BX.(สีฟ้า) *P,฿37.5
BETALOL 40MG(PROPRANOLOL)100x10'S(แบ่งขาย),฿8.25
BETALOL 40MG.10x10'S(PROPRANOLOL)BERLIN,฿78
BETAMED 15MLx12'S(สูตรBETADINE)สหแพทย์,฿155.75
BETAMED 30MLx12'S(สูตรBETADINE)สหแพทย์,฿196
BETAMETHASONE CR 15G (GPO),฿33.5
BETASALIC OINT.15G.(BETA+SALICYLIC),฿36.75
BICAHIS 20MG. 1X10'S(BILASTINE)UNISUN,฿74
BIOCOXIB 120MG.5x5'S/BX.(สูตรARCOXIA),฿399
3M COLDHOT THERAPY HAPPY KID PACK 2'S,฿189
3M INTERDENTAL BRUSH 3'S(1.0MM)ด้ามงอ,฿132.5
3M MICROPORE 1นิ้วx10หลาx12ม้วน/แพ็ค(มีแท่นตัด),฿49
3M MICROPORE 1นิ้วx10หลาx12ม้วน/แพ็ค.(สีเนื้อ),฿42.75
3M โคแบน เทปพันยืดหยุ่น 2นิ้วx5หลาx1ม้วน(สีเนื้อ),"฿99,999"
3M ไหมขัดฟันมีด้ามFINE SLIDE FLOSSER 30'S,฿35.5
3M.TEGADERM 10x12CM.3ชิ้น/BX.(A2),฿63.5
4 MIX OIL 30'S(สุภาพโอสถ),฿143.5
3M TRANSPORE 1/2นิ้วx5หลาx12ม้วน/แพ็ค,฿201
3M แผ่นซับสิว สีชมพู 12ชิ้น(กลม),฿54.75
AMBES 10MG(AMLOPINE) 10x10'S(GPO),฿97
AMBES 5MG(AMLOPINE) 10x10'S(GPO),฿57
ANTACIL 50x10's (TNP),฿484
AZYCIN 250 MG(AZITHRO) 6'S(GPO),฿70
B-100 COMPLEX (B3-B1-B2-B6)50x1ML(TP.),฿227
BELCID FORTE SUSP 240ML.20ขวด/ลัง,฿34
หน้ากาก NEXT HEALTH 3ชั้น 50'S/BX.(สีชมพู) *P,฿37.5
หน้ากาก NEXT HEALTH 3ชั้น 50'S/BX.(สีดำ) *P,฿37.5
หน้ากาก NEXT HEALTH 3ชั้น 50'S/BX.(สีฟ้า) *P,฿37.5
BIOCOXIB 90MG.5x5'S/BX.(สูตรARCOXIA),฿375
BIOFLOR 250MG.10'S/BX.(probiotics)ชนิดซอง,฿249.75
BIOFLOR 250MG.2x5'S(ชนิดแคปซูล),฿249.75
BIOGAIA CHEWABLE 30'S(ABBOTT),฿791
BISOLVON 8MG.(BROMHEX)10x10'S/BX.,฿484
BISOLVON PED.60ML(BROMHEX)ลัง30ขวด,฿46
BISOLVON-EX 125ML(BROMHEX)ลัง45ขวด,฿97.75
BISOLVON-EX 60ML(BROMHEXINE)ลัง77ขวด,฿51
3M COLDHOT THERAPY HAPPY KID PACK 2'S,฿189
3M INTERDENTAL BRUSH 3'S(1.0MM)ด้ามงอ,฿132.5
3M MICROPORE 1นิ้วx10หลาx12ม้วน/แพ็ค(มีแท่นตัด),฿49
3M MICROPORE 1นิ้วx10หลาx12ม้วน/แพ็ค.(สีเนื้อ),฿42.75
3M โคแบน เทปพันยืดหยุ่น 2นิ้วx5หลาx1ม้วน(สีเนื้อ),"฿99,999"
3M ไหมขัดฟันมีด้ามFINE SLIDE FLOSSER 30'S,฿35.5
3M.TEGADERM 10x12CM.3ชิ้น/BX.(A2),฿63.5
4 MIX OIL 30'S(สุภาพโอสถ),฿143.5
3M TRANSPORE 1/2นิ้วx5หลาx12ม้วน/แพ็ค,฿201
3M แผ่นซับสิว สีชมพู 12ชิ้น(กลม),฿54.75
AMBES 10MG(AMLOPINE) 10x10'S(GPO),฿97
AMBES 5MG(AMLOPINE) 10x10'S(GPO),฿57
ANTACIL 50x10's (TNP),฿484
AZYCIN 250 MG(AZITHRO) 6'S(GPO),฿70
B-100 COMPLEX (B3-B1-B2-B6)50x1ML(TP.),฿227
BELCID FORTE SUSP 240ML.20ขวด/ลัง,฿34
หน้ากาก NEXT HEALTH 3ชั้น 50'S/BX.(สีชมพู) *P,฿37.5
หน้ากาก NEXT HEALTH 3ชั้น 50'S/BX.(สีดำ) *P,฿37.5
หน้ากาก NEXT HEALTH 3ชั้น 50'S/BX.(สีฟ้า) *P,฿37.5
BLACKMORES BUFFERED-C 500MG.31'S,฿147.5
BLIZTIN 1x10'S(สูตรBILAXTEN)SIAM,฿75.75
B-MOUTH WASH 180ML.(สหแพทย์),฿22.5
BONJELA GEL 15G*ขึ้น,฿164
BOTAN_แผ่น 100'S/BX 20BX/ลัง,฿11.75
BROMHEXINE ELIXER 60ML.(PATAR),฿14.5
BRONAL SYRUP 60 ML.(LEVODROPROPIZINE),฿84.5
BROVOL 60ML.(BROMHEX 4.MG.)AU,฿18
3M COLDHOT THERAPY HAPPY KID PACK 2'S,฿189
3M INTERDENTAL BRUSH 3'S(1.0MM)ด้ามงอ,฿132.5
3M MICROPORE 1นิ้วx10หลาx12ม้วน/แพ็ค(มีแท่นตัด),฿49
3M MICROPORE 1นิ้วx10หลาx12ม้วน/แพ็ค.(สีเนื้อ),฿42.75
3M โคแบน เทปพันยืดหยุ่น 2นิ้วx5หลาx1ม้วน(สีเนื้อ),"฿99,999"
3M ไหมขัดฟันมีด้ามFINE SLIDE FLOSSER 30'S,฿35.5
3M.TEGADERM 10x12CM.3ชิ้น/BX.(A2),฿63.5
4 MIX OIL 30'S(สุภาพโอสถ),฿143.5
3M TRANSPORE 1/2นิ้วx5หลาx12ม้วน/แพ็ค,฿201
3M แผ่นซับสิว สีชมพู 12ชิ้น(กลม),฿54.75
AMBES 10MG(AMLOPINE) 10x10'S(GPO),฿97
AMBES 5MG(AMLOPINE) 10x10'S(GPO),฿57
ANTACIL 50x10's (TNP),฿484
AZYCIN 250 MG(AZITHRO) 6'S(GPO),฿70
B-100 COMPLEX (B3-B1-B2-B6)50x1ML(TP.),฿227
BELCID FORTE SUSP 240ML.20ขวด/ลัง,฿34
หน้ากาก NEXT HEALTH 3ชั้น 50'S/BX.(สีชมพู) *P,฿37.5
หน้ากาก NEXT HEALTH 3ชั้น 50'S/BX.(สีดำ) *P,฿37.5
หน้ากาก NEXT HEALTH 3ชั้น 50'S/BX.(สีฟ้า) *P,฿37.5
BUFLEX 400.(IBUPROFEN) 50x10'Sชมพู,฿390
BUFLEX 600.(IBUPROFEN) 25x10'S/BX.,฿298
BUFLEX 600MG. 1x10'S(BURAPHA),฿18
BUSCOPAN 10MG(HYOSCINE) 10x10'S,฿342
BUSONASE 64MCG/DOSE(สูตรRHINOCORT),฿124.75
C-20 MILD 180ML.(0.12%CLORHEXIDINE),฿54.75
C-20 MOUTH WASH 180ML(สีแดง) ใหม่,฿39.5
C-20 MOUTH WASH 180ML(สีฟ้า) ใหม่,฿42.5
3M COLDHOT THERAPY HAPPY KID PACK 2'S,฿189
3M INTERDENTAL BRUSH 3'S(1.0MM)ด้ามงอ,฿132.5
3M MICROPORE 1นิ้วx10หลาx12ม้วน/แพ็ค(มีแท่นตัด),฿49
3M MICROPORE 1นิ้วx10หลาx12ม้วน/แพ็ค.(สีเนื้อ),฿42.75
3M โคแบน เทปพันยืดหยุ่น 2นิ้วx5หลาx1ม้วน(สีเนื้อ),"฿99,999"
3M ไหมขัดฟันมีด้ามFINE SLIDE FLOSSER 30'S,฿35.5
3M.TEGADERM 10x12CM.3ชิ้น/BX.(A2),฿63.5
4 MIX OIL 30'S(สุภาพโอสถ),฿143.5
3M TRANSPORE 1/2นิ้วx5หลาx12ม้วน/แพ็ค,฿201
3M แผ่นซับสิว สีชมพู 12ชิ้น(กลม),฿54.75
AMBES 10MG(AMLOPINE) 10x10'S(GPO),฿97
AMBES 5MG(AMLOPINE) 10x10'S(GPO),฿57
ANTACIL 50x10's (TNP),฿484
AZYCIN 250 MG(AZITHRO) 6'S(GPO),฿70
B-100 COMPLEX (B3-B1-B2-B6)50x1ML(TP.),฿227
BELCID FORTE SUSP 240ML.20ขวด/ลัง,฿34
หน้ากาก NEXT HEALTH 3ชั้น 50'S/BX.(สีชมพู) *P,฿37.5
หน้ากาก NEXT HEALTH 3ชั้น 50'S/BX.(สีดำ) *P,฿37.5
หน้ากาก NEXT HEALTH 3ชั้น 50'S/BX.(สีฟ้า) *P,฿37.5
C-20 MOUTH WASH 360ML(สีแดง),฿55.5
CADRAMINE-V LOTION 120ML.ญ.(ลัง10โหล),฿27.5
CALAMINE 120ML (ศิริบัญชา),฿21.5
CALAMINE 60ML (ศิริบัญชา),฿15
CALAMINE-D 60ML(UMEDA),฿21.5
CALTRATE PLUS 30'S สีม่วง,฿176
CAL-UPS-D-SOY 60'S /แพ็ค3ขวด(TMAN),฿134.5
CARATEN 12.5 (CARVEDILOL) 10X10'S,฿671
3M COLDHOT THERAPY HAPPY KID PACK 2'S,฿189
3M INTERDENTAL BRUSH 3'S(1.0MM)ด้ามงอ,฿132.5
3M MICROPORE 1นิ้วx10หลาx12ม้วน/แพ็ค(มีแท่นตัด),฿49
3M MICROPORE 1นิ้วx10หลาx12ม้วน/แพ็ค.(สีเนื้อ),฿42.75
3M โคแบน เทปพันยืดหยุ่น 2นิ้วx5หลาx1ม้วน(สีเนื้อ),"฿99,999"
3M ไหมขัดฟันมีด้ามFINE SLIDE FLOSSER 30'S,฿35.5
3M.TEGADERM 10x12CM.3ชิ้น/BX.(A2),฿63.5
4 MIX OIL 30'S(สุภาพโอสถ),฿143.5
3M TRANSPORE 1/2นิ้วx5หลาx12ม้วน/แพ็ค,฿201
3M แผ่นซับสิว สีชมพู 12ชิ้น(กลม),฿54.75
AMBES 10MG(AMLOPINE) 10x10'S(GPO),฿97
AMBES 5MG(AMLOPINE) 10x10'S(GPO),฿57
ANTACIL 50x10's (TNP),฿484
AZYCIN 250 MG(AZITHRO) 6'S(GPO),฿70
B-100 COMPLEX (B3-B1-B2-B6)50x1ML(TP.),฿227
BELCID FORTE SUSP 240ML.20ขวด/ลัง,฿34
หน้ากาก NEXT HEALTH 3ชั้น 50'S/BX.(สีชมพู) *P,฿37.5
หน้ากาก NEXT HEALTH 3ชั้น 50'S/BX.(สีดำ) *P,฿37.5
หน้ากาก NEXT HEALTH 3ชั้น 50'S/BX.(สีฟ้า) *P,฿37.5
CARATEN 25MG(CARVEDILOL) 10X10'S,฿862
CARATEN 6.25(CARVEDILOL) 10X10'S,฿574
CA-R-BON CHARCOAL 10x10'S,฿143
CARDIPLOT 10MG.10x10'S(สูตรMADIPLOT)BERLIN,฿289
CARDIPLOT 20MG.10x10'S(สูตรMADIPLOT)BERLIN,฿384.5
CATHERINE-เก็กฮวย-ก.16ซอง,฿52.75
CEE-1000 100'S(TMAN),฿188
CELEBREX 200MG 10x10'S,"฿2,268"
3M COLDHOT THERAPY HAPPY KID PACK 2'S,฿189
3M INTERDENTAL BRUSH 3'S(1.0MM)ด้ามงอ,฿132.5
3M MICROPORE 1นิ้วx10หลาx12ม้วน/แพ็ค(มีแท่นตัด),฿49
3M MICROPORE 1นิ้วx10หลาx12ม้วน/แพ็ค.(สีเนื้อ),฿42.75
3M โคแบน เทปพันยืดหยุ่น 2นิ้วx5หลาx1ม้วน(สีเนื้อ),"฿99,999"
3M ไหมขัดฟันมีด้ามFINE SLIDE FLOSSER 30'S,฿35.5
3M.TEGADERM 10x12CM.3ชิ้น/BX.(A2),฿63.5
4 MIX OIL 30'S(สุภาพโอสถ),฿143.5
3M TRANSPORE 1/2นิ้วx5หลาx12ม้วน/แพ็ค,฿201
3M แผ่นซับสิว สีชมพู 12ชิ้น(กลม),฿54.75
AMBES 10MG(AMLOPINE) 10x10'S(GPO),฿97
AMBES 5MG(AMLOPINE) 10x10'S(GPO),฿57
ANTACIL 50x10's (TNP),฿484
AZYCIN 250 MG(AZITHRO) 6'S(GPO),฿70
B-100 COMPLEX (B3-B1-B2-B6)50x1ML(TP.),฿227
BELCID FORTE SUSP 240ML.20ขวด/ลัง,฿34
หน้ากาก NEXT HEALTH 3ชั้น 50'S/BX.(สีชมพู) *P,฿37.5
หน้ากาก NEXT HEALTH 3ชั้น 50'S/BX.(สีดำ) *P,฿37.5
หน้ากาก NEXT HEALTH 3ชั้น 50'S/BX.(สีฟ้า) *P,฿37.5
CELLUFRESH-0.5% 0.4MLx30'S/BX.,฿259
CELXIB 200 1x10'S/BX.(สูตรCELEBREX),฿47.5
CELXIB 400MG. 1x10'S/BX.(สูตรCELEBREX),฿89.5
CEMOL 500MG.ฟ้า-ขาว 100'S(CPL),฿20
CENTRUM 30'S สีขาว,฿225
CENTRUM SILVER 50+ 30'S,฿279
CENTRUM SILVER 50+ 90'S,฿758
CERTAINTY แผ่นรองซับ 10'Sไซส์ L-XL(54x80ซม.),฿79.5
3M COLDHOT THERAPY HAPPY KID PACK 2'S,฿189
3M INTERDENTAL BRUSH 3'S(1.0MM)ด้ามงอ,฿132.5
3M MICROPORE 1นิ้วx10หลาx12ม้วน/แพ็ค(มีแท่นตัด),฿49
3M MICROPORE 1นิ้วx10หลาx12ม้วน/แพ็ค.(สีเนื้อ),฿42.75
3M โคแบน เทปพันยืดหยุ่น 2นิ้วx5หลาx1ม้วน(สีเนื้อ),"฿99,999"
3M ไหมขัดฟันมีด้ามFINE SLIDE FLOSSER 30'S,฿35.5
3M.TEGADERM 10x12CM.3ชิ้น/BX.(A2),฿63.5
4 MIX OIL 30'S(สุภาพโอสถ),฿143.5
3M TRANSPORE 1/2นิ้วx5หลาx12ม้วน/แพ็ค,฿201
3M แผ่นซับสิว สีชมพู 12ชิ้น(กลม),฿54.75
AMBES 10MG(AMLOPINE) 10x10'S(GPO),฿97
AMBES 5MG(AMLOPINE) 10x10'S(GPO),฿57
ANTACIL 50x10's (TNP),฿484
AZYCIN 250 MG(AZITHRO) 6'S(GPO),฿70
B-100 COMPLEX (B3-B1-B2-B6)50x1ML(TP.),฿227
BELCID FORTE SUSP 240ML.20ขวด/ลัง,฿34
หน้ากาก NEXT HEALTH 3ชั้น 50'S/BX.(สีชมพู) *P,฿37.5
หน้ากาก NEXT HEALTH 3ชั้น 50'S/BX.(สีดำ) *P,฿37.5
หน้ากาก NEXT HEALTH 3ชั้น 50'S/BX.(สีฟ้า) *P,฿37.5
CETAPHIL CLEANSER 250ML.กลาง,฿280
CETIZAL 10x10'S(LEVOCET) สูตร XYZAL,฿518
CETTEC 10'Sx10/BX.(สูตรZYRTEC)สหแพทย์,฿52
CETTEC SYRUP 100ML (สูตรZYRTEC ),฿22.75
CHLORPHENIRAMINE 4MG.25x10'S(ไข่ปลา)AU,฿75
CHLOVAS-20MG.3x10'S(สูตรLIPITOR)MILLIMED,฿239
CIRCADIN 2MG. 1x15'S/BX.(melatonin),฿419
CLARITYNE 10MG(LORATADINE) 1x10'S,฿129.5
3M COLDHOT THERAPY HAPPY KID PACK 2'S,฿189
3M INTERDENTAL BRUSH 3'S(1.0MM)ด้ามงอ,฿132.5
3M MICROPORE 1นิ้วx10หลาx12ม้วน/แพ็ค(มีแท่นตัด),฿49
3M MICROPORE 1นิ้วx10หลาx12ม้วน/แพ็ค.(สีเนื้อ),฿42.75
3M โคแบน เทปพันยืดหยุ่น 2นิ้วx5หลาx1ม้วน(สีเนื้อ),"฿99,999"
3M ไหมขัดฟันมีด้ามFINE SLIDE FLOSSER 30'S,฿35.5
3M.TEGADERM 10x12CM.3ชิ้น/BX.(A2),฿63.5
4 MIX OIL 30'S(สุภาพโอสถ),฿143.5
3M TRANSPORE 1/2นิ้วx5หลาx12ม้วน/แพ็ค,฿201
3M แผ่นซับสิว สีชมพู 12ชิ้น(กลม),฿54.75
AMBES 10MG(AMLOPINE) 10x10'S(GPO),฿97
AMBES 5MG(AMLOPINE) 10x10'S(GPO),฿57
ANTACIL 50x10's (TNP),฿484
AZYCIN 250 MG(AZITHRO) 6'S(GPO),฿70
B-100 COMPLEX (B3-B1-B2-B6)50x1ML(TP.),฿227
BELCID FORTE SUSP 240ML.20ขวด/ลัง,฿34
หน้ากาก NEXT HEALTH 3ชั้น 50'S/BX.(สีชมพู) *P,฿37.5
หน้ากาก NEXT HEALTH 3ชั้น 50'S/BX.(สีดำ) *P,฿37.5
หน้ากาก NEXT HEALTH 3ชั้น 50'S/BX.(สีฟ้า) *P,฿37.5
CLAVICO 156 (สูตร AMOKSIKLAV)60ML,฿59.5
CLAVICO 228(สูตร AMOKSIKLAV)70ML,฿97.5
CLAVICO 457 (สูตร AMOKSIKLAV)70ML,฿135.75
CLOBET CR 10G (CLOBETASOL) ใหม่,฿33.5
CLOBET CR 5G(CLOBETASOL) ใหม่,฿23
CLODERM CREAM 15G.(CLOBETASOL)HOE,฿83
CLOTRIN-B 15G.(CLOTRI+BETA),฿26.5
COKLAV 1000MG.10'SสูตรAUGMENTIN(ชุมชน),฿79
3M COLDHOT THERAPY HAPPY KID PACK 2'S,฿189
3M INTERDENTAL BRUSH 3'S(1.0MM)ด้ามงอ,฿132.5
3M MICROPORE 1นิ้วx10หลาx12ม้วน/แพ็ค(มีแท่นตัด),฿49
3M MICROPORE 1นิ้วx10หลาx12ม้วน/แพ็ค.(สีเนื้อ),฿42.75
3M โคแบน เทปพันยืดหยุ่น 2นิ้วx5หลาx1ม้วน(สีเนื้อ),"฿99,999"
3M ไหมขัดฟันมีด้ามFINE SLIDE FLOSSER 30'S,฿35.5
3M.TEGADERM 10x12CM.3ชิ้น/BX.(A2),฿63.5
4 MIX OIL 30'S(สุภาพโอสถ),฿143.5
3M TRANSPORE 1/2นิ้วx5หลาx12ม้วน/แพ็ค,฿201
3M แผ่นซับสิว สีชมพู 12ชิ้น(กลม),฿54.75
AMBES 10MG(AMLOPINE) 10x10'S(GPO),฿97
AMBES 5MG(AMLOPINE) 10x10'S(GPO),฿57
ANTACIL 50x10's (TNP),฿484
AZYCIN 250 MG(AZITHRO) 6'S(GPO),฿70
B-100 COMPLEX (B3-B1-B2-B6)50x1ML(TP.),฿227
BELCID FORTE SUSP 240ML.20ขวด/ลัง,฿34
หน้ากาก NEXT HEALTH 3ชั้น 50'S/BX.(สีชมพู) *P,฿37.5
หน้ากาก NEXT HEALTH 3ชั้น 50'S/BX.(สีดำ) *P,฿37.5
หน้ากาก NEXT HEALTH 3ชั้น 50'S/BX.(สีฟ้า) *P,฿37.5
COTREN 500MG. 1'S(CLOTRI)BIOPHARM,฿22.5
COVID -19 ATK TEST NASAL(FA STEP) 1'S(แพ็ค10),฿59.75
CYBELE SCAGEL 19G.,฿250
D THROAT SPARY 0.15%(LEMON )15ML,฿159
DAFOMIN 500MG.3x10'S(TO)กล่องเล็ก,฿129
DECOLGEN PRIN 25x4'S(ลังละ100),฿191
DELTACARBON (CHACOLE) 1x10'S(SPS)*ใหม่,฿24
DERMAMAN CREAM 5G.(CLOBET)TMAN,฿12
3M COLDHOT THERAPY HAPPY KID PACK 2'S,฿189
3M INTERDENTAL BRUSH 3'S(1.0MM)ด้ามงอ,฿132.5
3M MICROPORE 1นิ้วx10หลาx12ม้วน/แพ็ค(มีแท่นตัด),฿49
3M MICROPORE 1นิ้วx10หลาx12ม้วน/แพ็ค.(สีเนื้อ),฿42.75
3M โคแบน เทปพันยืดหยุ่น 2นิ้วx5หลาx1ม้วน(สีเนื้อ),"฿99,999"
3M ไหมขัดฟันมีด้ามFINE SLIDE FLOSSER 30'S,฿35.5
3M.TEGADERM 10x12CM.3ชิ้น/BX.(A2),฿63.5
4 MIX OIL 30'S(สุภาพโอสถ),฿143.5
3M TRANSPORE 1/2นิ้วx5หลาx12ม้วน/แพ็ค,฿201
3M แผ่นซับสิว สีชมพู 12ชิ้น(กลม),฿54.75
AMBES 10MG(AMLOPINE) 10x10'S(GPO),฿97
AMBES 5MG(AMLOPINE) 10x10'S(GPO),฿57
ANTACIL 50x10's (TNP),฿484
AZYCIN 250 MG(AZITHRO) 6'S(GPO),฿70
B-100 COMPLEX (B3-B1-B2-B6)50x1ML(TP.),฿227
BELCID FORTE SUSP 240ML.20ขวด/ลัง,฿34
หน้ากาก NEXT HEALTH 3ชั้น 50'S/BX.(สีชมพู) *P,฿37.5
หน้ากาก NEXT HEALTH 3ชั้น 50'S/BX.(สีดำ) *P,฿37.5
หน้ากาก NEXT HEALTH 3ชั้น 50'S/BX.(สีฟ้า) *P,฿37.5
DERMEXCEL 30G.(UREA 10%).,฿50
DERMEXCEL 30G.(UREA 20%),฿62
DERMONAR LOTION 30ML.(CLOBETASOL)LSP,฿45.5
DERMOOTH 21'S(CYPRO.+EE) สูตร DIANE,฿59
DERZID-N CREAM 15G.(BETA+NEO)UNISON,฿21.5
DESLORA 1x10'S(สูตรAERIUS),฿45.75
DESLORA SYRUP 60ML(สูตรAERIUS),฿71
DETTOL 1000ML ANTISEPTIC,฿432
3M COLDHOT THERAPY HAPPY KID PACK 2'S,฿189
3M INTERDENTAL BRUSH 3'S(1.0MM)ด้ามงอ,฿132.5
3M MICROPORE 1นิ้วx10หลาx12ม้วน/แพ็ค(มีแท่นตัด),฿49
3M MICROPORE 1นิ้วx10หลาx12ม้วน/แพ็ค.(สีเนื้อ),฿42.75
3M โคแบน เทปพันยืดหยุ่น 2นิ้วx5หลาx1ม้วน(สีเนื้อ),"฿99,999"
3M ไหมขัดฟันมีด้ามFINE SLIDE FLOSSER 30'S,฿35.5
3M.TEGADERM 10x12CM.3ชิ้น/BX.(A2),฿63.5
4 MIX OIL 30'S(สุภาพโอสถ),฿143.5
3M TRANSPORE 1/2นิ้วx5หลาx12ม้วน/แพ็ค,฿201
3M แผ่นซับสิว สีชมพู 12ชิ้น(กลม),฿54.75
AMBES 10MG(AMLOPINE) 10x10'S(GPO),฿97
AMBES 5MG(AMLOPINE) 10x10'S(GPO),฿57
ANTACIL 50x10's (TNP),฿484
AZYCIN 250 MG(AZITHRO) 6'S(GPO),฿70
B-100 COMPLEX (B3-B1-B2-B6)50x1ML(TP.),฿227
BELCID FORTE SUSP 240ML.20ขวด/ลัง,฿34
หน้ากาก NEXT HEALTH 3ชั้น 50'S/BX.(สีชมพู) *P,฿37.5
หน้ากาก NEXT HEALTH 3ชั้น 50'S/BX.(สีดำ) *P,฿37.5
หน้ากาก NEXT HEALTH 3ชั้น 50'S/BX.(สีฟ้า) *P,฿37.5
DETTOL 500ML ANTISEPTIC,฿272
DEWAX 15ML หยอดหู,฿52.5
DEXOPH ED 4ML(DEXA.+NEO.)(ใหม่),฿21.5
DIABEDERM CR.20% 15G. ฟ้า(UREA),฿33
DIANE 35  21'S(CYPERTERONE+EE),฿158.5
DICLOXMED 500MG. 50x10'S(สหแพทย์),฿748
DIFFLAM FORTE THROAT SPRAY 15ML,฿218
DIFFLAM HONEY&LEMON 12เม็ด/กล่องเล็ก,฿40
3M COLDHOT THERAPY HAPPY KID PACK 2'S,฿189
3M INTERDENTAL BRUSH 3'S(1.0MM)ด้ามงอ,฿132.5
3M MICROPORE 1นิ้วx10หลาx12ม้วน/แพ็ค(มีแท่นตัด),฿49
3M MICROPORE 1นิ้วx10หลาx12ม้วน/แพ็ค.(สีเนื้อ),฿42.75
3M โคแบน เทปพันยืดหยุ่น 2นิ้วx5หลาx1ม้วน(สีเนื้อ),"฿99,999"
3M ไหมขัดฟันมีด้ามFINE SLIDE FLOSSER 30'S,฿35.5
3M.TEGADERM 10x12CM.3ชิ้น/BX.(A2),฿63.5
4 MIX OIL 30'S(สุภาพโอสถ),฿143.5
3M TRANSPORE 1/2นิ้วx5หลาx12ม้วน/แพ็ค,฿201
3M แผ่นซับสิว สีชมพู 12ชิ้น(กลม),฿54.75
AMBES 10MG(AMLOPINE) 10x10'S(GPO),฿97
AMBES 5MG(AMLOPINE) 10x10'S(GPO),฿57
ANTACIL 50x10's (TNP),฿484
AZYCIN 250 MG(AZITHRO) 6'S(GPO),฿70
B-100 COMPLEX (B3-B1-B2-B6)50x1ML(TP.),฿227
BELCID FORTE SUSP 240ML.20ขวด/ลัง,฿34
หน้ากาก NEXT HEALTH 3ชั้น 50'S/BX.(สีชมพู) *P,฿37.5
หน้ากาก NEXT HEALTH 3ชั้น 50'S/BX.(สีดำ) *P,฿37.5
หน้ากาก NEXT HEALTH 3ชั้น 50'S/BX.(สีฟ้า) *P,฿37.5
DIFFLAM ORANGE+VIT C 12เม็ด/กล่องเล็ก,฿40
DIFFLAM WILD BERRY 12เม็ด/กล่องเล็ก,฿40
DIFFLAM ยาอม 16'S MINT,฿154.5
DILIZEM 30MG.10x10'S(DILTIAZEM),฿156.5
DIOSMIN 500MG 3x10'S(S.CHAROEN)สูตรDAFLON,฿114.5
D-LIFE OMEGA-3+LYSINE 120ML.(PATAR),฿47
DOMINOX SYR.30ML(DOMPERIDONE),฿12.5
D-PRAZOL 1x14'S(OMEPLAZOLE)TNP,฿30.75
3M COLDHOT THERAPY HAPPY KID PACK 2'S,฿189
3M INTERDENTAL BRUSH 3'S(1.0MM)ด้ามงอ,฿132.5
3M MICROPORE 1นิ้วx10หลาx12ม้วน/แพ็ค(มีแท่นตัด),฿49
3M MICROPORE 1นิ้วx10หลาx12ม้วน/แพ็ค.(สีเนื้อ),฿42.75
3M โคแบน เทปพันยืดหยุ่น 2นิ้วx5หลาx1ม้วน(สีเนื้อ),"฿99,999"
3M ไหมขัดฟันมีด้ามFINE SLIDE FLOSSER 30'S,฿35.5
3M.TEGADERM 10x12CM.3ชิ้น/BX.(A2),฿63.5
4 MIX OIL 30'S(สุภาพโอสถ),฿143.5
3M TRANSPORE 1/2นิ้วx5หลาx12ม้วน/แพ็ค,฿201
3M แผ่นซับสิว สีชมพู 12ชิ้น(กลม),฿54.75
AMBES 10MG(AMLOPINE) 10x10'S(GPO),฿97
AMBES 5MG(AMLOPINE) 10x10'S(GPO),฿57
ANTACIL 50x10's (TNP),฿484
AZYCIN 250 MG(AZITHRO) 6'S(GPO),฿70
B-100 COMPLEX (B3-B1-B2-B6)50x1ML(TP.),฿227
BELCID FORTE SUSP 240ML.20ขวด/ลัง,฿34
หน้ากาก NEXT HEALTH 3ชั้น 50'S/BX.(สีชมพู) *P,฿37.5
หน้ากาก NEXT HEALTH 3ชั้น 50'S/BX.(สีดำ) *P,฿37.5
หน้ากาก NEXT HEALTH 3ชั้น 50'S/BX.(สีฟ้า) *P,฿37.5
DUMONT SPRAY 12G.(LIDOCAIN 9.6G.),฿140.5
DUREX K-Y JELLY 15G.,฿59.5
DUREX PLAY STRAW 50ML(แดง),฿120
DUSPATIN 135MG(MEBEVERINE)10x10'S,฿289
EBERIL 120MG. 1x5'S(สูตรARCOXIA)MEDLINE,฿52
ELLEZIN 1x10'S(LEVOCETRIZINE 5MG.)MILLED,฿46
EMSON 3X10'S(UNISON)สูตรMYONAL,฿88
ENO ซอง-ส้ม 24'S(แพ็คใหม่),฿9.5
3M COLDHOT THERAPY HAPPY KID PACK 2'S,฿189
3M INTERDENTAL BRUSH 3'S(1.0MM)ด้ามงอ,฿132.5
3M MICROPORE 1นิ้วx10หลาx12ม้วน/แพ็ค(มีแท่นตัด),฿49
3M MICROPORE 1นิ้วx10หลาx12ม้วน/แพ็ค.(สีเนื้อ),฿42.75
3M โคแบน เทปพันยืดหยุ่น 2นิ้วx5หลาx1ม้วน(สีเนื้อ),"฿99,999"
3M ไหมขัดฟันมีด้ามFINE SLIDE FLOSSER 30'S,฿35.5
3M.TEGADERM 10x12CM.3ชิ้น/BX.(A2),฿63.5
4 MIX OIL 30'S(สุภาพโอสถ),฿143.5
3M TRANSPORE 1/2นิ้วx5หลาx12ม้วน/แพ็ค,฿201
3M แผ่นซับสิว สีชมพู 12ชิ้น(กลม),฿54.75
AMBES 10MG(AMLOPINE) 10x10'S(GPO),฿97
AMBES 5MG(AMLOPINE) 10x10'S(GPO),฿57
ANTACIL 50x10's (TNP),฿484
AZYCIN 250 MG(AZITHRO) 6'S(GPO),฿70
B-100 COMPLEX (B3-B1-B2-B6)50x1ML(TP.),฿227
BELCID FORTE SUSP 240ML.20ขวด/ลัง,฿34
หน้ากาก NEXT HEALTH 3ชั้น 50'S/BX.(สีชมพู) *P,฿37.5
หน้ากาก NEXT HEALTH 3ชั้น 50'S/BX.(สีดำ) *P,฿37.5
หน้ากาก NEXT HEALTH 3ชั้น 50'S/BX.(สีฟ้า) *P,฿37.5
ENSURE GOLD 1110G. (กลิ่นอัลมอนด์) *P,"฿1,156"
ENSURE GOLD 1110G. (ธัญพืช) *P,"฿1,156"
ENSURE GOLD 1110G.(370G.x3ถุง)กลิ่นวนิลา *P,"฿1,156"
ENSURE GOLD 380G.(กลิ่นกาแฟ)ลัง 24 BT,฿468
ENSURE GOLD 380G.(กลิ่นอัลมอนด์)ลัง 24 BT,฿468
ENSURE GOLD 380G.(ช็อคโกแล็ต),฿468
ENSURE GOLD 380G.(วนิลา),฿468
ENSURE GOLD 380G.กลิ่นธัญพืช-หวานน้อย,฿468
3M COLDHOT THERAPY HAPPY KID PACK 2'S,฿189
3M INTERDENTAL BRUSH 3'S(1.0MM)ด้ามงอ,฿132.5
3M MICROPORE 1นิ้วx10หลาx12ม้วน/แพ็ค(มีแท่นตัด),฿49
3M MICROPORE 1นิ้วx10หลาx12ม้วน/แพ็ค.(สีเนื้อ),฿42.75
3M โคแบน เทปพันยืดหยุ่น 2นิ้วx5หลาx1ม้วน(สีเนื้อ),"฿99,999"
3M ไหมขัดฟันมีด้ามFINE SLIDE FLOSSER 30'S,฿35.5
3M.TEGADERM 10x12CM.3ชิ้น/BX.(A2),฿63.5
4 MIX OIL 30'S(สุภาพโอสถ),฿143.5
3M TRANSPORE 1/2นิ้วx5หลาx12ม้วน/แพ็ค,฿201
3M แผ่นซับสิว สีชมพู 12ชิ้น(กลม),฿54.75
AMBES 10MG(AMLOPINE) 10x10'S(GPO),฿97
AMBES 5MG(AMLOPINE) 10x10'S(GPO),฿57
ANTACIL 50x10's (TNP),฿484
AZYCIN 250 MG(AZITHRO) 6'S(GPO),฿70
B-100 COMPLEX (B3-B1-B2-B6)50x1ML(TP.),฿227
BELCID FORTE SUSP 240ML.20ขวด/ลัง,฿34
หน้ากาก NEXT HEALTH 3ชั้น 50'S/BX.(สีชมพู) *P,฿37.5
หน้ากาก NEXT HEALTH 3ชั้น 50'S/BX.(สีดำ) *P,฿37.5
หน้ากาก NEXT HEALTH 3ชั้น 50'S/BX.(สีฟ้า) *P,฿37.5
ENSURE GOLD 800G.(กลิ่นกาแฟ) *P,฿848
ENSURE GOLD 800G.(กลิ่นอัลมอนด์) *P,฿848
ENSURE GOLD 800G.(ช็อคโกแล็ต)ลัง 12 BT *P,฿848
ENSURE GOLD 800G.กลิ่นธัญพืช-หวานน้อย *P,฿848
ENSURE GOLD 800G.วนิลา ลัง 12 กระป๋อง *P,฿848
EPIDUO 0.1%/2.5% GEL 15G.,฿530.75
EXIB 60MG. 3x10'S(สูตรARCOXIA)MILLIMED,฿236
EXPLOR SPRAY MAGNETIC 60ML(น้ำเงิน),฿46
3M COLDHOT THERAPY HAPPY KID PACK 2'S,฿189
3M INTERDENTAL BRUSH 3'S(1.0MM)ด้ามงอ,฿132.5
3M MICROPORE 1นิ้วx10หลาx12ม้วน/แพ็ค(มีแท่นตัด),฿49
3M MICROPORE 1นิ้วx10หลาx12ม้วน/แพ็ค.(สีเนื้อ),฿42.75
3M โคแบน เทปพันยืดหยุ่น 2นิ้วx5หลาx1ม้วน(สีเนื้อ),"฿99,999"
3M ไหมขัดฟันมีด้ามFINE SLIDE FLOSSER 30'S,฿35.5
3M.TEGADERM 10x12CM.3ชิ้น/BX.(A2),฿63.5
4 MIX OIL 30'S(สุภาพโอสถ),฿143.5
3M TRANSPORE 1/2นิ้วx5หลาx12ม้วน/แพ็ค,฿201
3M แผ่นซับสิว สีชมพู 12ชิ้น(กลม),฿54.75
AMBES 10MG(AMLOPINE) 10x10'S(GPO),฿97
AMBES 5MG(AMLOPINE) 10x10'S(GPO),฿57
ANTACIL 50x10's (TNP),฿484
AZYCIN 250 MG(AZITHRO) 6'S(GPO),฿70
B-100 COMPLEX (B3-B1-B2-B6)50x1ML(TP.),฿227
BELCID FORTE SUSP 240ML.20ขวด/ลัง,฿34
หน้ากาก NEXT HEALTH 3ชั้น 50'S/BX.(สีชมพู) *P,฿37.5
หน้ากาก NEXT HEALTH 3ชั้น 50'S/BX.(สีดำ) *P,฿37.5
หน้ากาก NEXT HEALTH 3ชั้น 50'S/BX.(สีฟ้า) *P,฿37.5
EZETIMIBE GPO 10MG. 3x10'S/BX.,฿132.5
EZON-T SOL 10ML (UNISON),฿41.5
FALETE CR.12G.,฿94
FATEC SYRUP 100ML(สูตรZYRTEC )PHAMAHOF,฿37.75
FEITAS DICLOFENAC PATCH 2'Sx15ซอง(แบ่งขาย),฿64.75
FEITAS DICLOFENAC PATCH 7'Sx5ซอง/BX.(แบ่งขาย),฿189.5
FELOPINE 5MG.(FELODIPINE) 3x10'S,฿72
FENAFEX 60 (FEXOFENADINE)1x10'S *P,฿26
3M COLDHOT THERAPY HAPPY KID PACK 2'S,฿189
3M INTERDENTAL BRUSH 3'S(1.0MM)ด้ามงอ,฿132.5
3M MICROPORE 1นิ้วx10หลาx12ม้วน/แพ็ค(มีแท่นตัด),฿49
3M MICROPORE 1นิ้วx10หลาx12ม้วน/แพ็ค.(สีเนื้อ),฿42.75
3M โคแบน เทปพันยืดหยุ่น 2นิ้วx5หลาx1ม้วน(สีเนื้อ),"฿99,999"
3M ไหมขัดฟันมีด้ามFINE SLIDE FLOSSER 30'S,฿35.5
3M.TEGADERM 10x12CM.3ชิ้น/BX.(A2),฿63.5
4 MIX OIL 30'S(สุภาพโอสถ),฿143.5
3M TRANSPORE 1/2นิ้วx5หลาx12ม้วน/แพ็ค,฿201
3M แผ่นซับสิว สีชมพู 12ชิ้น(กลม),฿54.75
AMBES 10MG(AMLOPINE) 10x10'S(GPO),฿97
AMBES 5MG(AMLOPINE) 10x10'S(GPO),฿57
ANTACIL 50x10's (TNP),฿484
AZYCIN 250 MG(AZITHRO) 6'S(GPO),฿70
B-100 COMPLEX (B3-B1-B2-B6)50x1ML(TP.),฿227
BELCID FORTE SUSP 240ML.20ขวด/ลัง,฿34
หน้ากาก NEXT HEALTH 3ชั้น 50'S/BX.(สีชมพู) *P,฿37.5
หน้ากาก NEXT HEALTH 3ชั้น 50'S/BX.(สีดำ) *P,฿37.5
หน้ากาก NEXT HEALTH 3ชั้น 50'S/BX.(สีฟ้า) *P,฿37.5
FIBRIL 160MG.3x10'S.(FENOFI.),฿173
FISHERMAN BLACKCURRANTม่วง-ขาว24'S/BX.,฿28
FISHERMAN CITRUS 24'S/BX,฿28
FISHERMAN HONEY สีครีมลาย 24'S/BX.,฿28
FISHERMAN MIXED BERRIES 24ซอง/BX,฿28
FISHERMAN RASPBERRY 24'S/BX.(ชมพู-ขาว),฿28
FISHERMAN SF LEMON เหลือง-ขาว 24'S/BX.,฿28
FISHERMAN SPEARMINT 24'S/BX.,฿28
3M COLDHOT THERAPY HAPPY KID PACK 2'S,฿189
3M INTERDENTAL BRUSH 3'S(1.0MM)ด้ามงอ,฿132.5
3M MICROPORE 1นิ้วx10หลาx12ม้วน/แพ็ค(มีแท่นตัด),฿49
3M MICROPORE 1นิ้วx10หลาx12ม้วน/แพ็ค.(สีเนื้อ),฿42.75
3M โคแบน เทปพันยืดหยุ่น 2นิ้วx5หลาx1ม้วน(สีเนื้อ),"฿99,999"
3M ไหมขัดฟันมีด้ามFINE SLIDE FLOSSER 30'S,฿35.5
3M.TEGADERM 10x12CM.3ชิ้น/BX.(A2),฿63.5
4 MIX OIL 30'S(สุภาพโอสถ),฿143.5
3M TRANSPORE 1/2นิ้วx5หลาx12ม้วน/แพ็ค,฿201
3M แผ่นซับสิว สีชมพู 12ชิ้น(กลม),฿54.75
AMBES 10MG(AMLOPINE) 10x10'S(GPO),฿97
AMBES 5MG(AMLOPINE) 10x10'S(GPO),฿57
ANTACIL 50x10's (TNP),฿484
AZYCIN 250 MG(AZITHRO) 6'S(GPO),฿70
B-100 COMPLEX (B3-B1-B2-B6)50x1ML(TP.),฿227
BELCID FORTE SUSP 240ML.20ขวด/ลัง,฿34
หน้ากาก NEXT HEALTH 3ชั้น 50'S/BX.(สีชมพู) *P,฿37.5
หน้ากาก NEXT HEALTH 3ชั้น 50'S/BX.(สีดำ) *P,฿37.5
หน้ากาก NEXT HEALTH 3ชั้น 50'S/BX.(สีฟ้า) *P,฿37.5
FISHERMAN สีเขียวมิ้นท์ 24'S/BX.,฿28
FISHERMAN สีเขียว-สีขาว 24'S/BX.,฿28
FISHERMAN สีเหลือง-อานีซีด 24'S/BX.,฿28
FISHERMAN สีแดง-สีขาว-เชอรี่ 24'S/BX.,฿28
FISHERMAN สีขาว-ออริจินัล 24'S/BX.,฿28
FISHERMAN สีฟ้า-สีขาว-ออริจินัล 24'S/BX.,฿28
FISHERMAN สีส้ม-ขาว-สไปซี่ 24'S/BX.,฿28
FIT C -ACEROLA CHERRY 15'S(เม็ดฟู่),฿87.5
3M COLDHOT THERAPY HAPPY KID PACK 2'S,฿189
3M INTERDENTAL BRUSH 3'S(1.0MM)ด้ามงอ,฿132.5
3M MICROPORE 1นิ้วx10หลาx12ม้วน/แพ็ค(มีแท่นตัด),฿49
3M MICROPORE 1นิ้วx10หลาx12ม้วน/แพ็ค.(สีเนื้อ),฿42.75
3M โคแบน เทปพันยืดหยุ่น 2นิ้วx5หลาx1ม้วน(สีเนื้อ),"฿99,999"
3M ไหมขัดฟันมีด้ามFINE SLIDE FLOSSER 30'S,฿35.5
3M.TEGADERM 10x12CM.3ชิ้น/BX.(A2),฿63.5
4 MIX OIL 30'S(สุภาพโอสถ),฿143.5
3M TRANSPORE 1/2นิ้วx5หลาx12ม้วน/แพ็ค,฿201
3M แผ่นซับสิว สีชมพู 12ชิ้น(กลม),฿54.75
AMBES 10MG(AMLOPINE) 10x10'S(GPO),฿97
AMBES 5MG(AMLOPINE) 10x10'S(GPO),฿57
ANTACIL 50x10's (TNP),฿484
AZYCIN 250 MG(AZITHRO) 6'S(GPO),฿70
B-100 COMPLEX (B3-B1-B2-B6)50x1ML(TP.),฿227
BELCID FORTE SUSP 240ML.20ขวด/ลัง,฿34
หน้ากาก NEXT HEALTH 3ชั้น 50'S/BX.(สีชมพู) *P,฿37.5
หน้ากาก NEXT HEALTH 3ชั้น 50'S/BX.(สีดำ) *P,฿37.5
หน้ากาก NEXT HEALTH 3ชั้น 50'S/BX.(สีฟ้า) *P,฿37.5
FIT M - MULTIVITAMIN 15'S(เม็ดฟู่),฿87.5
FIT RED ORANGES 15'S(เม็ดฟู่),฿180.25
FIXOMULL STRETCH 10CMx2M/BX.(BSN),฿76.5
FLEMEX KIDS 60CC(ลัง 50 ขวด),฿40.75
FLEMEX SYR.120CC.ญ.,฿79.5
FLEMEX SYR.60CC.เล็ก,฿48
FLEMING 1000MG. 1x10'S(AUGMENTIN) BERLIN,฿94
FLEMING 457.(AMOX400+CLA.57)70ML,฿116
3M COLDHOT THERAPY HAPPY KID PACK 2'S,฿189
3M INTERDENTAL BRUSH 3'S(1.0MM)ด้ามงอ,฿132.5
3M MICROPORE 1นิ้วx10หลาx12ม้วน/แพ็ค(มีแท่นตัด),฿49
3M MICROPORE 1นิ้วx10หลาx12ม้วน/แพ็ค.(สีเนื้อ),฿42.75
3M โคแบน เทปพันยืดหยุ่น 2นิ้วx5หลาx1ม้วน(สีเนื้อ),"฿99,999"
3M ไหมขัดฟันมีด้ามFINE SLIDE FLOSSER 30'S,฿35.5
3M.TEGADERM 10x12CM.3ชิ้น/BX.(A2),฿63.5
4 MIX OIL 30'S(สุภาพโอสถ),฿143.5
3M TRANSPORE 1/2นิ้วx5หลาx12ม้วน/แพ็ค,฿201
3M แผ่นซับสิว สีชมพู 12ชิ้น(กลม),฿54.75
AMBES 10MG(AMLOPINE) 10x10'S(GPO),฿97
AMBES 5MG(AMLOPINE) 10x10'S(GPO),฿57
ANTACIL 50x10's (TNP),฿484
AZYCIN 250 MG(AZITHRO) 6'S(GPO),฿70
B-100 COMPLEX (B3-B1-B2-B6)50x1ML(TP.),฿227
BELCID FORTE SUSP 240ML.20ขวด/ลัง,฿34
หน้ากาก NEXT HEALTH 3ชั้น 50'S/BX.(สีชมพู) *P,฿37.5
หน้ากาก NEXT HEALTH 3ชั้น 50'S/BX.(สีดำ) *P,฿37.5
หน้ากาก NEXT HEALTH 3ชั้น 50'S/BX.(สีฟ้า) *P,฿37.5
FLOCTIL 100MG/5ML.(สูตรZITHROMAX),฿75.75
FLOCTIL 200MG/15ML.(สูตรZITHROMAX),฿93
FLOCTIL 250MG.6'S(AZITHROMYCIN),฿50
FLORA PLUD 450CC.(1ลัง/24ขวด),฿159
FLOXCIPRO 500MG.10x10'S(CIPROFLOX)สหแพทย์,฿131.75
FLUIFORT SYR.120ML(CARBOCIS),฿188
FLUIMUCIL 300MG. 5หลอดx3ML./กล่อง,฿166.75
FLUIMUCIL-A 600MG.5x2'S/BX.,฿147.75
3M COLDHOT THERAPY HAPPY KID PACK 2'S,฿189
3M INTERDENTAL BRUSH 3'S(1.0MM)ด้ามงอ,฿132.5
3M MICROPORE 1นิ้วx10หลาx12ม้วน/แพ็ค(มีแท่นตัด),฿49
3M MICROPORE 1นิ้วx10หลาx12ม้วน/แพ็ค.(สีเนื้อ),฿42.75
3M โคแบน เทปพันยืดหยุ่น 2นิ้วx5หลาx1ม้วน(สีเนื้อ),"฿99,999"
3M ไหมขัดฟันมีด้ามFINE SLIDE FLOSSER 30'S,฿35.5
3M.TEGADERM 10x12CM.3ชิ้น/BX.(A2),฿63.5
4 MIX OIL 30'S(สุภาพโอสถ),฿143.5
3M TRANSPORE 1/2นิ้วx5หลาx12ม้วน/แพ็ค,฿201
3M แผ่นซับสิว สีชมพู 12ชิ้น(กลม),฿54.75
AMBES 10MG(AMLOPINE) 10x10'S(GPO),฿97
AMBES 5MG(AMLOPINE) 10x10'S(GPO),฿57
ANTACIL 50x10's (TNP),฿484
AZYCIN 250 MG(AZITHRO) 6'S(GPO),฿70
B-100 COMPLEX (B3-B1-B2-B6)50x1ML(TP.),฿227
BELCID FORTE SUSP 240ML.20ขวด/ลัง,฿34
หน้ากาก NEXT HEALTH 3ชั้น 50'S/BX.(สีชมพู) *P,฿37.5
หน้ากาก NEXT HEALTH 3ชั้น 50'S/BX.(สีดำ) *P,฿37.5
หน้ากาก NEXT HEALTH 3ชั้น 50'S/BX.(สีฟ้า) *P,฿37.5
FML EYE DROP 5ML(0.1%)ALLERGAN,฿85.75
FORAMOL 10'S(PARA 500MG.)42,฿23
FORLAX POWDER 10G. 20'S/BX. ยาระบาย,฿240
FOTAGEL SUS.20ML 20'S(สูตร SMECTA) รสเมล่อน,฿429.5
FUCIDIN CR 15G.ญ.(FUSIDIC ACID),฿174
FUCIDIN CR 5G.ล.(FUSIDIC ACID),฿87.5
FUNGI-M CREAM 10G.(MICONAZOLE),฿21.5
FUNGINOX SPRAY 25ML.(ใหม่)ส.เจริญ,฿139.75
3M COLDHOT THERAPY HAPPY KID PACK 2'S,฿189
3M INTERDENTAL BRUSH 3'S(1.0MM)ด้ามงอ,฿132.5
3M MICROPORE 1นิ้วx10หลาx12ม้วน/แพ็ค(มีแท่นตัด),฿49
3M MICROPORE 1นิ้วx10หลาx12ม้วน/แพ็ค.(สีเนื้อ),฿42.75
3M โคแบน เทปพันยืดหยุ่น 2นิ้วx5หลาx1ม้วน(สีเนื้อ),"฿99,999"
3M ไหมขัดฟันมีด้ามFINE SLIDE FLOSSER 30'S,฿35.5
3M.TEGADERM 10x12CM.3ชิ้น/BX.(A2),฿63.5
4 MIX OIL 30'S(สุภาพโอสถ),฿143.5
3M TRANSPORE 1/2นิ้วx5หลาx12ม้วน/แพ็ค,฿201
3M แผ่นซับสิว สีชมพู 12ชิ้น(กลม),฿54.75
AMBES 10MG(AMLOPINE) 10x10'S(GPO),฿97
AMBES 5MG(AMLOPINE) 10x10'S(GPO),฿57
ANTACIL 50x10's (TNP),฿484
AZYCIN 250 MG(AZITHRO) 6'S(GPO),฿70
B-100 COMPLEX (B3-B1-B2-B6)50x1ML(TP.),฿227
BELCID FORTE SUSP 240ML.20ขวด/ลัง,฿34
หน้ากาก NEXT HEALTH 3ชั้น 50'S/BX.(สีชมพู) *P,฿37.5
หน้ากาก NEXT HEALTH 3ชั้น 50'S/BX.(สีดำ) *P,฿37.5
หน้ากาก NEXT HEALTH 3ชั้น 50'S/BX.(สีฟ้า) *P,฿37.5
FURANO เม็ดฟู่ทำความสะอาด 24'S (กุหลาบ) *P,฿85.5
FURANO เม็ดฟู่ทำความสะอาด 24'S (ชาเชียว) *P,฿85.5
FURANO เม็ดฟู่ทำความสะอาด 24'S (สีฟ้า) *P,฿85.5
FUROMIDE 500MG. 100'S(FUROSIMIDE)สหแพทย์,฿312
FYBOGEL ส้ม 3.5Gx10'S,฿187
GABAPENTIN 100MG.10x10'S(GPO)เขียว,฿175
GABAPENTIN 300MG.10x10'S(GPO)ส้ม,฿295
GAS-MED PLUS(DICYCLOMINE+SIMET.)60ML,฿22
3M COLDHOT THERAPY HAPPY KID PACK 2'S,฿189
3M INTERDENTAL BRUSH 3'S(1.0MM)ด้ามงอ,฿132.5
3M MICROPORE 1นิ้วx10หลาx12ม้วน/แพ็ค(มีแท่นตัด),฿49
3M MICROPORE 1นิ้วx10หลาx12ม้วน/แพ็ค.(สีเนื้อ),฿42.75
3M โคแบน เทปพันยืดหยุ่น 2นิ้วx5หลาx1ม้วน(สีเนื้อ),"฿99,999"
3M ไหมขัดฟันมีด้ามFINE SLIDE FLOSSER 30'S,฿35.5
3M.TEGADERM 10x12CM.3ชิ้น/BX.(A2),฿63.5
4 MIX OIL 30'S(สุภาพโอสถ),฿143.5
3M TRANSPORE 1/2นิ้วx5หลาx12ม้วน/แพ็ค,฿201
3M แผ่นซับสิว สีชมพู 12ชิ้น(กลม),฿54.75
AMBES 10MG(AMLOPINE) 10x10'S(GPO),฿97
AMBES 5MG(AMLOPINE) 10x10'S(GPO),฿57
ANTACIL 50x10's (TNP),฿484
AZYCIN 250 MG(AZITHRO) 6'S(GPO),฿70
B-100 COMPLEX (B3-B1-B2-B6)50x1ML(TP.),฿227
BELCID FORTE SUSP 240ML.20ขวด/ลัง,฿34
หน้ากาก NEXT HEALTH 3ชั้น 50'S/BX.(สีชมพู) *P,฿37.5
หน้ากาก NEXT HEALTH 3ชั้น 50'S/BX.(สีดำ) *P,฿37.5
หน้ากาก NEXT HEALTH 3ชั้น 50'S/BX.(สีฟ้า) *P,฿37.5
GASTER(OMEPLAZOLE 20 MG.)2x7S'/BOX,฿34.75
GASTRO-BISMOL 240ML.ส้ม*ใหม่,฿97.75
GASTROSEC 20MG.1x14'S(OMEPRAZOLE),฿22.75
GAVISCON 150CC.(เขียว),฿227
GAVISCON ADVANCE MINT 24'Sx10ML.,฿704
GAVISCON DOUBLE ACTION 12x10ML.,฿190
GAVISCON DUAL 24x10ML.(ลังละ12กล่อง),฿606
GENTREX CR.5G.(SANG THAI),฿22.5
3M COLDHOT THERAPY HAPPY KID PACK 2'S,฿189
3M INTERDENTAL BRUSH 3'S(1.0MM)ด้ามงอ,฿132.5
3M MICROPORE 1นิ้วx10หลาx12ม้วน/แพ็ค(มีแท่นตัด),฿49
3M MICROPORE 1นิ้วx10หลาx12ม้วน/แพ็ค.(สีเนื้อ),฿42.75
3M โคแบน เทปพันยืดหยุ่น 2นิ้วx5หลาx1ม้วน(สีเนื้อ),"฿99,999"
3M ไหมขัดฟันมีด้ามFINE SLIDE FLOSSER 30'S,฿35.5
3M.TEGADERM 10x12CM.3ชิ้น/BX.(A2),฿63.5
4 MIX OIL 30'S(สุภาพโอสถ),฿143.5
3M TRANSPORE 1/2นิ้วx5หลาx12ม้วน/แพ็ค,฿201
3M แผ่นซับสิว สีชมพู 12ชิ้น(กลม),฿54.75
AMBES 10MG(AMLOPINE) 10x10'S(GPO),฿97
AMBES 5MG(AMLOPINE) 10x10'S(GPO),฿57
ANTACIL 50x10's (TNP),฿484
AZYCIN 250 MG(AZITHRO) 6'S(GPO),฿70
B-100 COMPLEX (B3-B1-B2-B6)50x1ML(TP.),฿227
BELCID FORTE SUSP 240ML.20ขวด/ลัง,฿34
หน้ากาก NEXT HEALTH 3ชั้น 50'S/BX.(สีชมพู) *P,฿37.5
หน้ากาก NEXT HEALTH 3ชั้น 50'S/BX.(สีดำ) *P,฿37.5
หน้ากาก NEXT HEALTH 3ชั้น 50'S/BX.(สีฟ้า) *P,฿37.5
GLAUCO-OPH 0.5% 5CC.x12/กล่อง,฿100.75
GLICLAZIDE  80MG.50x10'S(สหแพทย์),฿314
GLOWY DIGITAL THERMOMETER รุ่น ET-102,฿74
GLUCERNA PLUS 800G.(ธัญพืช)ไม่เติมน้ำตาล,"฿1,030"
GLUCERNA SR 380G.(วนิลา),฿615
GLUCERNA SR 800G.(วนิลา),"฿1,030"
GLUCOLIN 400G.12กป./ลัง,฿129.75
GLUCOPHAGE 500(METFORMIN)50x10'S.,฿22
3M COLDHOT THERAPY HAPPY KID PACK 2'S,฿189
3M INTERDENTAL BRUSH 3'S(1.0MM)ด้ามงอ,฿132.5
3M MICROPORE 1นิ้วx10หลาx12ม้วน/แพ็ค(มีแท่นตัด),฿49
3M MICROPORE 1นิ้วx10หลาx12ม้วน/แพ็ค.(สีเนื้อ),฿42.75
3M โคแบน เทปพันยืดหยุ่น 2นิ้วx5หลาx1ม้วน(สีเนื้อ),"฿99,999"
3M ไหมขัดฟันมีด้ามFINE SLIDE FLOSSER 30'S,฿35.5
3M.TEGADERM 10x12CM.3ชิ้น/BX.(A2),฿63.5
4 MIX OIL 30'S(สุภาพโอสถ),฿143.5
3M TRANSPORE 1/2นิ้วx5หลาx12ม้วน/แพ็ค,฿201
3M แผ่นซับสิว สีชมพู 12ชิ้น(กลม),฿54.75
AMBES 10MG(AMLOPINE) 10x10'S(GPO),฿97
AMBES 5MG(AMLOPINE) 10x10'S(GPO),฿57
ANTACIL 50x10's (TNP),฿484
AZYCIN 250 MG(AZITHRO) 6'S(GPO),฿70
B-100 COMPLEX (B3-B1-B2-B6)50x1ML(TP.),฿227
BELCID FORTE SUSP 240ML.20ขวด/ลัง,฿34
หน้ากาก NEXT HEALTH 3ชั้น 50'S/BX.(สีชมพู) *P,฿37.5
หน้ากาก NEXT HEALTH 3ชั้น 50'S/BX.(สีดำ) *P,฿37.5
หน้ากาก NEXT HEALTH 3ชั้น 50'S/BX.(สีฟ้า) *P,฿37.5
GLUCOPHAGE 850MG.30x10'S.(แบ่งขาย),฿37.5
GLUCOSA 1500.MG.(GLUCO.) ธรรมดา30'S,฿215
GLUCOSA 1500MG. 30'S (ส้ม),฿219
GLUCOSA 1500MG. 30'S มะนาว,฿219
GLUTRIL 1500MG 30'S(GLUCOSAMINE)ชุมชน,฿265
GLYMORIN SUPP. เด็ก 12'S(แดง),฿47
GRIPE WATER 148CC.ญ.(ใหม่),฿112.75
HANDI-C 240ML(ขวดปั๊ม),฿65.5
3M COLDHOT THERAPY HAPPY KID PACK 2'S,฿189
3M INTERDENTAL BRUSH 3'S(1.0MM)ด้ามงอ,฿132.5
3M MICROPORE 1นิ้วx10หลาx12ม้วน/แพ็ค(มีแท่นตัด),฿49
3M MICROPORE 1นิ้วx10หลาx12ม้วน/แพ็ค.(สีเนื้อ),฿42.75
3M โคแบน เทปพันยืดหยุ่น 2นิ้วx5หลาx1ม้วน(สีเนื้อ),"฿99,999"
3M ไหมขัดฟันมีด้ามFINE SLIDE FLOSSER 30'S,฿35.5
3M.TEGADERM 10x12CM.3ชิ้น/BX.(A2),฿63.5
4 MIX OIL 30'S(สุภาพโอสถ),฿143.5
3M TRANSPORE 1/2นิ้วx5หลาx12ม้วน/แพ็ค,฿201
3M แผ่นซับสิว สีชมพู 12ชิ้น(กลม),฿54.75
AMBES 10MG(AMLOPINE) 10x10'S(GPO),฿97
AMBES 5MG(AMLOPINE) 10x10'S(GPO),฿57
ANTACIL 50x10's (TNP),฿484
AZYCIN 250 MG(AZITHRO) 6'S(GPO),฿70
B-100 COMPLEX (B3-B1-B2-B6)50x1ML(TP.),฿227
BELCID FORTE SUSP 240ML.20ขวด/ลัง,฿34
หน้ากาก NEXT HEALTH 3ชั้น 50'S/BX.(สีชมพู) *P,฿37.5
หน้ากาก NEXT HEALTH 3ชั้น 50'S/BX.(สีดำ) *P,฿37.5
หน้ากาก NEXT HEALTH 3ชั้น 50'S/BX.(สีฟ้า) *P,฿37.5
HANDI-C 450ML(ขวดปั๊ม),฿97
HANDI-C 60ML(สเปรย์),฿36.5
HEPALAC 100CC.(LACTULOSE),฿76
HEPATOLAC 100ML.(LACTULOSE)สูตร HEPALAC,฿62
HEPATOLAC 10x15ML.(LACTULOSE)สูตรHEPALAC,฿97
HERPENON 5G.(ACYCLOVIRZ),฿17
HEXENE SKIN CLEASER 100ML,฿45.75
HIDIL 300MG.(GEMFIBOZIL300)10x10'S.,฿193
3M COLDHOT THERAPY HAPPY KID PACK 2'S,฿189
3M INTERDENTAL BRUSH 3'S(1.0MM)ด้ามงอ,฿132.5
3M MICROPORE 1นิ้วx10หลาx12ม้วน/แพ็ค(มีแท่นตัด),฿49
3M MICROPORE 1นิ้วx10หลาx12ม้วน/แพ็ค.(สีเนื้อ),฿42.75
3M โคแบน เทปพันยืดหยุ่น 2นิ้วx5หลาx1ม้วน(สีเนื้อ),"฿99,999"
3M ไหมขัดฟันมีด้ามFINE SLIDE FLOSSER 30'S,฿35.5
3M.TEGADERM 10x12CM.3ชิ้น/BX.(A2),฿63.5
4 MIX OIL 30'S(สุภาพโอสถ),฿143.5
3M TRANSPORE 1/2นิ้วx5หลาx12ม้วน/แพ็ค,฿201
3M แผ่นซับสิว สีชมพู 12ชิ้น(กลม),฿54.75
AMBES 10MG(AMLOPINE) 10x10'S(GPO),฿97
AMBES 5MG(AMLOPINE) 10x10'S(GPO),฿57
ANTACIL 50x10's (TNP),฿484
AZYCIN 250 MG(AZITHRO) 6'S(GPO),฿70
B-100 COMPLEX (B3-B1-B2-B6)50x1ML(TP.),฿227
BELCID FORTE SUSP 240ML.20ขวด/ลัง,฿34
หน้ากาก NEXT HEALTH 3ชั้น 50'S/BX.(สีชมพู) *P,฿37.5
หน้ากาก NEXT HEALTH 3ชั้น 50'S/BX.(สีดำ) *P,฿37.5
หน้ากาก NEXT HEALTH 3ชั้น 50'S/BX.(สีฟ้า) *P,฿37.5
HIDIL 600MG.(GEMFIBROZIL)10x10'S.,฿333
HIGAN (HYOSCINE 10MG.)50x10'S,฿645
HIPBIOTECH ATK COVID TEST โพรงจมูก SWAB 1'S,฿56
HIRUDOID CR.10G.แดง-ขาว*ใหม่,฿78
HIRUDOID CR.20G.แดง-ขาว*ใหม่,฿133
HIRUDOID CR.40G.แดง-ขาว*ใหม่,฿205.75
HIRUDOID FORTE 10G.(ใหม่),฿123
HIRUDOID FORTE 20G.(ใหม่),฿205.75
3M COLDHOT THERAPY HAPPY KID PACK 2'S,฿189
3M INTERDENTAL BRUSH 3'S(1.0MM)ด้ามงอ,฿132.5
3M MICROPORE 1นิ้วx10หลาx12ม้วน/แพ็ค(มีแท่นตัด),฿49
3M MICROPORE 1นิ้วx10หลาx12ม้วน/แพ็ค.(สีเนื้อ),฿42.75
3M โคแบน เทปพันยืดหยุ่น 2นิ้วx5หลาx1ม้วน(สีเนื้อ),"฿99,999"
3M ไหมขัดฟันมีด้ามFINE SLIDE FLOSSER 30'S,฿35.5
3M.TEGADERM 10x12CM.3ชิ้น/BX.(A2),฿63.5
4 MIX OIL 30'S(สุภาพโอสถ),฿143.5
3M TRANSPORE 1/2นิ้วx5หลาx12ม้วน/แพ็ค,฿201
3M แผ่นซับสิว สีชมพู 12ชิ้น(กลม),฿54.75
AMBES 10MG(AMLOPINE) 10x10'S(GPO),฿97
AMBES 5MG(AMLOPINE) 10x10'S(GPO),฿57
ANTACIL 50x10's (TNP),฿484
AZYCIN 250 MG(AZITHRO) 6'S(GPO),฿70
B-100 COMPLEX (B3-B1-B2-B6)50x1ML(TP.),฿227
BELCID FORTE SUSP 240ML.20ขวด/ลัง,฿34
หน้ากาก NEXT HEALTH 3ชั้น 50'S/BX.(สีชมพู) *P,฿37.5
หน้ากาก NEXT HEALTH 3ชั้น 50'S/BX.(สีดำ) *P,฿37.5
หน้ากาก NEXT HEALTH 3ชั้น 50'S/BX.(สีฟ้า) *P,฿37.5
HIRUSCAR GEL KIDS 10G.,฿186
HIRUSCAR POSACNE 10G.ขาว EXP.12/26,฿218
HIRUSCAR POSACNE 5G. EXP.12/26,฿147
HIRUSCAR SILICONEPRO 10G.,฿347.75
HIRUSCAR SILICONEPRO 4G.,฿206.75
HISTIGO -16(BETAHISTINE)6x10'S(MILLIED),฿195
HISTIGO -24(BETAHISTINE)2x10'S(MILLIED),฿129.5
HY-C VITAMIN C 50 กลิ่นสตอเบอรี่ 36ซอง/BX. EXP.12/26,฿285
3M COLDHOT THERAPY HAPPY KID PACK 2'S,฿189
3M INTERDENTAL BRUSH 3'S(1.0MM)ด้ามงอ,฿132.5
3M MICROPORE 1นิ้วx10หลาx12ม้วน/แพ็ค(มีแท่นตัด),฿49
3M MICROPORE 1นิ้วx10หลาx12ม้วน/แพ็ค.(สีเนื้อ),฿42.75
3M โคแบน เทปพันยืดหยุ่น 2นิ้วx5หลาx1ม้วน(สีเนื้อ),"฿99,999"
3M ไหมขัดฟันมีด้ามFINE SLIDE FLOSSER 30'S,฿35.5
3M.TEGADERM 10x12CM.3ชิ้น/BX.(A2),฿63.5
4 MIX OIL 30'S(สุภาพโอสถ),฿143.5
3M TRANSPORE 1/2นิ้วx5หลาx12ม้วน/แพ็ค,฿201
3M แผ่นซับสิว สีชมพู 12ชิ้น(กลม),฿54.75
AMBES 10MG(AMLOPINE) 10x10'S(GPO),฿97
AMBES 5MG(AMLOPINE) 10x10'S(GPO),฿57
ANTACIL 50x10's (TNP),฿484
AZYCIN 250 MG(AZITHRO) 6'S(GPO),฿70
B-100 COMPLEX (B3-B1-B2-B6)50x1ML(TP.),฿227
BELCID FORTE SUSP 240ML.20ขวด/ลัง,฿34
หน้ากาก NEXT HEALTH 3ชั้น 50'S/BX.(สีชมพู) *P,฿37.5
หน้ากาก NEXT HEALTH 3ชั้น 50'S/BX.(สีดำ) *P,฿37.5
หน้ากาก NEXT HEALTH 3ชั้น 50'S/BX.(สีฟ้า) *P,฿37.5
HY-C VITAMIN C 50 กลิ่นส้ม 36ซอง/BX.,฿285
HY-C VITAMIN C 50 กลิ่นสัปปะรด 36ซอง/BX.,฿285
HY-C VITAMIN C 50 กลิ่นองุ่น 36ซอง/BX.,฿285
HYCLEAN FAMILY สีเหลือง ALOE VELA 56ชิ้น(ใหญ่),฿92.5
HYCLEAN FAMILY สีชมพู กลิ่นพีช 56ชิ้น(ใหญ่),฿92.5
HYCLEAN FAMILY สีฟ้า กลิ่นชาเขียว 56ชิ้น(ใหญ่),฿92.5
HYDROGEN 30ML.(SIRI.),฿5.75
HYDROGEN 450ML(ศิริบัญชา)ลัง2โหล,฿18
3M COLDHOT THERAPY HAPPY KID PACK 2'S,฿189
3M INTERDENTAL BRUSH 3'S(1.0MM)ด้ามงอ,฿132.5
3M MICROPORE 1นิ้วx10หลาx12ม้วน/แพ็ค(มีแท่นตัด),฿49
3M MICROPORE 1นิ้วx10หลาx12ม้วน/แพ็ค.(สีเนื้อ),฿42.75
3M โคแบน เทปพันยืดหยุ่น 2นิ้วx5หลาx1ม้วน(สีเนื้อ),"฿99,999"
3M ไหมขัดฟันมีด้ามFINE SLIDE FLOSSER 30'S,฿35.5
3M.TEGADERM 10x12CM.3ชิ้น/BX.(A2),฿63.5
4 MIX OIL 30'S(สุภาพโอสถ),฿143.5
3M TRANSPORE 1/2นิ้วx5หลาx12ม้วน/แพ็ค,฿201
3M แผ่นซับสิว สีชมพู 12ชิ้น(กลม),฿54.75
AMBES 10MG(AMLOPINE) 10x10'S(GPO),฿97
AMBES 5MG(AMLOPINE) 10x10'S(GPO),฿57
ANTACIL 50x10's (TNP),฿484
AZYCIN 250 MG(AZITHRO) 6'S(GPO),฿70
B-100 COMPLEX (B3-B1-B2-B6)50x1ML(TP.),฿227
BELCID FORTE SUSP 240ML.20ขวด/ลัง,฿34
หน้ากาก NEXT HEALTH 3ชั้น 50'S/BX.(สีชมพู) *P,฿37.5
หน้ากาก NEXT HEALTH 3ชั้น 50'S/BX.(สีดำ) *P,฿37.5
หน้ากาก NEXT HEALTH 3ชั้น 50'S/BX.(สีฟ้า) *P,฿37.5
HYDROXYZINE FC.100x10'S(ขาว)(สหแพทย์),฿145
HYDROXYZINE-FC 10MG.1000'S(สหแพทย์),฿124
HYLES 100MG.10x10'S(SPORONOLACTONE),฿520
HYLES 25MG. 10x10'S(SPORONOLACTONE)BERLIN,฿138
IBUCAP 400MG. 10x10'S(IBU.)MILLIMED,฿426
IBUMAN-PLUS(IBU+PARA) 40x10'S,฿660
ILIADIN 0.05% 10CC. SPRAY(ผู้ใหญ่),฿128.75
JOHNSON'S BABY OIL 125ML.,฿81.5
3M COLDHOT THERAPY HAPPY KID PACK 2'S,฿189
3M INTERDENTAL BRUSH 3'S(1.0MM)ด้ามงอ,฿132.5
3M MICROPORE 1นิ้วx10หลาx12ม้วน/แพ็ค(มีแท่นตัด),฿49
3M MICROPORE 1นิ้วx10หลาx12ม้วน/แพ็ค.(สีเนื้อ),฿42.75
3M โคแบน เทปพันยืดหยุ่น 2นิ้วx5หลาx1ม้วน(สีเนื้อ),"฿99,999"
3M ไหมขัดฟันมีด้ามFINE SLIDE FLOSSER 30'S,฿35.5
3M.TEGADERM 10x12CM.3ชิ้น/BX.(A2),฿63.5
4 MIX OIL 30'S(สุภาพโอสถ),฿143.5
3M TRANSPORE 1/2นิ้วx5หลาx12ม้วน/แพ็ค,฿201
3M แผ่นซับสิว สีชมพู 12ชิ้น(กลม),฿54.75
AMBES 10MG(AMLOPINE) 10x10'S(GPO),฿97
AMBES 5MG(AMLOPINE) 10x10'S(GPO),฿57
ANTACIL 50x10's (TNP),฿484
AZYCIN 250 MG(AZITHRO) 6'S(GPO),฿70
B-100 COMPLEX (B3-B1-B2-B6)50x1ML(TP.),฿227
BELCID FORTE SUSP 240ML.20ขวด/ลัง,฿34
หน้ากาก NEXT HEALTH 3ชั้น 50'S/BX.(สีชมพู) *P,฿37.5
หน้ากาก NEXT HEALTH 3ชั้น 50'S/BX.(สีดำ) *P,฿37.5
หน้ากาก NEXT HEALTH 3ชั้น 50'S/BX.(สีฟ้า) *P,฿37.5
JUSTIMA 21'S (สูตร YASMIN) MASA,฿194
K&K NORMAL SALINE 1000ML จุกแหลม ลัง12,฿46
K&K NORMAL SALINE 100MLจุกแหลม ลัง24BT,฿25.5
K&K จุกล้างจมูก 2'Sx24อัน/BX.(ANB),฿24.5
K&K จุกล้างจมูกซิลิโคน นุ๊ม นุ่ม 1 ชิ้น(ANB),฿24.75
KAMILLOSAN-M 15CC.(MEDA PHARMA),฿139.5
KAMISTAD-GEL N 10G.(STADA),฿83
KANOLONE CR.5G.(TA.0.1%)/หลอด,฿21.5
3M COLDHOT THERAPY HAPPY KID PACK 2'S,฿189
3M INTERDENTAL BRUSH 3'S(1.0MM)ด้ามงอ,฿132.5
3M MICROPORE 1นิ้วx10หลาx12ม้วน/แพ็ค(มีแท่นตัด),฿49
3M MICROPORE 1นิ้วx10หลาx12ม้วน/แพ็ค.(สีเนื้อ),฿42.75
3M โคแบน เทปพันยืดหยุ่น 2นิ้วx5หลาx1ม้วน(สีเนื้อ),"฿99,999"
3M ไหมขัดฟันมีด้ามFINE SLIDE FLOSSER 30'S,฿35.5
3M.TEGADERM 10x12CM.3ชิ้น/BX.(A2),฿63.5
4 MIX OIL 30'S(สุภาพโอสถ),฿143.5
3M TRANSPORE 1/2นิ้วx5หลาx12ม้วน/แพ็ค,฿201
3M แผ่นซับสิว สีชมพู 12ชิ้น(กลม),฿54.75
AMBES 10MG(AMLOPINE) 10x10'S(GPO),฿97
AMBES 5MG(AMLOPINE) 10x10'S(GPO),฿57
ANTACIL 50x10's (TNP),฿484
AZYCIN 250 MG(AZITHRO) 6'S(GPO),฿70
B-100 COMPLEX (B3-B1-B2-B6)50x1ML(TP.),฿227
BELCID FORTE SUSP 240ML.20ขวด/ลัง,฿34
หน้ากาก NEXT HEALTH 3ชั้น 50'S/BX.(สีชมพู) *P,฿37.5
หน้ากาก NEXT HEALTH 3ชั้น 50'S/BX.(สีดำ) *P,฿37.5
หน้ากาก NEXT HEALTH 3ชั้น 50'S/BX.(สีฟ้า) *P,฿37.5
KARA SHAMPOO 100ML(KETO),฿67
KARY UNI 5MLx10/BX.(PIRENOXINE )ต้อกระจก,฿70
KEFLEX 125MG/5ML 60ML(CEPHALEXIN),฿79.5
KLEANTRANS เทปใส 1/2นิ้วx 1.5หลาx12ม้วน/แพ็ค,฿42
KLOBECORT MILKY LOTION 10G.(2M),฿46.5
KLOBECORT MILKY LOTION 30G.(2M),฿97
KOOL FEVER BABY 3ชิ้น/BX ลัง 48 bx,฿75.5
KOOL FEVER-เด็ก 3 ชิ้น/BX ลัง 48 bx,฿75.5
3M COLDHOT THERAPY HAPPY KID PACK 2'S,฿189
3M INTERDENTAL BRUSH 3'S(1.0MM)ด้ามงอ,฿132.5
3M MICROPORE 1นิ้วx10หลาx12ม้วน/แพ็ค(มีแท่นตัด),฿49
3M MICROPORE 1นิ้วx10หลาx12ม้วน/แพ็ค.(สีเนื้อ),฿42.75
3M โคแบน เทปพันยืดหยุ่น 2นิ้วx5หลาx1ม้วน(สีเนื้อ),"฿99,999"
3M ไหมขัดฟันมีด้ามFINE SLIDE FLOSSER 30'S,฿35.5
3M.TEGADERM 10x12CM.3ชิ้น/BX.(A2),฿63.5
4 MIX OIL 30'S(สุภาพโอสถ),฿143.5
3M TRANSPORE 1/2นิ้วx5หลาx12ม้วน/แพ็ค,฿201
3M แผ่นซับสิว สีชมพู 12ชิ้น(กลม),฿54.75
AMBES 10MG(AMLOPINE) 10x10'S(GPO),฿97
AMBES 5MG(AMLOPINE) 10x10'S(GPO),฿57
ANTACIL 50x10's (TNP),฿484
AZYCIN 250 MG(AZITHRO) 6'S(GPO),฿70
B-100 COMPLEX (B3-B1-B2-B6)50x1ML(TP.),฿227
BELCID FORTE SUSP 240ML.20ขวด/ลัง,฿34
หน้ากาก NEXT HEALTH 3ชั้น 50'S/BX.(สีชมพู) *P,฿37.5
หน้ากาก NEXT HEALTH 3ชั้น 50'S/BX.(สีดำ) *P,฿37.5
หน้ากาก NEXT HEALTH 3ชั้น 50'S/BX.(สีฟ้า) *P,฿37.5
KOOL FEVER-ผู้ใหญ่ 3ชิ้น/BX ลัง 48 bx,฿75.5
KOOLCAP 30'S(NATT),฿86
KREMIL TABLETS 20x10'S(โฉมใหม่),฿325
KREMIL-S 20x10'S*ใหม่,฿383
KRESSMOX FORT 250MG.รสส้ม(ขวดเปลือย),฿21.75
K-TEC SYRUP 100ML.( สูตร FATEC ),฿28.5
K-Y GEL 42G.ล.,฿151
K-Y GEL 82G.ญ.,฿214.5
3M COLDHOT THERAPY HAPPY KID PACK 2'S,฿189
3M INTERDENTAL BRUSH 3'S(1.0MM)ด้ามงอ,฿132.5
3M MICROPORE 1นิ้วx10หลาx12ม้วน/แพ็ค(มีแท่นตัด),฿49
3M MICROPORE 1นิ้วx10หลาx12ม้วน/แพ็ค.(สีเนื้อ),฿42.75
3M โคแบน เทปพันยืดหยุ่น 2นิ้วx5หลาx1ม้วน(สีเนื้อ),"฿99,999"
3M ไหมขัดฟันมีด้ามFINE SLIDE FLOSSER 30'S,฿35.5
3M.TEGADERM 10x12CM.3ชิ้น/BX.(A2),฿63.5
4 MIX OIL 30'S(สุภาพโอสถ),฿143.5
3M TRANSPORE 1/2นิ้วx5หลาx12ม้วน/แพ็ค,฿201
3M แผ่นซับสิว สีชมพู 12ชิ้น(กลม),฿54.75
AMBES 10MG(AMLOPINE) 10x10'S(GPO),฿97
AMBES 5MG(AMLOPINE) 10x10'S(GPO),฿57
ANTACIL 50x10's (TNP),฿484
AZYCIN 250 MG(AZITHRO) 6'S(GPO),฿70
B-100 COMPLEX (B3-B1-B2-B6)50x1ML(TP.),฿227
BELCID FORTE SUSP 240ML.20ขวด/ลัง,฿34
หน้ากาก NEXT HEALTH 3ชั้น 50'S/BX.(สีชมพู) *P,฿37.5
หน้ากาก NEXT HEALTH 3ชั้น 50'S/BX.(สีดำ) *P,฿37.5
หน้ากาก NEXT HEALTH 3ชั้น 50'S/BX.(สีฟ้า) *P,฿37.5
LADI-PLUS BODY SPRAY 6ML,฿116
LANZAAR 100MG. 10x10'S(BERLIN),฿289
LANZAAR 50MG. 10x10'S(BERLIN),฿191
LEVOCETIN 1x10'S(สูตรXYZAL)BIOPHARM,฿55.75
LEVOMAC 500 1x5'S/BX.(LEVOFLOX),฿42.75
LILLY CAPSULE 30'S,฿63
LOTEMP FORTE ส้ม 250MG(PARA),฿28
LYBALIN 75MG.(PREABALIN)56'S,฿565
3M COLDHOT THERAPY HAPPY KID PACK 2'S,฿189
3M INTERDENTAL BRUSH 3'S(1.0MM)ด้ามงอ,฿132.5
3M MICROPORE 1นิ้วx10หลาx12ม้วน/แพ็ค(มีแท่นตัด),฿49
3M MICROPORE 1นิ้วx10หลาx12ม้วน/แพ็ค.(สีเนื้อ),฿42.75
3M โคแบน เทปพันยืดหยุ่น 2นิ้วx5หลาx1ม้วน(สีเนื้อ),"฿99,999"
3M ไหมขัดฟันมีด้ามFINE SLIDE FLOSSER 30'S,฿35.5
3M.TEGADERM 10x12CM.3ชิ้น/BX.(A2),฿63.5
4 MIX OIL 30'S(สุภาพโอสถ),฿143.5
3M TRANSPORE 1/2นิ้วx5หลาx12ม้วน/แพ็ค,฿201
3M แผ่นซับสิว สีชมพู 12ชิ้น(กลม),฿54.75
AMBES 10MG(AMLOPINE) 10x10'S(GPO),฿97
AMBES 5MG(AMLOPINE) 10x10'S(GPO),฿57
ANTACIL 50x10's (TNP),฿484
AZYCIN 250 MG(AZITHRO) 6'S(GPO),฿70
B-100 COMPLEX (B3-B1-B2-B6)50x1ML(TP.),฿227
BELCID FORTE SUSP 240ML.20ขวด/ลัง,฿34
หน้ากาก NEXT HEALTH 3ชั้น 50'S/BX.(สีชมพู) *P,฿37.5
หน้ากาก NEXT HEALTH 3ชั้น 50'S/BX.(สีดำ) *P,฿37.5
หน้ากาก NEXT HEALTH 3ชั้น 50'S/BX.(สีฟ้า) *P,฿37.5
LYMA CREAM 5G.(CLOTRIMAZOLE)(2M),฿12.5
LYMARIN CR.15G.(2M),฿46
LYMARIN CR.5G.(2M),฿23
MADONNA 2'S.(สูตรPOSTINOR)แพ็ค 10'S,฿15
MADONNA ONE 1'S(LEVONORGESTREL),฿15
MANCOXIB - 60MG. 3x10'S/BX.(ARCOXIA)TMAN EXP.07/26,฿190
MANIDERM CREAM 5G.(สูตDERMATOP),฿50
MANO DARK HAIR (แชมพู)6ซอง/กล่อง(ขายยกกล่อง),฿93.5
3M COLDHOT THERAPY HAPPY KID PACK 2'S,฿189
3M INTERDENTAL BRUSH 3'S(1.0MM)ด้ามงอ,฿132.5
3M MICROPORE 1นิ้วx10หลาx12ม้วน/แพ็ค(มีแท่นตัด),฿49
3M MICROPORE 1นิ้วx10หลาx12ม้วน/แพ็ค.(สีเนื้อ),฿42.75
3M โคแบน เทปพันยืดหยุ่น 2นิ้วx5หลาx1ม้วน(สีเนื้อ),"฿99,999"
3M ไหมขัดฟันมีด้ามFINE SLIDE FLOSSER 30'S,฿35.5
3M.TEGADERM 10x12CM.3ชิ้น/BX.(A2),฿63.5
4 MIX OIL 30'S(สุภาพโอสถ),฿143.5
3M TRANSPORE 1/2นิ้วx5หลาx12ม้วน/แพ็ค,฿201
3M แผ่นซับสิว สีชมพู 12ชิ้น(กลม),฿54.75
AMBES 10MG(AMLOPINE) 10x10'S(GPO),฿97
AMBES 5MG(AMLOPINE) 10x10'S(GPO),฿57
ANTACIL 50x10's (TNP),฿484
AZYCIN 250 MG(AZITHRO) 6'S(GPO),฿70
B-100 COMPLEX (B3-B1-B2-B6)50x1ML(TP.),฿227
BELCID FORTE SUSP 240ML.20ขวด/ลัง,฿34
หน้ากาก NEXT HEALTH 3ชั้น 50'S/BX.(สีชมพู) *P,฿37.5
หน้ากาก NEXT HEALTH 3ชั้น 50'S/BX.(สีดำ) *P,฿37.5
หน้ากาก NEXT HEALTH 3ชั้น 50'S/BX.(สีฟ้า) *P,฿37.5
MAR PLUS NS.20CC.(STADA),฿186
MASAGA CREAM 30G.(นครพัฒนา),฿17.75
MAXXLIFE TEMPCOX PARA 120MG.(รสองุ่น),฿13.5
MAXXLIFE หน้ากากอนามัย 3 ชั้น 50'S (สีขาว),฿37
MAXXLIFE หน้ากากอนามัย 3 ชั้น 50'S (สีฟ้า),฿37
MEDICCOXIB 200MG.10x10'S(CELEBREX)สหแพทย์,฿387
MEDICET 1x10'S/BX. LEVOCET.(สูตรXYZAL) EXP.10/26,฿52.75
MEDICFLOX 1x10'S(LEVOFLOXACIN 500MG.)สหแพทย์,฿76
3M COLDHOT THERAPY HAPPY KID PACK 2'S,฿189
3M INTERDENTAL BRUSH 3'S(1.0MM)ด้ามงอ,฿132.5
3M MICROPORE 1นิ้วx10หลาx12ม้วน/แพ็ค(มีแท่นตัด),฿49
3M MICROPORE 1นิ้วx10หลาx12ม้วน/แพ็ค.(สีเนื้อ),฿42.75
3M โคแบน เทปพันยืดหยุ่น 2นิ้วx5หลาx1ม้วน(สีเนื้อ),"฿99,999"
3M ไหมขัดฟันมีด้ามFINE SLIDE FLOSSER 30'S,฿35.5
3M.TEGADERM 10x12CM.3ชิ้น/BX.(A2),฿63.5
4 MIX OIL 30'S(สุภาพโอสถ),฿143.5
3M TRANSPORE 1/2นิ้วx5หลาx12ม้วน/แพ็ค,฿201
3M แผ่นซับสิว สีชมพู 12ชิ้น(กลม),฿54.75
AMBES 10MG(AMLOPINE) 10x10'S(GPO),฿97
AMBES 5MG(AMLOPINE) 10x10'S(GPO),฿57
ANTACIL 50x10's (TNP),฿484
AZYCIN 250 MG(AZITHRO) 6'S(GPO),฿70
B-100 COMPLEX (B3-B1-B2-B6)50x1ML(TP.),฿227
BELCID FORTE SUSP 240ML.20ขวด/ลัง,฿34
หน้ากาก NEXT HEALTH 3ชั้น 50'S/BX.(สีชมพู) *P,฿37.5
หน้ากาก NEXT HEALTH 3ชั้น 50'S/BX.(สีดำ) *P,฿37.5
หน้ากาก NEXT HEALTH 3ชั้น 50'S/BX.(สีฟ้า) *P,฿37.5
"MEDICPLEX (B1,2,6,12)1000'S(สหแพทย์)",฿204.75
MEDICVIT 1000'S/กระปุก(สหแพทย์),฿236
MEDITIC 50x10'S(AMILORIDE 5/HCTZ 50)สหแพทย์,฿149.75
MEDMAKER CR.20G.VIT.E,฿51
MEDMAKER CR.50G.VIT.E,฿106.75
MEDMAKER M-SOFT UREA CR. 20G.,฿49.5
MEDMAKER PETROLIUM BABY 50G.(แพ็ค10กระปุก),฿33.5
MEDMAKER PETROLIUM กระปุก 50G.,฿34
3M COLDHOT THERAPY HAPPY KID PACK 2'S,฿189
3M INTERDENTAL BRUSH 3'S(1.0MM)ด้ามงอ,฿132.5
3M MICROPORE 1นิ้วx10หลาx12ม้วน/แพ็ค(มีแท่นตัด),฿49
3M MICROPORE 1นิ้วx10หลาx12ม้วน/แพ็ค.(สีเนื้อ),฿42.75
3M โคแบน เทปพันยืดหยุ่น 2นิ้วx5หลาx1ม้วน(สีเนื้อ),"฿99,999"
3M ไหมขัดฟันมีด้ามFINE SLIDE FLOSSER 30'S,฿35.5
3M.TEGADERM 10x12CM.3ชิ้น/BX.(A2),฿63.5
4 MIX OIL 30'S(สุภาพโอสถ),฿143.5
3M TRANSPORE 1/2นิ้วx5หลาx12ม้วน/แพ็ค,฿201
3M แผ่นซับสิว สีชมพู 12ชิ้น(กลม),฿54.75
AMBES 10MG(AMLOPINE) 10x10'S(GPO),฿97
AMBES 5MG(AMLOPINE) 10x10'S(GPO),฿57
ANTACIL 50x10's (TNP),฿484
AZYCIN 250 MG(AZITHRO) 6'S(GPO),฿70
B-100 COMPLEX (B3-B1-B2-B6)50x1ML(TP.),฿227
BELCID FORTE SUSP 240ML.20ขวด/ลัง,฿34
หน้ากาก NEXT HEALTH 3ชั้น 50'S/BX.(สีชมพู) *P,฿37.5
หน้ากาก NEXT HEALTH 3ชั้น 50'S/BX.(สีดำ) *P,฿37.5
หน้ากาก NEXT HEALTH 3ชั้น 50'S/BX.(สีฟ้า) *P,฿37.5
MEDMAKER PETROLIUM หลอด 50G.,฿34
MEDMAKER U-REPAIR CR. 30G.UREA 20%(U1),฿62
MEDMAKER U-REPAIR CR. 30G.UREA 20%(U2),฿74
MEFAMED (MEFENAMIC 500MG)25x10'S,฿139
MEFAMED 500MG. 500'S(สูตรPONSTAN),฿235
MEGA EUGICA IVY SYRUP 100ML,฿146
MEGA EUGICA MOUTH SPRAY 10ML,฿70
"MEGA FERROTONE 1x10'S(IRON,FOLIC,B12)",฿45
3M COLDHOT THERAPY HAPPY KID PACK 2'S,฿189
3M INTERDENTAL BRUSH 3'S(1.0MM)ด้ามงอ,฿132.5
3M MICROPORE 1นิ้วx10หลาx12ม้วน/แพ็ค(มีแท่นตัด),฿49
3M MICROPORE 1นิ้วx10หลาx12ม้วน/แพ็ค.(สีเนื้อ),฿42.75
3M โคแบน เทปพันยืดหยุ่น 2นิ้วx5หลาx1ม้วน(สีเนื้อ),"฿99,999"
3M ไหมขัดฟันมีด้ามFINE SLIDE FLOSSER 30'S,฿35.5
3M.TEGADERM 10x12CM.3ชิ้น/BX.(A2),฿63.5
4 MIX OIL 30'S(สุภาพโอสถ),฿143.5
3M TRANSPORE 1/2นิ้วx5หลาx12ม้วน/แพ็ค,฿201
3M แผ่นซับสิว สีชมพู 12ชิ้น(กลม),฿54.75
AMBES 10MG(AMLOPINE) 10x10'S(GPO),฿97
AMBES 5MG(AMLOPINE) 10x10'S(GPO),฿57
ANTACIL 50x10's (TNP),฿484
AZYCIN 250 MG(AZITHRO) 6'S(GPO),฿70
B-100 COMPLEX (B3-B1-B2-B6)50x1ML(TP.),฿227
BELCID FORTE SUSP 240ML.20ขวด/ลัง,฿34
หน้ากาก NEXT HEALTH 3ชั้น 50'S/BX.(สีชมพู) *P,฿37.5
หน้ากาก NEXT HEALTH 3ชั้น 50'S/BX.(สีดำ) *P,฿37.5
หน้ากาก NEXT HEALTH 3ชั้น 50'S/BX.(สีฟ้า) *P,฿37.5
MEGA FISH OIL 100'S/กระปุก *P,฿333.75
MEGA GARLIC OIL 100'S(กระเทียม),฿102
MEGA GOFEN LIQUIZ (100MG.)60ML.,฿92.75
MEGA IICARE DAILY 3x10'S/BX.*สูตรใหม่,฿419
MEGA MUCLEAR 10'S(สูตรNACLONG) *P,฿116.75
MEGA NAT MAG 30'S,฿160
"MEGA NAT-C 1,000MG.30'S.72bt/ลัง *P",฿170
MEGA NUTRIVITA DAILY 1x10'S,฿83.25
3M COLDHOT THERAPY HAPPY KID PACK 2'S,฿189
3M INTERDENTAL BRUSH 3'S(1.0MM)ด้ามงอ,฿132.5
3M MICROPORE 1นิ้วx10หลาx12ม้วน/แพ็ค(มีแท่นตัด),฿49
3M MICROPORE 1นิ้วx10หลาx12ม้วน/แพ็ค.(สีเนื้อ),฿42.75
3M โคแบน เทปพันยืดหยุ่น 2นิ้วx5หลาx1ม้วน(สีเนื้อ),"฿99,999"
3M ไหมขัดฟันมีด้ามFINE SLIDE FLOSSER 30'S,฿35.5
3M.TEGADERM 10x12CM.3ชิ้น/BX.(A2),฿63.5
4 MIX OIL 30'S(สุภาพโอสถ),฿143.5
3M TRANSPORE 1/2นิ้วx5หลาx12ม้วน/แพ็ค,฿201
3M แผ่นซับสิว สีชมพู 12ชิ้น(กลม),฿54.75
AMBES 10MG(AMLOPINE) 10x10'S(GPO),฿97
AMBES 5MG(AMLOPINE) 10x10'S(GPO),฿57
ANTACIL 50x10's (TNP),฿484
AZYCIN 250 MG(AZITHRO) 6'S(GPO),฿70
B-100 COMPLEX (B3-B1-B2-B6)50x1ML(TP.),฿227
BELCID FORTE SUSP 240ML.20ขวด/ลัง,฿34
หน้ากาก NEXT HEALTH 3ชั้น 50'S/BX.(สีชมพู) *P,฿37.5
หน้ากาก NEXT HEALTH 3ชั้น 50'S/BX.(สีดำ) *P,฿37.5
หน้ากาก NEXT HEALTH 3ชั้น 50'S/BX.(สีฟ้า) *P,฿37.5
MEGA ZINCOMIN 60'S/ขวด,฿208
MELODIA 21'S(สูตรYASMIN),฿243
MERISLON 6MG.3x10'S.,฿58.5
MESIN 50x2'S(ALBENDAZOLE)เมดไลน์,฿425
MESLON 10x10'S 500MG.สูตรDAFLON,฿319.75
MESONE CREAM 5G.(BETAMET 1MG.)AU,฿13.75
METFORMIN 500MG.50x10'S(สหแพทย์),฿176.5
METFORMIN 500MG.50x10'S.(GPO),฿285
3M COLDHOT THERAPY HAPPY KID PACK 2'S,฿189
3M INTERDENTAL BRUSH 3'S(1.0MM)ด้ามงอ,฿132.5
3M MICROPORE 1นิ้วx10หลาx12ม้วน/แพ็ค(มีแท่นตัด),฿49
3M MICROPORE 1นิ้วx10หลาx12ม้วน/แพ็ค.(สีเนื้อ),฿42.75
3M โคแบน เทปพันยืดหยุ่น 2นิ้วx5หลาx1ม้วน(สีเนื้อ),"฿99,999"
3M ไหมขัดฟันมีด้ามFINE SLIDE FLOSSER 30'S,฿35.5
3M.TEGADERM 10x12CM.3ชิ้น/BX.(A2),฿63.5
4 MIX OIL 30'S(สุภาพโอสถ),฿143.5
3M TRANSPORE 1/2นิ้วx5หลาx12ม้วน/แพ็ค,฿201
3M แผ่นซับสิว สีชมพู 12ชิ้น(กลม),฿54.75
AMBES 10MG(AMLOPINE) 10x10'S(GPO),฿97
AMBES 5MG(AMLOPINE) 10x10'S(GPO),฿57
ANTACIL 50x10's (TNP),฿484
AZYCIN 250 MG(AZITHRO) 6'S(GPO),฿70
B-100 COMPLEX (B3-B1-B2-B6)50x1ML(TP.),฿227
BELCID FORTE SUSP 240ML.20ขวด/ลัง,฿34
หน้ากาก NEXT HEALTH 3ชั้น 50'S/BX.(สีชมพู) *P,฿37.5
หน้ากาก NEXT HEALTH 3ชั้น 50'S/BX.(สีดำ) *P,฿37.5
หน้ากาก NEXT HEALTH 3ชั้น 50'S/BX.(สีฟ้า) *P,฿37.5
METFORMIN 850MG. 50x10'S(สหแพทย์),฿227
METZODIN NASAL SPAY 10ML(สูตรOTRIVIN),฿48
MINNY 21 (สูตรMERCILON)แพ็ค/10แผง,฿87.5
MINNY 28 (สูตรMERCILON) แพ็ค/10แผง,฿87.5
MINOZ 28'S (MILLIMED) 12แผง/แพ็ค,฿73
MIRACID 20MG. 10x10'S/BX.*ใหม่,฿172.75
MIRACID 20MG.14'S. 100BX/ลัง,฿32.75
MIRAX-M 10x10'S(DOMPERIDONE)BERLIN,฿59.75
3M COLDHOT THERAPY HAPPY KID PACK 2'S,฿189
3M INTERDENTAL BRUSH 3'S(1.0MM)ด้ามงอ,฿132.5
3M MICROPORE 1นิ้วx10หลาx12ม้วน/แพ็ค(มีแท่นตัด),฿49
3M MICROPORE 1นิ้วx10หลาx12ม้วน/แพ็ค.(สีเนื้อ),฿42.75
3M โคแบน เทปพันยืดหยุ่น 2นิ้วx5หลาx1ม้วน(สีเนื้อ),"฿99,999"
3M ไหมขัดฟันมีด้ามFINE SLIDE FLOSSER 30'S,฿35.5
3M.TEGADERM 10x12CM.3ชิ้น/BX.(A2),฿63.5
4 MIX OIL 30'S(สุภาพโอสถ),฿143.5
3M TRANSPORE 1/2นิ้วx5หลาx12ม้วน/แพ็ค,฿201
3M แผ่นซับสิว สีชมพู 12ชิ้น(กลม),฿54.75
AMBES 10MG(AMLOPINE) 10x10'S(GPO),฿97
AMBES 5MG(AMLOPINE) 10x10'S(GPO),฿57
ANTACIL 50x10's (TNP),฿484
AZYCIN 250 MG(AZITHRO) 6'S(GPO),฿70
B-100 COMPLEX (B3-B1-B2-B6)50x1ML(TP.),฿227
BELCID FORTE SUSP 240ML.20ขวด/ลัง,฿34
หน้ากาก NEXT HEALTH 3ชั้น 50'S/BX.(สีชมพู) *P,฿37.5
หน้ากาก NEXT HEALTH 3ชั้น 50'S/BX.(สีดำ) *P,฿37.5
หน้ากาก NEXT HEALTH 3ชั้น 50'S/BX.(สีฟ้า) *P,฿37.5
MODUZOLE 1x14'S (OMEPLAZOLE)HK.,฿18
MOM MILK OF MAGNESIA 240ML.(GPO),฿36
MOM MILK OF MAGNESIA 450ML.(GPO),฿52
MOMETASONE GPO 0.1% CREAM 15G.,฿59.5
MOMETASONE GPO 0.1% CREAM 5G.,฿30.5
MONOLIN 20MG.10x10'S,฿135
MONOLIN 20MG.SR 3x10'S(ISMN.),฿88
MONOLIN 60MG.SR 3x10'S(ISOSORBIDE),฿203.5
3M COLDHOT THERAPY HAPPY KID PACK 2'S,฿189
3M INTERDENTAL BRUSH 3'S(1.0MM)ด้ามงอ,฿132.5
3M MICROPORE 1นิ้วx10หลาx12ม้วน/แพ็ค(มีแท่นตัด),฿49
3M MICROPORE 1นิ้วx10หลาx12ม้วน/แพ็ค.(สีเนื้อ),฿42.75
3M โคแบน เทปพันยืดหยุ่น 2นิ้วx5หลาx1ม้วน(สีเนื้อ),"฿99,999"
3M ไหมขัดฟันมีด้ามFINE SLIDE FLOSSER 30'S,฿35.5
3M.TEGADERM 10x12CM.3ชิ้น/BX.(A2),฿63.5
4 MIX OIL 30'S(สุภาพโอสถ),฿143.5
3M TRANSPORE 1/2นิ้วx5หลาx12ม้วน/แพ็ค,฿201
3M แผ่นซับสิว สีชมพู 12ชิ้น(กลม),฿54.75
AMBES 10MG(AMLOPINE) 10x10'S(GPO),฿97
AMBES 5MG(AMLOPINE) 10x10'S(GPO),฿57
ANTACIL 50x10's (TNP),฿484
AZYCIN 250 MG(AZITHRO) 6'S(GPO),฿70
B-100 COMPLEX (B3-B1-B2-B6)50x1ML(TP.),฿227
BELCID FORTE SUSP 240ML.20ขวด/ลัง,฿34
หน้ากาก NEXT HEALTH 3ชั้น 50'S/BX.(สีชมพู) *P,฿37.5
หน้ากาก NEXT HEALTH 3ชั้น 50'S/BX.(สีดำ) *P,฿37.5
หน้ากาก NEXT HEALTH 3ชั้น 50'S/BX.(สีฟ้า) *P,฿37.5
MONTIGET TABLETS 10MG. 14'S(SINGULAIR),฿75
MONUROL 3G.x1'S/BX.(FOSFOMYCIN)ZAMBON,฿384
MOXIFLOX GPO 5'S(MOXIFLOXACIN 400MG.),฿249
MOXIPHARM 50x10'S(AMOXY 500)สหแพทย์,฿490
MUCILIN ORANGE 5G.x30'S/BX(ใหม่)(BERLIN),฿244
MUCILIN-SF MIXED BERRY 5G.x10ซอง/BX.,฿87.25
MUCILIN-SF ORANGE 5G.x10ซอง/BX.,฿87.25
MUCOSTAR SYRUP 60ML(AMBROXOL)7ดาว,฿21
3M COLDHOT THERAPY HAPPY KID PACK 2'S,฿189
3M INTERDENTAL BRUSH 3'S(1.0MM)ด้ามงอ,฿132.5
3M MICROPORE 1นิ้วx10หลาx12ม้วน/แพ็ค(มีแท่นตัด),฿49
3M MICROPORE 1นิ้วx10หลาx12ม้วน/แพ็ค.(สีเนื้อ),฿42.75
3M โคแบน เทปพันยืดหยุ่น 2นิ้วx5หลาx1ม้วน(สีเนื้อ),"฿99,999"
3M ไหมขัดฟันมีด้ามFINE SLIDE FLOSSER 30'S,฿35.5
3M.TEGADERM 10x12CM.3ชิ้น/BX.(A2),฿63.5
4 MIX OIL 30'S(สุภาพโอสถ),฿143.5
3M TRANSPORE 1/2นิ้วx5หลาx12ม้วน/แพ็ค,฿201
3M แผ่นซับสิว สีชมพู 12ชิ้น(กลม),฿54.75
AMBES 10MG(AMLOPINE) 10x10'S(GPO),฿97
AMBES 5MG(AMLOPINE) 10x10'S(GPO),฿57
ANTACIL 50x10's (TNP),฿484
AZYCIN 250 MG(AZITHRO) 6'S(GPO),฿70
B-100 COMPLEX (B3-B1-B2-B6)50x1ML(TP.),฿227
BELCID FORTE SUSP 240ML.20ขวด/ลัง,฿34
หน้ากาก NEXT HEALTH 3ชั้น 50'S/BX.(สีชมพู) *P,฿37.5
หน้ากาก NEXT HEALTH 3ชั้น 50'S/BX.(สีดำ) *P,฿37.5
หน้ากาก NEXT HEALTH 3ชั้น 50'S/BX.(สีฟ้า) *P,฿37.5
MULTICAP 10x10'S(SPS),฿200
MULTIVITAMIN SYRUP 60ML(LSP),฿17.5
MYBACIN ZINC น้ำผึ้งมะนาว 140x10'S/BX.,฿7.5
MYDA ROMA CREAM 5G.(BETA+CLOTRI)TMAN,฿22.5
MYDA-BS CR.15G.(BETA+CLOTRI),฿33.5
MYDOCALM 50MG.1x10'S/BX.(TOLPERISONE),฿18.75
MYMOL 100'S/ขวด(PARA 500MG.) เม็ดรี,฿36.5
MYMOL PARA 500MG.100'S(ฟ้า-ขาว)ลัง 20โหล,฿20
3M COLDHOT THERAPY HAPPY KID PACK 2'S,฿189
3M INTERDENTAL BRUSH 3'S(1.0MM)ด้ามงอ,฿132.5
3M MICROPORE 1นิ้วx10หลาx12ม้วน/แพ็ค(มีแท่นตัด),฿49
3M MICROPORE 1นิ้วx10หลาx12ม้วน/แพ็ค.(สีเนื้อ),฿42.75
3M โคแบน เทปพันยืดหยุ่น 2นิ้วx5หลาx1ม้วน(สีเนื้อ),"฿99,999"
3M ไหมขัดฟันมีด้ามFINE SLIDE FLOSSER 30'S,฿35.5
3M.TEGADERM 10x12CM.3ชิ้น/BX.(A2),฿63.5
4 MIX OIL 30'S(สุภาพโอสถ),฿143.5
3M TRANSPORE 1/2นิ้วx5หลาx12ม้วน/แพ็ค,฿201
3M แผ่นซับสิว สีชมพู 12ชิ้น(กลม),฿54.75
AMBES 10MG(AMLOPINE) 10x10'S(GPO),฿97
AMBES 5MG(AMLOPINE) 10x10'S(GPO),฿57
ANTACIL 50x10's (TNP),฿484
AZYCIN 250 MG(AZITHRO) 6'S(GPO),฿70
B-100 COMPLEX (B3-B1-B2-B6)50x1ML(TP.),฿227
BELCID FORTE SUSP 240ML.20ขวด/ลัง,฿34
หน้ากาก NEXT HEALTH 3ชั้น 50'S/BX.(สีชมพู) *P,฿37.5
หน้ากาก NEXT HEALTH 3ชั้น 50'S/BX.(สีดำ) *P,฿37.5
หน้ากาก NEXT HEALTH 3ชั้น 50'S/BX.(สีฟ้า) *P,฿37.5
MYONAL 50MG.3x10'S.(EPERISONE),฿198
M-ZAVIR CREAM 5G.(ACYCLOVIR)2M,฿25.5
N SERIES BRAND 14.5x10CM.12x2'S/BX.(เย็นใหญ่),฿42.75
N SERIES BRAND 7x10CM.12x2'S/BX.(เย็นเล็ก),฿24.5
N SERIES BRAND RED 12'S/BX.(ร้อนเล็ก),฿22.5
NACLONG 600MG(ACETYLCYSTEINE),฿151
NACOXIB-90MG.1x10'S(สูตรARCOXIA),฿69
NACOXIB-90MG.1x5'S/แผง(สูตรARCOXIA),฿47.5
3M COLDHOT THERAPY HAPPY KID PACK 2'S,฿189
3M INTERDENTAL BRUSH 3'S(1.0MM)ด้ามงอ,฿132.5
3M MICROPORE 1นิ้วx10หลาx12ม้วน/แพ็ค(มีแท่นตัด),฿49
3M MICROPORE 1นิ้วx10หลาx12ม้วน/แพ็ค.(สีเนื้อ),฿42.75
3M โคแบน เทปพันยืดหยุ่น 2นิ้วx5หลาx1ม้วน(สีเนื้อ),"฿99,999"
3M ไหมขัดฟันมีด้ามFINE SLIDE FLOSSER 30'S,฿35.5
3M.TEGADERM 10x12CM.3ชิ้น/BX.(A2),฿63.5
4 MIX OIL 30'S(สุภาพโอสถ),฿143.5
3M TRANSPORE 1/2นิ้วx5หลาx12ม้วน/แพ็ค,฿201
3M แผ่นซับสิว สีชมพู 12ชิ้น(กลม),฿54.75
AMBES 10MG(AMLOPINE) 10x10'S(GPO),฿97
AMBES 5MG(AMLOPINE) 10x10'S(GPO),฿57
ANTACIL 50x10's (TNP),฿484
AZYCIN 250 MG(AZITHRO) 6'S(GPO),฿70
B-100 COMPLEX (B3-B1-B2-B6)50x1ML(TP.),฿227
BELCID FORTE SUSP 240ML.20ขวด/ลัง,฿34
หน้ากาก NEXT HEALTH 3ชั้น 50'S/BX.(สีชมพู) *P,฿37.5
หน้ากาก NEXT HEALTH 3ชั้น 50'S/BX.(สีดำ) *P,฿37.5
หน้ากาก NEXT HEALTH 3ชั้น 50'S/BX.(สีฟ้า) *P,฿37.5
NAPHCON-A 15CC.(NAPHASOLINE),฿83
NASACORT AQ.120D(TRIAMCINOLONE),฿443
NASOSPRAY 140 DOSE(MOMETASONE)BERLIN,฿428
NATEAR 10CC. (น้ำตาเทียม),฿85.75
NATEAR UD 0.8MLx28'S/BX.,฿194
NATEAR UD 0.8MLx7'S/BX.,฿56.5
NELAPINE 20MG SR3x10'S(NIFEDIPINE),฿97
NEO RUB ALCOHOL GEL 70% 30ML,฿53
3M COLDHOT THERAPY HAPPY KID PACK 2'S,฿189
3M INTERDENTAL BRUSH 3'S(1.0MM)ด้ามงอ,฿132.5
3M MICROPORE 1นิ้วx10หลาx12ม้วน/แพ็ค(มีแท่นตัด),฿49
3M MICROPORE 1นิ้วx10หลาx12ม้วน/แพ็ค.(สีเนื้อ),฿42.75
3M โคแบน เทปพันยืดหยุ่น 2นิ้วx5หลาx1ม้วน(สีเนื้อ),"฿99,999"
3M ไหมขัดฟันมีด้ามFINE SLIDE FLOSSER 30'S,฿35.5
3M.TEGADERM 10x12CM.3ชิ้น/BX.(A2),฿63.5
4 MIX OIL 30'S(สุภาพโอสถ),฿143.5
3M TRANSPORE 1/2นิ้วx5หลาx12ม้วน/แพ็ค,฿201
3M แผ่นซับสิว สีชมพู 12ชิ้น(กลม),฿54.75
AMBES 10MG(AMLOPINE) 10x10'S(GPO),฿97
AMBES 5MG(AMLOPINE) 10x10'S(GPO),฿57
ANTACIL 50x10's (TNP),฿484
AZYCIN 250 MG(AZITHRO) 6'S(GPO),฿70
B-100 COMPLEX (B3-B1-B2-B6)50x1ML(TP.),฿227
BELCID FORTE SUSP 240ML.20ขวด/ลัง,฿34
หน้ากาก NEXT HEALTH 3ชั้น 50'S/BX.(สีชมพู) *P,฿37.5
หน้ากาก NEXT HEALTH 3ชั้น 50'S/BX.(สีดำ) *P,฿37.5
หน้ากาก NEXT HEALTH 3ชั้น 50'S/BX.(สีฟ้า) *P,฿37.5
NEOBUN PLASTER 20x10'S(แพ็คเกจใหม่),฿354
NEOLOR 5MG. 10x10'S (สูตรAERIUS) EXP10-2026,฿403.5
NEOPLAST-S ผ้ายืด100'S/BX.,฿38.75
NEUROBION  6x10'S./กล่อง*แพ็คใหม่,฿268
NEXIUM 20MG.2x7'S/BX,฿510
NICORETTE COOL MINT 2MG. 15'S./BX.,฿105
NICORETTE COOL MINT 4MG. 15'S./BX.,฿156
NIZORAL SHAMPOO. 200ML.,฿346.5
3M COLDHOT THERAPY HAPPY KID PACK 2'S,฿189
3M INTERDENTAL BRUSH 3'S(1.0MM)ด้ามงอ,฿132.5
3M MICROPORE 1นิ้วx10หลาx12ม้วน/แพ็ค(มีแท่นตัด),฿49
3M MICROPORE 1นิ้วx10หลาx12ม้วน/แพ็ค.(สีเนื้อ),฿42.75
3M โคแบน เทปพันยืดหยุ่น 2นิ้วx5หลาx1ม้วน(สีเนื้อ),"฿99,999"
3M ไหมขัดฟันมีด้ามFINE SLIDE FLOSSER 30'S,฿35.5
3M.TEGADERM 10x12CM.3ชิ้น/BX.(A2),฿63.5
4 MIX OIL 30'S(สุภาพโอสถ),฿143.5
3M TRANSPORE 1/2นิ้วx5หลาx12ม้วน/แพ็ค,฿201
3M แผ่นซับสิว สีชมพู 12ชิ้น(กลม),฿54.75
AMBES 10MG(AMLOPINE) 10x10'S(GPO),฿97
AMBES 5MG(AMLOPINE) 10x10'S(GPO),฿57
ANTACIL 50x10's (TNP),฿484
AZYCIN 250 MG(AZITHRO) 6'S(GPO),฿70
B-100 COMPLEX (B3-B1-B2-B6)50x1ML(TP.),฿227
BELCID FORTE SUSP 240ML.20ขวด/ลัง,฿34
หน้ากาก NEXT HEALTH 3ชั้น 50'S/BX.(สีชมพู) *P,฿37.5
หน้ากาก NEXT HEALTH 3ชั้น 50'S/BX.(สีดำ) *P,฿37.5
หน้ากาก NEXT HEALTH 3ชั้น 50'S/BX.(สีฟ้า) *P,฿37.5
NIZORAL SHAMPOO.100CC.กลาง,฿192.5
NIZORAL SHAMPOO.50CC.เล็ก /ขวด,฿112.75
NORA CR.5G (KETOCONAZOLE 2%)TNP.,฿23.75
NORCA 10x10(สูตร PRIMOLUT-N),฿217.5
NORGESIC 2x10'S.(แพ็คละ20กล่อง),฿57.5
NORXACIN 400MG.1X8'S(SIAM) NORFLOX,฿42.5
NOSMEN 120MG.1x5'S(สูตรARCOXIA),฿83
NOVYNETTE 21'S(สูตร MERCILON),฿72
3M COLDHOT THERAPY HAPPY KID PACK 2'S,฿189
3M INTERDENTAL BRUSH 3'S(1.0MM)ด้ามงอ,฿132.5
3M MICROPORE 1นิ้วx10หลาx12ม้วน/แพ็ค(มีแท่นตัด),฿49
3M MICROPORE 1นิ้วx10หลาx12ม้วน/แพ็ค.(สีเนื้อ),฿42.75
3M โคแบน เทปพันยืดหยุ่น 2นิ้วx5หลาx1ม้วน(สีเนื้อ),"฿99,999"
3M ไหมขัดฟันมีด้ามFINE SLIDE FLOSSER 30'S,฿35.5
3M.TEGADERM 10x12CM.3ชิ้น/BX.(A2),฿63.5
4 MIX OIL 30'S(สุภาพโอสถ),฿143.5
3M TRANSPORE 1/2นิ้วx5หลาx12ม้วน/แพ็ค,฿201
3M แผ่นซับสิว สีชมพู 12ชิ้น(กลม),฿54.75
AMBES 10MG(AMLOPINE) 10x10'S(GPO),฿97
AMBES 5MG(AMLOPINE) 10x10'S(GPO),฿57
ANTACIL 50x10's (TNP),฿484
AZYCIN 250 MG(AZITHRO) 6'S(GPO),฿70
B-100 COMPLEX (B3-B1-B2-B6)50x1ML(TP.),฿227
BELCID FORTE SUSP 240ML.20ขวด/ลัง,฿34
หน้ากาก NEXT HEALTH 3ชั้น 50'S/BX.(สีชมพู) *P,฿37.5
หน้ากาก NEXT HEALTH 3ชั้น 50'S/BX.(สีดำ) *P,฿37.5
หน้ากาก NEXT HEALTH 3ชั้น 50'S/BX.(สีฟ้า) *P,฿37.5
NOX SPAY 60CC.,฿79.5
NOX-PAIN CREAM 25G.(T.MAN),฿18.75
NUROFEN 60CC.(IBUPROFEN)*ใหม่,฿115
OC-35 (สูตร DIAN35)แพ็ค 20แผง,฿86.5
OCID 1x10'S/BX.(OMEPRAZOLE 20MG.)PML,฿17.75
OILEZZ 22'S./แผง,฿259
OMEPRAZOLE GPO 10x10'S/กล่อง 24/ลัง,฿61.5
OMNIFEN 60ML.รสส้ม(IBUPROFEN)(HK),฿14
3M COLDHOT THERAPY HAPPY KID PACK 2'S,฿189
3M INTERDENTAL BRUSH 3'S(1.0MM)ด้ามงอ,฿132.5
3M MICROPORE 1นิ้วx10หลาx12ม้วน/แพ็ค(มีแท่นตัด),฿49
3M MICROPORE 1นิ้วx10หลาx12ม้วน/แพ็ค.(สีเนื้อ),฿42.75
3M โคแบน เทปพันยืดหยุ่น 2นิ้วx5หลาx1ม้วน(สีเนื้อ),"฿99,999"
3M ไหมขัดฟันมีด้ามFINE SLIDE FLOSSER 30'S,฿35.5
3M.TEGADERM 10x12CM.3ชิ้น/BX.(A2),฿63.5
4 MIX OIL 30'S(สุภาพโอสถ),฿143.5
3M TRANSPORE 1/2นิ้วx5หลาx12ม้วน/แพ็ค,฿201
3M แผ่นซับสิว สีชมพู 12ชิ้น(กลม),฿54.75
AMBES 10MG(AMLOPINE) 10x10'S(GPO),฿97
AMBES 5MG(AMLOPINE) 10x10'S(GPO),฿57
ANTACIL 50x10's (TNP),฿484
AZYCIN 250 MG(AZITHRO) 6'S(GPO),฿70
B-100 COMPLEX (B3-B1-B2-B6)50x1ML(TP.),฿227
BELCID FORTE SUSP 240ML.20ขวด/ลัง,฿34
หน้ากาก NEXT HEALTH 3ชั้น 50'S/BX.(สีชมพู) *P,฿37.5
หน้ากาก NEXT HEALTH 3ชั้น 50'S/BX.(สีดำ) *P,฿37.5
หน้ากาก NEXT HEALTH 3ชั้น 50'S/BX.(สีฟ้า) *P,฿37.5
OMNIFEN 60ML.สตอเบอรี่(IBUPROFEN)(HK),฿14
ONE GERD COOL MINT 10ML.x12'S/BX.(RX),฿113.75
ONE LORA 60ML.(สูตรAERIUS)RX,฿78.75
OP-IZE EYE WASH 110ML(A.N.B),฿28.5
OPSARDEX 5ML(DEXA+NEOMYCIN),฿22.5
OPSIL-A ED.10CC./ขวด,฿33
OPSIL-TEARS 10 ML.,฿35.5
OPTIVE EYE DROP 15ML.EXP.12/2026,฿137
3M COLDHOT THERAPY HAPPY KID PACK 2'S,฿189
3M INTERDENTAL BRUSH 3'S(1.0MM)ด้ามงอ,฿132.5
3M MICROPORE 1นิ้วx10หลาx12ม้วน/แพ็ค(มีแท่นตัด),฿49
3M MICROPORE 1นิ้วx10หลาx12ม้วน/แพ็ค.(สีเนื้อ),฿42.75
3M โคแบน เทปพันยืดหยุ่น 2นิ้วx5หลาx1ม้วน(สีเนื้อ),"฿99,999"
3M ไหมขัดฟันมีด้ามFINE SLIDE FLOSSER 30'S,฿35.5
3M.TEGADERM 10x12CM.3ชิ้น/BX.(A2),฿63.5
4 MIX OIL 30'S(สุภาพโอสถ),฿143.5
3M TRANSPORE 1/2นิ้วx5หลาx12ม้วน/แพ็ค,฿201
3M แผ่นซับสิว สีชมพู 12ชิ้น(กลม),฿54.75
AMBES 10MG(AMLOPINE) 10x10'S(GPO),฿97
AMBES 5MG(AMLOPINE) 10x10'S(GPO),฿57
ANTACIL 50x10's (TNP),฿484
AZYCIN 250 MG(AZITHRO) 6'S(GPO),฿70
B-100 COMPLEX (B3-B1-B2-B6)50x1ML(TP.),฿227
BELCID FORTE SUSP 240ML.20ขวด/ลัง,฿34
หน้ากาก NEXT HEALTH 3ชั้น 50'S/BX.(สีชมพู) *P,฿37.5
หน้ากาก NEXT HEALTH 3ชั้น 50'S/BX.(สีดำ) *P,฿37.5
หน้ากาก NEXT HEALTH 3ชั้น 50'S/BX.(สีฟ้า) *P,฿37.5
OUTCOME LICE แชมพูฆ่าเหา 60ML/ขวด*ใหม่,฿118.5
PARATEMP(PARA 500MG.)10x10'S/BX.(ยันฮี),฿74.25
PCL COVID19 ANTIGRN AG GOLD SA 1ชุด,฿240
PERSKINDOL COOL GEL 100G.(น้ำเงิน),฿176
PERSKINDOL COOL SPRAY 250ML/กป.(น้ำเงิน),฿193
PERSKINDOL GEL 100G./หลอด(เหลือง),฿185
PERSKINDOL SPRAY 150CC.เหลือง,฿218.5
PLAIVANA ไพลวาน่า ครีมนวด 100G.,฿185
3M COLDHOT THERAPY HAPPY KID PACK 2'S,฿189
3M INTERDENTAL BRUSH 3'S(1.0MM)ด้ามงอ,฿132.5
3M MICROPORE 1นิ้วx10หลาx12ม้วน/แพ็ค(มีแท่นตัด),฿49
3M MICROPORE 1นิ้วx10หลาx12ม้วน/แพ็ค.(สีเนื้อ),฿42.75
3M โคแบน เทปพันยืดหยุ่น 2นิ้วx5หลาx1ม้วน(สีเนื้อ),"฿99,999"
3M ไหมขัดฟันมีด้ามFINE SLIDE FLOSSER 30'S,฿35.5
3M.TEGADERM 10x12CM.3ชิ้น/BX.(A2),฿63.5
4 MIX OIL 30'S(สุภาพโอสถ),฿143.5
3M TRANSPORE 1/2นิ้วx5หลาx12ม้วน/แพ็ค,฿201
3M แผ่นซับสิว สีชมพู 12ชิ้น(กลม),฿54.75
AMBES 10MG(AMLOPINE) 10x10'S(GPO),฿97
AMBES 5MG(AMLOPINE) 10x10'S(GPO),฿57
ANTACIL 50x10's (TNP),฿484
AZYCIN 250 MG(AZITHRO) 6'S(GPO),฿70
B-100 COMPLEX (B3-B1-B2-B6)50x1ML(TP.),฿227
BELCID FORTE SUSP 240ML.20ขวด/ลัง,฿34
หน้ากาก NEXT HEALTH 3ชั้น 50'S/BX.(สีชมพู) *P,฿37.5
หน้ากาก NEXT HEALTH 3ชั้น 50'S/BX.(สีดำ) *P,฿37.5
หน้ากาก NEXT HEALTH 3ชั้น 50'S/BX.(สีฟ้า) *P,฿37.5
PLU-LIS MOUTH KIDS MOUTH SPRAY 15ML.(ส้ม),฿115.75
PLU-LIS MOUTH MAX MOUTH SPRAY 15ML.(น้ำเงิน),฿115.75
PLU-LIS MOUTH SPRAY 15ML.,฿110.5
POLICOXIA 90MG. 3x10'S(สูตรARCOXIA),฿161
POLIDENT CR.60G.เฟรชมินท์/หลอด,฿216
POLILERGY 1x10'S/BX.(สูตรXYZAL) LEVOCET.,฿51
PONSTAN 500MG. 25x10'S(มีกล่อง),"฿1,068"
POVIDINE 30MLx12ขวด/กล่อง(สูตรBETADINE)VS,฿15.75
3M COLDHOT THERAPY HAPPY KID PACK 2'S,฿189
3M INTERDENTAL BRUSH 3'S(1.0MM)ด้ามงอ,฿132.5
3M MICROPORE 1นิ้วx10หลาx12ม้วน/แพ็ค(มีแท่นตัด),฿49
3M MICROPORE 1นิ้วx10หลาx12ม้วน/แพ็ค.(สีเนื้อ),฿42.75
3M โคแบน เทปพันยืดหยุ่น 2นิ้วx5หลาx1ม้วน(สีเนื้อ),"฿99,999"
3M ไหมขัดฟันมีด้ามFINE SLIDE FLOSSER 30'S,฿35.5
3M.TEGADERM 10x12CM.3ชิ้น/BX.(A2),฿63.5
4 MIX OIL 30'S(สุภาพโอสถ),฿143.5
3M TRANSPORE 1/2นิ้วx5หลาx12ม้วน/แพ็ค,฿201
3M แผ่นซับสิว สีชมพู 12ชิ้น(กลม),฿54.75
AMBES 10MG(AMLOPINE) 10x10'S(GPO),฿97
AMBES 5MG(AMLOPINE) 10x10'S(GPO),฿57
ANTACIL 50x10's (TNP),฿484
AZYCIN 250 MG(AZITHRO) 6'S(GPO),฿70
B-100 COMPLEX (B3-B1-B2-B6)50x1ML(TP.),฿227
BELCID FORTE SUSP 240ML.20ขวด/ลัง,฿34
หน้ากาก NEXT HEALTH 3ชั้น 50'S/BX.(สีชมพู) *P,฿37.5
หน้ากาก NEXT HEALTH 3ชั้น 50'S/BX.(สีดำ) *P,฿37.5
หน้ากาก NEXT HEALTH 3ชั้น 50'S/BX.(สีฟ้า) *P,฿37.5
POX109 10'S 40.-/กล่อง(H.K.),฿21.75
PRED FORTE 1% 5CC./ขวด,฿89
PREGAINE SHAMPOO 200CC.,฿149.75
PRENOLOL 100MG.10x10'S.(ATENOLOL),฿96.75
PRENOLOL 50MG.10x10'S.(ATENOLOL),฿52.75
PREVENTIVE.LIFE O-PLUS ส้ม120ML.,฿47.5
PROPOLIZ SPRAY 15MLสูตรดั้งเดิม (T.MAN),฿84.75
PROZONE 50x10'S(IBUPROFEN 400MG.)AU,฿255
3M COLDHOT THERAPY HAPPY KID PACK 2'S,฿189
3M INTERDENTAL BRUSH 3'S(1.0MM)ด้ามงอ,฿132.5
3M MICROPORE 1นิ้วx10หลาx12ม้วน/แพ็ค(มีแท่นตัด),฿49
3M MICROPORE 1นิ้วx10หลาx12ม้วน/แพ็ค.(สีเนื้อ),฿42.75
3M โคแบน เทปพันยืดหยุ่น 2นิ้วx5หลาx1ม้วน(สีเนื้อ),"฿99,999"
3M ไหมขัดฟันมีด้ามFINE SLIDE FLOSSER 30'S,฿35.5
3M.TEGADERM 10x12CM.3ชิ้น/BX.(A2),฿63.5
4 MIX OIL 30'S(สุภาพโอสถ),฿143.5
3M TRANSPORE 1/2นิ้วx5หลาx12ม้วน/แพ็ค,฿201
3M แผ่นซับสิว สีชมพู 12ชิ้น(กลม),฿54.75
AMBES 10MG(AMLOPINE) 10x10'S(GPO),฿97
AMBES 5MG(AMLOPINE) 10x10'S(GPO),฿57
ANTACIL 50x10's (TNP),฿484
AZYCIN 250 MG(AZITHRO) 6'S(GPO),฿70
B-100 COMPLEX (B3-B1-B2-B6)50x1ML(TP.),฿227
BELCID FORTE SUSP 240ML.20ขวด/ลัง,฿34
หน้ากาก NEXT HEALTH 3ชั้น 50'S/BX.(สีชมพู) *P,฿37.5
หน้ากาก NEXT HEALTH 3ชั้น 50'S/BX.(สีดำ) *P,฿37.5
หน้ากาก NEXT HEALTH 3ชั้น 50'S/BX.(สีฟ้า) *P,฿37.5
PUDIN HARA 10x10'S/BX.ลัง 30 bx.,฿142.5
"RACSER VISCOUS100ML(xylocaine,lidocaine)",฿262.75
RALEXA 50MG.3x10'S(สูตรMYONAL)PLATINUM,฿69.75
RE-B FORTE 10x10'S(UNISON),฿325
REDUCOF SUGAR FREE 10'S/BX.,฿55.5
RENU MULTIPLUS-กลาง.120CC.*ใหม่,฿73
RENU MULTIPLUS-ญ.355CC.*ใหม่,฿119
RENU MULTIPLUS-ล.60CC./ขวด,฿50
3M COLDHOT THERAPY HAPPY KID PACK 2'S,฿189
3M INTERDENTAL BRUSH 3'S(1.0MM)ด้ามงอ,฿132.5
3M MICROPORE 1นิ้วx10หลาx12ม้วน/แพ็ค(มีแท่นตัด),฿49
3M MICROPORE 1นิ้วx10หลาx12ม้วน/แพ็ค.(สีเนื้อ),฿42.75
3M โคแบน เทปพันยืดหยุ่น 2นิ้วx5หลาx1ม้วน(สีเนื้อ),"฿99,999"
3M ไหมขัดฟันมีด้ามFINE SLIDE FLOSSER 30'S,฿35.5
3M.TEGADERM 10x12CM.3ชิ้น/BX.(A2),฿63.5
4 MIX OIL 30'S(สุภาพโอสถ),฿143.5
3M TRANSPORE 1/2นิ้วx5หลาx12ม้วน/แพ็ค,฿201
3M แผ่นซับสิว สีชมพู 12ชิ้น(กลม),฿54.75
AMBES 10MG(AMLOPINE) 10x10'S(GPO),฿97
AMBES 5MG(AMLOPINE) 10x10'S(GPO),฿57
ANTACIL 50x10's (TNP),฿484
AZYCIN 250 MG(AZITHRO) 6'S(GPO),฿70
B-100 COMPLEX (B3-B1-B2-B6)50x1ML(TP.),฿227
BELCID FORTE SUSP 240ML.20ขวด/ลัง,฿34
หน้ากาก NEXT HEALTH 3ชั้น 50'S/BX.(สีชมพู) *P,฿37.5
หน้ากาก NEXT HEALTH 3ชั้น 50'S/BX.(สีดำ) *P,฿37.5
หน้ากาก NEXT HEALTH 3ชั้น 50'S/BX.(สีฟ้า) *P,฿37.5
RHINATHIOL KIDS 60CC./ขวด(CARBO)EXP.10/26,฿52.75
RHINOBUN PLASTER 20x10'S/BX,฿252
RHINOCORT AQUA 64MCG./ขวด,฿316
ROBERT-เล็ก 2OZ.,฿48.5
ROSETTA 10MG. 3x10'S(สูตรCRESTOR)BERLIN,฿262
ROSETTA 20MG. 3x10'S(สูตรCRESTOR)BERLIN,฿288
ROXCIN 150MG.10x10'S(ROXITROMYCIN),฿183
ROYAL-D 50'S x 25G./BX. 12BX/ลัง(รสผลไม้รวม),฿158.75
3M COLDHOT THERAPY HAPPY KID PACK 2'S,฿189
3M INTERDENTAL BRUSH 3'S(1.0MM)ด้ามงอ,฿132.5
3M MICROPORE 1นิ้วx10หลาx12ม้วน/แพ็ค(มีแท่นตัด),฿49
3M MICROPORE 1นิ้วx10หลาx12ม้วน/แพ็ค.(สีเนื้อ),฿42.75
3M โคแบน เทปพันยืดหยุ่น 2นิ้วx5หลาx1ม้วน(สีเนื้อ),"฿99,999"
3M ไหมขัดฟันมีด้ามFINE SLIDE FLOSSER 30'S,฿35.5
3M.TEGADERM 10x12CM.3ชิ้น/BX.(A2),฿63.5
4 MIX OIL 30'S(สุภาพโอสถ),฿143.5
3M TRANSPORE 1/2นิ้วx5หลาx12ม้วน/แพ็ค,฿201
3M แผ่นซับสิว สีชมพู 12ชิ้น(กลม),฿54.75
AMBES 10MG(AMLOPINE) 10x10'S(GPO),฿97
AMBES 5MG(AMLOPINE) 10x10'S(GPO),฿57
ANTACIL 50x10's (TNP),฿484
AZYCIN 250 MG(AZITHRO) 6'S(GPO),฿70
B-100 COMPLEX (B3-B1-B2-B6)50x1ML(TP.),฿227
BELCID FORTE SUSP 240ML.20ขวด/ลัง,฿34
หน้ากาก NEXT HEALTH 3ชั้น 50'S/BX.(สีชมพู) *P,฿37.5
หน้ากาก NEXT HEALTH 3ชั้น 50'S/BX.(สีดำ) *P,฿37.5
หน้ากาก NEXT HEALTH 3ชั้น 50'S/BX.(สีฟ้า) *P,฿37.5
SALMOL SYRUP 60ML (SALBUTAMOL),฿16.75
SALONPAS 10 ชิ้น(แพ็คคู่1+1),฿30
SALONPAS 10ชิ้นx20กล่อง/แพ็ค *P,฿34.5
SAMARIN 140(SILYMARIN)10x10'S,฿525
SAMARIN 70MG.(SILYMARIN)10x10'S,฿275
SAMBEE 10'S.x100/กล่อง,฿4.5
SARA 500MG.กลม 50'S(ไทยนคร),฿65.5
SEA ORS-HR (รสส้ม)5'S/BX.(SEA PHARM),฿77
3M COLDHOT THERAPY HAPPY KID PACK 2'S,฿189
3M INTERDENTAL BRUSH 3'S(1.0MM)ด้ามงอ,฿132.5
3M MICROPORE 1นิ้วx10หลาx12ม้วน/แพ็ค(มีแท่นตัด),฿49
3M MICROPORE 1นิ้วx10หลาx12ม้วน/แพ็ค.(สีเนื้อ),฿42.75
3M โคแบน เทปพันยืดหยุ่น 2นิ้วx5หลาx1ม้วน(สีเนื้อ),"฿99,999"
3M ไหมขัดฟันมีด้ามFINE SLIDE FLOSSER 30'S,฿35.5
3M.TEGADERM 10x12CM.3ชิ้น/BX.(A2),฿63.5
4 MIX OIL 30'S(สุภาพโอสถ),฿143.5
3M TRANSPORE 1/2นิ้วx5หลาx12ม้วน/แพ็ค,฿201
3M แผ่นซับสิว สีชมพู 12ชิ้น(กลม),฿54.75
AMBES 10MG(AMLOPINE) 10x10'S(GPO),฿97
AMBES 5MG(AMLOPINE) 10x10'S(GPO),฿57
ANTACIL 50x10's (TNP),฿484
AZYCIN 250 MG(AZITHRO) 6'S(GPO),฿70
B-100 COMPLEX (B3-B1-B2-B6)50x1ML(TP.),฿227
BELCID FORTE SUSP 240ML.20ขวด/ลัง,฿34
หน้ากาก NEXT HEALTH 3ชั้น 50'S/BX.(สีชมพู) *P,฿37.5
หน้ากาก NEXT HEALTH 3ชั้น 50'S/BX.(สีดำ) *P,฿37.5
หน้ากาก NEXT HEALTH 3ชั้น 50'S/BX.(สีฟ้า) *P,฿37.5
SEBCA SHAMPOO 100ML(สูตรSELSUN)ABCA,฿96.75
SELEDERM SHAMPOO 30ML(TMAN)สูตร SELSUN,฿27.75
SELEDERM SHAMPOO 60ML(TMAN) สูตร SELSUN,฿47.5
SELFIDE 120ML.(สูตรSELSUN),฿70
SELFIDE 30ML(สูตร SELSUN),฿30
SELFIDE 60ML(สูตร SELSUN),฿47
SELLON SHAMPOO 120ML(สูตร SELSUN),฿107
SELLON SHAMPOO 40ML(สูตร SELSUN),฿53.5
3M COLDHOT THERAPY HAPPY KID PACK 2'S,฿189
3M INTERDENTAL BRUSH 3'S(1.0MM)ด้ามงอ,฿132.5
3M MICROPORE 1นิ้วx10หลาx12ม้วน/แพ็ค(มีแท่นตัด),฿49
3M MICROPORE 1นิ้วx10หลาx12ม้วน/แพ็ค.(สีเนื้อ),฿42.75
3M โคแบน เทปพันยืดหยุ่น 2นิ้วx5หลาx1ม้วน(สีเนื้อ),"฿99,999"
3M ไหมขัดฟันมีด้ามFINE SLIDE FLOSSER 30'S,฿35.5
3M.TEGADERM 10x12CM.3ชิ้น/BX.(A2),฿63.5
4 MIX OIL 30'S(สุภาพโอสถ),฿143.5
3M TRANSPORE 1/2นิ้วx5หลาx12ม้วน/แพ็ค,฿201
3M แผ่นซับสิว สีชมพู 12ชิ้น(กลม),฿54.75
AMBES 10MG(AMLOPINE) 10x10'S(GPO),฿97
AMBES 5MG(AMLOPINE) 10x10'S(GPO),฿57
ANTACIL 50x10's (TNP),฿484
AZYCIN 250 MG(AZITHRO) 6'S(GPO),฿70
B-100 COMPLEX (B3-B1-B2-B6)50x1ML(TP.),฿227
BELCID FORTE SUSP 240ML.20ขวด/ลัง,฿34
หน้ากาก NEXT HEALTH 3ชั้น 50'S/BX.(สีชมพู) *P,฿37.5
หน้ากาก NEXT HEALTH 3ชั้น 50'S/BX.(สีดำ) *P,฿37.5
หน้ากาก NEXT HEALTH 3ชั้น 50'S/BX.(สีฟ้า) *P,฿37.5
SELSUN 120ML.,฿211
SELSUN 30CC.เล็ก,฿82.5
SELSUN 60CC.กลาง/ขวด,฿127.5
SENSI PLUS 100ML(K&K)ล้างเลนส์,฿43.75
SENSI PLUS 500ML(K&K)ล้างเลนส์,฿126.75
SEPTYL ALCOHOL GEL 40G.(BURAPA),฿22
SEPTYL ALCOHOL GEL 420G.หัวปั๊ม(BURAPA),฿98.5
SEVEN SEAS OCEAN GOLD 100CC./ขวด,฿135.75
3M COLDHOT THERAPY HAPPY KID PACK 2'S,฿189
3M INTERDENTAL BRUSH 3'S(1.0MM)ด้ามงอ,฿132.5
3M MICROPORE 1นิ้วx10หลาx12ม้วน/แพ็ค(มีแท่นตัด),฿49
3M MICROPORE 1นิ้วx10หลาx12ม้วน/แพ็ค.(สีเนื้อ),฿42.75
3M โคแบน เทปพันยืดหยุ่น 2นิ้วx5หลาx1ม้วน(สีเนื้อ),"฿99,999"
3M ไหมขัดฟันมีด้ามFINE SLIDE FLOSSER 30'S,฿35.5
3M.TEGADERM 10x12CM.3ชิ้น/BX.(A2),฿63.5
4 MIX OIL 30'S(สุภาพโอสถ),฿143.5
3M TRANSPORE 1/2นิ้วx5หลาx12ม้วน/แพ็ค,฿201
3M แผ่นซับสิว สีชมพู 12ชิ้น(กลม),฿54.75
AMBES 10MG(AMLOPINE) 10x10'S(GPO),฿97
AMBES 5MG(AMLOPINE) 10x10'S(GPO),฿57
ANTACIL 50x10's (TNP),฿484
AZYCIN 250 MG(AZITHRO) 6'S(GPO),฿70
B-100 COMPLEX (B3-B1-B2-B6)50x1ML(TP.),฿227
BELCID FORTE SUSP 240ML.20ขวด/ลัง,฿34
หน้ากาก NEXT HEALTH 3ชั้น 50'S/BX.(สีชมพู) *P,฿37.5
หน้ากาก NEXT HEALTH 3ชั้น 50'S/BX.(สีดำ) *P,฿37.5
หน้ากาก NEXT HEALTH 3ชั้น 50'S/BX.(สีฟ้า) *P,฿37.5
SILVEX CREAM 25G.,฿42.75
SKETOLENE 8G.x12ซอง/BX.(กลิ่นตะไคร้),฿4.5
SKIN CHK ALCOHOL SPRAY 70% 35ML,฿26
SKINOL ALCOHOL SPRAY 75% 18ML(แพ็ค24)วศ.,฿20.75
SMECTA 10'Sx3G./BX.(สตอร์เบอรี่),฿139
SMECTA 10'Sx3G./BX.(ส้ม&วนิลลา),฿139
SOLUFEN 400 10x10'S(IBUPRO)BERLIN,฿425
SOPROXEN 275 10X10'S(NAPROXEN),฿174.5
3M COLDHOT THERAPY HAPPY KID PACK 2'S,฿189
3M INTERDENTAL BRUSH 3'S(1.0MM)ด้ามงอ,฿132.5
3M MICROPORE 1นิ้วx10หลาx12ม้วน/แพ็ค(มีแท่นตัด),฿49
3M MICROPORE 1นิ้วx10หลาx12ม้วน/แพ็ค.(สีเนื้อ),฿42.75
3M โคแบน เทปพันยืดหยุ่น 2นิ้วx5หลาx1ม้วน(สีเนื้อ),"฿99,999"
3M ไหมขัดฟันมีด้ามFINE SLIDE FLOSSER 30'S,฿35.5
3M.TEGADERM 10x12CM.3ชิ้น/BX.(A2),฿63.5
4 MIX OIL 30'S(สุภาพโอสถ),฿143.5
3M TRANSPORE 1/2นิ้วx5หลาx12ม้วน/แพ็ค,฿201
3M แผ่นซับสิว สีชมพู 12ชิ้น(กลม),฿54.75
AMBES 10MG(AMLOPINE) 10x10'S(GPO),฿97
AMBES 5MG(AMLOPINE) 10x10'S(GPO),฿57
ANTACIL 50x10's (TNP),฿484
AZYCIN 250 MG(AZITHRO) 6'S(GPO),฿70
B-100 COMPLEX (B3-B1-B2-B6)50x1ML(TP.),฿227
BELCID FORTE SUSP 240ML.20ขวด/ลัง,฿34
หน้ากาก NEXT HEALTH 3ชั้น 50'S/BX.(สีชมพู) *P,฿37.5
หน้ากาก NEXT HEALTH 3ชั้น 50'S/BX.(สีดำ) *P,฿37.5
หน้ากาก NEXT HEALTH 3ชั้น 50'S/BX.(สีฟ้า) *P,฿37.5
STARDA-BE(CLOTRI+BRTA) 25G.x12'S/BX.(7ดาว),฿54.5
STARMOX FORT 250MG. 60ML.ส้ม(AMOXY)(7ดาว),฿27
STREPSIL-CHESTY 24เม็ด/กล่อง,฿93.75
STREPSIL-CITRUS LEMON.6'S(กล่องละ24ซอง),฿26.5
STREPSIL-COOL 8'S.(กล่องละ24ซอง),฿23.25
STREPSIL-MAXIPLUZZ 16เม็ด/กล่อง,฿99.75
STREPSIL-MAXPRO 8'S(กล่องละ24ซอง),฿73.25
STREPSIL-ORIGINAL 24เม็ด/กล่อง,฿84.25
3M COLDHOT THERAPY HAPPY KID PACK 2'S,฿189
3M INTERDENTAL BRUSH 3'S(1.0MM)ด้ามงอ,฿132.5
3M MICROPORE 1นิ้วx10หลาx12ม้วน/แพ็ค(มีแท่นตัด),฿49
3M MICROPORE 1นิ้วx10หลาx12ม้วน/แพ็ค.(สีเนื้อ),฿42.75
3M โคแบน เทปพันยืดหยุ่น 2นิ้วx5หลาx1ม้วน(สีเนื้อ),"฿99,999"
3M ไหมขัดฟันมีด้ามFINE SLIDE FLOSSER 30'S,฿35.5
3M.TEGADERM 10x12CM.3ชิ้น/BX.(A2),฿63.5
4 MIX OIL 30'S(สุภาพโอสถ),฿143.5
3M TRANSPORE 1/2นิ้วx5หลาx12ม้วน/แพ็ค,฿201
3M แผ่นซับสิว สีชมพู 12ชิ้น(กลม),฿54.75
AMBES 10MG(AMLOPINE) 10x10'S(GPO),฿97
AMBES 5MG(AMLOPINE) 10x10'S(GPO),฿57
ANTACIL 50x10's (TNP),฿484
AZYCIN 250 MG(AZITHRO) 6'S(GPO),฿70
B-100 COMPLEX (B3-B1-B2-B6)50x1ML(TP.),฿227
BELCID FORTE SUSP 240ML.20ขวด/ลัง,฿34
หน้ากาก NEXT HEALTH 3ชั้น 50'S/BX.(สีชมพู) *P,฿37.5
หน้ากาก NEXT HEALTH 3ชั้น 50'S/BX.(สีดำ) *P,฿37.5
หน้ากาก NEXT HEALTH 3ชั้น 50'S/BX.(สีฟ้า) *P,฿37.5
STREPSIL-ORIGINAL 8'S(กล่องละ24ซอง),฿23.25
STREPSIL-น้ำผึ้งมะนาว (8เม็ดx24ซอง/กล่อง),฿26.5
STREPSIL-น้ำผึ้งมะนาว 24เม็ด/กล่องเล็ก,฿84.25
STREPSIL-วิตามินซี (8เม็ดx24ซอง/กล่อง),฿23.25
STREPSIL-วิตามินซี 24เม็ด/กล่องเล็ก,฿84.25
STRONK-K (ถาวร)25'S/BX (ลัง24ก.),฿75
STRONK-K MIXED FRUIT 25'S/Bx.(ลัง24กล่อง),฿75
STUGERON 25MG.3x10'S./BX.,฿85
3M COLDHOT THERAPY HAPPY KID PACK 2'S,฿189
3M INTERDENTAL BRUSH 3'S(1.0MM)ด้ามงอ,฿132.5
3M MICROPORE 1นิ้วx10หลาx12ม้วน/แพ็ค(มีแท่นตัด),฿49
3M MICROPORE 1นิ้วx10หลาx12ม้วน/แพ็ค.(สีเนื้อ),฿42.75
3M โคแบน เทปพันยืดหยุ่น 2นิ้วx5หลาx1ม้วน(สีเนื้อ),"฿99,999"
3M ไหมขัดฟันมีด้ามFINE SLIDE FLOSSER 30'S,฿35.5
3M.TEGADERM 10x12CM.3ชิ้น/BX.(A2),฿63.5
4 MIX OIL 30'S(สุภาพโอสถ),฿143.5
3M TRANSPORE 1/2นิ้วx5หลาx12ม้วน/แพ็ค,฿201
3M แผ่นซับสิว สีชมพู 12ชิ้น(กลม),฿54.75
AMBES 10MG(AMLOPINE) 10x10'S(GPO),฿97
AMBES 5MG(AMLOPINE) 10x10'S(GPO),฿57
ANTACIL 50x10's (TNP),฿484
AZYCIN 250 MG(AZITHRO) 6'S(GPO),฿70
B-100 COMPLEX (B3-B1-B2-B6)50x1ML(TP.),฿227
BELCID FORTE SUSP 240ML.20ขวด/ลัง,฿34
หน้ากาก NEXT HEALTH 3ชั้น 50'S/BX.(สีชมพู) *P,฿37.5
หน้ากาก NEXT HEALTH 3ชั้น 50'S/BX.(สีดำ) *P,฿37.5
หน้ากาก NEXT HEALTH 3ชั้น 50'S/BX.(สีฟ้า) *P,฿37.5
SUBSYDE-CR 2x10'S/BX.(DICLOFENAC 100MG.),฿101
SULIDINE-CP 10x10'S./BX.,฿188
SYNFONIA 28'S (สูตรYAZ),฿274
SYSTRAL CR.10G.(CHLORHENNOXAMINE),฿32
T.MAN LOTION 30ML,฿22.5
T.V.LOTION 30ML,฿16.5
TACINOL 15G.(TRIAM 0.1),฿25.25
TACINOL LOTION 60ML,฿34.5
3M COLDHOT THERAPY HAPPY KID PACK 2'S,฿189
3M INTERDENTAL BRUSH 3'S(1.0MM)ด้ามงอ,฿132.5
3M MICROPORE 1นิ้วx10หลาx12ม้วน/แพ็ค(มีแท่นตัด),฿49
3M MICROPORE 1นิ้วx10หลาx12ม้วน/แพ็ค.(สีเนื้อ),฿42.75
3M โคแบน เทปพันยืดหยุ่น 2นิ้วx5หลาx1ม้วน(สีเนื้อ),"฿99,999"
3M ไหมขัดฟันมีด้ามFINE SLIDE FLOSSER 30'S,฿35.5
3M.TEGADERM 10x12CM.3ชิ้น/BX.(A2),฿63.5
4 MIX OIL 30'S(สุภาพโอสถ),฿143.5
3M TRANSPORE 1/2นิ้วx5หลาx12ม้วน/แพ็ค,฿201
3M แผ่นซับสิว สีชมพู 12ชิ้น(กลม),฿54.75
AMBES 10MG(AMLOPINE) 10x10'S(GPO),฿97
AMBES 5MG(AMLOPINE) 10x10'S(GPO),฿57
ANTACIL 50x10's (TNP),฿484
AZYCIN 250 MG(AZITHRO) 6'S(GPO),฿70
B-100 COMPLEX (B3-B1-B2-B6)50x1ML(TP.),฿227
BELCID FORTE SUSP 240ML.20ขวด/ลัง,฿34
หน้ากาก NEXT HEALTH 3ชั้น 50'S/BX.(สีชมพู) *P,฿37.5
หน้ากาก NEXT HEALTH 3ชั้น 50'S/BX.(สีดำ) *P,฿37.5
หน้ากาก NEXT HEALTH 3ชั้น 50'S/BX.(สีฟ้า) *P,฿37.5
TC MYCIN 250MG.10'S/ลังละ100,฿24.5
TELFAST 180MG.1x10'S.,฿214
TELFAST 60MG.10'S./แผง,฿84.75
TEMPRA COOLING PATCH 8'Sx2/กล่อง ลดไข้,฿162.5
TEMPRA FIZZ 12'S (PARACETAMOL) *P,฿75
TENOVATE-N 5G.(T.MAN) BETA+NEOMYCIN,฿10.5
TENSOPLAST 100'S/BX.201bx/ลัง *P,฿64.5
TERRAMYCIN ป้ายตา3.5G.(มีกล่อง),฿39.5
3M COLDHOT THERAPY HAPPY KID PACK 2'S,฿189
3M INTERDENTAL BRUSH 3'S(1.0MM)ด้ามงอ,฿132.5
3M MICROPORE 1นิ้วx10หลาx12ม้วน/แพ็ค(มีแท่นตัด),฿49
3M MICROPORE 1นิ้วx10หลาx12ม้วน/แพ็ค.(สีเนื้อ),฿42.75
3M โคแบน เทปพันยืดหยุ่น 2นิ้วx5หลาx1ม้วน(สีเนื้อ),"฿99,999"
3M ไหมขัดฟันมีด้ามFINE SLIDE FLOSSER 30'S,฿35.5
3M.TEGADERM 10x12CM.3ชิ้น/BX.(A2),฿63.5
4 MIX OIL 30'S(สุภาพโอสถ),฿143.5
3M TRANSPORE 1/2นิ้วx5หลาx12ม้วน/แพ็ค,฿201
3M แผ่นซับสิว สีชมพู 12ชิ้น(กลม),฿54.75
AMBES 10MG(AMLOPINE) 10x10'S(GPO),฿97
AMBES 5MG(AMLOPINE) 10x10'S(GPO),฿57
ANTACIL 50x10's (TNP),฿484
AZYCIN 250 MG(AZITHRO) 6'S(GPO),฿70
B-100 COMPLEX (B3-B1-B2-B6)50x1ML(TP.),฿227
BELCID FORTE SUSP 240ML.20ขวด/ลัง,฿34
หน้ากาก NEXT HEALTH 3ชั้น 50'S/BX.(สีชมพู) *P,฿37.5
หน้ากาก NEXT HEALTH 3ชั้น 50'S/BX.(สีดำ) *P,฿37.5
หน้ากาก NEXT HEALTH 3ชั้น 50'S/BX.(สีฟ้า) *P,฿37.5
THROATSIL 100MG.60MLสีแดง(CARBO.),฿18
TIFFY DEY 25x4'S./60 BX./ลัง,฿192
TIGERPLAST AQUATECET+ 100x120mm(W4) *P,฿42
TIGERPLAST AQUATECT+ กันน้ำ 2'S 60x100(W2) *P,฿32.5
TIGERPLAST AQUATECT+ กันน้ำ 2'S 80x100(W3) *P,฿39
TIGERPLAST CARIBAND 4ซม.x2มx10ม้วน/กล่อง *P,฿51.25
TIGERPLAST CARIFIX WATERPROOF 10CM X1M *P,฿89
TIGERPLAST LEOPOVIDONE 15ML(BETADINE) *P,฿24.5
3M COLDHOT THERAPY HAPPY KID PACK 2'S,฿189
3M INTERDENTAL BRUSH 3'S(1.0MM)ด้ามงอ,฿132.5
3M MICROPORE 1นิ้วx10หลาx12ม้วน/แพ็ค(มีแท่นตัด),฿49
3M MICROPORE 1นิ้วx10หลาx12ม้วน/แพ็ค.(สีเนื้อ),฿42.75
3M โคแบน เทปพันยืดหยุ่น 2นิ้วx5หลาx1ม้วน(สีเนื้อ),"฿99,999"
3M ไหมขัดฟันมีด้ามFINE SLIDE FLOSSER 30'S,฿35.5
3M.TEGADERM 10x12CM.3ชิ้น/BX.(A2),฿63.5
4 MIX OIL 30'S(สุภาพโอสถ),฿143.5
3M TRANSPORE 1/2นิ้วx5หลาx12ม้วน/แพ็ค,฿201
3M แผ่นซับสิว สีชมพู 12ชิ้น(กลม),฿54.75
AMBES 10MG(AMLOPINE) 10x10'S(GPO),฿97
AMBES 5MG(AMLOPINE) 10x10'S(GPO),฿57
ANTACIL 50x10's (TNP),฿484
AZYCIN 250 MG(AZITHRO) 6'S(GPO),฿70
B-100 COMPLEX (B3-B1-B2-B6)50x1ML(TP.),฿227
BELCID FORTE SUSP 240ML.20ขวด/ลัง,฿34
หน้ากาก NEXT HEALTH 3ชั้น 50'S/BX.(สีชมพู) *P,฿37.5
หน้ากาก NEXT HEALTH 3ชั้น 50'S/BX.(สีดำ) *P,฿37.5
หน้ากาก NEXT HEALTH 3ชั้น 50'S/BX.(สีฟ้า) *P,฿37.5
TIGERPLAST LEOPOVIDONE 30ML(BETADINE) *P,฿34.5
TIGERPLAST SPORT TAPE 1นิ้วx4.5M /ม้วน,฿35.5
TIGERPLAST WATERPROOF 5'S 60x70(N1) *P,฿39.75
TIGERPLAST ผ้ายืด 100'S/BX *P,฿34.5
TIMI 15G.(MICONAZOLE+TA)(SPS),฿37
TONAF 1% 5G. /หลอด(แดง),฿29.5
TONAF 2% 15G./หลอด(เขียว),฿71
TONK-KKK 25'S/BX *P,฿74
3M COLDHOT THERAPY HAPPY KID PACK 2'S,฿189
3M INTERDENTAL BRUSH 3'S(1.0MM)ด้ามงอ,฿132.5
3M MICROPORE 1นิ้วx10หลาx12ม้วน/แพ็ค(มีแท่นตัด),฿49
3M MICROPORE 1นิ้วx10หลาx12ม้วน/แพ็ค.(สีเนื้อ),฿42.75
3M โคแบน เทปพันยืดหยุ่น 2นิ้วx5หลาx1ม้วน(สีเนื้อ),"฿99,999"
3M ไหมขัดฟันมีด้ามFINE SLIDE FLOSSER 30'S,฿35.5
3M.TEGADERM 10x12CM.3ชิ้น/BX.(A2),฿63.5
4 MIX OIL 30'S(สุภาพโอสถ),฿143.5
3M TRANSPORE 1/2นิ้วx5หลาx12ม้วน/แพ็ค,฿201
3M แผ่นซับสิว สีชมพู 12ชิ้น(กลม),฿54.75
AMBES 10MG(AMLOPINE) 10x10'S(GPO),฿97
AMBES 5MG(AMLOPINE) 10x10'S(GPO),฿57
ANTACIL 50x10's (TNP),฿484
AZYCIN 250 MG(AZITHRO) 6'S(GPO),฿70
B-100 COMPLEX (B3-B1-B2-B6)50x1ML(TP.),฿227
BELCID FORTE SUSP 240ML.20ขวด/ลัง,฿34
หน้ากาก NEXT HEALTH 3ชั้น 50'S/BX.(สีชมพู) *P,฿37.5
หน้ากาก NEXT HEALTH 3ชั้น 50'S/BX.(สีดำ) *P,฿37.5
หน้ากาก NEXT HEALTH 3ชั้น 50'S/BX.(สีฟ้า) *P,฿37.5
TOPICORT 0.25% CR.15G./ขวด*ขายขาด,฿121.5
TORCOZIA 90MG.1x5'S(สูตรARCOXIA)ชุมชน,฿43
TRANSAMIN 100 CAPSULES(250MG.)OUIHENG,฿263
TRIAMCINOLONE CREAM 0.1% 15G.(GPO),฿22
TRINOLONE CR.5G./หลอด,฿25.75
TRINOMAN 0.02% CR.15G.(ฟ้า),฿17.5
TRISTAN 90MG.20x1x3'S/BX.(ARCOXIA)EXP.9/2026,฿395
TYLENOL 500MG.100'S./ขวด,฿122.5
3M COLDHOT THERAPY HAPPY KID PACK 2'S,฿189
3M INTERDENTAL BRUSH 3'S(1.0MM)ด้ามงอ,฿132.5
3M MICROPORE 1นิ้วx10หลาx12ม้วน/แพ็ค(มีแท่นตัด),฿49
3M MICROPORE 1นิ้วx10หลาx12ม้วน/แพ็ค.(สีเนื้อ),฿42.75
3M โคแบน เทปพันยืดหยุ่น 2นิ้วx5หลาx1ม้วน(สีเนื้อ),"฿99,999"
3M ไหมขัดฟันมีด้ามFINE SLIDE FLOSSER 30'S,฿35.5
3M.TEGADERM 10x12CM.3ชิ้น/BX.(A2),฿63.5
4 MIX OIL 30'S(สุภาพโอสถ),฿143.5
3M TRANSPORE 1/2นิ้วx5หลาx12ม้วน/แพ็ค,฿201
3M แผ่นซับสิว สีชมพู 12ชิ้น(กลม),฿54.75
AMBES 10MG(AMLOPINE) 10x10'S(GPO),฿97
AMBES 5MG(AMLOPINE) 10x10'S(GPO),฿57
ANTACIL 50x10's (TNP),฿484
AZYCIN 250 MG(AZITHRO) 6'S(GPO),฿70
B-100 COMPLEX (B3-B1-B2-B6)50x1ML(TP.),฿227
BELCID FORTE SUSP 240ML.20ขวด/ลัง,฿34
หน้ากาก NEXT HEALTH 3ชั้น 50'S/BX.(สีชมพู) *P,฿37.5
หน้ากาก NEXT HEALTH 3ชั้น 50'S/BX.(สีดำ) *P,฿37.5
หน้ากาก NEXT HEALTH 3ชั้น 50'S/BX.(สีฟ้า) *P,฿37.5
TYLENOL 500MG.20X10'S/BX ลัง60bx,฿236
TYLENOL 500MG.50'S./ขวด,฿64.5
TYLENOL 8HR.1x10'S/BX,฿35.75
TYLENOL DROP 80MG./0.8 (15ML),฿41.75
TYLENOL SUSP.60CC./ขวด,฿61
UDEA 10% 30G.(UREA+DEXPANT+NA-PCA)TMAN,฿53
ULGASTRIN 42'S./ขวด,฿106
UMBILI ฉุนฉุน เบบี้จี เซรั่มหอมแดง 10ML(ชมพู),฿95
3M COLDHOT THERAPY HAPPY KID PACK 2'S,฿189
3M INTERDENTAL BRUSH 3'S(1.0MM)ด้ามงอ,฿132.5
3M MICROPORE 1นิ้วx10หลาx12ม้วน/แพ็ค(มีแท่นตัด),฿49
3M MICROPORE 1นิ้วx10หลาx12ม้วน/แพ็ค.(สีเนื้อ),฿42.75
3M โคแบน เทปพันยืดหยุ่น 2นิ้วx5หลาx1ม้วน(สีเนื้อ),"฿99,999"
3M ไหมขัดฟันมีด้ามFINE SLIDE FLOSSER 30'S,฿35.5
3M.TEGADERM 10x12CM.3ชิ้น/BX.(A2),฿63.5
4 MIX OIL 30'S(สุภาพโอสถ),฿143.5
3M TRANSPORE 1/2นิ้วx5หลาx12ม้วน/แพ็ค,฿201
3M แผ่นซับสิว สีชมพู 12ชิ้น(กลม),฿54.75
AMBES 10MG(AMLOPINE) 10x10'S(GPO),฿97
AMBES 5MG(AMLOPINE) 10x10'S(GPO),฿57
ANTACIL 50x10's (TNP),฿484
AZYCIN 250 MG(AZITHRO) 6'S(GPO),฿70
B-100 COMPLEX (B3-B1-B2-B6)50x1ML(TP.),฿227
BELCID FORTE SUSP 240ML.20ขวด/ลัง,฿34
หน้ากาก NEXT HEALTH 3ชั้น 50'S/BX.(สีชมพู) *P,฿37.5
หน้ากาก NEXT HEALTH 3ชั้น 50'S/BX.(สีดำ) *P,฿37.5
หน้ากาก NEXT HEALTH 3ชั้น 50'S/BX.(สีฟ้า) *P,฿37.5
UMBILI ฉุนฉุน รีเฟรชชิ่ง เซรั่มหอมแดง 12ML.(สีฟ้า),฿95
UNIDERM CREAM 15G.(CLOBETASOL)UNISON,฿28.75
UNIREN SPRAY 60ML(DICLOFENAC)*ใหม่,฿135
UNISON ENEMA 10'Sx10CC.เด็ก/กล่อง,฿70.75
UNISON ENEMA 10x20CC.ผู้ใหญ่,฿75.5
UNISON OINTMENT 15G. 24'S/กล่อง,฿14.25
UNISON U-ENEMA 100CC./กล่อง,฿21.25
URSOLIN 10x10'S(URSODEOXYCHOLIC 250MG.),฿910
3M COLDHOT THERAPY HAPPY KID PACK 2'S,฿189
3M INTERDENTAL BRUSH 3'S(1.0MM)ด้ามงอ,฿132.5
3M MICROPORE 1นิ้วx10หลาx12ม้วน/แพ็ค(มีแท่นตัด),฿49
3M MICROPORE 1นิ้วx10หลาx12ม้วน/แพ็ค.(สีเนื้อ),฿42.75
3M โคแบน เทปพันยืดหยุ่น 2นิ้วx5หลาx1ม้วน(สีเนื้อ),"฿99,999"
3M ไหมขัดฟันมีด้ามFINE SLIDE FLOSSER 30'S,฿35.5
3M.TEGADERM 10x12CM.3ชิ้น/BX.(A2),฿63.5
4 MIX OIL 30'S(สุภาพโอสถ),฿143.5
3M TRANSPORE 1/2นิ้วx5หลาx12ม้วน/แพ็ค,฿201
3M แผ่นซับสิว สีชมพู 12ชิ้น(กลม),฿54.75
AMBES 10MG(AMLOPINE) 10x10'S(GPO),฿97
AMBES 5MG(AMLOPINE) 10x10'S(GPO),฿57
ANTACIL 50x10's (TNP),฿484
AZYCIN 250 MG(AZITHRO) 6'S(GPO),฿70
B-100 COMPLEX (B3-B1-B2-B6)50x1ML(TP.),฿227
BELCID FORTE SUSP 240ML.20ขวด/ลัง,฿34
หน้ากาก NEXT HEALTH 3ชั้น 50'S/BX.(สีชมพู) *P,฿37.5
หน้ากาก NEXT HEALTH 3ชั้น 50'S/BX.(สีดำ) *P,฿37.5
หน้ากาก NEXT HEALTH 3ชั้น 50'S/BX.(สีฟ้า) *P,฿37.5
UTMOS 15MG. 10x10'S/BX.,฿244
UTMOS 30MG. 10x10'S/BX.,฿388
V.S SYRUP 60ML(CPM+AMMONI+SODIUM)ทำรายงาน,฿18.25
VALDA PASTILLES LEMON 20G.x12ซอง/BX.,฿23.75
VALDA PASTILLES LEMON 50G.x10ตลับ/BX.,฿43.5
VALDA PASTILLES ORIGINAL 20G.x12ซอง/BX.,฿23.75
VALDA PASTILLES ORIGINAL 50G.x10ตลับ/BX.,฿43.5
VALERBET-N CREAM 15GM.(BETA+NEOMYCIN),฿38.75
3M COLDHOT THERAPY HAPPY KID PACK 2'S,฿189
3M INTERDENTAL BRUSH 3'S(1.0MM)ด้ามงอ,฿132.5
3M MICROPORE 1นิ้วx10หลาx12ม้วน/แพ็ค(มีแท่นตัด),฿49
3M MICROPORE 1นิ้วx10หลาx12ม้วน/แพ็ค.(สีเนื้อ),฿42.75
3M โคแบน เทปพันยืดหยุ่น 2นิ้วx5หลาx1ม้วน(สีเนื้อ),"฿99,999"
3M ไหมขัดฟันมีด้ามFINE SLIDE FLOSSER 30'S,฿35.5
3M.TEGADERM 10x12CM.3ชิ้น/BX.(A2),฿63.5
4 MIX OIL 30'S(สุภาพโอสถ),฿143.5
3M TRANSPORE 1/2นิ้วx5หลาx12ม้วน/แพ็ค,฿201
3M แผ่นซับสิว สีชมพู 12ชิ้น(กลม),฿54.75
AMBES 10MG(AMLOPINE) 10x10'S(GPO),฿97
AMBES 5MG(AMLOPINE) 10x10'S(GPO),฿57
ANTACIL 50x10's (TNP),฿484
AZYCIN 250 MG(AZITHRO) 6'S(GPO),฿70
B-100 COMPLEX (B3-B1-B2-B6)50x1ML(TP.),฿227
BELCID FORTE SUSP 240ML.20ขวด/ลัง,฿34
หน้ากาก NEXT HEALTH 3ชั้น 50'S/BX.(สีชมพู) *P,฿37.5
หน้ากาก NEXT HEALTH 3ชั้น 50'S/BX.(สีดำ) *P,฿37.5
หน้ากาก NEXT HEALTH 3ชั้น 50'S/BX.(สีฟ้า) *P,฿37.5
VALERBET-N CREAM 5GM.(BETA+NEOMYCIN),฿16.5
VALSARTAN GPO 160MG.3x10'S/BX.,฿120
VAMAZOLE CREAM 10G.(CLOTRIMAZOLE),฿15
VAMAZOLE CREAM 5G.(CLOTRIMAZOLE),฿12.75
VECIN 3x10'S(AESCIN 20MG.)MACROPHAR,฿86
VENTOLIN EVOHALER 200D.*ใหม่,฿185
"VIBEE B1,6,12 10x10'S(BIOPHARM)",฿232
VICKS ตลับเล็ก 5G.60'S/BX,฿23
3M COLDHOT THERAPY HAPPY KID PACK 2'S,฿189
3M INTERDENTAL BRUSH 3'S(1.0MM)ด้ามงอ,฿132.5
3M MICROPORE 1นิ้วx10หลาx12ม้วน/แพ็ค(มีแท่นตัด),฿49
3M MICROPORE 1นิ้วx10หลาx12ม้วน/แพ็ค.(สีเนื้อ),฿42.75
3M โคแบน เทปพันยืดหยุ่น 2นิ้วx5หลาx1ม้วน(สีเนื้อ),"฿99,999"
3M ไหมขัดฟันมีด้ามFINE SLIDE FLOSSER 30'S,฿35.5
3M.TEGADERM 10x12CM.3ชิ้น/BX.(A2),฿63.5
4 MIX OIL 30'S(สุภาพโอสถ),฿143.5
3M TRANSPORE 1/2นิ้วx5หลาx12ม้วน/แพ็ค,฿201
3M แผ่นซับสิว สีชมพู 12ชิ้น(กลม),฿54.75
AMBES 10MG(AMLOPINE) 10x10'S(GPO),฿97
AMBES 5MG(AMLOPINE) 10x10'S(GPO),฿57
ANTACIL 50x10's (TNP),฿484
AZYCIN 250 MG(AZITHRO) 6'S(GPO),฿70
B-100 COMPLEX (B3-B1-B2-B6)50x1ML(TP.),฿227
BELCID FORTE SUSP 240ML.20ขวด/ลัง,฿34
หน้ากาก NEXT HEALTH 3ชั้น 50'S/BX.(สีชมพู) *P,฿37.5
หน้ากาก NEXT HEALTH 3ชั้น 50'S/BX.(สีดำ) *P,฿37.5
หน้ากาก NEXT HEALTH 3ชั้น 50'S/BX.(สีฟ้า) *P,฿37.5
VICKS ตลับใหญ่ 10G.60'S/BX,฿42.5
VILERM CR.5G.(SIAM)(ACYCLOVIR),฿48.5
VISTRA ZINC 45'S./ขวด,฿155.5
VITABION 10x10'S(สูตร NUROBION),฿257.5
VITAMIN C 500MG. 100'S(GPO)ลัง20,฿128
VOLCLONAC SPRAY 60ML(BIOPHARM),฿103
VOLTA 15G.(DICLOFENAC)T.MAN,฿13.5
VOLTAREN GEL 100G.ใหญ่พิเศษ,฿409.75
3M COLDHOT THERAPY HAPPY KID PACK 2'S,฿189
3M INTERDENTAL BRUSH 3'S(1.0MM)ด้ามงอ,฿132.5
3M MICROPORE 1นิ้วx10หลาx12ม้วน/แพ็ค(มีแท่นตัด),฿49
3M MICROPORE 1นิ้วx10หลาx12ม้วน/แพ็ค.(สีเนื้อ),฿42.75
3M โคแบน เทปพันยืดหยุ่น 2นิ้วx5หลาx1ม้วน(สีเนื้อ),"฿99,999"
3M ไหมขัดฟันมีด้ามFINE SLIDE FLOSSER 30'S,฿35.5
3M.TEGADERM 10x12CM.3ชิ้น/BX.(A2),฿63.5
4 MIX OIL 30'S(สุภาพโอสถ),฿143.5
3M TRANSPORE 1/2นิ้วx5หลาx12ม้วน/แพ็ค,฿201
3M แผ่นซับสิว สีชมพู 12ชิ้น(กลม),฿54.75
AMBES 10MG(AMLOPINE) 10x10'S(GPO),฿97
AMBES 5MG(AMLOPINE) 10x10'S(GPO),฿57
ANTACIL 50x10's (TNP),฿484
AZYCIN 250 MG(AZITHRO) 6'S(GPO),฿70
B-100 COMPLEX (B3-B1-B2-B6)50x1ML(TP.),฿227
BELCID FORTE SUSP 240ML.20ขวด/ลัง,฿34
หน้ากาก NEXT HEALTH 3ชั้น 50'S/BX.(สีชมพู) *P,฿37.5
หน้ากาก NEXT HEALTH 3ชั้น 50'S/BX.(สีดำ) *P,฿37.5
หน้ากาก NEXT HEALTH 3ชั้น 50'S/BX.(สีฟ้า) *P,฿37.5
VOLTAREN GEL 10G.เล็ก /หลอด,฿67
VOLTAREN GEL 25G. ใหม่,฿147
VOLTAREN GEL 50G.ใหญ่ /หลอด,฿260
WHITE PLUME ผ้าก๊อซ 4x4 นิ้ว  10'S,฿78.5
WISE TEST ตรวจ COVIDS-19(น้ำลาย)แพ็ค20ชิ้น,฿65
XYZAL 1x10'S /BX(LEVOCET),฿134
YASMIN 21(DROSPERI+ETHINYL)10'S/แพ็ค,฿331.5
YAZ 28'S.(DROSPERINONE+ETHINYL),฿367
3M COLDHOT THERAPY HAPPY KID PACK 2'S,฿189
3M INTERDENTAL BRUSH 3'S(1.0MM)ด้ามงอ,฿132.5
3M MICROPORE 1นิ้วx10หลาx12ม้วน/แพ็ค(มีแท่นตัด),฿49
3M MICROPORE 1นิ้วx10หลาx12ม้วน/แพ็ค.(สีเนื้อ),฿42.75
3M โคแบน เทปพันยืดหยุ่น 2นิ้วx5หลาx1ม้วน(สีเนื้อ),"฿99,999"
3M ไหมขัดฟันมีด้ามFINE SLIDE FLOSSER 30'S,฿35.5
3M.TEGADERM 10x12CM.3ชิ้น/BX.(A2),฿63.5
4 MIX OIL 30'S(สุภาพโอสถ),฿143.5
3M TRANSPORE 1/2นิ้วx5หลาx12ม้วน/แพ็ค,฿201
3M แผ่นซับสิว สีชมพู 12ชิ้น(กลม),฿54.75
AMBES 10MG(AMLOPINE) 10x10'S(GPO),฿97
AMBES 5MG(AMLOPINE) 10x10'S(GPO),฿57
ANTACIL 50x10's (TNP),฿484
AZYCIN 250 MG(AZITHRO) 6'S(GPO),฿70
B-100 COMPLEX (B3-B1-B2-B6)50x1ML(TP.),฿227
BELCID FORTE SUSP 240ML.20ขวด/ลัง,฿34
หน้ากาก NEXT HEALTH 3ชั้น 50'S/BX.(สีชมพู) *P,฿37.5
หน้ากาก NEXT HEALTH 3ชั้น 50'S/BX.(สีดำ) *P,฿37.5
หน้ากาก NEXT HEALTH 3ชั้น 50'S/BX.(สีฟ้า) *P,฿37.5
ZALAIN (SERTACONAZOL 2%) 20G.,฿144
ZALAIN (SERTACONAZOL 2%) 5G.,฿56
ZARIUS SYRUP 60ML.(สูตรAERIUS),฿57.75
ZEMA PRO CREAM 5G.(TERBIN.)สูตร LAMISIL,฿29
ZETTROL 10x10'S(EZETIMIBE 10MG.)BERLIN,฿764
ZIGA GEL ส้ม 240ML.(ลัง24),฿53
ZIMVA 10 MG.10x10'S (SIMVASTATIN),฿55
ZIMVA 20 MG.10x10'S (SIMVASTATIN),฿95
3M COLDHOT THERAPY HAPPY KID PACK 2'S,฿189
3M INTERDENTAL BRUSH 3'S(1.0MM)ด้ามงอ,฿132.5
3M MICROPORE 1นิ้วx10หลาx12ม้วน/แพ็ค(มีแท่นตัด),฿49
3M MICROPORE 1นิ้วx10หลาx12ม้วน/แพ็ค.(สีเนื้อ),฿42.75
3M โคแบน เทปพันยืดหยุ่น 2นิ้วx5หลาx1ม้วน(สีเนื้อ),"฿99,999"
3M ไหมขัดฟันมีด้ามFINE SLIDE FLOSSER 30'S,฿35.5
3M.TEGADERM 10x12CM.3ชิ้น/BX.(A2),฿63.5
4 MIX OIL 30'S(สุภาพโอสถ),฿143.5
3M TRANSPORE 1/2นิ้วx5หลาx12ม้วน/แพ็ค,฿201
3M แผ่นซับสิว สีชมพู 12ชิ้น(กลม),฿54.75
AMBES 10MG(AMLOPINE) 10x10'S(GPO),฿97
AMBES 5MG(AMLOPINE) 10x10'S(GPO),฿57
ANTACIL 50x10's (TNP),฿484
AZYCIN 250 MG(AZITHRO) 6'S(GPO),฿70
B-100 COMPLEX (B3-B1-B2-B6)50x1ML(TP.),฿227
BELCID FORTE SUSP 240ML.20ขวด/ลัง,฿34
หน้ากาก NEXT HEALTH 3ชั้น 50'S/BX.(สีชมพู) *P,฿37.5
หน้ากาก NEXT HEALTH 3ชั้น 50'S/BX.(สีดำ) *P,฿37.5
หน้ากาก NEXT HEALTH 3ชั้น 50'S/BX.(สีฟ้า) *P,฿37.5
ZITHROMAX 15CC.(200MG./5ML)(AZITHRO),฿201
ZYCEL 200 1x10'Sx10แผง/แพ็ค(สูตรCELEBREX),฿54
ZYNOLOG ORAL PASTE 5G. (TRIAM 0.1%),฿23.5
ZYRTEC SYR 75CC.(CETRIZINE),฿99
เซียงเพียว รีลีฟ ครีม 30G.,฿32.5
เซียงเพียว รีลีฟ ครีม 62G.,฿56.5
เซียงเพียวอิ๊วน้ำสีแดง กลาง7CC./ขวด(สูตร1),฿38
เซียงเพียวอิ๊วน้ำสีแดง-ญ.25CC./ขวด(สูตร1),฿102.75
3M COLDHOT THERAPY HAPPY KID PACK 2'S,฿189
3M INTERDENTAL BRUSH 3'S(1.0MM)ด้ามงอ,฿132.5
3M MICROPORE 1นิ้วx10หลาx12ม้วน/แพ็ค(มีแท่นตัด),฿49
3M MICROPORE 1นิ้วx10หลาx12ม้วน/แพ็ค.(สีเนื้อ),฿42.75
3M โคแบน เทปพันยืดหยุ่น 2นิ้วx5หลาx1ม้วน(สีเนื้อ),"฿99,999"
3M ไหมขัดฟันมีด้ามFINE SLIDE FLOSSER 30'S,฿35.5
3M.TEGADERM 10x12CM.3ชิ้น/BX.(A2),฿63.5
4 MIX OIL 30'S(สุภาพโอสถ),฿143.5
3M TRANSPORE 1/2นิ้วx5หลาx12ม้วน/แพ็ค,฿201
3M แผ่นซับสิว สีชมพู 12ชิ้น(กลม),฿54.75
AMBES 10MG(AMLOPINE) 10x10'S(GPO),฿97
AMBES 5MG(AMLOPINE) 10x10'S(GPO),฿57
ANTACIL 50x10's (TNP),฿484
AZYCIN 250 MG(AZITHRO) 6'S(GPO),฿70
B-100 COMPLEX (B3-B1-B2-B6)50x1ML(TP.),฿227
BELCID FORTE SUSP 240ML.20ขวด/ลัง,฿34
หน้ากาก NEXT HEALTH 3ชั้น 50'S/BX.(สีชมพู) *P,฿37.5
หน้ากาก NEXT HEALTH 3ชั้น 50'S/BX.(สีดำ) *P,฿37.5
หน้ากาก NEXT HEALTH 3ชั้น 50'S/BX.(สีฟ้า) *P,฿37.5
เซียงเพียวอิ๊วน้ำสีแดง-ล.3CC./ขวด(สูตร1),฿19.75
เซียงเพียวอิ๊วน้ำสีขาว 7 ซีซี(สูตร2),฿34.5
เซียงเพียวอิ๊วน้ำสีขาว ญ.25CC./ขวด(สูตร2),฿102.5
เซียงเพียวอิ๊วน้ำสีขาว ล.3CC./ขวด(สูตร 2),฿19.75
เลมอน(อบชะเอมหวาน) 50กรัม ตราอีแอล,฿18
เลมอนชิ้น (อบบ๊วย) 50กรัม ตราอีแอล,฿18
แผ่นแปะกันยุง บูกาบูก้า 24ชิ้น/ซอง(ม่วง),฿83.5
แผ่นรองซับ FELLFREE 10ชิ้น ไซส์ L (ลัง20),฿86
3M COLDHOT THERAPY HAPPY KID PACK 2'S,฿189
3M INTERDENTAL BRUSH 3'S(1.0MM)ด้ามงอ,฿132.5
3M MICROPORE 1นิ้วx10หลาx12ม้วน/แพ็ค(มีแท่นตัด),฿49
3M MICROPORE 1นิ้วx10หลาx12ม้วน/แพ็ค.(สีเนื้อ),฿42.75
3M โคแบน เทปพันยืดหยุ่น 2นิ้วx5หลาx1ม้วน(สีเนื้อ),"฿99,999"
3M ไหมขัดฟันมีด้ามFINE SLIDE FLOSSER 30'S,฿35.5
3M.TEGADERM 10x12CM.3ชิ้น/BX.(A2),฿63.5
4 MIX OIL 30'S(สุภาพโอสถ),฿143.5
3M TRANSPORE 1/2นิ้วx5หลาx12ม้วน/แพ็ค,฿201
3M แผ่นซับสิว สีชมพู 12ชิ้น(กลม),฿54.75
AMBES 10MG(AMLOPINE) 10x10'S(GPO),฿97
AMBES 5MG(AMLOPINE) 10x10'S(GPO),฿57
ANTACIL 50x10's (TNP),฿484
AZYCIN 250 MG(AZITHRO) 6'S(GPO),฿70
B-100 COMPLEX (B3-B1-B2-B6)50x1ML(TP.),฿227
BELCID FORTE SUSP 240ML.20ขวด/ลัง,฿34
หน้ากาก NEXT HEALTH 3ชั้น 50'S/BX.(สีชมพู) *P,฿37.5
หน้ากาก NEXT HEALTH 3ชั้น 50'S/BX.(สีดำ) *P,฿37.5
หน้ากาก NEXT HEALTH 3ชั้น 50'S/BX.(สีฟ้า) *P,฿37.5
ไพแร็ด-ไวโอเลต 15ซีซี(สหการ),฿6.5
ไวท์ฟาร์มช็อคบอล 12ซอง/กล่อง,฿130
ขี้ผึ้งตราเก้าเอ 12'S/กล่อง(9A),฿76.5
จิ่วเจิ้งปู่เซินเจียวหนัง เอสวัน 6'S *P,฿169
ซอฟเฟล โลชั่น กลิ่นเฟรช(ส้ม) 60ml,฿40.5
ซอฟเฟล โลชั่น กลิ่นฟลอร่า(ชมพู)  60ml,฿40.5
ซอฟเฟล สเปรย์ กลิ่นเฟรช(ส้ม) 30 ml,฿27.25
ซอฟเฟล สเปรย์ กลิ่นฟลอร่า  80  ml,฿54.75
3M COLDHOT THERAPY HAPPY KID PACK 2'S,฿189
3M INTERDENTAL BRUSH 3'S(1.0MM)ด้ามงอ,฿132.5
3M MICROPORE 1นิ้วx10หลาx12ม้วน/แพ็ค(มีแท่นตัด),฿49
3M MICROPORE 1นิ้วx10หลาx12ม้วน/แพ็ค.(สีเนื้อ),฿42.75
3M โคแบน เทปพันยืดหยุ่น 2นิ้วx5หลาx1ม้วน(สีเนื้อ),"฿99,999"
3M ไหมขัดฟันมีด้ามFINE SLIDE FLOSSER 30'S,฿35.5
3M.TEGADERM 10x12CM.3ชิ้น/BX.(A2),฿63.5
4 MIX OIL 30'S(สุภาพโอสถ),฿143.5
3M TRANSPORE 1/2นิ้วx5หลาx12ม้วน/แพ็ค,฿201
3M แผ่นซับสิว สีชมพู 12ชิ้น(กลม),฿54.75
AMBES 10MG(AMLOPINE) 10x10'S(GPO),฿97
AMBES 5MG(AMLOPINE) 10x10'S(GPO),฿57
ANTACIL 50x10's (TNP),฿484
AZYCIN 250 MG(AZITHRO) 6'S(GPO),฿70
B-100 COMPLEX (B3-B1-B2-B6)50x1ML(TP.),฿227
BELCID FORTE SUSP 240ML.20ขวด/ลัง,฿34
หน้ากาก NEXT HEALTH 3ชั้น 50'S/BX.(สีชมพู) *P,฿37.5
หน้ากาก NEXT HEALTH 3ชั้น 50'S/BX.(สีดำ) *P,฿37.5
หน้ากาก NEXT HEALTH 3ชั้น 50'S/BX.(สีฟ้า) *P,฿37.5
ซอฟเฟล สเปรย์ กลิ่นฟลอร่า(ชมพู) 30 ml,฿27.25
ด่างทับทิม 10G.(วิทยาศรม),฿11.75
ตรวจครรภ์ KRESS TEST HCG ชนิดจุ่ม 1'S/BX.,฿14.5
ตรวจครรภ์ PRECARE CASSETTE TEST (หยด),฿15
ตรวจครรภ์ WISH PREG TEST จุ่ม 2 เทส/BX(GHP),฿16.5
ถุงมือ ซาโตรี่ size L,฿195
ถุงยาง FREELOX สีชมพู รุ่นแม็กซ์ 52มม.3'S(แพ็ค48ก.),฿9
ถุงยาง FREELOX สีส้ม 49มม.3'S (แพ็ค 48ก.),฿9
3M COLDHOT THERAPY HAPPY KID PACK 2'S,฿189
3M INTERDENTAL BRUSH 3'S(1.0MM)ด้ามงอ,฿132.5
3M MICROPORE 1นิ้วx10หลาx12ม้วน/แพ็ค(มีแท่นตัด),฿49
3M MICROPORE 1นิ้วx10หลาx12ม้วน/แพ็ค.(สีเนื้อ),฿42.75
3M โคแบน เทปพันยืดหยุ่น 2นิ้วx5หลาx1ม้วน(สีเนื้อ),"฿99,999"
3M ไหมขัดฟันมีด้ามFINE SLIDE FLOSSER 30'S,฿35.5
3M.TEGADERM 10x12CM.3ชิ้น/BX.(A2),฿63.5
4 MIX OIL 30'S(สุภาพโอสถ),฿143.5
3M TRANSPORE 1/2นิ้วx5หลาx12ม้วน/แพ็ค,฿201
3M แผ่นซับสิว สีชมพู 12ชิ้น(กลม),฿54.75
AMBES 10MG(AMLOPINE) 10x10'S(GPO),฿97
AMBES 5MG(AMLOPINE) 10x10'S(GPO),฿57
ANTACIL 50x10's (TNP),฿484
AZYCIN 250 MG(AZITHRO) 6'S(GPO),฿70
B-100 COMPLEX (B3-B1-B2-B6)50x1ML(TP.),฿227
BELCID FORTE SUSP 240ML.20ขวด/ลัง,฿34
หน้ากาก NEXT HEALTH 3ชั้น 50'S/BX.(สีชมพู) *P,฿37.5
หน้ากาก NEXT HEALTH 3ชั้น 50'S/BX.(สีดำ) *P,฿37.5
หน้ากาก NEXT HEALTH 3ชั้น 50'S/BX.(สีฟ้า) *P,฿37.5
ถุงยาง INSTYLE GOLD 52MM.3'S,฿11
ถุงยาง INSTYLE PROTEXTRA  49MM.3'S,฿10
ถุงยาง PLAYBOY แบล็คไทด์(52มม.),฿44.5
ถุงยาง PLAYBOY แม็กซ์ ดอท(52มม.),฿52.5
ถุงยาง PLAYBOY คอมฟอร์ท(56มม.),฿59.25
ถุงยางDUREX COMFORT 56 มม.(น้ำเงิน),฿69.5
ถุงยางDUREX DUAL PLEASURE 56MM.,฿74.5
ถุงยางDUREX KINGTEX(49MM) 3'S,฿35.5
3M COLDHOT THERAPY HAPPY KID PACK 2'S,฿189
3M INTERDENTAL BRUSH 3'S(1.0MM)ด้ามงอ,฿132.5
3M MICROPORE 1นิ้วx10หลาx12ม้วน/แพ็ค(มีแท่นตัด),฿49
3M MICROPORE 1นิ้วx10หลาx12ม้วน/แพ็ค.(สีเนื้อ),฿42.75
3M โคแบน เทปพันยืดหยุ่น 2นิ้วx5หลาx1ม้วน(สีเนื้อ),"฿99,999"
3M ไหมขัดฟันมีด้ามFINE SLIDE FLOSSER 30'S,฿35.5
3M.TEGADERM 10x12CM.3ชิ้น/BX.(A2),฿63.5
4 MIX OIL 30'S(สุภาพโอสถ),฿143.5
3M TRANSPORE 1/2นิ้วx5หลาx12ม้วน/แพ็ค,฿201
3M แผ่นซับสิว สีชมพู 12ชิ้น(กลม),฿54.75
AMBES 10MG(AMLOPINE) 10x10'S(GPO),฿97
AMBES 5MG(AMLOPINE) 10x10'S(GPO),฿57
ANTACIL 50x10's (TNP),฿484
AZYCIN 250 MG(AZITHRO) 6'S(GPO),฿70
B-100 COMPLEX (B3-B1-B2-B6)50x1ML(TP.),฿227
BELCID FORTE SUSP 240ML.20ขวด/ลัง,฿34
หน้ากาก NEXT HEALTH 3ชั้น 50'S/BX.(สีชมพู) *P,฿37.5
หน้ากาก NEXT HEALTH 3ชั้น 50'S/BX.(สีดำ) *P,฿37.5
หน้ากาก NEXT HEALTH 3ชั้น 50'S/BX.(สีฟ้า) *P,฿37.5
ถุงยางDUREX LOVE 3'S/BX.,฿35
ถุงยางDUREX แอรี่ 2'S 52MM.(แพ็ค6กล่อง),฿54.75
นมอัดเม็ด ไวท์ฟาร์ม  รสช็อกโกแลต 10'S/BX(11.2G),฿77
นมอัดเม็ด ไวท์ฟาร์ม รสสตอเบอรี่ 10'S/BX.(11.2G),฿77
นมอัดเม็ด ไวท์ฟาร์ม รสหวาน 10'S/BX.(11.2G),฿77
น้ำเกลือล้างแผล 120ซีซี(วิทยาศรม),฿12.5
น้ำมันเขียว ตราแม่กุหลาบ ใหญ่ 20ซีซี,฿78.5
น้ำมันเขียว ตราแม่กุหลาบ ขวดเล็ก 3ซีซี,฿18.5
3M COLDHOT THERAPY HAPPY KID PACK 2'S,฿189
3M INTERDENTAL BRUSH 3'S(1.0MM)ด้ามงอ,฿132.5
3M MICROPORE 1นิ้วx10หลาx12ม้วน/แพ็ค(มีแท่นตัด),฿49
3M MICROPORE 1นิ้วx10หลาx12ม้วน/แพ็ค.(สีเนื้อ),฿42.75
3M โคแบน เทปพันยืดหยุ่น 2นิ้วx5หลาx1ม้วน(สีเนื้อ),"฿99,999"
3M ไหมขัดฟันมีด้ามFINE SLIDE FLOSSER 30'S,฿35.5
3M.TEGADERM 10x12CM.3ชิ้น/BX.(A2),฿63.5
4 MIX OIL 30'S(สุภาพโอสถ),฿143.5
3M TRANSPORE 1/2นิ้วx5หลาx12ม้วน/แพ็ค,฿201
3M แผ่นซับสิว สีชมพู 12ชิ้น(กลม),฿54.75
AMBES 10MG(AMLOPINE) 10x10'S(GPO),฿97
AMBES 5MG(AMLOPINE) 10x10'S(GPO),฿57
ANTACIL 50x10's (TNP),฿484
AZYCIN 250 MG(AZITHRO) 6'S(GPO),฿70
B-100 COMPLEX (B3-B1-B2-B6)50x1ML(TP.),฿227
BELCID FORTE SUSP 240ML.20ขวด/ลัง,฿34
หน้ากาก NEXT HEALTH 3ชั้น 50'S/BX.(สีชมพู) *P,฿37.5
หน้ากาก NEXT HEALTH 3ชั้น 50'S/BX.(สีดำ) *P,฿37.5
หน้ากาก NEXT HEALTH 3ชั้น 50'S/BX.(สีฟ้า) *P,฿37.5
น้ำมันเหลือง แม่กุหลาบ ใหญ่ 20ซีซี,฿78.5
น้ำมันเหลือง แม่กุหลาบ ขวดเล็ก 3ซีซี,฿18.5
น้ำมันเหลือง สมถวิล 5ซีซี  (ลูกกลิ้งเล็ก),฿43.75
น้ำมันเหลือง หอมจันทร์โอสถ 15ซีซี.,฿39.75
น้ำมันนกอินทรีย์ สูตร2 3ML,฿24.5
น้ำมันมวย 120CC.ใหญ่,฿97.75
น้ำมันมวย 15CC.จิ๋ว,฿25
น้ำมันมวย 30CC.เล็ก,฿40
3M COLDHOT THERAPY HAPPY KID PACK 2'S,฿189
3M INTERDENTAL BRUSH 3'S(1.0MM)ด้ามงอ,฿132.5
3M MICROPORE 1นิ้วx10หลาx12ม้วน/แพ็ค(มีแท่นตัด),฿49
3M MICROPORE 1นิ้วx10หลาx12ม้วน/แพ็ค.(สีเนื้อ),฿42.75
3M โคแบน เทปพันยืดหยุ่น 2นิ้วx5หลาx1ม้วน(สีเนื้อ),"฿99,999"
3M ไหมขัดฟันมีด้ามFINE SLIDE FLOSSER 30'S,฿35.5
3M.TEGADERM 10x12CM.3ชิ้น/BX.(A2),฿63.5
4 MIX OIL 30'S(สุภาพโอสถ),฿143.5
3M TRANSPORE 1/2นิ้วx5หลาx12ม้วน/แพ็ค,฿201
3M แผ่นซับสิว สีชมพู 12ชิ้น(กลม),฿54.75
AMBES 10MG(AMLOPINE) 10x10'S(GPO),฿97
AMBES 5MG(AMLOPINE) 10x10'S(GPO),฿57
ANTACIL 50x10's (TNP),฿484
AZYCIN 250 MG(AZITHRO) 6'S(GPO),฿70
B-100 COMPLEX (B3-B1-B2-B6)50x1ML(TP.),฿227
BELCID FORTE SUSP 240ML.20ขวด/ลัง,฿34
หน้ากาก NEXT HEALTH 3ชั้น 50'S/BX.(สีชมพู) *P,฿37.5
หน้ากาก NEXT HEALTH 3ชั้น 50'S/BX.(สีดำ) *P,฿37.5
หน้ากาก NEXT HEALTH 3ชั้น 50'S/BX.(สีฟ้า) *P,฿37.5
น้ำมันมวย 450CC.ปอนด์ /ขวด,฿272
น้ำมันมวย 60CC.กลาง,฿65.5
น้ำมันมวยครีม 100G.,฿77
น้ำมันมวยครีม 30G. /หลอด,฿34
น้ำมันมวยครีม 60G. /หลอด,฿59
น้ำมันมวยสเปรย์ 40CC.,฿54.5
น้ำมันมะกอกหอม โอรีโอ้ 60ซีซี.(แสงสว่าง),฿10.5
น้ำมันละหุ่งหวาน 60CC./ขวด(วิทยาศรม),฿17.5
3M COLDHOT THERAPY HAPPY KID PACK 2'S,฿189
3M INTERDENTAL BRUSH 3'S(1.0MM)ด้ามงอ,฿132.5
3M MICROPORE 1นิ้วx10หลาx12ม้วน/แพ็ค(มีแท่นตัด),฿49
3M MICROPORE 1นิ้วx10หลาx12ม้วน/แพ็ค.(สีเนื้อ),฿42.75
3M โคแบน เทปพันยืดหยุ่น 2นิ้วx5หลาx1ม้วน(สีเนื้อ),"฿99,999"
3M ไหมขัดฟันมีด้ามFINE SLIDE FLOSSER 30'S,฿35.5
3M.TEGADERM 10x12CM.3ชิ้น/BX.(A2),฿63.5
4 MIX OIL 30'S(สุภาพโอสถ),฿143.5
3M TRANSPORE 1/2นิ้วx5หลาx12ม้วน/แพ็ค,฿201
3M แผ่นซับสิว สีชมพู 12ชิ้น(กลม),฿54.75
AMBES 10MG(AMLOPINE) 10x10'S(GPO),฿97
AMBES 5MG(AMLOPINE) 10x10'S(GPO),฿57
ANTACIL 50x10's (TNP),฿484
AZYCIN 250 MG(AZITHRO) 6'S(GPO),฿70
B-100 COMPLEX (B3-B1-B2-B6)50x1ML(TP.),฿227
BELCID FORTE SUSP 240ML.20ขวด/ลัง,฿34
หน้ากาก NEXT HEALTH 3ชั้น 50'S/BX.(สีชมพู) *P,฿37.5
หน้ากาก NEXT HEALTH 3ชั้น 50'S/BX.(สีดำ) *P,฿37.5
หน้ากาก NEXT HEALTH 3ชั้น 50'S/BX.(สีฟ้า) *P,฿37.5
บ๊วยเค็มอบแห้ง (อบบ๊วย) 50กรัม ตราอีแอล,฿18
บ๊วยสดแช่อิ่ม 100กรัม ตราอีเเอล,฿35.75
บ๊วยหวาน 60กรัม ตราอีแอล,฿18
บ๊วยห้ารสตราอีแอล 65กรัม ตราอีแอล,฿18
ผงปูนคลอรีน เข้มข้น 70กรัม(วิทยาศรม),฿38.5
ผ้าอ้อมผู้ใหญ่ CASOFTชนิดเทป ไซซ์ L 10ชิ้น(ลัง10ห่อ),฿148.5
ผ้าอ้อมผู้ใหญ่ CASOFTชนิดเทป ไซซ์ M 10ชิ้น(ลัง10ห่อ),฿122.5
ผ้าอ้อมผู้ใหญ่ CASOFTชนิดเทป ไซซ์ XL 10ชิ้น(ลัง10ห่อ),฿202
3M COLDHOT THERAPY HAPPY KID PACK 2'S,฿189
3M INTERDENTAL BRUSH 3'S(1.0MM)ด้ามงอ,฿132.5
3M MICROPORE 1นิ้วx10หลาx12ม้วน/แพ็ค(มีแท่นตัด),฿49
3M MICROPORE 1นิ้วx10หลาx12ม้วน/แพ็ค.(สีเนื้อ),฿42.75
3M โคแบน เทปพันยืดหยุ่น 2นิ้วx5หลาx1ม้วน(สีเนื้อ),"฿99,999"
3M ไหมขัดฟันมีด้ามFINE SLIDE FLOSSER 30'S,฿35.5
3M.TEGADERM 10x12CM.3ชิ้น/BX.(A2),฿63.5
4 MIX OIL 30'S(สุภาพโอสถ),฿143.5
3M TRANSPORE 1/2นิ้วx5หลาx12ม้วน/แพ็ค,฿201
3M แผ่นซับสิว สีชมพู 12ชิ้น(กลม),฿54.75
AMBES 10MG(AMLOPINE) 10x10'S(GPO),฿97
AMBES 5MG(AMLOPINE) 10x10'S(GPO),฿57
ANTACIL 50x10's (TNP),฿484
AZYCIN 250 MG(AZITHRO) 6'S(GPO),฿70
B-100 COMPLEX (B3-B1-B2-B6)50x1ML(TP.),฿227
BELCID FORTE SUSP 240ML.20ขวด/ลัง,฿34
หน้ากาก NEXT HEALTH 3ชั้น 50'S/BX.(สีชมพู) *P,฿37.5
หน้ากาก NEXT HEALTH 3ชั้น 50'S/BX.(สีดำ) *P,฿37.5
หน้ากาก NEXT HEALTH 3ชั้น 50'S/BX.(สีฟ้า) *P,฿37.5
พลูคาวสกัดพลัส 60เม็ด(ขาวละออ),฿232.75
พิมเสนน้ำตรา เฌอเอม คละสี 8ซีซี.(ใหญ่)แพ็ค1โหล,฿32.75
มหาหิงค์-VS.120CC./ขวด(วิทยาศรม),฿33.25
มหาหิงค์-VS.60CC./ขวด(วิทยาศรม),฿19
มะขามแขกสกัด เซนน่า 7.5MG. 1x20'S(ตราธงทอง),฿19.75
มะม่วง ขนาดขวดจัมโบ้(ชะเอมหวาน)55กรัม ตราอีแอล,฿18
มะม่วงมาเลย์(เชคบ๊วย) 80กรัม ตราอีแอล,฿35.75
มะละกอ(บ่อฮวยบ๊วย) 45กรัม ตราอีแอล,฿18
3M COLDHOT THERAPY HAPPY KID PACK 2'S,฿189
3M INTERDENTAL BRUSH 3'S(1.0MM)ด้ามงอ,฿132.5
3M MICROPORE 1นิ้วx10หลาx12ม้วน/แพ็ค(มีแท่นตัด),฿49
3M MICROPORE 1นิ้วx10หลาx12ม้วน/แพ็ค.(สีเนื้อ),฿42.75
3M โคแบน เทปพันยืดหยุ่น 2นิ้วx5หลาx1ม้วน(สีเนื้อ),"฿99,999"
3M ไหมขัดฟันมีด้ามFINE SLIDE FLOSSER 30'S,฿35.5
3M.TEGADERM 10x12CM.3ชิ้น/BX.(A2),฿63.5
4 MIX OIL 30'S(สุภาพโอสถ),฿143.5
3M TRANSPORE 1/2นิ้วx5หลาx12ม้วน/แพ็ค,฿201
3M แผ่นซับสิว สีชมพู 12ชิ้น(กลม),฿54.75
AMBES 10MG(AMLOPINE) 10x10'S(GPO),฿97
AMBES 5MG(AMLOPINE) 10x10'S(GPO),฿57
ANTACIL 50x10's (TNP),฿484
AZYCIN 250 MG(AZITHRO) 6'S(GPO),฿70
B-100 COMPLEX (B3-B1-B2-B6)50x1ML(TP.),฿227
BELCID FORTE SUSP 240ML.20ขวด/ลัง,฿34
หน้ากาก NEXT HEALTH 3ชั้น 50'S/BX.(สีชมพู) *P,฿37.5
หน้ากาก NEXT HEALTH 3ชั้น 50'S/BX.(สีดำ) *P,฿37.5
หน้ากาก NEXT HEALTH 3ชั้น 50'S/BX.(สีฟ้า) *P,฿37.5
มิกซ์มะเขือเทศ+องุ่น 70กรัม ตราอีเเอล,฿35.75
ยันฮี ฟ้าทะลายโจร 60เม็ด/ขวด,฿40.75
ยาเหลืองใหญ่ตราเครื่องบินลูกโลก 8เม็ด/ซอง,฿8
ยาแก้ไอชวนป๋วยปีแป่กอลูกกตัญญู-เล็ก 75CC. #3,฿63.5
ยาแก้ไอชวนป๋วยปีแป่กอลูกกตัญญู-กลาง 150CC.#2,฿93
ยาแก้ไอน้ำดำเสือดาว-เล็ก 60 ซีซี(ลังละ12โหล),฿16.5
ยาแคปซูลกระชายดำ 100แคปซูล(ขาวละออ),฿158.5
ยาแคปซูลขมิ้นชัน ตราธงทอง 100'S(120.-),฿65.25
3M COLDHOT THERAPY HAPPY KID PACK 2'S,฿189
3M INTERDENTAL BRUSH 3'S(1.0MM)ด้ามงอ,฿132.5
3M MICROPORE 1นิ้วx10หลาx12ม้วน/แพ็ค(มีแท่นตัด),฿49
3M MICROPORE 1นิ้วx10หลาx12ม้วน/แพ็ค.(สีเนื้อ),฿42.75
3M โคแบน เทปพันยืดหยุ่น 2นิ้วx5หลาx1ม้วน(สีเนื้อ),"฿99,999"
3M ไหมขัดฟันมีด้ามFINE SLIDE FLOSSER 30'S,฿35.5
3M.TEGADERM 10x12CM.3ชิ้น/BX.(A2),฿63.5
4 MIX OIL 30'S(สุภาพโอสถ),฿143.5
3M TRANSPORE 1/2นิ้วx5หลาx12ม้วน/แพ็ค,฿201
3M แผ่นซับสิว สีชมพู 12ชิ้น(กลม),฿54.75
AMBES 10MG(AMLOPINE) 10x10'S(GPO),฿97
AMBES 5MG(AMLOPINE) 10x10'S(GPO),฿57
ANTACIL 50x10's (TNP),฿484
AZYCIN 250 MG(AZITHRO) 6'S(GPO),฿70
B-100 COMPLEX (B3-B1-B2-B6)50x1ML(TP.),฿227
BELCID FORTE SUSP 240ML.20ขวด/ลัง,฿34
หน้ากาก NEXT HEALTH 3ชั้น 50'S/BX.(สีชมพู) *P,฿37.5
หน้ากาก NEXT HEALTH 3ชั้น 50'S/BX.(สีดำ) *P,฿37.5
หน้ากาก NEXT HEALTH 3ชั้น 50'S/BX.(สีฟ้า) *P,฿37.5
ยาแคปซูลขิง ตราธงทอง 100'S(160.-),฿83.5
ยากุมารกาไก่ 300ซีซี 24ขวด/ลัง,฿26.5
ยาขมเม็ด ตราตะขาบ 5 ตัว (3โหล/กล่อง),฿13.5
ยาคุม DERAREZ 21'S (สูตรYASMIN),฿236.5
ยาคุม GVEZA  21'S (สูตร YASMIN),฿194
ยาคุม LAURA-35 (POND'S)แพ็คละ20แผง,฿59
ยาคุม MINIDOZ 28'S(GTD60MCG/EE15MCG),฿137
ยาคุม NEXTSTELLIS 3MG./15MG.28'S(OLIC),฿460
3M COLDHOT THERAPY HAPPY KID PACK 2'S,฿189
3M INTERDENTAL BRUSH 3'S(1.0MM)ด้ามงอ,฿132.5
3M MICROPORE 1นิ้วx10หลาx12ม้วน/แพ็ค(มีแท่นตัด),฿49
3M MICROPORE 1นิ้วx10หลาx12ม้วน/แพ็ค.(สีเนื้อ),฿42.75
3M โคแบน เทปพันยืดหยุ่น 2นิ้วx5หลาx1ม้วน(สีเนื้อ),"฿99,999"
3M ไหมขัดฟันมีด้ามFINE SLIDE FLOSSER 30'S,฿35.5
3M.TEGADERM 10x12CM.3ชิ้น/BX.(A2),฿63.5
4 MIX OIL 30'S(สุภาพโอสถ),฿143.5
3M TRANSPORE 1/2นิ้วx5หลาx12ม้วน/แพ็ค,฿201
3M แผ่นซับสิว สีชมพู 12ชิ้น(กลม),฿54.75
AMBES 10MG(AMLOPINE) 10x10'S(GPO),฿97
AMBES 5MG(AMLOPINE) 10x10'S(GPO),฿57
ANTACIL 50x10's (TNP),฿484
AZYCIN 250 MG(AZITHRO) 6'S(GPO),฿70
B-100 COMPLEX (B3-B1-B2-B6)50x1ML(TP.),฿227
BELCID FORTE SUSP 240ML.20ขวด/ลัง,฿34
หน้ากาก NEXT HEALTH 3ชั้น 50'S/BX.(สีชมพู) *P,฿37.5
หน้ากาก NEXT HEALTH 3ชั้น 50'S/BX.(สีดำ) *P,฿37.5
หน้ากาก NEXT HEALTH 3ชั้น 50'S/BX.(สีฟ้า) *P,฿37.5
ยาคุม SLINDA 28'S(DROSPIRENONE)EXELTIS,฿314.75
ยาคุมฉีด DEPO-A INJ 3ML 150MG.(แพ็ค10ขวด),฿97
ยาดมเซียงเพียว หลอด(แพ็คละ60หลอด),฿18.5
ยาดมเป๊ปเปอร์มินท์ แบล็คอินเฮลเลอร์ 60'S/BX.,฿20.25
ยาดมสมุนไพรเป๊ปเปอร์มินท์ ฟิลด์ แบล็คเฮอร์เบิล 6กรัม,฿35.5
ยาดมสมุนไพรตราหงส์ไทย สูตร1 8ซีซี.(กระปุกเขียว),฿32.5
ยาธาตุ๔-กิเลน เล็ก 180CC.24'S/ลัง,฿36
ยาธาตุ๔-กิเลน กลาง 300CC.24'S/ลัง,฿48.25
3M COLDHOT THERAPY HAPPY KID PACK 2'S,฿189
3M INTERDENTAL BRUSH 3'S(1.0MM)ด้ามงอ,฿132.5
3M MICROPORE 1นิ้วx10หลาx12ม้วน/แพ็ค(มีแท่นตัด),฿49
3M MICROPORE 1นิ้วx10หลาx12ม้วน/แพ็ค.(สีเนื้อ),฿42.75
3M โคแบน เทปพันยืดหยุ่น 2นิ้วx5หลาx1ม้วน(สีเนื้อ),"฿99,999"
3M ไหมขัดฟันมีด้ามFINE SLIDE FLOSSER 30'S,฿35.5
3M.TEGADERM 10x12CM.3ชิ้น/BX.(A2),฿63.5
4 MIX OIL 30'S(สุภาพโอสถ),฿143.5
3M TRANSPORE 1/2นิ้วx5หลาx12ม้วน/แพ็ค,฿201
3M แผ่นซับสิว สีชมพู 12ชิ้น(กลม),฿54.75
AMBES 10MG(AMLOPINE) 10x10'S(GPO),฿97
AMBES 5MG(AMLOPINE) 10x10'S(GPO),฿57
ANTACIL 50x10's (TNP),฿484
AZYCIN 250 MG(AZITHRO) 6'S(GPO),฿70
B-100 COMPLEX (B3-B1-B2-B6)50x1ML(TP.),฿227
BELCID FORTE SUSP 240ML.20ขวด/ลัง,฿34
หน้ากาก NEXT HEALTH 3ชั้น 50'S/BX.(สีชมพู) *P,฿37.5
หน้ากาก NEXT HEALTH 3ชั้น 50'S/BX.(สีดำ) *P,฿37.5
หน้ากาก NEXT HEALTH 3ชั้น 50'S/BX.(สีฟ้า) *P,฿37.5
ยาธาตุจอมทอง 300ซีซี,฿36
ยาธาตุน้ำแดงวิทยาศรม 300CC.ล./ลัง24ขวด,฿29.5
ยาธาตุน้ำแดงวิทยาศรม 500CC.ญ./ขวด,฿38
ยาธาตุน้ำแดงวิทยาศรม 60CC.,฿14.5
ยาน้ำแก้ไอ ยูอีคอฟ โอเอส 120CC.(ไม่มีน้ำตาล),฿29.5
ยาน้ำแก้ไอ ยูอีคอฟ ซีดี 120CC.(มะขามป้อม),฿29.5
ยาน้ำแก้ไอ ยูอีคอฟ ซีดี 60CC.(มะขามป้อม),฿16.25
ยาน้ำแก้ไอตรา ไอ-เฮิร์บ OCT 60ML(MILLIMED),฿23.25
3M COLDHOT THERAPY HAPPY KID PACK 2'S,฿189
3M INTERDENTAL BRUSH 3'S(1.0MM)ด้ามงอ,฿132.5
3M MICROPORE 1นิ้วx10หลาx12ม้วน/แพ็ค(มีแท่นตัด),฿49
3M MICROPORE 1นิ้วx10หลาx12ม้วน/แพ็ค.(สีเนื้อ),฿42.75
3M โคแบน เทปพันยืดหยุ่น 2นิ้วx5หลาx1ม้วน(สีเนื้อ),"฿99,999"
3M ไหมขัดฟันมีด้ามFINE SLIDE FLOSSER 30'S,฿35.5
3M.TEGADERM 10x12CM.3ชิ้น/BX.(A2),฿63.5
4 MIX OIL 30'S(สุภาพโอสถ),฿143.5
3M TRANSPORE 1/2นิ้วx5หลาx12ม้วน/แพ็ค,฿201
3M แผ่นซับสิว สีชมพู 12ชิ้น(กลม),฿54.75
AMBES 10MG(AMLOPINE) 10x10'S(GPO),฿97
AMBES 5MG(AMLOPINE) 10x10'S(GPO),฿57
ANTACIL 50x10's (TNP),฿484
AZYCIN 250 MG(AZITHRO) 6'S(GPO),฿70
B-100 COMPLEX (B3-B1-B2-B6)50x1ML(TP.),฿227
BELCID FORTE SUSP 240ML.20ขวด/ลัง,฿34
หน้ากาก NEXT HEALTH 3ชั้น 50'S/BX.(สีชมพู) *P,฿37.5
หน้ากาก NEXT HEALTH 3ชั้น 50'S/BX.(สีดำ) *P,฿37.5
หน้ากาก NEXT HEALTH 3ชั้น 50'S/BX.(สีฟ้า) *P,฿37.5
ยาน้ำมันเลียงผา ตราแม่กุหลาบ เล็ก 3ซีซี(น้ำตาล),฿18.5
ยาน้ำมันเลียงผา ตราแม่กุหลาบ ใหญ่ 20ซีซี(น้ำตาล),฿78.5
ยาน้ำมันตราวังว่าน(สเปรย์) 60CC.,฿135
ยาฟอกโลหิต ตราสิงห์แดง 500ML,฿132.5
ยาฟอกโลหิต ตราสิงห์แดง แคปซูล40'S,฿132.5
ยาระบาย 123 10'S./แผง(แพ็ค10แผง),฿47
ยาริดสีดวง ตราสามก๊ก 120 เม็ด ใหม่,฿55
ยาริดสีดวงปลามังกร-ล.200'S./ขวด,฿60
3M COLDHOT THERAPY HAPPY KID PACK 2'S,฿189
3M INTERDENTAL BRUSH 3'S(1.0MM)ด้ามงอ,฿132.5
3M MICROPORE 1นิ้วx10หลาx12ม้วน/แพ็ค(มีแท่นตัด),฿49
3M MICROPORE 1นิ้วx10หลาx12ม้วน/แพ็ค.(สีเนื้อ),฿42.75
3M โคแบน เทปพันยืดหยุ่น 2นิ้วx5หลาx1ม้วน(สีเนื้อ),"฿99,999"
3M ไหมขัดฟันมีด้ามFINE SLIDE FLOSSER 30'S,฿35.5
3M.TEGADERM 10x12CM.3ชิ้น/BX.(A2),฿63.5
4 MIX OIL 30'S(สุภาพโอสถ),฿143.5
3M TRANSPORE 1/2นิ้วx5หลาx12ม้วน/แพ็ค,฿201
3M แผ่นซับสิว สีชมพู 12ชิ้น(กลม),฿54.75
AMBES 10MG(AMLOPINE) 10x10'S(GPO),฿97
AMBES 5MG(AMLOPINE) 10x10'S(GPO),฿57
ANTACIL 50x10's (TNP),฿484
AZYCIN 250 MG(AZITHRO) 6'S(GPO),฿70
B-100 COMPLEX (B3-B1-B2-B6)50x1ML(TP.),฿227
BELCID FORTE SUSP 240ML.20ขวด/ลัง,฿34
หน้ากาก NEXT HEALTH 3ชั้น 50'S/BX.(สีชมพู) *P,฿37.5
หน้ากาก NEXT HEALTH 3ชั้น 50'S/BX.(สีดำ) *P,฿37.5
หน้ากาก NEXT HEALTH 3ชั้น 50'S/BX.(สีฟ้า) *P,฿37.5
ยาว่านชักมดลูกจอมใจ-เล็ก 300ซีซี. *P,฿139.75
ยาว่านชักมดลูกจอมใจ-ใหญ่ 750ซีซี. *P,฿279.75
ยาสตรีเล่งคุณ+โสม 500 ซีซี (ชมพู),฿64.25
ยาสตรีเล่งคุณ+โสม ชนิดแคปซูล 30'S (ชมพู),฿61.75
ยาสตรีเล่งคุณสูตร 2 กวาวเครือ 40แคปซูล,฿72.75
ยาสตรีเล่งคุณหลังคลอด สูตร2 500ซีซี (ฟ้า),฿127.5
ยาสตรีจอมทอง 300ซีซี./ขวด,฿41
ยาสตรีนิสิงเหจอมทอง-ญ.750ซีซี./ขวด *P,฿82.75
3M COLDHOT THERAPY HAPPY KID PACK 2'S,฿189
3M INTERDENTAL BRUSH 3'S(1.0MM)ด้ามงอ,฿132.5
3M MICROPORE 1นิ้วx10หลาx12ม้วน/แพ็ค(มีแท่นตัด),฿49
3M MICROPORE 1นิ้วx10หลาx12ม้วน/แพ็ค.(สีเนื้อ),฿42.75
3M โคแบน เทปพันยืดหยุ่น 2นิ้วx5หลาx1ม้วน(สีเนื้อ),"฿99,999"
3M ไหมขัดฟันมีด้ามFINE SLIDE FLOSSER 30'S,฿35.5
3M.TEGADERM 10x12CM.3ชิ้น/BX.(A2),฿63.5
4 MIX OIL 30'S(สุภาพโอสถ),฿143.5
3M TRANSPORE 1/2นิ้วx5หลาx12ม้วน/แพ็ค,฿201
3M แผ่นซับสิว สีชมพู 12ชิ้น(กลม),฿54.75
AMBES 10MG(AMLOPINE) 10x10'S(GPO),฿97
AMBES 5MG(AMLOPINE) 10x10'S(GPO),฿57
ANTACIL 50x10's (TNP),฿484
AZYCIN 250 MG(AZITHRO) 6'S(GPO),฿70
B-100 COMPLEX (B3-B1-B2-B6)50x1ML(TP.),฿227
BELCID FORTE SUSP 240ML.20ขวด/ลัง,฿34
หน้ากาก NEXT HEALTH 3ชั้น 50'S/BX.(สีชมพู) *P,฿37.5
หน้ากาก NEXT HEALTH 3ชั้น 50'S/BX.(สีดำ) *P,฿37.5
หน้ากาก NEXT HEALTH 3ชั้น 50'S/BX.(สีฟ้า) *P,฿37.5
ยาหม่องเหลือง เซียงเพียว 12G./ขวด(แดง),฿28.5
ยาหม่องแท่ง เป๊ปเปอร์มินท์ ฟิลด์ กลิ่นชาเขียว 6กรัม,฿40
ยาหม่องโพธิ์หยก(สูตร2) แพ็ค3x15G.(เล็ก),฿82.75
ยาหม่องขาว เซียงเพียว 12G./ขวด(ขาว),฿22
ยาหม่องตรา วังว่าน 50G,฿102
ยาหม่องตราเสือ 10G.แดง/ขวด,฿42.75
ยาหม่องตราเสือ 10G.ขาว/ขวด,฿43.5
ยาหม่องตราเสือ 19.4G.แดง /ขวด,฿60
3M COLDHOT THERAPY HAPPY KID PACK 2'S,฿189
3M INTERDENTAL BRUSH 3'S(1.0MM)ด้ามงอ,฿132.5
3M MICROPORE 1นิ้วx10หลาx12ม้วน/แพ็ค(มีแท่นตัด),฿49
3M MICROPORE 1นิ้วx10หลาx12ม้วน/แพ็ค.(สีเนื้อ),฿42.75
3M โคแบน เทปพันยืดหยุ่น 2นิ้วx5หลาx1ม้วน(สีเนื้อ),"฿99,999"
3M ไหมขัดฟันมีด้ามFINE SLIDE FLOSSER 30'S,฿35.5
3M.TEGADERM 10x12CM.3ชิ้น/BX.(A2),฿63.5
4 MIX OIL 30'S(สุภาพโอสถ),฿143.5
3M TRANSPORE 1/2นิ้วx5หลาx12ม้วน/แพ็ค,฿201
3M แผ่นซับสิว สีชมพู 12ชิ้น(กลม),฿54.75
AMBES 10MG(AMLOPINE) 10x10'S(GPO),฿97
AMBES 5MG(AMLOPINE) 10x10'S(GPO),฿57
ANTACIL 50x10's (TNP),฿484
AZYCIN 250 MG(AZITHRO) 6'S(GPO),฿70
B-100 COMPLEX (B3-B1-B2-B6)50x1ML(TP.),฿227
BELCID FORTE SUSP 240ML.20ขวด/ลัง,฿34
หน้ากาก NEXT HEALTH 3ชั้น 50'S/BX.(สีชมพู) *P,฿37.5
หน้ากาก NEXT HEALTH 3ชั้น 50'S/BX.(สีดำ) *P,฿37.5
หน้ากาก NEXT HEALTH 3ชั้น 50'S/BX.(สีฟ้า) *P,฿37.5
ยาหม่องตราเสือ 19.4G.ขาว /ขวด,฿60
ยาหอมเม็ดเทพจิตร ห้าม้าโอสถเล็ก 30เม็ด/แพ็ค24ขวด,฿379.5
ยาหอมเม็ดเทพจิตร ห้าม้าโอสถใหญ่ 100เม็ด(แพ็ค12ขวด),฿508.5
วังพรม ยาหม่องเสลดพังพอน 100G.(เขียว),฿101.5
วังพรม ยาหม่องเสลดพังพอน 50G.(เขียว),฿55.75
วังพรม ยาหม่องสูตรไพล 100G.(เหลือง),฿101.5
วังพรม ยาหม่องสูตรไพล 20G.(เหลือง),฿32
สบู่ DETTOL ICY CRUSHED 65G.,฿13.75
3M COLDHOT THERAPY HAPPY KID PACK 2'S,฿189
3M INTERDENTAL BRUSH 3'S(1.0MM)ด้ามงอ,฿132.5
3M MICROPORE 1นิ้วx10หลาx12ม้วน/แพ็ค(มีแท่นตัด),฿49
3M MICROPORE 1นิ้วx10หลาx12ม้วน/แพ็ค.(สีเนื้อ),฿42.75
3M โคแบน เทปพันยืดหยุ่น 2นิ้วx5หลาx1ม้วน(สีเนื้อ),"฿99,999"
3M ไหมขัดฟันมีด้ามFINE SLIDE FLOSSER 30'S,฿35.5
3M.TEGADERM 10x12CM.3ชิ้น/BX.(A2),฿63.5
4 MIX OIL 30'S(สุภาพโอสถ),฿143.5
3M TRANSPORE 1/2นิ้วx5หลาx12ม้วน/แพ็ค,฿201
3M แผ่นซับสิว สีชมพู 12ชิ้น(กลม),฿54.75
AMBES 10MG(AMLOPINE) 10x10'S(GPO),฿97
AMBES 5MG(AMLOPINE) 10x10'S(GPO),฿57
ANTACIL 50x10's (TNP),฿484
AZYCIN 250 MG(AZITHRO) 6'S(GPO),฿70
B-100 COMPLEX (B3-B1-B2-B6)50x1ML(TP.),฿227
BELCID FORTE SUSP 240ML.20ขวด/ลัง,฿34
หน้ากาก NEXT HEALTH 3ชั้น 50'S/BX.(สีชมพู) *P,฿37.5
หน้ากาก NEXT HEALTH 3ชั้น 50'S/BX.(สีดำ) *P,฿37.5
หน้ากาก NEXT HEALTH 3ชั้น 50'S/BX.(สีฟ้า) *P,฿37.5
สมุนไพร คุณสัมฤทธิ์ ริซซี่ 10'Sx6ซอง/กล่อง,฿246
สมุนไพร คุณสัมฤทธิ์ สบาย 10'Sx6ซอง/กล่อง,฿246
สมุนไพร คุณสัมฤทธิ์ สามสิบ 10'Sx6ซอง/กล่อง,฿246
สำลีแผ่นกลมเช็ดหน้า รถพยาบาล 80แผ่น,฿24
สำลีแผ่นนางพยาบาล 40กรัม,฿18
สำลีแผ่นรถพยาบาล 4''x 6'' 100กรัม,฿37.75
สำลีแผ่นรีดข้าง ตรานางพยาบาล 100แผ่น,฿24.75
สำลีบอล รถพยาบาล 20กรัม/ห่อ,฿8
3M COLDHOT THERAPY HAPPY KID PACK 2'S,฿189
3M INTERDENTAL BRUSH 3'S(1.0MM)ด้ามงอ,฿132.5
3M MICROPORE 1นิ้วx10หลาx12ม้วน/แพ็ค(มีแท่นตัด),฿49
3M MICROPORE 1นิ้วx10หลาx12ม้วน/แพ็ค.(สีเนื้อ),฿42.75
3M โคแบน เทปพันยืดหยุ่น 2นิ้วx5หลาx1ม้วน(สีเนื้อ),"฿99,999"
3M ไหมขัดฟันมีด้ามFINE SLIDE FLOSSER 30'S,฿35.5
3M.TEGADERM 10x12CM.3ชิ้น/BX.(A2),฿63.5
4 MIX OIL 30'S(สุภาพโอสถ),฿143.5
3M TRANSPORE 1/2นิ้วx5หลาx12ม้วน/แพ็ค,฿201
3M แผ่นซับสิว สีชมพู 12ชิ้น(กลม),฿54.75
AMBES 10MG(AMLOPINE) 10x10'S(GPO),฿97
AMBES 5MG(AMLOPINE) 10x10'S(GPO),฿57
ANTACIL 50x10's (TNP),฿484
AZYCIN 250 MG(AZITHRO) 6'S(GPO),฿70
B-100 COMPLEX (B3-B1-B2-B6)50x1ML(TP.),฿227
BELCID FORTE SUSP 240ML.20ขวด/ลัง,฿34
หน้ากาก NEXT HEALTH 3ชั้น 50'S/BX.(สีชมพู) *P,฿37.5
หน้ากาก NEXT HEALTH 3ชั้น 50'S/BX.(สีดำ) *P,฿37.5
หน้ากาก NEXT HEALTH 3ชั้น 50'S/BX.(สีฟ้า) *P,฿37.5
สำลีม้วน-รถพยาบาล 200G./ม้วน,฿55.5
หน้ากาก NEXT HEALTH N95 30'S(สีขาว),฿87.5
หน้ากากมีวาล์ว N-95 RESCUE GURD 12'S/BX.,฿32.75
หน้ากากอนามัย SOS PLUS 20'S(สีขาว),฿49.75
หน้ากากอนามัย SOS PLUS 20'S(สีฟ้า),฿49.75
อภัยภูเบศรยาอมสมุนไพรผสมมะขามป้อม(สูตร2) 40เม็ด,฿8.75
อีแอล ลูกท้ออบแห้ง ขวดใหญ่(แพ็ค20ขวด),฿18
3M COLDHOT THERAPY HAPPY KID PACK 2'S,฿189
3M INTERDENTAL BRUSH 3'S(1.0MM)ด้ามงอ,฿132.5
3M MICROPORE 1นิ้วx10หลาx12ม้วน/แพ็ค(มีแท่นตัด),฿49
3M MICROPORE 1นิ้วx10หลาx12ม้วน/แพ็ค.(สีเนื้อ),฿42.75
3M โคแบน เทปพันยืดหยุ่น 2นิ้วx5หลาx1ม้วน(สีเนื้อ),"฿99,999"
3M ไหมขัดฟันมีด้ามFINE SLIDE FLOSSER 30'S,฿35.5
3M.TEGADERM 10x12CM.3ชิ้น/BX.(A2),฿63.5
4 MIX OIL 30'S(สุภาพโอสถ),฿143.5
3M TRANSPORE 1/2นิ้วx5หลาx12ม้วน/แพ็ค,฿201
3M แผ่นซับสิว สีชมพู 12ชิ้น(กลม),฿54.75
AMBES 10MG(AMLOPINE) 10x10'S(GPO),฿97
AMBES 5MG(AMLOPINE) 10x10'S(GPO),฿57
ANTACIL 50x10's (TNP),฿484
AZYCIN 250 MG(AZITHRO) 6'S(GPO),฿70
B-100 COMPLEX (B3-B1-B2-B6)50x1ML(TP.),฿227
BELCID FORTE SUSP 240ML.20ขวด/ลัง,฿34
หน้ากาก NEXT HEALTH 3ชั้น 50'S/BX.(สีชมพู) *P,฿37.5
หน้ากาก NEXT HEALTH 3ชั้น 50'S/BX.(สีดำ) *P,฿37.5
หน้ากาก NEXT HEALTH 3ชั้น 50'S/BX.(สีฟ้า) *P,฿37.5
สำลีม้วน-รถพยาบาล 200G./ม้วน,฿55.5
หน้ากาก NEXT HEALTH N95 30'S(สีขาว),฿87.5
หน้ากากมีวาล์ว N-95 RESCUE GURD 12'S/BX.,฿32.75
หน้ากากอนามัย SOS PLUS 20'S(สีขาว),฿49.75
หน้ากากอนามัย SOS PLUS 20'S(สีฟ้า),฿49.75
อภัยภูเบศรยาอมสมุนไพรผสมมะขามป้อม(สูตร2) 40เม็ด,฿8.75
อีแอล ลูกท้ออบแห้ง ขวดใหญ่(แพ็ค20ขวด),฿18
7V FIBER(ดีท็อก) 15G.x7'S/BX.(ตราเอลล่า),฿124.5
A-B-WORM 2'S (ALBENDAZOLE 200MG.),฿8
ACCUFAST FLU A/B & RSV TEST 1'S/BX.(NASAL),฿46
ACEVAX 400MG. 10x10'S(ACICLOVIR)L.B.S,฿352
ACNOCIN C 300MG.10x10'S/BX.(CLINDA)ชุมชน,฿342.5
ACTEWOUND CLEAR 7x15CM.1'S./กล่อง,฿284.75
ACTEWOUND SI UV SILICONE GEL 10G.,"฿99,999"
ACYVIR 400 10x10'S(ACYCLOVIR)CPL.,฿200.75
3M TRANSPORE 1/2นิ้วx5หลาx12ม้วน/แพ็ค,฿201
3M แผ่นซับสิว สีชมพู 12ชิ้น(กลม),฿54.75
AMBES 10MG(AMLOPINE) 10x10'S(GPO),฿97
AMBES 5MG(AMLOPINE) 10x10'S(GPO),฿57
ANTACIL 50x10's (TNP),฿484
AZYCIN 250 MG(AZITHRO) 6'S(GPO),฿70
B-100 COMPLEX (B3-B1-B2-B6)50x1ML(TP.),฿227
BELCID FORTE SUSP 240ML.20ขวด/ลัง,฿34
หน้ากาก NEXT HEALTH 3ชั้น 50'S/BX.(สีชมพู) *P,฿37.5
หน้ากาก NEXT HEALTH 3ชั้น 50'S/BX.(สีดำ) *P,฿37.5
หน้ากาก NEXT HEALTH 3ชั้น 50'S/BX.(สีฟ้า) *P,฿37.5
สำลีม้วน-รถพยาบาล 200G./ม้วน,฿55.5
หน้ากาก NEXT HEALTH N95 30'S(สีขาว),฿87.5
หน้ากากมีวาล์ว N-95 RESCUE GURD 12'S/BX.,฿32.75
หน้ากากอนามัย SOS PLUS 20'S(สีขาว),฿49.75
หน้ากากอนามัย SOS PLUS 20'S(สีฟ้า),฿49.75
อภัยภูเบศรยาอมสมุนไพรผสมมะขามป้อม(สูตร2) 40เม็ด,฿8.75
อีแอล ลูกท้ออบแห้ง ขวดใหญ่(แพ็ค20ขวด),฿18
AERIUS ORAL SOLUTION 60ML.(SUGARFREE) *P,฿202
AEROTIDE 25/250  120DOSE (สูตร SERETIDE),฿458
AIRROX 10x10'S(SIMETHICONE 80MG.),฿85.5
ALBEN 12ซองx10ML/BX. (BIOPHARM),฿184
"ALCOBEX 10x10'S(B1,B6,B12)PML.",฿149
A-LEAZE 1x10'S(สูตรXYZAL) LEVOCET.,฿65.5
ALICIA 5000 กระเทียมสกัดชนิดเม็ด 60'S(ขาวละออ),฿352
ALQUABUMIN ผงแอลบูมินจากไข่ ชนิดชงดื่ม 400G.,฿546
3M TRANSPORE 1/2นิ้วx5หลาx12ม้วน/แพ็ค,฿201
3M แผ่นซับสิว สีชมพู 12ชิ้น(กลม),฿54.75
AMBES 10MG(AMLOPINE) 10x10'S(GPO),฿97
AMBES 5MG(AMLOPINE) 10x10'S(GPO),฿57
ANTACIL 50x10's (TNP),฿484
AZYCIN 250 MG(AZITHRO) 6'S(GPO),฿70
B-100 COMPLEX (B3-B1-B2-B6)50x1ML(TP.),฿227
BELCID FORTE SUSP 240ML.20ขวด/ลัง,฿34
หน้ากาก NEXT HEALTH 3ชั้น 50'S/BX.(สีชมพู) *P,฿37.5
หน้ากาก NEXT HEALTH 3ชั้น 50'S/BX.(สีดำ) *P,฿37.5
หน้ากาก NEXT HEALTH 3ชั้น 50'S/BX.(สีฟ้า) *P,฿37.5
สำลีม้วน-รถพยาบาล 200G./ม้วน,฿55.5
หน้ากาก NEXT HEALTH N95 30'S(สีขาว),฿87.5
หน้ากากมีวาล์ว N-95 RESCUE GURD 12'S/BX.,฿32.75
หน้ากากอนามัย SOS PLUS 20'S(สีขาว),฿49.75
หน้ากากอนามัย SOS PLUS 20'S(สีฟ้า),฿49.75
อภัยภูเบศรยาอมสมุนไพรผสมมะขามป้อม(สูตร2) 40เม็ด,฿8.75
อีแอล ลูกท้ออบแห้ง ขวดใหญ่(แพ็ค20ขวด),฿18
ALSOFF ALCOHOL PAD 200ซอง/BX.,฿174.5
AM ORT CREAM 15G.(CLOBETASOL)TNP.,฿61.75
AMLODAC 10 10x10'S(AMLODIPINE)ZYDUS,฿79
AMLODAC 5 10x10'S(AMLODIPINE)ZYDUS,฿54
AMLOPRESS 10MG. 50x10'S(AMLOPINE)ชุมชน,฿395.75
AMLOPRESS 5 10x10'S(AMLODIPINE)ชุมชน,฿75
AMLOPRESS 5MG. 50x10'S(AMLOPINE)ชุมชน,฿296.75
AMMELTZ GLOD 48ML.(เล็ก),฿149.25
3M TRANSPORE 1/2นิ้วx5หลาx12ม้วน/แพ็ค,฿201
3M แผ่นซับสิว สีชมพู 12ชิ้น(กลม),฿54.75
AMBES 10MG(AMLOPINE) 10x10'S(GPO),฿97
AMBES 5MG(AMLOPINE) 10x10'S(GPO),฿57
ANTACIL 50x10's (TNP),฿484
AZYCIN 250 MG(AZITHRO) 6'S(GPO),฿70
B-100 COMPLEX (B3-B1-B2-B6)50x1ML(TP.),฿227
BELCID FORTE SUSP 240ML.20ขวด/ลัง,฿34
หน้ากาก NEXT HEALTH 3ชั้น 50'S/BX.(สีชมพู) *P,฿37.5
หน้ากาก NEXT HEALTH 3ชั้น 50'S/BX.(สีดำ) *P,฿37.5
หน้ากาก NEXT HEALTH 3ชั้น 50'S/BX.(สีฟ้า) *P,฿37.5
สำลีม้วน-รถพยาบาล 200G./ม้วน,฿55.5
หน้ากาก NEXT HEALTH N95 30'S(สีขาว),฿87.5
หน้ากากมีวาล์ว N-95 RESCUE GURD 12'S/BX.,฿32.75
หน้ากากอนามัย SOS PLUS 20'S(สีขาว),฿49.75
หน้ากากอนามัย SOS PLUS 20'S(สีฟ้า),฿49.75
อภัยภูเบศรยาอมสมุนไพรผสมมะขามป้อม(สูตร2) 40เม็ด,฿8.75
อีแอล ลูกท้ออบแห้ง ขวดใหญ่(แพ็ค20ขวด),฿18
AMMOX 250 DRY SYRUP 60ML.(AMOXY)HK.(มีกล่อง),฿20.5
AMMOX 250 DRY SYRUP 60ML.(HK.)ขวดเปลือย,฿20.75
AMOGIN EFFE - รสส้ม 12ซอง/กล่อง(Millimed),฿88.5
AMOGIN EFFE - รสส้ม 5ซอง/กล่อง(Millimed),฿37.5
AMOGIN OTC TAB 1x10'S/BX.,฿10
AMOXYCILLIN 500MG. 500'S ชมพู(สหแพทย์),฿525
AMOXYCILLIN 500MG. 50x10'S ชมพู(สหแพทย์),฿490
AMOXYCILLIN 500MG. 50x10'S(ชมพู-ขาว)7ดาว SSP,฿443
3M TRANSPORE 1/2นิ้วx5หลาx12ม้วน/แพ็ค,฿201
3M แผ่นซับสิว สีชมพู 12ชิ้น(กลม),฿54.75
AMBES 10MG(AMLOPINE) 10x10'S(GPO),฿97
AMBES 5MG(AMLOPINE) 10x10'S(GPO),฿57
ANTACIL 50x10's (TNP),฿484
AZYCIN 250 MG(AZITHRO) 6'S(GPO),฿70
B-100 COMPLEX (B3-B1-B2-B6)50x1ML(TP.),฿227
BELCID FORTE SUSP 240ML.20ขวด/ลัง,฿34
หน้ากาก NEXT HEALTH 3ชั้น 50'S/BX.(สีชมพู) *P,฿37.5
หน้ากาก NEXT HEALTH 3ชั้น 50'S/BX.(สีดำ) *P,฿37.5
หน้ากาก NEXT HEALTH 3ชั้น 50'S/BX.(สีฟ้า) *P,฿37.5
สำลีม้วน-รถพยาบาล 200G./ม้วน,฿55.5
หน้ากาก NEXT HEALTH N95 30'S(สีขาว),฿87.5
หน้ากากมีวาล์ว N-95 RESCUE GURD 12'S/BX.,฿32.75
หน้ากากอนามัย SOS PLUS 20'S(สีขาว),฿49.75
หน้ากากอนามัย SOS PLUS 20'S(สีฟ้า),฿49.75
อภัยภูเบศรยาอมสมุนไพรผสมมะขามป้อม(สูตร2) 40เม็ด,฿8.75
อีแอล ลูกท้ออบแห้ง ขวดใหญ่(แพ็ค20ขวด),฿18
AMPICILLIN CAPSULE 500'S/BT.(AU),฿618
AMSEL AMINO BILBERRY EXTRACT PLUS 30'S,฿250
AMSEL BIOTIN+ZINC & HORSETAIL 30'S,฿192.75
AMSEL CALCIUM L-THREONATE+COLLA TYPE ll 60'S,฿302
"AMSEL GINKGO PLUS B1,6,12 45'S",฿243.5
AMSEL L-ARGININE PLUS ZINC 40'S,฿145
AMSEL L-GLUTAMINE 800 30'S,฿213.5
"AMSEL MAGNESIUM PLUS VIT C,B PREMIX 30'S",฿152
3M TRANSPORE 1/2นิ้วx5หลาx12ม้วน/แพ็ค,฿201
3M แผ่นซับสิว สีชมพู 12ชิ้น(กลม),฿54.75
AMBES 10MG(AMLOPINE) 10x10'S(GPO),฿97
AMBES 5MG(AMLOPINE) 10x10'S(GPO),฿57
ANTACIL 50x10's (TNP),฿484
AZYCIN 250 MG(AZITHRO) 6'S(GPO),฿70
B-100 COMPLEX (B3-B1-B2-B6)50x1ML(TP.),฿227
BELCID FORTE SUSP 240ML.20ขวด/ลัง,฿34
หน้ากาก NEXT HEALTH 3ชั้น 50'S/BX.(สีชมพู) *P,฿37.5
หน้ากาก NEXT HEALTH 3ชั้น 50'S/BX.(สีดำ) *P,฿37.5
หน้ากาก NEXT HEALTH 3ชั้น 50'S/BX.(สีฟ้า) *P,฿37.5
สำลีม้วน-รถพยาบาล 200G./ม้วน,฿55.5
หน้ากาก NEXT HEALTH N95 30'S(สีขาว),฿87.5
หน้ากากมีวาล์ว N-95 RESCUE GURD 12'S/BX.,฿32.75
หน้ากากอนามัย SOS PLUS 20'S(สีขาว),฿49.75
หน้ากากอนามัย SOS PLUS 20'S(สีฟ้า),฿49.75
อภัยภูเบศรยาอมสมุนไพรผสมมะขามป้อม(สูตร2) 40เม็ด,฿8.75
อีแอล ลูกท้ออบแห้ง ขวดใหญ่(แพ็ค20ขวด),฿18
"AMSEL MAGNESIUM+CHAMOMLIE,TART CHERRY 30'S",฿206.5
AMSEL MULTI VIT PLUS 40'S,"฿99,999"
AMSEL VITAMIN B COMPLEX HG 40'S,฿248.5
AMSEL VITAMIN K2+D3 30'S,฿233
AMSEL ZINC PLUS 30'S,฿116
ANALGIC 500 25x10'S/BX.(สูตรPONSTAN)T.MAN,฿278.5
ANAPRIL-S 20MG.10x10’S(ENALAPRIL),฿96
ANAPRIL-S 5MG.10x10’S(ENALAPRIL),฿57
3M TRANSPORE 1/2นิ้วx5หลาx12ม้วน/แพ็ค,฿201
3M แผ่นซับสิว สีชมพู 12ชิ้น(กลม),฿54.75
AMBES 10MG(AMLOPINE) 10x10'S(GPO),฿97
AMBES 5MG(AMLOPINE) 10x10'S(GPO),฿57
ANTACIL 50x10's (TNP),฿484
AZYCIN 250 MG(AZITHRO) 6'S(GPO),฿70
B-100 COMPLEX (B3-B1-B2-B6)50x1ML(TP.),฿227
BELCID FORTE SUSP 240ML.20ขวด/ลัง,฿34
หน้ากาก NEXT HEALTH 3ชั้น 50'S/BX.(สีชมพู) *P,฿37.5
หน้ากาก NEXT HEALTH 3ชั้น 50'S/BX.(สีดำ) *P,฿37.5
หน้ากาก NEXT HEALTH 3ชั้น 50'S/BX.(สีฟ้า) *P,฿37.5
สำลีม้วน-รถพยาบาล 200G./ม้วน,฿55.5
หน้ากาก NEXT HEALTH N95 30'S(สีขาว),฿87.5
หน้ากากมีวาล์ว N-95 RESCUE GURD 12'S/BX.,฿32.75
หน้ากากอนามัย SOS PLUS 20'S(สีขาว),฿49.75
หน้ากากอนามัย SOS PLUS 20'S(สีฟ้า),฿49.75
อภัยภูเบศรยาอมสมุนไพรผสมมะขามป้อม(สูตร2) 40เม็ด,฿8.75
อีแอล ลูกท้ออบแห้ง ขวดใหญ่(แพ็ค20ขวด),฿18
ANTACIL PLUS 50x10'SBX.,฿822
ARCONA 90MG.1x10'S (สูตร ARCOXIA)M&H,฿52.5
ARCOXIA 60MG. 1x5'S,฿184
ARCOXIA 90MG. 1x5'S/BX.,฿189
AROTIKA PAIN RELIEF SPRAY 100ML.,฿146.5
AROTIKA RUB 100G.,฿154.5
AROTIKA RUB LOTION 80ML.,฿144
AROTIKA WARM CREAM 35G.,฿58.75
3M TRANSPORE 1/2นิ้วx5หลาx12ม้วน/แพ็ค,฿201
3M แผ่นซับสิว สีชมพู 12ชิ้น(กลม),฿54.75
AMBES 10MG(AMLOPINE) 10x10'S(GPO),฿97
AMBES 5MG(AMLOPINE) 10x10'S(GPO),฿57
ANTACIL 50x10's (TNP),฿484
AZYCIN 250 MG(AZITHRO) 6'S(GPO),฿70
B-100 COMPLEX (B3-B1-B2-B6)50x1ML(TP.),฿227
BELCID FORTE SUSP 240ML.20ขวด/ลัง,฿34
หน้ากาก NEXT HEALTH 3ชั้น 50'S/BX.(สีชมพู) *P,฿37.5
หน้ากาก NEXT HEALTH 3ชั้น 50'S/BX.(สีดำ) *P,฿37.5
หน้ากาก NEXT HEALTH 3ชั้น 50'S/BX.(สีฟ้า) *P,฿37.5
สำลีม้วน-รถพยาบาล 200G./ม้วน,฿55.5
หน้ากาก NEXT HEALTH N95 30'S(สีขาว),฿87.5
หน้ากากมีวาล์ว N-95 RESCUE GURD 12'S/BX.,฿32.75
หน้ากากอนามัย SOS PLUS 20'S(สีขาว),฿49.75
หน้ากากอนามัย SOS PLUS 20'S(สีฟ้า),฿49.75
อภัยภูเบศรยาอมสมุนไพรผสมมะขามป้อม(สูตร2) 40เม็ด,฿8.75
อีแอล ลูกท้ออบแห้ง ขวดใหญ่(แพ็ค20ขวด),฿18
AS C 1000'S/กระปุก VIT-C  (ส้ม),฿85
AS C 1000'S/กระปุก VIT-C (สตอเบอรี่),฿103
AS C 1000'S/กระปุก VIT-C (สับปะรด),฿103
AS C 1000'S/กระปุก VIT-C (องุ่น),฿85
ASTAXANTHIN 6MG. PLUS VIT-E 30'S(PATAR),฿205
ASUMOL 500MG. 20x10'S (AU)เขียว PARA,฿66.5
ATLANTA CYNCOBAL VITAMIN B12 15'S(เม็ดฟู่)/หลอด,฿238.5
ATLANTA MULTIMINERAL 15'S(เม็ดฟู่)/หลอด,฿238.5
3M TRANSPORE 1/2นิ้วx5หลาx12ม้วน/แพ็ค,฿201
3M แผ่นซับสิว สีชมพู 12ชิ้น(กลม),฿54.75
AMBES 10MG(AMLOPINE) 10x10'S(GPO),฿97
AMBES 5MG(AMLOPINE) 10x10'S(GPO),฿57
ANTACIL 50x10's (TNP),฿484
AZYCIN 250 MG(AZITHRO) 6'S(GPO),฿70
B-100 COMPLEX (B3-B1-B2-B6)50x1ML(TP.),฿227
BELCID FORTE SUSP 240ML.20ขวด/ลัง,฿34
หน้ากาก NEXT HEALTH 3ชั้น 50'S/BX.(สีชมพู) *P,฿37.5
หน้ากาก NEXT HEALTH 3ชั้น 50'S/BX.(สีดำ) *P,฿37.5
หน้ากาก NEXT HEALTH 3ชั้น 50'S/BX.(สีฟ้า) *P,฿37.5
สำลีม้วน-รถพยาบาล 200G./ม้วน,฿55.5
หน้ากาก NEXT HEALTH N95 30'S(สีขาว),฿87.5
หน้ากากมีวาล์ว N-95 RESCUE GURD 12'S/BX.,฿32.75
หน้ากากอนามัย SOS PLUS 20'S(สีขาว),฿49.75
หน้ากากอนามัย SOS PLUS 20'S(สีฟ้า),฿49.75
อภัยภูเบศรยาอมสมุนไพรผสมมะขามป้อม(สูตร2) 40เม็ด,฿8.75
อีแอล ลูกท้ออบแห้ง ขวดใหญ่(แพ็ค20ขวด),฿18
ATLANTA QUERCETIN+VIT C 15'S(เม็ดฟู่)/หลอด,฿238.5
"AURAMED 3IN1(Flu A/B,COVID-19)NASAL SWAB 1'S",฿36.5
"AURAMED 4IN1(Flu A/B,COVID,RSV)NASAL SWAB 1'S",฿47.5
AURAMED COVID-19 2IN1(NASAL&SALIVA),฿17.5
AVEENO DAILY ENGERIZING LOTION 354ML.(ส้ม),฿248
AVEENO DAILY LT. SHEER HYDRATION 350ML.(ฟ้า),฿248
AVEENO DAILY MOIST. LOTION 354ML.(เขียว),฿248
AVEENO SKIN RELIFE MOISTUR 354ML.(น้ำเงิน),฿313
3M TRANSPORE 1/2นิ้วx5หลาx12ม้วน/แพ็ค,฿201
3M แผ่นซับสิว สีชมพู 12ชิ้น(กลม),฿54.75
AMBES 10MG(AMLOPINE) 10x10'S(GPO),฿97
AMBES 5MG(AMLOPINE) 10x10'S(GPO),฿57
ANTACIL 50x10's (TNP),฿484
AZYCIN 250 MG(AZITHRO) 6'S(GPO),฿70
B-100 COMPLEX (B3-B1-B2-B6)50x1ML(TP.),฿227
BELCID FORTE SUSP 240ML.20ขวด/ลัง,฿34
หน้ากาก NEXT HEALTH 3ชั้น 50'S/BX.(สีชมพู) *P,฿37.5
หน้ากาก NEXT HEALTH 3ชั้น 50'S/BX.(สีดำ) *P,฿37.5
หน้ากาก NEXT HEALTH 3ชั้น 50'S/BX.(สีฟ้า) *P,฿37.5
สำลีม้วน-รถพยาบาล 200G./ม้วน,฿55.5
หน้ากาก NEXT HEALTH N95 30'S(สีขาว),฿87.5
หน้ากากมีวาล์ว N-95 RESCUE GURD 12'S/BX.,฿32.75
หน้ากากอนามัย SOS PLUS 20'S(สีขาว),฿49.75
หน้ากากอนามัย SOS PLUS 20'S(สีฟ้า),฿49.75
อภัยภูเบศรยาอมสมุนไพรผสมมะขามป้อม(สูตร2) 40เม็ด,฿8.75
อีแอล ลูกท้ออบแห้ง ขวดใหญ่(แพ็ค20ขวด),฿18
AZITABB 250MG.1x6'S(สูตรZITHROMAX),฿86
B ZKIN ACNE SPOT SERUM 10ML.,฿129.5
B ZKIN CLEAR & TREAT CLEANSING FOAM 80G.,฿88.5
B ZKIN MELAVITE CREAM 15G.,฿129.5
B.O.CAL (CALCIUM 950MG.) 30'S/ขวด,฿85.75
BABY PREMIUM แผ่นรองซับเด็กไซซ์ M 20'S(30x45ซม.),฿59
BACTAFECT OINTMENT 15G.(MUPIROCIN)BKD.,฿88
BAIDY BRAND JELLY FIBER FOS 10'S/BX.,฿220
3M TRANSPORE 1/2นิ้วx5หลาx12ม้วน/แพ็ค,฿201
3M แผ่นซับสิว สีชมพู 12ชิ้น(กลม),฿54.75
AMBES 10MG(AMLOPINE) 10x10'S(GPO),฿97
AMBES 5MG(AMLOPINE) 10x10'S(GPO),฿57
ANTACIL 50x10's (TNP),฿484
AZYCIN 250 MG(AZITHRO) 6'S(GPO),฿70
B-100 COMPLEX (B3-B1-B2-B6)50x1ML(TP.),฿227
BELCID FORTE SUSP 240ML.20ขวด/ลัง,฿34
หน้ากาก NEXT HEALTH 3ชั้น 50'S/BX.(สีชมพู) *P,฿37.5
หน้ากาก NEXT HEALTH 3ชั้น 50'S/BX.(สีดำ) *P,฿37.5
หน้ากาก NEXT HEALTH 3ชั้น 50'S/BX.(สีฟ้า) *P,฿37.5
สำลีม้วน-รถพยาบาล 200G./ม้วน,฿55.5
หน้ากาก NEXT HEALTH N95 30'S(สีขาว),฿87.5
หน้ากากมีวาล์ว N-95 RESCUE GURD 12'S/BX.,฿32.75
หน้ากากอนามัย SOS PLUS 20'S(สีขาว),฿49.75
หน้ากากอนามัย SOS PLUS 20'S(สีฟ้า),฿49.75
อภัยภูเบศรยาอมสมุนไพรผสมมะขามป้อม(สูตร2) 40เม็ด,฿8.75
อีแอล ลูกท้ออบแห้ง ขวดใหญ่(แพ็ค20ขวด),฿18
BAIDY FORTE วิตามินเม็ดฟู่ 20'S/หลอด,"฿99,999"
BALENTIN 75MG.4x14'S(PREGABALIN),฿403.75
BALISA 20MG.1x10'S(BILAXTEN)SPS.,฿86
BANAGO สมุนไพรช่วยย่อย ขับลม 1x10'S/BX.(BKD.),฿35.5
BANBACT OINT. 15G.(สูตรBACTOBAN),฿85.75
BANNER SOY PROTEIN 5ซองx4'S/BX.,"฿99,999"
B-COXIB 90MG.3x10'S(สูครARCOXIA),฿112
BERCLOMIN TAB 10x10'S/BX.,฿113.5
3M TRANSPORE 1/2นิ้วx5หลาx12ม้วน/แพ็ค,฿201
3M แผ่นซับสิว สีชมพู 12ชิ้น(กลม),฿54.75
AMBES 10MG(AMLOPINE) 10x10'S(GPO),฿97
AMBES 5MG(AMLOPINE) 10x10'S(GPO),฿57
ANTACIL 50x10's (TNP),฿484
AZYCIN 250 MG(AZITHRO) 6'S(GPO),฿70
B-100 COMPLEX (B3-B1-B2-B6)50x1ML(TP.),฿227
BELCID FORTE SUSP 240ML.20ขวด/ลัง,฿34
หน้ากาก NEXT HEALTH 3ชั้น 50'S/BX.(สีชมพู) *P,฿37.5
หน้ากาก NEXT HEALTH 3ชั้น 50'S/BX.(สีดำ) *P,฿37.5
หน้ากาก NEXT HEALTH 3ชั้น 50'S/BX.(สีฟ้า) *P,฿37.5
สำลีม้วน-รถพยาบาล 200G./ม้วน,฿55.5
หน้ากาก NEXT HEALTH N95 30'S(สีขาว),฿87.5
หน้ากากมีวาล์ว N-95 RESCUE GURD 12'S/BX.,฿32.75
หน้ากากอนามัย SOS PLUS 20'S(สีขาว),฿49.75
หน้ากากอนามัย SOS PLUS 20'S(สีฟ้า),฿49.75
อภัยภูเบศรยาอมสมุนไพรผสมมะขามป้อม(สูตร2) 40เม็ด,฿8.75
อีแอล ลูกท้ออบแห้ง ขวดใหญ่(แพ็ค20ขวด),฿18
BEROCCA ELDERBERRY PLUS 100ML.,฿208
BEROCCA ELDERBERRY PLUS 7'Sx10ML./BX.,฿185
BEROCCA FCT 30'S/BX.,฿135.5
BEROCCA IMMU D+ 15'S(C D PLUS ZINC),฿147
BERODUAL FORTE UDV (20'Sx4ML),฿650
BETA GLU KIZ 3G.x7ซอง/กล่อง,฿225.5
BETMESONE-N CREAM 25G.(BETA+NEO),฿58.75
"B-FORTE B1,B6,B12 3x10'S/BX.(ชุมชน)",฿99
3M TRANSPORE 1/2นิ้วx5หลาx12ม้วน/แพ็ค,฿201
3M แผ่นซับสิว สีชมพู 12ชิ้น(กลม),฿54.75
AMBES 10MG(AMLOPINE) 10x10'S(GPO),฿97
AMBES 5MG(AMLOPINE) 10x10'S(GPO),฿57
ANTACIL 50x10's (TNP),฿484
AZYCIN 250 MG(AZITHRO) 6'S(GPO),฿70
B-100 COMPLEX (B3-B1-B2-B6)50x1ML(TP.),฿227
BELCID FORTE SUSP 240ML.20ขวด/ลัง,฿34
หน้ากาก NEXT HEALTH 3ชั้น 50'S/BX.(สีชมพู) *P,฿37.5
หน้ากาก NEXT HEALTH 3ชั้น 50'S/BX.(สีดำ) *P,฿37.5
หน้ากาก NEXT HEALTH 3ชั้น 50'S/BX.(สีฟ้า) *P,฿37.5
สำลีม้วน-รถพยาบาล 200G./ม้วน,฿55.5
หน้ากาก NEXT HEALTH N95 30'S(สีขาว),฿87.5
หน้ากากมีวาล์ว N-95 RESCUE GURD 12'S/BX.,฿32.75
หน้ากากอนามัย SOS PLUS 20'S(สีขาว),฿49.75
หน้ากากอนามัย SOS PLUS 20'S(สีฟ้า),฿49.75
อภัยภูเบศรยาอมสมุนไพรผสมมะขามป้อม(สูตร2) 40เม็ด,฿8.75
อีแอล ลูกท้ออบแห้ง ขวดใหญ่(แพ็ค20ขวด),฿18
BIGG WHALE แผ่นหอมวาฬ 6'S/BX.,฿49.75
BILANOSE 20MG.1x10'S/BX.(สูตรBILAXTEN),฿72
BILAXTEN KIDS 1x10'S(BILASTINE10MG.),฿115.5
BILAZ 1x10'S(สูตรBILAXTEN)MACRO,฿73.5
BIO C 500MG. POWDER 15'S/BX.,฿155.5
BIO MAG PLUS VITAMINS 30'S,฿179
BIO PLAST COTTON STICK 15CM.100'S(ไซส์ S),฿170
BIO PLAST SPORT TAPE 1/2นิ้วx10หลาx24ม้วน(สีแดง ),฿370
3M TRANSPORE 1/2นิ้วx5หลาx12ม้วน/แพ็ค,฿201
3M แผ่นซับสิว สีชมพู 12ชิ้น(กลม),฿54.75
AMBES 10MG(AMLOPINE) 10x10'S(GPO),฿97
AMBES 5MG(AMLOPINE) 10x10'S(GPO),฿57
ANTACIL 50x10's (TNP),฿484
AZYCIN 250 MG(AZITHRO) 6'S(GPO),฿70
B-100 COMPLEX (B3-B1-B2-B6)50x1ML(TP.),฿227
BELCID FORTE SUSP 240ML.20ขวด/ลัง,฿34
หน้ากาก NEXT HEALTH 3ชั้น 50'S/BX.(สีชมพู) *P,฿37.5
หน้ากาก NEXT HEALTH 3ชั้น 50'S/BX.(สีดำ) *P,฿37.5
หน้ากาก NEXT HEALTH 3ชั้น 50'S/BX.(สีฟ้า) *P,฿37.5
สำลีม้วน-รถพยาบาล 200G./ม้วน,฿55.5
หน้ากาก NEXT HEALTH N95 30'S(สีขาว),฿87.5
หน้ากากมีวาล์ว N-95 RESCUE GURD 12'S/BX.,฿32.75
หน้ากากอนามัย SOS PLUS 20'S(สีขาว),฿49.75
หน้ากากอนามัย SOS PLUS 20'S(สีฟ้า),฿49.75
อภัยภูเบศรยาอมสมุนไพรผสมมะขามป้อม(สูตร2) 40เม็ด,฿8.75
อีแอล ลูกท้ออบแห้ง ขวดใหญ่(แพ็ค20ขวด),฿18
BIO PLAST SPORT TAPE 1นิ้วx10หลาx12ม้วน(สีขาว ),฿370
BIO PLAST SPORT TAPE 2นิ้วx10หลาx6ม้วน(สีขาว),฿370
BIOLAC PROBIOTIC 12'S/BX.(INPAC)*ขายขาด,฿288
BIOLAC PROBIOTIC 30'S/BX.(INPAC),฿660
BIOTRIL-S 1500MG.10'S/BX.,฿174.5
BISLOC 2.5 10x10'S(BISOPROLOL)UNISUN,฿230
BLACK SESAME OIL+RICE BRAN OIL 30'S(สุภาพ),฿143.5
BLACKMORES BILBERRY 2500 60'S,฿444
3M TRANSPORE 1/2นิ้วx5หลาx12ม้วน/แพ็ค,฿201
3M แผ่นซับสิว สีชมพู 12ชิ้น(กลม),฿54.75
AMBES 10MG(AMLOPINE) 10x10'S(GPO),฿97
AMBES 5MG(AMLOPINE) 10x10'S(GPO),฿57
ANTACIL 50x10's (TNP),฿484
AZYCIN 250 MG(AZITHRO) 6'S(GPO),฿70
B-100 COMPLEX (B3-B1-B2-B6)50x1ML(TP.),฿227
BELCID FORTE SUSP 240ML.20ขวด/ลัง,฿34
หน้ากาก NEXT HEALTH 3ชั้น 50'S/BX.(สีชมพู) *P,฿37.5
หน้ากาก NEXT HEALTH 3ชั้น 50'S/BX.(สีดำ) *P,฿37.5
หน้ากาก NEXT HEALTH 3ชั้น 50'S/BX.(สีฟ้า) *P,฿37.5
สำลีม้วน-รถพยาบาล 200G./ม้วน,฿55.5
หน้ากาก NEXT HEALTH N95 30'S(สีขาว),฿87.5
หน้ากากมีวาล์ว N-95 RESCUE GURD 12'S/BX.,฿32.75
หน้ากากอนามัย SOS PLUS 20'S(สีขาว),฿49.75
หน้ากากอนามัย SOS PLUS 20'S(สีฟ้า),฿49.75
อภัยภูเบศรยาอมสมุนไพรผสมมะขามป้อม(สูตร2) 40เม็ด,฿8.75
อีแอล ลูกท้ออบแห้ง ขวดใหญ่(แพ็ค20ขวด),฿18
BLACKMORES BIO C GLUTA IMU+ 30'S,฿475
BLACKMORES BIO-C 1000MG. DAILY IMU+ 30'S,฿230.5
BLACKMORES BIO-C 1000MG. DAILY IMU+ 60'S,฿394
BLACKMORES BIO-C 500MG.DAILY IMU+30'S(CHEW),฿187.75
BLACKMORES BIO-C 500MG.DAILY IMU+60'S(CHEW),฿338.5
BLACKMORES BIOTIN H+ 60'S,฿543.5
BLACKMORES FISH OIL MINI 30'S/ขวด,฿184
BLACKMORES FISH OIL MINI 60'S/ขวด,฿362
3M TRANSPORE 1/2นิ้วx5หลาx12ม้วน/แพ็ค,฿201
3M แผ่นซับสิว สีชมพู 12ชิ้น(กลม),฿54.75
AMBES 10MG(AMLOPINE) 10x10'S(GPO),฿97
AMBES 5MG(AMLOPINE) 10x10'S(GPO),฿57
ANTACIL 50x10's (TNP),฿484
AZYCIN 250 MG(AZITHRO) 6'S(GPO),฿70
B-100 COMPLEX (B3-B1-B2-B6)50x1ML(TP.),฿227
BELCID FORTE SUSP 240ML.20ขวด/ลัง,฿34
หน้ากาก NEXT HEALTH 3ชั้น 50'S/BX.(สีชมพู) *P,฿37.5
หน้ากาก NEXT HEALTH 3ชั้น 50'S/BX.(สีดำ) *P,฿37.5
หน้ากาก NEXT HEALTH 3ชั้น 50'S/BX.(สีฟ้า) *P,฿37.5
สำลีม้วน-รถพยาบาล 200G./ม้วน,฿55.5
หน้ากาก NEXT HEALTH N95 30'S(สีขาว),฿87.5
หน้ากากมีวาล์ว N-95 RESCUE GURD 12'S/BX.,฿32.75
หน้ากากอนามัย SOS PLUS 20'S(สีขาว),฿49.75
หน้ากากอนามัย SOS PLUS 20'S(สีฟ้า),฿49.75
อภัยภูเบศรยาอมสมุนไพรผสมมะขามป้อม(สูตร2) 40เม็ด,฿8.75
อีแอล ลูกท้ออบแห้ง ขวดใหญ่(แพ็ค20ขวด),฿18
BLACKMORES GLUCOSAMINE 1500 JOINTFLEX 30'S,฿806.5
BLACKMORES MARINE COLLAGEN ABSOLUTE 60'S,"฿1,430.5"
BLACKMORES PROBIOTICS+ DAILY BALANCE 30'S,฿913
BODE B COMPLEX MULTI8 100'S,฿216.5
BODE CALCIUM PRO PLUS D 30'S,฿190.5
BODEVIT MUTI VITAMINERAL 30'S,฿203.5
BOON ยาสตรี เฟนาย ตราบุญ 30เม็ด,฿220
BOWA โบวา 2x10'S(รสมิ้นท์),฿29.5
3M TRANSPORE 1/2นิ้วx5หลาx12ม้วน/แพ็ค,฿201
3M แผ่นซับสิว สีชมพู 12ชิ้น(กลม),฿54.75
AMBES 10MG(AMLOPINE) 10x10'S(GPO),฿97
AMBES 5MG(AMLOPINE) 10x10'S(GPO),฿57
ANTACIL 50x10's (TNP),฿484
AZYCIN 250 MG(AZITHRO) 6'S(GPO),฿70
B-100 COMPLEX (B3-B1-B2-B6)50x1ML(TP.),฿227
BELCID FORTE SUSP 240ML.20ขวด/ลัง,฿34
หน้ากาก NEXT HEALTH 3ชั้น 50'S/BX.(สีชมพู) *P,฿37.5
หน้ากาก NEXT HEALTH 3ชั้น 50'S/BX.(สีดำ) *P,฿37.5
หน้ากาก NEXT HEALTH 3ชั้น 50'S/BX.(สีฟ้า) *P,฿37.5
สำลีม้วน-รถพยาบาล 200G./ม้วน,฿55.5
หน้ากาก NEXT HEALTH N95 30'S(สีขาว),฿87.5
หน้ากากมีวาล์ว N-95 RESCUE GURD 12'S/BX.,฿32.75
หน้ากากอนามัย SOS PLUS 20'S(สีขาว),฿49.75
หน้ากากอนามัย SOS PLUS 20'S(สีฟ้า),฿49.75
อภัยภูเบศรยาอมสมุนไพรผสมมะขามป้อม(สูตร2) 40เม็ด,฿8.75
อีแอล ลูกท้ออบแห้ง ขวดใหญ่(แพ็ค20ขวด),฿18
BROMCOLEX 100x10'S(BROMHEX 8MG.)OSOTH,฿224
BROMHEXINE ELIXER 60ML.(PATAR),฿14.5
BRONGO COUGH SYRUP FOR KIDS 40ML.(FLUIFORT),฿58.5
BRUSTAN 10x10'S(IBU+PARA)RANBAXY,฿259
BUBBLE-X 25x10'S(SIMETICONE 80MG.)เลมอน,฿190.75
BUFORMIN 500MG 50x10'S(METFORMIN),฿294.5
BUPROXEN 500'S(NAPROXEN 250MG.)BP,฿879.5
BURNOVA GEL 100G.,฿115.5
3M TRANSPORE 1/2นิ้วx5หลาx12ม้วน/แพ็ค,฿201
3M แผ่นซับสิว สีชมพู 12ชิ้น(กลม),฿54.75
AMBES 10MG(AMLOPINE) 10x10'S(GPO),฿97
AMBES 5MG(AMLOPINE) 10x10'S(GPO),฿57
ANTACIL 50x10's (TNP),฿484
AZYCIN 250 MG(AZITHRO) 6'S(GPO),฿70
B-100 COMPLEX (B3-B1-B2-B6)50x1ML(TP.),฿227
BELCID FORTE SUSP 240ML.20ขวด/ลัง,฿34
หน้ากาก NEXT HEALTH 3ชั้น 50'S/BX.(สีชมพู) *P,฿37.5
หน้ากาก NEXT HEALTH 3ชั้น 50'S/BX.(สีดำ) *P,฿37.5
หน้ากาก NEXT HEALTH 3ชั้น 50'S/BX.(สีฟ้า) *P,฿37.5
สำลีม้วน-รถพยาบาล 200G./ม้วน,฿55.5
หน้ากาก NEXT HEALTH N95 30'S(สีขาว),฿87.5
หน้ากากมีวาล์ว N-95 RESCUE GURD 12'S/BX.,฿32.75
หน้ากากอนามัย SOS PLUS 20'S(สีขาว),฿49.75
หน้ากากอนามัย SOS PLUS 20'S(สีฟ้า),฿49.75
อภัยภูเบศรยาอมสมุนไพรผสมมะขามป้อม(สูตร2) 40เม็ด,฿8.75
อีแอล ลูกท้ออบแห้ง ขวดใหญ่(แพ็ค20ขวด),฿18
BUSO NINE 32 NASOL SPRAY 120DOSE(RHINOCORT),฿62
C&F SCALE ปรอทวัดไข้แท่งแก้ว (MEDIUM)12'S/กล่อง,฿27.5
"CAL STEP CALCIUM  L-THREONATE+K2,D3 30'S",฿520.5
CALAMINE CREAM 30G.(UMEDA),"฿99,999"
CALAMINE LOTION 55ML.(EDWARDS),฿30.75
CALTAB CALCIUM 1000MG 10x10'S/BX.,฿86.5
CALZA PLUS CALCIUM L-THREO. 750 60'S ม่วง,฿456
CALZA-C CALCIUM L-THREO 750MG+C 6x10'S,฿399
3M TRANSPORE 1/2นิ้วx5หลาx12ม้วน/แพ็ค,฿201
3M แผ่นซับสิว สีชมพู 12ชิ้น(กลม),฿54.75
AMBES 10MG(AMLOPINE) 10x10'S(GPO),฿97
AMBES 5MG(AMLOPINE) 10x10'S(GPO),฿57
ANTACIL 50x10's (TNP),฿484
AZYCIN 250 MG(AZITHRO) 6'S(GPO),฿70
B-100 COMPLEX (B3-B1-B2-B6)50x1ML(TP.),฿227
BELCID FORTE SUSP 240ML.20ขวด/ลัง,฿34
หน้ากาก NEXT HEALTH 3ชั้น 50'S/BX.(สีชมพู) *P,฿37.5
หน้ากาก NEXT HEALTH 3ชั้น 50'S/BX.(สีดำ) *P,฿37.5
หน้ากาก NEXT HEALTH 3ชั้น 50'S/BX.(สีฟ้า) *P,฿37.5
สำลีม้วน-รถพยาบาล 200G./ม้วน,฿55.5
หน้ากาก NEXT HEALTH N95 30'S(สีขาว),฿87.5
หน้ากากมีวาล์ว N-95 RESCUE GURD 12'S/BX.,฿32.75
หน้ากากอนามัย SOS PLUS 20'S(สีขาว),฿49.75
หน้ากากอนามัย SOS PLUS 20'S(สีฟ้า),฿49.75
อภัยภูเบศรยาอมสมุนไพรผสมมะขามป้อม(สูตร2) 40เม็ด,฿8.75
อีแอล ลูกท้ออบแห้ง ขวดใหญ่(แพ็ค20ขวด),฿18
CALZA-C CALCIUM L-THREONAT+C 5'S/BX.,฿70.5
CANDINOX CR. 10G.(CLOTRI),฿27.75
CAPPLAICIN GEL 30G.(CAPSAICIN 0.025%),฿73.5
CA-R-BON CHARCOAL 20x20'S(แพ็คใหม่),฿534.5
CARBOPECT SYRUP 60ML(CARBOCYS)PML.,฿15.75
CELEBREX 400MG. 1x5'S/BX.(EXP.30/11/26),฿185.5
CELECOXIB (T.O.) 200MG.10x10'S/BX.(CELEBREX),฿343
CELECOXIB (T.O.) 200MG.1x10'S(สูตรCELEBREX),฿44.5
3M TRANSPORE 1/2นิ้วx5หลาx12ม้วน/แพ็ค,฿201
3M แผ่นซับสิว สีชมพู 12ชิ้น(กลม),฿54.75
AMBES 10MG(AMLOPINE) 10x10'S(GPO),฿97
AMBES 5MG(AMLOPINE) 10x10'S(GPO),฿57
ANTACIL 50x10's (TNP),฿484
AZYCIN 250 MG(AZITHRO) 6'S(GPO),฿70
B-100 COMPLEX (B3-B1-B2-B6)50x1ML(TP.),฿227
BELCID FORTE SUSP 240ML.20ขวด/ลัง,฿34
หน้ากาก NEXT HEALTH 3ชั้น 50'S/BX.(สีชมพู) *P,฿37.5
หน้ากาก NEXT HEALTH 3ชั้น 50'S/BX.(สีดำ) *P,฿37.5
หน้ากาก NEXT HEALTH 3ชั้น 50'S/BX.(สีฟ้า) *P,฿37.5
สำลีม้วน-รถพยาบาล 200G./ม้วน,฿55.5
หน้ากาก NEXT HEALTH N95 30'S(สีขาว),฿87.5
หน้ากากมีวาล์ว N-95 RESCUE GURD 12'S/BX.,฿32.75
หน้ากากอนามัย SOS PLUS 20'S(สีขาว),฿49.75
หน้ากากอนามัย SOS PLUS 20'S(สีฟ้า),฿49.75
อภัยภูเบศรยาอมสมุนไพรผสมมะขามป้อม(สูตร2) 40เม็ด,฿8.75
อีแอล ลูกท้ออบแห้ง ขวดใหญ่(แพ็ค20ขวด),฿18
CELIMOX 25x10'S/BX.(AMOXY 500MG.)(ชมพู)HK.,฿265
CEMOL (PARA 500MG)50x10'S/BX.(ขาวรี),฿134
CEMOL CENTRAL 50x10'S(PARA 500MG)ขาวกลม,฿123.75
CERAVE FACIAL MOIS. LOTION 52ML.(AM SPF50),฿448
CERAVE MICELLAR CLEANSING WATER 295ML.,฿408
CERAVE MOIST LOTION 236ML.,฿356.5
CERAVE RETINOL SERUM 30ML.,฿513.75
CHAMO-LICO PROPOLIS PLUS 20ML.,฿68.5
3M TRANSPORE 1/2นิ้วx5หลาx12ม้วน/แพ็ค,฿201
3M แผ่นซับสิว สีชมพู 12ชิ้น(กลม),฿54.75
AMBES 10MG(AMLOPINE) 10x10'S(GPO),฿97
AMBES 5MG(AMLOPINE) 10x10'S(GPO),฿57
ANTACIL 50x10's (TNP),฿484
AZYCIN 250 MG(AZITHRO) 6'S(GPO),฿70
B-100 COMPLEX (B3-B1-B2-B6)50x1ML(TP.),฿227
BELCID FORTE SUSP 240ML.20ขวด/ลัง,฿34
หน้ากาก NEXT HEALTH 3ชั้น 50'S/BX.(สีชมพู) *P,฿37.5
หน้ากาก NEXT HEALTH 3ชั้น 50'S/BX.(สีดำ) *P,฿37.5
หน้ากาก NEXT HEALTH 3ชั้น 50'S/BX.(สีฟ้า) *P,฿37.5
สำลีม้วน-รถพยาบาล 200G./ม้วน,฿55.5
หน้ากาก NEXT HEALTH N95 30'S(สีขาว),฿87.5
หน้ากากมีวาล์ว N-95 RESCUE GURD 12'S/BX.,฿32.75
หน้ากากอนามัย SOS PLUS 20'S(สีขาว),฿49.75
หน้ากากอนามัย SOS PLUS 20'S(สีฟ้า),฿49.75
อภัยภูเบศรยาอมสมุนไพรผสมมะขามป้อม(สูตร2) 40เม็ด,฿8.75
อีแอล ลูกท้ออบแห้ง ขวดใหญ่(แพ็ค20ขวด),฿18
CHEMTRUE TEST COVID-19 1'S(NASAL SWAB),"฿99,999"
CHLOVAS-ZIS 20MG. 3x10'S(สูตรLIPITOR),฿279.75
CHLOVAS-ZIS 40 3x10'S(สูตรLIPITOR),฿246.5
CICOUGH SYRUP 60ML.(สูตร FLEMEX KIDS)MACROPHA,฿30.5
CIPROXIN 50x10'S(CIPROFLOXACIN 500MG.),฿695
CLARICLEAR 15ML 0.05(สูตร ILIADIN),฿123.75
CLARIE OD 1x7'S(CLARITHRO 500MG.),฿308.5
CLARIUS 10x10'S/BX. (สูตรAERIUS),฿381
3M TRANSPORE 1/2นิ้วx5หลาx12ม้วน/แพ็ค,฿201
3M แผ่นซับสิว สีชมพู 12ชิ้น(กลม),฿54.75
AMBES 10MG(AMLOPINE) 10x10'S(GPO),฿97
AMBES 5MG(AMLOPINE) 10x10'S(GPO),฿57
ANTACIL 50x10's (TNP),฿484
AZYCIN 250 MG(AZITHRO) 6'S(GPO),฿70
B-100 COMPLEX (B3-B1-B2-B6)50x1ML(TP.),฿227
BELCID FORTE SUSP 240ML.20ขวด/ลัง,฿34
หน้ากาก NEXT HEALTH 3ชั้น 50'S/BX.(สีชมพู) *P,฿37.5
หน้ากาก NEXT HEALTH 3ชั้น 50'S/BX.(สีดำ) *P,฿37.5
หน้ากาก NEXT HEALTH 3ชั้น 50'S/BX.(สีฟ้า) *P,฿37.5
สำลีม้วน-รถพยาบาล 200G./ม้วน,฿55.5
หน้ากาก NEXT HEALTH N95 30'S(สีขาว),฿87.5
หน้ากากมีวาล์ว N-95 RESCUE GURD 12'S/BX.,฿32.75
หน้ากากอนามัย SOS PLUS 20'S(สีขาว),฿49.75
หน้ากากอนามัย SOS PLUS 20'S(สีฟ้า),฿49.75
อภัยภูเบศรยาอมสมุนไพรผสมมะขามป้อม(สูตร2) 40เม็ด,฿8.75
อีแอล ลูกท้ออบแห้ง ขวดใหญ่(แพ็ค20ขวด),฿18
CLARIUS 1x10'S(สูตรAERIUS)POLIPHARM,฿44.5
CLENA EX ANTI MELASMA 15G.(BKD.),฿130.5
CLENINE ANTIPRURITIC HERBAL CREAM 15G.,฿88
CLENINE ANTIPRURITIC HERBAL CREAM 5G.,฿44.75
CLINIBLU 60ML(IBUPROFEN)BKD,฿32.75
CLINIPECT SYRUP 60ML.(CARBOCIS 250MG.)BKD.,฿44.5
CLINIVATE-N 35G.(BETAME+NEO),฿58.75
CLINIX สำสีแผ่น 80'S(แถมสำลีก้าน 1ซอง),฿34.25
3M TRANSPORE 1/2นิ้วx5หลาx12ม้วน/แพ็ค,฿201
3M แผ่นซับสิว สีชมพู 12ชิ้น(กลม),฿54.75
AMBES 10MG(AMLOPINE) 10x10'S(GPO),฿97
AMBES 5MG(AMLOPINE) 10x10'S(GPO),฿57
ANTACIL 50x10's (TNP),฿484
AZYCIN 250 MG(AZITHRO) 6'S(GPO),฿70
B-100 COMPLEX (B3-B1-B2-B6)50x1ML(TP.),฿227
BELCID FORTE SUSP 240ML.20ขวด/ลัง,฿34
หน้ากาก NEXT HEALTH 3ชั้น 50'S/BX.(สีชมพู) *P,฿37.5
หน้ากาก NEXT HEALTH 3ชั้น 50'S/BX.(สีดำ) *P,฿37.5
หน้ากาก NEXT HEALTH 3ชั้น 50'S/BX.(สีฟ้า) *P,฿37.5
สำลีม้วน-รถพยาบาล 200G./ม้วน,฿55.5
หน้ากาก NEXT HEALTH N95 30'S(สีขาว),฿87.5
หน้ากากมีวาล์ว N-95 RESCUE GURD 12'S/BX.,฿32.75
หน้ากากอนามัย SOS PLUS 20'S(สีขาว),฿49.75
หน้ากากอนามัย SOS PLUS 20'S(สีฟ้า),฿49.75
อภัยภูเบศรยาอมสมุนไพรผสมมะขามป้อม(สูตร2) 40เม็ด,฿8.75
อีแอล ลูกท้ออบแห้ง ขวดใหญ่(แพ็ค20ขวด),฿18
C-LON 30'S(ผลิตภัณเสริมอาหาร),฿900.5
CLOPIDOGREL GPO 75MG. 10x10'S/BX.,฿235
CLOSONE CREAM 5G.(BETA+CLOTRI),฿19.75
CLOVIRAX 400MG. 7x10'S(ACYCLOVIR),฿257.5
COLPERMIN 187MG(PEPPERMINT)10x10'S,฿789
CONCEPT SUN PROTEC SPF50 PA+++ 30G.(BEIGE),฿148
CONCEPT ULTRA SUN PROTEC SPF50 PA+++(30G.),฿381
CONCEPT WHITENING 10X WASH GEL 100G.,฿155.5
3M TRANSPORE 1/2นิ้วx5หลาx12ม้วน/แพ็ค,฿201
3M แผ่นซับสิว สีชมพู 12ชิ้น(กลม),฿54.75
AMBES 10MG(AMLOPINE) 10x10'S(GPO),฿97
AMBES 5MG(AMLOPINE) 10x10'S(GPO),฿57
ANTACIL 50x10's (TNP),฿484
AZYCIN 250 MG(AZITHRO) 6'S(GPO),฿70
B-100 COMPLEX (B3-B1-B2-B6)50x1ML(TP.),฿227
BELCID FORTE SUSP 240ML.20ขวด/ลัง,฿34
หน้ากาก NEXT HEALTH 3ชั้น 50'S/BX.(สีชมพู) *P,฿37.5
หน้ากาก NEXT HEALTH 3ชั้น 50'S/BX.(สีดำ) *P,฿37.5
หน้ากาก NEXT HEALTH 3ชั้น 50'S/BX.(สีฟ้า) *P,฿37.5
สำลีม้วน-รถพยาบาล 200G./ม้วน,฿55.5
หน้ากาก NEXT HEALTH N95 30'S(สีขาว),฿87.5
หน้ากากมีวาล์ว N-95 RESCUE GURD 12'S/BX.,฿32.75
หน้ากากอนามัย SOS PLUS 20'S(สีขาว),฿49.75
หน้ากากอนามัย SOS PLUS 20'S(สีฟ้า),฿49.75
อภัยภูเบศรยาอมสมุนไพรผสมมะขามป้อม(สูตร2) 40เม็ด,฿8.75
อีแอล ลูกท้ออบแห้ง ขวดใหญ่(แพ็ค20ขวด),฿18
CONPROSTA 60'Sเกสรดอกไม้(ATLANTA),"฿99,999"
CONVATEC ACTIVELIFE  ถุงอุจจาระปลายเปิดใส 10ถุง,฿730
COOL KIDS COOLING GEL หมอนเจลเย็น,฿218
CORILAX TAB.50x10'S *ขาว (NORGESIC)ชุมชน,฿360
COS 464 25x10'S(SALICYLA+PARA+PHENY+CPM)HK,฿360
COUGHDYL 10x10'S(DEXTRO+GUAIFEN)*ทำรายงาน,฿328.5
COUGO บรรเทาไข้หวัด 5x4'S/BX.,฿19
CPM 4MG 1000'S(AU)/แคปซูลไข่ปลา,฿170
3M TRANSPORE 1/2นิ้วx5หลาx12ม้วน/แพ็ค,฿201
3M แผ่นซับสิว สีชมพู 12ชิ้น(กลม),฿54.75
AMBES 10MG(AMLOPINE) 10x10'S(GPO),฿97
AMBES 5MG(AMLOPINE) 10x10'S(GPO),฿57
ANTACIL 50x10's (TNP),฿484
AZYCIN 250 MG(AZITHRO) 6'S(GPO),฿70
B-100 COMPLEX (B3-B1-B2-B6)50x1ML(TP.),฿227
BELCID FORTE SUSP 240ML.20ขวด/ลัง,฿34
หน้ากาก NEXT HEALTH 3ชั้น 50'S/BX.(สีชมพู) *P,฿37.5
หน้ากาก NEXT HEALTH 3ชั้น 50'S/BX.(สีดำ) *P,฿37.5
หน้ากาก NEXT HEALTH 3ชั้น 50'S/BX.(สีฟ้า) *P,฿37.5
สำลีม้วน-รถพยาบาล 200G./ม้วน,฿55.5
หน้ากาก NEXT HEALTH N95 30'S(สีขาว),฿87.5
หน้ากากมีวาล์ว N-95 RESCUE GURD 12'S/BX.,฿32.75
หน้ากากอนามัย SOS PLUS 20'S(สีขาว),฿49.75
หน้ากากอนามัย SOS PLUS 20'S(สีฟ้า),฿49.75
อภัยภูเบศรยาอมสมุนไพรผสมมะขามป้อม(สูตร2) 40เม็ด,฿8.75
อีแอล ลูกท้ออบแห้ง ขวดใหญ่(แพ็ค20ขวด),฿18
CRAXACIN 500 1x10'S(LEVOFLOXACIN)T.MAN EXP.10/26,฿103
CRESTATIN 20MG. 3x10'S/BX.(สูตรCRESTOR),฿267.75
CT-KAPROLIS PLUS 15ML.,฿62
CURMIN 500 PLUS 100'S/ขวด ขาวละออ,฿98.75
CURMISCON POWER ขมิ้นผง 15ซองx2G./BX.,"฿99,999"
CYCLODEX 20MG. 20'S(PIROXICAM)PML.,฿72
CYRIAMINE FORT 100'S/BX.(สูตรRE-B FORTE)CPL,฿159
DAFIRO 5MG./160MG. 28'S/BX.,฿470
3M TRANSPORE 1/2นิ้วx5หลาx12ม้วน/แพ็ค,฿201
3M แผ่นซับสิว สีชมพู 12ชิ้น(กลม),฿54.75
AMBES 10MG(AMLOPINE) 10x10'S(GPO),฿97
AMBES 5MG(AMLOPINE) 10x10'S(GPO),฿57
ANTACIL 50x10's (TNP),฿484
AZYCIN 250 MG(AZITHRO) 6'S(GPO),฿70
B-100 COMPLEX (B3-B1-B2-B6)50x1ML(TP.),฿227
BELCID FORTE SUSP 240ML.20ขวด/ลัง,฿34
หน้ากาก NEXT HEALTH 3ชั้น 50'S/BX.(สีชมพู) *P,฿37.5
หน้ากาก NEXT HEALTH 3ชั้น 50'S/BX.(สีดำ) *P,฿37.5
หน้ากาก NEXT HEALTH 3ชั้น 50'S/BX.(สีฟ้า) *P,฿37.5
สำลีม้วน-รถพยาบาล 200G./ม้วน,฿55.5
หน้ากาก NEXT HEALTH N95 30'S(สีขาว),฿87.5
หน้ากากมีวาล์ว N-95 RESCUE GURD 12'S/BX.,฿32.75
หน้ากากอนามัย SOS PLUS 20'S(สีขาว),฿49.75
หน้ากากอนามัย SOS PLUS 20'S(สีฟ้า),฿49.75
อภัยภูเบศรยาอมสมุนไพรผสมมะขามป้อม(สูตร2) 40เม็ด,฿8.75
อีแอล ลูกท้ออบแห้ง ขวดใหญ่(แพ็ค20ขวด),฿18
DANTRON 8MG.(ONDANSETRON)10x10'S/BX.,"฿1,068"
DAY TEMP PARA 500MG. 100'S(ขาวรี),฿23.5
DEEDAY FISH OIL+ASTAXANTHIN 30'S,฿163
DEMOSANA CALCIUM 20เม็ดฟู่(ORANGE),฿86.5
DEMOSANA COLLAGEN+ C  20เม็ดฟู่(STRAWBERRY),฿86.5
DEMOSANA MULTIVITMIN 20เม็ดฟู่(MIXED BERRY),฿86.5
DEMOSANA VITAMIN B12 20เม็ดฟู่(BERRIES),฿86.5
DEMOSANA VITAMIN C  20เม็ดฟู่(YUSU-ORANGE),฿86.5
3M TRANSPORE 1/2นิ้วx5หลาx12ม้วน/แพ็ค,฿201
3M แผ่นซับสิว สีชมพู 12ชิ้น(กลม),฿54.75
AMBES 10MG(AMLOPINE) 10x10'S(GPO),฿97
AMBES 5MG(AMLOPINE) 10x10'S(GPO),฿57
ANTACIL 50x10's (TNP),฿484
AZYCIN 250 MG(AZITHRO) 6'S(GPO),฿70
B-100 COMPLEX (B3-B1-B2-B6)50x1ML(TP.),฿227
BELCID FORTE SUSP 240ML.20ขวด/ลัง,฿34
หน้ากาก NEXT HEALTH 3ชั้น 50'S/BX.(สีชมพู) *P,฿37.5
หน้ากาก NEXT HEALTH 3ชั้น 50'S/BX.(สีดำ) *P,฿37.5
หน้ากาก NEXT HEALTH 3ชั้น 50'S/BX.(สีฟ้า) *P,฿37.5
สำลีม้วน-รถพยาบาล 200G./ม้วน,฿55.5
หน้ากาก NEXT HEALTH N95 30'S(สีขาว),฿87.5
หน้ากากมีวาล์ว N-95 RESCUE GURD 12'S/BX.,฿32.75
หน้ากากอนามัย SOS PLUS 20'S(สีขาว),฿49.75
หน้ากากอนามัย SOS PLUS 20'S(สีฟ้า),฿49.75
อภัยภูเบศรยาอมสมุนไพรผสมมะขามป้อม(สูตร2) 40เม็ด,฿8.75
อีแอล ลูกท้ออบแห้ง ขวดใหญ่(แพ็ค20ขวด),฿18
DEMOSANA VITAMIN C 20เม็ดฟู่(ORANGE),฿86.5
DEMOSANA VITAMIN C 20เม็ดฟู่(STRAWBERRY),฿86.5
DEMOSANA ZINC+C+D3 20เม็ดฟู่(ORANGE-LEMON),฿86.5
DENOX 0.05% SPRAY 10ML.เด็ก(OTRIVIN),฿70.75
DENOX 0.1% SPRAY 10ML.ผู้ใหญ่(OTRIVIN),฿81.5
DENTISTE FLOSS PICK 20'S/ซอง(ไหมขัดฟันมีด้าม),฿31.5
DENTISTE' MOUTH SPRAY 3ML.,"฿99,999"
DENTISTE' MOUTH SPRAY PROBIOTIC 15ML.,฿216.5
3M TRANSPORE 1/2นิ้วx5หลาx12ม้วน/แพ็ค,฿201
3M แผ่นซับสิว สีชมพู 12ชิ้น(กลม),฿54.75
AMBES 10MG(AMLOPINE) 10x10'S(GPO),฿97
AMBES 5MG(AMLOPINE) 10x10'S(GPO),฿57
ANTACIL 50x10's (TNP),฿484
AZYCIN 250 MG(AZITHRO) 6'S(GPO),฿70
B-100 COMPLEX (B3-B1-B2-B6)50x1ML(TP.),฿227
BELCID FORTE SUSP 240ML.20ขวด/ลัง,฿34
หน้ากาก NEXT HEALTH 3ชั้น 50'S/BX.(สีชมพู) *P,฿37.5
หน้ากาก NEXT HEALTH 3ชั้น 50'S/BX.(สีดำ) *P,฿37.5
หน้ากาก NEXT HEALTH 3ชั้น 50'S/BX.(สีฟ้า) *P,฿37.5
สำลีม้วน-รถพยาบาล 200G./ม้วน,฿55.5
หน้ากาก NEXT HEALTH N95 30'S(สีขาว),฿87.5
หน้ากากมีวาล์ว N-95 RESCUE GURD 12'S/BX.,฿32.75
หน้ากากอนามัย SOS PLUS 20'S(สีขาว),฿49.75
หน้ากากอนามัย SOS PLUS 20'S(สีฟ้า),฿49.75
อภัยภูเบศรยาอมสมุนไพรผสมมะขามป้อม(สูตร2) 40เม็ด,฿8.75
อีแอล ลูกท้ออบแห้ง ขวดใหญ่(แพ็ค20ขวด),฿18
DERMAHEU CR 50G(TNP),฿162.75
DERMAMAN OINTMENT 5G.(CLOBET)TMAN,฿20.5
DERMATIX ULTRA 15G.+ACNE SCAR 5G.*ใหม่,฿743
DERMATIX WOUND CARE 50G.,฿320
DERMONAR LOTION 30ML.(CLOBETASOL)LSP,฿45.5
DESTA SF ORAL SOLUTION 60ML.(สูตรAERIUS),"฿99,999"
DETTOL ONZEN ACTIVE-BOTANY 450ML.,฿177.5
DEXTROSE POWDER 25G.x20ซอง/BX.,฿278
3M TRANSPORE 1/2นิ้วx5หลาx12ม้วน/แพ็ค,฿201
3M แผ่นซับสิว สีชมพู 12ชิ้น(กลม),฿54.75
AMBES 10MG(AMLOPINE) 10x10'S(GPO),฿97
AMBES 5MG(AMLOPINE) 10x10'S(GPO),฿57
ANTACIL 50x10's (TNP),฿484
AZYCIN 250 MG(AZITHRO) 6'S(GPO),฿70
B-100 COMPLEX (B3-B1-B2-B6)50x1ML(TP.),฿227
BELCID FORTE SUSP 240ML.20ขวด/ลัง,฿34
หน้ากาก NEXT HEALTH 3ชั้น 50'S/BX.(สีชมพู) *P,฿37.5
หน้ากาก NEXT HEALTH 3ชั้น 50'S/BX.(สีดำ) *P,฿37.5
หน้ากาก NEXT HEALTH 3ชั้น 50'S/BX.(สีฟ้า) *P,฿37.5
สำลีม้วน-รถพยาบาล 200G./ม้วน,฿55.5
หน้ากาก NEXT HEALTH N95 30'S(สีขาว),฿87.5
หน้ากากมีวาล์ว N-95 RESCUE GURD 12'S/BX.,฿32.75
หน้ากากอนามัย SOS PLUS 20'S(สีขาว),฿49.75
หน้ากากอนามัย SOS PLUS 20'S(สีฟ้า),฿49.75
อภัยภูเบศรยาอมสมุนไพรผสมมะขามป้อม(สูตร2) 40เม็ด,฿8.75
อีแอล ลูกท้ออบแห้ง ขวดใหญ่(แพ็ค20ขวด),฿18
DICLEGIS 2x10'S(DOXYLAMINE+PYRIDOXINE),฿385.5
DICLOFENAC 50MG.50x10'S(DICLOFENAC)ชุมชน,฿333
DIFFLAM FOR CHILDREN THROAT SPRAY 30ML.,฿218
DIFFLAM LEMON SUGAR FREE  16'S/BX.,฿153.75
DIGITAL THERMOMETER GENIAL รุ่นT15SL,฿56.5
DILANTIN 100MG(PHENYTOIN)100'S,฿389.5
DINOCOF 60ML.(CARBOCIS 100MG.),฿41.75
D-LIFE OMEGA-3+LYSINE 120ML.(PATAR),฿47
3M TRANSPORE 1/2นิ้วx5หลาx12ม้วน/แพ็ค,฿201
3M แผ่นซับสิว สีชมพู 12ชิ้น(กลม),฿54.75
AMBES 10MG(AMLOPINE) 10x10'S(GPO),฿97
AMBES 5MG(AMLOPINE) 10x10'S(GPO),฿57
ANTACIL 50x10's (TNP),฿484
AZYCIN 250 MG(AZITHRO) 6'S(GPO),฿70
B-100 COMPLEX (B3-B1-B2-B6)50x1ML(TP.),฿227
BELCID FORTE SUSP 240ML.20ขวด/ลัง,฿34
หน้ากาก NEXT HEALTH 3ชั้น 50'S/BX.(สีชมพู) *P,฿37.5
หน้ากาก NEXT HEALTH 3ชั้น 50'S/BX.(สีดำ) *P,฿37.5
หน้ากาก NEXT HEALTH 3ชั้น 50'S/BX.(สีฟ้า) *P,฿37.5
สำลีม้วน-รถพยาบาล 200G./ม้วน,฿55.5
หน้ากาก NEXT HEALTH N95 30'S(สีขาว),฿87.5
หน้ากากมีวาล์ว N-95 RESCUE GURD 12'S/BX.,฿32.75
หน้ากากอนามัย SOS PLUS 20'S(สีขาว),฿49.75
หน้ากากอนามัย SOS PLUS 20'S(สีฟ้า),฿49.75
อภัยภูเบศรยาอมสมุนไพรผสมมะขามป้อม(สูตร2) 40เม็ด,฿8.75
อีแอล ลูกท้ออบแห้ง ขวดใหญ่(แพ็ค20ขวด),฿18
D-MOOD PROPOLIZ MOUTH SPRAY 20ML.,฿72
DOMERDON SUSPEN. 30ML.(DOMPERRIDONE),"฿99,999"
DOMPERIDONE-F 50x10'S/BX.(DOMPERIDONE),฿266.75
DOSANAC  EMUL GEL 10G.,฿0
DOXY H.K. 50x10'S(DOXYCYCLINE 100MG.),฿357
DR.PHILLIPS BUBBLE GUM ORTHO WAX(ขี้ผึ้ง),฿44.75
DR.PHILLIPS DENTAL GRAPE WAX (ขี้ผึ้งจัดฟัน),฿44.75
DR.PHILLIPS DENTAL WAX MINT (ขี้ผึ้งจัดฟัน),฿44.75
3M TRANSPORE 1/2นิ้วx5หลาx12ม้วน/แพ็ค,฿201
3M แผ่นซับสิว สีชมพู 12ชิ้น(กลม),฿54.75
AMBES 10MG(AMLOPINE) 10x10'S(GPO),฿97
AMBES 5MG(AMLOPINE) 10x10'S(GPO),฿57
ANTACIL 50x10's (TNP),฿484
AZYCIN 250 MG(AZITHRO) 6'S(GPO),฿70
B-100 COMPLEX (B3-B1-B2-B6)50x1ML(TP.),฿227
BELCID FORTE SUSP 240ML.20ขวด/ลัง,฿34
หน้ากาก NEXT HEALTH 3ชั้น 50'S/BX.(สีชมพู) *P,฿37.5
หน้ากาก NEXT HEALTH 3ชั้น 50'S/BX.(สีดำ) *P,฿37.5
หน้ากาก NEXT HEALTH 3ชั้น 50'S/BX.(สีฟ้า) *P,฿37.5
สำลีม้วน-รถพยาบาล 200G./ม้วน,฿55.5
หน้ากาก NEXT HEALTH N95 30'S(สีขาว),฿87.5
หน้ากากมีวาล์ว N-95 RESCUE GURD 12'S/BX.,฿32.75
หน้ากากอนามัย SOS PLUS 20'S(สีขาว),฿49.75
หน้ากากอนามัย SOS PLUS 20'S(สีฟ้า),฿49.75
อภัยภูเบศรยาอมสมุนไพรผสมมะขามป้อม(สูตร2) 40เม็ด,฿8.75
อีแอล ลูกท้ออบแห้ง ขวดใหญ่(แพ็ค20ขวด),฿18
DR.PHILLIPS MOUTH SPRAY 15ML.(MINT),฿57
DR.PHILLIPS ไหมขัดฟันชนิดมีด้าม  50ชิ้น(องุ่น),฿26.75
DR.PHILLIPS ไหมขัดฟันชนิดมีด้าม 30 ชิ้น(ซองซิปล็อค),฿18.5
DR.PHILLIPS ไหมขัดฟันชนิดมีด้าม 50ชิ้น(เป๊ปเปอร์มิ้นท์),฿26.75
DR.PHILLIPS ไหมขัดฟันชนิดมีด้าม 50ชิ้น(สตอเบอรี่),฿26.75
DR.PHILLIPS กล่องตัดเม็ดยา(คละสี),฿36.75
DULCOLAX 5MG.(BISACODYL)10x10'S/BX.,฿285
DUMONT SPRAY 12G.(LIDOCAIN 9.6G.),฿140.5
3M TRANSPORE 1/2นิ้วx5หลาx12ม้วน/แพ็ค,฿201
3M แผ่นซับสิว สีชมพู 12ชิ้น(กลม),฿54.75
AMBES 10MG(AMLOPINE) 10x10'S(GPO),฿97
AMBES 5MG(AMLOPINE) 10x10'S(GPO),฿57
ANTACIL 50x10's (TNP),฿484
AZYCIN 250 MG(AZITHRO) 6'S(GPO),฿70
B-100 COMPLEX (B3-B1-B2-B6)50x1ML(TP.),฿227
BELCID FORTE SUSP 240ML.20ขวด/ลัง,฿34
หน้ากาก NEXT HEALTH 3ชั้น 50'S/BX.(สีชมพู) *P,฿37.5
หน้ากาก NEXT HEALTH 3ชั้น 50'S/BX.(สีดำ) *P,฿37.5
หน้ากาก NEXT HEALTH 3ชั้น 50'S/BX.(สีฟ้า) *P,฿37.5
สำลีม้วน-รถพยาบาล 200G./ม้วน,฿55.5
หน้ากาก NEXT HEALTH N95 30'S(สีขาว),฿87.5
หน้ากากมีวาล์ว N-95 RESCUE GURD 12'S/BX.,฿32.75
หน้ากากอนามัย SOS PLUS 20'S(สีขาว),฿49.75
หน้ากากอนามัย SOS PLUS 20'S(สีฟ้า),฿49.75
อภัยภูเบศรยาอมสมุนไพรผสมมะขามป้อม(สูตร2) 40เม็ด,฿8.75
อีแอล ลูกท้ออบแห้ง ขวดใหญ่(แพ็ค20ขวด),฿18
DUOGAS 1x14'S(OMEPRAZOLE 20MG.)MACRO,"฿99,999"
DUPHASTON 10MG.20'S (DYDROGESTERONE)ABBOTT,฿490
DURAN 600MG(IBUPROFEN) 1x10'S(TNP)ขาวรี,฿25.5
DYMISTA NASAL SPRAY (137/50MCG.),฿634
EASIFIX 8CM.x2M.x10ม้วน/กล่อง,฿87.5
EAZI  BODY ACNE SOLUTION 30ML.,฿149.5
EAZI SOOTHING GEL 30G.,฿179
ELEVIT วิตามินสำหรับก่อนและหลังตั้งครรภ์ 30'S,฿305.5
3M TRANSPORE 1/2นิ้วx5หลาx12ม้วน/แพ็ค,฿201
3M แผ่นซับสิว สีชมพู 12ชิ้น(กลม),฿54.75
AMBES 10MG(AMLOPINE) 10x10'S(GPO),฿97
AMBES 5MG(AMLOPINE) 10x10'S(GPO),฿57
ANTACIL 50x10's (TNP),฿484
AZYCIN 250 MG(AZITHRO) 6'S(GPO),฿70
B-100 COMPLEX (B3-B1-B2-B6)50x1ML(TP.),฿227
BELCID FORTE SUSP 240ML.20ขวด/ลัง,฿34
หน้ากาก NEXT HEALTH 3ชั้น 50'S/BX.(สีชมพู) *P,฿37.5
หน้ากาก NEXT HEALTH 3ชั้น 50'S/BX.(สีดำ) *P,฿37.5
หน้ากาก NEXT HEALTH 3ชั้น 50'S/BX.(สีฟ้า) *P,฿37.5
สำลีม้วน-รถพยาบาล 200G./ม้วน,฿55.5
หน้ากาก NEXT HEALTH N95 30'S(สีขาว),฿87.5
หน้ากากมีวาล์ว N-95 RESCUE GURD 12'S/BX.,฿32.75
หน้ากากอนามัย SOS PLUS 20'S(สีขาว),฿49.75
หน้ากากอนามัย SOS PLUS 20'S(สีฟ้า),฿49.75
อภัยภูเบศรยาอมสมุนไพรผสมมะขามป้อม(สูตร2) 40เม็ด,฿8.75
อีแอล ลูกท้ออบแห้ง ขวดใหญ่(แพ็ค20ขวด),฿18
EMSON 3X10'S(UNISON)สูตรMYONAL,฿88
ENSURE GOLD HMB 3700 กรัม(กลิ่นวนิลา),"฿3,655"
ENTIR 400MG.(ACICLOVIR)7x10'S/BX.,฿340.5
ERBATOP ADVANCE INTENSIVE 50G.(9%UREA),฿170.75
ERBATOP ADVANCE INTENSIVE LOTION 75ML.,฿137.5
ERBATOP ADVANCE INTENTIVE FOOT CARE 30G.,฿89.5
ERBATOP -AI ADVANCE INTEN HAND CREAM 50G.,฿137.5
ESTAPRAM 10MG.2x14'S(สูตร LEXAPRO),฿324
3M TRANSPORE 1/2นิ้วx5หลาx12ม้วน/แพ็ค,฿201
3M แผ่นซับสิว สีชมพู 12ชิ้น(กลม),฿54.75
AMBES 10MG(AMLOPINE) 10x10'S(GPO),฿97
AMBES 5MG(AMLOPINE) 10x10'S(GPO),฿57
ANTACIL 50x10's (TNP),฿484
AZYCIN 250 MG(AZITHRO) 6'S(GPO),฿70
B-100 COMPLEX (B3-B1-B2-B6)50x1ML(TP.),฿227
BELCID FORTE SUSP 240ML.20ขวด/ลัง,฿34
หน้ากาก NEXT HEALTH 3ชั้น 50'S/BX.(สีชมพู) *P,฿37.5
หน้ากาก NEXT HEALTH 3ชั้น 50'S/BX.(สีดำ) *P,฿37.5
หน้ากาก NEXT HEALTH 3ชั้น 50'S/BX.(สีฟ้า) *P,฿37.5
สำลีม้วน-รถพยาบาล 200G./ม้วน,฿55.5
หน้ากาก NEXT HEALTH N95 30'S(สีขาว),฿87.5
หน้ากากมีวาล์ว N-95 RESCUE GURD 12'S/BX.,฿32.75
หน้ากากอนามัย SOS PLUS 20'S(สีขาว),฿49.75
หน้ากากอนามัย SOS PLUS 20'S(สีฟ้า),฿49.75
อภัยภูเบศรยาอมสมุนไพรผสมมะขามป้อม(สูตร2) 40เม็ด,฿8.75
อีแอล ลูกท้ออบแห้ง ขวดใหญ่(แพ็ค20ขวด),฿18
ESTAPRAM 20MG.2x14'S(สูตร LEXAPRO),฿519
ETORICOXIB ALVOGEN 120MG.3x10'S(ARCOXIA),฿520.5
ETORICOXIB ALVOGEN 30MG.3x10'S(ARCOXIA),฿349.5
ETORICOXIB ALVOGEN 60MG.3x10'S(ARCOXIA),฿443
ETORICOXIB ALVOGEN 90MG.3x10'S(ARCOXIA),฿467.5
ETOXIB-120MG. 3x10'S(สูตรARCOXIA)ATLANTA,฿302.5
ETROBAX 120MG.1x7'S(สูตรARCOXIA)SUN,"฿99,999"
EUCALYPTUS  SPRAY จิงโจ้ 300ML.x2กป.(แพ็คคู่+ร่ม),฿378
3M TRANSPORE 1/2นิ้วx5หลาx12ม้วน/แพ็ค,฿201
3M แผ่นซับสิว สีชมพู 12ชิ้น(กลม),฿54.75
AMBES 10MG(AMLOPINE) 10x10'S(GPO),฿97
AMBES 5MG(AMLOPINE) 10x10'S(GPO),฿57
ANTACIL 50x10's (TNP),฿484
AZYCIN 250 MG(AZITHRO) 6'S(GPO),฿70
B-100 COMPLEX (B3-B1-B2-B6)50x1ML(TP.),฿227
BELCID FORTE SUSP 240ML.20ขวด/ลัง,฿34
หน้ากาก NEXT HEALTH 3ชั้น 50'S/BX.(สีชมพู) *P,฿37.5
หน้ากาก NEXT HEALTH 3ชั้น 50'S/BX.(สีดำ) *P,฿37.5
หน้ากาก NEXT HEALTH 3ชั้น 50'S/BX.(สีฟ้า) *P,฿37.5
สำลีม้วน-รถพยาบาล 200G./ม้วน,฿55.5
หน้ากาก NEXT HEALTH N95 30'S(สีขาว),฿87.5
หน้ากากมีวาล์ว N-95 RESCUE GURD 12'S/BX.,฿32.75
หน้ากากอนามัย SOS PLUS 20'S(สีขาว),฿49.75
หน้ากากอนามัย SOS PLUS 20'S(สีฟ้า),฿49.75
อภัยภูเบศรยาอมสมุนไพรผสมมะขามป้อม(สูตร2) 40เม็ด,฿8.75
อีแอล ลูกท้ออบแห้ง ขวดใหญ่(แพ็ค20ขวด),฿18
EUCID CAPSULES 1x14'S/BX.(OMEPRAZOLE),"฿99,999"
EXETER 4 TIME A DAY PLANNER ตลับใส่ยา (สีขาว),฿56.5
EXETER 7-DAY PILL POCKET ตลับใส่ยา(วงกลม)สีขาว,฿56.5
EXETER COLD HOT GEL PACK 120G.(13x10.5CM.),"฿99,999"
EZENTIA 10MG. 2x14'S(EZETIMIBE)SUN,฿295.5
EZETIMIBE GPO 10MG. 3x10'S/BX.,฿132.5
FAMOC 20 10x10'S(FAMOTIDINE)BERLIN,฿130.5
FAR INFARED PATCH SCENT 8x12 4'S (ชมพู),฿95.5
3M TRANSPORE 1/2นิ้วx5หลาx12ม้วน/แพ็ค,฿201
3M แผ่นซับสิว สีชมพู 12ชิ้น(กลม),฿54.75
AMBES 10MG(AMLOPINE) 10x10'S(GPO),฿97
AMBES 5MG(AMLOPINE) 10x10'S(GPO),฿57
ANTACIL 50x10's (TNP),฿484
AZYCIN 250 MG(AZITHRO) 6'S(GPO),฿70
B-100 COMPLEX (B3-B1-B2-B6)50x1ML(TP.),฿227
BELCID FORTE SUSP 240ML.20ขวด/ลัง,฿34
หน้ากาก NEXT HEALTH 3ชั้น 50'S/BX.(สีชมพู) *P,฿37.5
หน้ากาก NEXT HEALTH 3ชั้น 50'S/BX.(สีดำ) *P,฿37.5
หน้ากาก NEXT HEALTH 3ชั้น 50'S/BX.(สีฟ้า) *P,฿37.5
สำลีม้วน-รถพยาบาล 200G./ม้วน,฿55.5
หน้ากาก NEXT HEALTH N95 30'S(สีขาว),฿87.5
หน้ากากมีวาล์ว N-95 RESCUE GURD 12'S/BX.,฿32.75
หน้ากากอนามัย SOS PLUS 20'S(สีขาว),฿49.75
หน้ากากอนามัย SOS PLUS 20'S(สีฟ้า),฿49.75
อภัยภูเบศรยาอมสมุนไพรผสมมะขามป้อม(สูตร2) 40เม็ด,฿8.75
อีแอล ลูกท้ออบแห้ง ขวดใหญ่(แพ็ค20ขวด),฿18
FAR INFARED PATCH ทรงกลม 6ชิ้น(กล่อง10ซอง),"฿99,999"
FATEC 10x10'S(สูตรZYRTEC),฿105.5
FATEC 50x10'S(สูตรZYRTEC),฿499.5
FATICIN CREAM 5G.(FUSIDIC ACID 2%)SPS,฿52
FEATURES DIGITAL THERMO (ปลายเเข็ง)ตั้งเต็มจิต,฿61.75
FEATURES DIGITAL THERMO(ปลายอ่อน)ตั้งเต็มจิต,฿74.5
FEEL MOM BABY SOOTHING ลูกกลิ้งเสลดพังพอน10ML.,฿97.5
FEEL MOM เซรั่มหอมแดง 12ML.,฿71.5
3M TRANSPORE 1/2นิ้วx5หลาx12ม้วน/แพ็ค,฿201
3M แผ่นซับสิว สีชมพู 12ชิ้น(กลม),฿54.75
AMBES 10MG(AMLOPINE) 10x10'S(GPO),฿97
AMBES 5MG(AMLOPINE) 10x10'S(GPO),฿57
ANTACIL 50x10's (TNP),฿484
AZYCIN 250 MG(AZITHRO) 6'S(GPO),฿70
B-100 COMPLEX (B3-B1-B2-B6)50x1ML(TP.),฿227
BELCID FORTE SUSP 240ML.20ขวด/ลัง,฿34
หน้ากาก NEXT HEALTH 3ชั้น 50'S/BX.(สีชมพู) *P,฿37.5
หน้ากาก NEXT HEALTH 3ชั้น 50'S/BX.(สีดำ) *P,฿37.5
หน้ากาก NEXT HEALTH 3ชั้น 50'S/BX.(สีฟ้า) *P,฿37.5
สำลีม้วน-รถพยาบาล 200G./ม้วน,฿55.5
หน้ากาก NEXT HEALTH N95 30'S(สีขาว),฿87.5
หน้ากากมีวาล์ว N-95 RESCUE GURD 12'S/BX.,฿32.75
หน้ากากอนามัย SOS PLUS 20'S(สีขาว),฿49.75
หน้ากากอนามัย SOS PLUS 20'S(สีฟ้า),฿49.75
อภัยภูเบศรยาอมสมุนไพรผสมมะขามป้อม(สูตร2) 40เม็ด,฿8.75
อีแอล ลูกท้ออบแห้ง ขวดใหญ่(แพ็ค20ขวด),฿18
FEEL MOM แอร์ อโรมาเทอราพี สเปรย์ 200ML.,฿123.5
FEEL MOM บาล์มบัวหิมะ 10ML.,฿112.5
FEITAS DICLOFENAC PATCH 2'Sx15ซอง(แบ่งขาย),฿64.75
FEITAS DICLOFENAC PATCH 7'Sx5ซอง/BX.(แบ่งขาย),฿189.5
FERCIROL 10x10'S/BX.(IRON+FOLIC),฿342
"FERLI-6 20x30'S/BX.(FERROUS,FOLIC,B6)CP",฿274.5
FEXLORA 1x10'S(LORATADINE)เม็ดเคี๊ยว(SPS),฿46
FEXLORA KIDS 1x10'S(LORATADINE)เม็ดเคี๊ยว(SPS),฿41.5
3M TRANSPORE 1/2นิ้วx5หลาx12ม้วน/แพ็ค,฿201
3M แผ่นซับสิว สีชมพู 12ชิ้น(กลม),฿54.75
AMBES 10MG(AMLOPINE) 10x10'S(GPO),฿97
AMBES 5MG(AMLOPINE) 10x10'S(GPO),฿57
ANTACIL 50x10's (TNP),฿484
AZYCIN 250 MG(AZITHRO) 6'S(GPO),฿70
B-100 COMPLEX (B3-B1-B2-B6)50x1ML(TP.),฿227
BELCID FORTE SUSP 240ML.20ขวด/ลัง,฿34
หน้ากาก NEXT HEALTH 3ชั้น 50'S/BX.(สีชมพู) *P,฿37.5
หน้ากาก NEXT HEALTH 3ชั้น 50'S/BX.(สีดำ) *P,฿37.5
หน้ากาก NEXT HEALTH 3ชั้น 50'S/BX.(สีฟ้า) *P,฿37.5
สำลีม้วน-รถพยาบาล 200G./ม้วน,฿55.5
หน้ากาก NEXT HEALTH N95 30'S(สีขาว),฿87.5
หน้ากากมีวาล์ว N-95 RESCUE GURD 12'S/BX.,฿32.75
หน้ากากอนามัย SOS PLUS 20'S(สีขาว),฿49.75
หน้ากากอนามัย SOS PLUS 20'S(สีฟ้า),฿49.75
อภัยภูเบศรยาอมสมุนไพรผสมมะขามป้อม(สูตร2) 40เม็ด,฿8.75
อีแอล ลูกท้ออบแห้ง ขวดใหญ่(แพ็ค20ขวด),฿18
FIBERTIN 6G.x15'S/BX.(INPAC),฿257
FICEF 100MG. 1x10'S(สูตร CEFSPAN),฿134
FINASCIA(FINASTERIDE 1MG.)3x10'S MILLIMED,฿188
FINASTERIDE 1MG.3x10'S/BX.(BKD),฿218
FIT BEROC วิตามินเม็ดฟู่ รสมิกซ์เบอรี่ 7'S,฿74
FIT C HIGH  วิตามินเม็ดฟู่  7'S/กล่อง,฿59.75
FIT CDB 7'S (เม็ดฟู่รสส้ม),฿74
"FIT COLLAGEN DIPEPTIDE 10,000MG. 15G.x12ซอง",฿463.5
3M TRANSPORE 1/2นิ้วx5หลาx12ม้วน/แพ็ค,฿201
3M แผ่นซับสิว สีชมพู 12ชิ้น(กลม),฿54.75
AMBES 10MG(AMLOPINE) 10x10'S(GPO),฿97
AMBES 5MG(AMLOPINE) 10x10'S(GPO),฿57
ANTACIL 50x10's (TNP),฿484
AZYCIN 250 MG(AZITHRO) 6'S(GPO),฿70
B-100 COMPLEX (B3-B1-B2-B6)50x1ML(TP.),฿227
BELCID FORTE SUSP 240ML.20ขวด/ลัง,฿34
หน้ากาก NEXT HEALTH 3ชั้น 50'S/BX.(สีชมพู) *P,฿37.5
หน้ากาก NEXT HEALTH 3ชั้น 50'S/BX.(สีดำ) *P,฿37.5
หน้ากาก NEXT HEALTH 3ชั้น 50'S/BX.(สีฟ้า) *P,฿37.5
สำลีม้วน-รถพยาบาล 200G./ม้วน,฿55.5
หน้ากาก NEXT HEALTH N95 30'S(สีขาว),฿87.5
หน้ากากมีวาล์ว N-95 RESCUE GURD 12'S/BX.,฿32.75
หน้ากากอนามัย SOS PLUS 20'S(สีขาว),฿49.75
หน้ากากอนามัย SOS PLUS 20'S(สีฟ้า),฿49.75
อภัยภูเบศรยาอมสมุนไพรผสมมะขามป้อม(สูตร2) 40เม็ด,฿8.75
อีแอล ลูกท้ออบแห้ง ขวดใหญ่(แพ็ค20ขวด),฿18
FIT MILK CAL CHEWABLE 12'S/กล่อง,฿185.5
FIT POST BIOTIC 2G.x30'S/BX.,"฿1,003"
FIT POSTBIOTIC 20G.x10'S/BX.,฿298.5
FIT หัวปลีชนิดผง 15G.x10ซอง/BX.,฿63.5
FITNE-ชาสตรอว์เบอรี่ 2.15G.x12ซอง/ถุง,฿71.5
FITNE-ชาสตรอว์เบอรี่ 2.15G.x7ซอง/ถุง,฿41.5
FLEXY GEL 60G.(DICLOFENAC),฿56.5
FLUIFORT SACHET 50'S/BX.(CARBOCISTEINE),"฿1,460"
3M TRANSPORE 1/2นิ้วx5หลาx12ม้วน/แพ็ค,฿201
3M แผ่นซับสิว สีชมพู 12ชิ้น(กลม),฿54.75
AMBES 10MG(AMLOPINE) 10x10'S(GPO),฿97
AMBES 5MG(AMLOPINE) 10x10'S(GPO),฿57
ANTACIL 50x10's (TNP),฿484
AZYCIN 250 MG(AZITHRO) 6'S(GPO),฿70
B-100 COMPLEX (B3-B1-B2-B6)50x1ML(TP.),฿227
BELCID FORTE SUSP 240ML.20ขวด/ลัง,฿34
หน้ากาก NEXT HEALTH 3ชั้น 50'S/BX.(สีชมพู) *P,฿37.5
หน้ากาก NEXT HEALTH 3ชั้น 50'S/BX.(สีดำ) *P,฿37.5
หน้ากาก NEXT HEALTH 3ชั้น 50'S/BX.(สีฟ้า) *P,฿37.5
สำลีม้วน-รถพยาบาล 200G./ม้วน,฿55.5
หน้ากาก NEXT HEALTH N95 30'S(สีขาว),฿87.5
หน้ากากมีวาล์ว N-95 RESCUE GURD 12'S/BX.,฿32.75
หน้ากากอนามัย SOS PLUS 20'S(สีขาว),฿49.75
หน้ากากอนามัย SOS PLUS 20'S(สีฟ้า),฿49.75
อภัยภูเบศรยาอมสมุนไพรผสมมะขามป้อม(สูตร2) 40เม็ด,฿8.75
อีแอล ลูกท้ออบแห้ง ขวดใหญ่(แพ็ค20ขวด),฿18
FOLIC ACID TABLET 100x10'S (CP),฿463.5
FOLIC TABLET 100'S(CPL),฿22.5
FOTAGEL SUS.20ML 20'S(สูตร SMECTA) รสเมล่อน,฿429.5
FRESH CLEAR EYE WASH 10BOTx20ML(ล้างตา),฿64.75
FRESH CLEAR EYE WASH 10'Sx10ML(ล้างตา),฿35.75
FRESH CLEAR EYE WASH 5x20ML(ล้างตา),฿34.5
FUDIC CREAM 5G.(FUSIDIC 2%)TMAN,฿36.75
FUDIC-B 5G.(FUSIDIC+BETA)TMAN,฿43.5
3M TRANSPORE 1/2นิ้วx5หลาx12ม้วน/แพ็ค,฿201
3M แผ่นซับสิว สีชมพู 12ชิ้น(กลม),฿54.75
AMBES 10MG(AMLOPINE) 10x10'S(GPO),฿97
AMBES 5MG(AMLOPINE) 10x10'S(GPO),฿57
ANTACIL 50x10's (TNP),฿484
AZYCIN 250 MG(AZITHRO) 6'S(GPO),฿70
B-100 COMPLEX (B3-B1-B2-B6)50x1ML(TP.),฿227
BELCID FORTE SUSP 240ML.20ขวด/ลัง,฿34
หน้ากาก NEXT HEALTH 3ชั้น 50'S/BX.(สีชมพู) *P,฿37.5
หน้ากาก NEXT HEALTH 3ชั้น 50'S/BX.(สีดำ) *P,฿37.5
หน้ากาก NEXT HEALTH 3ชั้น 50'S/BX.(สีฟ้า) *P,฿37.5
สำลีม้วน-รถพยาบาล 200G./ม้วน,฿55.5
หน้ากาก NEXT HEALTH N95 30'S(สีขาว),฿87.5
หน้ากากมีวาล์ว N-95 RESCUE GURD 12'S/BX.,฿32.75
หน้ากากอนามัย SOS PLUS 20'S(สีขาว),฿49.75
หน้ากากอนามัย SOS PLUS 20'S(สีฟ้า),฿49.75
อภัยภูเบศรยาอมสมุนไพรผสมมะขามป้อม(สูตร2) 40เม็ด,฿8.75
อีแอล ลูกท้ออบแห้ง ขวดใหญ่(แพ็ค20ขวด),฿18
FUNGI-M CREAM 5G. (MICONAZOLE),฿14
FUSIDERM CREAM 5G.(สูตรFUCIDIN),฿44.75
FUTURO WRIST NIGHT SUPPORT ADJ 1'S/BX. *P,"฿99,999"
FUVIZEN CREAM 15G(FUSIDATE 2%)ABCA,฿80.75
G CAP หมวกคลุมผม  สีเขียว 100'S,฿69.75
G CAP หมวกคลุมผม  สีเขียว 10'S,฿12.5
G CAP หมวกคลุมผม  สีฟ้า 10'S,฿12.5
G CAP หมวกคลุมผม สีขาว 100'S,฿69.75
3M TRANSPORE 1/2นิ้วx5หลาx12ม้วน/แพ็ค,฿201
3M แผ่นซับสิว สีชมพู 12ชิ้น(กลม),฿54.75
AMBES 10MG(AMLOPINE) 10x10'S(GPO),฿97
AMBES 5MG(AMLOPINE) 10x10'S(GPO),฿57
ANTACIL 50x10's (TNP),฿484
AZYCIN 250 MG(AZITHRO) 6'S(GPO),฿70
B-100 COMPLEX (B3-B1-B2-B6)50x1ML(TP.),฿227
BELCID FORTE SUSP 240ML.20ขวด/ลัง,฿34
หน้ากาก NEXT HEALTH 3ชั้น 50'S/BX.(สีชมพู) *P,฿37.5
หน้ากาก NEXT HEALTH 3ชั้น 50'S/BX.(สีดำ) *P,฿37.5
หน้ากาก NEXT HEALTH 3ชั้น 50'S/BX.(สีฟ้า) *P,฿37.5
สำลีม้วน-รถพยาบาล 200G./ม้วน,฿55.5
หน้ากาก NEXT HEALTH N95 30'S(สีขาว),฿87.5
หน้ากากมีวาล์ว N-95 RESCUE GURD 12'S/BX.,฿32.75
หน้ากากอนามัย SOS PLUS 20'S(สีขาว),฿49.75
หน้ากากอนามัย SOS PLUS 20'S(สีฟ้า),฿49.75
อภัยภูเบศรยาอมสมุนไพรผสมมะขามป้อม(สูตร2) 40เม็ด,฿8.75
อีแอล ลูกท้ออบแห้ง ขวดใหญ่(แพ็ค20ขวด),฿18
G CAP หมวกคลุมผม สีขาว 10'S,฿10.5
G LUCKY BUDDY COTTON BUD 2WAY 50'S,฿48.5
G LUCKY FIT 3D หน้ากากอนามัย 3ชั้น 30'S(สีขาว),฿49.5
G LUCKY FIT 3D หน้ากากอนามัย 3ชั้น 30'S(สีดำ),฿49.5
G SURE PLUS BABY WIPES 20'S/PCS.,฿6.75
G SURE PLUS COOLING WIPES 10'S/PCS.,฿7.75
G SURE PLUS ผ้าอ้อมแบบเทป ไซซ์ L (24ชิ้น),฿305
G SURE PLUS ผ้าอ้อมแบบเทป ไซซ์ L(10ชิ้น),฿112.75
3M TRANSPORE 1/2นิ้วx5หลาx12ม้วน/แพ็ค,฿201
3M แผ่นซับสิว สีชมพู 12ชิ้น(กลม),฿54.75
AMBES 10MG(AMLOPINE) 10x10'S(GPO),฿97
AMBES 5MG(AMLOPINE) 10x10'S(GPO),฿57
ANTACIL 50x10's (TNP),฿484
AZYCIN 250 MG(AZITHRO) 6'S(GPO),฿70
B-100 COMPLEX (B3-B1-B2-B6)50x1ML(TP.),฿227
BELCID FORTE SUSP 240ML.20ขวด/ลัง,฿34
หน้ากาก NEXT HEALTH 3ชั้น 50'S/BX.(สีชมพู) *P,฿37.5
หน้ากาก NEXT HEALTH 3ชั้น 50'S/BX.(สีดำ) *P,฿37.5
หน้ากาก NEXT HEALTH 3ชั้น 50'S/BX.(สีฟ้า) *P,฿37.5
สำลีม้วน-รถพยาบาล 200G./ม้วน,฿55.5
หน้ากาก NEXT HEALTH N95 30'S(สีขาว),฿87.5
หน้ากากมีวาล์ว N-95 RESCUE GURD 12'S/BX.,฿32.75
หน้ากากอนามัย SOS PLUS 20'S(สีขาว),฿49.75
หน้ากากอนามัย SOS PLUS 20'S(สีฟ้า),฿49.75
อภัยภูเบศรยาอมสมุนไพรผสมมะขามป้อม(สูตร2) 40เม็ด,฿8.75
อีแอล ลูกท้ออบแห้ง ขวดใหญ่(แพ็ค20ขวด),฿18
G SURE PLUS ผ้าอ้อมแบบเทป ไซซ์ L-XL(24ชิ้น),฿262.5
G SURE PLUS ผ้าอ้อมแบบเทป ไซซ์ M(10ชิ้น),฿110
G SURE PLUS ผ้าอ้อมแบบเทป ไซซ์ M(28ชิ้น),฿305
G SURE PLUS ผ้าอ้อมแบบเทป ไซซ์ XL(10ชิ้น),฿110
G SURE PLUS ผ้าอ้อมแบบเทป ไซซ์ XL(20ชิ้น),฿285
G SURE PLUS ผ้าอ้อมแบบเทป ไซซ์ XL(30ชิ้น),฿370
G SURE PLUS ผ้าอ้อมแบบกางเกง ไซซ์ L(10ชิ้น),฿133.5
G SURE PLUS ผ้าอ้อมแบบกางเกง ไซซ์ M(11ชิ้น),฿139
3M TRANSPORE 1/2นิ้วx5หลาx12ม้วน/แพ็ค,฿201
3M แผ่นซับสิว สีชมพู 12ชิ้น(กลม),฿54.75
AMBES 10MG(AMLOPINE) 10x10'S(GPO),฿97
AMBES 5MG(AMLOPINE) 10x10'S(GPO),฿57
ANTACIL 50x10's (TNP),฿484
AZYCIN 250 MG(AZITHRO) 6'S(GPO),฿70
B-100 COMPLEX (B3-B1-B2-B6)50x1ML(TP.),฿227
BELCID FORTE SUSP 240ML.20ขวด/ลัง,฿34
หน้ากาก NEXT HEALTH 3ชั้น 50'S/BX.(สีชมพู) *P,฿37.5
หน้ากาก NEXT HEALTH 3ชั้น 50'S/BX.(สีดำ) *P,฿37.5
หน้ากาก NEXT HEALTH 3ชั้น 50'S/BX.(สีฟ้า) *P,฿37.5
สำลีม้วน-รถพยาบาล 200G./ม้วน,฿55.5
หน้ากาก NEXT HEALTH N95 30'S(สีขาว),฿87.5
หน้ากากมีวาล์ว N-95 RESCUE GURD 12'S/BX.,฿32.75
หน้ากากอนามัย SOS PLUS 20'S(สีขาว),฿49.75
หน้ากากอนามัย SOS PLUS 20'S(สีฟ้า),฿49.75
อภัยภูเบศรยาอมสมุนไพรผสมมะขามป้อม(สูตร2) 40เม็ด,฿8.75
อีแอล ลูกท้ออบแห้ง ขวดใหญ่(แพ็ค20ขวด),฿18
G SURE PLUS ผ้าอ้อมแบบกางเกง ไซซ์ XL(9ชิ้น),฿150.75
GABANIL 400MG. 10x10'S/BX.(PML),฿344.5
GABANIL 600MG. 10x10'S/BX.(PML),฿471
GALE 10'S(CYPROTERONE 50MG.)ANDROCUR,฿249.75
GAPENTIN 300MG.10x10'S/BX.ชุมชน,฿426
GARUTO 1x10'S/แผง(MACROPHAR),"฿99,999"
GEN-DM 2.5KG.(กลิ่นวนิลา)ผู้ป่วยเบาหวาน,"฿1,444.5"
GENVIT VITAMIN รวม+โสม 30'S/ขวด(PATAR),฿163.5
3M TRANSPORE 1/2นิ้วx5หลาx12ม้วน/แพ็ค,฿201
3M แผ่นซับสิว สีชมพู 12ชิ้น(กลม),฿54.75
AMBES 10MG(AMLOPINE) 10x10'S(GPO),฿97
AMBES 5MG(AMLOPINE) 10x10'S(GPO),฿57
ANTACIL 50x10's (TNP),฿484
AZYCIN 250 MG(AZITHRO) 6'S(GPO),฿70
B-100 COMPLEX (B3-B1-B2-B6)50x1ML(TP.),฿227
BELCID FORTE SUSP 240ML.20ขวด/ลัง,฿34
หน้ากาก NEXT HEALTH 3ชั้น 50'S/BX.(สีชมพู) *P,฿37.5
หน้ากาก NEXT HEALTH 3ชั้น 50'S/BX.(สีดำ) *P,฿37.5
หน้ากาก NEXT HEALTH 3ชั้น 50'S/BX.(สีฟ้า) *P,฿37.5
สำลีม้วน-รถพยาบาล 200G./ม้วน,฿55.5
หน้ากาก NEXT HEALTH N95 30'S(สีขาว),฿87.5
หน้ากากมีวาล์ว N-95 RESCUE GURD 12'S/BX.,฿32.75
หน้ากากอนามัย SOS PLUS 20'S(สีขาว),฿49.75
หน้ากากอนามัย SOS PLUS 20'S(สีฟ้า),฿49.75
อภัยภูเบศรยาอมสมุนไพรผสมมะขามป้อม(สูตร2) 40เม็ด,฿8.75
อีแอล ลูกท้ออบแห้ง ขวดใหญ่(แพ็ค20ขวด),฿18
GESTAL 0.05% SPRAY 10ML.(สูตรILIADIN),฿56.75
GHP DRESSING SET (AVF)ชุดทำแผลปลอดเชื้อ,฿10.5
GK24 4'S (ตราเกร็กคู) *P,฿207
GLIPTIN 100 3x10'S/BX.(SITAGLIPTIN)POLI,฿638
GLOWY DIGITAL THERMOMETER รุ่น ET-102,฿74
GLUCOSA 1500MG. 30'S (ส้ม),฿219
GOOD CAL CHOCKY CALCIUM 24'S/BX.(MIX FRUIT),฿695
GOOD CAL CHOCKY CALCIUM 24'S/BX.(ช็อค),฿695
3M TRANSPORE 1/2นิ้วx5หลาx12ม้วน/แพ็ค,฿201
3M แผ่นซับสิว สีชมพู 12ชิ้น(กลม),฿54.75
AMBES 10MG(AMLOPINE) 10x10'S(GPO),฿97
AMBES 5MG(AMLOPINE) 10x10'S(GPO),฿57
ANTACIL 50x10's (TNP),฿484
AZYCIN 250 MG(AZITHRO) 6'S(GPO),฿70
B-100 COMPLEX (B3-B1-B2-B6)50x1ML(TP.),฿227
BELCID FORTE SUSP 240ML.20ขวด/ลัง,฿34
หน้ากาก NEXT HEALTH 3ชั้น 50'S/BX.(สีชมพู) *P,฿37.5
หน้ากาก NEXT HEALTH 3ชั้น 50'S/BX.(สีดำ) *P,฿37.5
หน้ากาก NEXT HEALTH 3ชั้น 50'S/BX.(สีฟ้า) *P,฿37.5
สำลีม้วน-รถพยาบาล 200G./ม้วน,฿55.5
หน้ากาก NEXT HEALTH N95 30'S(สีขาว),฿87.5
หน้ากากมีวาล์ว N-95 RESCUE GURD 12'S/BX.,฿32.75
หน้ากากอนามัย SOS PLUS 20'S(สีขาว),฿49.75
หน้ากากอนามัย SOS PLUS 20'S(สีฟ้า),฿49.75
อภัยภูเบศรยาอมสมุนไพรผสมมะขามป้อม(สูตร2) 40เม็ด,฿8.75
อีแอล ลูกท้ออบแห้ง ขวดใหญ่(แพ็ค20ขวด),฿18
GOOD CAL CHOCKY CALCIUM 24'S/BX.(รสกีวี่),฿695
GOOD CAL CHOCKY CALCIUM 24'S/BX.(รสนม),฿695
GOOD CAL CHOCKY CALCIUM 24'S/BX.(รสส้ม),฿695
GOOD FOCUS 5G.x10'S/BX.(กลิ่นโคล่า),฿185
GOOD IM-MU A-Z 60'S,"฿99,999"
GOOD INSUMA 30'S,฿216.5
GOOD KIZUMI KIDS MOUTH SPRAY 15ML.,฿87.5
GOOD KIZUMI MOUTH SPRAY 15ML.,฿87.5
3M TRANSPORE 1/2นิ้วx5หลาx12ม้วน/แพ็ค,฿201
3M แผ่นซับสิว สีชมพู 12ชิ้น(กลม),฿54.75
AMBES 10MG(AMLOPINE) 10x10'S(GPO),฿97
AMBES 5MG(AMLOPINE) 10x10'S(GPO),฿57
ANTACIL 50x10's (TNP),฿484
AZYCIN 250 MG(AZITHRO) 6'S(GPO),฿70
B-100 COMPLEX (B3-B1-B2-B6)50x1ML(TP.),฿227
BELCID FORTE SUSP 240ML.20ขวด/ลัง,฿34
หน้ากาก NEXT HEALTH 3ชั้น 50'S/BX.(สีชมพู) *P,฿37.5
หน้ากาก NEXT HEALTH 3ชั้น 50'S/BX.(สีดำ) *P,฿37.5
หน้ากาก NEXT HEALTH 3ชั้น 50'S/BX.(สีฟ้า) *P,฿37.5
สำลีม้วน-รถพยาบาล 200G./ม้วน,฿55.5
หน้ากาก NEXT HEALTH N95 30'S(สีขาว),฿87.5
หน้ากากมีวาล์ว N-95 RESCUE GURD 12'S/BX.,฿32.75
หน้ากากอนามัย SOS PLUS 20'S(สีขาว),฿49.75
หน้ากากอนามัย SOS PLUS 20'S(สีฟ้า),฿49.75
อภัยภูเบศรยาอมสมุนไพรผสมมะขามป้อม(สูตร2) 40เม็ด,฿8.75
อีแอล ลูกท้ออบแห้ง ขวดใหญ่(แพ็ค20ขวด),฿18
GOOD LOLESS 30'S,฿216.5
GOOD MENO PLUS 30'S,฿216.5
GOOD MOSTO SKIN CARE SPRAY 12'Sx20ML./แพ็ค,฿41.5
GOOD READY 25ซอง/กล่อง(บำรุงตับ ลดอาการแฮงค์ ),"฿1,545"
G-PENTIN 10x10'S(GABAPENTIN 300MG.)L.B.S,฿405
GYNACAP 1x4'S/BX.(ITRACONAZOLE 100MG.)BKD.EXP.11/26,฿35
HAEMOVIT แอคทีฟ 31'S,฿255
HANDY HERB ASTA XANTHIN 6MG.33G.x6'S/BX.,"฿99,999"
3M TRANSPORE 1/2นิ้วx5หลาx12ม้วน/แพ็ค,฿201
3M แผ่นซับสิว สีชมพู 12ชิ้น(กลม),฿54.75
AMBES 10MG(AMLOPINE) 10x10'S(GPO),฿97
AMBES 5MG(AMLOPINE) 10x10'S(GPO),฿57
ANTACIL 50x10's (TNP),฿484
AZYCIN 250 MG(AZITHRO) 6'S(GPO),฿70
B-100 COMPLEX (B3-B1-B2-B6)50x1ML(TP.),฿227
BELCID FORTE SUSP 240ML.20ขวด/ลัง,฿34
หน้ากาก NEXT HEALTH 3ชั้น 50'S/BX.(สีชมพู) *P,฿37.5
หน้ากาก NEXT HEALTH 3ชั้น 50'S/BX.(สีดำ) *P,฿37.5
หน้ากาก NEXT HEALTH 3ชั้น 50'S/BX.(สีฟ้า) *P,฿37.5
สำลีม้วน-รถพยาบาล 200G./ม้วน,฿55.5
หน้ากาก NEXT HEALTH N95 30'S(สีขาว),฿87.5
หน้ากากมีวาล์ว N-95 RESCUE GURD 12'S/BX.,฿32.75
หน้ากากอนามัย SOS PLUS 20'S(สีขาว),฿49.75
หน้ากากอนามัย SOS PLUS 20'S(สีฟ้า),฿49.75
อภัยภูเบศรยาอมสมุนไพรผสมมะขามป้อม(สูตร2) 40เม็ด,฿8.75
อีแอล ลูกท้ออบแห้ง ขวดใหญ่(แพ็ค20ขวด),฿18
HANDY HERB BULLET 6แผงx2'S/BX.,฿38.75
HANDY HERB DIETOR DAY GUMMY 6x6'S/BX.,฿247.5
HANDY HERB DIETOR NIGHT GUMMY 6x6'S/BX.,฿247.5
HANDY HERB G NIGHT BEAUTIE GUMMY 24G.x6'SBX.,฿170
HANDY HERB G NIGHT EXTRA GUMMY 6x4'S/BX.,฿247.5
HANDY HERB G NIGHT XS L-CAR GUMMY 6x4'S/BX.พีช,฿170
HANDY HERB G NITE 2'Sx12/BX.,฿164
HANDY HERB G NITE GUMMY 24G.x6ซอง(องุ่น),฿170
3M TRANSPORE 1/2นิ้วx5หลาx12ม้วน/แพ็ค,฿201
3M แผ่นซับสิว สีชมพู 12ชิ้น(กลม),฿54.75
AMBES 10MG(AMLOPINE) 10x10'S(GPO),฿97
AMBES 5MG(AMLOPINE) 10x10'S(GPO),฿57
ANTACIL 50x10's (TNP),฿484
AZYCIN 250 MG(AZITHRO) 6'S(GPO),฿70
B-100 COMPLEX (B3-B1-B2-B6)50x1ML(TP.),฿227
BELCID FORTE SUSP 240ML.20ขวด/ลัง,฿34
หน้ากาก NEXT HEALTH 3ชั้น 50'S/BX.(สีชมพู) *P,฿37.5
หน้ากาก NEXT HEALTH 3ชั้น 50'S/BX.(สีดำ) *P,฿37.5
หน้ากาก NEXT HEALTH 3ชั้น 50'S/BX.(สีฟ้า) *P,฿37.5
สำลีม้วน-รถพยาบาล 200G./ม้วน,฿55.5
หน้ากาก NEXT HEALTH N95 30'S(สีขาว),฿87.5
หน้ากากมีวาล์ว N-95 RESCUE GURD 12'S/BX.,฿32.75
หน้ากากอนามัย SOS PLUS 20'S(สีขาว),฿49.75
หน้ากากอนามัย SOS PLUS 20'S(สีฟ้า),฿49.75
อภัยภูเบศรยาอมสมุนไพรผสมมะขามป้อม(สูตร2) 40เม็ด,฿8.75
อีแอล ลูกท้ออบแห้ง ขวดใหญ่(แพ็ค20ขวด),฿18
HANDY HERB G NITE GUMMY 6ซองx4ชิ้น(MIXED),฿170
HANDY HERB GUMMY FIBER 24G.x6'S(แอปเปิ้ล),฿170
HANDY HERB GUMMY FIBER FLOW 24G.x6'S(ชมพู),฿170
HANDY HERB JELLY ME APPLE CIDER 30G.x12(ม่วง),฿169.5
HANDY HERB JELLY ME COLLA 30G.x12'S(สตอเบอรี่),฿169.5
HANDY HERB JELLY ME FIBER 30G.x12ซอง(เขียว),฿169.5
HANDY HERB JELLY ME KIDS CALCIUM 30G.x12'S,฿216
HANDY HERB JELLY ME KIDS FIBER 30G.x12'S/BX. *P,฿216
3M TRANSPORE 1/2นิ้วx5หลาx12ม้วน/แพ็ค,฿201
3M แผ่นซับสิว สีชมพู 12ชิ้น(กลม),฿54.75
AMBES 10MG(AMLOPINE) 10x10'S(GPO),฿97
AMBES 5MG(AMLOPINE) 10x10'S(GPO),฿57
ANTACIL 50x10's (TNP),฿484
AZYCIN 250 MG(AZITHRO) 6'S(GPO),฿70
B-100 COMPLEX (B3-B1-B2-B6)50x1ML(TP.),฿227
BELCID FORTE SUSP 240ML.20ขวด/ลัง,฿34
หน้ากาก NEXT HEALTH 3ชั้น 50'S/BX.(สีชมพู) *P,฿37.5
หน้ากาก NEXT HEALTH 3ชั้น 50'S/BX.(สีดำ) *P,฿37.5
หน้ากาก NEXT HEALTH 3ชั้น 50'S/BX.(สีฟ้า) *P,฿37.5
สำลีม้วน-รถพยาบาล 200G./ม้วน,฿55.5
หน้ากาก NEXT HEALTH N95 30'S(สีขาว),฿87.5
หน้ากากมีวาล์ว N-95 RESCUE GURD 12'S/BX.,฿32.75
หน้ากากอนามัย SOS PLUS 20'S(สีขาว),฿49.75
หน้ากากอนามัย SOS PLUS 20'S(สีฟ้า),฿49.75
อภัยภูเบศรยาอมสมุนไพรผสมมะขามป้อม(สูตร2) 40เม็ด,฿8.75
อีแอล ลูกท้ออบแห้ง ขวดใหญ่(แพ็ค20ขวด),฿18
HANDY HERB JELLY ME KIDS TUNA OIL 30G.x12'S/BX.,฿216
HANDY HERB JELLY ME KIDS VIT C 30G.x12'S/BX.,฿216
HANDY HERB O!MY CLEAR GUMMY 6x6'SBX.,฿164
HANDY HERB O!MY GLASS GUMMY 6x6'S/BX.,฿164
HEMOMIN BLEND ไข่ขาวชนิดผง(กลิ่นวนิลา) 400G.,฿336
HEMOMIN DHA GUMMY 20Gx10'S(สตรอเบอรี่),฿171
HEMOMIN เครื่องดื่มไข่ขาวผง 10ซอง/กล่อง,฿335.5
HEMOMIN เครื่องดื่มไข่ขาวผง กลิ่นวนิลา 400G.,฿610
3M TRANSPORE 1/2นิ้วx5หลาx12ม้วน/แพ็ค,฿201
3M แผ่นซับสิว สีชมพู 12ชิ้น(กลม),฿54.75
AMBES 10MG(AMLOPINE) 10x10'S(GPO),฿97
AMBES 5MG(AMLOPINE) 10x10'S(GPO),฿57
ANTACIL 50x10's (TNP),฿484
AZYCIN 250 MG(AZITHRO) 6'S(GPO),฿70
B-100 COMPLEX (B3-B1-B2-B6)50x1ML(TP.),฿227
BELCID FORTE SUSP 240ML.20ขวด/ลัง,฿34
หน้ากาก NEXT HEALTH 3ชั้น 50'S/BX.(สีชมพู) *P,฿37.5
หน้ากาก NEXT HEALTH 3ชั้น 50'S/BX.(สีดำ) *P,฿37.5
หน้ากาก NEXT HEALTH 3ชั้น 50'S/BX.(สีฟ้า) *P,฿37.5
สำลีม้วน-รถพยาบาล 200G./ม้วน,฿55.5
หน้ากาก NEXT HEALTH N95 30'S(สีขาว),฿87.5
หน้ากากมีวาล์ว N-95 RESCUE GURD 12'S/BX.,฿32.75
หน้ากากอนามัย SOS PLUS 20'S(สีขาว),฿49.75
หน้ากากอนามัย SOS PLUS 20'S(สีฟ้า),฿49.75
อภัยภูเบศรยาอมสมุนไพรผสมมะขามป้อม(สูตร2) 40เม็ด,฿8.75
อีแอล ลูกท้ออบแห้ง ขวดใหญ่(แพ็ค20ขวด),฿18
HEMOMIN ไข่ขาวผงชนิดเม็ด กลิ่นวนิลา 10G.x12'S/BX.,฿484.5
HERPENON 800MG.10x10'S(ACICLOVIR)POLI,฿604.5
HEXENON-B 100x10'S/BX.(BROMHEX 8MG.) PML.,฿185.5
HIALID 0.3% 5ML(DRY EYE)เขียว,฿275
HICEE 100MG. 4'Sx20/BX.(กล่องเล็ก) *P,฿96.75
HIMALAYA UNDER EYE CREAM 15ML.,฿107.5
HIRUSCAR ANTI-ACNE ADVANCE SPORT GEL 10G.,฿151.75
HIRUSCAR ANTI-ACNE ADVANCE SPORT GEL 4ML.,฿125.5
3M TRANSPORE 1/2นิ้วx5หลาx12ม้วน/แพ็ค,฿201
3M แผ่นซับสิว สีชมพู 12ชิ้น(กลม),฿54.75
AMBES 10MG(AMLOPINE) 10x10'S(GPO),฿97
AMBES 5MG(AMLOPINE) 10x10'S(GPO),฿57
ANTACIL 50x10's (TNP),฿484
AZYCIN 250 MG(AZITHRO) 6'S(GPO),฿70
B-100 COMPLEX (B3-B1-B2-B6)50x1ML(TP.),฿227
BELCID FORTE SUSP 240ML.20ขวด/ลัง,฿34
หน้ากาก NEXT HEALTH 3ชั้น 50'S/BX.(สีชมพู) *P,฿37.5
หน้ากาก NEXT HEALTH 3ชั้น 50'S/BX.(สีดำ) *P,฿37.5
หน้ากาก NEXT HEALTH 3ชั้น 50'S/BX.(สีฟ้า) *P,฿37.5
สำลีม้วน-รถพยาบาล 200G./ม้วน,฿55.5
หน้ากาก NEXT HEALTH N95 30'S(สีขาว),฿87.5
หน้ากากมีวาล์ว N-95 RESCUE GURD 12'S/BX.,฿32.75
หน้ากากอนามัย SOS PLUS 20'S(สีขาว),฿49.75
หน้ากากอนามัย SOS PLUS 20'S(สีฟ้า),฿49.75
อภัยภูเบศรยาอมสมุนไพรผสมมะขามป้อม(สูตร2) 40เม็ด,฿8.75
อีแอล ลูกท้ออบแห้ง ขวดใหญ่(แพ็ค20ขวด),฿18
HIRUSCAR ULTRA SCAR CARE GEL 20G.,฿386.75
HIRUSCAR ULTRA SCAR CARE GEL 5G.,฿137.5
HOF CARE DIGITAL THERMOMETER KET-03,฿82.5
HOF CARE INFRARED SCAN 7 รุ่นเคเอฟที-22เอ็ม,฿916.5
HOF SARS-COV-2 ANTIGEN TEST 1'S(NASAL/SALIVA),฿27.5
HOFVATE 5G.(CLOBETASOL)HOF,฿13.75
HOFXIB 90MG.5x7'S(สูตรARCOXIA),฿258
HONORE BACK SUPPORT มีสาย SIZE XL (สีดำ),฿360
3M TRANSPORE 1/2นิ้วx5หลาx12ม้วน/แพ็ค,฿201
3M แผ่นซับสิว สีชมพู 12ชิ้น(กลม),฿54.75
AMBES 10MG(AMLOPINE) 10x10'S(GPO),฿97
AMBES 5MG(AMLOPINE) 10x10'S(GPO),฿57
ANTACIL 50x10's (TNP),฿484
AZYCIN 250 MG(AZITHRO) 6'S(GPO),฿70
B-100 COMPLEX (B3-B1-B2-B6)50x1ML(TP.),฿227
BELCID FORTE SUSP 240ML.20ขวด/ลัง,฿34
หน้ากาก NEXT HEALTH 3ชั้น 50'S/BX.(สีชมพู) *P,฿37.5
หน้ากาก NEXT HEALTH 3ชั้น 50'S/BX.(สีดำ) *P,฿37.5
หน้ากาก NEXT HEALTH 3ชั้น 50'S/BX.(สีฟ้า) *P,฿37.5
สำลีม้วน-รถพยาบาล 200G./ม้วน,฿55.5
หน้ากาก NEXT HEALTH N95 30'S(สีขาว),฿87.5
หน้ากากมีวาล์ว N-95 RESCUE GURD 12'S/BX.,฿32.75
หน้ากากอนามัย SOS PLUS 20'S(สีขาว),฿49.75
หน้ากากอนามัย SOS PLUS 20'S(สีฟ้า),฿49.75
อภัยภูเบศรยาอมสมุนไพรผสมมะขามป้อม(สูตร2) 40เม็ด,฿8.75
อีแอล ลูกท้ออบแห้ง ขวดใหญ่(แพ็ค20ขวด),฿18
HONORE LS SUPPORT 2XL(สีเนื้อ),฿360
HONORE LS SUPPORT M (สีเนื้อ),฿360
HONORE LS SUPPORT XL(สีเนื้อ),฿360
HOREN 1x10'S(SILYMARIN 140MG.),฿117.5
HYATEAR EYEDROPS 0.45MLx5'S(สูตรVISLUBE),฿71.5
HYDROLUBE 0.3% EYE DROP 10ML. (สูตร NATEAR),฿56.75
HYLES 100MG.10x10'S(SPORONOLACTONE),฿520
HYPERCOR 2.5MG.10x10'S(BISOPROLOL)SPS,฿202
3M TRANSPORE 1/2นิ้วx5หลาx12ม้วน/แพ็ค,฿201
3M แผ่นซับสิว สีชมพู 12ชิ้น(กลม),฿54.75
AMBES 10MG(AMLOPINE) 10x10'S(GPO),฿97
AMBES 5MG(AMLOPINE) 10x10'S(GPO),฿57
ANTACIL 50x10's (TNP),฿484
AZYCIN 250 MG(AZITHRO) 6'S(GPO),฿70
B-100 COMPLEX (B3-B1-B2-B6)50x1ML(TP.),฿227
BELCID FORTE SUSP 240ML.20ขวด/ลัง,฿34
หน้ากาก NEXT HEALTH 3ชั้น 50'S/BX.(สีชมพู) *P,฿37.5
หน้ากาก NEXT HEALTH 3ชั้น 50'S/BX.(สีดำ) *P,฿37.5
หน้ากาก NEXT HEALTH 3ชั้น 50'S/BX.(สีฟ้า) *P,฿37.5
สำลีม้วน-รถพยาบาล 200G./ม้วน,฿55.5
หน้ากาก NEXT HEALTH N95 30'S(สีขาว),฿87.5
หน้ากากมีวาล์ว N-95 RESCUE GURD 12'S/BX.,฿32.75
หน้ากากอนามัย SOS PLUS 20'S(สีขาว),฿49.75
หน้ากากอนามัย SOS PLUS 20'S(สีฟ้า),฿49.75
อภัยภูเบศรยาอมสมุนไพรผสมมะขามป้อม(สูตร2) 40เม็ด,฿8.75
อีแอล ลูกท้ออบแห้ง ขวดใหญ่(แพ็ค20ขวด),฿18
IBUKRESS SUSPENSION 60ML.(IBUPROFEN 100MG.),฿21
IBUPAC 400(IBUPROFEN) 50x10'S/BX.(INPAC),฿286.5
I-KIDS HONEY GRAPE POPS VIT B+C 10'S/กล่อง,฿115.75
I-KIDS HONEY ORANGE POPS VIT B+C 10'S/กล่อง,฿115.75
I-KIDS HONEY SALA LIME POPS 10'S/กล่อง,฿98
IKVIT CALCIUM-600 PLUS 6 VITAMIN 20'S,฿127.5
IKVIT ESSENCE-21 20'S,฿127.5
IKVIT GUMMY MULTIVITAMIN 12'S/BX. (สตรอว์เบอรี่),฿275
3M TRANSPORE 1/2นิ้วx5หลาx12ม้วน/แพ็ค,฿201
3M แผ่นซับสิว สีชมพู 12ชิ้น(กลม),฿54.75
AMBES 10MG(AMLOPINE) 10x10'S(GPO),฿97
AMBES 5MG(AMLOPINE) 10x10'S(GPO),฿57
ANTACIL 50x10's (TNP),฿484
AZYCIN 250 MG(AZITHRO) 6'S(GPO),฿70
B-100 COMPLEX (B3-B1-B2-B6)50x1ML(TP.),฿227
BELCID FORTE SUSP 240ML.20ขวด/ลัง,฿34
หน้ากาก NEXT HEALTH 3ชั้น 50'S/BX.(สีชมพู) *P,฿37.5
หน้ากาก NEXT HEALTH 3ชั้น 50'S/BX.(สีดำ) *P,฿37.5
หน้ากาก NEXT HEALTH 3ชั้น 50'S/BX.(สีฟ้า) *P,฿37.5
สำลีม้วน-รถพยาบาล 200G./ม้วน,฿55.5
หน้ากาก NEXT HEALTH N95 30'S(สีขาว),฿87.5
หน้ากากมีวาล์ว N-95 RESCUE GURD 12'S/BX.,฿32.75
หน้ากากอนามัย SOS PLUS 20'S(สีขาว),฿49.75
หน้ากากอนามัย SOS PLUS 20'S(สีฟ้า),฿49.75
อภัยภูเบศรยาอมสมุนไพรผสมมะขามป้อม(สูตร2) 40เม็ด,฿8.75
อีแอล ลูกท้ออบแห้ง ขวดใหญ่(แพ็ค20ขวด),฿18
IKVIT GUMMY VITAMIN C  12'S/BX.(ส้ม),฿275
IKVIT VITAMIN C-950+D&ZINC 20'S,฿106
INNOFIX 10CM.x1M./BX.,฿16.5
INTERPHARMA PROBAC BIOACTIVE 6'S/BX.,฿234
INTERPHARMA VITAMIN C 1000MG. 20เม็ดฟู่,฿95.5
I-PROFEN 400MG. 50x10'S(OSOTH)แผงใสชมพู,"฿99,999"
ITRIDE 50 1x10'S/BX.(ITOPRIDE)UNISON,฿107
ITRIDE 50MG.(ITOPRIDE) 6x10'S/BX.(GANATON),฿583
3M TRANSPORE 1/2นิ้วx5หลาx12ม้วน/แพ็ค,฿201
3M แผ่นซับสิว สีชมพู 12ชิ้น(กลม),฿54.75
AMBES 10MG(AMLOPINE) 10x10'S(GPO),฿97
AMBES 5MG(AMLOPINE) 10x10'S(GPO),฿57
ANTACIL 50x10's (TNP),฿484
AZYCIN 250 MG(AZITHRO) 6'S(GPO),฿70
B-100 COMPLEX (B3-B1-B2-B6)50x1ML(TP.),฿227
BELCID FORTE SUSP 240ML.20ขวด/ลัง,฿34
หน้ากาก NEXT HEALTH 3ชั้น 50'S/BX.(สีชมพู) *P,฿37.5
หน้ากาก NEXT HEALTH 3ชั้น 50'S/BX.(สีดำ) *P,฿37.5
หน้ากาก NEXT HEALTH 3ชั้น 50'S/BX.(สีฟ้า) *P,฿37.5
สำลีม้วน-รถพยาบาล 200G./ม้วน,฿55.5
หน้ากาก NEXT HEALTH N95 30'S(สีขาว),฿87.5
หน้ากากมีวาล์ว N-95 RESCUE GURD 12'S/BX.,฿32.75
หน้ากากอนามัย SOS PLUS 20'S(สีขาว),฿49.75
หน้ากากอนามัย SOS PLUS 20'S(สีฟ้า),฿49.75
อภัยภูเบศรยาอมสมุนไพรผสมมะขามป้อม(สูตร2) 40เม็ด,฿8.75
อีแอล ลูกท้ออบแห้ง ขวดใหญ่(แพ็ค20ขวด),฿18
JPCARE ALCOHOL COTTON BALL 100แผงx8'S/BX.,฿550
JPCARE ALCOHOL COTTON BALL 15แผงx8'S(7ดาว),฿91.5
JULA'S HERB AVOCADO MOISTURE 8G.x6ซอง/BX.,฿219.5
KA UV EXTREME PROTEC SPF 50+ SPRAY 50ML.,฿93.5
KACHALIS NOURISHING GEL 15ML.,฿342.5
KACHALIS SHOT DRINK 10'Sx15ML.BX.,฿293.5
KAMO-G MOUTH SPRAY 25ML.,฿60
KASCOXIP 120MG. 3x10'S(สูตรARCOXIA),฿399.5
3M TRANSPORE 1/2นิ้วx5หลาx12ม้วน/แพ็ค,฿201
3M แผ่นซับสิว สีชมพู 12ชิ้น(กลม),฿54.75
AMBES 10MG(AMLOPINE) 10x10'S(GPO),฿97
AMBES 5MG(AMLOPINE) 10x10'S(GPO),฿57
ANTACIL 50x10's (TNP),฿484
AZYCIN 250 MG(AZITHRO) 6'S(GPO),฿70
B-100 COMPLEX (B3-B1-B2-B6)50x1ML(TP.),฿227
BELCID FORTE SUSP 240ML.20ขวด/ลัง,฿34
หน้ากาก NEXT HEALTH 3ชั้น 50'S/BX.(สีชมพู) *P,฿37.5
หน้ากาก NEXT HEALTH 3ชั้น 50'S/BX.(สีดำ) *P,฿37.5
หน้ากาก NEXT HEALTH 3ชั้น 50'S/BX.(สีฟ้า) *P,฿37.5
สำลีม้วน-รถพยาบาล 200G./ม้วน,฿55.5
หน้ากาก NEXT HEALTH N95 30'S(สีขาว),฿87.5
หน้ากากมีวาล์ว N-95 RESCUE GURD 12'S/BX.,฿32.75
หน้ากากอนามัย SOS PLUS 20'S(สีขาว),฿49.75
หน้ากากอนามัย SOS PLUS 20'S(สีฟ้า),฿49.75
อภัยภูเบศรยาอมสมุนไพรผสมมะขามป้อม(สูตร2) 40เม็ด,฿8.75
อีแอล ลูกท้ออบแห้ง ขวดใหญ่(แพ็ค20ขวด),฿18
KASCOXIP 60MG. 3x10'S(สูตรARCOXIA),฿348.5
KIDNY CHECK ชุดตรวจไมโครอัลบูมินแบบตลับ 1ชุด,"฿99,999"
KLEAN & KARE ANTI ACNE GEL 5G.,฿76.5
KLEAN & KARE SCAR & SPOT GEL 5G.,฿76.5
KLEANTRANS เทปใส 1/2นิ้วx10หลาx12ม้วน/แพ็ค,฿111.5
KLEARLY NO.1 23 PROBIOTIC 25'S,"฿99,999"
KRESS BROXO SYRUP 60ML.(AMBROX),฿22.5
KRESS COLET 250 SYR. 60ML(CARBOCYS),฿22.5
3M TRANSPORE 1/2นิ้วx5หลาx12ม้วน/แพ็ค,฿201
3M แผ่นซับสิว สีชมพู 12ชิ้น(กลม),฿54.75
AMBES 10MG(AMLOPINE) 10x10'S(GPO),฿97
AMBES 5MG(AMLOPINE) 10x10'S(GPO),฿57
ANTACIL 50x10's (TNP),฿484
AZYCIN 250 MG(AZITHRO) 6'S(GPO),฿70
B-100 COMPLEX (B3-B1-B2-B6)50x1ML(TP.),฿227
BELCID FORTE SUSP 240ML.20ขวด/ลัง,฿34
หน้ากาก NEXT HEALTH 3ชั้น 50'S/BX.(สีชมพู) *P,฿37.5
หน้ากาก NEXT HEALTH 3ชั้น 50'S/BX.(สีดำ) *P,฿37.5
หน้ากาก NEXT HEALTH 3ชั้น 50'S/BX.(สีฟ้า) *P,฿37.5
สำลีม้วน-รถพยาบาล 200G./ม้วน,฿55.5
หน้ากาก NEXT HEALTH N95 30'S(สีขาว),฿87.5
หน้ากากมีวาล์ว N-95 RESCUE GURD 12'S/BX.,฿32.75
หน้ากากอนามัย SOS PLUS 20'S(สีขาว),฿49.75
หน้ากากอนามัย SOS PLUS 20'S(สีฟ้า),฿49.75
อภัยภูเบศรยาอมสมุนไพรผสมมะขามป้อม(สูตร2) 40เม็ด,฿8.75
อีแอล ลูกท้ออบแห้ง ขวดใหญ่(แพ็ค20ขวด),฿18
KRESS TRIMBAC SUS. 60ML.(SULPHA+TRIMET),฿19.75
KRESS-B CREAM 20G.(CLOTRI+BETA),฿44.5
KRESSEN CREAM 25G.,฿17.5
KRESSMOL 50x10'S(PARA 500MG.)ขาวรี,"฿99,999"
KRESSMOL SYRUP 60ML.(PARA 120MG.),฿18.75
KRESSPERDONE SUSPEN. 60ML.(DOMPERIDONE),฿21
KSG PLAST ผ้ายืดพันแผลมีกาว 2.5ซม.x2ม.(1ม้วน),฿34
KSG PLAST ผ้ายืดพันแผลมีกาว 6ซม.x2ม.(1ม้วน),฿49
3M TRANSPORE 1/2นิ้วx5หลาx12ม้วน/แพ็ค,฿201
3M แผ่นซับสิว สีชมพู 12ชิ้น(กลม),฿54.75
AMBES 10MG(AMLOPINE) 10x10'S(GPO),฿97
AMBES 5MG(AMLOPINE) 10x10'S(GPO),฿57
ANTACIL 50x10's (TNP),฿484
AZYCIN 250 MG(AZITHRO) 6'S(GPO),฿70
B-100 COMPLEX (B3-B1-B2-B6)50x1ML(TP.),฿227
BELCID FORTE SUSP 240ML.20ขวด/ลัง,฿34
หน้ากาก NEXT HEALTH 3ชั้น 50'S/BX.(สีชมพู) *P,฿37.5
หน้ากาก NEXT HEALTH 3ชั้น 50'S/BX.(สีดำ) *P,฿37.5
หน้ากาก NEXT HEALTH 3ชั้น 50'S/BX.(สีฟ้า) *P,฿37.5
สำลีม้วน-รถพยาบาล 200G./ม้วน,฿55.5
หน้ากาก NEXT HEALTH N95 30'S(สีขาว),฿87.5
หน้ากากมีวาล์ว N-95 RESCUE GURD 12'S/BX.,฿32.75
หน้ากากอนามัย SOS PLUS 20'S(สีขาว),฿49.75
หน้ากากอนามัย SOS PLUS 20'S(สีฟ้า),฿49.75
อภัยภูเบศรยาอมสมุนไพรผสมมะขามป้อม(สูตร2) 40เม็ด,฿8.75
อีแอล ลูกท้ออบแห้ง ขวดใหญ่(แพ็ค20ขวด),฿18
KSG PLAST ฟิกซ์&สเตรช 10ซม.x10ม.(1ม้วน),฿145
KSG PLAST ฟิล์มใสกันน้ำ 10x12ซม.5'S/BX.,฿32.75
KSG PLAST ฟิล์มใสกันน้ำ 6x7ซม.5'S/BX.(W1),฿32.75
KSG เทปแต่งแผลเยื่อกระดาษ 1นิ้วx10หลาx1ม้วน(P2),฿20.75
KSG เทปแต่งแผลเยื่อกระดาษ1/2นิ้วx10หลาx1ม้วน(P1),฿11.25
KSG เทปแต่งแผลชนิดใส 1/2นิ้วx10หลาx1ม้วน(C1),฿12.5
KSG เทปแต่งแผลชนิดใส 1นิ้วx10หลาx1ม้วน(C2),฿20.75
KSG เทปแต่งแผลชนิดใส 4นิ้วx10หลาx1ม้วน(C3),฿38.5
3M TRANSPORE 1/2นิ้วx5หลาx12ม้วน/แพ็ค,฿201
3M แผ่นซับสิว สีชมพู 12ชิ้น(กลม),฿54.75
AMBES 10MG(AMLOPINE) 10x10'S(GPO),฿97
AMBES 5MG(AMLOPINE) 10x10'S(GPO),฿57
ANTACIL 50x10's (TNP),฿484
AZYCIN 250 MG(AZITHRO) 6'S(GPO),฿70
B-100 COMPLEX (B3-B1-B2-B6)50x1ML(TP.),฿227
BELCID FORTE SUSP 240ML.20ขวด/ลัง,฿34
หน้ากาก NEXT HEALTH 3ชั้น 50'S/BX.(สีชมพู) *P,฿37.5
หน้ากาก NEXT HEALTH 3ชั้น 50'S/BX.(สีดำ) *P,฿37.5
หน้ากาก NEXT HEALTH 3ชั้น 50'S/BX.(สีฟ้า) *P,฿37.5
สำลีม้วน-รถพยาบาล 200G./ม้วน,฿55.5
หน้ากาก NEXT HEALTH N95 30'S(สีขาว),฿87.5
หน้ากากมีวาล์ว N-95 RESCUE GURD 12'S/BX.,฿32.75
หน้ากากอนามัย SOS PLUS 20'S(สีขาว),฿49.75
หน้ากากอนามัย SOS PLUS 20'S(สีฟ้า),฿49.75
อภัยภูเบศรยาอมสมุนไพรผสมมะขามป้อม(สูตร2) 40เม็ด,฿8.75
อีแอล ลูกท้ออบแห้ง ขวดใหญ่(แพ็ค20ขวด),฿18
K-TEC SYRUP 100ML.( สูตร FATEC ),฿28.5
LA ROCHE ANTHE UVMUNE 400 FLUID SPF50+ 50ML.,฿931.5
LA ROCHE EFFACLAR DUO+M 40ML.,฿711.5
LAA LI BALM DEEP MOISTURISER 15G.(ABCA),฿70.5
LAA LI BALM DEEP MOISTURISER 50G.(ABCA),฿195.5
LEBREX 200MG. 10x10'S/BX.(สูตรCELEBREX),"฿99,999"
LEFLOXIN EYES DROP 5ML.(LEVOFLOXACIN)SIAM,฿68.75
LEPPA 250MG.3x10'S(สูตร KEPPRA) BERLIN,฿202
3M TRANSPORE 1/2นิ้วx5หลาx12ม้วน/แพ็ค,฿201
3M แผ่นซับสิว สีชมพู 12ชิ้น(กลม),฿54.75
AMBES 10MG(AMLOPINE) 10x10'S(GPO),฿97
AMBES 5MG(AMLOPINE) 10x10'S(GPO),฿57
ANTACIL 50x10's (TNP),฿484
AZYCIN 250 MG(AZITHRO) 6'S(GPO),฿70
B-100 COMPLEX (B3-B1-B2-B6)50x1ML(TP.),฿227
BELCID FORTE SUSP 240ML.20ขวด/ลัง,฿34
หน้ากาก NEXT HEALTH 3ชั้น 50'S/BX.(สีชมพู) *P,฿37.5
หน้ากาก NEXT HEALTH 3ชั้น 50'S/BX.(สีดำ) *P,฿37.5
หน้ากาก NEXT HEALTH 3ชั้น 50'S/BX.(สีฟ้า) *P,฿37.5
สำลีม้วน-รถพยาบาล 200G./ม้วน,฿55.5
หน้ากาก NEXT HEALTH N95 30'S(สีขาว),฿87.5
หน้ากากมีวาล์ว N-95 RESCUE GURD 12'S/BX.,฿32.75
หน้ากากอนามัย SOS PLUS 20'S(สีขาว),฿49.75
หน้ากากอนามัย SOS PLUS 20'S(สีฟ้า),฿49.75
อภัยภูเบศรยาอมสมุนไพรผสมมะขามป้อม(สูตร2) 40เม็ด,฿8.75
อีแอล ลูกท้ออบแห้ง ขวดใหญ่(แพ็ค20ขวด),฿18
LEPPA 500MG.6x10'S(สูตร KEPPRA) BERLIN,฿587
LEVO-OPH EYE DROP 5ML.(LEVOFLOXACIN)TO.,฿51.5
LIANHUA QINGWEN 24 CAPSULE,฿194.5
LICE-HAO ไล่เห่า 30ML.(NANOMED),฿105.5
LIQUIPLAST 10G.(ฟิล์มเคลือบแผล) *P,฿137
LISTERINE FRESHBURST ZERO ALC. 750+250ML,฿125
LISTERINE TOTAL CARE ZERO 250CC.,"฿99,999"
LISTERINE ZERO TOTAL CARE SENSITIVE 250ML.,฿68.5
3M TRANSPORE 1/2นิ้วx5หลาx12ม้วน/แพ็ค,฿201
3M แผ่นซับสิว สีชมพู 12ชิ้น(กลม),฿54.75
AMBES 10MG(AMLOPINE) 10x10'S(GPO),฿97
AMBES 5MG(AMLOPINE) 10x10'S(GPO),฿57
ANTACIL 50x10's (TNP),฿484
AZYCIN 250 MG(AZITHRO) 6'S(GPO),฿70
B-100 COMPLEX (B3-B1-B2-B6)50x1ML(TP.),฿227
BELCID FORTE SUSP 240ML.20ขวด/ลัง,฿34
หน้ากาก NEXT HEALTH 3ชั้น 50'S/BX.(สีชมพู) *P,฿37.5
หน้ากาก NEXT HEALTH 3ชั้น 50'S/BX.(สีดำ) *P,฿37.5
หน้ากาก NEXT HEALTH 3ชั้น 50'S/BX.(สีฟ้า) *P,฿37.5
สำลีม้วน-รถพยาบาล 200G./ม้วน,฿55.5
หน้ากาก NEXT HEALTH N95 30'S(สีขาว),฿87.5
หน้ากากมีวาล์ว N-95 RESCUE GURD 12'S/BX.,฿32.75
หน้ากากอนามัย SOS PLUS 20'S(สีขาว),฿49.75
หน้ากากอนามัย SOS PLUS 20'S(สีฟ้า),฿49.75
อภัยภูเบศรยาอมสมุนไพรผสมมะขามป้อม(สูตร2) 40เม็ด,฿8.75
อีแอล ลูกท้ออบแห้ง ขวดใหญ่(แพ็ค20ขวด),฿18
LITTLE MOSGUITO PATCH กลิ่นตะไคร้ 10ซอง/BX.,฿367.5
LITTLE NOSE PATCH แผ่นหอมแดงเข้นข้น 6'S/BX.EXP.09/26,฿49.75
LITTLE TWIN 2IN1 FOR NIGHT 20'S/BX.,฿240
LITTLE TWIN PROTECT DAY&NIGHT 6+6'S/BX.,฿71.75
LIVERA 140MG. 3x10'S(SILYMARIN)BKD.,"฿99,999"
LOBENATE GEL 20.G(CHLORHEXIDINE+SILVER),฿82
LOBENATE OINTMENT 20G.(CHLORHEXIDINE+KERATN),฿82
LO-GRD 10'Sx15ML.(รสเปปเปอร์มินต์),฿215.5
3M TRANSPORE 1/2นิ้วx5หลาx12ม้วน/แพ็ค,฿201
3M แผ่นซับสิว สีชมพู 12ชิ้น(กลม),฿54.75
AMBES 10MG(AMLOPINE) 10x10'S(GPO),฿97
AMBES 5MG(AMLOPINE) 10x10'S(GPO),฿57
ANTACIL 50x10's (TNP),฿484
AZYCIN 250 MG(AZITHRO) 6'S(GPO),฿70
B-100 COMPLEX (B3-B1-B2-B6)50x1ML(TP.),฿227
BELCID FORTE SUSP 240ML.20ขวด/ลัง,฿34
หน้ากาก NEXT HEALTH 3ชั้น 50'S/BX.(สีชมพู) *P,฿37.5
หน้ากาก NEXT HEALTH 3ชั้น 50'S/BX.(สีดำ) *P,฿37.5
หน้ากาก NEXT HEALTH 3ชั้น 50'S/BX.(สีฟ้า) *P,฿37.5
สำลีม้วน-รถพยาบาล 200G./ม้วน,฿55.5
หน้ากาก NEXT HEALTH N95 30'S(สีขาว),฿87.5
หน้ากากมีวาล์ว N-95 RESCUE GURD 12'S/BX.,฿32.75
หน้ากากอนามัย SOS PLUS 20'S(สีขาว),฿49.75
หน้ากากอนามัย SOS PLUS 20'S(สีฟ้า),฿49.75
อภัยภูเบศรยาอมสมุนไพรผสมมะขามป้อม(สูตร2) 40เม็ด,฿8.75
อีแอล ลูกท้ออบแห้ง ขวดใหญ่(แพ็ค20ขวด),฿18
LOSARTAN GPO 100MG.20x15'S/BX.,฿432.75
LP SALINE SOL.60ML.(NSS),฿14.75
LUBRIC-EYES DROP 8'Sx0.8ML/BX.,฿47
LUTEINA VIZ 30'S/ขวด(TMAN),฿233.5
LYO CONDITIONER  200ML.,฿252.5
LYO HAIR TONIC 100ML.(ขาว),฿509
LYO HAIR TONIC 30ML.(น้ำเงิน),฿237
LYO HAIR แชมพูย้อมผม 30ML.x6ซอง(น้ำตาลเข้ม),฿224
3M TRANSPORE 1/2นิ้วx5หลาx12ม้วน/แพ็ค,฿201
3M แผ่นซับสิว สีชมพู 12ชิ้น(กลม),฿54.75
AMBES 10MG(AMLOPINE) 10x10'S(GPO),฿97
AMBES 5MG(AMLOPINE) 10x10'S(GPO),฿57
ANTACIL 50x10's (TNP),฿484
AZYCIN 250 MG(AZITHRO) 6'S(GPO),฿70
B-100 COMPLEX (B3-B1-B2-B6)50x1ML(TP.),฿227
BELCID FORTE SUSP 240ML.20ขวด/ลัง,฿34
หน้ากาก NEXT HEALTH 3ชั้น 50'S/BX.(สีชมพู) *P,฿37.5
หน้ากาก NEXT HEALTH 3ชั้น 50'S/BX.(สีดำ) *P,฿37.5
หน้ากาก NEXT HEALTH 3ชั้น 50'S/BX.(สีฟ้า) *P,฿37.5
สำลีม้วน-รถพยาบาล 200G./ม้วน,฿55.5
หน้ากาก NEXT HEALTH N95 30'S(สีขาว),฿87.5
หน้ากากมีวาล์ว N-95 RESCUE GURD 12'S/BX.,฿32.75
หน้ากากอนามัย SOS PLUS 20'S(สีขาว),฿49.75
หน้ากากอนามัย SOS PLUS 20'S(สีฟ้า),฿49.75
อภัยภูเบศรยาอมสมุนไพรผสมมะขามป้อม(สูตร2) 40เม็ด,฿8.75
อีแอล ลูกท้ออบแห้ง ขวดใหญ่(แพ็ค20ขวด),฿18
LYO HAIR แชมพูย้อมผม 30ML.x6ซอง(น้ำตาลประกายแดง),฿224
LYO HAIR แชมพูย้อมผม 30ML.x6ซอง(น้ำตาลประกายทอง),฿224
LYO HAIR แชมพูย้อมผม 30ML.x6ซอง(สีดำ),฿224
LYO SHAMPOO 200ML.,฿252.5
MACAL 1x50x10'S (PARA 500MG.) HK.,฿199
MAC-CALAC 100ML.(LACTULOSE)สูตรHEPALAC,฿77.5
MACCI 3x10'S(ผลิตภัณฑ์เสริมอาหาร),฿900.5
MAGNE CARE 60'S(GOOD FOR ALL),฿288.5
3M TRANSPORE 1/2นิ้วx5หลาx12ม้วน/แพ็ค,฿201
3M แผ่นซับสิว สีชมพู 12ชิ้น(กลม),฿54.75
AMBES 10MG(AMLOPINE) 10x10'S(GPO),฿97
AMBES 5MG(AMLOPINE) 10x10'S(GPO),฿57
ANTACIL 50x10's (TNP),฿484
AZYCIN 250 MG(AZITHRO) 6'S(GPO),฿70
B-100 COMPLEX (B3-B1-B2-B6)50x1ML(TP.),฿227
BELCID FORTE SUSP 240ML.20ขวด/ลัง,฿34
หน้ากาก NEXT HEALTH 3ชั้น 50'S/BX.(สีชมพู) *P,฿37.5
หน้ากาก NEXT HEALTH 3ชั้น 50'S/BX.(สีดำ) *P,฿37.5
หน้ากาก NEXT HEALTH 3ชั้น 50'S/BX.(สีฟ้า) *P,฿37.5
สำลีม้วน-รถพยาบาล 200G./ม้วน,฿55.5
หน้ากาก NEXT HEALTH N95 30'S(สีขาว),฿87.5
หน้ากากมีวาล์ว N-95 RESCUE GURD 12'S/BX.,฿32.75
หน้ากากอนามัย SOS PLUS 20'S(สีขาว),฿49.75
หน้ากากอนามัย SOS PLUS 20'S(สีฟ้า),฿49.75
อภัยภูเบศรยาอมสมุนไพรผสมมะขามป้อม(สูตร2) 40เม็ด,฿8.75
อีแอล ลูกท้ออบแห้ง ขวดใหญ่(แพ็ค20ขวด),฿18
MAMARINE BIO-C JELLY 10'S/BX.,฿208
MANCLAMINE 228 POW.(AMOX200+CLAV28),฿80.25
MAR BABY NOSE 100ML.,฿264.5
MARCUS TABLETS 50x10'S/BX.(สูตรNORGESIC),฿322
MATAN 500MG.25x10'S(MEFANAMIC)HK,฿258
MAXXLIFE HAP-PE 30'S,฿772.5
MAXXLIFE MAXX FLOW 7'S/กล่อง,฿288.5
MAXXLIFE ORAL SPRAY+Q10 15ML.,฿107.5
3M TRANSPORE 1/2นิ้วx5หลาx12ม้วน/แพ็ค,฿201
3M แผ่นซับสิว สีชมพู 12ชิ้น(กลม),฿54.75
AMBES 10MG(AMLOPINE) 10x10'S(GPO),฿97
AMBES 5MG(AMLOPINE) 10x10'S(GPO),฿57
ANTACIL 50x10's (TNP),฿484
AZYCIN 250 MG(AZITHRO) 6'S(GPO),฿70
B-100 COMPLEX (B3-B1-B2-B6)50x1ML(TP.),฿227
BELCID FORTE SUSP 240ML.20ขวด/ลัง,฿34
หน้ากาก NEXT HEALTH 3ชั้น 50'S/BX.(สีชมพู) *P,฿37.5
หน้ากาก NEXT HEALTH 3ชั้น 50'S/BX.(สีดำ) *P,฿37.5
หน้ากาก NEXT HEALTH 3ชั้น 50'S/BX.(สีฟ้า) *P,฿37.5
สำลีม้วน-รถพยาบาล 200G./ม้วน,฿55.5
หน้ากาก NEXT HEALTH N95 30'S(สีขาว),฿87.5
หน้ากากมีวาล์ว N-95 RESCUE GURD 12'S/BX.,฿32.75
หน้ากากอนามัย SOS PLUS 20'S(สีขาว),฿49.75
หน้ากากอนามัย SOS PLUS 20'S(สีฟ้า),฿49.75
อภัยภูเบศรยาอมสมุนไพรผสมมะขามป้อม(สูตร2) 40เม็ด,฿8.75
อีแอล ลูกท้ออบแห้ง ขวดใหญ่(แพ็ค20ขวด),฿18
MAXXLIFE SCORGEL BEYOND PLUS 10G.,฿122.5
MAXXLIFE VITA U PLUS 30'S,"฿99,999"
MAXXLIFE หน้ากากอนามัย 3 ชั้น 50'S (สีขาว),฿37
MAXXLIFE หน้ากากอนามัย 3 ชั้น 50'S (สีฟ้า),฿37
MAXXLIFE หน้ากากอนามัย 3ชั้น 10ชิ้น/ซอง(สีเขียว),฿15.5
MAXXLIFE หน้ากากอนามัย 3ชั้น 10ชิ้น/ซอง(สีขาว),฿15.5
MAXXLIFE หน้ากากอนามัย CARBON 4ชั้น 5'S/ซอง,฿18.75
MAXXLIFE หน้ากากอนามัยKF94 10ชิ้น/ห่อ,฿25
3M TRANSPORE 1/2นิ้วx5หลาx12ม้วน/แพ็ค,฿201
3M แผ่นซับสิว สีชมพู 12ชิ้น(กลม),฿54.75
AMBES 10MG(AMLOPINE) 10x10'S(GPO),฿97
AMBES 5MG(AMLOPINE) 10x10'S(GPO),฿57
ANTACIL 50x10's (TNP),฿484
AZYCIN 250 MG(AZITHRO) 6'S(GPO),฿70
B-100 COMPLEX (B3-B1-B2-B6)50x1ML(TP.),฿227
BELCID FORTE SUSP 240ML.20ขวด/ลัง,฿34
หน้ากาก NEXT HEALTH 3ชั้น 50'S/BX.(สีชมพู) *P,฿37.5
หน้ากาก NEXT HEALTH 3ชั้น 50'S/BX.(สีดำ) *P,฿37.5
หน้ากาก NEXT HEALTH 3ชั้น 50'S/BX.(สีฟ้า) *P,฿37.5
สำลีม้วน-รถพยาบาล 200G./ม้วน,฿55.5
หน้ากาก NEXT HEALTH N95 30'S(สีขาว),฿87.5
หน้ากากมีวาล์ว N-95 RESCUE GURD 12'S/BX.,฿32.75
หน้ากากอนามัย SOS PLUS 20'S(สีขาว),฿49.75
หน้ากากอนามัย SOS PLUS 20'S(สีฟ้า),฿49.75
อภัยภูเบศรยาอมสมุนไพรผสมมะขามป้อม(สูตร2) 40เม็ด,฿8.75
อีแอล ลูกท้ออบแห้ง ขวดใหญ่(แพ็ค20ขวด),฿18
MAZOLE CREAM 5G.(CLOTRIMAZOLE)AU,฿13.75
MCXY KLEAR FOR NASAL 10'Sx20ML.,฿52
MCXY KLEAR FOR NASAL 5'Sx20ML.,฿37.25
MEFENSTAR FORTE 50x10'S(PONSTAN)สีเขียว,฿495
MEGA DHA 100 30'S,฿98.5
MEGA DHA 500 30'S,฿260.5
MEGA EUGICA IVY SYRUP 20'S/BX.,฿163
MEGA FLEXSA PLUS 15'S(GLUCOSA+CHODROITIN),฿453
3M TRANSPORE 1/2นิ้วx5หลาx12ม้วน/แพ็ค,฿201
3M แผ่นซับสิว สีชมพู 12ชิ้น(กลม),฿54.75
AMBES 10MG(AMLOPINE) 10x10'S(GPO),฿97
AMBES 5MG(AMLOPINE) 10x10'S(GPO),฿57
ANTACIL 50x10's (TNP),฿484
AZYCIN 250 MG(AZITHRO) 6'S(GPO),฿70
B-100 COMPLEX (B3-B1-B2-B6)50x1ML(TP.),฿227
BELCID FORTE SUSP 240ML.20ขวด/ลัง,฿34
หน้ากาก NEXT HEALTH 3ชั้น 50'S/BX.(สีชมพู) *P,฿37.5
หน้ากาก NEXT HEALTH 3ชั้น 50'S/BX.(สีดำ) *P,฿37.5
หน้ากาก NEXT HEALTH 3ชั้น 50'S/BX.(สีฟ้า) *P,฿37.5
สำลีม้วน-รถพยาบาล 200G./ม้วน,฿55.5
หน้ากาก NEXT HEALTH N95 30'S(สีขาว),฿87.5
หน้ากากมีวาล์ว N-95 RESCUE GURD 12'S/BX.,฿32.75
หน้ากากอนามัย SOS PLUS 20'S(สีขาว),฿49.75
หน้ากากอนามัย SOS PLUS 20'S(สีฟ้า),฿49.75
อภัยภูเบศรยาอมสมุนไพรผสมมะขามป้อม(สูตร2) 40เม็ด,฿8.75
อีแอล ลูกท้ออบแห้ง ขวดใหญ่(แพ็ค20ขวด),฿18
MEGA GOFEN LIQUIZ (100MG.)60ML.,฿92.75
MEGA TINY CAP FISH OIL 500 30'S *P,฿116
MEGA TRIPLE OMEGA 30'S,฿279
MEIGABALIN 25MG.8x7'S/BX.(MEIJI),฿396.75
MEIGABALIN 75MG.8x7'S/BX.(MEIJI),฿481.5
MEPAGYL 200MG.1x10'S(METRONIDAZOLE)TNP.,฿15.5
MEPIFORM SILICONE GEL SHEET 4x30CM.5'S/BX.,"฿5,354"
MERSON-16 1x10'S(BETAHISTINE),฿22.5
3M TRANSPORE 1/2นิ้วx5หลาx12ม้วน/แพ็ค,฿201
3M แผ่นซับสิว สีชมพู 12ชิ้น(กลม),฿54.75
AMBES 10MG(AMLOPINE) 10x10'S(GPO),฿97
AMBES 5MG(AMLOPINE) 10x10'S(GPO),฿57
ANTACIL 50x10's (TNP),฿484
AZYCIN 250 MG(AZITHRO) 6'S(GPO),฿70
B-100 COMPLEX (B3-B1-B2-B6)50x1ML(TP.),฿227
BELCID FORTE SUSP 240ML.20ขวด/ลัง,฿34
หน้ากาก NEXT HEALTH 3ชั้น 50'S/BX.(สีชมพู) *P,฿37.5
หน้ากาก NEXT HEALTH 3ชั้น 50'S/BX.(สีดำ) *P,฿37.5
หน้ากาก NEXT HEALTH 3ชั้น 50'S/BX.(สีฟ้า) *P,฿37.5
สำลีม้วน-รถพยาบาล 200G./ม้วน,฿55.5
หน้ากาก NEXT HEALTH N95 30'S(สีขาว),฿87.5
หน้ากากมีวาล์ว N-95 RESCUE GURD 12'S/BX.,฿32.75
หน้ากากอนามัย SOS PLUS 20'S(สีขาว),฿49.75
หน้ากากอนามัย SOS PLUS 20'S(สีฟ้า),฿49.75
อภัยภูเบศรยาอมสมุนไพรผสมมะขามป้อม(สูตร2) 40เม็ด,฿8.75
อีแอล ลูกท้ออบแห้ง ขวดใหญ่(แพ็ค20ขวด),฿18
MINUS-SUN SHIELD SPF 50+ PA+++(เบจ)30G. *P,฿260
MIRGEAL 20ซองx15ML/กล่อง EXP.09/26,฿616
MODUZOLE 1x14'S (OMEPLAZOLE)HK.,฿18
MOMETASONE GPO 0.1% CREAM 15G.,฿59.5
MOMETASONE GPO 0.1% CREAM 5G.,฿30.5
MON PIP SYRUP 60ML.(PARA 120MG.),฿23.5
MONAS 21'S (สูตรYASMIN),฿217
MONTEK 10MG.4x7'S/BX.(สูตรSINGULAIR),฿294.5
3M TRANSPORE 1/2นิ้วx5หลาx12ม้วน/แพ็ค,฿201
3M แผ่นซับสิว สีชมพู 12ชิ้น(กลม),฿54.75
AMBES 10MG(AMLOPINE) 10x10'S(GPO),฿97
AMBES 5MG(AMLOPINE) 10x10'S(GPO),฿57
ANTACIL 50x10's (TNP),฿484
AZYCIN 250 MG(AZITHRO) 6'S(GPO),฿70
B-100 COMPLEX (B3-B1-B2-B6)50x1ML(TP.),฿227
BELCID FORTE SUSP 240ML.20ขวด/ลัง,฿34
หน้ากาก NEXT HEALTH 3ชั้น 50'S/BX.(สีชมพู) *P,฿37.5
หน้ากาก NEXT HEALTH 3ชั้น 50'S/BX.(สีดำ) *P,฿37.5
หน้ากาก NEXT HEALTH 3ชั้น 50'S/BX.(สีฟ้า) *P,฿37.5
สำลีม้วน-รถพยาบาล 200G./ม้วน,฿55.5
หน้ากาก NEXT HEALTH N95 30'S(สีขาว),฿87.5
หน้ากากมีวาล์ว N-95 RESCUE GURD 12'S/BX.,฿32.75
หน้ากากอนามัย SOS PLUS 20'S(สีขาว),฿49.75
หน้ากากอนามัย SOS PLUS 20'S(สีฟ้า),฿49.75
อภัยภูเบศรยาอมสมุนไพรผสมมะขามป้อม(สูตร2) 40เม็ด,฿8.75
อีแอล ลูกท้ออบแห้ง ขวดใหญ่(แพ็ค20ขวด),฿18
MOS VITAL JELLY MULTIVITAMIN 10'S(มิกซ์เบอรี่),฿257.5
MOTAR 1x10'S(HYOSCINE+PARA),฿26.5
MOXCILLIN 50x10'S/BX.(AMOXI 500MG.)AU(ฟ้า-เขียว),฿456
MOXICAP 500 MG. 10x10'S(เขียว-ฟ้า),฿88
MOXIFLOX GPO 5'S(MOXIFLOXACIN 400MG.),฿249
MOXIPHARM (AMOXY 500) 500'S ฟ้าเขียว(MEDIC),฿489.5
MOXY (AMOXY 500MG) 50x10'S/BX.(ฟ้าเขียว) HK,฿536
MSP ASTAXANTHIN 6MG. 30'S/BX.,฿332
3M TRANSPORE 1/2นิ้วx5หลาx12ม้วน/แพ็ค,฿201
3M แผ่นซับสิว สีชมพู 12ชิ้น(กลม),฿54.75
AMBES 10MG(AMLOPINE) 10x10'S(GPO),฿97
AMBES 5MG(AMLOPINE) 10x10'S(GPO),฿57
ANTACIL 50x10's (TNP),฿484
AZYCIN 250 MG(AZITHRO) 6'S(GPO),฿70
B-100 COMPLEX (B3-B1-B2-B6)50x1ML(TP.),฿227
BELCID FORTE SUSP 240ML.20ขวด/ลัง,฿34
หน้ากาก NEXT HEALTH 3ชั้น 50'S/BX.(สีชมพู) *P,฿37.5
หน้ากาก NEXT HEALTH 3ชั้น 50'S/BX.(สีดำ) *P,฿37.5
หน้ากาก NEXT HEALTH 3ชั้น 50'S/BX.(สีฟ้า) *P,฿37.5
สำลีม้วน-รถพยาบาล 200G./ม้วน,฿55.5
หน้ากาก NEXT HEALTH N95 30'S(สีขาว),฿87.5
หน้ากากมีวาล์ว N-95 RESCUE GURD 12'S/BX.,฿32.75
หน้ากากอนามัย SOS PLUS 20'S(สีขาว),฿49.75
หน้ากากอนามัย SOS PLUS 20'S(สีฟ้า),฿49.75
อภัยภูเบศรยาอมสมุนไพรผสมมะขามป้อม(สูตร2) 40เม็ด,฿8.75
อีแอล ลูกท้ออบแห้ง ขวดใหญ่(แพ็ค20ขวด),฿18
MSP BLACK SESAME OIL-1000MG. 30'S/BX.,฿255.5
MSP COCONUT OIL PLUS MCT OIL 1000MG.30'S,฿213
MSP COLLAGEN DI&TRIPEP 5000MG.7+1ซอง/BX.,฿247
MSP COLLAGEN TYPE ll 60MG. 30'S/กล่อง,฿324
MSP FIBER กลิ่นแอปเปิ้ล 7+1ซอง/กล่อง,฿204.5
MSP MAGNESIUM COMPLEX 5ฟอร์ม 30'S/BX.,฿247
MSP MALEE-CARA PLUS 30'S/BX.,฿247
MSP ME-X PLUS 10'S/BX.,฿170.5
3M TRANSPORE 1/2นิ้วx5หลาx12ม้วน/แพ็ค,฿201
3M แผ่นซับสิว สีชมพู 12ชิ้น(กลม),฿54.75
AMBES 10MG(AMLOPINE) 10x10'S(GPO),฿97
AMBES 5MG(AMLOPINE) 10x10'S(GPO),฿57
ANTACIL 50x10's (TNP),฿484
AZYCIN 250 MG(AZITHRO) 6'S(GPO),฿70
B-100 COMPLEX (B3-B1-B2-B6)50x1ML(TP.),฿227
BELCID FORTE SUSP 240ML.20ขวด/ลัง,฿34
หน้ากาก NEXT HEALTH 3ชั้น 50'S/BX.(สีชมพู) *P,฿37.5
หน้ากาก NEXT HEALTH 3ชั้น 50'S/BX.(สีดำ) *P,฿37.5
หน้ากาก NEXT HEALTH 3ชั้น 50'S/BX.(สีฟ้า) *P,฿37.5
สำลีม้วน-รถพยาบาล 200G./ม้วน,฿55.5
หน้ากาก NEXT HEALTH N95 30'S(สีขาว),฿87.5
หน้ากากมีวาล์ว N-95 RESCUE GURD 12'S/BX.,฿32.75
หน้ากากอนามัย SOS PLUS 20'S(สีขาว),฿49.75
หน้ากากอนามัย SOS PLUS 20'S(สีฟ้า),฿49.75
อภัยภูเบศรยาอมสมุนไพรผสมมะขามป้อม(สูตร2) 40เม็ด,฿8.75
อีแอล ลูกท้ออบแห้ง ขวดใหญ่(แพ็ค20ขวด),฿18
MSP MIRACLE BILOBA PLUS 30'S/BX.,฿136.5
MSP MIRACLE CALCIUM L-THREONATE PLUS 30'S,฿247
MSP MIRACLE VAGEEN 650MG. 30'S/BX.,฿306.5
MSP MIRACLE ZINCCAP PLUS 30'S/BX.,฿128
MSP PRIMROSE OIL-1000MG. 30'S/BX.,฿144.5
MSP น้ำมันเมล็ดแฟลกซ์ พลัส 30'S(FLAXSEED OIL),฿247
MSP น้ำมันกระเทียมพลัส 60'S/BX.(GARLIC OIL),฿162.75
MUCOFLEX SYRUP 60ML.(CARBOCYSTEINE)CMED,฿21.75
3M TRANSPORE 1/2นิ้วx5หลาx12ม้วน/แพ็ค,฿201
3M แผ่นซับสิว สีชมพู 12ชิ้น(กลม),฿54.75
AMBES 10MG(AMLOPINE) 10x10'S(GPO),฿97
AMBES 5MG(AMLOPINE) 10x10'S(GPO),฿57
ANTACIL 50x10's (TNP),฿484
AZYCIN 250 MG(AZITHRO) 6'S(GPO),฿70
B-100 COMPLEX (B3-B1-B2-B6)50x1ML(TP.),฿227
BELCID FORTE SUSP 240ML.20ขวด/ลัง,฿34
หน้ากาก NEXT HEALTH 3ชั้น 50'S/BX.(สีชมพู) *P,฿37.5
หน้ากาก NEXT HEALTH 3ชั้น 50'S/BX.(สีดำ) *P,฿37.5
หน้ากาก NEXT HEALTH 3ชั้น 50'S/BX.(สีฟ้า) *P,฿37.5
สำลีม้วน-รถพยาบาล 200G./ม้วน,฿55.5
หน้ากาก NEXT HEALTH N95 30'S(สีขาว),฿87.5
หน้ากากมีวาล์ว N-95 RESCUE GURD 12'S/BX.,฿32.75
หน้ากากอนามัย SOS PLUS 20'S(สีขาว),฿49.75
หน้ากากอนามัย SOS PLUS 20'S(สีฟ้า),฿49.75
อภัยภูเบศรยาอมสมุนไพรผสมมะขามป้อม(สูตร2) 40เม็ด,฿8.75
อีแอล ลูกท้ออบแห้ง ขวดใหญ่(แพ็ค20ขวด),฿18
MUCO-SEA 200MG. 50'S/BX.(สูตรNACLONG),฿128.75
MUSCORT ครีมบรรเทาปวด 25 กรัม,฿17.5
MUSLEXAC 50x10'S(สูตรNORGESIC)INPAC,฿198
MYBACIN OTC มะนาว 20x8'S/BX.,฿178.5
MYBACIN OTC มิ้นท์ 20x8'S/BX.,฿178.5
MYBACIN OTC ส้ม 20x8'S/BX.,฿178.5
MYBACIN THROAT มิ้นท์ 20x10'S/BX.,฿146
MYBACIN ZINC HONEY LEMON 40x10'S/BX.,฿292
3M TRANSPORE 1/2นิ้วx5หลาx12ม้วน/แพ็ค,฿201
3M แผ่นซับสิว สีชมพู 12ชิ้น(กลม),฿54.75
AMBES 10MG(AMLOPINE) 10x10'S(GPO),฿97
AMBES 5MG(AMLOPINE) 10x10'S(GPO),฿57
ANTACIL 50x10's (TNP),฿484
AZYCIN 250 MG(AZITHRO) 6'S(GPO),฿70
B-100 COMPLEX (B3-B1-B2-B6)50x1ML(TP.),฿227
BELCID FORTE SUSP 240ML.20ขวด/ลัง,฿34
หน้ากาก NEXT HEALTH 3ชั้น 50'S/BX.(สีชมพู) *P,฿37.5
หน้ากาก NEXT HEALTH 3ชั้น 50'S/BX.(สีดำ) *P,฿37.5
หน้ากาก NEXT HEALTH 3ชั้น 50'S/BX.(สีฟ้า) *P,฿37.5
สำลีม้วน-รถพยาบาล 200G./ม้วน,฿55.5
หน้ากาก NEXT HEALTH N95 30'S(สีขาว),฿87.5
หน้ากากมีวาล์ว N-95 RESCUE GURD 12'S/BX.,฿32.75
หน้ากากอนามัย SOS PLUS 20'S(สีขาว),฿49.75
หน้ากากอนามัย SOS PLUS 20'S(สีฟ้า),฿49.75
อภัยภูเบศรยาอมสมุนไพรผสมมะขามป้อม(สูตร2) 40เม็ด,฿8.75
อีแอล ลูกท้ออบแห้ง ขวดใหญ่(แพ็ค20ขวด),฿18
MYBACIN ZINC น้ำผึ้งมะนาว 140x10'S/BX.,฿7.5
MYBACIN ZINC น้ำผึ้งมะนาว 20x10'S/BX.,฿145.5
MYBACIN ยาสีฟันสูตรฟ้าทะลายโจร 100กรัม,฿84.5
MYCARBON 10x10'S(MASALAB),฿127.5
MYDA SHAMPOO 50ML.(KETOCONAZONE 2%),฿33.5
MYDA-BS CR.15G.(BETA+CLOTRI),฿33.5
MYDOCALM 150MG.1x10'S(TOLPERISONE),฿46
MYMOL 500MG. PARA 1000'S(เม็ดสีขาว)ฝาขวดสีขาว,฿185
3M TRANSPORE 1/2นิ้วx5หลาx12ม้วน/แพ็ค,฿201
3M แผ่นซับสิว สีชมพู 12ชิ้น(กลม),฿54.75
AMBES 10MG(AMLOPINE) 10x10'S(GPO),฿97
AMBES 5MG(AMLOPINE) 10x10'S(GPO),฿57
ANTACIL 50x10's (TNP),฿484
AZYCIN 250 MG(AZITHRO) 6'S(GPO),฿70
B-100 COMPLEX (B3-B1-B2-B6)50x1ML(TP.),฿227
BELCID FORTE SUSP 240ML.20ขวด/ลัง,฿34
หน้ากาก NEXT HEALTH 3ชั้น 50'S/BX.(สีชมพู) *P,฿37.5
หน้ากาก NEXT HEALTH 3ชั้น 50'S/BX.(สีดำ) *P,฿37.5
หน้ากาก NEXT HEALTH 3ชั้น 50'S/BX.(สีฟ้า) *P,฿37.5
สำลีม้วน-รถพยาบาล 200G./ม้วน,฿55.5
หน้ากาก NEXT HEALTH N95 30'S(สีขาว),฿87.5
หน้ากากมีวาล์ว N-95 RESCUE GURD 12'S/BX.,฿32.75
หน้ากากอนามัย SOS PLUS 20'S(สีขาว),฿49.75
หน้ากากอนามัย SOS PLUS 20'S(สีฟ้า),฿49.75
อภัยภูเบศรยาอมสมุนไพรผสมมะขามป้อม(สูตร2) 40เม็ด,฿8.75
อีแอล ลูกท้ออบแห้ง ขวดใหญ่(แพ็ค20ขวด),฿18
MYODRINE 50x10'S/BX.(สูตรNORGESIC)ส.เจริญ,฿340
MYOTAME 25x10'S(สูตรNORGESIC)SEA PHARM,฿206
NANOMED DIGITAL THERMOMETER (DT-05),฿80.5
NAPROXEN 250MG. 50x10'S(GPO),฿608
NAT HERBS 30ML.(แนท เฮิร์บส์),฿119
NATEN 100MG. 3x2'S(CLOTRI)HK.,฿18.5
NATEN 500MG. 2'S(CLOTRI) สูตรCANESTEN,฿21
NAVAMED 50x2'S(DIMENHYDRINATE)GRATER,฿134
3M TRANSPORE 1/2นิ้วx5หลาx12ม้วน/แพ็ค,฿201
3M แผ่นซับสิว สีชมพู 12ชิ้น(กลม),฿54.75
AMBES 10MG(AMLOPINE) 10x10'S(GPO),฿97
AMBES 5MG(AMLOPINE) 10x10'S(GPO),฿57
ANTACIL 50x10's (TNP),฿484
AZYCIN 250 MG(AZITHRO) 6'S(GPO),฿70
B-100 COMPLEX (B3-B1-B2-B6)50x1ML(TP.),฿227
BELCID FORTE SUSP 240ML.20ขวด/ลัง,฿34
หน้ากาก NEXT HEALTH 3ชั้น 50'S/BX.(สีชมพู) *P,฿37.5
หน้ากาก NEXT HEALTH 3ชั้น 50'S/BX.(สีดำ) *P,฿37.5
หน้ากาก NEXT HEALTH 3ชั้น 50'S/BX.(สีฟ้า) *P,฿37.5
สำลีม้วน-รถพยาบาล 200G./ม้วน,฿55.5
หน้ากาก NEXT HEALTH N95 30'S(สีขาว),฿87.5
หน้ากากมีวาล์ว N-95 RESCUE GURD 12'S/BX.,฿32.75
หน้ากากอนามัย SOS PLUS 20'S(สีขาว),฿49.75
หน้ากากอนามัย SOS PLUS 20'S(สีฟ้า),฿49.75
อภัยภูเบศรยาอมสมุนไพรผสมมะขามป้อม(สูตร2) 40เม็ด,฿8.75
อีแอล ลูกท้ออบแห้ง ขวดใหญ่(แพ็ค20ขวด),฿18
NEOBUN MENTHOL PLASTER 13x12ซม. 6ซอง/BX.,฿36.75
NEOBUN PLASTER ขนาดใหญ่ 8x11ซม. 6'S/BX.,฿108
NEOCA ASTHIN 30'S,฿371
NEOCA GARCININ 10'S/BX.(สารสกัดส้มแขก),฿75.5
NEOGRAM EYE DROPS 5ML. (สูตร POLY OPH),฿31
NEO-MUNE 400G.(กลิ่นเมล่อน)OTSUKA,฿422
NEO-MUNE 400G.(กลิ่นข้าวญี่ปุ่น)OTSUKA,฿422
NEPRO HP POWDER 400G.(กลิ่นวนิลา),฿401
3M TRANSPORE 1/2นิ้วx5หลาx12ม้วน/แพ็ค,฿201
3M แผ่นซับสิว สีชมพู 12ชิ้น(กลม),฿54.75
AMBES 10MG(AMLOPINE) 10x10'S(GPO),฿97
AMBES 5MG(AMLOPINE) 10x10'S(GPO),฿57
ANTACIL 50x10's (TNP),฿484
AZYCIN 250 MG(AZITHRO) 6'S(GPO),฿70
B-100 COMPLEX (B3-B1-B2-B6)50x1ML(TP.),฿227
BELCID FORTE SUSP 240ML.20ขวด/ลัง,฿34
หน้ากาก NEXT HEALTH 3ชั้น 50'S/BX.(สีชมพู) *P,฿37.5
หน้ากาก NEXT HEALTH 3ชั้น 50'S/BX.(สีดำ) *P,฿37.5
หน้ากาก NEXT HEALTH 3ชั้น 50'S/BX.(สีฟ้า) *P,฿37.5
สำลีม้วน-รถพยาบาล 200G./ม้วน,฿55.5
หน้ากาก NEXT HEALTH N95 30'S(สีขาว),฿87.5
หน้ากากมีวาล์ว N-95 RESCUE GURD 12'S/BX.,฿32.75
หน้ากากอนามัย SOS PLUS 20'S(สีขาว),฿49.75
หน้ากากอนามัย SOS PLUS 20'S(สีฟ้า),฿49.75
อภัยภูเบศรยาอมสมุนไพรผสมมะขามป้อม(สูตร2) 40เม็ด,฿8.75
อีแอล ลูกท้ออบแห้ง ขวดใหญ่(แพ็ค20ขวด),฿18
NESTLE BOOST GLUCOSE CONTROL 800G.(วนิลา),฿915
NESTLE BOOST OPTIMUM 800G.(กลิ่นธัญพืช),฿769
NEURICA 75MG.10x10'S(PREGABALIN)BERLIN,฿638.5
NEUTAPIN 100MG. 3x10'S(QUETIAPINE)KENYAKU,฿432.5
NEUTAPIN 200MG. 3x10'S(QUETIAPINE)KENYAKU,฿582.5
NEWTOWER ORIGINAL 10ซองx20G.,฿38
NEWTOWER รสส้ม 25'S/BX,฿84
NEXCARE CLEAR WATERPROOF 50'S/BX.,฿106.75
3M TRANSPORE 1/2นิ้วx5หลาx12ม้วน/แพ็ค,฿201
3M แผ่นซับสิว สีชมพู 12ชิ้น(กลม),฿54.75
AMBES 10MG(AMLOPINE) 10x10'S(GPO),฿97
AMBES 5MG(AMLOPINE) 10x10'S(GPO),฿57
ANTACIL 50x10's (TNP),฿484
AZYCIN 250 MG(AZITHRO) 6'S(GPO),฿70
B-100 COMPLEX (B3-B1-B2-B6)50x1ML(TP.),฿227
BELCID FORTE SUSP 240ML.20ขวด/ลัง,฿34
หน้ากาก NEXT HEALTH 3ชั้น 50'S/BX.(สีชมพู) *P,฿37.5
หน้ากาก NEXT HEALTH 3ชั้น 50'S/BX.(สีดำ) *P,฿37.5
หน้ากาก NEXT HEALTH 3ชั้น 50'S/BX.(สีฟ้า) *P,฿37.5
สำลีม้วน-รถพยาบาล 200G./ม้วน,฿55.5
หน้ากาก NEXT HEALTH N95 30'S(สีขาว),฿87.5
หน้ากากมีวาล์ว N-95 RESCUE GURD 12'S/BX.,฿32.75
หน้ากากอนามัย SOS PLUS 20'S(สีขาว),฿49.75
หน้ากากอนามัย SOS PLUS 20'S(สีฟ้า),฿49.75
อภัยภูเบศรยาอมสมุนไพรผสมมะขามป้อม(สูตร2) 40เม็ด,฿8.75
อีแอล ลูกท้ออบแห้ง ขวดใหญ่(แพ็ค20ขวด),฿18
NEXIUM 20MG.2x7'S/BX,฿510
NEXT HEALTH UDER PAD รองซับ (ไซซ์ L)10'S/BX.,฿71
NIKP-LEVOFLOXACIN OPHTHALMIC 0.5% 5ML.,฿103
NIKP-MANIDIPINE 10MG. 10x10'S/BX.,฿494
NIKP-MANIDIPINE 20MG. 10x10'S/BX.,฿518.5
NIKP-PITAVASTIN 2MG.10x10'S(PITAVASTATIN),"฿1,550"
NITE CAP 10x1x10'S(DIPHENHYDRAMINE),฿315.5
NITE-NITE 30'S(Allicare),฿499.5
3M TRANSPORE 1/2นิ้วx5หลาx12ม้วน/แพ็ค,฿201
3M แผ่นซับสิว สีชมพู 12ชิ้น(กลม),฿54.75
AMBES 10MG(AMLOPINE) 10x10'S(GPO),฿97
AMBES 5MG(AMLOPINE) 10x10'S(GPO),฿57
ANTACIL 50x10's (TNP),฿484
AZYCIN 250 MG(AZITHRO) 6'S(GPO),฿70
B-100 COMPLEX (B3-B1-B2-B6)50x1ML(TP.),฿227
BELCID FORTE SUSP 240ML.20ขวด/ลัง,฿34
หน้ากาก NEXT HEALTH 3ชั้น 50'S/BX.(สีชมพู) *P,฿37.5
หน้ากาก NEXT HEALTH 3ชั้น 50'S/BX.(สีดำ) *P,฿37.5
หน้ากาก NEXT HEALTH 3ชั้น 50'S/BX.(สีฟ้า) *P,฿37.5
สำลีม้วน-รถพยาบาล 200G./ม้วน,฿55.5
หน้ากาก NEXT HEALTH N95 30'S(สีขาว),฿87.5
หน้ากากมีวาล์ว N-95 RESCUE GURD 12'S/BX.,฿32.75
หน้ากากอนามัย SOS PLUS 20'S(สีขาว),฿49.75
หน้ากากอนามัย SOS PLUS 20'S(สีฟ้า),฿49.75
อภัยภูเบศรยาอมสมุนไพรผสมมะขามป้อม(สูตร2) 40เม็ด,฿8.75
อีแอล ลูกท้ออบแห้ง ขวดใหญ่(แพ็ค20ขวด),฿18
NIZORAL DERMA DAILY SHAMPOO 200ML.,฿317.5
NORFCIN 400MG.12x1x10'S(NORFLOX)MILLIMED,฿158
NOX-PAIN CREAM 50G.(T.MAN),฿35.5
NUHAIR 3% SCALP LOTION 60 ML.,฿381
NUHAIR NOURISHING SHAMPOO 200ML.,฿128.75
NURSE COTTON BUD กระปุก 100'S(นางพยาบาล),฿14
NURSE COTTONBUD 100'S(นางพยาบาล),฿7.5
NURSE COTTONBUD ก้านจิ๋ว 100'S(นางพยาบาล),฿9.5
3M TRANSPORE 1/2นิ้วx5หลาx12ม้วน/แพ็ค,฿201
3M แผ่นซับสิว สีชมพู 12ชิ้น(กลม),฿54.75
AMBES 10MG(AMLOPINE) 10x10'S(GPO),฿97
AMBES 5MG(AMLOPINE) 10x10'S(GPO),฿57
ANTACIL 50x10's (TNP),฿484
AZYCIN 250 MG(AZITHRO) 6'S(GPO),฿70
B-100 COMPLEX (B3-B1-B2-B6)50x1ML(TP.),฿227
BELCID FORTE SUSP 240ML.20ขวด/ลัง,฿34
หน้ากาก NEXT HEALTH 3ชั้น 50'S/BX.(สีชมพู) *P,฿37.5
หน้ากาก NEXT HEALTH 3ชั้น 50'S/BX.(สีดำ) *P,฿37.5
หน้ากาก NEXT HEALTH 3ชั้น 50'S/BX.(สีฟ้า) *P,฿37.5
สำลีม้วน-รถพยาบาล 200G./ม้วน,฿55.5
หน้ากาก NEXT HEALTH N95 30'S(สีขาว),฿87.5
หน้ากากมีวาล์ว N-95 RESCUE GURD 12'S/BX.,฿32.75
หน้ากากอนามัย SOS PLUS 20'S(สีขาว),฿49.75
หน้ากากอนามัย SOS PLUS 20'S(สีฟ้า),฿49.75
อภัยภูเบศรยาอมสมุนไพรผสมมะขามป้อม(สูตร2) 40เม็ด,฿8.75
อีแอล ลูกท้ออบแห้ง ขวดใหญ่(แพ็ค20ขวด),฿18
NURSE STERILE GAUZE SWABS 2''x2''x5ชิ้นx20'S/BX.,฿58.5
NURSE STERILE GAUZE SWABS 3''x3''x5ชิ้นx20'S/BX.,฿83.5
NURSE STERILE GAUZE SWABS 4''x4''x5ชิ้นx20'S/BX.,฿127
NUTRI MASTER BONCAL PLUS CURCUMIN 14'S/ขวด,"฿99,999"
NUTRI MASTER BONCAL PLUS CURCUMIN 30'S,฿601.75
NUTRI MASTER EVENING PRIMROSE OIL 30'S,฿106.5
NUTRI MASTER FISH OIL 1000MG. 30'S,฿86.5
NUTRI MASTER OIL MIX 30'S,฿145.5
3M TRANSPORE 1/2นิ้วx5หลาx12ม้วน/แพ็ค,฿201
3M แผ่นซับสิว สีชมพู 12ชิ้น(กลม),฿54.75
AMBES 10MG(AMLOPINE) 10x10'S(GPO),฿97
AMBES 5MG(AMLOPINE) 10x10'S(GPO),฿57
ANTACIL 50x10's (TNP),฿484
AZYCIN 250 MG(AZITHRO) 6'S(GPO),฿70
B-100 COMPLEX (B3-B1-B2-B6)50x1ML(TP.),฿227
BELCID FORTE SUSP 240ML.20ขวด/ลัง,฿34
หน้ากาก NEXT HEALTH 3ชั้น 50'S/BX.(สีชมพู) *P,฿37.5
หน้ากาก NEXT HEALTH 3ชั้น 50'S/BX.(สีดำ) *P,฿37.5
หน้ากาก NEXT HEALTH 3ชั้น 50'S/BX.(สีฟ้า) *P,฿37.5
สำลีม้วน-รถพยาบาล 200G./ม้วน,฿55.5
หน้ากาก NEXT HEALTH N95 30'S(สีขาว),฿87.5
หน้ากากมีวาล์ว N-95 RESCUE GURD 12'S/BX.,฿32.75
หน้ากากอนามัย SOS PLUS 20'S(สีขาว),฿49.75
หน้ากากอนามัย SOS PLUS 20'S(สีฟ้า),฿49.75
อภัยภูเบศรยาอมสมุนไพรผสมมะขามป้อม(สูตร2) 40เม็ด,฿8.75
อีแอล ลูกท้ออบแห้ง ขวดใหญ่(แพ็ค20ขวด),฿18
O.DOTTONE 24x1x1'S/BX.(ยาคุมฉุกเฉิน),฿18.75
OCID 1x10'S/BX.(OMEPRAZOLE 20MG.)PML,฿17.75
OKLOT 75MG. 10x10'S/BX.(CLOPIDOGREL),"฿1,030"
OMELIN 0.05% NASAL SPRAY 15ML.(สูตรILIADIN),฿42.75
OMELIN-LIGHT 0.025% 10ML.(สูตร ILIADIN)PML,฿26.5
OMEPRAZOLE FOR INJECTION 40MG.(Lyophilised),฿38
OMESAN 1000'S/กระปุก(OMEPLAZOLE)HK.,฿515
OMESAN 50x10'S/BX.(OMEPLAZOLE)HK.,฿265
3M TRANSPORE 1/2นิ้วx5หลาx12ม้วน/แพ็ค,฿201
3M แผ่นซับสิว สีชมพู 12ชิ้น(กลม),฿54.75
AMBES 10MG(AMLOPINE) 10x10'S(GPO),฿97
AMBES 5MG(AMLOPINE) 10x10'S(GPO),฿57
ANTACIL 50x10's (TNP),฿484
AZYCIN 250 MG(AZITHRO) 6'S(GPO),฿70
B-100 COMPLEX (B3-B1-B2-B6)50x1ML(TP.),฿227
BELCID FORTE SUSP 240ML.20ขวด/ลัง,฿34
หน้ากาก NEXT HEALTH 3ชั้น 50'S/BX.(สีชมพู) *P,฿37.5
หน้ากาก NEXT HEALTH 3ชั้น 50'S/BX.(สีดำ) *P,฿37.5
หน้ากาก NEXT HEALTH 3ชั้น 50'S/BX.(สีฟ้า) *P,฿37.5
สำลีม้วน-รถพยาบาล 200G./ม้วน,฿55.5
หน้ากาก NEXT HEALTH N95 30'S(สีขาว),฿87.5
หน้ากากมีวาล์ว N-95 RESCUE GURD 12'S/BX.,฿32.75
หน้ากากอนามัย SOS PLUS 20'S(สีขาว),฿49.75
หน้ากากอนามัย SOS PLUS 20'S(สีฟ้า),฿49.75
อภัยภูเบศรยาอมสมุนไพรผสมมะขามป้อม(สูตร2) 40เม็ด,฿8.75
อีแอล ลูกท้ออบแห้ง ขวดใหญ่(แพ็ค20ขวด),฿18
OMEZOLE 25x10'S (OMEPRAZLOE 20MG.)INTER,฿225
ONCE PRO 400G.(กลิ่นวนิลลา)OTSUKA,฿430
ONE LORA 60ML.(สูตรAERIUS)RX,฿78.75
OPTHAZOLINE EYE DROP 5ML.(สูตร HISTA OPH),฿29.5
OPTIVE EYE DROP 15ML.EXP.12/2026,฿137
OPTIVE FUSION MD 10ML.,฿299
OPTIVE UD 30'S x 0.4ML./BX.,฿266
ORACORTIA(TRIAM 0.1%)12หลอดx5G./BX.(TNP),฿34.5
3M TRANSPORE 1/2นิ้วx5หลาx12ม้วน/แพ็ค,฿201
3M แผ่นซับสิว สีชมพู 12ชิ้น(กลม),฿54.75
AMBES 10MG(AMLOPINE) 10x10'S(GPO),฿97
AMBES 5MG(AMLOPINE) 10x10'S(GPO),฿57
ANTACIL 50x10's (TNP),฿484
AZYCIN 250 MG(AZITHRO) 6'S(GPO),฿70
B-100 COMPLEX (B3-B1-B2-B6)50x1ML(TP.),฿227
BELCID FORTE SUSP 240ML.20ขวด/ลัง,฿34
หน้ากาก NEXT HEALTH 3ชั้น 50'S/BX.(สีชมพู) *P,฿37.5
หน้ากาก NEXT HEALTH 3ชั้น 50'S/BX.(สีดำ) *P,฿37.5
หน้ากาก NEXT HEALTH 3ชั้น 50'S/BX.(สีฟ้า) *P,฿37.5
สำลีม้วน-รถพยาบาล 200G./ม้วน,฿55.5
หน้ากาก NEXT HEALTH N95 30'S(สีขาว),฿87.5
หน้ากากมีวาล์ว N-95 RESCUE GURD 12'S/BX.,฿32.75
หน้ากากอนามัย SOS PLUS 20'S(สีขาว),฿49.75
หน้ากากอนามัย SOS PLUS 20'S(สีฟ้า),฿49.75
อภัยภูเบศรยาอมสมุนไพรผสมมะขามป้อม(สูตร2) 40เม็ด,฿8.75
อีแอล ลูกท้ออบแห้ง ขวดใหญ่(แพ็ค20ขวด),฿18
OROFER CAPSULES 10x10'S/BX.,฿792.5
OSAMINE 500MG. 10x10'S(GLUCOSAMINE),฿237
OXE CURE ACNE CLEAR OIL CONTROL 10MLx6'S/BX.,฿362
OXE CURE ACNE DEFENSE SERUM 5MLx6'S/BX. *P,฿211
OXE CURE DAILY SUNSCREEN SPF50+ 6G.x6'S/BX.,฿195
OXE CURE ULTRA GENTLE MOISTUR 10MLx6'S/BX.,฿362
OXYNOSE SPRAY 0.05% 10ML.(OTRIVIN),฿61.5
OZ-P MOUTH SPRAY 15ML.(ELDERBERRY),฿102
3M TRANSPORE 1/2นิ้วx5หลาx12ม้วน/แพ็ค,฿201
3M แผ่นซับสิว สีชมพู 12ชิ้น(กลม),฿54.75
AMBES 10MG(AMLOPINE) 10x10'S(GPO),฿97
AMBES 5MG(AMLOPINE) 10x10'S(GPO),฿57
ANTACIL 50x10's (TNP),฿484
AZYCIN 250 MG(AZITHRO) 6'S(GPO),฿70
B-100 COMPLEX (B3-B1-B2-B6)50x1ML(TP.),฿227
BELCID FORTE SUSP 240ML.20ขวด/ลัง,฿34
หน้ากาก NEXT HEALTH 3ชั้น 50'S/BX.(สีชมพู) *P,฿37.5
หน้ากาก NEXT HEALTH 3ชั้น 50'S/BX.(สีดำ) *P,฿37.5
หน้ากาก NEXT HEALTH 3ชั้น 50'S/BX.(สีฟ้า) *P,฿37.5
สำลีม้วน-รถพยาบาล 200G./ม้วน,฿55.5
หน้ากาก NEXT HEALTH N95 30'S(สีขาว),฿87.5
หน้ากากมีวาล์ว N-95 RESCUE GURD 12'S/BX.,฿32.75
หน้ากากอนามัย SOS PLUS 20'S(สีขาว),฿49.75
หน้ากากอนามัย SOS PLUS 20'S(สีฟ้า),฿49.75
อภัยภูเบศรยาอมสมุนไพรผสมมะขามป้อม(สูตร2) 40เม็ด,฿8.75
อีแอล ลูกท้ออบแห้ง ขวดใหญ่(แพ็ค20ขวด),฿18
PALOC LOTION 30ML.(TRIAM 0.1%)PATAR,฿15.5
PALOC LOTION 60ML.(T.A.0.1%),฿14.75
PAMOL SYRUP 60ML.(PARA 150MG.)PATAR,฿13.75
PAN ENTERAL 400G.(กลิ่นวนิลา),฿250.5
PANTOPRAZOLE T.O. 40MG. 14'S(CONTROLOC),฿344
PARA FAST ACTIV 25x10'S(PARA 500MG.)T.MAN,฿375
PARACETAMOL 100'S(PARA 500MG.ขาว-กลม)7ดาว,฿31.5
PARACETAMOL 500MG. 1000'S(เม็ดรีสีฟ้า)INPAC,฿220
3M TRANSPORE 1/2นิ้วx5หลาx12ม้วน/แพ็ค,฿201
3M แผ่นซับสิว สีชมพู 12ชิ้น(กลม),฿54.75
AMBES 10MG(AMLOPINE) 10x10'S(GPO),฿97
AMBES 5MG(AMLOPINE) 10x10'S(GPO),฿57
ANTACIL 50x10's (TNP),฿484
AZYCIN 250 MG(AZITHRO) 6'S(GPO),฿70
B-100 COMPLEX (B3-B1-B2-B6)50x1ML(TP.),฿227
BELCID FORTE SUSP 240ML.20ขวด/ลัง,฿34
หน้ากาก NEXT HEALTH 3ชั้น 50'S/BX.(สีชมพู) *P,฿37.5
หน้ากาก NEXT HEALTH 3ชั้น 50'S/BX.(สีดำ) *P,฿37.5
หน้ากาก NEXT HEALTH 3ชั้น 50'S/BX.(สีฟ้า) *P,฿37.5
สำลีม้วน-รถพยาบาล 200G./ม้วน,฿55.5
หน้ากาก NEXT HEALTH N95 30'S(สีขาว),฿87.5
หน้ากากมีวาล์ว N-95 RESCUE GURD 12'S/BX.,฿32.75
หน้ากากอนามัย SOS PLUS 20'S(สีขาว),฿49.75
หน้ากากอนามัย SOS PLUS 20'S(สีฟ้า),฿49.75
อภัยภูเบศรยาอมสมุนไพรผสมมะขามป้อม(สูตร2) 40เม็ด,฿8.75
อีแอล ลูกท้ออบแห้ง ขวดใหญ่(แพ็ค20ขวด),฿18
PARACETAMOL 500MG.100'S(ขาว)INPAC,฿24.5
PARACETAMOL SYRUP 60ML.(7ดาว)6-12ปี,฿22.5
PATARRVATE-N 5G.(BETA+NEOMYCIN),฿12.5
PATBLU 100'S(PARACETAMOL 500MG.)TNP,฿57
PERFECT MOISTURIZER GEL 10'Sx2ML.(FOR MEN),฿185.5
P-FEN PLUS+(IBU400+PARA325)10x10'S(INTERPHA),฿179.25
PLANIL 2X GEL 30G.(DICLOFENAC 2.32%),฿71.5
PLU-LIS MOUTH KIDS MOUTH SPRAY 15ML.(ส้ม),฿115.75
3M TRANSPORE 1/2นิ้วx5หลาx12ม้วน/แพ็ค,฿201
3M แผ่นซับสิว สีชมพู 12ชิ้น(กลม),฿54.75
AMBES 10MG(AMLOPINE) 10x10'S(GPO),฿97
AMBES 5MG(AMLOPINE) 10x10'S(GPO),฿57
ANTACIL 50x10's (TNP),฿484
AZYCIN 250 MG(AZITHRO) 6'S(GPO),฿70
B-100 COMPLEX (B3-B1-B2-B6)50x1ML(TP.),฿227
BELCID FORTE SUSP 240ML.20ขวด/ลัง,฿34
หน้ากาก NEXT HEALTH 3ชั้น 50'S/BX.(สีชมพู) *P,฿37.5
หน้ากาก NEXT HEALTH 3ชั้น 50'S/BX.(สีดำ) *P,฿37.5
หน้ากาก NEXT HEALTH 3ชั้น 50'S/BX.(สีฟ้า) *P,฿37.5
สำลีม้วน-รถพยาบาล 200G./ม้วน,฿55.5
หน้ากาก NEXT HEALTH N95 30'S(สีขาว),฿87.5
หน้ากากมีวาล์ว N-95 RESCUE GURD 12'S/BX.,฿32.75
หน้ากากอนามัย SOS PLUS 20'S(สีขาว),฿49.75
หน้ากากอนามัย SOS PLUS 20'S(สีฟ้า),฿49.75
อภัยภูเบศรยาอมสมุนไพรผสมมะขามป้อม(สูตร2) 40เม็ด,฿8.75
อีแอล ลูกท้ออบแห้ง ขวดใหญ่(แพ็ค20ขวด),฿18
PLU-LIS MOUTH MAX MOUTH SPRAY 15ML.(น้ำเงิน),฿115.75
POBALIN 150MG. 8x7'S/BX.(PREGABALIN),฿412
POBALIN 25MG. 8x7'S/BX.(PREGABALIN),฿144.5
POBALIN 50MG. 8x7'S/BX.(PREGABALIN),฿205
POBALIN 75MG. 8x7'S/BX.(PREGABALIN),"฿99,999"
POLAR SPRAY INNOCENCE 80ML.,"฿99,999"
POLIDENT MAX HOLD & SEAL 40G.(ไม่แต่งสีและกลิ่น),฿215.5
POLIDENT MAX HOLD & SEAL 40G.(มายมินท์),฿215.5
3M TRANSPORE 1/2นิ้วx5หลาx12ม้วน/แพ็ค,฿201
3M แผ่นซับสิว สีชมพู 12ชิ้น(กลม),฿54.75
AMBES 10MG(AMLOPINE) 10x10'S(GPO),฿97
AMBES 5MG(AMLOPINE) 10x10'S(GPO),฿57
ANTACIL 50x10's (TNP),฿484
AZYCIN 250 MG(AZITHRO) 6'S(GPO),฿70
B-100 COMPLEX (B3-B1-B2-B6)50x1ML(TP.),฿227
BELCID FORTE SUSP 240ML.20ขวด/ลัง,฿34
หน้ากาก NEXT HEALTH 3ชั้น 50'S/BX.(สีชมพู) *P,฿37.5
หน้ากาก NEXT HEALTH 3ชั้น 50'S/BX.(สีดำ) *P,฿37.5
หน้ากาก NEXT HEALTH 3ชั้น 50'S/BX.(สีฟ้า) *P,฿37.5
สำลีม้วน-รถพยาบาล 200G./ม้วน,฿55.5
หน้ากาก NEXT HEALTH N95 30'S(สีขาว),฿87.5
หน้ากากมีวาล์ว N-95 RESCUE GURD 12'S/BX.,฿32.75
หน้ากากอนามัย SOS PLUS 20'S(สีขาว),฿49.75
หน้ากากอนามัย SOS PLUS 20'S(สีฟ้า),฿49.75
อภัยภูเบศรยาอมสมุนไพรผสมมะขามป้อม(สูตร2) 40เม็ด,฿8.75
อีแอล ลูกท้ออบแห้ง ขวดใหญ่(แพ็ค20ขวด),฿18
POLILERGY 10x10'S/BX.(สูตรXYZAL) LEVOCET.,฿360.5
POSTARR-2 0.75MG. 20x2'S(ยาคุมฉุกเฉิน),฿288.5
PREBO GUMMY KYOHO GRAPE 6'S/BX.,฿196
PREPENTIN 75MG. 56'S/BX.ชุมชน,฿420
PRODER MILD SOOTHING CREAM 25G.,฿73.5
PROGAUZE SWAB 3''x3'' 8PLY 10x10'S/BX.(LONGMED),฿49.5
PROPOLIS ANTI ACNE SOAP 65G.,฿33
PROPOLIS PLUS 15ML.,฿144.5
3M TRANSPORE 1/2นิ้วx5หลาx12ม้วน/แพ็ค,฿201
3M แผ่นซับสิว สีชมพู 12ชิ้น(กลม),฿54.75
AMBES 10MG(AMLOPINE) 10x10'S(GPO),฿97
AMBES 5MG(AMLOPINE) 10x10'S(GPO),฿57
ANTACIL 50x10's (TNP),฿484
AZYCIN 250 MG(AZITHRO) 6'S(GPO),฿70
B-100 COMPLEX (B3-B1-B2-B6)50x1ML(TP.),฿227
BELCID FORTE SUSP 240ML.20ขวด/ลัง,฿34
หน้ากาก NEXT HEALTH 3ชั้น 50'S/BX.(สีชมพู) *P,฿37.5
หน้ากาก NEXT HEALTH 3ชั้น 50'S/BX.(สีดำ) *P,฿37.5
หน้ากาก NEXT HEALTH 3ชั้น 50'S/BX.(สีฟ้า) *P,฿37.5
สำลีม้วน-รถพยาบาล 200G./ม้วน,฿55.5
หน้ากาก NEXT HEALTH N95 30'S(สีขาว),฿87.5
หน้ากากมีวาล์ว N-95 RESCUE GURD 12'S/BX.,฿32.75
หน้ากากอนามัย SOS PLUS 20'S(สีขาว),฿49.75
หน้ากากอนามัย SOS PLUS 20'S(สีฟ้า),฿49.75
อภัยภูเบศรยาอมสมุนไพรผสมมะขามป้อม(สูตร2) 40เม็ด,฿8.75
อีแอล ลูกท้ออบแห้ง ขวดใหญ่(แพ็ค20ขวด),฿18
PROPOLIZ CANDY POP 10ซอง/BX.,฿135
PROPOLIZ EXTHERB LOZENGE 15x8'S/BX.,฿347
PROPOLIZ X LOZENGE (น้ำผึ้งมะนาว)1x15x8'S/BX.,฿347
PROSPER เครื่องชั่งน้ำหนัก รุ่น PW-100,฿369.75
PROSPER เครื่องวัดความดันโลหิต PB-102,฿713
PROVAMED ANTI ACNE MOISTURIZER 40G.,฿294
PROVAMED DERMA SOOTHING CREAM 50G.,฿244.5
PROVAMED DERMA SOOTHING LOTION 100ML.,฿224.5
3M TRANSPORE 1/2นิ้วx5หลาx12ม้วน/แพ็ค,฿201
3M แผ่นซับสิว สีชมพู 12ชิ้น(กลม),฿54.75
AMBES 10MG(AMLOPINE) 10x10'S(GPO),฿97
AMBES 5MG(AMLOPINE) 10x10'S(GPO),฿57
ANTACIL 50x10's (TNP),฿484
AZYCIN 250 MG(AZITHRO) 6'S(GPO),฿70
B-100 COMPLEX (B3-B1-B2-B6)50x1ML(TP.),฿227
BELCID FORTE SUSP 240ML.20ขวด/ลัง,฿34
หน้ากาก NEXT HEALTH 3ชั้น 50'S/BX.(สีชมพู) *P,฿37.5
หน้ากาก NEXT HEALTH 3ชั้น 50'S/BX.(สีดำ) *P,฿37.5
หน้ากาก NEXT HEALTH 3ชั้น 50'S/BX.(สีฟ้า) *P,฿37.5
สำลีม้วน-รถพยาบาล 200G./ม้วน,฿55.5
หน้ากาก NEXT HEALTH N95 30'S(สีขาว),฿87.5
หน้ากากมีวาล์ว N-95 RESCUE GURD 12'S/BX.,฿32.75
หน้ากากอนามัย SOS PLUS 20'S(สีขาว),฿49.75
หน้ากากอนามัย SOS PLUS 20'S(สีฟ้า),฿49.75
อภัยภูเบศรยาอมสมุนไพรผสมมะขามป้อม(สูตร2) 40เม็ด,฿8.75
อีแอล ลูกท้ออบแห้ง ขวดใหญ่(แพ็ค20ขวด),฿18
PROVAMED GOTUKOLA ACNE CLEANSING GEL 120ML.,฿139.75
PROZEUS 15 2G.x10ซอง/กล่อง,฿245
PROZEUS 15 2G.x30ซอง/กล่อง,฿726
PROZEUS PINK POWER 7PROBIOTIC 2G. 30'S,฿726
PROZEUS PINK POWER 7PROBIOTIC 2G.x10'S/BX.,฿245
PROZEUS REGEN PODER 2G.x10'S/BX.,"฿99,999"
PROZONE 50x10'S(IBUPROFEN 400MG.)AU,฿255
PURE MED KITO BERRY PLUS 7'S/BX.,"฿99,999"
3M TRANSPORE 1/2นิ้วx5หลาx12ม้วน/แพ็ค,฿201
3M แผ่นซับสิว สีชมพู 12ชิ้น(กลม),฿54.75
AMBES 10MG(AMLOPINE) 10x10'S(GPO),฿97
AMBES 5MG(AMLOPINE) 10x10'S(GPO),฿57
ANTACIL 50x10's (TNP),฿484
AZYCIN 250 MG(AZITHRO) 6'S(GPO),฿70
B-100 COMPLEX (B3-B1-B2-B6)50x1ML(TP.),฿227
BELCID FORTE SUSP 240ML.20ขวด/ลัง,฿34
หน้ากาก NEXT HEALTH 3ชั้น 50'S/BX.(สีชมพู) *P,฿37.5
หน้ากาก NEXT HEALTH 3ชั้น 50'S/BX.(สีดำ) *P,฿37.5
หน้ากาก NEXT HEALTH 3ชั้น 50'S/BX.(สีฟ้า) *P,฿37.5
สำลีม้วน-รถพยาบาล 200G./ม้วน,฿55.5
หน้ากาก NEXT HEALTH N95 30'S(สีขาว),฿87.5
หน้ากากมีวาล์ว N-95 RESCUE GURD 12'S/BX.,฿32.75
หน้ากากอนามัย SOS PLUS 20'S(สีขาว),฿49.75
หน้ากากอนามัย SOS PLUS 20'S(สีฟ้า),฿49.75
อภัยภูเบศรยาอมสมุนไพรผสมมะขามป้อม(สูตร2) 40เม็ด,฿8.75
อีแอล ลูกท้ออบแห้ง ขวดใหญ่(แพ็ค20ขวด),฿18
PURE MED LOTNE X3 PLUS 7'S/BX.,฿231
PURIDE 100MG.10x10'S (ALLOPURINOL),฿87.75
QUANTUM SYRUP 60ML.(LSP),"฿999,999"
RACSER JELLY 2% 30G.(LIDOCAIN)ABCA,฿117.5
RAMOL (PARA 500MG.) 100'S(นครพัฒนา),฿21.5
RAVIT-FORT 30'S/BX.(BURAPHA),฿109.5
REKA ผงเกลือแร่ ORS 100'S/BX.(INPAC),฿143
REMOOF SCAR SILICONE GEL 7G.,฿112.5
3M TRANSPORE 1/2นิ้วx5หลาx12ม้วน/แพ็ค,฿201
3M แผ่นซับสิว สีชมพู 12ชิ้น(กลม),฿54.75
AMBES 10MG(AMLOPINE) 10x10'S(GPO),฿97
AMBES 5MG(AMLOPINE) 10x10'S(GPO),฿57
ANTACIL 50x10's (TNP),฿484
AZYCIN 250 MG(AZITHRO) 6'S(GPO),฿70
B-100 COMPLEX (B3-B1-B2-B6)50x1ML(TP.),฿227
BELCID FORTE SUSP 240ML.20ขวด/ลัง,฿34
หน้ากาก NEXT HEALTH 3ชั้น 50'S/BX.(สีชมพู) *P,฿37.5
หน้ากาก NEXT HEALTH 3ชั้น 50'S/BX.(สีดำ) *P,฿37.5
หน้ากาก NEXT HEALTH 3ชั้น 50'S/BX.(สีฟ้า) *P,฿37.5
สำลีม้วน-รถพยาบาล 200G./ม้วน,฿55.5
หน้ากาก NEXT HEALTH N95 30'S(สีขาว),฿87.5
หน้ากากมีวาล์ว N-95 RESCUE GURD 12'S/BX.,฿32.75
หน้ากากอนามัย SOS PLUS 20'S(สีขาว),฿49.75
หน้ากากอนามัย SOS PLUS 20'S(สีฟ้า),฿49.75
อภัยภูเบศรยาอมสมุนไพรผสมมะขามป้อม(สูตร2) 40เม็ด,฿8.75
อีแอล ลูกท้ออบแห้ง ขวดใหญ่(แพ็ค20ขวด),฿18
RHEUMANOX FORT 40x10'S(IBUPROFEN 600MG.),฿364.5
RHEUTRIL-1500MG. 30'S(TMAN.),฿205
RHINO EASYFIX 2.5CM.x4M.x10ม้วน/BX.,฿202.75
RHINO EASYFIX 4CM.x4M.x10ม้วน/BX.,฿299.75
RHINO EASYFIX 6CM.x4M.x10ม้วน/BX.,฿397
RHINO EASYFIX 8CM.x4M.x10ม้วน/BX.,฿471
RHINOBUN GEL RED CHILLI 5ซองx2ชิ้น/กล่อง,฿121
RHINOBUN ICY SPRAY 150ML.,฿137.75
3M TRANSPORE 1/2นิ้วx5หลาx12ม้วน/แพ็ค,฿201
3M แผ่นซับสิว สีชมพู 12ชิ้น(กลม),฿54.75
AMBES 10MG(AMLOPINE) 10x10'S(GPO),฿97
AMBES 5MG(AMLOPINE) 10x10'S(GPO),฿57
ANTACIL 50x10's (TNP),฿484
AZYCIN 250 MG(AZITHRO) 6'S(GPO),฿70
B-100 COMPLEX (B3-B1-B2-B6)50x1ML(TP.),฿227
BELCID FORTE SUSP 240ML.20ขวด/ลัง,฿34
หน้ากาก NEXT HEALTH 3ชั้น 50'S/BX.(สีชมพู) *P,฿37.5
หน้ากาก NEXT HEALTH 3ชั้น 50'S/BX.(สีดำ) *P,฿37.5
หน้ากาก NEXT HEALTH 3ชั้น 50'S/BX.(สีฟ้า) *P,฿37.5
สำลีม้วน-รถพยาบาล 200G./ม้วน,฿55.5
หน้ากาก NEXT HEALTH N95 30'S(สีขาว),฿87.5
หน้ากากมีวาล์ว N-95 RESCUE GURD 12'S/BX.,฿32.75
หน้ากากอนามัย SOS PLUS 20'S(สีขาว),฿49.75
หน้ากากอนามัย SOS PLUS 20'S(สีฟ้า),฿49.75
อภัยภูเบศรยาอมสมุนไพรผสมมะขามป้อม(สูตร2) 40เม็ด,฿8.75
อีแอล ลูกท้ออบแห้ง ขวดใหญ่(แพ็ค20ขวด),฿18
RHINOTAPE POROUS 1/2นิ้วx10หลาx12'S/BX.(น้ำตาล),฿287.75
RHINOTAPE POROUS 1/2นิ้วx10หลาx12'S/BX.(สีขาว),฿287.75
RHINOTAPE POROUS 1นิ้วx5หลาx12'S/BX.(น้ำตาล),฿287.75
RHINOTAPE POROUS 1นิ้วx5หลาx12'S/BX.(สีขาว),฿287.75
RHUMANOL CREAMAGEL 20G.(DICLOFENAC),"฿99,999"
ROCITRO 50x10'S(ROXITHRO)TNP.,"฿1,468"
ROFEPAIN GEL 30G.(KETOPROFEN 2.5G)LBS,฿35.5
ROPRAM 10'S/แผง(TRIMIPRAMINE 25MG.)L.B.S.,฿10.25
3M TRANSPORE 1/2นิ้วx5หลาx12ม้วน/แพ็ค,฿201
3M แผ่นซับสิว สีชมพู 12ชิ้น(กลม),฿54.75
AMBES 10MG(AMLOPINE) 10x10'S(GPO),฿97
AMBES 5MG(AMLOPINE) 10x10'S(GPO),฿57
ANTACIL 50x10's (TNP),฿484
AZYCIN 250 MG(AZITHRO) 6'S(GPO),฿70
B-100 COMPLEX (B3-B1-B2-B6)50x1ML(TP.),฿227
BELCID FORTE SUSP 240ML.20ขวด/ลัง,฿34
หน้ากาก NEXT HEALTH 3ชั้น 50'S/BX.(สีชมพู) *P,฿37.5
หน้ากาก NEXT HEALTH 3ชั้น 50'S/BX.(สีดำ) *P,฿37.5
หน้ากาก NEXT HEALTH 3ชั้น 50'S/BX.(สีฟ้า) *P,฿37.5
สำลีม้วน-รถพยาบาล 200G./ม้วน,฿55.5
หน้ากาก NEXT HEALTH N95 30'S(สีขาว),฿87.5
หน้ากากมีวาล์ว N-95 RESCUE GURD 12'S/BX.,฿32.75
หน้ากากอนามัย SOS PLUS 20'S(สีขาว),฿49.75
หน้ากากอนามัย SOS PLUS 20'S(สีฟ้า),฿49.75
อภัยภูเบศรยาอมสมุนไพรผสมมะขามป้อม(สูตร2) 40เม็ด,฿8.75
อีแอล ลูกท้ออบแห้ง ขวดใหญ่(แพ็ค20ขวด),฿18
ROSETTA 10MG. 3x10'S(สูตรCRESTOR)BERLIN,฿262
ROSETTA 20MG. 3x10'S(สูตรCRESTOR)BERLIN,฿288
ROSIL SOLUTION 10ML(CLINDAMYCIN)SIAM,฿43.5
ROSUVA 10MG.3x10'S(ROSUVASTATIN)MASA,฿68.5
ROXXIMSTAR-300MG.10x10'S/BX.(ROXITHRO),฿299.75
ROYAL ARABICA LATTE 3IN1 18G.x22ซอง./ถุง,฿67
RUMASIAN PAEDIATRIC  60ML.(IBUPROFEN),฿19
RYBELSUS 3MG. 30'S/BX.(SEMAGLUTIDE),"฿7,664"
3M TRANSPORE 1/2นิ้วx5หลาx12ม้วน/แพ็ค,฿201
3M แผ่นซับสิว สีชมพู 12ชิ้น(กลม),฿54.75
AMBES 10MG(AMLOPINE) 10x10'S(GPO),฿97
AMBES 5MG(AMLOPINE) 10x10'S(GPO),฿57
ANTACIL 50x10's (TNP),฿484
AZYCIN 250 MG(AZITHRO) 6'S(GPO),฿70
B-100 COMPLEX (B3-B1-B2-B6)50x1ML(TP.),฿227
BELCID FORTE SUSP 240ML.20ขวด/ลัง,฿34
หน้ากาก NEXT HEALTH 3ชั้น 50'S/BX.(สีชมพู) *P,฿37.5
หน้ากาก NEXT HEALTH 3ชั้น 50'S/BX.(สีดำ) *P,฿37.5
หน้ากาก NEXT HEALTH 3ชั้น 50'S/BX.(สีฟ้า) *P,฿37.5
สำลีม้วน-รถพยาบาล 200G./ม้วน,฿55.5
หน้ากาก NEXT HEALTH N95 30'S(สีขาว),฿87.5
หน้ากากมีวาล์ว N-95 RESCUE GURD 12'S/BX.,฿32.75
หน้ากากอนามัย SOS PLUS 20'S(สีขาว),฿49.75
หน้ากากอนามัย SOS PLUS 20'S(สีฟ้า),฿49.75
อภัยภูเบศรยาอมสมุนไพรผสมมะขามป้อม(สูตร2) 40เม็ด,฿8.75
อีแอล ลูกท้ออบแห้ง ขวดใหญ่(แพ็ค20ขวด),฿18
RYBELSUS 7MG. 30'S(SEMAGLUTIDE),"฿7,752"
S TIFEN SYRUP 60ML.(KETOTIFEN)7ดาว,฿19.5
SAFETY TABLET CUTTER  2IN1 (สีฟ้า),฿51.5
SANOCORT CREAM 5G.(TRIAM 0.02%),฿9.75
SANOTYNE 1x10'S(LORATADINE)PHAMAHOF,฿14.5
SANOTYNE 50x10'S(LORATADINE)PHAMAHOF,฿612
SARA 500MG.กลม 50'S(ไทยนคร),฿65.5
S-CLAV 312MG./5ML. 60 ML,฿77.5
3M TRANSPORE 1/2นิ้วx5หลาx12ม้วน/แพ็ค,฿201
3M แผ่นซับสิว สีชมพู 12ชิ้น(กลม),฿54.75
AMBES 10MG(AMLOPINE) 10x10'S(GPO),฿97
AMBES 5MG(AMLOPINE) 10x10'S(GPO),฿57
ANTACIL 50x10's (TNP),฿484
AZYCIN 250 MG(AZITHRO) 6'S(GPO),฿70
B-100 COMPLEX (B3-B1-B2-B6)50x1ML(TP.),฿227
BELCID FORTE SUSP 240ML.20ขวด/ลัง,฿34
หน้ากาก NEXT HEALTH 3ชั้น 50'S/BX.(สีชมพู) *P,฿37.5
หน้ากาก NEXT HEALTH 3ชั้น 50'S/BX.(สีดำ) *P,฿37.5
หน้ากาก NEXT HEALTH 3ชั้น 50'S/BX.(สีฟ้า) *P,฿37.5
สำลีม้วน-รถพยาบาล 200G./ม้วน,฿55.5
หน้ากาก NEXT HEALTH N95 30'S(สีขาว),฿87.5
หน้ากากมีวาล์ว N-95 RESCUE GURD 12'S/BX.,฿32.75
หน้ากากอนามัย SOS PLUS 20'S(สีขาว),฿49.75
หน้ากากอนามัย SOS PLUS 20'S(สีฟ้า),฿49.75
อภัยภูเบศรยาอมสมุนไพรผสมมะขามป้อม(สูตร2) 40เม็ด,฿8.75
อีแอล ลูกท้ออบแห้ง ขวดใหญ่(แพ็ค20ขวด),฿18
SEA ORS-HR (รสส้ม)5'S/BX.(SEA PHARM),฿77
SEA-LYTE  เกลือแร่รสมะนาว 5ซอง/กล่อง,฿17.5
SEA-LYTE SPORT เกลือแร่มิกซ์ฟรุ๊ต 12ซอง/กล่อง,฿43
SEA-LYTE เกลือแร่รสส้ม 5ซอง/กล่อง,฿17.5
SEDRA 25MG. 10x10'S(HYDROXYZINE)PML.,฿92
SEFNOR 400(NORFLOXACIN)10x10'S/BX.(UNISON),฿125
SEKURE FEEDING BAG(ถุงบรรจุอาหารเหลว)500ML.,฿12.75
SEKURE สายให้อาหารชนิดมีกระเปาะ TUBE C(แพ็ค50),฿14.25
3M TRANSPORE 1/2นิ้วx5หลาx12ม้วน/แพ็ค,฿201
3M แผ่นซับสิว สีชมพู 12ชิ้น(กลม),฿54.75
AMBES 10MG(AMLOPINE) 10x10'S(GPO),฿97
AMBES 5MG(AMLOPINE) 10x10'S(GPO),฿57
ANTACIL 50x10's (TNP),฿484
AZYCIN 250 MG(AZITHRO) 6'S(GPO),฿70
B-100 COMPLEX (B3-B1-B2-B6)50x1ML(TP.),฿227
BELCID FORTE SUSP 240ML.20ขวด/ลัง,฿34
หน้ากาก NEXT HEALTH 3ชั้น 50'S/BX.(สีชมพู) *P,฿37.5
หน้ากาก NEXT HEALTH 3ชั้น 50'S/BX.(สีดำ) *P,฿37.5
หน้ากาก NEXT HEALTH 3ชั้น 50'S/BX.(สีฟ้า) *P,฿37.5
สำลีม้วน-รถพยาบาล 200G./ม้วน,฿55.5
หน้ากาก NEXT HEALTH N95 30'S(สีขาว),฿87.5
หน้ากากมีวาล์ว N-95 RESCUE GURD 12'S/BX.,฿32.75
หน้ากากอนามัย SOS PLUS 20'S(สีขาว),฿49.75
หน้ากากอนามัย SOS PLUS 20'S(สีฟ้า),฿49.75
อภัยภูเบศรยาอมสมุนไพรผสมมะขามป้อม(สูตร2) 40เม็ด,฿8.75
อีแอล ลูกท้ออบแห้ง ขวดใหญ่(แพ็ค20ขวด),฿18
SENOLAX 1x20'S(SENOKOT)(SPS),฿18.5
SERTAN 50 3x10'S/BX.(SERTRALINE),฿165.5
SIFRIN NEBULIZER 0.05% 15ML.(สูตรILIADIN)LSP,฿40.75
SIFRIN PEDIATRIC NEBU 0.025% 15ML.(ILIADIN)LSP,฿40.75
SINULAN FORTE EXPRESS VIRUS CLEANER 15ML.,฿222
SINURSE MICRO DIFFUSION NASAL SPRAY 80ML.,฿180
SINUSA 25x10'S/BX.(BROMPHE+PHENY)HK,฿234
SITAGTIN-100MG.3x10'S(SITAGLIPTIN),฿990
3M TRANSPORE 1/2นิ้วx5หลาx12ม้วน/แพ็ค,฿201
3M แผ่นซับสิว สีชมพู 12ชิ้น(กลม),฿54.75
AMBES 10MG(AMLOPINE) 10x10'S(GPO),฿97
AMBES 5MG(AMLOPINE) 10x10'S(GPO),฿57
ANTACIL 50x10's (TNP),฿484
AZYCIN 250 MG(AZITHRO) 6'S(GPO),฿70
B-100 COMPLEX (B3-B1-B2-B6)50x1ML(TP.),฿227
BELCID FORTE SUSP 240ML.20ขวด/ลัง,฿34
หน้ากาก NEXT HEALTH 3ชั้น 50'S/BX.(สีชมพู) *P,฿37.5
หน้ากาก NEXT HEALTH 3ชั้น 50'S/BX.(สีดำ) *P,฿37.5
หน้ากาก NEXT HEALTH 3ชั้น 50'S/BX.(สีฟ้า) *P,฿37.5
สำลีม้วน-รถพยาบาล 200G./ม้วน,฿55.5
หน้ากาก NEXT HEALTH N95 30'S(สีขาว),฿87.5
หน้ากากมีวาล์ว N-95 RESCUE GURD 12'S/BX.,฿32.75
หน้ากากอนามัย SOS PLUS 20'S(สีขาว),฿49.75
หน้ากากอนามัย SOS PLUS 20'S(สีฟ้า),฿49.75
อภัยภูเบศรยาอมสมุนไพรผสมมะขามป้อม(สูตร2) 40เม็ด,฿8.75
อีแอล ลูกท้ออบแห้ง ขวดใหญ่(แพ็ค20ขวด),฿18
SIVYLAR 5x10'S(SILYMARIN 140MG.),฿219
SME ACNE HYDROGEL PLUS 5กรัมx6ซอง/BX.,฿47.75
SME BRIGTH BABY FACE CC SPF50++++ CREAM 5G.,"฿99,999"
SME NEW SKIN LIQUID PLASTER 4ML.,"฿99,999"
SME SERUM ARBUTIN VITAMIN E 5G.,"฿99,999"
SMECTA 10'Sx3G./BX.(สตอร์เบอรี่),฿139
SOFCLEAN จุกล้างจมูก 2ชิ้น/BX.,฿24.5
SONERIPER M 25x10'S(สูตรMYONAL)CPL,฿103
3M TRANSPORE 1/2นิ้วx5หลาx12ม้วน/แพ็ค,฿201
3M แผ่นซับสิว สีชมพู 12ชิ้น(กลม),฿54.75
AMBES 10MG(AMLOPINE) 10x10'S(GPO),฿97
AMBES 5MG(AMLOPINE) 10x10'S(GPO),฿57
ANTACIL 50x10's (TNP),฿484
AZYCIN 250 MG(AZITHRO) 6'S(GPO),฿70
B-100 COMPLEX (B3-B1-B2-B6)50x1ML(TP.),฿227
BELCID FORTE SUSP 240ML.20ขวด/ลัง,฿34
หน้ากาก NEXT HEALTH 3ชั้น 50'S/BX.(สีชมพู) *P,฿37.5
หน้ากาก NEXT HEALTH 3ชั้น 50'S/BX.(สีดำ) *P,฿37.5
หน้ากาก NEXT HEALTH 3ชั้น 50'S/BX.(สีฟ้า) *P,฿37.5
สำลีม้วน-รถพยาบาล 200G./ม้วน,฿55.5
หน้ากาก NEXT HEALTH N95 30'S(สีขาว),฿87.5
หน้ากากมีวาล์ว N-95 RESCUE GURD 12'S/BX.,฿32.75
หน้ากากอนามัย SOS PLUS 20'S(สีขาว),฿49.75
หน้ากากอนามัย SOS PLUS 20'S(สีฟ้า),฿49.75
อภัยภูเบศรยาอมสมุนไพรผสมมะขามป้อม(สูตร2) 40เม็ด,฿8.75
อีแอล ลูกท้ออบแห้ง ขวดใหญ่(แพ็ค20ขวด),฿18
SOS ALCOHOL PREP PAD 8.3x3.8ซม. 20'S/BX.,฿19.75
SOS CAST & WOUND(ถุงหุ้มเฝือก-เข่า)1'S(FM-085),฿113.5
SOS CAST & WOUND(ถุงหุ้มเฝือก-ศอก)1'S(FM-084),฿113.5
SOS DIGITAL THERMO BT-A21CN (KITTY),฿121.5
SOS DRESSING BROWN MAXI 6x7ซม.4'S(SB2),฿24.5
SOS DRESSING SB SERIES 2''x2'' 3'S(8x8ซม.),฿29
SOS DRESSING SB SERIES 3''x3'' 2'S(12x12ซม.),฿34.5
SOS DRESSING พลาสเตอร์ผ้า ลายแมว 8'S(FA2),฿16.75
3M TRANSPORE 1/2นิ้วx5หลาx12ม้วน/แพ็ค,฿201
3M แผ่นซับสิว สีชมพู 12ชิ้น(กลม),฿54.75
AMBES 10MG(AMLOPINE) 10x10'S(GPO),฿97
AMBES 5MG(AMLOPINE) 10x10'S(GPO),฿57
ANTACIL 50x10's (TNP),฿484
AZYCIN 250 MG(AZITHRO) 6'S(GPO),฿70
B-100 COMPLEX (B3-B1-B2-B6)50x1ML(TP.),฿227
BELCID FORTE SUSP 240ML.20ขวด/ลัง,฿34
หน้ากาก NEXT HEALTH 3ชั้น 50'S/BX.(สีชมพู) *P,฿37.5
หน้ากาก NEXT HEALTH 3ชั้น 50'S/BX.(สีดำ) *P,฿37.5
หน้ากาก NEXT HEALTH 3ชั้น 50'S/BX.(สีฟ้า) *P,฿37.5
สำลีม้วน-รถพยาบาล 200G./ม้วน,฿55.5
หน้ากาก NEXT HEALTH N95 30'S(สีขาว),฿87.5
หน้ากากมีวาล์ว N-95 RESCUE GURD 12'S/BX.,฿32.75
หน้ากากอนามัย SOS PLUS 20'S(สีขาว),฿49.75
หน้ากากอนามัย SOS PLUS 20'S(สีฟ้า),฿49.75
อภัยภูเบศรยาอมสมุนไพรผสมมะขามป้อม(สูตร2) 40เม็ด,฿8.75
อีแอล ลูกท้ออบแห้ง ขวดใหญ่(แพ็ค20ขวด),฿18
SOS DRESSING พลาสเตอร์ผ้า ลายหมา 12'S(FA2),฿16.75
SOS DRESSING พลาสเตอร์ผ้าลายฟลามิงโก้ 12'S(FA2),฿14.25
SOS DRESSING สีเนื้อ MAXI 3x7ซม.8'S/BX.(SB-1B),฿19.75
SOS DRESSING สีเนื้อ MAXI 6x10ซม.3'S(SB3),฿28.75
"SOS GAUZE PAD 3""X3""x10'S/BX.",฿43
SOS LIPIDO-COLLOID GAUZE 10x10ซม.10'S(L3),฿237
SOS MINIONS PLASTER PE 8'S (P1 MM01),฿12
SOS MINIONS PLASTER กันน้ำ 6'S(T1 MP01),฿19.5
3M TRANSPORE 1/2นิ้วx5หลาx12ม้วน/แพ็ค,฿201
3M แผ่นซับสิว สีชมพู 12ชิ้น(กลม),฿54.75
AMBES 10MG(AMLOPINE) 10x10'S(GPO),฿97
AMBES 5MG(AMLOPINE) 10x10'S(GPO),฿57
ANTACIL 50x10's (TNP),฿484
AZYCIN 250 MG(AZITHRO) 6'S(GPO),฿70
B-100 COMPLEX (B3-B1-B2-B6)50x1ML(TP.),฿227
BELCID FORTE SUSP 240ML.20ขวด/ลัง,฿34
หน้ากาก NEXT HEALTH 3ชั้น 50'S/BX.(สีชมพู) *P,฿37.5
หน้ากาก NEXT HEALTH 3ชั้น 50'S/BX.(สีดำ) *P,฿37.5
หน้ากาก NEXT HEALTH 3ชั้น 50'S/BX.(สีฟ้า) *P,฿37.5
สำลีม้วน-รถพยาบาล 200G./ม้วน,฿55.5
หน้ากาก NEXT HEALTH N95 30'S(สีขาว),฿87.5
หน้ากากมีวาล์ว N-95 RESCUE GURD 12'S/BX.,฿32.75
หน้ากากอนามัย SOS PLUS 20'S(สีขาว),฿49.75
หน้ากากอนามัย SOS PLUS 20'S(สีฟ้า),฿49.75
อภัยภูเบศรยาอมสมุนไพรผสมมะขามป้อม(สูตร2) 40เม็ด,฿8.75
อีแอล ลูกท้ออบแห้ง ขวดใหญ่(แพ็ค20ขวด),฿18
SOS PLUS ANKLE SUPPORT 1'S/BX.(SIZE M),฿200
SOS PLUS ARM SLING SIZE L 1ชิ้น,฿93
SOS PLUS ARM SLING SIZE M 1ชิ้น,฿93
SOS PLUS FINGER PLASTER ข้อนิ้ว 4'S(FF1),฿11.5
SOS PLUS SPORT TAPE ขนาด 0.5นิ้ว (1ม้วน ),฿17.5
SOS PLUS SPORT TAPE ขนาด 1นิ้ว (1ม้วน ),฿30.5
SOS PLUS SPORT TAPE ขนาด 2นิ้ว (1ม้วน ),฿61
SOS PLUS TAPE ROLL 10CM.x10M.(RS2) 1'S/BX.,฿227.5
3M TRANSPORE 1/2นิ้วx5หลาx12ม้วน/แพ็ค,฿201
3M แผ่นซับสิว สีชมพู 12ชิ้น(กลม),฿54.75
AMBES 10MG(AMLOPINE) 10x10'S(GPO),฿97
AMBES 5MG(AMLOPINE) 10x10'S(GPO),฿57
ANTACIL 50x10's (TNP),฿484
AZYCIN 250 MG(AZITHRO) 6'S(GPO),฿70
B-100 COMPLEX (B3-B1-B2-B6)50x1ML(TP.),฿227
BELCID FORTE SUSP 240ML.20ขวด/ลัง,฿34
หน้ากาก NEXT HEALTH 3ชั้น 50'S/BX.(สีชมพู) *P,฿37.5
หน้ากาก NEXT HEALTH 3ชั้น 50'S/BX.(สีดำ) *P,฿37.5
หน้ากาก NEXT HEALTH 3ชั้น 50'S/BX.(สีฟ้า) *P,฿37.5
สำลีม้วน-รถพยาบาล 200G./ม้วน,฿55.5
หน้ากาก NEXT HEALTH N95 30'S(สีขาว),฿87.5
หน้ากากมีวาล์ว N-95 RESCUE GURD 12'S/BX.,฿32.75
หน้ากากอนามัย SOS PLUS 20'S(สีขาว),฿49.75
หน้ากากอนามัย SOS PLUS 20'S(สีฟ้า),฿49.75
อภัยภูเบศรยาอมสมุนไพรผสมมะขามป้อม(สูตร2) 40เม็ด,฿8.75
อีแอล ลูกท้ออบแห้ง ขวดใหญ่(แพ็ค20ขวด),฿18
SOS PLUS TAPE ROLL 10CM.x1M.(RS8) 1'S/BX.,฿28
SOS PLUS TAPE ROLL 15CM.x10M.(RS3) 1'S/BX.,฿259.5
SOS PLUS TAPE ROLL 5CM.x10M.(RS1) 1'S/BX.,฿118
SOS PLUS WRIST SUPPORT (ปรับได้) 1'S/BX.,฿200
SOS PLUS แผ่นแปะจมูก (N1) 8'S/BX.,฿26
SOS PLUS พลาสเตอร์ บลูดีเทค 10'S(B1),฿11.75
SOS PLUS พลาสเตอร์กันน้ำ (KITTY)10'S/BX.(MB),฿17.25
SOS PLUS พลาสเตอร์กันน้ำ (MINIONS)10'S/BX.(MB),฿19.5
3M TRANSPORE 1/2นิ้วx5หลาx12ม้วน/แพ็ค,฿201
3M แผ่นซับสิว สีชมพู 12ชิ้น(กลม),฿54.75
AMBES 10MG(AMLOPINE) 10x10'S(GPO),฿97
AMBES 5MG(AMLOPINE) 10x10'S(GPO),฿57
ANTACIL 50x10's (TNP),฿484
AZYCIN 250 MG(AZITHRO) 6'S(GPO),฿70
B-100 COMPLEX (B3-B1-B2-B6)50x1ML(TP.),฿227
BELCID FORTE SUSP 240ML.20ขวด/ลัง,฿34
หน้ากาก NEXT HEALTH 3ชั้น 50'S/BX.(สีชมพู) *P,฿37.5
หน้ากาก NEXT HEALTH 3ชั้น 50'S/BX.(สีดำ) *P,฿37.5
หน้ากาก NEXT HEALTH 3ชั้น 50'S/BX.(สีฟ้า) *P,฿37.5
สำลีม้วน-รถพยาบาล 200G./ม้วน,฿55.5
หน้ากาก NEXT HEALTH N95 30'S(สีขาว),฿87.5
หน้ากากมีวาล์ว N-95 RESCUE GURD 12'S/BX.,฿32.75
หน้ากากอนามัย SOS PLUS 20'S(สีขาว),฿49.75
หน้ากากอนามัย SOS PLUS 20'S(สีฟ้า),฿49.75
อภัยภูเบศรยาอมสมุนไพรผสมมะขามป้อม(สูตร2) 40เม็ด,฿8.75
อีแอล ลูกท้ออบแห้ง ขวดใหญ่(แพ็ค20ขวด),฿18
SOS SILICONE PLASTER 4'S/BX.(SP1),฿20
SOS เทปพันยืดหยุ่น 2นิ้วx12ม้วน/กล่อง(คละสี),฿41.5
SOS เทปพันยืดหยุ่น 3นิ้วx6ม้วน/กล่อง(คละสี),฿47.5
SOS พลาสเตอร์ กันน้ำ DINO 10'S (T1),฿142.5
SOS หน้ากากMINIONS 3ชั้น(PM2.5)12'S(ผู้ใหญ่สีดำ),฿187
SOSOFF COTTON BUDS 100'S/ซอง,฿8.75
SOSOFF COTTON BUDS ก้านเล็ก 100'S/ซอง,฿13.25
SOSOFF สำลีม้วน 150กรัม,฿39.5
3M TRANSPORE 1/2นิ้วx5หลาx12ม้วน/แพ็ค,฿201
3M แผ่นซับสิว สีชมพู 12ชิ้น(กลม),฿54.75
AMBES 10MG(AMLOPINE) 10x10'S(GPO),฿97
AMBES 5MG(AMLOPINE) 10x10'S(GPO),฿57
ANTACIL 50x10's (TNP),฿484
AZYCIN 250 MG(AZITHRO) 6'S(GPO),฿70
B-100 COMPLEX (B3-B1-B2-B6)50x1ML(TP.),฿227
BELCID FORTE SUSP 240ML.20ขวด/ลัง,฿34
หน้ากาก NEXT HEALTH 3ชั้น 50'S/BX.(สีชมพู) *P,฿37.5
หน้ากาก NEXT HEALTH 3ชั้น 50'S/BX.(สีดำ) *P,฿37.5
หน้ากาก NEXT HEALTH 3ชั้น 50'S/BX.(สีฟ้า) *P,฿37.5
สำลีม้วน-รถพยาบาล 200G./ม้วน,฿55.5
หน้ากาก NEXT HEALTH N95 30'S(สีขาว),฿87.5
หน้ากากมีวาล์ว N-95 RESCUE GURD 12'S/BX.,฿32.75
หน้ากากอนามัย SOS PLUS 20'S(สีขาว),฿49.75
หน้ากากอนามัย SOS PLUS 20'S(สีฟ้า),฿49.75
อภัยภูเบศรยาอมสมุนไพรผสมมะขามป้อม(สูตร2) 40เม็ด,฿8.75
อีแอล ลูกท้ออบแห้ง ขวดใหญ่(แพ็ค20ขวด),฿18
SOSOFF สำลีรีดขอบ 50กรัม,฿21.75
SPAS VERINE 10x10'S/BX.(ALERINE+SIMETHICONE),฿503.5
SPASURI (FLAVOXATE 100MG.)10x10'S(CPL),฿207
SPATYL 1x10'S(สูตรBUSCOPAN)TNP,฿24.5
SPAXID-VS 20x10'S/BX.( สูตร KREMIL-S),฿324.5
STARBUFEN SUSPENSION 60ML.(สูตรNUROFEN),฿18.75
STARCLAV 1000MG.10'S/BX.(AUGMENTIN),฿128.5
STARCLAV 156MG./5ML.(60ML.)(AUGMENTIN),฿75
3M TRANSPORE 1/2นิ้วx5หลาx12ม้วน/แพ็ค,฿201
3M แผ่นซับสิว สีชมพู 12ชิ้น(กลม),฿54.75
AMBES 10MG(AMLOPINE) 10x10'S(GPO),฿97
AMBES 5MG(AMLOPINE) 10x10'S(GPO),฿57
ANTACIL 50x10's (TNP),฿484
AZYCIN 250 MG(AZITHRO) 6'S(GPO),฿70
B-100 COMPLEX (B3-B1-B2-B6)50x1ML(TP.),฿227
BELCID FORTE SUSP 240ML.20ขวด/ลัง,฿34
หน้ากาก NEXT HEALTH 3ชั้น 50'S/BX.(สีชมพู) *P,฿37.5
หน้ากาก NEXT HEALTH 3ชั้น 50'S/BX.(สีดำ) *P,฿37.5
หน้ากาก NEXT HEALTH 3ชั้น 50'S/BX.(สีฟ้า) *P,฿37.5
สำลีม้วน-รถพยาบาล 200G./ม้วน,฿55.5
หน้ากาก NEXT HEALTH N95 30'S(สีขาว),฿87.5
หน้ากากมีวาล์ว N-95 RESCUE GURD 12'S/BX.,฿32.75
หน้ากากอนามัย SOS PLUS 20'S(สีขาว),฿49.75
หน้ากากอนามัย SOS PLUS 20'S(สีฟ้า),฿49.75
อภัยภูเบศรยาอมสมุนไพรผสมมะขามป้อม(สูตร2) 40เม็ด,฿8.75
อีแอล ลูกท้ออบแห้ง ขวดใหญ่(แพ็ค20ขวด),฿18
STARCLAV 625MG.10'S/BX.(AUGMENTIN)7ดาว,฿154.5
STARCLOVIR CREAM 5G.(ACICLOVIR)7ดาว,฿30
STARDA-BE(CLOTRI+BRTA) 25G.x12'S/BX.(7ดาว),฿54.5
STAREN 25MG. 1000'S(DICLOFENAC)กลมเหลือง,฿227
STAREN 25MG. 1000'S(DICLOFENAC)กลมชมพูม่วง,฿227
STAREN 25MG. 1000'S(DICLOFENAC)ขาวกลม,฿227
STAREN 25MG. 1000'S(DICLOFENAC)ส้มกลม,฿227
STARGESIC 50x10'S/BX.(NORGESIC),฿425
3M TRANSPORE 1/2นิ้วx5หลาx12ม้วน/แพ็ค,฿201
3M แผ่นซับสิว สีชมพู 12ชิ้น(กลม),฿54.75
AMBES 10MG(AMLOPINE) 10x10'S(GPO),฿97
AMBES 5MG(AMLOPINE) 10x10'S(GPO),฿57
ANTACIL 50x10's (TNP),฿484
AZYCIN 250 MG(AZITHRO) 6'S(GPO),฿70
B-100 COMPLEX (B3-B1-B2-B6)50x1ML(TP.),฿227
BELCID FORTE SUSP 240ML.20ขวด/ลัง,฿34
หน้ากาก NEXT HEALTH 3ชั้น 50'S/BX.(สีชมพู) *P,฿37.5
หน้ากาก NEXT HEALTH 3ชั้น 50'S/BX.(สีดำ) *P,฿37.5
หน้ากาก NEXT HEALTH 3ชั้น 50'S/BX.(สีฟ้า) *P,฿37.5
สำลีม้วน-รถพยาบาล 200G./ม้วน,฿55.5
หน้ากาก NEXT HEALTH N95 30'S(สีขาว),฿87.5
หน้ากากมีวาล์ว N-95 RESCUE GURD 12'S/BX.,฿32.75
หน้ากากอนามัย SOS PLUS 20'S(สีขาว),฿49.75
หน้ากากอนามัย SOS PLUS 20'S(สีฟ้า),฿49.75
อภัยภูเบศรยาอมสมุนไพรผสมมะขามป้อม(สูตร2) 40เม็ด,฿8.75
อีแอล ลูกท้ออบแห้ง ขวดใหญ่(แพ็ค20ขวด),฿18
STARLEX 125 DRY SYRUP 60ML.(AMOXY)7ดาว,฿22
STARMOX DRY SYRUP 125MG./5ML.60ML.(ส้ม),฿21
STREPSIL-น้ำผึ้งมะนาว 12เม็ด/กล่องเล็ก,"฿99,999"
STREPSIL-วิตามินซี 12เม็ด/กล่องเล็ก,"฿99,999"
STRONK-K MIXED FRUIT 12'S/BX.,฿37.5
SUDOCREM NATURALS NAPPY CREAM 30G.,฿272.5
SUPIROCIN OINTMENT 5G.(สูตรBACTOBAN),฿43.25
SUTAC 1x10'S(สูตรZYRTEC)SPS,฿15.5
3M TRANSPORE 1/2นิ้วx5หลาx12ม้วน/แพ็ค,฿201
3M แผ่นซับสิว สีชมพู 12ชิ้น(กลม),฿54.75
AMBES 10MG(AMLOPINE) 10x10'S(GPO),฿97
AMBES 5MG(AMLOPINE) 10x10'S(GPO),฿57
ANTACIL 50x10's (TNP),฿484
AZYCIN 250 MG(AZITHRO) 6'S(GPO),฿70
B-100 COMPLEX (B3-B1-B2-B6)50x1ML(TP.),฿227
BELCID FORTE SUSP 240ML.20ขวด/ลัง,฿34
หน้ากาก NEXT HEALTH 3ชั้น 50'S/BX.(สีชมพู) *P,฿37.5
หน้ากาก NEXT HEALTH 3ชั้น 50'S/BX.(สีดำ) *P,฿37.5
หน้ากาก NEXT HEALTH 3ชั้น 50'S/BX.(สีฟ้า) *P,฿37.5
สำลีม้วน-รถพยาบาล 200G./ม้วน,฿55.5
หน้ากาก NEXT HEALTH N95 30'S(สีขาว),฿87.5
หน้ากากมีวาล์ว N-95 RESCUE GURD 12'S/BX.,฿32.75
หน้ากากอนามัย SOS PLUS 20'S(สีขาว),฿49.75
หน้ากากอนามัย SOS PLUS 20'S(สีฟ้า),฿49.75
อภัยภูเบศรยาอมสมุนไพรผสมมะขามป้อม(สูตร2) 40เม็ด,฿8.75
อีแอล ลูกท้ออบแห้ง ขวดใหญ่(แพ็ค20ขวด),฿18
SVOZ EYES DROP 5ML.(MOXIFLOXACIN)SIAM,฿68.75
SWI  T.O. FOR INJECTION 100AMPx10ML/BX.,฿292
SWISSE APPLE CIDER VINGAR 1200MG. 60'S,฿556
SWISSE ASTAXANTHIN+GLUTA 30'S/ขวด,฿750
SWISSE ASTAXANTHIN+GLUTA 30'Sx2(แพ็คคู่ ),฿875
SWISSE BIOTIN FORTE WITH C+ZINC 60'S/ขวด,฿376
SWISSE C ACEROLA PLUS 60'S,฿328.5
SWISSE CALCIUM+VITAMIN D3 90'S,฿294.5
3M TRANSPORE 1/2นิ้วx5หลาx12ม้วน/แพ็ค,฿201
3M แผ่นซับสิว สีชมพู 12ชิ้น(กลม),฿54.75
AMBES 10MG(AMLOPINE) 10x10'S(GPO),฿97
AMBES 5MG(AMLOPINE) 10x10'S(GPO),฿57
ANTACIL 50x10's (TNP),฿484
AZYCIN 250 MG(AZITHRO) 6'S(GPO),฿70
B-100 COMPLEX (B3-B1-B2-B6)50x1ML(TP.),฿227
BELCID FORTE SUSP 240ML.20ขวด/ลัง,฿34
หน้ากาก NEXT HEALTH 3ชั้น 50'S/BX.(สีชมพู) *P,฿37.5
หน้ากาก NEXT HEALTH 3ชั้น 50'S/BX.(สีดำ) *P,฿37.5
หน้ากาก NEXT HEALTH 3ชั้น 50'S/BX.(สีฟ้า) *P,฿37.5
สำลีม้วน-รถพยาบาล 200G./ม้วน,฿55.5
หน้ากาก NEXT HEALTH N95 30'S(สีขาว),฿87.5
หน้ากากมีวาล์ว N-95 RESCUE GURD 12'S/BX.,฿32.75
หน้ากากอนามัย SOS PLUS 20'S(สีขาว),฿49.75
หน้ากากอนามัย SOS PLUS 20'S(สีฟ้า),฿49.75
อภัยภูเบศรยาอมสมุนไพรผสมมะขามป้อม(สูตร2) 40เม็ด,฿8.75
อีแอล ลูกท้ออบแห้ง ขวดใหญ่(แพ็ค20ขวด),฿18
SWISSE CALCIUM+VITAMIN D3 90'Sx2(แพ็คคู่ ),฿576
SWISSE CHO-LESS 30'S/ขวด,฿357
SWISSE COLLAGEN GRAPE SEED 60'S(DUO 1+1),฿599.75
SWISSE COLLAGEN+GRAPE SEED 12'S,฿142
SWISSE COLLAGEN+GRAPE SEED 60'S,฿519.75
SWISSE CRANBERRY 30'S,฿290.5
SWISSE DAILY ACTIVE PROBIOTICS 30'S,฿881
SWISSE DAILY BALANCE PROBIOTIC 30'S,฿846
3M TRANSPORE 1/2นิ้วx5หลาx12ม้วน/แพ็ค,฿201
3M แผ่นซับสิว สีชมพู 12ชิ้น(กลม),฿54.75
AMBES 10MG(AMLOPINE) 10x10'S(GPO),฿97
AMBES 5MG(AMLOPINE) 10x10'S(GPO),฿57
ANTACIL 50x10's (TNP),฿484
AZYCIN 250 MG(AZITHRO) 6'S(GPO),฿70
B-100 COMPLEX (B3-B1-B2-B6)50x1ML(TP.),฿227
BELCID FORTE SUSP 240ML.20ขวด/ลัง,฿34
หน้ากาก NEXT HEALTH 3ชั้น 50'S/BX.(สีชมพู) *P,฿37.5
หน้ากาก NEXT HEALTH 3ชั้น 50'S/BX.(สีดำ) *P,฿37.5
หน้ากาก NEXT HEALTH 3ชั้น 50'S/BX.(สีฟ้า) *P,฿37.5
สำลีม้วน-รถพยาบาล 200G./ม้วน,฿55.5
หน้ากาก NEXT HEALTH N95 30'S(สีขาว),฿87.5
หน้ากากมีวาล์ว N-95 RESCUE GURD 12'S/BX.,฿32.75
หน้ากากอนามัย SOS PLUS 20'S(สีขาว),฿49.75
หน้ากากอนามัย SOS PLUS 20'S(สีฟ้า),฿49.75
อภัยภูเบศรยาอมสมุนไพรผสมมะขามป้อม(สูตร2) 40เม็ด,฿8.75
อีแอล ลูกท้ออบแห้ง ขวดใหญ่(แพ็ค20ขวด),฿18
SWISSE CALCIUM+VITAMIN D3 90'Sx2(แพ็คคู่ ),฿576
SWISSE CHO-LESS 30'S/ขวด,฿357
SWISSE COLLAGEN GRAPE SEED 60'S(DUO 1+1),฿599.75
SWISSE COLLAGEN+GRAPE SEED 12'S,฿142
SWISSE COLLAGEN+GRAPE SEED 60'S,฿519.75
SWISSE CRANBERRY 30'S,฿290.5
SWISSE DAILY ACTIVE PROBIOTICS 30'S,฿881
SWISSE DAILY BALANCE PROBIOTIC 30'S,฿846
3M TRANSPORE 1/2นิ้วx5หลาx12ม้วน/แพ็ค,฿201
3M แผ่นซับสิว สีชมพู 12ชิ้น(กลม),฿54.75
AMBES 10MG(AMLOPINE) 10x10'S(GPO),฿97
AMBES 5MG(AMLOPINE) 10x10'S(GPO),฿57
ANTACIL 50x10's (TNP),฿484
AZYCIN 250 MG(AZITHRO) 6'S(GPO),฿70
B-100 COMPLEX (B3-B1-B2-B6)50x1ML(TP.),฿227
BELCID FORTE SUSP 240ML.20ขวด/ลัง,฿34
หน้ากาก NEXT HEALTH 3ชั้น 50'S/BX.(สีชมพู) *P,฿37.5
หน้ากาก NEXT HEALTH 3ชั้น 50'S/BX.(สีดำ) *P,฿37.5
หน้ากาก NEXT HEALTH 3ชั้น 50'S/BX.(สีฟ้า) *P,฿37.5
สำลีม้วน-รถพยาบาล 200G./ม้วน,฿55.5
หน้ากาก NEXT HEALTH N95 30'S(สีขาว),฿87.5
หน้ากากมีวาล์ว N-95 RESCUE GURD 12'S/BX.,฿32.75
หน้ากากอนามัย SOS PLUS 20'S(สีขาว),฿49.75
หน้ากากอนามัย SOS PLUS 20'S(สีฟ้า),฿49.75
อภัยภูเบศรยาอมสมุนไพรผสมมะขามป้อม(สูตร2) 40เม็ด,฿8.75
อีแอล ลูกท้ออบแห้ง ขวดใหญ่(แพ็ค20ขวด),฿18
SWISSE ESSENTIAL MULTI 60'S/ขวด,฿471.5
SWISSE GRAPE SEED 15'S,฿142
SWISSE GRAPE SEED 60'S/ขวด,฿385
SWISSE HSN+ 60'S,฿312.5
SWISSE LECITHIN 1200MG. 150'S/กระปุก,฿471.75
SWISSE L-THEANINE G'NIGHT 50'S,฿723
SWISSE LUTEIN PRO+ 60'S,฿452
SWISSE MAGNESIUM 60'S,฿365
3M TRANSPORE 1/2นิ้วx5หลาx12ม้วน/แพ็ค,฿201
3M แผ่นซับสิว สีชมพู 12ชิ้น(กลม),฿54.75
AMBES 10MG(AMLOPINE) 10x10'S(GPO),฿97
AMBES 5MG(AMLOPINE) 10x10'S(GPO),฿57
ANTACIL 50x10's (TNP),฿484
AZYCIN 250 MG(AZITHRO) 6'S(GPO),฿70
B-100 COMPLEX (B3-B1-B2-B6)50x1ML(TP.),฿227
BELCID FORTE SUSP 240ML.20ขวด/ลัง,฿34
หน้ากาก NEXT HEALTH 3ชั้น 50'S/BX.(สีชมพู) *P,฿37.5
หน้ากาก NEXT HEALTH 3ชั้น 50'S/BX.(สีดำ) *P,฿37.5
หน้ากาก NEXT HEALTH 3ชั้น 50'S/BX.(สีฟ้า) *P,฿37.5
สำลีม้วน-รถพยาบาล 200G./ม้วน,฿55.5
หน้ากาก NEXT HEALTH N95 30'S(สีขาว),฿87.5
หน้ากากมีวาล์ว N-95 RESCUE GURD 12'S/BX.,฿32.75
หน้ากากอนามัย SOS PLUS 20'S(สีขาว),฿49.75
หน้ากากอนามัย SOS PLUS 20'S(สีฟ้า),฿49.75
อภัยภูเบศรยาอมสมุนไพรผสมมะขามป้อม(สูตร2) 40เม็ด,฿8.75
อีแอล ลูกท้ออบแห้ง ขวดใหญ่(แพ็ค20ขวด),฿18
SYS BETAGLU SHOT 3G.x30ซอง/BX.,฿680
SYS BETAGLU SHOT 7ซอง/BX.,฿206
SYS CALLY 500MG. 24'S/BX.,฿386.5
SYS LYSINE PLUS COLOSTRUM (รสช้อคโกแลต) *P,฿578
SYS PRO FIBER 10'S/BX.,฿331
SYSTANE ULTRA FAST-ACTING DRY EYE 10ML. EXP.11/26,฿297.5
T PLUS สำลีแผ่นไม่รีดขอบ 50กรัม,฿21.75
TALAFIL-20 1x4'S/BX.(TADALAFIL)MILLIMED*ทำรายงาน,"฿1,211"
3M TRANSPORE 1/2นิ้วx5หลาx12ม้วน/แพ็ค,฿201
3M แผ่นซับสิว สีชมพู 12ชิ้น(กลม),฿54.75
AMBES 10MG(AMLOPINE) 10x10'S(GPO),฿97
AMBES 5MG(AMLOPINE) 10x10'S(GPO),฿57
ANTACIL 50x10's (TNP),฿484
AZYCIN 250 MG(AZITHRO) 6'S(GPO),฿70
B-100 COMPLEX (B3-B1-B2-B6)50x1ML(TP.),฿227
BELCID FORTE SUSP 240ML.20ขวด/ลัง,฿34
หน้ากาก NEXT HEALTH 3ชั้น 50'S/BX.(สีชมพู) *P,฿37.5
หน้ากาก NEXT HEALTH 3ชั้น 50'S/BX.(สีดำ) *P,฿37.5
หน้ากาก NEXT HEALTH 3ชั้น 50'S/BX.(สีฟ้า) *P,฿37.5
สำลีม้วน-รถพยาบาล 200G./ม้วน,฿55.5
หน้ากาก NEXT HEALTH N95 30'S(สีขาว),฿87.5
หน้ากากมีวาล์ว N-95 RESCUE GURD 12'S/BX.,฿32.75
หน้ากากอนามัย SOS PLUS 20'S(สีขาว),฿49.75
หน้ากากอนามัย SOS PLUS 20'S(สีฟ้า),฿49.75
อภัยภูเบศรยาอมสมุนไพรผสมมะขามป้อม(สูตร2) 40เม็ด,฿8.75
อีแอล ลูกท้ออบแห้ง ขวดใหญ่(แพ็ค20ขวด),฿18
TANITA เครื่องชั่งชนิด SCALE รุ่น HA-801,฿578.25
TARIVID OPHTTHLMIC OINT. 3.5G.(OFLOXACIN 0.3%),฿166.5
TEMNOL 500MG 20x10'S,฿0
TEMPRA COOLING PATCH 8'Sx2/กล่อง ลดไข้,฿162.5
TEMPRA FIZZ 12'S (PARACETAMOL) *P,฿75
TEN CREAM 5G.(TRIAMCINOLONE 0.1%),฿22.75
TENOSALIC OINTMENT 5G.(BETA+SALICYLIC)TMAN,฿20.75
THERMOMETER HUBDIC รุ่น HFS-1000,฿780
3M TRANSPORE 1/2นิ้วx5หลาx12ม้วน/แพ็ค,฿201
3M แผ่นซับสิว สีชมพู 12ชิ้น(กลม),฿54.75
AMBES 10MG(AMLOPINE) 10x10'S(GPO),฿97
AMBES 5MG(AMLOPINE) 10x10'S(GPO),฿57
ANTACIL 50x10's (TNP),฿484
AZYCIN 250 MG(AZITHRO) 6'S(GPO),฿70
B-100 COMPLEX (B3-B1-B2-B6)50x1ML(TP.),฿227
BELCID FORTE SUSP 240ML.20ขวด/ลัง,฿34
หน้ากาก NEXT HEALTH 3ชั้น 50'S/BX.(สีชมพู) *P,฿37.5
หน้ากาก NEXT HEALTH 3ชั้น 50'S/BX.(สีดำ) *P,฿37.5
หน้ากาก NEXT HEALTH 3ชั้น 50'S/BX.(สีฟ้า) *P,฿37.5
สำลีม้วน-รถพยาบาล 200G./ม้วน,฿55.5
หน้ากาก NEXT HEALTH N95 30'S(สีขาว),฿87.5
หน้ากากมีวาล์ว N-95 RESCUE GURD 12'S/BX.,฿32.75
หน้ากากอนามัย SOS PLUS 20'S(สีขาว),฿49.75
หน้ากากอนามัย SOS PLUS 20'S(สีฟ้า),฿49.75
อภัยภูเบศรยาอมสมุนไพรผสมมะขามป้อม(สูตร2) 40เม็ด,฿8.75
อีแอล ลูกท้ออบแห้ง ขวดใหญ่(แพ็ค20ขวด),฿18
THREE-B FORTE 10x10'S/BX.(PML),฿199.5
THROATSIL-รสส้ม 24เม็ด/BX.,"฿99,999"
TIGER BALM LOTION 80ML.,฿142.5
TIGERPLAST ANKLE ไซส์ M (29.0-32.5ซม.) *P,฿189
TIGERPLAST CARIFIX STRETCH 5CM.x10M./BX. *P,฿168.5
TIGERPLAST CARIPORE CLEAR 1/2นิ้วx 5หลา/ม้วน *P,฿13.5
TIGERPLAST CARIPORE CLEAR 1นิ้วx10หลา/ม้วน *P,฿35.5
TIGERPLAST CLEAR 25'S/BX. พลาสเตอร์พลาสติกใส *P,฿24.5
3M TRANSPORE 1/2นิ้วx5หลาx12ม้วน/แพ็ค,฿201
3M แผ่นซับสิว สีชมพู 12ชิ้น(กลม),฿54.75
AMBES 10MG(AMLOPINE) 10x10'S(GPO),฿97
AMBES 5MG(AMLOPINE) 10x10'S(GPO),฿57
ANTACIL 50x10's (TNP),฿484
AZYCIN 250 MG(AZITHRO) 6'S(GPO),฿70
B-100 COMPLEX (B3-B1-B2-B6)50x1ML(TP.),฿227
BELCID FORTE SUSP 240ML.20ขวด/ลัง,฿34
หน้ากาก NEXT HEALTH 3ชั้น 50'S/BX.(สีชมพู) *P,฿37.5
หน้ากาก NEXT HEALTH 3ชั้น 50'S/BX.(สีดำ) *P,฿37.5
หน้ากาก NEXT HEALTH 3ชั้น 50'S/BX.(สีฟ้า) *P,฿37.5
สำลีม้วน-รถพยาบาล 200G./ม้วน,฿55.5
หน้ากาก NEXT HEALTH N95 30'S(สีขาว),฿87.5
หน้ากากมีวาล์ว N-95 RESCUE GURD 12'S/BX.,฿32.75
หน้ากากอนามัย SOS PLUS 20'S(สีขาว),฿49.75
หน้ากากอนามัย SOS PLUS 20'S(สีฟ้า),฿49.75
อภัยภูเบศรยาอมสมุนไพรผสมมะขามป้อม(สูตร2) 40เม็ด,฿8.75
อีแอล ลูกท้ออบแห้ง ขวดใหญ่(แพ็ค20ขวด),฿18
TIGERPLAST ELBOW(ศอก) SIZE S *P,฿160
TIGERPLAST LEOPOVIDONE 450ML.(BETADINE) *P,฿143.5
TIGERPLAST SPORT TAPE 0.5นิ้วx9ม./ม้วน(สีขาว) *P,฿26
TIGERPLAST เทปพันยึดข้อต่อสีเนื้อ 0.5นิ้วx9ม.x10หลา *P,฿26.25
TIMAZOL 5MG.(METHI)10x10(SPS)*ขายขาด,฿94
TIME ORAL ULCER PATCH 18ซองx4'S/แพ็ค **แบ่งขาย,฿64
TOMONT 10MG.4x7'S(สูตรSINGULAIR)TO.,฿220
TOMUSOL 50x10'S(สูตรMYDOCALM)PML,฿302.75
3M TRANSPORE 1/2นิ้วx5หลาx12ม้วน/แพ็ค,฿201
3M แผ่นซับสิว สีชมพู 12ชิ้น(กลม),฿54.75
AMBES 10MG(AMLOPINE) 10x10'S(GPO),฿97
AMBES 5MG(AMLOPINE) 10x10'S(GPO),฿57
ANTACIL 50x10's (TNP),฿484
AZYCIN 250 MG(AZITHRO) 6'S(GPO),฿70
B-100 COMPLEX (B3-B1-B2-B6)50x1ML(TP.),฿227
BELCID FORTE SUSP 240ML.20ขวด/ลัง,฿34
หน้ากาก NEXT HEALTH 3ชั้น 50'S/BX.(สีชมพู) *P,฿37.5
หน้ากาก NEXT HEALTH 3ชั้น 50'S/BX.(สีดำ) *P,฿37.5
หน้ากาก NEXT HEALTH 3ชั้น 50'S/BX.(สีฟ้า) *P,฿37.5
สำลีม้วน-รถพยาบาล 200G./ม้วน,฿55.5
หน้ากาก NEXT HEALTH N95 30'S(สีขาว),฿87.5
หน้ากากมีวาล์ว N-95 RESCUE GURD 12'S/BX.,฿32.75
หน้ากากอนามัย SOS PLUS 20'S(สีขาว),฿49.75
หน้ากากอนามัย SOS PLUS 20'S(สีฟ้า),฿49.75
อภัยภูเบศรยาอมสมุนไพรผสมมะขามป้อม(สูตร2) 40เม็ด,฿8.75
อีแอล ลูกท้ออบแห้ง ขวดใหญ่(แพ็ค20ขวด),฿18
TOPIDERM 5G.(DESOXIMETASONE 0.25%),฿43
TORIXIB 60MG.3x10'S/BX.(สูตรARCOXIA)SIAM,฿195
TORIXIB 90MG. 10x10'S/BX.(สูตรARCOXIA)SIAM,฿810
T-OSMIN 25x10'S สูตร DAFLON,฿837
TRAJENTA 5MG. 30'S,"฿1,420"
TRAZODONE 50MG. 10'Sx25แผง/BX(CP),฿386
TRIAMCINOLONE CREAM 0.1% 15G.(GPO),฿22
TUPTIM KAEW ลูกกลิ้งแก้ปวดเมื่อย 60G.(NANOMED),฿151.5
3M TRANSPORE 1/2นิ้วx5หลาx12ม้วน/แพ็ค,฿201
3M แผ่นซับสิว สีชมพู 12ชิ้น(กลม),฿54.75
AMBES 10MG(AMLOPINE) 10x10'S(GPO),฿97
AMBES 5MG(AMLOPINE) 10x10'S(GPO),฿57
ANTACIL 50x10's (TNP),฿484
AZYCIN 250 MG(AZITHRO) 6'S(GPO),฿70
B-100 COMPLEX (B3-B1-B2-B6)50x1ML(TP.),฿227
BELCID FORTE SUSP 240ML.20ขวด/ลัง,฿34
หน้ากาก NEXT HEALTH 3ชั้น 50'S/BX.(สีชมพู) *P,฿37.5
หน้ากาก NEXT HEALTH 3ชั้น 50'S/BX.(สีดำ) *P,฿37.5
หน้ากาก NEXT HEALTH 3ชั้น 50'S/BX.(สีฟ้า) *P,฿37.5
สำลีม้วน-รถพยาบาล 200G./ม้วน,฿55.5
หน้ากาก NEXT HEALTH N95 30'S(สีขาว),฿87.5
หน้ากากมีวาล์ว N-95 RESCUE GURD 12'S/BX.,฿32.75
หน้ากากอนามัย SOS PLUS 20'S(สีขาว),฿49.75
หน้ากากอนามัย SOS PLUS 20'S(สีฟ้า),฿49.75
อภัยภูเบศรยาอมสมุนไพรผสมมะขามป้อม(สูตร2) 40เม็ด,฿8.75
อีแอล ลูกท้ออบแห้ง ขวดใหญ่(แพ็ค20ขวด),฿18
U & ME MINERAL PLUS VIR B+C+D3 5'S(มิกซ์เบอร์รี่),฿73.5
U & ME MINERAL PLUS VIR B+C+D3 5'S(รสส้ม),฿73.5
U & ME MINERAL PLUS VIR B+C+D3 5'S(รสองุ่น),฿73.5
ULCEFATE CHEWABLE 30'S(SIAM),฿176.5
ULPRAZOLE 14'S/BX.(OMEPRAZOLE)POLI,฿36.5
ULTRACARBON N.F. 5x10'S.(PML),฿357
UMAFEN-200(IBUPROFEN)50x10'S/BX.UMEDA,฿235
UMAFEN-400(IBUPROFEN) 50x10'S/BX.(UMEDA),฿326
3M TRANSPORE 1/2นิ้วx5หลาx12ม้วน/แพ็ค,฿201
3M แผ่นซับสิว สีชมพู 12ชิ้น(กลม),฿54.75
AMBES 10MG(AMLOPINE) 10x10'S(GPO),฿97
AMBES 5MG(AMLOPINE) 10x10'S(GPO),฿57
ANTACIL 50x10's (TNP),฿484
AZYCIN 250 MG(AZITHRO) 6'S(GPO),฿70
B-100 COMPLEX (B3-B1-B2-B6)50x1ML(TP.),฿227
BELCID FORTE SUSP 240ML.20ขวด/ลัง,฿34
หน้ากาก NEXT HEALTH 3ชั้น 50'S/BX.(สีชมพู) *P,฿37.5
หน้ากาก NEXT HEALTH 3ชั้น 50'S/BX.(สีดำ) *P,฿37.5
หน้ากาก NEXT HEALTH 3ชั้น 50'S/BX.(สีฟ้า) *P,฿37.5
สำลีม้วน-รถพยาบาล 200G./ม้วน,฿55.5
หน้ากาก NEXT HEALTH N95 30'S(สีขาว),฿87.5
หน้ากากมีวาล์ว N-95 RESCUE GURD 12'S/BX.,฿32.75
หน้ากากอนามัย SOS PLUS 20'S(สีขาว),฿49.75
หน้ากากอนามัย SOS PLUS 20'S(สีฟ้า),฿49.75
อภัยภูเบศรยาอมสมุนไพรผสมมะขามป้อม(สูตร2) 40เม็ด,฿8.75
อีแอล ลูกท้ออบแห้ง ขวดใหญ่(แพ็ค20ขวด),฿18
UMBILI BOBUN-ZAI สเปรย์ไล่ยุงและแมลงออแกนิค 30ML.,฿77.5
UMBILI ฉุนฉุน ผ้าสมุนไพรเย็น 4ซอง/กล่อง,฿133.5
UMEGOT 1x10'S(สูตรCAFERGOT)UMEDA,฿17.5
URINE BAGS ถุงปัสสาวะชนิดเทบน 2000ML.(แพ็ค10),฿18
UTMOS 15MG. 10x10'S/BX.,฿244
UTMOS 30MG. 10x10'S/BX.,฿388
VALSARTAN GPO 160MG.3x10'S/BX.,฿120
VAMAZOLE CREAM 5G.(CLOTRIMAZOLE),฿12.75
3M TRANSPORE 1/2นิ้วx5หลาx12ม้วน/แพ็ค,฿201
3M แผ่นซับสิว สีชมพู 12ชิ้น(กลม),฿54.75
AMBES 10MG(AMLOPINE) 10x10'S(GPO),฿97
AMBES 5MG(AMLOPINE) 10x10'S(GPO),฿57
ANTACIL 50x10's (TNP),฿484
AZYCIN 250 MG(AZITHRO) 6'S(GPO),฿70
B-100 COMPLEX (B3-B1-B2-B6)50x1ML(TP.),฿227
BELCID FORTE SUSP 240ML.20ขวด/ลัง,฿34
หน้ากาก NEXT HEALTH 3ชั้น 50'S/BX.(สีชมพู) *P,฿37.5
หน้ากาก NEXT HEALTH 3ชั้น 50'S/BX.(สีดำ) *P,฿37.5
หน้ากาก NEXT HEALTH 3ชั้น 50'S/BX.(สีฟ้า) *P,฿37.5
สำลีม้วน-รถพยาบาล 200G./ม้วน,฿55.5
หน้ากาก NEXT HEALTH N95 30'S(สีขาว),฿87.5
หน้ากากมีวาล์ว N-95 RESCUE GURD 12'S/BX.,฿32.75
หน้ากากอนามัย SOS PLUS 20'S(สีขาว),฿49.75
หน้ากากอนามัย SOS PLUS 20'S(สีฟ้า),฿49.75
อภัยภูเบศรยาอมสมุนไพรผสมมะขามป้อม(สูตร2) 40เม็ด,฿8.75
อีแอล ลูกท้ออบแห้ง ขวดใหญ่(แพ็ค20ขวด),฿18
VEFLOX 500MG.1x10'S(LEVOFLOXACIN)ชุมชน,฿105
VEFLOX 750(LEVOFLOXACIN) 1x10'S(ชุมชน),฿129
VENOFEN-600MG. 10x10'S(IBUPROFEN)PML.,฿133.5
VENUZ ONE 1'Sx10แผง/แพ็ค(ยาคุมฉุกเฉิน),฿130
VERCALOL 12.5MG. 10x10'S/BX.(CARVEDILOL),฿496
VERCALOL 25MG. 10x10'S/BX.(CARVEDILOL),฿776
VERCALOL 6.25MG.10x10'S/BX.(CARVEDILOL),฿544
VESTAN 500MG. 500'S/กระปุก(MEFENAMIC)VESCO,฿227
3M TRANSPORE 1/2นิ้วx5หลาx12ม้วน/แพ็ค,฿201
3M แผ่นซับสิว สีชมพู 12ชิ้น(กลม),฿54.75
AMBES 10MG(AMLOPINE) 10x10'S(GPO),฿97
AMBES 5MG(AMLOPINE) 10x10'S(GPO),฿57
ANTACIL 50x10's (TNP),฿484
AZYCIN 250 MG(AZITHRO) 6'S(GPO),฿70
B-100 COMPLEX (B3-B1-B2-B6)50x1ML(TP.),฿227
BELCID FORTE SUSP 240ML.20ขวด/ลัง,฿34
หน้ากาก NEXT HEALTH 3ชั้น 50'S/BX.(สีชมพู) *P,฿37.5
หน้ากาก NEXT HEALTH 3ชั้น 50'S/BX.(สีดำ) *P,฿37.5
หน้ากาก NEXT HEALTH 3ชั้น 50'S/BX.(สีฟ้า) *P,฿37.5
สำลีม้วน-รถพยาบาล 200G./ม้วน,฿55.5
หน้ากาก NEXT HEALTH N95 30'S(สีขาว),฿87.5
หน้ากากมีวาล์ว N-95 RESCUE GURD 12'S/BX.,฿32.75
หน้ากากอนามัย SOS PLUS 20'S(สีขาว),฿49.75
หน้ากากอนามัย SOS PLUS 20'S(สีฟ้า),฿49.75
อภัยภูเบศรยาอมสมุนไพรผสมมะขามป้อม(สูตร2) 40เม็ด,฿8.75
อีแอล ลูกท้ออบแห้ง ขวดใหญ่(แพ็ค20ขวด),฿18
VIBOOSTA C1000MG. 30'S,"฿99,999"
VIBOOSTA C-FORCE 1000 20'S (เม็ดฟู่),฿80
VIBOOSTA COLLA CAL D 12หลอดx7'S/BX.,฿675
VIBOOSTA ENZY เม็ดฟู่ 20'S(ช่วยย่อย),฿80
VIBOOSTA LUTEIN PLUS 12หลอดx7'S/BX.,฿675
VIBOOSTA MAGNESIUM PLUS  20'S(เม็ดฟู่),฿80
VIBOOSTA MULTIVIT 12หลอดx7'S/BX.,฿675
VIBOOSTA POSTIC FIBER 20'S/หลอด,฿80
3M TRANSPORE 1/2นิ้วx5หลาx12ม้วน/แพ็ค,฿201
3M แผ่นซับสิว สีชมพู 12ชิ้น(กลม),฿54.75
AMBES 10MG(AMLOPINE) 10x10'S(GPO),฿97
AMBES 5MG(AMLOPINE) 10x10'S(GPO),฿57
ANTACIL 50x10's (TNP),฿484
AZYCIN 250 MG(AZITHRO) 6'S(GPO),฿70
B-100 COMPLEX (B3-B1-B2-B6)50x1ML(TP.),฿227
BELCID FORTE SUSP 240ML.20ขวด/ลัง,฿34
หน้ากาก NEXT HEALTH 3ชั้น 50'S/BX.(สีชมพู) *P,฿37.5
หน้ากาก NEXT HEALTH 3ชั้น 50'S/BX.(สีดำ) *P,฿37.5
หน้ากาก NEXT HEALTH 3ชั้น 50'S/BX.(สีฟ้า) *P,฿37.5
สำลีม้วน-รถพยาบาล 200G./ม้วน,฿55.5
หน้ากาก NEXT HEALTH N95 30'S(สีขาว),฿87.5
หน้ากากมีวาล์ว N-95 RESCUE GURD 12'S/BX.,฿32.75
หน้ากากอนามัย SOS PLUS 20'S(สีขาว),฿49.75
หน้ากากอนามัย SOS PLUS 20'S(สีฟ้า),฿49.75
อภัยภูเบศรยาอมสมุนไพรผสมมะขามป้อม(สูตร2) 40เม็ด,฿8.75
อีแอล ลูกท้ออบแห้ง ขวดใหญ่(แพ็ค20ขวด),฿18
VI-STAR B1-6-12 100x10'S/BX.(7ดาว),฿599.5
VISTRA ACEROLA 45'S+GRAPE SEED 20'S(เซตคู่),฿241.5
VISTRA ADVANCE ELASTIN PEPTIDE +COLLA 10'S,฿336
VISTRA MULTIVIT ULTRA PLUS AMINO 30'S,฿214
VISTRA OMEGA 30'S,"฿99,999"
VISTRA SAKURA EXTRACT & MARINE 30'S,฿612
VISTRA SESAMIN NIGHT TIME 30CAPS *P,฿521
VIT 500MG. C-MILE 12หลอดx15เม็ด/กล่อง,฿551
3M TRANSPORE 1/2นิ้วx5หลาx12ม้วน/แพ็ค,฿201
3M แผ่นซับสิว สีชมพู 12ชิ้น(กลม),฿54.75
AMBES 10MG(AMLOPINE) 10x10'S(GPO),฿97
AMBES 5MG(AMLOPINE) 10x10'S(GPO),฿57
ANTACIL 50x10's (TNP),฿484
AZYCIN 250 MG(AZITHRO) 6'S(GPO),฿70
B-100 COMPLEX (B3-B1-B2-B6)50x1ML(TP.),฿227
BELCID FORTE SUSP 240ML.20ขวด/ลัง,฿34
หน้ากาก NEXT HEALTH 3ชั้น 50'S/BX.(สีชมพู) *P,฿37.5
หน้ากาก NEXT HEALTH 3ชั้น 50'S/BX.(สีดำ) *P,฿37.5
หน้ากาก NEXT HEALTH 3ชั้น 50'S/BX.(สีฟ้า) *P,฿37.5
สำลีม้วน-รถพยาบาล 200G./ม้วน,฿55.5
หน้ากาก NEXT HEALTH N95 30'S(สีขาว),฿87.5
หน้ากากมีวาล์ว N-95 RESCUE GURD 12'S/BX.,฿32.75
หน้ากากอนามัย SOS PLUS 20'S(สีขาว),฿49.75
หน้ากากอนามัย SOS PLUS 20'S(สีฟ้า),฿49.75
อภัยภูเบศรยาอมสมุนไพรผสมมะขามป้อม(สูตร2) 40เม็ด,฿8.75
อีแอล ลูกท้ออบแห้ง ขวดใหญ่(แพ็ค20ขวด),฿18
VITA C GUMMY 40G.x12'S/BX.(กลิ่นองุ่นมัสแคท) *P,฿26
VITA-C CANDY POP 10'S/BX.(แอปเปิ้ล),฿123.5
VITA-C CANDY POP 10'S/BX.(ส้ม),฿123.5
VITA-C CHEWY รสผลไม้รวม 20ซอง/กล่อง,฿157
VITA-C LITE VITAMIN C 10x100เม็ด(รสส้ม),฿395.5
VITA-C กลิ่นเลม่อน 1000'S(TMAN),฿97
VITA-C กลิ่นเลม่อน 50ซองx30'S/BX(T.MAN),฿196
VITAHAIR ORGANIC SHAMPOO 200ML.,฿152
3M TRANSPORE 1/2นิ้วx5หลาx12ม้วน/แพ็ค,฿201
3M แผ่นซับสิว สีชมพู 12ชิ้น(กลม),฿54.75
AMBES 10MG(AMLOPINE) 10x10'S(GPO),฿97
AMBES 5MG(AMLOPINE) 10x10'S(GPO),฿57
ANTACIL 50x10's (TNP),฿484
AZYCIN 250 MG(AZITHRO) 6'S(GPO),฿70
B-100 COMPLEX (B3-B1-B2-B6)50x1ML(TP.),฿227
BELCID FORTE SUSP 240ML.20ขวด/ลัง,฿34
หน้ากาก NEXT HEALTH 3ชั้น 50'S/BX.(สีชมพู) *P,฿37.5
หน้ากาก NEXT HEALTH 3ชั้น 50'S/BX.(สีดำ) *P,฿37.5
หน้ากาก NEXT HEALTH 3ชั้น 50'S/BX.(สีฟ้า) *P,฿37.5
สำลีม้วน-รถพยาบาล 200G./ม้วน,฿55.5
หน้ากาก NEXT HEALTH N95 30'S(สีขาว),฿87.5
หน้ากากมีวาล์ว N-95 RESCUE GURD 12'S/BX.,฿32.75
หน้ากากอนามัย SOS PLUS 20'S(สีขาว),฿49.75
หน้ากากอนามัย SOS PLUS 20'S(สีฟ้า),฿49.75
อภัยภูเบศรยาอมสมุนไพรผสมมะขามป้อม(สูตร2) 40เม็ด,฿8.75
อีแอล ลูกท้ออบแห้ง ขวดใหญ่(แพ็ค20ขวด),฿18
VITARA BETA-C CREAM 15G.(BETA+CLOTRI),฿39.75
VITARA HEMP SEED OIL ESSENCE CREAM 120G.,฿132.5
VITARA SENSITIVE CLEANSING GEL 100G.,฿160.5
VITARA SILICONE SCAR PLUS SPF 9G.,฿231.5
VITARA SUNSCREEN NANO WHITE SPF50+ 20G.,฿165.5
VIT-D DROP 15ML.(BLHUA),"฿99,999"
VOCIN 500MG.10x10'S(LEVOFLOXACIN),฿782
VYTORIN 10MG./20MG.30'S/BX.(EZET/SIMVAS),"฿1,380.5"
3M TRANSPORE 1/2นิ้วx5หลาx12ม้วน/แพ็ค,฿201
3M แผ่นซับสิว สีชมพู 12ชิ้น(กลม),฿54.75
AMBES 10MG(AMLOPINE) 10x10'S(GPO),฿97
AMBES 5MG(AMLOPINE) 10x10'S(GPO),฿57
ANTACIL 50x10's (TNP),฿484
AZYCIN 250 MG(AZITHRO) 6'S(GPO),฿70
B-100 COMPLEX (B3-B1-B2-B6)50x1ML(TP.),฿227
BELCID FORTE SUSP 240ML.20ขวด/ลัง,฿34
หน้ากาก NEXT HEALTH 3ชั้น 50'S/BX.(สีชมพู) *P,฿37.5
หน้ากาก NEXT HEALTH 3ชั้น 50'S/BX.(สีดำ) *P,฿37.5
หน้ากาก NEXT HEALTH 3ชั้น 50'S/BX.(สีฟ้า) *P,฿37.5
สำลีม้วน-รถพยาบาล 200G./ม้วน,฿55.5
หน้ากาก NEXT HEALTH N95 30'S(สีขาว),฿87.5
หน้ากากมีวาล์ว N-95 RESCUE GURD 12'S/BX.,฿32.75
หน้ากากอนามัย SOS PLUS 20'S(สีขาว),฿49.75
หน้ากากอนามัย SOS PLUS 20'S(สีฟ้า),฿49.75
อภัยภูเบศรยาอมสมุนไพรผสมมะขามป้อม(สูตร2) 40เม็ด,฿8.75
อีแอล ลูกท้ออบแห้ง ขวดใหญ่(แพ็ค20ขวด),฿18
WALLIAS COVID-19&RSV&FLU A/B TEST 1'S(NASAL),฿48
WELLUP ACEROLA CHERRY 1000MG. 30'S,฿280
WELLUP EVER CLEAR SOAP 50G.,฿55
WELLUP MOISTURIZING LOTION EX 200ML.,฿150
WELLUP MOUTH SPRAY EX 15ML.,฿114.5
WONDER DENGUE lgG/lgM-NS1 3in1 1'S(ไข้เลือดออก),฿76
XCELENT-C PLUS 10'S/BX.,฿98.75
XYROCIN-500 50x10'S(CIPROFLOXACIN)PML,฿639.5
3M TRANSPORE 1/2นิ้วx5หลาx12ม้วน/แพ็ค,฿201
3M แผ่นซับสิว สีชมพู 12ชิ้น(กลม),฿54.75
AMBES 10MG(AMLOPINE) 10x10'S(GPO),฿97
AMBES 5MG(AMLOPINE) 10x10'S(GPO),฿57
ANTACIL 50x10's (TNP),฿484
AZYCIN 250 MG(AZITHRO) 6'S(GPO),฿70
B-100 COMPLEX (B3-B1-B2-B6)50x1ML(TP.),฿227
BELCID FORTE SUSP 240ML.20ขวด/ลัง,฿34
หน้ากาก NEXT HEALTH 3ชั้น 50'S/BX.(สีชมพู) *P,฿37.5
หน้ากาก NEXT HEALTH 3ชั้น 50'S/BX.(สีดำ) *P,฿37.5
หน้ากาก NEXT HEALTH 3ชั้น 50'S/BX.(สีฟ้า) *P,฿37.5
สำลีม้วน-รถพยาบาล 200G./ม้วน,฿55.5
หน้ากาก NEXT HEALTH N95 30'S(สีขาว),฿87.5
หน้ากากมีวาล์ว N-95 RESCUE GURD 12'S/BX.,฿32.75
หน้ากากอนามัย SOS PLUS 20'S(สีขาว),฿49.75
หน้ากากอนามัย SOS PLUS 20'S(สีฟ้า),฿49.75
อภัยภูเบศรยาอมสมุนไพรผสมมะขามป้อม(สูตร2) 40เม็ด,฿8.75
อีแอล ลูกท้ออบแห้ง ขวดใหญ่(แพ็ค20ขวด),฿18
ZARIUS 1x10'S(สูตร AERIUS),฿49.75
ZEMAX 250MG.1x6'S(ZITHROMAX)LBS,฿58.75
ZEROTAN(ELETRIPTAN 40MG.) 2'S/BX.(RELPAX),฿121.5
ZETTROL 10x10'S(EZETIMIBE 10MG.)BERLIN,฿764
ZETTROL 3x10'S(EZETIMIBE 10MG.)BERLIN,"฿99,999"
ZEVIN 800MG. 7x5'S/BX.(ACYCOVIR),฿362
ZIMMEX 10MG.100x10'S.(SIMVASTATIN),฿807
ZIMVA 40MG.10x10'S (SIMVASTATIN),฿164
3M TRANSPORE 1/2นิ้วx5หลาx12ม้วน/แพ็ค,฿201
3M แผ่นซับสิว สีชมพู 12ชิ้น(กลม),฿54.75
AMBES 10MG(AMLOPINE) 10x10'S(GPO),฿97
AMBES 5MG(AMLOPINE) 10x10'S(GPO),฿57
ANTACIL 50x10's (TNP),฿484
AZYCIN 250 MG(AZITHRO) 6'S(GPO),฿70
B-100 COMPLEX (B3-B1-B2-B6)50x1ML(TP.),฿227
BELCID FORTE SUSP 240ML.20ขวด/ลัง,฿34
หน้ากาก NEXT HEALTH 3ชั้น 50'S/BX.(สีชมพู) *P,฿37.5
หน้ากาก NEXT HEALTH 3ชั้น 50'S/BX.(สีดำ) *P,฿37.5
หน้ากาก NEXT HEALTH 3ชั้น 50'S/BX.(สีฟ้า) *P,฿37.5
สำลีม้วน-รถพยาบาล 200G./ม้วน,฿55.5
หน้ากาก NEXT HEALTH N95 30'S(สีขาว),฿87.5
หน้ากากมีวาล์ว N-95 RESCUE GURD 12'S/BX.,฿32.75
หน้ากากอนามัย SOS PLUS 20'S(สีขาว),฿49.75
หน้ากากอนามัย SOS PLUS 20'S(สีฟ้า),฿49.75
อภัยภูเบศรยาอมสมุนไพรผสมมะขามป้อม(สูตร2) 40เม็ด,฿8.75
อีแอล ลูกท้ออบแห้ง ขวดใหญ่(แพ็ค20ขวด),฿18
ZINC OXIDE OINTMENT 20G.,฿0
ZINC TABLET 100'S(UTOPINA),฿82.5
Z-NITE PLUS+(ผงดอกคาโมมายด์)1G.x14'S(เม็ดเคี๊ยว),"฿99,999"
Z-XANTHIN 500MG. 30'S(PATAR),฿158
ZYLIN 25MG. 3x10'S(PREGABALIN)PML.,฿113
ZYRPAC 100x10'S/BX.(สูตรZYRTEC),฿319
ZYSTINE 24MG.10x10'S(BETAHISTINE)แคสป้า,฿418
ZYTIZINE SYRUP 60ML.(สูตรZYRTEC)ASIAN,"฿99,999"
3M TRANSPORE 1/2นิ้วx5หลาx12ม้วน/แพ็ค,฿201
3M แผ่นซับสิว สีชมพู 12ชิ้น(กลม),฿54.75
AMBES 10MG(AMLOPINE) 10x10'S(GPO),฿97
AMBES 5MG(AMLOPINE) 10x10'S(GPO),฿57
ANTACIL 50x10's (TNP),฿484
AZYCIN 250 MG(AZITHRO) 6'S(GPO),฿70
B-100 COMPLEX (B3-B1-B2-B6)50x1ML(TP.),฿227
BELCID FORTE SUSP 240ML.20ขวด/ลัง,฿34
หน้ากาก NEXT HEALTH 3ชั้น 50'S/BX.(สีชมพู) *P,฿37.5
หน้ากาก NEXT HEALTH 3ชั้น 50'S/BX.(สีดำ) *P,฿37.5
หน้ากาก NEXT HEALTH 3ชั้น 50'S/BX.(สีฟ้า) *P,฿37.5
สำลีม้วน-รถพยาบาล 200G./ม้วน,฿55.5
หน้ากาก NEXT HEALTH N95 30'S(สีขาว),฿87.5
หน้ากากมีวาล์ว N-95 RESCUE GURD 12'S/BX.,฿32.75
หน้ากากอนามัย SOS PLUS 20'S(สีขาว),฿49.75
หน้ากากอนามัย SOS PLUS 20'S(สีฟ้า),฿49.75
อภัยภูเบศรยาอมสมุนไพรผสมมะขามป้อม(สูตร2) 40เม็ด,฿8.75
อีแอล ลูกท้ออบแห้ง ขวดใหญ่(แพ็ค20ขวด),฿18
เครื่องพ่นละอองยา PROSPER รุ่น PN-102,฿659
เซียงเพียว รีลีฟ ครีม HR 100G.,฿91.75
เซียงเพียวอิ๊ว ลูกกลิ้ง สูตร1 5CC.(แดง),฿33.75
เซียงเพียวอิ๊ว ลูกกลิ้ง สูตร2 5CC.(ขาว),฿33.75
เป๊ปเปอร์มินท์แบล็คอินเฮลเลอร์ ยาดมลูกกลิ้ง(แพ็ค6ล.),฿36.5
เพ็ญภาค ซีซ่า มะขามป้อม วิตามินซี+ไฟเบอร์ 150ML.,฿25.5
เม็ดอมคอมฟีร์ COMFY LOZENGE 1x10x8'S/BX.,฿146.5
เลมอนอบสามรส(เชคส้ม)100กรัม ตราอีเเอล,฿35.75
3M TRANSPORE 1/2นิ้วx5หลาx12ม้วน/แพ็ค,฿201
3M แผ่นซับสิว สีชมพู 12ชิ้น(กลม),฿54.75
AMBES 10MG(AMLOPINE) 10x10'S(GPO),฿97
AMBES 5MG(AMLOPINE) 10x10'S(GPO),฿57
ANTACIL 50x10's (TNP),฿484
AZYCIN 250 MG(AZITHRO) 6'S(GPO),฿70
B-100 COMPLEX (B3-B1-B2-B6)50x1ML(TP.),฿227
BELCID FORTE SUSP 240ML.20ขวด/ลัง,฿34
หน้ากาก NEXT HEALTH 3ชั้น 50'S/BX.(สีชมพู) *P,฿37.5
หน้ากาก NEXT HEALTH 3ชั้น 50'S/BX.(สีดำ) *P,฿37.5
หน้ากาก NEXT HEALTH 3ชั้น 50'S/BX.(สีฟ้า) *P,฿37.5
สำลีม้วน-รถพยาบาล 200G./ม้วน,฿55.5
หน้ากาก NEXT HEALTH N95 30'S(สีขาว),฿87.5
หน้ากากมีวาล์ว N-95 RESCUE GURD 12'S/BX.,฿32.75
หน้ากากอนามัย SOS PLUS 20'S(สีขาว),฿49.75
หน้ากากอนามัย SOS PLUS 20'S(สีฟ้า),฿49.75
อภัยภูเบศรยาอมสมุนไพรผสมมะขามป้อม(สูตร2) 40เม็ด,฿8.75
อีแอล ลูกท้ออบแห้ง ขวดใหญ่(แพ็ค20ขวด),฿18
เอี๊ยะบ่อเช่าผสมว่านชักมดลูกสูตร 2(ผสมไข่มุก)750ซีซี.,฿693
แป้งโยคี 100กรัม (รัศมีวงกลม),฿12.5
แผ่นรองซับ G SURE PLUS 45x70CM.10'S(L)ลัง12,฿62.5
แผ่นรองซับ G SURE PLUS 60x90CM.10'S(XXL)ลัง12,฿78.5
แผ่นรองซับ SANIPAD 45x70CM. 10'S(SIZE L ),฿77
แผ่นรองซับ เฮลท์ อิมแพ็ค ไซซ์ L(45x70CM.),฿76
แผ่นรองซับ ด็อกเตอร์ คลีน 60x90 ซม.10'S/ห่อ,฿63.75
โบตันเฮอร์เบิลดริ๊งก์แคนดี้(กลิ่นชะเอมมิ้นท์)12ซอง/กล่อง,฿154.5
3M TRANSPORE 1/2นิ้วx5หลาx12ม้วน/แพ็ค,฿201
3M แผ่นซับสิว สีชมพู 12ชิ้น(กลม),฿54.75
AMBES 10MG(AMLOPINE) 10x10'S(GPO),฿97
AMBES 5MG(AMLOPINE) 10x10'S(GPO),฿57
ANTACIL 50x10's (TNP),฿484
AZYCIN 250 MG(AZITHRO) 6'S(GPO),฿70
B-100 COMPLEX (B3-B1-B2-B6)50x1ML(TP.),฿227
BELCID FORTE SUSP 240ML.20ขวด/ลัง,฿34
หน้ากาก NEXT HEALTH 3ชั้น 50'S/BX.(สีชมพู) *P,฿37.5
หน้ากาก NEXT HEALTH 3ชั้น 50'S/BX.(สีดำ) *P,฿37.5
หน้ากาก NEXT HEALTH 3ชั้น 50'S/BX.(สีฟ้า) *P,฿37.5
สำลีม้วน-รถพยาบาล 200G./ม้วน,฿55.5
หน้ากาก NEXT HEALTH N95 30'S(สีขาว),฿87.5
หน้ากากมีวาล์ว N-95 RESCUE GURD 12'S/BX.,฿32.75
หน้ากากอนามัย SOS PLUS 20'S(สีขาว),฿49.75
หน้ากากอนามัย SOS PLUS 20'S(สีฟ้า),฿49.75
อภัยภูเบศรยาอมสมุนไพรผสมมะขามป้อม(สูตร2) 40เม็ด,฿8.75
อีแอล ลูกท้ออบแห้ง ขวดใหญ่(แพ็ค20ขวด),฿18
โบตันเฮอร์เบิลดริ๊งก์แคนดี้(กลิ่นน้ำเก็กฮวย)12'S/กล่อง,฿166
ไพลวาน่า สเปยร์ 100ML.,฿195.5
ไฟโตแคร์ ฟ้าทะลายโจร 350กรัม 60'S (GPO.),฿35.5
ไฟโตแคร์ สารสกัดฟ้าทะลายโจร 45'S (GPO.) EXP.01/26,฿135.75
ไม้เท้าก้านร่ม ขาเดียว,฿216
ไม้เท้าขาเดี่ยว HOSPRO รุ่น H-WS9381L,฿378
ไม้เท้าขาเดียว เฮลธ์ อิมแพค รุ่น เอฟวาย920แอล,฿139.75
กระต่ายบิน TOTRAL 30MLx20ซอง/BX,฿527.5
3M TRANSPORE 1/2นิ้วx5หลาx12ม้วน/แพ็ค,฿201
3M แผ่นซับสิว สีชมพู 12ชิ้น(กลม),฿54.75
AMBES 10MG(AMLOPINE) 10x10'S(GPO),฿97
AMBES 5MG(AMLOPINE) 10x10'S(GPO),฿57
ANTACIL 50x10's (TNP),฿484
AZYCIN 250 MG(AZITHRO) 6'S(GPO),฿70
B-100 COMPLEX (B3-B1-B2-B6)50x1ML(TP.),฿227
BELCID FORTE SUSP 240ML.20ขวด/ลัง,฿34
หน้ากาก NEXT HEALTH 3ชั้น 50'S/BX.(สีชมพู) *P,฿37.5
หน้ากาก NEXT HEALTH 3ชั้น 50'S/BX.(สีดำ) *P,฿37.5
หน้ากาก NEXT HEALTH 3ชั้น 50'S/BX.(สีฟ้า) *P,฿37.5
สำลีม้วน-รถพยาบาล 200G./ม้วน,฿55.5
หน้ากาก NEXT HEALTH N95 30'S(สีขาว),฿87.5
หน้ากากมีวาล์ว N-95 RESCUE GURD 12'S/BX.,฿32.75
หน้ากากอนามัย SOS PLUS 20'S(สีขาว),฿49.75
หน้ากากอนามัย SOS PLUS 20'S(สีฟ้า),฿49.75
อภัยภูเบศรยาอมสมุนไพรผสมมะขามป้อม(สูตร2) 40เม็ด,฿8.75
อีแอล ลูกท้ออบแห้ง ขวดใหญ่(แพ็ค20ขวด),฿18
กล้องยานัตถุ์ หมอมี สแตนเลสแท้ 1ชิ้น (มีซอง),"฿99,999"
ขมิ้นชัน แคปซูล 500G. GPO 10X10'S,฿120.25
ขี้ผึ้ง เคพี88 (แก้กลากเกลื้อน) 12ขวด/กล่อง,฿111.5
ขี้ผึ้งตราเก้าเอ 12'S/กล่อง(9A),฿76.5
ครีมบัวบก ตราอภัยภูเบศ 10G.,฿25.5
คิงคอง ยาน้ำมันสูตร 16 ขนาด2ซีซี,฿29.5
จับเลี้ยง ชนิดชง ตราปลาเบ็ด 10กรัมx5'S/กล่อง,฿48
จิน ไท่ กั๋ว เจียว หนัง  2'S/กล่อง,฿63
3M TRANSPORE 1/2นิ้วx5หลาx12ม้วน/แพ็ค,฿201
3M แผ่นซับสิว สีชมพู 12ชิ้น(กลม),฿54.75
AMBES 10MG(AMLOPINE) 10x10'S(GPO),฿97
AMBES 5MG(AMLOPINE) 10x10'S(GPO),฿57
ANTACIL 50x10's (TNP),฿484
AZYCIN 250 MG(AZITHRO) 6'S(GPO),฿70
B-100 COMPLEX (B3-B1-B2-B6)50x1ML(TP.),฿227
BELCID FORTE SUSP 240ML.20ขวด/ลัง,฿34
หน้ากาก NEXT HEALTH 3ชั้น 50'S/BX.(สีชมพู) *P,฿37.5
หน้ากาก NEXT HEALTH 3ชั้น 50'S/BX.(สีดำ) *P,฿37.5
หน้ากาก NEXT HEALTH 3ชั้น 50'S/BX.(สีฟ้า) *P,฿37.5
สำลีม้วน-รถพยาบาล 200G./ม้วน,฿55.5
หน้ากาก NEXT HEALTH N95 30'S(สีขาว),฿87.5
หน้ากากมีวาล์ว N-95 RESCUE GURD 12'S/BX.,฿32.75
หน้ากากอนามัย SOS PLUS 20'S(สีขาว),฿49.75
หน้ากากอนามัย SOS PLUS 20'S(สีฟ้า),฿49.75
อภัยภูเบศรยาอมสมุนไพรผสมมะขามป้อม(สูตร2) 40เม็ด,฿8.75
อีแอล ลูกท้ออบแห้ง ขวดใหญ่(แพ็ค20ขวด),฿18
จิน ไท่ กั๋ว เจียว หนัง 6'S/กล่อง,฿166.5
ชุดตรวจ WONDER 3IN1 NASAL SWAB 1'S/BX.(ส้ม),฿35
ชุดตรวจ WONDER 4IN1 NASAL SWAB 1'S/BX.(ชมพู),฿45
ชุดตรวจ WONDER 5IN1 NASAL SWAB 1'S/BX.(ฟ้า),฿55
ชุดตรวจ WONDER 6IN1 NASAL SWAB 1'S/BX.(ม่วง),฿76
ชุดตรวจWONDER2IN1 NASAL&SALIVA 1'S/BX.(เขียว),฿15.5
ชุดตรวจครรภ์ GICA TEST CASSETTE 1'S(หยด),฿12.5
ชุดตรวจครรภ์ GICA TEST MIDSTREAM 1'S(ปากกา),฿19.5
3M TRANSPORE 1/2นิ้วx5หลาx12ม้วน/แพ็ค,฿201
3M แผ่นซับสิว สีชมพู 12ชิ้น(กลม),฿54.75
AMBES 10MG(AMLOPINE) 10x10'S(GPO),฿97
AMBES 5MG(AMLOPINE) 10x10'S(GPO),฿57
ANTACIL 50x10's (TNP),฿484
AZYCIN 250 MG(AZITHRO) 6'S(GPO),฿70
B-100 COMPLEX (B3-B1-B2-B6)50x1ML(TP.),฿227
BELCID FORTE SUSP 240ML.20ขวด/ลัง,฿34
หน้ากาก NEXT HEALTH 3ชั้น 50'S/BX.(สีชมพู) *P,฿37.5
หน้ากาก NEXT HEALTH 3ชั้น 50'S/BX.(สีดำ) *P,฿37.5
หน้ากาก NEXT HEALTH 3ชั้น 50'S/BX.(สีฟ้า) *P,฿37.5
สำลีม้วน-รถพยาบาล 200G./ม้วน,฿55.5
หน้ากาก NEXT HEALTH N95 30'S(สีขาว),฿87.5
หน้ากากมีวาล์ว N-95 RESCUE GURD 12'S/BX.,฿32.75
หน้ากากอนามัย SOS PLUS 20'S(สีขาว),฿49.75
หน้ากากอนามัย SOS PLUS 20'S(สีฟ้า),฿49.75
อภัยภูเบศรยาอมสมุนไพรผสมมะขามป้อม(สูตร2) 40เม็ด,฿8.75
อีแอล ลูกท้ออบแห้ง ขวดใหญ่(แพ็ค20ขวด),฿18
ชุดตรวจครรภ์ GICA TEST STRIP 1'S(จุ่ม),฿12
ชุดสินค้าสำหรับ FLOOR STAND SOS 40CM.(Setเล็ก),"฿3,120"
ชุดสินค้าสำหรับ FLOOR STAND SOS 60CM.(Setใหญ่),"฿5,180"
ตรวจครรภ์ NANO PREG TEST CASSETTE(ชนิดหยด),฿20.75
ตรวจครรภ์ NANO PREG TEST STRIP (จุ่ม),฿13
ตรวจครรภ์ ORCHID+ TEST ชนิดจุ่ม 1'S(TLM),฿6.5
ตรวจครรภ์ ORCHID+PREGNANCY TEST(ปากกา),฿22.75
ตรวจครรภ์ WISH PREG TEST จุ่ม 2 เทส/BX(GHP),฿16.5
3M TRANSPORE 1/2นิ้วx5หลาx12ม้วน/แพ็ค,฿201
3M แผ่นซับสิว สีชมพู 12ชิ้น(กลม),฿54.75
AMBES 10MG(AMLOPINE) 10x10'S(GPO),฿97
AMBES 5MG(AMLOPINE) 10x10'S(GPO),฿57
ANTACIL 50x10's (TNP),฿484
AZYCIN 250 MG(AZITHRO) 6'S(GPO),฿70
B-100 COMPLEX (B3-B1-B2-B6)50x1ML(TP.),฿227
BELCID FORTE SUSP 240ML.20ขวด/ลัง,฿34
หน้ากาก NEXT HEALTH 3ชั้น 50'S/BX.(สีชมพู) *P,฿37.5
หน้ากาก NEXT HEALTH 3ชั้น 50'S/BX.(สีดำ) *P,฿37.5
หน้ากาก NEXT HEALTH 3ชั้น 50'S/BX.(สีฟ้า) *P,฿37.5
สำลีม้วน-รถพยาบาล 200G./ม้วน,฿55.5
หน้ากาก NEXT HEALTH N95 30'S(สีขาว),฿87.5
หน้ากากมีวาล์ว N-95 RESCUE GURD 12'S/BX.,฿32.75
หน้ากากอนามัย SOS PLUS 20'S(สีขาว),฿49.75
หน้ากากอนามัย SOS PLUS 20'S(สีฟ้า),฿49.75
อภัยภูเบศรยาอมสมุนไพรผสมมะขามป้อม(สูตร2) 40เม็ด,฿8.75
อีแอล ลูกท้ออบแห้ง ขวดใหญ่(แพ็ค20ขวด),฿18
ตรวจครรภ์ WISH PREG TEST ปากกา 2 เทส/BX(GHP),฿36
ตรวจครรภ์WONDER HCG TEST MISTREAM 1'S(ปากกา),฿17.5
ตรวจครรภ์WONDER ONE STEP ชนิดบอกรายสัปดาห์ 1'S,฿72
ตรวจสาร MAG TEST 3IN1(ยาบ้า+กระท่อม+กัญชา) หยด,฿145
ตรวจสารเสพติด MAG TEST 2IN1(ยาบ้า+เคตามีน)หยด,฿75
ถุงมือ FREELOX 100'S/BX.(SIZE L),฿94
ถุงมือ FREELOX 100'S/BX.(SIZE M),฿94
ถุงมือ FREELOX 100'S/BX.(SIZE S),฿94
3M TRANSPORE 1/2นิ้วx5หลาx12ม้วน/แพ็ค,฿201
3M แผ่นซับสิว สีชมพู 12ชิ้น(กลม),฿54.75
AMBES 10MG(AMLOPINE) 10x10'S(GPO),฿97
AMBES 5MG(AMLOPINE) 10x10'S(GPO),฿57
ANTACIL 50x10's (TNP),฿484
AZYCIN 250 MG(AZITHRO) 6'S(GPO),฿70
B-100 COMPLEX (B3-B1-B2-B6)50x1ML(TP.),฿227
BELCID FORTE SUSP 240ML.20ขวด/ลัง,฿34
หน้ากาก NEXT HEALTH 3ชั้น 50'S/BX.(สีชมพู) *P,฿37.5
หน้ากาก NEXT HEALTH 3ชั้น 50'S/BX.(สีดำ) *P,฿37.5
หน้ากาก NEXT HEALTH 3ชั้น 50'S/BX.(สีฟ้า) *P,฿37.5
สำลีม้วน-รถพยาบาล 200G./ม้วน,฿55.5
หน้ากาก NEXT HEALTH N95 30'S(สีขาว),฿87.5
หน้ากากมีวาล์ว N-95 RESCUE GURD 12'S/BX.,฿32.75
หน้ากากอนามัย SOS PLUS 20'S(สีขาว),฿49.75
หน้ากากอนามัย SOS PLUS 20'S(สีฟ้า),฿49.75
อภัยภูเบศรยาอมสมุนไพรผสมมะขามป้อม(สูตร2) 40เม็ด,฿8.75
อีแอล ลูกท้ออบแห้ง ขวดใหญ่(แพ็ค20ขวด),฿18
ถุงมือไนไตรล์ไม่มีแป้ง MASTER GLOVE 100'S สีฟ้า(L),฿148
ถุงมือไม่มีเเป้ง PRO CLEAN ไซซ์ L 100'S (สีดำ),฿94
ถุงมือไม่มีแป้ง PRO CLEAN ไซซ์ M 100'S (สีดำ),฿92
ถุงยาง DUMONT BASIC 49MM. 3'S,฿4.5
ทองทรงไทย เลมอนกลาสมาสสาจ ออยล์ 20ซีซี,"฿99,999"
ทองทรงไทย ยาหม่องไพร 18 30G.,฿37.75
น้ำยาบ้วนปาก MYBACIN ฟ้าทะลายโจร 500ML.,฿81
นิวเจริญ พารา 500MG.10x10'S( PARACETAMOL ),฿69.75
3M TRANSPORE 1/2นิ้วx5หลาx12ม้วน/แพ็ค,฿201
3M แผ่นซับสิว สีชมพู 12ชิ้น(กลม),฿54.75
AMBES 10MG(AMLOPINE) 10x10'S(GPO),฿97
AMBES 5MG(AMLOPINE) 10x10'S(GPO),฿57
ANTACIL 50x10's (TNP),฿484
AZYCIN 250 MG(AZITHRO) 6'S(GPO),฿70
B-100 COMPLEX (B3-B1-B2-B6)50x1ML(TP.),฿227
BELCID FORTE SUSP 240ML.20ขวด/ลัง,฿34
หน้ากาก NEXT HEALTH 3ชั้น 50'S/BX.(สีชมพู) *P,฿37.5
หน้ากาก NEXT HEALTH 3ชั้น 50'S/BX.(สีดำ) *P,฿37.5
หน้ากาก NEXT HEALTH 3ชั้น 50'S/BX.(สีฟ้า) *P,฿37.5
สำลีม้วน-รถพยาบาล 200G./ม้วน,฿55.5
หน้ากาก NEXT HEALTH N95 30'S(สีขาว),฿87.5
หน้ากากมีวาล์ว N-95 RESCUE GURD 12'S/BX.,฿32.75
หน้ากากอนามัย SOS PLUS 20'S(สีขาว),฿49.75
หน้ากากอนามัย SOS PLUS 20'S(สีฟ้า),฿49.75
อภัยภูเบศรยาอมสมุนไพรผสมมะขามป้อม(สูตร2) 40เม็ด,฿8.75
อีแอล ลูกท้ออบแห้ง ขวดใหญ่(แพ็ค20ขวด),฿18
บ๊วยสดแช่อิ่ม 100กรัม ตราอีเเอล,฿35.75
ผงขิงพลัส 6'S/กล่อง,"฿99,999"
ผลไม้รวมสามรส 80กรัม ตราอีแอล,฿35.75
พิมเสนน้ำ ตรา หลวงสิทธิ์ 5ML.,฿16.75
พิมเสนน้ำ มีเฮิร์บ 7กรัม x 12ขวด/แพ็ค,"฿99,999"
พิมเสนน้ำ มีเฮิร์บ 7กรัมx6ขวด/แพ็ค,"฿99,999"
ฟ้าทะลายโจร ตรา ธงทอง 10x10'S/BX.,฿89.75
มะขามแขกสกัด เซนน่า 7.5MG. 1x20'S(ตราธงทอง),฿19.75
3M TRANSPORE 1/2นิ้วx5หลาx12ม้วน/แพ็ค,฿201
3M แผ่นซับสิว สีชมพู 12ชิ้น(กลม),฿54.75
AMBES 10MG(AMLOPINE) 10x10'S(GPO),฿97
AMBES 5MG(AMLOPINE) 10x10'S(GPO),฿57
ANTACIL 50x10's (TNP),฿484
AZYCIN 250 MG(AZITHRO) 6'S(GPO),฿70
B-100 COMPLEX (B3-B1-B2-B6)50x1ML(TP.),฿227
BELCID FORTE SUSP 240ML.20ขวด/ลัง,฿34
หน้ากาก NEXT HEALTH 3ชั้น 50'S/BX.(สีชมพู) *P,฿37.5
หน้ากาก NEXT HEALTH 3ชั้น 50'S/BX.(สีดำ) *P,฿37.5
หน้ากาก NEXT HEALTH 3ชั้น 50'S/BX.(สีฟ้า) *P,฿37.5
สำลีม้วน-รถพยาบาล 200G./ม้วน,฿55.5
หน้ากาก NEXT HEALTH N95 30'S(สีขาว),฿87.5
หน้ากากมีวาล์ว N-95 RESCUE GURD 12'S/BX.,฿32.75
หน้ากากอนามัย SOS PLUS 20'S(สีขาว),฿49.75
หน้ากากอนามัย SOS PLUS 20'S(สีฟ้า),฿49.75
อภัยภูเบศรยาอมสมุนไพรผสมมะขามป้อม(สูตร2) 40เม็ด,฿8.75
อีแอล ลูกท้ออบแห้ง ขวดใหญ่(แพ็ค20ขวด),฿18
มะนาว(เชคขิง)100กรัม ตราอีเเอล,฿35.75
มะระขี้นก แคปซูล 45'S/ขวด(KMP),฿41.5
มิกซ์มะเขือเทศ+องุ่น 70กรัม ตราอีเเอล,฿35.75
ยาเขียวชนิดเม็ด ตราใบห่อ 50แผงx16'S/BX.,฿257.5
ยาแก้ไอตราขันตี 100ML.,฿29.5
ยาแก้ไอตะขาบ5ตัว - ซอง รสบ๊วย 3กรัม,฿13
ยาแก้ไอตะขาบ5ตัว - ซองรสตะไคร้ 3กรัม,฿13
ยาแก้ไอตะขาบ5ตัว - ซองรสมิ้นท์ 3กรัม,฿13
3M TRANSPORE 1/2นิ้วx5หลาx12ม้วน/แพ็ค,฿201
3M แผ่นซับสิว สีชมพู 12ชิ้น(กลม),฿54.75
AMBES 10MG(AMLOPINE) 10x10'S(GPO),฿97
AMBES 5MG(AMLOPINE) 10x10'S(GPO),฿57
ANTACIL 50x10's (TNP),฿484
AZYCIN 250 MG(AZITHRO) 6'S(GPO),฿70
B-100 COMPLEX (B3-B1-B2-B6)50x1ML(TP.),฿227
BELCID FORTE SUSP 240ML.20ขวด/ลัง,฿34
หน้ากาก NEXT HEALTH 3ชั้น 50'S/BX.(สีชมพู) *P,฿37.5
หน้ากาก NEXT HEALTH 3ชั้น 50'S/BX.(สีดำ) *P,฿37.5
หน้ากาก NEXT HEALTH 3ชั้น 50'S/BX.(สีฟ้า) *P,฿37.5
สำลีม้วน-รถพยาบาล 200G./ม้วน,฿55.5
หน้ากาก NEXT HEALTH N95 30'S(สีขาว),฿87.5
หน้ากากมีวาล์ว N-95 RESCUE GURD 12'S/BX.,฿32.75
หน้ากากอนามัย SOS PLUS 20'S(สีขาว),฿49.75
หน้ากากอนามัย SOS PLUS 20'S(สีฟ้า),฿49.75
อภัยภูเบศรยาอมสมุนไพรผสมมะขามป้อม(สูตร2) 40เม็ด,฿8.75
อีแอล ลูกท้ออบแห้ง ขวดใหญ่(แพ็ค20ขวด),฿18
ยาแก้ไอผสมฟ้าทะลายโจร ตราการบูร 60ML.,฿28
ยาแก้ไอผสมมะขามป้อมคิดส์ ตราไทรทอง 60ML.,"฿99,999"
ยาแก้ไอมะขามป้อม ตรา เคเอ็มพี 120ML.,฿29.5
ยาแก้ไอมะขามป้อม ตราวังหลัง 60ML.,฿17.75
ยาแคปซูลสารสกัดฟ้าทะลายโจร 30'S/ขวด ขาวละออ,฿74
ยากราเซีย ทู ระบาย ถ่ายท้องผูก(YA GRAZIA II) 30'S,"฿99,999"
ยาครีมบรรเทาปวดเมื่อย ตรามวย 5G.x12'S/BX.,฿75
ยาคุม DERAREZ 21'S (สูตรYASMIN),฿236.5
3M TRANSPORE 1/2นิ้วx5หลาx12ม้วน/แพ็ค,฿201
3M แผ่นซับสิว สีชมพู 12ชิ้น(กลม),฿54.75
AMBES 10MG(AMLOPINE) 10x10'S(GPO),฿97
AMBES 5MG(AMLOPINE) 10x10'S(GPO),฿57
ANTACIL 50x10's (TNP),฿484
AZYCIN 250 MG(AZITHRO) 6'S(GPO),฿70
B-100 COMPLEX (B3-B1-B2-B6)50x1ML(TP.),฿227
BELCID FORTE SUSP 240ML.20ขวด/ลัง,฿34
หน้ากาก NEXT HEALTH 3ชั้น 50'S/BX.(สีชมพู) *P,฿37.5
หน้ากาก NEXT HEALTH 3ชั้น 50'S/BX.(สีดำ) *P,฿37.5
หน้ากาก NEXT HEALTH 3ชั้น 50'S/BX.(สีฟ้า) *P,฿37.5
สำลีม้วน-รถพยาบาล 200G./ม้วน,฿55.5
หน้ากาก NEXT HEALTH N95 30'S(สีขาว),฿87.5
หน้ากากมีวาล์ว N-95 RESCUE GURD 12'S/BX.,฿32.75
หน้ากากอนามัย SOS PLUS 20'S(สีขาว),฿49.75
หน้ากากอนามัย SOS PLUS 20'S(สีฟ้า),฿49.75
อภัยภูเบศรยาอมสมุนไพรผสมมะขามป้อม(สูตร2) 40เม็ด,฿8.75
อีแอล ลูกท้ออบแห้ง ขวดใหญ่(แพ็ค20ขวด),฿18
ยาคุม GVEZA  21'S (สูตร YASMIN),฿194
ยาคุม NEXTSTELLIS 3MG./15MG.28'S(OLIC),฿460
ยาคุม ZARINE 28'S (สูตรANNA)แพ็ค10,฿15.5
ยาดม ตรา แทนใจ กลิ่นยูคาลิปตัส แบบบรีสแผง(คละสี),฿23.5
ยาดม ตรา แทนใจ กลิ่นยูคาลิปตัส รุ่น BOOSTER(คละสี),฿29
ยาดม ตรามินซ์ (MINZZ),฿23.75
ยาดม ตรามินซ์ (MINZZ)กลิ่นกาแฟ,฿24.5
ยาดมตรา ไผ่คู่ ทูเวย์ (Two-way) 2กรัม,฿12.5
3M TRANSPORE 1/2นิ้วx5หลาx12ม้วน/แพ็ค,฿201
3M แผ่นซับสิว สีชมพู 12ชิ้น(กลม),฿54.75
AMBES 10MG(AMLOPINE) 10x10'S(GPO),฿97
AMBES 5MG(AMLOPINE) 10x10'S(GPO),฿57
ANTACIL 50x10's (TNP),฿484
AZYCIN 250 MG(AZITHRO) 6'S(GPO),฿70
B-100 COMPLEX (B3-B1-B2-B6)50x1ML(TP.),฿227
BELCID FORTE SUSP 240ML.20ขวด/ลัง,฿34
หน้ากาก NEXT HEALTH 3ชั้น 50'S/BX.(สีชมพู) *P,฿37.5
หน้ากาก NEXT HEALTH 3ชั้น 50'S/BX.(สีดำ) *P,฿37.5
หน้ากาก NEXT HEALTH 3ชั้น 50'S/BX.(สีฟ้า) *P,฿37.5
สำลีม้วน-รถพยาบาล 200G./ม้วน,฿55.5
หน้ากาก NEXT HEALTH N95 30'S(สีขาว),฿87.5
หน้ากากมีวาล์ว N-95 RESCUE GURD 12'S/BX.,฿32.75
หน้ากากอนามัย SOS PLUS 20'S(สีขาว),฿49.75
หน้ากากอนามัย SOS PLUS 20'S(สีฟ้า),฿49.75
อภัยภูเบศรยาอมสมุนไพรผสมมะขามป้อม(สูตร2) 40เม็ด,฿8.75
อีแอล ลูกท้ออบแห้ง ขวดใหญ่(แพ็ค20ขวด),฿18
ยาดมตราตะขาบ 5 ตัว 2G.x12หลอด/กล่อง,฿200.5
ยาดมน้ำ มีเฮิร์บ 4ML.x6'S/แพ็ค(หัวลูกกลิ้ง),฿28.75
ยาดมน้ำมีเฮิร์บ 10ML.,฿66.5
ยาดมพิมเสนน้ำ ตราหงส์ไทย ขนาด8ซีซี(ขาว),฿32
ยาดมสมุนไพร ตรา เฮงเฮง 5กรัม (จอมทอง),฿24.5
ยาดมสมุนไพร ตราแสงทอง 5กรัม/กระปุก,฿32
ยาดมสมุนไพร ตราช้าง ขนาด 4 กรัม/กระปุก,฿23.5
ยาดมสมุนไพร ตราวังว่าน 8กรัม,฿26.75
3M TRANSPORE 1/2นิ้วx5หลาx12ม้วน/แพ็ค,฿201
3M แผ่นซับสิว สีชมพู 12ชิ้น(กลม),฿54.75
AMBES 10MG(AMLOPINE) 10x10'S(GPO),฿97
AMBES 5MG(AMLOPINE) 10x10'S(GPO),฿57
ANTACIL 50x10's (TNP),฿484
AZYCIN 250 MG(AZITHRO) 6'S(GPO),฿70
B-100 COMPLEX (B3-B1-B2-B6)50x1ML(TP.),฿227
BELCID FORTE SUSP 240ML.20ขวด/ลัง,฿34
หน้ากาก NEXT HEALTH 3ชั้น 50'S/BX.(สีชมพู) *P,฿37.5
หน้ากาก NEXT HEALTH 3ชั้น 50'S/BX.(สีดำ) *P,฿37.5
หน้ากาก NEXT HEALTH 3ชั้น 50'S/BX.(สีฟ้า) *P,฿37.5
สำลีม้วน-รถพยาบาล 200G./ม้วน,฿55.5
หน้ากาก NEXT HEALTH N95 30'S(สีขาว),฿87.5
หน้ากากมีวาล์ว N-95 RESCUE GURD 12'S/BX.,฿32.75
หน้ากากอนามัย SOS PLUS 20'S(สีขาว),฿49.75
หน้ากากอนามัย SOS PLUS 20'S(สีฟ้า),฿49.75
อภัยภูเบศรยาอมสมุนไพรผสมมะขามป้อม(สูตร2) 40เม็ด,฿8.75
อีแอล ลูกท้ออบแห้ง ขวดใหญ่(แพ็ค20ขวด),฿18
ยาดมสมุนไพร สูตร 2 ตราหงส์ไทย 5กรัม(เล็ก),฿28.5
ยาดมสมุนไพรเป๊ปเปอร์มินท์ ฟิลด์ แบล็คเฮอร์เบิล 6กรัม,฿35.5
ยาดมสมุนไพรตรา เฌอเอม 5กรัม/กระปุก,฿31
ยาดมสมุนไพรตรา ทองไทเกอร์ /ขวด,฿25.75
ยาดมสมุนไพรตราหงส์ไทย 5กรัม(กระปุกเหลือง),฿32
ยาดมสมุนไพรตราหงส์ไทย สูตร1 8ซีซี.(กระปุกเขียว),฿32.5
ยาธาตุ๔-กิเลน เล็ก 60CC.,฿15
ยาธาตุน้ำขาว ไบโอขาว 240ML.(BIOLAB),฿32
3M TRANSPORE 1/2นิ้วx5หลาx12ม้วน/แพ็ค,฿201
3M แผ่นซับสิว สีชมพู 12ชิ้น(กลม),฿54.75
AMBES 10MG(AMLOPINE) 10x10'S(GPO),฿97
AMBES 5MG(AMLOPINE) 10x10'S(GPO),฿57
ANTACIL 50x10's (TNP),฿484
AZYCIN 250 MG(AZITHRO) 6'S(GPO),฿70
B-100 COMPLEX (B3-B1-B2-B6)50x1ML(TP.),฿227
BELCID FORTE SUSP 240ML.20ขวด/ลัง,฿34
หน้ากาก NEXT HEALTH 3ชั้น 50'S/BX.(สีชมพู) *P,฿37.5
หน้ากาก NEXT HEALTH 3ชั้น 50'S/BX.(สีดำ) *P,฿37.5
หน้ากาก NEXT HEALTH 3ชั้น 50'S/BX.(สีฟ้า) *P,฿37.5
สำลีม้วน-รถพยาบาล 200G./ม้วน,฿55.5
หน้ากาก NEXT HEALTH N95 30'S(สีขาว),฿87.5
หน้ากากมีวาล์ว N-95 RESCUE GURD 12'S/BX.,฿32.75
หน้ากากอนามัย SOS PLUS 20'S(สีขาว),฿49.75
หน้ากากอนามัย SOS PLUS 20'S(สีฟ้า),฿49.75
อภัยภูเบศรยาอมสมุนไพรผสมมะขามป้อม(สูตร2) 40เม็ด,฿8.75
อีแอล ลูกท้ออบแห้ง ขวดใหญ่(แพ็ค20ขวด),฿18
ยาธาตุน้ำขาวตรา ห่านคู่ 49 200ML.,฿40.25
ยาธาตุผสมอบเชย ตรา ซินน่า 60ML.(มีกล่อง),฿15.5
ยาธาตุผสมอบเชย ตรา ซินน่า 60ML.ขวดเปลือยEXP.04/26,"฿99,999"
ยาน้ำแก้ไอ คอร์ไรคอฟ 120ML.(KMP),฿21
ยาน้ำแก้ไอเด็ก ตรา การบูร กลิ่นน้ำผึ้งมานูก้า 60ML.,"฿99,999"
ยาน้ำมันตราวังว่าน 30ซีซี.,฿80.5
ยาน้ำมันสมุนไพร ทองทรงไทย 8ซีซี,฿30
ยาน้ำสมุนไพรแก้ไอ หมอมี  60ซีซี.,฿23.5
3M TRANSPORE 1/2นิ้วx5หลาx12ม้วน/แพ็ค,฿201
3M แผ่นซับสิว สีชมพู 12ชิ้น(กลม),฿54.75
AMBES 10MG(AMLOPINE) 10x10'S(GPO),฿97
AMBES 5MG(AMLOPINE) 10x10'S(GPO),฿57
ANTACIL 50x10's (TNP),฿484
AZYCIN 250 MG(AZITHRO) 6'S(GPO),฿70
B-100 COMPLEX (B3-B1-B2-B6)50x1ML(TP.),฿227
BELCID FORTE SUSP 240ML.20ขวด/ลัง,฿34
หน้ากาก NEXT HEALTH 3ชั้น 50'S/BX.(สีชมพู) *P,฿37.5
หน้ากาก NEXT HEALTH 3ชั้น 50'S/BX.(สีดำ) *P,฿37.5
หน้ากาก NEXT HEALTH 3ชั้น 50'S/BX.(สีฟ้า) *P,฿37.5
สำลีม้วน-รถพยาบาล 200G./ม้วน,฿55.5
หน้ากาก NEXT HEALTH N95 30'S(สีขาว),฿87.5
หน้ากากมีวาล์ว N-95 RESCUE GURD 12'S/BX.,฿32.75
หน้ากากอนามัย SOS PLUS 20'S(สีขาว),฿49.75
หน้ากากอนามัย SOS PLUS 20'S(สีฟ้า),฿49.75
อภัยภูเบศรยาอมสมุนไพรผสมมะขามป้อม(สูตร2) 40เม็ด,฿8.75
อีแอล ลูกท้ออบแห้ง ขวดใหญ่(แพ็ค20ขวด),฿18
ยาประสะมะแว้ง ตราธงทอง 20'S/BX.,฿99.75
ยาพิมเสนน้ำ ตราวังว่าน 8ML.,฿25.75
ยาริดสีดวงปลามังกรชนิดแคปซูล 30'S,฿257.5
ยาสตรีสมุนไพร มาดาม มาดาม แคปซูลไซซี 60'S,฿735
ยาหม่อง ทองไทเกอร์ 50G.x4ขวด/แพ็ค,฿309
ยาหม่องเหลือง เซียงเพียว 40G./ขวด(แดง),฿73.5
ยาหม่องเอ็นยึด ตราแม่กุหลาบ5G.,฿13.5
ยาหม่องแท่ง เป๊ปเปอร์มินท์ ฟิลด์ กลิ่นชาเขียว 6กรัม,฿40
3M TRANSPORE 1/2นิ้วx5หลาx12ม้วน/แพ็ค,฿201
3M แผ่นซับสิว สีชมพู 12ชิ้น(กลม),฿54.75
AMBES 10MG(AMLOPINE) 10x10'S(GPO),฿97
AMBES 5MG(AMLOPINE) 10x10'S(GPO),฿57
ANTACIL 50x10's (TNP),฿484
AZYCIN 250 MG(AZITHRO) 6'S(GPO),฿70
B-100 COMPLEX (B3-B1-B2-B6)50x1ML(TP.),฿227
BELCID FORTE SUSP 240ML.20ขวด/ลัง,฿34
หน้ากาก NEXT HEALTH 3ชั้น 50'S/BX.(สีชมพู) *P,฿37.5
หน้ากาก NEXT HEALTH 3ชั้น 50'S/BX.(สีดำ) *P,฿37.5
หน้ากาก NEXT HEALTH 3ชั้น 50'S/BX.(สีฟ้า) *P,฿37.5
สำลีม้วน-รถพยาบาล 200G./ม้วน,฿55.5
หน้ากาก NEXT HEALTH N95 30'S(สีขาว),฿87.5
หน้ากากมีวาล์ว N-95 RESCUE GURD 12'S/BX.,฿32.75
หน้ากากอนามัย SOS PLUS 20'S(สีขาว),฿49.75
หน้ากากอนามัย SOS PLUS 20'S(สีฟ้า),฿49.75
อภัยภูเบศรยาอมสมุนไพรผสมมะขามป้อม(สูตร2) 40เม็ด,฿8.75
อีแอล ลูกท้ออบแห้ง ขวดใหญ่(แพ็ค20ขวด),฿18
ยาหม่องกลิ่นตะไคร้ ตราแม่กุหลาบ 5G.,฿13.5
ยาหม่องขมิ้น ตราห้าม้า 5G.,฿13.5
ยาหม่องขาว เซียงเพียว 40G./ขวด(ขาว),฿73.5
ยาหม่องตรา วังว่าน 8G.,฿25.5
ยาหม่องตรางาดำ แม่กุหลาบ5G.,฿13.5
ยาหม่องตราถ้วยทอง 2493 ชนิดแท่ง 5กรัม,฿25
ยาหม่องน้ำ ตราตะขาบ 5 ตัว 22ML.,฿72.25
ยาหม่องพิมเสน ตราห้าม้า 5กรัม,฿13.5
3M TRANSPORE 1/2นิ้วx5หลาx12ม้วน/แพ็ค,฿201
3M แผ่นซับสิว สีชมพู 12ชิ้น(กลม),฿54.75
AMBES 10MG(AMLOPINE) 10x10'S(GPO),฿97
AMBES 5MG(AMLOPINE) 10x10'S(GPO),฿57
ANTACIL 50x10's (TNP),฿484
AZYCIN 250 MG(AZITHRO) 6'S(GPO),฿70
B-100 COMPLEX (B3-B1-B2-B6)50x1ML(TP.),฿227
BELCID FORTE SUSP 240ML.20ขวด/ลัง,฿34
หน้ากาก NEXT HEALTH 3ชั้น 50'S/BX.(สีชมพู) *P,฿37.5
หน้ากาก NEXT HEALTH 3ชั้น 50'S/BX.(สีดำ) *P,฿37.5
หน้ากาก NEXT HEALTH 3ชั้น 50'S/BX.(สีฟ้า) *P,฿37.5
สำลีม้วน-รถพยาบาล 200G./ม้วน,฿55.5
หน้ากาก NEXT HEALTH N95 30'S(สีขาว),฿87.5
หน้ากากมีวาล์ว N-95 RESCUE GURD 12'S/BX.,฿32.75
หน้ากากอนามัย SOS PLUS 20'S(สีขาว),฿49.75
หน้ากากอนามัย SOS PLUS 20'S(สีฟ้า),฿49.75
อภัยภูเบศรยาอมสมุนไพรผสมมะขามป้อม(สูตร2) 40เม็ด,฿8.75
อีแอล ลูกท้ออบแห้ง ขวดใหญ่(แพ็ค20ขวด),฿18
ยาอมแก้ไอ สมุนไร ตราเฮงเฮง 12ซอง/กล่อง,฿11.75
ยาอมแก้ไอไอยรา ไลท์  15ซองx8'S/กล่อง,฿463.5
ยาอมผสมกิกเก้ ตราไทรทอง 10x5x4เม็ด/BX.,฿195.75
ยูอีคอฟ เฮอร์เบิล เม้าท์ สเปรย์ 15ML.,฿77.5
ยูอีคอฟมะขามป้อมผสมพรอพโพลิส&คาโมมายล์16'S/BX.,฿37.5
ลูกอมเนียมฉื่ออำ รสบ๊วยยูมิ 20G.x24'S/BX.,฿556
ลูกอมเนียมฉื่ออำ รสส้ม-มะนาว 20G.x24'S/BX.,฿556
ลูกอมสมุนไพร I-HERB SUGAR FREE 12x8'S/BX.,฿204
3M TRANSPORE 1/2นิ้วx5หลาx12ม้วน/แพ็ค,฿201
3M แผ่นซับสิว สีชมพู 12ชิ้น(กลม),฿54.75
AMBES 10MG(AMLOPINE) 10x10'S(GPO),฿97
AMBES 5MG(AMLOPINE) 10x10'S(GPO),฿57
ANTACIL 50x10's (TNP),฿484
AZYCIN 250 MG(AZITHRO) 6'S(GPO),฿70
B-100 COMPLEX (B3-B1-B2-B6)50x1ML(TP.),฿227
BELCID FORTE SUSP 240ML.20ขวด/ลัง,฿34
หน้ากาก NEXT HEALTH 3ชั้น 50'S/BX.(สีชมพู) *P,฿37.5
หน้ากาก NEXT HEALTH 3ชั้น 50'S/BX.(สีดำ) *P,฿37.5
หน้ากาก NEXT HEALTH 3ชั้น 50'S/BX.(สีฟ้า) *P,฿37.5
สำลีม้วน-รถพยาบาล 200G./ม้วน,฿55.5
หน้ากาก NEXT HEALTH N95 30'S(สีขาว),฿87.5
หน้ากากมีวาล์ว N-95 RESCUE GURD 12'S/BX.,฿32.75
หน้ากากอนามัย SOS PLUS 20'S(สีขาว),฿49.75
หน้ากากอนามัย SOS PLUS 20'S(สีฟ้า),฿49.75
อภัยภูเบศรยาอมสมุนไพรผสมมะขามป้อม(สูตร2) 40เม็ด,฿8.75
อีแอล ลูกท้ออบแห้ง ขวดใหญ่(แพ็ค20ขวด),฿18
สเปยร์แก้ไอ ตราตะขาบ 5 ตัว 10ML(เล็ก),฿55
สเปรย์สมุนไพร ตราบีเอช 100ML.,฿92.5
สเปรย์สมุนไพร ตราบีเอช 30ML.,฿39.5
สบู่ DETTOL รีเฟรสชิ่ง ชิตรัส 60กรัม,฿15
สมอเเช่อิ่ม(อบชะเอม) 80กรัม ตราอีแอล,฿35.75
สายสวนปัสสาวะ ชนิดมีบอลลูน2ทาง ขนาด 14FR 30ML.,฿19.5
สายสวนปัสสาวะ ชนิดมีบอลลูน2ทาง ขนาด 16FR 30ML.,฿19.5
สายสวนปัสสาวะ ชนิดมีบอลลูน2ทาง ขนาด 18FR 30ML.,฿19.5
3M TRANSPORE 1/2นิ้วx5หลาx12ม้วน/แพ็ค,฿201
3M แผ่นซับสิว สีชมพู 12ชิ้น(กลม),฿54.75
AMBES 10MG(AMLOPINE) 10x10'S(GPO),฿97
AMBES 5MG(AMLOPINE) 10x10'S(GPO),฿57
ANTACIL 50x10's (TNP),฿484
AZYCIN 250 MG(AZITHRO) 6'S(GPO),฿70
B-100 COMPLEX (B3-B1-B2-B6)50x1ML(TP.),฿227
BELCID FORTE SUSP 240ML.20ขวด/ลัง,฿34
หน้ากาก NEXT HEALTH 3ชั้น 50'S/BX.(สีชมพู) *P,฿37.5
หน้ากาก NEXT HEALTH 3ชั้น 50'S/BX.(สีดำ) *P,฿37.5
หน้ากาก NEXT HEALTH 3ชั้น 50'S/BX.(สีฟ้า) *P,฿37.5
สำลีม้วน-รถพยาบาล 200G./ม้วน,฿55.5
หน้ากาก NEXT HEALTH N95 30'S(สีขาว),฿87.5
หน้ากากมีวาล์ว N-95 RESCUE GURD 12'S/BX.,฿32.75
หน้ากากอนามัย SOS PLUS 20'S(สีขาว),฿49.75
หน้ากากอนามัย SOS PLUS 20'S(สีฟ้า),฿49.75
อภัยภูเบศรยาอมสมุนไพรผสมมะขามป้อม(สูตร2) 40เม็ด,฿8.75
อีแอล ลูกท้ออบแห้ง ขวดใหญ่(แพ็ค20ขวด),฿18
หงส์ไทยยาดมพิมเสน 3ซีซี(หลอด)แพ็คโหล,฿20.5
หน้ากาก C MEDMASK 30'S (สีขาว),฿74
หน้ากาก KLEAN MASK 3PLY 3'S(สีเขียว),฿4.75
หน้ากาก KLEANMASK FISH MASK 4PLY 25'S/BX.(ดำ),฿44.5
หน้ากาก NEXT HEALTH 3ชั้น 50'S/BX.(สีดำ) *P,฿37.5
หน้ากากเด็ก G LUCKY 3D 40'S(ขาว),฿67
หน้ากากเด็ก G LUCKY 3D 40'S(สีชมพู),฿67
หน้ากากเด็ก G LUCKY 3D 5ชิ้น/ซอง(สีขาว),฿10.5
3M TRANSPORE 1/2นิ้วx5หลาx12ม้วน/แพ็ค,฿201
3M แผ่นซับสิว สีชมพู 12ชิ้น(กลม),฿54.75
AMBES 10MG(AMLOPINE) 10x10'S(GPO),฿97
AMBES 5MG(AMLOPINE) 10x10'S(GPO),฿57
ANTACIL 50x10's (TNP),฿484
AZYCIN 250 MG(AZITHRO) 6'S(GPO),฿70
B-100 COMPLEX (B3-B1-B2-B6)50x1ML(TP.),฿227
BELCID FORTE SUSP 240ML.20ขวด/ลัง,฿34
หน้ากาก NEXT HEALTH 3ชั้น 50'S/BX.(สีชมพู) *P,฿37.5
หน้ากาก NEXT HEALTH 3ชั้น 50'S/BX.(สีดำ) *P,฿37.5
หน้ากาก NEXT HEALTH 3ชั้น 50'S/BX.(สีฟ้า) *P,฿37.5
สำลีม้วน-รถพยาบาล 200G./ม้วน,฿55.5
หน้ากาก NEXT HEALTH N95 30'S(สีขาว),฿87.5
หน้ากากมีวาล์ว N-95 RESCUE GURD 12'S/BX.,฿32.75
หน้ากากอนามัย SOS PLUS 20'S(สีขาว),฿49.75
หน้ากากอนามัย SOS PLUS 20'S(สีฟ้า),฿49.75
อภัยภูเบศรยาอมสมุนไพรผสมมะขามป้อม(สูตร2) 40เม็ด,฿8.75
อีแอล ลูกท้ออบแห้ง ขวดใหญ่(แพ็ค20ขวด),฿18
หน้ากากเด็ก G LUCKY 3D 5ชิ้น/ซอง(สีชมพู),฿10.5
หน้ากากเด็ก KLEAN MASK 3PLY 50'S(สีฟ้า),฿35
หน้ากากเด็ก KN95 MAG D CARE 2'S(ลายการ์ตูน),"฿99,999"
หน้ากากผู้ใหญ่ G LUCKY 3D 40'S(สีขาว),฿67
หน้ากากผู้ใหญ่ G LUCKY 3D 40'S(สีดำ),฿67
หน้ากากผู้ใหญ่ G LUCKY 3D 5'S(สีพีช),฿10.25
หน้ากากผู้ใหญ่ G LUCKY 3D 5ชิ้น/ซอง(สีขาว),฿10.5
หน้ากากผู้ใหญ่ G LUCKY 3D 5ชิ้น/ซอง(สีดำ),฿10.5
3M TRANSPORE 1/2นิ้วx5หลาx12ม้วน/แพ็ค,฿201
3M แผ่นซับสิว สีชมพู 12ชิ้น(กลม),฿54.75
AMBES 10MG(AMLOPINE) 10x10'S(GPO),฿97
AMBES 5MG(AMLOPINE) 10x10'S(GPO),฿57
ANTACIL 50x10's (TNP),฿484
AZYCIN 250 MG(AZITHRO) 6'S(GPO),฿70
B-100 COMPLEX (B3-B1-B2-B6)50x1ML(TP.),฿227
BELCID FORTE SUSP 240ML.20ขวด/ลัง,฿34
หน้ากาก NEXT HEALTH 3ชั้น 50'S/BX.(สีชมพู) *P,฿37.5
หน้ากาก NEXT HEALTH 3ชั้น 50'S/BX.(สีดำ) *P,฿37.5
หน้ากาก NEXT HEALTH 3ชั้น 50'S/BX.(สีฟ้า) *P,฿37.5
สำลีม้วน-รถพยาบาล 200G./ม้วน,฿55.5
หน้ากาก NEXT HEALTH N95 30'S(สีขาว),฿87.5
หน้ากากมีวาล์ว N-95 RESCUE GURD 12'S/BX.,฿32.75
หน้ากากอนามัย SOS PLUS 20'S(สีขาว),฿49.75
หน้ากากอนามัย SOS PLUS 20'S(สีฟ้า),฿49.75
อภัยภูเบศรยาอมสมุนไพรผสมมะขามป้อม(สูตร2) 40เม็ด,฿8.75
อีแอล ลูกท้ออบแห้ง ขวดใหญ่(แพ็ค20ขวด),฿18
หน้ากากผู้ใหญ่ G LUCKY FIT 3D 5'S(สีเบจ),฿10
หน้ากากผู้ใหญ่ G MASK 3ชั้น 50'S(สีชมพู),฿48.5
หน้ากากผู้ใหญ่ G SURE 3ชั้น 50'S(สีฟ้า),฿44.5
หน้ากากอนามัย 3ชั้น 10'S(สีเขียว),฿10.5
หน้ากากอนามัย GPO-HYMASK 3ชั้น 50'S(สีฟ้า),"฿99,999"
หน้ากากอนามัย KRESS MASK 3'Sx25ซอง/BX.(สีเขียว),฿183.5
หน้ากากอนามัย X MASK 3ชั้น 50'S/BX.(สีเขียว),฿36.5
หน้ากากอนามัย X MASK 3ชั้น 50'S/BX.(สีขาว),฿36.5
3M TRANSPORE 1/2นิ้วx5หลาx12ม้วน/แพ็ค,฿201
3M แผ่นซับสิว สีชมพู 12ชิ้น(กลม),฿54.75
AMBES 10MG(AMLOPINE) 10x10'S(GPO),฿97
AMBES 5MG(AMLOPINE) 10x10'S(GPO),฿57
ANTACIL 50x10's (TNP),฿484
AZYCIN 250 MG(AZITHRO) 6'S(GPO),฿70
B-100 COMPLEX (B3-B1-B2-B6)50x1ML(TP.),฿227
BELCID FORTE SUSP 240ML.20ขวด/ลัง,฿34
หน้ากาก NEXT HEALTH 3ชั้น 50'S/BX.(สีชมพู) *P,฿37.5
หน้ากาก NEXT HEALTH 3ชั้น 50'S/BX.(สีดำ) *P,฿37.5
หน้ากาก NEXT HEALTH 3ชั้น 50'S/BX.(สีฟ้า) *P,฿37.5
สำลีม้วน-รถพยาบาล 200G./ม้วน,฿55.5
หน้ากาก NEXT HEALTH N95 30'S(สีขาว),฿87.5
หน้ากากมีวาล์ว N-95 RESCUE GURD 12'S/BX.,฿32.75
หน้ากากอนามัย SOS PLUS 20'S(สีขาว),฿49.75
หน้ากากอนามัย SOS PLUS 20'S(สีฟ้า),฿49.75
อภัยภูเบศรยาอมสมุนไพรผสมมะขามป้อม(สูตร2) 40เม็ด,฿8.75
อีแอล ลูกท้ออบแห้ง ขวดใหญ่(แพ็ค20ขวด),฿18
หน้ากากอนามัย X MASK 3ชั้น 50'S/BX.(สีฟ้า),฿36.5
หน้ากากอนามัยเด็ก WALLIAS 3ชั้น 50'S/BX.(สีเขียว),฿45
หน้ากากอนามัยผู้ใหญ่ T PLUS 50'S(สีเขียว),฿54.5
หน้ากากอนามัยผู้ใหญ่ T PLUS 50'S(สีฟ้า),฿54.5
หน้ากากอนามัยผู้ใหญ่ WALLIAS 3ชั้น 50'S/BX.(สีเขียว),฿45
หมวกคลุมผม DURA สีขาว 100'S/ห่อ,"฿99,999"
อภัยเมาท์สเปรย์ เฟรช ผสมสารสกัดฟ้าทะลายโจร 15ML.,฿68.5
อภัยภูเบศร เพชรสังฆาต 1X10'S/แผง(ขายขาด),฿17.5
3M TRANSPORE 1/2นิ้วx5หลาx12ม้วน/แพ็ค,฿201
3M แผ่นซับสิว สีชมพู 12ชิ้น(กลม),฿54.75
AMBES 10MG(AMLOPINE) 10x10'S(GPO),฿97
AMBES 5MG(AMLOPINE) 10x10'S(GPO),฿57
ANTACIL 50x10's (TNP),฿484
AZYCIN 250 MG(AZITHRO) 6'S(GPO),฿70
B-100 COMPLEX (B3-B1-B2-B6)50x1ML(TP.),฿227
BELCID FORTE SUSP 240ML.20ขวด/ลัง,฿34
หน้ากาก NEXT HEALTH 3ชั้น 50'S/BX.(สีชมพู) *P,฿37.5
หน้ากาก NEXT HEALTH 3ชั้น 50'S/BX.(สีดำ) *P,฿37.5
หน้ากาก NEXT HEALTH 3ชั้น 50'S/BX.(สีฟ้า) *P,฿37.5
สำลีม้วน-รถพยาบาล 200G./ม้วน,฿55.5
หน้ากาก NEXT HEALTH N95 30'S(สีขาว),฿87.5
หน้ากากมีวาล์ว N-95 RESCUE GURD 12'S/BX.,฿32.75
หน้ากากอนามัย SOS PLUS 20'S(สีขาว),฿49.75
หน้ากากอนามัย SOS PLUS 20'S(สีฟ้า),฿49.75
อภัยภูเบศรยาอมสมุนไพรผสมมะขามป้อม(สูตร2) 40เม็ด,฿8.75
อีแอล ลูกท้ออบแห้ง ขวดใหญ่(แพ็ค20ขวด),฿18
อภัยภูเบศร มัสคูล สเปรย์ 60ML.(กระดูกไก่ดำ),฿86.5
อภัยภูเบศร สเปยร์ รางจืด 125ML.,"฿99,999"
อภัยภูเบศรยาอมสมุนไพรผสมมะขามป้อม(สูตร1) 40เม็ด,฿8.75
อภัยภูเบศรยาอมสมุนไพรผสมมะขามป้อม(สูตร2) 40เม็ด,฿8.75
อ้วยอัน ขมิ้นชัน 10'S/กล่อง,฿12.5
อัมบิลี่ ยาดม ฉุนฉุน 1ML.,฿25.75
อาปาเช่ เม็ดอมมะขามป้อม(กลิ่นเชอร์รี่)12'Sx25ซอง/กล่อง,฿391.5
3M TRANSPORE 1/2นิ้วx5หลาx12ม้วน/แพ็ค,฿201
3M แผ่นซับสิว สีชมพู 12ชิ้น(กลม),฿54.75
AMBES 10MG(AMLOPINE) 10x10'S(GPO),฿97
AMBES 5MG(AMLOPINE) 10x10'S(GPO),฿57
ANTACIL 50x10's (TNP),฿484
AZYCIN 250 MG(AZITHRO) 6'S(GPO),฿70
B-100 COMPLEX (B3-B1-B2-B6)50x1ML(TP.),฿227
BELCID FORTE SUSP 240ML.20ขวด/ลัง,฿34
หน้ากาก NEXT HEALTH 3ชั้น 50'S/BX.(สีชมพู) *P,฿37.5
หน้ากาก NEXT HEALTH 3ชั้น 50'S/BX.(สีดำ) *P,฿37.5
หน้ากาก NEXT HEALTH 3ชั้น 50'S/BX.(สีฟ้า) *P,฿37.5
สำลีม้วน-รถพยาบาล 200G./ม้วน,฿55.5
หน้ากาก NEXT HEALTH N95 30'S(สีขาว),฿87.5
หน้ากากมีวาล์ว N-95 RESCUE GURD 12'S/BX.,฿32.75
หน้ากากอนามัย SOS PLUS 20'S(สีขาว),฿49.75
หน้ากากอนามัย SOS PLUS 20'S(สีฟ้า),฿49.75
อภัยภูเบศรยาอมสมุนไพรผสมมะขามป้อม(สูตร2) 40เม็ด,฿8.75
อีแอล ลูกท้ออบแห้ง ขวดใหญ่(แพ็ค20ขวด),฿18
อภัยภูเบศร มัสคูล สเปรย์ 60ML.(กระดูกไก่ดำ),฿86.5
อภัยภูเบศร สเปยร์ รางจืด 125ML.,"฿99,999"
อภัยภูเบศรยาอมสมุนไพรผสมมะขามป้อม(สูตร1) 40เม็ด,฿8.75
อภัยภูเบศรยาอมสมุนไพรผสมมะขามป้อม(สูตร2) 40เม็ด,฿8.75
อ้วยอัน ขมิ้นชัน 10'S/กล่อง,฿12.5
อัมบิลี่ ยาดม ฉุนฉุน 1ML.,฿25.75
อาปาเช่ เม็ดอมมะขามป้อม(กลิ่นเชอร์รี่)12'Sx25ซอง/กล่อง,฿391.5
BELCID SUSP 240ML.20ขวด/ลัง,฿34
"BELCID SUSP.1,000CC.ญ./ขวด",฿83
BETAMETHASONE-N 15G (GPO)/หลอด,฿39.5
BISOLVON 8MG.(BROMHEX)10x10'S/BX.,฿484
BISOLVON-EX 125ML(BROMHEX)ลัง45ขวด,฿97.75
BISOLVON-EX 60ML(BROMHEXINE)ลัง77ขวด,฿51
BUSCOPAN 10MG(HYOSCINE) 10x10'S,฿342
C-20 MILD 180ML.(0.12%CLORHEXIDINE),฿54.75
หน้ากาก NEXT HEALTH 3ชั้น 50'S/BX.(สีชมพู) *P,฿37.5
หน้ากาก NEXT HEALTH 3ชั้น 50'S/BX.(สีดำ) *P,฿37.5
หน้ากาก NEXT HEALTH 3ชั้น 50'S/BX.(สีฟ้า) *P,฿37.5
สำลีม้วน-รถพยาบาล 200G./ม้วน,฿55.5
หน้ากาก NEXT HEALTH N95 30'S(สีขาว),฿87.5
หน้ากากมีวาล์ว N-95 RESCUE GURD 12'S/BX.,฿32.75
หน้ากากอนามัย SOS PLUS 20'S(สีขาว),฿49.75
หน้ากากอนามัย SOS PLUS 20'S(สีฟ้า),฿49.75
อภัยภูเบศรยาอมสมุนไพรผสมมะขามป้อม(สูตร2) 40เม็ด,฿8.75
อีแอล ลูกท้ออบแห้ง ขวดใหญ่(แพ็ค20ขวด),฿18
อภัยภูเบศร มัสคูล สเปรย์ 60ML.(กระดูกไก่ดำ),฿86.5
อภัยภูเบศร สเปยร์ รางจืด 125ML.,"฿99,999"
อภัยภูเบศรยาอมสมุนไพรผสมมะขามป้อม(สูตร1) 40เม็ด,฿8.75
อภัยภูเบศรยาอมสมุนไพรผสมมะขามป้อม(สูตร2) 40เม็ด,฿8.75
อ้วยอัน ขมิ้นชัน 10'S/กล่อง,฿12.5
อัมบิลี่ ยาดม ฉุนฉุน 1ML.,฿25.75
อาปาเช่ เม็ดอมมะขามป้อม(กลิ่นเชอร์รี่)12'Sx25ซอง/กล่อง,฿391.5
C-20 MOUTH WASH 180ML(สีแดง) ใหม่,฿39.5
C-20 MOUTH WASH 180ML(สีฟ้า) ใหม่,฿42.5
C-20 MOUTH WASH 360ML(สีแดง),฿55.5
CALAMINE 120ML (ศิริบัญชา),฿21.5
CALAMINE 60ML (ศิริบัญชา),฿15
CALTRATE 600MG 60'S สีฟ้า,฿239
CALTRATE PLUS 120'S สีม่วง,฿542
CALTRATE PLUS 30'S สีม่วง,฿176
หน้ากาก NEXT HEALTH 3ชั้น 50'S/BX.(สีชมพู) *P,฿37.5
หน้ากาก NEXT HEALTH 3ชั้น 50'S/BX.(สีดำ) *P,฿37.5
หน้ากาก NEXT HEALTH 3ชั้น 50'S/BX.(สีฟ้า) *P,฿37.5
สำลีม้วน-รถพยาบาล 200G./ม้วน,฿55.5
หน้ากาก NEXT HEALTH N95 30'S(สีขาว),฿87.5
หน้ากากมีวาล์ว N-95 RESCUE GURD 12'S/BX.,฿32.75
หน้ากากอนามัย SOS PLUS 20'S(สีขาว),฿49.75
หน้ากากอนามัย SOS PLUS 20'S(สีฟ้า),฿49.75
อภัยภูเบศรยาอมสมุนไพรผสมมะขามป้อม(สูตร2) 40เม็ด,฿8.75
อีแอล ลูกท้ออบแห้ง ขวดใหญ่(แพ็ค20ขวด),฿18
อภัยภูเบศร มัสคูล สเปรย์ 60ML.(กระดูกไก่ดำ),฿86.5
อภัยภูเบศร สเปยร์ รางจืด 125ML.,"฿99,999"
อภัยภูเบศรยาอมสมุนไพรผสมมะขามป้อม(สูตร1) 40เม็ด,฿8.75
อภัยภูเบศรยาอมสมุนไพรผสมมะขามป้อม(สูตร2) 40เม็ด,฿8.75
อ้วยอัน ขมิ้นชัน 10'S/กล่อง,฿12.5
อัมบิลี่ ยาดม ฉุนฉุน 1ML.,฿25.75
อาปาเช่ เม็ดอมมะขามป้อม(กลิ่นเชอร์รี่)12'Sx25ซอง/กล่อง,฿391.5
CALTRATE PLUS 60'S สีม่วง,฿308.5
CALTRATE SILVER 50+ 120'S สีชมพู,฿586
CALTRATE SILVER 50+ 30'S สีชมพู,฿194.75
CALTRATE SILVER 50+60'S (ใหม่),฿343
CANESBALANCE VAGINAL GEL 5MLx7'S/BX.,฿279.75
CENTRUM 30'S สีขาว,฿225
CENTRUM SILVER 50+ 30'S,฿279
CENTRUM SILVER 50+ 90'S,฿758
หน้ากาก NEXT HEALTH 3ชั้น 50'S/BX.(สีชมพู) *P,฿37.5
หน้ากาก NEXT HEALTH 3ชั้น 50'S/BX.(สีดำ) *P,฿37.5
หน้ากาก NEXT HEALTH 3ชั้น 50'S/BX.(สีฟ้า) *P,฿37.5
สำลีม้วน-รถพยาบาล 200G./ม้วน,฿55.5
หน้ากาก NEXT HEALTH N95 30'S(สีขาว),฿87.5
หน้ากากมีวาล์ว N-95 RESCUE GURD 12'S/BX.,฿32.75
หน้ากากอนามัย SOS PLUS 20'S(สีขาว),฿49.75
หน้ากากอนามัย SOS PLUS 20'S(สีฟ้า),฿49.75
อภัยภูเบศรยาอมสมุนไพรผสมมะขามป้อม(สูตร2) 40เม็ด,฿8.75
อีแอล ลูกท้ออบแห้ง ขวดใหญ่(แพ็ค20ขวด),฿18
อภัยภูเบศร มัสคูล สเปรย์ 60ML.(กระดูกไก่ดำ),฿86.5
อภัยภูเบศร สเปยร์ รางจืด 125ML.,"฿99,999"
อภัยภูเบศรยาอมสมุนไพรผสมมะขามป้อม(สูตร1) 40เม็ด,฿8.75
อภัยภูเบศรยาอมสมุนไพรผสมมะขามป้อม(สูตร2) 40เม็ด,฿8.75
อ้วยอัน ขมิ้นชัน 10'S/กล่อง,฿12.5
อัมบิลี่ ยาดม ฉุนฉุน 1ML.,฿25.75
อาปาเช่ เม็ดอมมะขามป้อม(กลิ่นเชอร์รี่)12'Sx25ซอง/กล่อง,฿391.5
CENTRUM STRESSTAB IRON 30'S(แดง),฿218.5
CENTRUM STRESSTAB ZINC 30'S,฿218.5
CERAVE BLEMISH CONTROL CLEANSER 236 ML.,฿362.75
CERAVE CREAM-TO-FOAM CLEANSER 100ML,฿210
CERAVE CREAM-TO-FOAM CLEANSER 236ML,฿381.75
CERAVE FOAMING CLEANSER 236ML.,฿345
CERAVE FOAMING CLEANSER 473ML,฿494.5
CERAVE HYDRATING CLEANSER 236ML,฿308.5
หน้ากาก NEXT HEALTH 3ชั้น 50'S/BX.(สีชมพู) *P,฿37.5
หน้ากาก NEXT HEALTH 3ชั้น 50'S/BX.(สีดำ) *P,฿37.5
หน้ากาก NEXT HEALTH 3ชั้น 50'S/BX.(สีฟ้า) *P,฿37.5
สำลีม้วน-รถพยาบาล 200G./ม้วน,฿55.5
หน้ากาก NEXT HEALTH N95 30'S(สีขาว),฿87.5
หน้ากากมีวาล์ว N-95 RESCUE GURD 12'S/BX.,฿32.75
หน้ากากอนามัย SOS PLUS 20'S(สีขาว),฿49.75
หน้ากากอนามัย SOS PLUS 20'S(สีฟ้า),฿49.75
อภัยภูเบศรยาอมสมุนไพรผสมมะขามป้อม(สูตร2) 40เม็ด,฿8.75
อีแอล ลูกท้ออบแห้ง ขวดใหญ่(แพ็ค20ขวด),฿18
อภัยภูเบศร มัสคูล สเปรย์ 60ML.(กระดูกไก่ดำ),฿86.5
อภัยภูเบศร สเปยร์ รางจืด 125ML.,"฿99,999"
อภัยภูเบศรยาอมสมุนไพรผสมมะขามป้อม(สูตร1) 40เม็ด,฿8.75
อภัยภูเบศรยาอมสมุนไพรผสมมะขามป้อม(สูตร2) 40เม็ด,฿8.75
อ้วยอัน ขมิ้นชัน 10'S/กล่อง,฿12.5
อัมบิลี่ ยาดม ฉุนฉุน 1ML.,฿25.75
อาปาเช่ เม็ดอมมะขามป้อม(กลิ่นเชอร์รี่)12'Sx25ซอง/กล่อง,฿391.5
CERAVE HYDRATING CLEANSER 473ML,฿419.75
CERAVE HYDRATING HYALURONIC ACID SERUM 30ML.,฿495.5
CERAVE MOISTURISING CREAM 454G.(กระปุก),฿572.5
CERAVE MOISTURISING CREAM 50ML.,฿143.75
CERAVE RETINOL SERUM 30ML.,฿513.75
CERAVE SA SMOOTHING CLEANSER 236ML,฿362.75
CERAVE SA SMOOTHING CLEANSER 473 ML.,฿526.75
CHLORPYRIMINE (CPM 10MG) 50x1ML/BX.(ATC),฿295
หน้ากาก NEXT HEALTH 3ชั้น 50'S/BX.(สีชมพู) *P,฿37.5
หน้ากาก NEXT HEALTH 3ชั้น 50'S/BX.(สีดำ) *P,฿37.5
หน้ากาก NEXT HEALTH 3ชั้น 50'S/BX.(สีฟ้า) *P,฿37.5
สำลีม้วน-รถพยาบาล 200G./ม้วน,฿55.5
หน้ากาก NEXT HEALTH N95 30'S(สีขาว),฿87.5
หน้ากากมีวาล์ว N-95 RESCUE GURD 12'S/BX.,฿32.75
หน้ากากอนามัย SOS PLUS 20'S(สีขาว),฿49.75
หน้ากากอนามัย SOS PLUS 20'S(สีฟ้า),฿49.75
อภัยภูเบศรยาอมสมุนไพรผสมมะขามป้อม(สูตร2) 40เม็ด,฿8.75
อีแอล ลูกท้ออบแห้ง ขวดใหญ่(แพ็ค20ขวด),฿18
อภัยภูเบศร มัสคูล สเปรย์ 60ML.(กระดูกไก่ดำ),฿86.5
อภัยภูเบศร สเปยร์ รางจืด 125ML.,"฿99,999"
อภัยภูเบศรยาอมสมุนไพรผสมมะขามป้อม(สูตร1) 40เม็ด,฿8.75
อภัยภูเบศรยาอมสมุนไพรผสมมะขามป้อม(สูตร2) 40เม็ด,฿8.75
อ้วยอัน ขมิ้นชัน 10'S/กล่อง,฿12.5
อัมบิลี่ ยาดม ฉุนฉุน 1ML.,฿25.75
อาปาเช่ เม็ดอมมะขามป้อม(กลิ่นเชอร์รี่)12'Sx25ซอง/กล่อง,฿391.5
CHRONOL 500MG.25x4'S(DISUFIRAM)เหล้า,฿218.5
COMBIZYM 10x10'S/BX.,฿564.5
CONCOR 2.5(BISOPROLOL F.)10x10'S,฿609.75
CONCOR 5(BISOPROLOL F.)10x10'S,฿825.75
COUGHDYL 10x10'S(DEXTRO+GUAIFEN)*ทำรายงาน,฿328.5
COVERSYL 5MG 30'S,฿467
DAFLON 1000MG 3x10'S/BX.,฿573
DAFLON 500MG 2x15'S,฿284.5
หน้ากาก NEXT HEALTH 3ชั้น 50'S/BX.(สีชมพู) *P,฿37.5
หน้ากาก NEXT HEALTH 3ชั้น 50'S/BX.(สีดำ) *P,฿37.5
หน้ากาก NEXT HEALTH 3ชั้น 50'S/BX.(สีฟ้า) *P,฿37.5
สำลีม้วน-รถพยาบาล 200G./ม้วน,฿55.5
หน้ากาก NEXT HEALTH N95 30'S(สีขาว),฿87.5
หน้ากากมีวาล์ว N-95 RESCUE GURD 12'S/BX.,฿32.75
หน้ากากอนามัย SOS PLUS 20'S(สีขาว),฿49.75
หน้ากากอนามัย SOS PLUS 20'S(สีฟ้า),฿49.75
อภัยภูเบศรยาอมสมุนไพรผสมมะขามป้อม(สูตร2) 40เม็ด,฿8.75
อีแอล ลูกท้ออบแห้ง ขวดใหญ่(แพ็ค20ขวด),฿18
อภัยภูเบศร มัสคูล สเปรย์ 60ML.(กระดูกไก่ดำ),฿86.5
อภัยภูเบศร สเปยร์ รางจืด 125ML.,"฿99,999"
อภัยภูเบศรยาอมสมุนไพรผสมมะขามป้อม(สูตร1) 40เม็ด,฿8.75
อภัยภูเบศรยาอมสมุนไพรผสมมะขามป้อม(สูตร2) 40เม็ด,฿8.75
อ้วยอัน ขมิ้นชัน 10'S/กล่อง,฿12.5
อัมบิลี่ ยาดม ฉุนฉุน 1ML.,฿25.75
อาปาเช่ เม็ดอมมะขามป้อม(กลิ่นเชอร์รี่)12'Sx25ซอง/กล่อง,฿391.5
D-COATE 500'S (BLHUA)*ทำรายงาน,฿470
D-COATE 50x10'S(DEXTRO)BLHUA*ทำรายงาน,฿508
DE GAS(SIMETHICONE)10'Sx50/BX.,฿359.75
DELACOR CREAM 5G.(CLOBET 0.05%),฿19.5
DERMAZIN CR.25G.(SILVER),฿63.5
DEXTON INJECTION 50x1ML./BX.(DEXA 4MG.)T.P,฿205
DIABEDERM CR.10% 100G. เขียว(UREA),฿129
DIABEDERM CR.10% 15G.เขียว(UREA) *P,฿26.25
หน้ากาก NEXT HEALTH 3ชั้น 50'S/BX.(สีชมพู) *P,฿37.5
หน้ากาก NEXT HEALTH 3ชั้น 50'S/BX.(สีดำ) *P,฿37.5
หน้ากาก NEXT HEALTH 3ชั้น 50'S/BX.(สีฟ้า) *P,฿37.5
สำลีม้วน-รถพยาบาล 200G./ม้วน,฿55.5
หน้ากาก NEXT HEALTH N95 30'S(สีขาว),฿87.5
หน้ากากมีวาล์ว N-95 RESCUE GURD 12'S/BX.,฿32.75
หน้ากากอนามัย SOS PLUS 20'S(สีขาว),฿49.75
หน้ากากอนามัย SOS PLUS 20'S(สีฟ้า),฿49.75
อภัยภูเบศรยาอมสมุนไพรผสมมะขามป้อม(สูตร2) 40เม็ด,฿8.75
อีแอล ลูกท้ออบแห้ง ขวดใหญ่(แพ็ค20ขวด),฿18
อภัยภูเบศร มัสคูล สเปรย์ 60ML.(กระดูกไก่ดำ),฿86.5
อภัยภูเบศร สเปยร์ รางจืด 125ML.,"฿99,999"
อภัยภูเบศรยาอมสมุนไพรผสมมะขามป้อม(สูตร1) 40เม็ด,฿8.75
อภัยภูเบศรยาอมสมุนไพรผสมมะขามป้อม(สูตร2) 40เม็ด,฿8.75
อ้วยอัน ขมิ้นชัน 10'S/กล่อง,฿12.5
อัมบิลี่ ยาดม ฉุนฉุน 1ML.,฿25.75
อาปาเช่ เม็ดอมมะขามป้อม(กลิ่นเชอร์รี่)12'Sx25ซอง/กล่อง,฿391.5
DIABEDERM CR.10% 35G. เขียว(UREA),฿52
DIABEDERM CR.20% 100G. ฟ้า(UREA),฿163
DIABEDERM CR.20% 150G. ฟ้า(UREA)/กระปุก,฿194.5
DIABEDERM CR.20% 15G. ฟ้า(UREA),฿33
DIABEDERM CR.20% 35G. ฟ้า(UREA),฿65.5
DIABEDERM CREAM 10% 450G.เขียว(UREA),฿293.5
DIABEDERM LOTION 10% 200ML. เขียว(UREA) EXP.12/26,฿185
DIAMICRON MR60.2x15'S(GLICLAZIDE),฿397
หน้ากาก NEXT HEALTH 3ชั้น 50'S/BX.(สีชมพู) *P,฿37.5
หน้ากาก NEXT HEALTH 3ชั้น 50'S/BX.(สีดำ) *P,฿37.5
หน้ากาก NEXT HEALTH 3ชั้น 50'S/BX.(สีฟ้า) *P,฿37.5
สำลีม้วน-รถพยาบาล 200G./ม้วน,฿55.5
หน้ากาก NEXT HEALTH N95 30'S(สีขาว),฿87.5
หน้ากากมีวาล์ว N-95 RESCUE GURD 12'S/BX.,฿32.75
หน้ากากอนามัย SOS PLUS 20'S(สีขาว),฿49.75
หน้ากากอนามัย SOS PLUS 20'S(สีฟ้า),฿49.75
อภัยภูเบศรยาอมสมุนไพรผสมมะขามป้อม(สูตร2) 40เม็ด,฿8.75
อีแอล ลูกท้ออบแห้ง ขวดใหญ่(แพ็ค20ขวด),฿18
อภัยภูเบศร มัสคูล สเปรย์ 60ML.(กระดูกไก่ดำ),฿86.5
อภัยภูเบศร สเปยร์ รางจืด 125ML.,"฿99,999"
อภัยภูเบศรยาอมสมุนไพรผสมมะขามป้อม(สูตร1) 40เม็ด,฿8.75
อภัยภูเบศรยาอมสมุนไพรผสมมะขามป้อม(สูตร2) 40เม็ด,฿8.75
อ้วยอัน ขมิ้นชัน 10'S/กล่อง,฿12.5
อัมบิลี่ ยาดม ฉุนฉุน 1ML.,฿25.75
อาปาเช่ เม็ดอมมะขามป้อม(กลิ่นเชอร์รี่)12'Sx25ซอง/กล่อง,฿391.5
DIFFLAM FORTE THROAT SPRAY 15ML,฿218
DIFFLAM HONEY&LEMON 12เม็ด/กล่องเล็ก,฿40
DIFFLAM HONEY&LEMON 24x8'S/BX.,฿480
DIFFLAM LEMON SUGAR FREE  16'S/BX.,฿153.75
DIFFLAM MINT SUGAR FREE 15x12'S/BX.,"฿1,185"
DIFFLAM ORANGE+VIT C 12เม็ด/กล่องเล็ก,฿40
DIFFLAM ORANGE+VIT C 24x8'S/BX.,฿480
DIFFLAM WILD BERRY 12เม็ด/กล่องเล็ก,฿40
หน้ากาก NEXT HEALTH 3ชั้น 50'S/BX.(สีชมพู) *P,฿37.5
หน้ากาก NEXT HEALTH 3ชั้น 50'S/BX.(สีดำ) *P,฿37.5
หน้ากาก NEXT HEALTH 3ชั้น 50'S/BX.(สีฟ้า) *P,฿37.5
สำลีม้วน-รถพยาบาล 200G./ม้วน,฿55.5
หน้ากาก NEXT HEALTH N95 30'S(สีขาว),฿87.5
หน้ากากมีวาล์ว N-95 RESCUE GURD 12'S/BX.,฿32.75
หน้ากากอนามัย SOS PLUS 20'S(สีขาว),฿49.75
หน้ากากอนามัย SOS PLUS 20'S(สีฟ้า),฿49.75
อภัยภูเบศรยาอมสมุนไพรผสมมะขามป้อม(สูตร2) 40เม็ด,฿8.75
อีแอล ลูกท้ออบแห้ง ขวดใหญ่(แพ็ค20ขวด),฿18
อภัยภูเบศร มัสคูล สเปรย์ 60ML.(กระดูกไก่ดำ),฿86.5
อภัยภูเบศร สเปยร์ รางจืด 125ML.,"฿99,999"
อภัยภูเบศรยาอมสมุนไพรผสมมะขามป้อม(สูตร1) 40เม็ด,฿8.75
อภัยภูเบศรยาอมสมุนไพรผสมมะขามป้อม(สูตร2) 40เม็ด,฿8.75
อ้วยอัน ขมิ้นชัน 10'S/กล่อง,฿12.5
อัมบิลี่ ยาดม ฉุนฉุน 1ML.,฿25.75
อาปาเช่ เม็ดอมมะขามป้อม(กลิ่นเชอร์รี่)12'Sx25ซอง/กล่อง,฿391.5
DIFFLAM WILD BERRY 24x8'S/BX.,฿480
DIFFLAM ยาอม 16'S MINT,฿154.5
DIGITAL THERMOMETER(คละสี) ปลายอ่อน,฿82.5
ENO ซอง-มะนาว 60'S/กล่อง(ลัง48กล่อง),฿655
ENO ซอง-ส้ม 60'S/กล่อง(ลัง48กล่อง),฿655
ERBATOP -AI ADVANCE INTEN HAND CREAM 50G.,฿137.5
ERBATOP-AI CREAM 50G.,฿137.5
EUTHYROX 100MCG(LEVOTHYROXINE)4x25'S,฿161.5
หน้ากาก NEXT HEALTH 3ชั้น 50'S/BX.(สีชมพู) *P,฿37.5
หน้ากาก NEXT HEALTH 3ชั้น 50'S/BX.(สีดำ) *P,฿37.5
หน้ากาก NEXT HEALTH 3ชั้น 50'S/BX.(สีฟ้า) *P,฿37.5
สำลีม้วน-รถพยาบาล 200G./ม้วน,฿55.5
หน้ากาก NEXT HEALTH N95 30'S(สีขาว),฿87.5
หน้ากากมีวาล์ว N-95 RESCUE GURD 12'S/BX.,฿32.75
หน้ากากอนามัย SOS PLUS 20'S(สีขาว),฿49.75
หน้ากากอนามัย SOS PLUS 20'S(สีฟ้า),฿49.75
อภัยภูเบศรยาอมสมุนไพรผสมมะขามป้อม(สูตร2) 40เม็ด,฿8.75
อีแอล ลูกท้ออบแห้ง ขวดใหญ่(แพ็ค20ขวด),฿18
อภัยภูเบศร มัสคูล สเปรย์ 60ML.(กระดูกไก่ดำ),฿86.5
อภัยภูเบศร สเปยร์ รางจืด 125ML.,"฿99,999"
อภัยภูเบศรยาอมสมุนไพรผสมมะขามป้อม(สูตร1) 40เม็ด,฿8.75
อภัยภูเบศรยาอมสมุนไพรผสมมะขามป้อม(สูตร2) 40เม็ด,฿8.75
อ้วยอัน ขมิ้นชัน 10'S/กล่อง,฿12.5
อัมบิลี่ ยาดม ฉุนฉุน 1ML.,฿25.75
อาปาเช่ เม็ดอมมะขามป้อม(กลิ่นเชอร์รี่)12'Sx25ซอง/กล่อง,฿391.5
EUTHYROX 50MCG(LEVOTHY)4x25'S *ใหม่,฿159
EXFORGE 10MG/160MG 28'S/BX.,฿880.75
EXFORGE 5MG/160MG 28'S/BX.,฿822
EXFORGE HCT 10MG/160MG/12.5MG.28'S/BX.,฿880
FML EYE DROP 5ML(0.1%)ALLERGAN,฿85.75
FUTURO DUAL KNEE STRAP พยุงลูกสะบ้าแถบรัดคู่ *P,฿459
FUTURO FOOT (ADJ) ฝ่าเท้า *P,฿605
FUTURO SPORT ADJ KNEE เปิดสะบ้า (สีดำ) *P,฿667.5
หน้ากาก NEXT HEALTH 3ชั้น 50'S/BX.(สีชมพู) *P,฿37.5
หน้ากาก NEXT HEALTH 3ชั้น 50'S/BX.(สีดำ) *P,฿37.5
หน้ากาก NEXT HEALTH 3ชั้น 50'S/BX.(สีฟ้า) *P,฿37.5
สำลีม้วน-รถพยาบาล 200G./ม้วน,฿55.5
หน้ากาก NEXT HEALTH N95 30'S(สีขาว),฿87.5
หน้ากากมีวาล์ว N-95 RESCUE GURD 12'S/BX.,฿32.75
หน้ากากอนามัย SOS PLUS 20'S(สีขาว),฿49.75
หน้ากากอนามัย SOS PLUS 20'S(สีฟ้า),฿49.75
อภัยภูเบศรยาอมสมุนไพรผสมมะขามป้อม(สูตร2) 40เม็ด,฿8.75
อีแอล ลูกท้ออบแห้ง ขวดใหญ่(แพ็ค20ขวด),฿18
อภัยภูเบศร มัสคูล สเปรย์ 60ML.(กระดูกไก่ดำ),฿86.5
อภัยภูเบศร สเปยร์ รางจืด 125ML.,"฿99,999"
อภัยภูเบศรยาอมสมุนไพรผสมมะขามป้อม(สูตร1) 40เม็ด,฿8.75
อภัยภูเบศรยาอมสมุนไพรผสมมะขามป้อม(สูตร2) 40เม็ด,฿8.75
อ้วยอัน ขมิ้นชัน 10'S/กล่อง,฿12.5
อัมบิลี่ ยาดม ฉุนฉุน 1ML.,฿25.75
อาปาเช่ เม็ดอมมะขามป้อม(กลิ่นเชอร์รี่)12'Sx25ซอง/กล่อง,฿391.5
FUTURO SPORT ADJ. KNEE(เสริมแกน)สีดำ *P,฿760.75
FUTURO THUMB พยุงนิ้วหัวแม่มือ(L-XL)สีดำ *P,฿542.75
FUTURO THUMB พยุงนิ้วหัวแม่มือ(S-M)สีดำ *P,฿555.5
FUTURO WARP AROUND ANKLE-พยุงข้อเท้า (L) *P,฿261
FUTURO WARP AROUND ANKLE-พยุงข้อเท้า (S) *P,฿251.5
FUTURO WARP AROUND ANKLE-พยุงข้อเท้า(M) *P,฿261.5
FUTURO WRIST SUPPORT STRAP #สีดำ *P,฿231
FUTURO อุปกรณ์พยุงข้อเท้า รุ่นเบสิค SIZE L *P,฿116.5
หน้ากาก NEXT HEALTH 3ชั้น 50'S/BX.(สีชมพู) *P,฿37.5
หน้ากาก NEXT HEALTH 3ชั้น 50'S/BX.(สีดำ) *P,฿37.5
หน้ากาก NEXT HEALTH 3ชั้น 50'S/BX.(สีฟ้า) *P,฿37.5
สำลีม้วน-รถพยาบาล 200G./ม้วน,฿55.5
หน้ากาก NEXT HEALTH N95 30'S(สีขาว),฿87.5
หน้ากากมีวาล์ว N-95 RESCUE GURD 12'S/BX.,฿32.75
หน้ากากอนามัย SOS PLUS 20'S(สีขาว),฿49.75
หน้ากากอนามัย SOS PLUS 20'S(สีฟ้า),฿49.75
อภัยภูเบศรยาอมสมุนไพรผสมมะขามป้อม(สูตร2) 40เม็ด,฿8.75
อีแอล ลูกท้ออบแห้ง ขวดใหญ่(แพ็ค20ขวด),฿18
อภัยภูเบศร มัสคูล สเปรย์ 60ML.(กระดูกไก่ดำ),฿86.5
อภัยภูเบศร สเปยร์ รางจืด 125ML.,"฿99,999"
อภัยภูเบศรยาอมสมุนไพรผสมมะขามป้อม(สูตร1) 40เม็ด,฿8.75
อภัยภูเบศรยาอมสมุนไพรผสมมะขามป้อม(สูตร2) 40เม็ด,฿8.75
อ้วยอัน ขมิ้นชัน 10'S/กล่อง,฿12.5
อัมบิลี่ ยาดม ฉุนฉุน 1ML.,฿25.75
อาปาเช่ เม็ดอมมะขามป้อม(กลิ่นเชอร์รี่)12'Sx25ซอง/กล่อง,฿391.5
FUTURO อุปกรณ์พยุงข้อเท้า รุ่นเบสิค SIZE M *P,฿116.5
FUTURO อุปกรณ์พยุงหัวเข่า รุ่นเบสิค SIZE L *P,฿116.5
FUTURO อุปกรณ์พยุงหัวเข่า รุ่นเบสิค SIZE M *P,฿116.5
FUTURO อุปกรณ์พยุงหัวเข่า รุ่นเบสิค SIZE XL *P,฿116.5
FUTURO-ANKLE-ชนิดสวมข้อเท้า (L) *P,฿255.5
FUTURO-ANKLE-ชนิดสวมข้อเท้า (M) *P,฿255.5
FUTURO-ANKLE-ชนิดสวมข้อเท้า (S) *P,฿255.5
FUTURO-KNEE-เข่า (L) *P,฿267.5
หน้ากาก NEXT HEALTH 3ชั้น 50'S/BX.(สีชมพู) *P,฿37.5
หน้ากาก NEXT HEALTH 3ชั้น 50'S/BX.(สีดำ) *P,฿37.5
หน้ากาก NEXT HEALTH 3ชั้น 50'S/BX.(สีฟ้า) *P,฿37.5
สำลีม้วน-รถพยาบาล 200G./ม้วน,฿55.5
หน้ากาก NEXT HEALTH N95 30'S(สีขาว),฿87.5
หน้ากากมีวาล์ว N-95 RESCUE GURD 12'S/BX.,฿32.75
หน้ากากอนามัย SOS PLUS 20'S(สีขาว),฿49.75
หน้ากากอนามัย SOS PLUS 20'S(สีฟ้า),฿49.75
อภัยภูเบศรยาอมสมุนไพรผสมมะขามป้อม(สูตร2) 40เม็ด,฿8.75
อีแอล ลูกท้ออบแห้ง ขวดใหญ่(แพ็ค20ขวด),฿18
อภัยภูเบศร มัสคูล สเปรย์ 60ML.(กระดูกไก่ดำ),฿86.5
อภัยภูเบศร สเปยร์ รางจืด 125ML.,"฿99,999"
อภัยภูเบศรยาอมสมุนไพรผสมมะขามป้อม(สูตร1) 40เม็ด,฿8.75
อภัยภูเบศรยาอมสมุนไพรผสมมะขามป้อม(สูตร2) 40เม็ด,฿8.75
อ้วยอัน ขมิ้นชัน 10'S/กล่อง,฿12.5
อัมบิลี่ ยาดม ฉุนฉุน 1ML.,฿25.75
อาปาเช่ เม็ดอมมะขามป้อม(กลิ่นเชอร์รี่)12'Sx25ซอง/กล่อง,฿391.5
FUTURO-KNEE-เข่า (M) *P,฿267.5
FUTURO-KNEE-เข่า (S) *P,฿267.5
FUTURO-KNEE-เข่า (XL) *P,฿267.5
FYBOGEL ส้ม 3.5Gx10'S,฿187
GABAPENTIN 100MG.10x10'S(GPO)เขียว,฿175
GABAPENTIN 300MG.10x10'S(GPO)ส้ม,฿295
GANO-500(TETRA)1x10'S(แพ็ค12),฿43.5
GASTRO-BISMOL 524. 20x10'S,฿868
หน้ากาก NEXT HEALTH 3ชั้น 50'S/BX.(สีชมพู) *P,฿37.5
หน้ากาก NEXT HEALTH 3ชั้น 50'S/BX.(สีดำ) *P,฿37.5
หน้ากาก NEXT HEALTH 3ชั้น 50'S/BX.(สีฟ้า) *P,฿37.5
สำลีม้วน-รถพยาบาล 200G./ม้วน,฿55.5
หน้ากาก NEXT HEALTH N95 30'S(สีขาว),฿87.5
หน้ากากมีวาล์ว N-95 RESCUE GURD 12'S/BX.,฿32.75
หน้ากากอนามัย SOS PLUS 20'S(สีขาว),฿49.75
หน้ากากอนามัย SOS PLUS 20'S(สีฟ้า),฿49.75
อภัยภูเบศรยาอมสมุนไพรผสมมะขามป้อม(สูตร2) 40เม็ด,฿8.75
อีแอล ลูกท้ออบแห้ง ขวดใหญ่(แพ็ค20ขวด),฿18
อภัยภูเบศร มัสคูล สเปรย์ 60ML.(กระดูกไก่ดำ),฿86.5
อภัยภูเบศร สเปยร์ รางจืด 125ML.,"฿99,999"
อภัยภูเบศรยาอมสมุนไพรผสมมะขามป้อม(สูตร1) 40เม็ด,฿8.75
อภัยภูเบศรยาอมสมุนไพรผสมมะขามป้อม(สูตร2) 40เม็ด,฿8.75
อ้วยอัน ขมิ้นชัน 10'S/กล่อง,฿12.5
อัมบิลี่ ยาดม ฉุนฉุน 1ML.,฿25.75
อาปาเช่ เม็ดอมมะขามป้อม(กลิ่นเชอร์รี่)12'Sx25ซอง/กล่อง,฿391.5
GEN-DM 2.5KG.(กลิ่นวนิลา)ผู้ป่วยเบาหวาน,"฿1,444.5"
GLUCOPHAGE 500(METFORMIN)50x10'S.,฿22
GLUCOPHAGE 850MG.30x10'S.(แบ่งขาย),฿37.5
GLUCOPHAGE XR 1000MG. 3x10'S/BX.,฿255.75
GLUCOPHAGE XR 750MG. 2x15'S/BX.,฿226
HAPPY NOZ ANTI BAC สติ๊กเกอร์หัวหอม 6'S(ฟ้า),฿67.5
HAPPY NOZ ORIGINAL สติ๊กเกอร์หัวหอม 6'S(ม่วง),฿67.5
HAPPY NOZ VIRUS สติ๊กเกอร์หัวหอม 6'S(เขียว),฿67.5
หน้ากาก NEXT HEALTH 3ชั้น 50'S/BX.(สีชมพู) *P,฿37.5
หน้ากาก NEXT HEALTH 3ชั้น 50'S/BX.(สีดำ) *P,฿37.5
หน้ากาก NEXT HEALTH 3ชั้น 50'S/BX.(สีฟ้า) *P,฿37.5
สำลีม้วน-รถพยาบาล 200G./ม้วน,฿55.5
หน้ากาก NEXT HEALTH N95 30'S(สีขาว),฿87.5
หน้ากากมีวาล์ว N-95 RESCUE GURD 12'S/BX.,฿32.75
หน้ากากอนามัย SOS PLUS 20'S(สีขาว),฿49.75
หน้ากากอนามัย SOS PLUS 20'S(สีฟ้า),฿49.75
อภัยภูเบศรยาอมสมุนไพรผสมมะขามป้อม(สูตร2) 40เม็ด,฿8.75
อีแอล ลูกท้ออบแห้ง ขวดใหญ่(แพ็ค20ขวด),฿18
อภัยภูเบศร มัสคูล สเปรย์ 60ML.(กระดูกไก่ดำ),฿86.5
อภัยภูเบศร สเปยร์ รางจืด 125ML.,"฿99,999"
อภัยภูเบศรยาอมสมุนไพรผสมมะขามป้อม(สูตร1) 40เม็ด,฿8.75
อภัยภูเบศรยาอมสมุนไพรผสมมะขามป้อม(สูตร2) 40เม็ด,฿8.75
อ้วยอัน ขมิ้นชัน 10'S/กล่อง,฿12.5
อัมบิลี่ ยาดม ฉุนฉุน 1ML.,฿25.75
อาปาเช่ เม็ดอมมะขามป้อม(กลิ่นเชอร์รี่)12'Sx25ซอง/กล่อง,฿391.5
HIALID 0.1% 5ML(DRY EYE)น้ำเงิน,฿143
HYDROGEN 30ML.(SIRI.),฿5.75
HYDROGEN 450ML(ศิริบัญชา)ลัง2โหล,฿18
HYDROGEN 60ML(SIRI.),฿6.75
ILIADIN 0.05% 10CC. SPRAY(ผู้ใหญ่),฿128.75
ILIADIN DROP 0.025% 10CC.(MERCK)เด็ก,฿78.25
ILIADIN DROP 0.05%10CC.(MERCK)ผู้ใหญ่,฿78.25
IVORIN 60ML(LEVODROPROPIZINE)GREATER,฿44.5
หน้ากาก NEXT HEALTH 3ชั้น 50'S/BX.(สีชมพู) *P,฿37.5
หน้ากาก NEXT HEALTH 3ชั้น 50'S/BX.(สีดำ) *P,฿37.5
หน้ากาก NEXT HEALTH 3ชั้น 50'S/BX.(สีฟ้า) *P,฿37.5
สำลีม้วน-รถพยาบาล 200G./ม้วน,฿55.5
หน้ากาก NEXT HEALTH N95 30'S(สีขาว),฿87.5
หน้ากากมีวาล์ว N-95 RESCUE GURD 12'S/BX.,฿32.75
หน้ากากอนามัย SOS PLUS 20'S(สีขาว),฿49.75
หน้ากากอนามัย SOS PLUS 20'S(สีฟ้า),฿49.75
อภัยภูเบศรยาอมสมุนไพรผสมมะขามป้อม(สูตร2) 40เม็ด,฿8.75
อีแอล ลูกท้ออบแห้ง ขวดใหญ่(แพ็ค20ขวด),฿18
อภัยภูเบศร มัสคูล สเปรย์ 60ML.(กระดูกไก่ดำ),฿86.5
อภัยภูเบศร สเปยร์ รางจืด 125ML.,"฿99,999"
อภัยภูเบศรยาอมสมุนไพรผสมมะขามป้อม(สูตร1) 40เม็ด,฿8.75
อภัยภูเบศรยาอมสมุนไพรผสมมะขามป้อม(สูตร2) 40เม็ด,฿8.75
อ้วยอัน ขมิ้นชัน 10'S/กล่อง,฿12.5
อัมบิลี่ ยาดม ฉุนฉุน 1ML.,฿25.75
อาปาเช่ เม็ดอมมะขามป้อม(กลิ่นเชอร์รี่)12'Sx25ซอง/กล่อง,฿391.5
IZE JELLI BALM (12x7g) เจลลิปบาล์ม,฿185
KEPPRA 500MG.6x10'S(LEVETIRACETAM),"฿2,235.5"
KLEAN&KARE NIZZY SPRAY 18ml น้ำเกลือสเปรย์,฿55.75
LEVOCETIN 10x10'S(สูตรXYZAL)BIOPHARM,฿478.75
LEVOCETIN 1x10'S(สูตรXYZAL)BIOPHARM,฿55.75
LPSALINE NORMAL SALINE 1000ML.,฿37
MARVELON 21'S.(แพ็คละ10แผง),฿99.25
MARVELON 28'S.(แพ็คละ10แผง),฿99.25
หน้ากาก NEXT HEALTH 3ชั้น 50'S/BX.(สีชมพู) *P,฿37.5
หน้ากาก NEXT HEALTH 3ชั้น 50'S/BX.(สีดำ) *P,฿37.5
หน้ากาก NEXT HEALTH 3ชั้น 50'S/BX.(สีฟ้า) *P,฿37.5
สำลีม้วน-รถพยาบาล 200G./ม้วน,฿55.5
หน้ากาก NEXT HEALTH N95 30'S(สีขาว),฿87.5
หน้ากากมีวาล์ว N-95 RESCUE GURD 12'S/BX.,฿32.75
หน้ากากอนามัย SOS PLUS 20'S(สีขาว),฿49.75
หน้ากากอนามัย SOS PLUS 20'S(สีฟ้า),฿49.75
อภัยภูเบศรยาอมสมุนไพรผสมมะขามป้อม(สูตร2) 40เม็ด,฿8.75
อีแอล ลูกท้ออบแห้ง ขวดใหญ่(แพ็ค20ขวด),฿18
อภัยภูเบศร มัสคูล สเปรย์ 60ML.(กระดูกไก่ดำ),฿86.5
อภัยภูเบศร สเปยร์ รางจืด 125ML.,"฿99,999"
อภัยภูเบศรยาอมสมุนไพรผสมมะขามป้อม(สูตร1) 40เม็ด,฿8.75
อภัยภูเบศรยาอมสมุนไพรผสมมะขามป้อม(สูตร2) 40เม็ด,฿8.75
อ้วยอัน ขมิ้นชัน 10'S/กล่อง,฿12.5
อัมบิลี่ ยาดม ฉุนฉุน 1ML.,฿25.75
อาปาเช่ เม็ดอมมะขามป้อม(กลิ่นเชอร์รี่)12'Sx25ซอง/กล่อง,฿391.5
M-CIN SPRAY 50ML.(INDOMETACIN)MACRO,฿86.5
MERCILON 21'S.แพ็ค/10แผง,฿155.5
MERCILON 28'S.แพ็ค/10แผง,฿155.5
MOM MILK OF MAGNESIA 240ML.(GPO),฿36
MOM MILK OF MAGNESIA 450ML.(GPO),฿52
MONTULAIR 10MG.10x10'S(สูตรSINGULAIR),฿524
MUCOSOLVAN 30 MG 10x10'S (AMBROXOL),฿574
NASACORT AQ.120D(TRIAMCINOLONE),฿443
หน้ากาก NEXT HEALTH 3ชั้น 50'S/BX.(สีชมพู) *P,฿37.5
หน้ากาก NEXT HEALTH 3ชั้น 50'S/BX.(สีดำ) *P,฿37.5
หน้ากาก NEXT HEALTH 3ชั้น 50'S/BX.(สีฟ้า) *P,฿37.5
สำลีม้วน-รถพยาบาล 200G./ม้วน,฿55.5
หน้ากาก NEXT HEALTH N95 30'S(สีขาว),฿87.5
หน้ากากมีวาล์ว N-95 RESCUE GURD 12'S/BX.,฿32.75
หน้ากากอนามัย SOS PLUS 20'S(สีขาว),฿49.75
หน้ากากอนามัย SOS PLUS 20'S(สีฟ้า),฿49.75
อภัยภูเบศรยาอมสมุนไพรผสมมะขามป้อม(สูตร2) 40เม็ด,฿8.75
อีแอล ลูกท้ออบแห้ง ขวดใหญ่(แพ็ค20ขวด),฿18
อภัยภูเบศร มัสคูล สเปรย์ 60ML.(กระดูกไก่ดำ),฿86.5
อภัยภูเบศร สเปยร์ รางจืด 125ML.,"฿99,999"
อภัยภูเบศรยาอมสมุนไพรผสมมะขามป้อม(สูตร1) 40เม็ด,฿8.75
อภัยภูเบศรยาอมสมุนไพรผสมมะขามป้อม(สูตร2) 40เม็ด,฿8.75
อ้วยอัน ขมิ้นชัน 10'S/กล่อง,฿12.5
อัมบิลี่ ยาดม ฉุนฉุน 1ML.,฿25.75
อาปาเช่ เม็ดอมมะขามป้อม(กลิ่นเชอร์รี่)12'Sx25ซอง/กล่อง,฿391.5
NATRILIX-SR 30'S(INDAPAMIDE 1.5MG.),฿269
NEUROMET 500 (MECOBALAMIN)5x10'S,฿262
OMEPRAZOLE GPO 10x10'S/กล่อง 24/ลัง,฿61.5
OP-IZE EYE WASH 110ML(A.N.B),฿28.5
PARAMOL INJECTION 50x2ML.(PARA+LIDO)TP.,฿320.5
PHARMATON MULTIVIT & MINERALS 100'S,"฿1,128"
PLENDIL 10MG.30'S.(FELODIPINE),฿480
PLENDIL 5MG 30'S(FELODIPINE),฿358.5
หน้ากาก NEXT HEALTH 3ชั้น 50'S/BX.(สีชมพู) *P,฿37.5
หน้ากาก NEXT HEALTH 3ชั้น 50'S/BX.(สีดำ) *P,฿37.5
หน้ากาก NEXT HEALTH 3ชั้น 50'S/BX.(สีฟ้า) *P,฿37.5
สำลีม้วน-รถพยาบาล 200G./ม้วน,฿55.5
หน้ากาก NEXT HEALTH N95 30'S(สีขาว),฿87.5
หน้ากากมีวาล์ว N-95 RESCUE GURD 12'S/BX.,฿32.75
หน้ากากอนามัย SOS PLUS 20'S(สีขาว),฿49.75
หน้ากากอนามัย SOS PLUS 20'S(สีฟ้า),฿49.75
อภัยภูเบศรยาอมสมุนไพรผสมมะขามป้อม(สูตร2) 40เม็ด,฿8.75
อีแอล ลูกท้ออบแห้ง ขวดใหญ่(แพ็ค20ขวด),฿18
อภัยภูเบศร มัสคูล สเปรย์ 60ML.(กระดูกไก่ดำ),฿86.5
อภัยภูเบศร สเปยร์ รางจืด 125ML.,"฿99,999"
อภัยภูเบศรยาอมสมุนไพรผสมมะขามป้อม(สูตร1) 40เม็ด,฿8.75
อภัยภูเบศรยาอมสมุนไพรผสมมะขามป้อม(สูตร2) 40เม็ด,฿8.75
อ้วยอัน ขมิ้นชัน 10'S/กล่อง,฿12.5
อัมบิลี่ ยาดม ฉุนฉุน 1ML.,฿25.75
อาปาเช่ เม็ดอมมะขามป้อม(กลิ่นเชอร์รี่)12'Sx25ซอง/กล่อง,฿391.5
POLICOXIA 90MG. 3x10'S(สูตรARCOXIA),฿161
POLIDENT CR.20G.(ไม่มีสารแต่งสี กลิ่น),฿86.5
POLIDENT CR.20G.เฟรชมินท์,฿86.5
POLIDENT CR.60G.เฟรชมินท์/หลอด,฿216
POLIDENT PRO RETAINER 30'S/BX.,฿145.5
POLIDENT เม็ดฟู่ 30เม็ด,฿116.25
PRED FORTE 1% 5CC./ขวด,฿89
REPARIL 20MG.10x10'S.,฿518
หน้ากาก NEXT HEALTH 3ชั้น 50'S/BX.(สีชมพู) *P,฿37.5
หน้ากาก NEXT HEALTH 3ชั้น 50'S/BX.(สีดำ) *P,฿37.5
หน้ากาก NEXT HEALTH 3ชั้น 50'S/BX.(สีฟ้า) *P,฿37.5
สำลีม้วน-รถพยาบาล 200G./ม้วน,฿55.5
หน้ากาก NEXT HEALTH N95 30'S(สีขาว),฿87.5
หน้ากากมีวาล์ว N-95 RESCUE GURD 12'S/BX.,฿32.75
หน้ากากอนามัย SOS PLUS 20'S(สีขาว),฿49.75
หน้ากากอนามัย SOS PLUS 20'S(สีฟ้า),฿49.75
อภัยภูเบศรยาอมสมุนไพรผสมมะขามป้อม(สูตร2) 40เม็ด,฿8.75
อีแอล ลูกท้ออบแห้ง ขวดใหญ่(แพ็ค20ขวด),฿18
อภัยภูเบศร มัสคูล สเปรย์ 60ML.(กระดูกไก่ดำ),฿86.5
อภัยภูเบศร สเปยร์ รางจืด 125ML.,"฿99,999"
อภัยภูเบศรยาอมสมุนไพรผสมมะขามป้อม(สูตร1) 40เม็ด,฿8.75
อภัยภูเบศรยาอมสมุนไพรผสมมะขามป้อม(สูตร2) 40เม็ด,฿8.75
อ้วยอัน ขมิ้นชัน 10'S/กล่อง,฿12.5
อัมบิลี่ ยาดม ฉุนฉุน 1ML.,฿25.75
อาปาเช่ เม็ดอมมะขามป้อม(กลิ่นเชอร์รี่)12'Sx25ซอง/กล่อง,฿391.5
REPARIL GEL 10G.เล็ก EXP.11/26,฿64
REPARIL GEL 20G.กลาง,฿104.25
REPARIL GEL 40G.ใหญ่ /หลอด,฿196.75
RHINOBUN PLASTER 20x10'S/BX,฿252
RHINOCORT AQUA 64MCG./ขวด,฿316
ROMIVON 10x10'S(DEXTRO+BROM)LSP*รายงาน,฿438.5
ROWATINEX 10x10'S,฿487
SALONPAS 10ชิ้นx20กล่อง/แพ็ค *P,฿34.5
หน้ากาก NEXT HEALTH 3ชั้น 50'S/BX.(สีชมพู) *P,฿37.5
หน้ากาก NEXT HEALTH 3ชั้น 50'S/BX.(สีดำ) *P,฿37.5
หน้ากาก NEXT HEALTH 3ชั้น 50'S/BX.(สีฟ้า) *P,฿37.5
สำลีม้วน-รถพยาบาล 200G./ม้วน,฿55.5
หน้ากาก NEXT HEALTH N95 30'S(สีขาว),฿87.5
หน้ากากมีวาล์ว N-95 RESCUE GURD 12'S/BX.,฿32.75
หน้ากากอนามัย SOS PLUS 20'S(สีขาว),฿49.75
หน้ากากอนามัย SOS PLUS 20'S(สีฟ้า),฿49.75
อภัยภูเบศรยาอมสมุนไพรผสมมะขามป้อม(สูตร2) 40เม็ด,฿8.75
อีแอล ลูกท้ออบแห้ง ขวดใหญ่(แพ็ค20ขวด),฿18
อภัยภูเบศร มัสคูล สเปรย์ 60ML.(กระดูกไก่ดำ),฿86.5
อภัยภูเบศร สเปยร์ รางจืด 125ML.,"฿99,999"
อภัยภูเบศรยาอมสมุนไพรผสมมะขามป้อม(สูตร1) 40เม็ด,฿8.75
อภัยภูเบศรยาอมสมุนไพรผสมมะขามป้อม(สูตร2) 40เม็ด,฿8.75
อ้วยอัน ขมิ้นชัน 10'S/กล่อง,฿12.5
อัมบิลี่ ยาดม ฉุนฉุน 1ML.,฿25.75
อาปาเช่ เม็ดอมมะขามป้อม(กลิ่นเชอร์รี่)12'Sx25ซอง/กล่อง,฿391.5
SAUGELLA 100CC.สีชมพู (POLIGYN),฿134.25
SEA ORS (รสส้ม) 100'S/BX.(SEA PHARM),฿260
SEA ORS (รสส้ม) 50'S/BX.(SEA PHARM)ใหญ่,฿193
SEA-LYTE รสมะนาว 50'S/BX.,฿123.75
SEA-LYTE รสส้ม 50'S/BX.,฿123.75
SELSUN 120ML.,฿211
SELSUN 60CC.กลาง/ขวด,฿127.5
SENSI PLUS 100ML(K&K)ล้างเลนส์,฿43.75
หน้ากาก NEXT HEALTH 3ชั้น 50'S/BX.(สีชมพู) *P,฿37.5
หน้ากาก NEXT HEALTH 3ชั้น 50'S/BX.(สีดำ) *P,฿37.5
หน้ากาก NEXT HEALTH 3ชั้น 50'S/BX.(สีฟ้า) *P,฿37.5
สำลีม้วน-รถพยาบาล 200G./ม้วน,฿55.5
หน้ากาก NEXT HEALTH N95 30'S(สีขาว),฿87.5
หน้ากากมีวาล์ว N-95 RESCUE GURD 12'S/BX.,฿32.75
หน้ากากอนามัย SOS PLUS 20'S(สีขาว),฿49.75
หน้ากากอนามัย SOS PLUS 20'S(สีฟ้า),฿49.75
อภัยภูเบศรยาอมสมุนไพรผสมมะขามป้อม(สูตร2) 40เม็ด,฿8.75
อีแอล ลูกท้ออบแห้ง ขวดใหญ่(แพ็ค20ขวด),฿18
อภัยภูเบศร มัสคูล สเปรย์ 60ML.(กระดูกไก่ดำ),฿86.5
อภัยภูเบศร สเปยร์ รางจืด 125ML.,"฿99,999"
อภัยภูเบศรยาอมสมุนไพรผสมมะขามป้อม(สูตร1) 40เม็ด,฿8.75
อภัยภูเบศรยาอมสมุนไพรผสมมะขามป้อม(สูตร2) 40เม็ด,฿8.75
อ้วยอัน ขมิ้นชัน 10'S/กล่อง,฿12.5
อัมบิลี่ ยาดม ฉุนฉุน 1ML.,฿25.75
อาปาเช่ เม็ดอมมะขามป้อม(กลิ่นเชอร์รี่)12'Sx25ซอง/กล่อง,฿391.5
SENSI PLUS 500ML(K&K)ล้างเลนส์,฿126.75
SERETIDE ACC.50/250MCG.60D.,฿574
SEVEN SEAS MULTI-VITAMIN 120ML/ขวด,฿82.75
SEVEN SEAS OCEAN GOLD 100CC./ขวด,฿135.75
SEVEN SEAS+LYSINE 100CC./ขวด,฿143
SILVEX CREAM 25G.,฿42.75
STERILE WATER น้ำกลั่น A.N.B 500 ML,฿27.5
TELFAST 60MG.10'S./แผง,฿84.75
หน้ากาก NEXT HEALTH 3ชั้น 50'S/BX.(สีชมพู) *P,฿37.5
หน้ากาก NEXT HEALTH 3ชั้น 50'S/BX.(สีดำ) *P,฿37.5
หน้ากาก NEXT HEALTH 3ชั้น 50'S/BX.(สีฟ้า) *P,฿37.5
สำลีม้วน-รถพยาบาล 200G./ม้วน,฿55.5
หน้ากาก NEXT HEALTH N95 30'S(สีขาว),฿87.5
หน้ากากมีวาล์ว N-95 RESCUE GURD 12'S/BX.,฿32.75
หน้ากากอนามัย SOS PLUS 20'S(สีขาว),฿49.75
หน้ากากอนามัย SOS PLUS 20'S(สีฟ้า),฿49.75
อภัยภูเบศรยาอมสมุนไพรผสมมะขามป้อม(สูตร2) 40เม็ด,฿8.75
อีแอล ลูกท้ออบแห้ง ขวดใหญ่(แพ็ค20ขวด),฿18
อภัยภูเบศร มัสคูล สเปรย์ 60ML.(กระดูกไก่ดำ),฿86.5
อภัยภูเบศร สเปยร์ รางจืด 125ML.,"฿99,999"
อภัยภูเบศรยาอมสมุนไพรผสมมะขามป้อม(สูตร1) 40เม็ด,฿8.75
อภัยภูเบศรยาอมสมุนไพรผสมมะขามป้อม(สูตร2) 40เม็ด,฿8.75
อ้วยอัน ขมิ้นชัน 10'S/กล่อง,฿12.5
อัมบิลี่ ยาดม ฉุนฉุน 1ML.,฿25.75
อาปาเช่ เม็ดอมมะขามป้อม(กลิ่นเชอร์รี่)12'Sx25ซอง/กล่อง,฿391.5
TEMPRA DROP รสองุ่น 15CC.,฿39
TEMPRA FORTE 60CC.(รสส้ม),฿44.75
TEMPRA FORTE 60CC.(สตอเบอรี่),฿44.75
TEMPRA KIDS 60CC.(รสส้ม),฿37.5
TEMPRA KIDS 60CC.(สตอเบอรี่),฿37.5
TERCO-D 50X10'S (DEXTRO)เขียว*ทำรายงาน,฿438
TERCO-D 50X10'S(DEXTRO) ส้ม*ทำรายงาน,฿438
TOPICORT 0.25% CR.15G./ขวด*ขายขาด,฿121.5
หน้ากาก NEXT HEALTH 3ชั้น 50'S/BX.(สีชมพู) *P,฿37.5
หน้ากาก NEXT HEALTH 3ชั้น 50'S/BX.(สีดำ) *P,฿37.5
หน้ากาก NEXT HEALTH 3ชั้น 50'S/BX.(สีฟ้า) *P,฿37.5
สำลีม้วน-รถพยาบาล 200G./ม้วน,฿55.5
หน้ากาก NEXT HEALTH N95 30'S(สีขาว),฿87.5
หน้ากากมีวาล์ว N-95 RESCUE GURD 12'S/BX.,฿32.75
หน้ากากอนามัย SOS PLUS 20'S(สีขาว),฿49.75
หน้ากากอนามัย SOS PLUS 20'S(สีฟ้า),฿49.75
อภัยภูเบศรยาอมสมุนไพรผสมมะขามป้อม(สูตร2) 40เม็ด,฿8.75
อีแอล ลูกท้ออบแห้ง ขวดใหญ่(แพ็ค20ขวด),฿18
อภัยภูเบศร มัสคูล สเปรย์ 60ML.(กระดูกไก่ดำ),฿86.5
อภัยภูเบศร สเปยร์ รางจืด 125ML.,"฿99,999"
อภัยภูเบศรยาอมสมุนไพรผสมมะขามป้อม(สูตร1) 40เม็ด,฿8.75
อภัยภูเบศรยาอมสมุนไพรผสมมะขามป้อม(สูตร2) 40เม็ด,฿8.75
อ้วยอัน ขมิ้นชัน 10'S/กล่อง,฿12.5
อัมบิลี่ ยาดม ฉุนฉุน 1ML.,฿25.75
อาปาเช่ เม็ดอมมะขามป้อม(กลิ่นเชอร์รี่)12'Sx25ซอง/กล่อง,฿391.5
TRIVASTAL RETARD 50MG. 30'S(SERVIER),฿590.5
"TRIVIT-B (B1,6,12)50x3ML.(TP.)",฿264.5
TYLENOL 500MG.20X10'S/BX ลัง60bx,฿236
UNIREN SPRAY 60ML(DICLOFENAC)*ใหม่,฿135
UNISON U-ENEMA 100CC./กล่อง,฿21.25
VALDOXAN 25MG. 28'S(AGOMELATINE)SERVIER,"฿1,808"
VAPEX-เล็ก 5CC./ขวด,฿27.75
VAPEX-ใหญ่ 14CC./ขวด,฿63.5
หน้ากาก NEXT HEALTH 3ชั้น 50'S/BX.(สีชมพู) *P,฿37.5
หน้ากาก NEXT HEALTH 3ชั้น 50'S/BX.(สีดำ) *P,฿37.5
หน้ากาก NEXT HEALTH 3ชั้น 50'S/BX.(สีฟ้า) *P,฿37.5
สำลีม้วน-รถพยาบาล 200G./ม้วน,฿55.5
หน้ากาก NEXT HEALTH N95 30'S(สีขาว),฿87.5
หน้ากากมีวาล์ว N-95 RESCUE GURD 12'S/BX.,฿32.75
หน้ากากอนามัย SOS PLUS 20'S(สีขาว),฿49.75
หน้ากากอนามัย SOS PLUS 20'S(สีฟ้า),฿49.75
อภัยภูเบศรยาอมสมุนไพรผสมมะขามป้อม(สูตร2) 40เม็ด,฿8.75
อีแอล ลูกท้ออบแห้ง ขวดใหญ่(แพ็ค20ขวด),฿18
อภัยภูเบศร มัสคูล สเปรย์ 60ML.(กระดูกไก่ดำ),฿86.5
อภัยภูเบศร สเปยร์ รางจืด 125ML.,"฿99,999"
อภัยภูเบศรยาอมสมุนไพรผสมมะขามป้อม(สูตร1) 40เม็ด,฿8.75
อภัยภูเบศรยาอมสมุนไพรผสมมะขามป้อม(สูตร2) 40เม็ด,฿8.75
อ้วยอัน ขมิ้นชัน 10'S/กล่อง,฿12.5
อัมบิลี่ ยาดม ฉุนฉุน 1ML.,฿25.75
อาปาเช่ เม็ดอมมะขามป้อม(กลิ่นเชอร์รี่)12'Sx25ซอง/กล่อง,฿391.5
VASTAREL-MR 60'S(TRIMETAZIDINE 35MG.),฿542
"VIBEE B1,6,12 10x10'S(BIOPHARM)",฿232
VISTRA ZINC 45'S./ขวด,฿155.5
VOCIN 500MG.10x10'S(LEVOFLOXACIN),฿782
VOLTAREN GEL 100G.ใหญ่พิเศษ,฿409.75
VOLTAREN GEL 10G.เล็ก /หลอด,฿67
VOLTAREN GEL 25G. ใหม่,฿147
VOLTAREN GEL 50G.ใหญ่ /หลอด,฿260
หน้ากาก NEXT HEALTH 3ชั้น 50'S/BX.(สีชมพู) *P,฿37.5
หน้ากาก NEXT HEALTH 3ชั้น 50'S/BX.(สีดำ) *P,฿37.5
หน้ากาก NEXT HEALTH 3ชั้น 50'S/BX.(สีฟ้า) *P,฿37.5
สำลีม้วน-รถพยาบาล 200G./ม้วน,฿55.5
หน้ากาก NEXT HEALTH N95 30'S(สีขาว),฿87.5
หน้ากากมีวาล์ว N-95 RESCUE GURD 12'S/BX.,฿32.75
หน้ากากอนามัย SOS PLUS 20'S(สีขาว),฿49.75
หน้ากากอนามัย SOS PLUS 20'S(สีฟ้า),฿49.75
อภัยภูเบศรยาอมสมุนไพรผสมมะขามป้อม(สูตร2) 40เม็ด,฿8.75
อีแอล ลูกท้ออบแห้ง ขวดใหญ่(แพ็ค20ขวด),฿18
อภัยภูเบศร มัสคูล สเปรย์ 60ML.(กระดูกไก่ดำ),฿86.5
อภัยภูเบศร สเปยร์ รางจืด 125ML.,"฿99,999"
อภัยภูเบศรยาอมสมุนไพรผสมมะขามป้อม(สูตร1) 40เม็ด,฿8.75
อภัยภูเบศรยาอมสมุนไพรผสมมะขามป้อม(สูตร2) 40เม็ด,฿8.75
อ้วยอัน ขมิ้นชัน 10'S/กล่อง,฿12.5
อัมบิลี่ ยาดม ฉุนฉุน 1ML.,฿25.75
อาปาเช่ เม็ดอมมะขามป้อม(กลิ่นเชอร์รี่)12'Sx25ซอง/กล่อง,฿391.5
XANDASE 100MG.50x10'S(ALLOPURINOL),฿498.75
XANDASE 300MG.50x10'S(ALLOPURINOL),"฿1,349"
Z-BEC 60'S./ขวด,฿310
ZENZERA-200 36ซองx10ML(ALBEN),฿358
ZIMVA 10 MG.10x10'S (SIMVASTATIN),฿55
ZIMVA 20 MG.10x10'S (SIMVASTATIN),฿95
เซียงเพียว รีลีฟ ครีม 30G.,฿32.5
เซียงเพียว รีลีฟ ครีม 62G.,฿56.5
หน้ากาก NEXT HEALTH 3ชั้น 50'S/BX.(สีชมพู) *P,฿37.5
หน้ากาก NEXT HEALTH 3ชั้น 50'S/BX.(สีดำ) *P,฿37.5
หน้ากาก NEXT HEALTH 3ชั้น 50'S/BX.(สีฟ้า) *P,฿37.5
สำลีม้วน-รถพยาบาล 200G./ม้วน,฿55.5
หน้ากาก NEXT HEALTH N95 30'S(สีขาว),฿87.5
หน้ากากมีวาล์ว N-95 RESCUE GURD 12'S/BX.,฿32.75
หน้ากากอนามัย SOS PLUS 20'S(สีขาว),฿49.75
หน้ากากอนามัย SOS PLUS 20'S(สีฟ้า),฿49.75
อภัยภูเบศรยาอมสมุนไพรผสมมะขามป้อม(สูตร2) 40เม็ด,฿8.75
อีแอล ลูกท้ออบแห้ง ขวดใหญ่(แพ็ค20ขวด),฿18
อภัยภูเบศร มัสคูล สเปรย์ 60ML.(กระดูกไก่ดำ),฿86.5
อภัยภูเบศร สเปยร์ รางจืด 125ML.,"฿99,999"
อภัยภูเบศรยาอมสมุนไพรผสมมะขามป้อม(สูตร1) 40เม็ด,฿8.75
อภัยภูเบศรยาอมสมุนไพรผสมมะขามป้อม(สูตร2) 40เม็ด,฿8.75
อ้วยอัน ขมิ้นชัน 10'S/กล่อง,฿12.5
อัมบิลี่ ยาดม ฉุนฉุน 1ML.,฿25.75
อาปาเช่ เม็ดอมมะขามป้อม(กลิ่นเชอร์รี่)12'Sx25ซอง/กล่อง,฿391.5
เซียงเพียวอิ๊ว ลูกกลิ้ง สูตร1 3CC.(แดง),฿28.25
เซียงเพียวอิ๊วน้ำสีแดง-ญ.25CC./ขวด(สูตร1),฿102.75
เซียงเพียวอิ๊วน้ำสีแดง-ล.3CC./ขวด(สูตร1),฿19.75
เซียงเพียวอิ๊วน้ำสีขาว 7 ซีซี(สูตร2),฿34.5
เซียงเพียวอิ๊วน้ำสีขาว ญ.25CC./ขวด(สูตร2),฿102.5
เซียงเพียวอิ๊วน้ำสีขาว ล.3CC./ขวด(สูตร 2),฿19.75
ไวโซนิก ยาถ่ายพยาธิตัวตืด 25x4'S/BX.,฿472
ถุงมือ PRO GLOVES (ไซส์ L) 20BX/ลัง,฿94
หน้ากาก NEXT HEALTH 3ชั้น 50'S/BX.(สีชมพู) *P,฿37.5
หน้ากาก NEXT HEALTH 3ชั้น 50'S/BX.(สีดำ) *P,฿37.5
หน้ากาก NEXT HEALTH 3ชั้น 50'S/BX.(สีฟ้า) *P,฿37.5
สำลีม้วน-รถพยาบาล 200G./ม้วน,฿55.5
หน้ากาก NEXT HEALTH N95 30'S(สีขาว),฿87.5
หน้ากากมีวาล์ว N-95 RESCUE GURD 12'S/BX.,฿32.75
หน้ากากอนามัย SOS PLUS 20'S(สีขาว),฿49.75
หน้ากากอนามัย SOS PLUS 20'S(สีฟ้า),฿49.75
อภัยภูเบศรยาอมสมุนไพรผสมมะขามป้อม(สูตร2) 40เม็ด,฿8.75
อีแอล ลูกท้ออบแห้ง ขวดใหญ่(แพ็ค20ขวด),฿18
อภัยภูเบศร มัสคูล สเปรย์ 60ML.(กระดูกไก่ดำ),฿86.5
อภัยภูเบศร สเปยร์ รางจืด 125ML.,"฿99,999"
อภัยภูเบศรยาอมสมุนไพรผสมมะขามป้อม(สูตร1) 40เม็ด,฿8.75
อภัยภูเบศรยาอมสมุนไพรผสมมะขามป้อม(สูตร2) 40เม็ด,฿8.75
อ้วยอัน ขมิ้นชัน 10'S/กล่อง,฿12.5
อัมบิลี่ ยาดม ฉุนฉุน 1ML.,฿25.75
อาปาเช่ เม็ดอมมะขามป้อม(กลิ่นเชอร์รี่)12'Sx25ซอง/กล่อง,฿391.5
ถุงมือ PRO GLOVES (ไซส์ M)20BX/ลัง,฿94
ถุงมือ PRO GLOVES (ไซส์ S)20BX/ลัง,฿94
ถุงมือ PRO GLOVESไซส์ L (ไม่มีแป้ง)20BX/ลัง,฿105
ถุงมือ PRO GLOVESไซส์ M (ไม่มีแป้ง)20BX/ลัง,฿105
ถุงมือ PRO GLOVESไซส์ S (ไม่มีแป้ง)20BX/ลัง,฿105
น้ำมันเขียว ตราแม่กุหลาบ ใหญ่ 20ซีซี,฿78.5
น้ำมันเขียว ตราแม่กุหลาบ ขวดเล็ก 3ซีซี,฿18.5
น้ำมันเหลือง แม่กุหลาบ ใหญ่ 20ซีซี,฿78.5
หน้ากาก NEXT HEALTH 3ชั้น 50'S/BX.(สีชมพู) *P,฿37.5
หน้ากาก NEXT HEALTH 3ชั้น 50'S/BX.(สีดำ) *P,฿37.5
หน้ากาก NEXT HEALTH 3ชั้น 50'S/BX.(สีฟ้า) *P,฿37.5
สำลีม้วน-รถพยาบาล 200G./ม้วน,฿55.5
หน้ากาก NEXT HEALTH N95 30'S(สีขาว),฿87.5
หน้ากากมีวาล์ว N-95 RESCUE GURD 12'S/BX.,฿32.75
หน้ากากอนามัย SOS PLUS 20'S(สีขาว),฿49.75
หน้ากากอนามัย SOS PLUS 20'S(สีฟ้า),฿49.75
อภัยภูเบศรยาอมสมุนไพรผสมมะขามป้อม(สูตร2) 40เม็ด,฿8.75
อีแอล ลูกท้ออบแห้ง ขวดใหญ่(แพ็ค20ขวด),฿18
อภัยภูเบศร มัสคูล สเปรย์ 60ML.(กระดูกไก่ดำ),฿86.5
อภัยภูเบศร สเปยร์ รางจืด 125ML.,"฿99,999"
อภัยภูเบศรยาอมสมุนไพรผสมมะขามป้อม(สูตร1) 40เม็ด,฿8.75
อภัยภูเบศรยาอมสมุนไพรผสมมะขามป้อม(สูตร2) 40เม็ด,฿8.75
อ้วยอัน ขมิ้นชัน 10'S/กล่อง,฿12.5
อัมบิลี่ ยาดม ฉุนฉุน 1ML.,฿25.75
อาปาเช่ เม็ดอมมะขามป้อม(กลิ่นเชอร์รี่)12'Sx25ซอง/กล่อง,฿391.5
น้ำมันเหลือง แม่กุหลาบ ขวดเล็ก 3ซีซี,฿18.5
มิกซ์เจอร์ คาร์มิเนตีฟ 180ซีซี(GPO)ลัง20 CARMI.,฿22
มิกซ์เจอร์ คาร์มิเนตีฟ 450ซีซี(GPO)ลัง12 CARMI.,฿49.5
ยาดมเซียงเพียว กลิ่นยูคาลิปตัส 3ซีซี. (ลูกกลิ้ง),฿35.5
ยาดมเป๊ปเปอร์มินท์ 60'S/BX,฿18.5
ยาดมเป๊ปเปอร์มินท์ แบล็คอินเฮลเลอร์ 60'S/BX.,฿20.25
ยาน้ำมันเลียงผา ตราแม่กุหลาบ เล็ก 3ซีซี(น้ำตาล),฿18.5
ยาน้ำมันเลียงผา ตราแม่กุหลาบ ใหญ่ 20ซีซี(น้ำตาล),฿78.5
หน้ากาก NEXT HEALTH 3ชั้น 50'S/BX.(สีชมพู) *P,฿37.5
หน้ากาก NEXT HEALTH 3ชั้น 50'S/BX.(สีดำ) *P,฿37.5
หน้ากาก NEXT HEALTH 3ชั้น 50'S/BX.(สีฟ้า) *P,฿37.5
สำลีม้วน-รถพยาบาล 200G./ม้วน,฿55.5
หน้ากาก NEXT HEALTH N95 30'S(สีขาว),฿87.5
หน้ากากมีวาล์ว N-95 RESCUE GURD 12'S/BX.,฿32.75
หน้ากากอนามัย SOS PLUS 20'S(สีขาว),฿49.75
หน้ากากอนามัย SOS PLUS 20'S(สีฟ้า),฿49.75
อภัยภูเบศรยาอมสมุนไพรผสมมะขามป้อม(สูตร2) 40เม็ด,฿8.75
อีแอล ลูกท้ออบแห้ง ขวดใหญ่(แพ็ค20ขวด),฿18
อภัยภูเบศร มัสคูล สเปรย์ 60ML.(กระดูกไก่ดำ),฿86.5
อภัยภูเบศร สเปยร์ รางจืด 125ML.,"฿99,999"
อภัยภูเบศรยาอมสมุนไพรผสมมะขามป้อม(สูตร1) 40เม็ด,฿8.75
อภัยภูเบศรยาอมสมุนไพรผสมมะขามป้อม(สูตร2) 40เม็ด,฿8.75
อ้วยอัน ขมิ้นชัน 10'S/กล่อง,฿12.5
อัมบิลี่ ยาดม ฉุนฉุน 1ML.,฿25.75
อาปาเช่ เม็ดอมมะขามป้อม(กลิ่นเชอร์รี่)12'Sx25ซอง/กล่อง,฿391.5
ยาน้ำมันตราวังว่าน 22ซีซี.,฿95
ยาน้ำมันตราวังว่าน 3ซีซี.,฿22.5
ยาน้ำมันตราวังว่าน(สเปรย์) 60CC.,฿135
ยาหม่องเหลือง เซียงเพียว 12G./ขวด(แดง),฿28.5
ยาหม่องขาว เซียงเพียว 12G./ขวด(ขาว),฿22
ยาหม่องตรา วังว่าน 50G,฿102
ยาหม่องตรา วังว่าน 8G.,฿25.5
ยาหอมเม็ดเทพจิตร ห้าม้าโอสถเล็ก 30เม็ด/แพ็ค24ขวด,฿379.5
หน้ากาก NEXT HEALTH 3ชั้น 50'S/BX.(สีชมพู) *P,฿37.5
หน้ากาก NEXT HEALTH 3ชั้น 50'S/BX.(สีดำ) *P,฿37.5
หน้ากาก NEXT HEALTH 3ชั้น 50'S/BX.(สีฟ้า) *P,฿37.5
สำลีม้วน-รถพยาบาล 200G./ม้วน,฿55.5
หน้ากาก NEXT HEALTH N95 30'S(สีขาว),฿87.5
หน้ากากมีวาล์ว N-95 RESCUE GURD 12'S/BX.,฿32.75
หน้ากากอนามัย SOS PLUS 20'S(สีขาว),฿49.75
หน้ากากอนามัย SOS PLUS 20'S(สีฟ้า),฿49.75
อภัยภูเบศรยาอมสมุนไพรผสมมะขามป้อม(สูตร2) 40เม็ด,฿8.75
อีแอล ลูกท้ออบแห้ง ขวดใหญ่(แพ็ค20ขวด),฿18
อภัยภูเบศร มัสคูล สเปรย์ 60ML.(กระดูกไก่ดำ),฿86.5
อภัยภูเบศร สเปยร์ รางจืด 125ML.,"฿99,999"
อภัยภูเบศรยาอมสมุนไพรผสมมะขามป้อม(สูตร1) 40เม็ด,฿8.75
อภัยภูเบศรยาอมสมุนไพรผสมมะขามป้อม(สูตร2) 40เม็ด,฿8.75
อ้วยอัน ขมิ้นชัน 10'S/กล่อง,฿12.5
อัมบิลี่ ยาดม ฉุนฉุน 1ML.,฿25.75
อาปาเช่ เม็ดอมมะขามป้อม(กลิ่นเชอร์รี่)12'Sx25ซอง/กล่อง,฿391.5
อาหารเสริมBLENDERA-MF 2.5KG.(OTSUKA),฿683
